customer_id,customer_name,segment,region,country,signup_date
1,Customer 0001,Consumer,South,UK,2024-10-28
2,Customer 0002,Consumer,North,Singapore,2024-08-19
3,Customer 0003,Consumer,South,India,2023-03-30
4,Customer 0004,Consumer,North,UAE,2023-04-03
5,Customer 0005,SMB,North,India,2023-08-17
6,Customer 0006,SMB,North,UK,2023-02-20
7,Customer 0007,Enterprise,North,UAE,2023-10-24
8,Customer 0008,Consumer,North,Singapore,2024-07-27
9,Customer 0009,SMB,South,India,2024-08-18
10,Customer 0010,SMB,South,Singapore,2023-04-10
11,Customer 0011,Consumer,North,India,2024-09-25
12,Customer 0012,Consumer,West,Singapore,2024-04-21
13,Customer 0013,SMB,West,Singapore,2023-11-03
14,Customer 0014,Consumer,South,UAE,2023-03-25
15,Customer 0015,SMB,West,Singapore,2025-01-16
16,Customer 0016,Consumer,North,India,2024-06-08
17,Customer 0017,Consumer,East,UAE,2024-05-15
18,Customer 0018,Consumer,North,Singapore,2023-12-15
19,Customer 0019,SMB,West,UK,2023-03-12
20,Customer 0020,SMB,East,UK,2024-12-14
21,Customer 0021,SMB,North,Singapore,2024-10-24
22,Customer 0022,SMB,West,Singapore,2025-01-03
23,Customer 0023,Consumer,East,India,2024-04-17
24,Customer 0024,Consumer,North,UK,2023-03-02
25,Customer 0025,Consumer,East,UAE,2025-01-26
26,Customer 0026,Consumer,West,UK,2023-03-24
27,Customer 0027,Consumer,West,Singapore,2023-05-21
28,Customer 0028,SMB,East,UK,2024-01-03
29,Customer 0029,SMB,West,UAE,2023-06-04
30,Customer 0030,Consumer,South,UAE,2024-11-05
31,Customer 0031,Consumer,West,UAE,2023-09-27
32,Customer 0032,Consumer,South,UK,2024-07-01
33,Customer 0033,Consumer,East,UAE,2024-12-08
34,Customer 0034,Enterprise,North,UK,2025-06-10
35,Customer 0035,SMB,West,UK,2024-02-13
36,Customer 0036,Consumer,West,UK,2023-03-05
37,Customer 0037,Consumer,South,UK,2023-06-16
38,Customer 0038,Consumer,North,India,2023-01-01
39,Customer 0039,SMB,North,Singapore,2024-09-20
40,Customer 0040,Consumer,South,UK,2023-06-02
41,Customer 0041,SMB,East,Singapore,2024-04-30
42,Customer 0042,Consumer,West,UK,2024-05-06
43,Customer 0043,Consumer,North,UAE,2023-04-15
44,Customer 0044,SMB,East,UK,2025-04-28
45,Customer 0045,SMB,North,UAE,2024-06-24
46,Customer 0046,Consumer,North,Singapore,2024-10-20
47,Customer 0047,Enterprise,East,Singapore,2023-06-21
48,Customer 0048,Consumer,South,Singapore,2024-10-13
49,Customer 0049,Consumer,South,UAE,2025-04-17
50,Customer 0050,Consumer,South,UAE,2024-06-14
51,Customer 0051,Consumer,North,India,2025-03-20
52,Customer 0052,Consumer,East,UAE,2024-12-10
53,Customer 0053,SMB,East,UK,2025-04-07
54,Customer 0054,Enterprise,East,Singapore,2023-03-24
55,Customer 0055,Consumer,South,UK,2023-07-21
56,Customer 0056,Consumer,West,India,2024-05-05
57,Customer 0057,Enterprise,East,India,2025-05-04
58,Customer 0058,SMB,West,UAE,2024-05-04
59,Customer 0059,Enterprise,West,Singapore,2023-03-30
60,Customer 0060,SMB,West,UK,2024-02-16
61,Customer 0061,SMB,North,UAE,2023-06-24
62,Customer 0062,Enterprise,North,UAE,2024-08-27
63,Customer 0063,Enterprise,South,UK,2024-11-04
64,Customer 0064,Enterprise,South,UAE,2023-01-22
65,Customer 0065,Consumer,North,UAE,2024-03-20
66,Customer 0066,Enterprise,South,UAE,2023-01-29
67,Customer 0067,Consumer,East,UAE,2025-02-21
68,Customer 0068,SMB,East,UK,2025-05-04
69,Customer 0069,Consumer,East,UK,2024-11-09
70,Customer 0070,SMB,West,UAE,2024-06-28
71,Customer 0071,Consumer,North,UK,2025-03-06
72,Customer 0072,Consumer,North,UAE,2023-06-26
73,Customer 0073,Consumer,North,India,2023-11-30
74,Customer 0074,SMB,West,India,2024-07-27
75,Customer 0075,Consumer,South,Singapore,2023-02-13
76,Customer 0076,SMB,West,India,2025-02-17
77,Customer 0077,Enterprise,North,UK,2023-11-30
78,Customer 0078,SMB,South,Singapore,2024-04-08
79,Customer 0079,Consumer,West,UAE,2024-12-16
80,Customer 0080,Consumer,East,UAE,2025-05-10
81,Customer 0081,Consumer,West,India,2024-02-06
82,Customer 0082,Consumer,North,UAE,2024-03-14
83,Customer 0083,Consumer,East,India,2025-03-06
84,Customer 0084,Consumer,East,UAE,2023-09-17
85,Customer 0085,Enterprise,West,UAE,2025-02-03
86,Customer 0086,Enterprise,West,UK,2023-06-16
87,Customer 0087,Enterprise,South,UAE,2024-12-24
88,Customer 0088,Consumer,West,Singapore,2024-03-07
89,Customer 0089,Consumer,East,India,2025-01-09
90,Customer 0090,Consumer,East,UK,2024-03-27
91,Customer 0091,SMB,West,Singapore,2024-06-13
92,Customer 0092,SMB,North,India,2025-03-18
93,Customer 0093,Consumer,North,India,2023-09-29
94,Customer 0094,Consumer,South,Singapore,2025-02-12
95,Customer 0095,Consumer,West,Singapore,2024-02-20
96,Customer 0096,Consumer,West,Singapore,2023-04-02
97,Customer 0097,Consumer,South,UK,2023-03-16
98,Customer 0098,Consumer,North,India,2025-03-31
99,Customer 0099,Consumer,South,India,2023-09-28
100,Customer 0100,Enterprise,West,India,2023-12-14
101,Customer 0101,Enterprise,West,Singapore,2024-09-28
102,Customer 0102,Consumer,South,India,2023-06-15
103,Customer 0103,Consumer,South,UAE,2023-11-16
104,Customer 0104,SMB,South,Singapore,2024-04-01
105,Customer 0105,Consumer,South,Singapore,2023-12-22
106,Customer 0106,SMB,East,India,2023-01-16
107,Customer 0107,Consumer,South,UK,2023-09-09
108,Customer 0108,Enterprise,North,UK,2024-11-03
109,Customer 0109,Consumer,West,Singapore,2024-12-05
110,Customer 0110,Consumer,South,Singapore,2023-07-23
111,Customer 0111,SMB,South,UK,2023-12-22
112,Customer 0112,Enterprise,South,India,2023-03-14
113,Customer 0113,SMB,East,UK,2023-06-17
114,Customer 0114,Consumer,West,Singapore,2024-09-05
115,Customer 0115,Consumer,East,India,2024-04-15
116,Customer 0116,Consumer,East,UK,2023-01-04
117,Customer 0117,Consumer,East,Singapore,2023-09-08
118,Customer 0118,Consumer,East,UAE,2024-01-01
119,Customer 0119,Consumer,East,UK,2023-03-27
120,Customer 0120,Consumer,South,UAE,2024-05-31
121,Customer 0121,SMB,North,Singapore,2025-04-16
122,Customer 0122,Consumer,West,India,2024-02-08
123,Customer 0123,Consumer,East,UAE,2023-03-28
124,Customer 0124,SMB,South,UK,2025-02-21
125,Customer 0125,Consumer,West,UAE,2023-10-18
126,Customer 0126,SMB,South,India,2025-04-24
127,Customer 0127,SMB,West,UAE,2024-06-20
128,Customer 0128,SMB,North,UAE,2023-03-29
129,Customer 0129,Consumer,South,Singapore,2023-04-18
130,Customer 0130,Consumer,West,India,2024-10-04
131,Customer 0131,Consumer,South,UK,2023-09-28
132,Customer 0132,Consumer,North,India,2024-11-06
133,Customer 0133,Consumer,West,Singapore,2025-04-08
134,Customer 0134,Consumer,East,UAE,2025-01-16
135,Customer 0135,SMB,South,UK,2024-05-20
136,Customer 0136,SMB,North,UK,2024-12-01
137,Customer 0137,Consumer,North,UAE,2023-03-21
138,Customer 0138,SMB,East,Singapore,2024-10-29
139,Customer 0139,SMB,East,UAE,2023-01-13
140,Customer 0140,Consumer,West,Singapore,2024-11-19
141,Customer 0141,Consumer,South,UK,2023-10-25
142,Customer 0142,SMB,East,UK,2024-04-22
143,Customer 0143,Consumer,North,UAE,2023-11-16
144,Customer 0144,Enterprise,West,India,2023-10-24
145,Customer 0145,Consumer,West,Singapore,2024-02-01
146,Customer 0146,Consumer,South,India,2024-08-18
147,Customer 0147,Consumer,East,Singapore,2023-05-16
148,Customer 0148,SMB,East,India,2024-12-21
149,Customer 0149,Consumer,West,UK,2024-02-08
150,Customer 0150,Consumer,North,UK,2024-11-28
151,Customer 0151,Consumer,East,UAE,2024-03-02
152,Customer 0152,Consumer,East,India,2025-05-10
153,Customer 0153,Consumer,East,Singapore,2025-05-09
154,Customer 0154,Consumer,South,India,2025-01-27
155,Customer 0155,Consumer,East,India,2024-02-07
156,Customer 0156,Consumer,North,Singapore,2024-03-14
157,Customer 0157,SMB,North,Singapore,2023-04-15
158,Customer 0158,Consumer,East,UAE,2023-09-13
159,Customer 0159,Enterprise,West,Singapore,2023-07-14
160,Customer 0160,SMB,West,India,2025-04-11
161,Customer 0161,SMB,West,UAE,2025-01-06
162,Customer 0162,Consumer,West,UK,2024-09-21
163,Customer 0163,SMB,East,UK,2023-02-20
164,Customer 0164,Enterprise,South,UAE,2024-04-28
165,Customer 0165,Consumer,East,Singapore,2023-09-19
166,Customer 0166,SMB,East,UK,2024-11-02
167,Customer 0167,Consumer,West,UK,2023-05-03
168,Customer 0168,Consumer,South,India,2023-08-01
169,Customer 0169,Consumer,West,UAE,2024-04-08
170,Customer 0170,Enterprise,West,UK,2023-05-23
171,Customer 0171,Consumer,South,India,2023-06-28
172,Customer 0172,Consumer,North,Singapore,2023-09-02
173,Customer 0173,Consumer,South,India,2025-02-06
174,Customer 0174,Enterprise,West,UK,2025-02-02
175,Customer 0175,Consumer,West,Singapore,2023-12-13
176,Customer 0176,SMB,West,Singapore,2024-08-11
177,Customer 0177,Enterprise,South,UAE,2023-04-05
178,Customer 0178,Consumer,South,UK,2024-02-14
179,Customer 0179,SMB,West,Singapore,2025-05-19
180,Customer 0180,SMB,North,UAE,2023-02-03
181,Customer 0181,Consumer,West,UK,2023-01-01
182,Customer 0182,Consumer,West,UK,2023-09-12
183,Customer 0183,SMB,South,UAE,2023-06-05
184,Customer 0184,Consumer,North,UK,2023-03-29
185,Customer 0185,SMB,North,India,2025-03-12
186,Customer 0186,Consumer,North,Singapore,2023-05-12
187,Customer 0187,SMB,West,India,2023-04-12
188,Customer 0188,Consumer,South,UK,2023-09-25
189,Customer 0189,Consumer,North,India,2024-07-04
190,Customer 0190,Consumer,West,Singapore,2023-11-20
191,Customer 0191,SMB,South,UK,2024-06-22
192,Customer 0192,Consumer,South,India,2024-02-26
193,Customer 0193,SMB,East,India,2023-01-23
194,Customer 0194,Consumer,West,India,2023-09-21
195,Customer 0195,Consumer,West,Singapore,2023-08-21
196,Customer 0196,Consumer,East,UK,2024-01-07
197,Customer 0197,SMB,South,India,2025-03-27
198,Customer 0198,Consumer,North,UAE,2024-05-22
199,Customer 0199,Enterprise,East,UAE,2023-08-25
200,Customer 0200,Consumer,East,Singapore,2023-04-22
201,Customer 0201,Enterprise,West,UAE,2023-08-17
202,Customer 0202,Consumer,North,UAE,2024-02-07
203,Customer 0203,Consumer,North,UAE,2024-03-01
204,Customer 0204,Consumer,North,UAE,2024-02-07
205,Customer 0205,Consumer,East,India,2023-03-23
206,Customer 0206,Enterprise,East,UAE,2023-07-09
207,Customer 0207,SMB,West,India,2023-11-16
208,Customer 0208,SMB,West,Singapore,2023-12-06
209,Customer 0209,Consumer,North,India,2023-03-22
210,Customer 0210,Consumer,East,UK,2023-05-07
211,Customer 0211,SMB,South,UK,2024-01-01
212,Customer 0212,SMB,East,UK,2023-03-31
213,Customer 0213,Consumer,West,UAE,2024-01-17
214,Customer 0214,Consumer,West,UAE,2023-11-28
215,Customer 0215,Consumer,West,India,2024-10-08
216,Customer 0216,Consumer,West,India,2024-01-20
217,Customer 0217,Consumer,North,India,2023-09-21
218,Customer 0218,Consumer,North,Singapore,2024-01-07
219,Customer 0219,Consumer,North,Singapore,2025-02-03
220,Customer 0220,SMB,East,Singapore,2023-11-01
221,Customer 0221,Consumer,North,India,2025-04-25
222,Customer 0222,Consumer,West,UK,2025-03-05
223,Customer 0223,Consumer,East,UK,2025-04-14
224,Customer 0224,Consumer,West,UAE,2023-01-09
225,Customer 0225,SMB,East,UAE,2024-09-13
226,Customer 0226,Consumer,East,UK,2024-01-06
227,Customer 0227,SMB,North,UAE,2024-02-06
228,Customer 0228,SMB,South,UK,2023-03-08
229,Customer 0229,SMB,West,Singapore,2023-06-14
230,Customer 0230,Enterprise,North,India,2023-09-29
231,Customer 0231,SMB,South,India,2024-03-07
232,Customer 0232,Consumer,West,UAE,2023-08-28
233,Customer 0233,Consumer,West,UAE,2025-02-04
234,Customer 0234,Consumer,North,Singapore,2023-10-28
235,Customer 0235,Consumer,East,Singapore,2023-09-18
236,Customer 0236,SMB,South,UK,2023-09-11
237,Customer 0237,Consumer,South,UAE,2023-10-16
238,Customer 0238,Enterprise,South,Singapore,2023-03-08
239,Customer 0239,Consumer,South,UAE,2024-10-27
240,Customer 0240,SMB,West,India,2023-04-15
241,Customer 0241,Consumer,South,UK,2024-01-18
242,Customer 0242,Consumer,East,UAE,2023-05-03
243,Customer 0243,Consumer,South,India,2024-01-17
244,Customer 0244,Consumer,South,UK,2024-09-09
245,Customer 0245,Consumer,North,India,2024-10-14
246,Customer 0246,SMB,East,UAE,2023-02-08
247,Customer 0247,Consumer,South,India,2023-07-28
248,Customer 0248,Enterprise,North,UAE,2025-04-14
249,Customer 0249,Consumer,East,UK,2024-11-25
250,Customer 0250,Consumer,East,India,2023-07-28
251,Customer 0251,Consumer,West,UK,2023-03-06
252,Customer 0252,Consumer,West,UAE,2024-10-16
253,Customer 0253,Consumer,South,UK,2024-12-13
254,Customer 0254,Consumer,East,Singapore,2024-03-03
255,Customer 0255,Enterprise,East,Singapore,2024-02-29
256,Customer 0256,Consumer,East,UAE,2024-02-05
257,Customer 0257,SMB,South,India,2024-03-20
258,Customer 0258,Enterprise,West,India,2025-04-20
259,Customer 0259,Consumer,East,UK,2025-03-02
260,Customer 0260,Consumer,North,India,2024-07-18
261,Customer 0261,Consumer,West,India,2024-08-09
262,Customer 0262,SMB,East,UAE,2023-05-30
263,Customer 0263,Consumer,South,UAE,2023-03-10
264,Customer 0264,Consumer,West,UAE,2023-11-05
265,Customer 0265,Consumer,North,UK,2023-11-19
266,Customer 0266,Consumer,West,India,2024-12-30
267,Customer 0267,SMB,South,UAE,2024-09-27
268,Customer 0268,Consumer,South,UK,2023-07-07
269,Customer 0269,SMB,North,UK,2024-06-14
270,Customer 0270,Consumer,East,India,2023-06-03
271,Customer 0271,Consumer,South,India,2024-07-29
272,Customer 0272,SMB,North,Singapore,2023-05-01
273,Customer 0273,Consumer,West,Singapore,2024-10-26
274,Customer 0274,Consumer,South,UK,2024-02-03
275,Customer 0275,SMB,West,UK,2023-07-03
276,Customer 0276,Consumer,West,UK,2023-08-29
277,Customer 0277,Consumer,West,UAE,2025-04-09
278,Customer 0278,Consumer,North,India,2023-05-12
279,Customer 0279,Consumer,East,India,2025-04-01
280,Customer 0280,Consumer,North,India,2024-10-13
281,Customer 0281,Consumer,East,India,2023-02-25
282,Customer 0282,SMB,West,UAE,2023-01-27
283,Customer 0283,Enterprise,North,UAE,2023-05-15
284,Customer 0284,Enterprise,West,Singapore,2025-04-10
285,Customer 0285,Enterprise,South,UAE,2023-03-09
286,Customer 0286,SMB,East,UAE,2023-11-28
287,Customer 0287,Enterprise,East,UK,2023-05-28
288,Customer 0288,Consumer,West,UAE,2024-08-29
289,Customer 0289,Consumer,South,Singapore,2024-01-17
290,Customer 0290,Consumer,South,UK,2023-06-15
291,Customer 0291,SMB,East,Singapore,2024-01-21
292,Customer 0292,Consumer,East,India,2025-02-25
293,Customer 0293,Consumer,East,UK,2024-07-22
294,Customer 0294,Consumer,North,Singapore,2024-07-02
295,Customer 0295,SMB,West,Singapore,2023-09-29
296,Customer 0296,Consumer,East,UAE,2024-01-04
297,Customer 0297,Consumer,North,UK,2023-08-24
298,Customer 0298,Consumer,North,Singapore,2025-04-19
299,Customer 0299,Consumer,East,Singapore,2025-01-20
300,Customer 0300,Consumer,North,UAE,2023-06-02
301,Customer 0301,Consumer,West,UK,2024-06-08
302,Customer 0302,Consumer,North,UAE,2024-05-15
303,Customer 0303,Consumer,North,India,2023-02-25
304,Customer 0304,Consumer,East,Singapore,2023-04-19
305,Customer 0305,Consumer,South,UK,2024-08-20
306,Customer 0306,Consumer,South,UAE,2024-01-11
307,Customer 0307,SMB,West,UAE,2023-05-18
308,Customer 0308,Consumer,South,UAE,2024-04-06
309,Customer 0309,Consumer,South,Singapore,2024-02-16
310,Customer 0310,SMB,North,India,2024-10-22
311,Customer 0311,SMB,East,UK,2024-09-08
312,Customer 0312,Enterprise,West,UAE,2023-06-19
313,Customer 0313,Enterprise,North,India,2024-06-28
314,Customer 0314,Consumer,South,UAE,2023-06-13
315,Customer 0315,Consumer,North,India,2024-09-19
316,Customer 0316,SMB,South,UAE,2024-02-28
317,Customer 0317,Consumer,West,UAE,2024-06-04
318,Customer 0318,Consumer,East,India,2025-01-11
319,Customer 0319,SMB,North,UK,2025-05-14
320,Customer 0320,Consumer,West,India,2025-01-29
321,Customer 0321,SMB,South,UAE,2023-04-18
322,Customer 0322,Consumer,North,India,2023-12-10
323,Customer 0323,Enterprise,East,India,2023-09-30
324,Customer 0324,SMB,West,Singapore,2023-10-30
325,Customer 0325,SMB,South,India,2024-06-03
326,Customer 0326,Consumer,East,UAE,2025-05-11
327,Customer 0327,SMB,South,Singapore,2023-07-16
328,Customer 0328,Enterprise,East,UAE,2024-01-24
329,Customer 0329,Enterprise,West,UK,2025-05-09
330,Customer 0330,Consumer,North,India,2024-03-23
331,Customer 0331,Enterprise,South,Singapore,2025-03-19
332,Customer 0332,Consumer,North,UAE,2023-05-29
333,Customer 0333,Consumer,North,India,2024-09-28
334,Customer 0334,Enterprise,East,UAE,2024-12-18
335,Customer 0335,Consumer,North,UAE,2024-12-10
336,Customer 0336,SMB,North,India,2025-01-24
337,Customer 0337,Consumer,East,UAE,2025-04-17
338,Customer 0338,Enterprise,North,UK,2023-04-20
339,Customer 0339,Consumer,South,India,2023-02-04
340,Customer 0340,Consumer,North,Singapore,2024-05-03
341,Customer 0341,Consumer,North,UAE,2023-10-29
342,Customer 0342,Consumer,West,Singapore,2023-01-22
343,Customer 0343,Consumer,East,India,2025-01-02
344,Customer 0344,SMB,East,UK,2025-05-21
345,Customer 0345,Consumer,North,UK,2023-02-01
346,Customer 0346,Consumer,North,Singapore,2024-04-25
347,Customer 0347,SMB,South,India,2024-08-11
348,Customer 0348,SMB,South,UK,2023-01-02
349,Customer 0349,Consumer,East,India,2023-01-05
350,Customer 0350,Consumer,North,UK,2024-12-12
351,Customer 0351,SMB,South,UK,2024-08-29
352,Customer 0352,Consumer,East,UAE,2023-10-18
353,Customer 0353,SMB,South,UK,2023-06-19
354,Customer 0354,Consumer,North,UK,2025-03-17
355,Customer 0355,Enterprise,North,Singapore,2023-12-31
356,Customer 0356,Consumer,West,India,2024-03-08
357,Customer 0357,Enterprise,North,Singapore,2023-07-31
358,Customer 0358,Consumer,West,UAE,2024-01-24
359,Customer 0359,Enterprise,South,UK,2023-05-10
360,Customer 0360,Consumer,North,Singapore,2024-08-18
361,Customer 0361,Consumer,South,UK,2024-11-08
362,Customer 0362,SMB,East,UAE,2024-04-19
363,Customer 0363,Consumer,East,UAE,2023-05-10
364,Customer 0364,Consumer,South,UAE,2023-10-01
365,Customer 0365,Consumer,South,UAE,2023-09-11
366,Customer 0366,SMB,East,UAE,2023-08-30
367,Customer 0367,Consumer,South,Singapore,2025-01-16
368,Customer 0368,Enterprise,South,India,2023-07-20
369,Customer 0369,Consumer,South,Singapore,2025-01-20
370,Customer 0370,Consumer,East,UAE,2023-04-22
371,Customer 0371,SMB,North,Singapore,2023-07-31
372,Customer 0372,Enterprise,West,India,2023-01-13
373,Customer 0373,Consumer,West,UAE,2024-05-27
374,Customer 0374,Enterprise,East,UK,2023-01-23
375,Customer 0375,Consumer,West,India,2025-01-28
376,Customer 0376,Consumer,West,UK,2025-05-16
377,Customer 0377,Consumer,South,UAE,2024-10-18
378,Customer 0378,Consumer,West,Singapore,2023-09-24
379,Customer 0379,SMB,North,UK,2023-09-06
380,Customer 0380,SMB,South,Singapore,2025-05-19
381,Customer 0381,Consumer,West,India,2024-09-28
382,Customer 0382,Enterprise,South,Singapore,2025-03-07
383,Customer 0383,Consumer,West,India,2023-02-09
384,Customer 0384,Consumer,South,UAE,2025-01-03
385,Customer 0385,SMB,South,Singapore,2023-04-14
386,Customer 0386,SMB,West,UAE,2025-01-04
387,Customer 0387,Consumer,North,Singapore,2024-06-18
388,Customer 0388,Consumer,West,UAE,2024-12-01
389,Customer 0389,Consumer,North,Singapore,2024-10-14
390,Customer 0390,Consumer,East,UK,2024-02-14
391,Customer 0391,Consumer,North,UK,2024-03-06
392,Customer 0392,SMB,East,Singapore,2023-04-22
393,Customer 0393,Consumer,West,UAE,2025-03-31
394,Customer 0394,Enterprise,West,UAE,2023-06-18
395,Customer 0395,Consumer,North,UAE,2024-04-25
396,Customer 0396,SMB,South,UAE,2023-12-28
397,Customer 0397,SMB,West,UK,2023-10-29
398,Customer 0398,SMB,South,UK,2023-12-30
399,Customer 0399,SMB,South,Singapore,2024-12-22
400,Customer 0400,Consumer,East,UK,2024-11-26
401,Customer 0401,Consumer,North,Singapore,2024-01-02
402,Customer 0402,Consumer,East,Singapore,2024-05-06
403,Customer 0403,Consumer,North,Singapore,2023-06-06
404,Customer 0404,Enterprise,West,India,2023-03-29
405,Customer 0405,SMB,East,UAE,2024-06-27
406,Customer 0406,SMB,North,India,2023-08-03
407,Customer 0407,Enterprise,East,Singapore,2024-09-14
408,Customer 0408,Consumer,South,UAE,2023-07-10
409,Customer 0409,SMB,East,UAE,2023-08-02
410,Customer 0410,Enterprise,South,India,2024-11-15
411,Customer 0411,Enterprise,East,UAE,2024-05-21
412,Customer 0412,SMB,North,UK,2024-11-18
413,Customer 0413,Enterprise,North,Singapore,2024-03-05
414,Customer 0414,Consumer,South,UK,2024-05-19
415,Customer 0415,SMB,West,UK,2023-05-28
416,Customer 0416,SMB,South,UK,2023-06-18
417,Customer 0417,Consumer,North,UAE,2025-05-10
418,Customer 0418,Consumer,West,Singapore,2025-05-10
419,Customer 0419,Consumer,West,UK,2024-11-23
420,Customer 0420,Consumer,East,India,2023-01-22
421,Customer 0421,SMB,East,India,2024-06-06
422,Customer 0422,Consumer,South,India,2023-08-07
423,Customer 0423,SMB,South,Singapore,2023-04-07
424,Customer 0424,Enterprise,East,Singapore,2024-04-30
425,Customer 0425,SMB,South,Singapore,2024-03-21
426,Customer 0426,Consumer,East,India,2025-04-26
427,Customer 0427,Consumer,East,UK,2024-02-18
428,Customer 0428,Consumer,East,Singapore,2023-07-28
429,Customer 0429,SMB,North,Singapore,2023-07-16
430,Customer 0430,Consumer,East,UAE,2024-08-23
431,Customer 0431,Enterprise,North,India,2024-02-13
432,Customer 0432,SMB,West,India,2024-02-13
433,Customer 0433,Consumer,North,India,2023-07-14
434,Customer 0434,SMB,West,India,2025-03-18
435,Customer 0435,Consumer,West,UAE,2024-10-03
436,Customer 0436,SMB,North,UAE,2023-02-10
437,Customer 0437,SMB,West,UAE,2023-04-14
438,Customer 0438,SMB,North,UK,2025-03-04
439,Customer 0439,Consumer,North,Singapore,2025-06-11
440,Customer 0440,SMB,East,Singapore,2025-06-02
441,Customer 0441,Consumer,West,India,2023-11-23
442,Customer 0442,Consumer,North,UK,2024-08-04
443,Customer 0443,Consumer,North,UK,2024-08-12
444,Customer 0444,SMB,West,UK,2023-03-10
445,Customer 0445,Consumer,West,UAE,2024-05-01
446,Customer 0446,SMB,North,India,2024-10-21
447,Customer 0447,Consumer,South,India,2024-03-13
448,Customer 0448,Consumer,North,India,2023-08-12
449,Customer 0449,Enterprise,South,UK,2023-01-19
450,Customer 0450,Consumer,South,UK,2025-01-21
451,Customer 0451,SMB,North,Singapore,2025-03-03
452,Customer 0452,SMB,South,India,2023-10-28
453,Customer 0453,SMB,West,UK,2024-11-16
454,Customer 0454,Enterprise,East,India,2025-01-04
455,Customer 0455,Consumer,North,India,2024-10-28
456,Customer 0456,SMB,North,UK,2023-11-15
457,Customer 0457,Consumer,South,UK,2024-09-15
458,Customer 0458,Consumer,East,UK,2024-04-26
459,Customer 0459,SMB,South,India,2024-01-07
460,Customer 0460,Enterprise,South,UK,2024-05-03
461,Customer 0461,Consumer,West,Singapore,2025-03-14
462,Customer 0462,SMB,East,Singapore,2023-10-14
463,Customer 0463,Consumer,East,India,2025-05-01
464,Customer 0464,Consumer,East,UK,2023-09-10
465,Customer 0465,Consumer,West,UAE,2025-04-06
466,Customer 0466,Consumer,North,Singapore,2023-09-27
467,Customer 0467,Consumer,South,India,2023-10-23
468,Customer 0468,SMB,South,Singapore,2025-05-21
469,Customer 0469,SMB,West,Singapore,2024-07-01
470,Customer 0470,Consumer,West,UK,2023-07-25
471,Customer 0471,SMB,South,Singapore,2024-09-13
472,Customer 0472,Consumer,West,UK,2024-12-26
473,Customer 0473,Consumer,East,India,2025-03-21
474,Customer 0474,Consumer,North,Singapore,2025-03-01
475,Customer 0475,Consumer,West,Singapore,2025-05-03
476,Customer 0476,Consumer,West,UAE,2023-07-13
477,Customer 0477,Consumer,North,UAE,2025-04-05
478,Customer 0478,SMB,East,Singapore,2024-02-17
479,Customer 0479,SMB,South,UAE,2023-02-15
480,Customer 0480,Enterprise,West,Singapore,2025-06-06
481,Customer 0481,Consumer,West,India,2023-06-09
482,Customer 0482,Consumer,North,Singapore,2023-10-15
483,Customer 0483,Consumer,North,India,2023-02-04
484,Customer 0484,Consumer,West,UAE,2023-09-25
485,Customer 0485,Enterprise,East,UK,2023-04-10
486,Customer 0486,Enterprise,South,Singapore,2025-05-13
487,Customer 0487,Consumer,South,UAE,2024-01-23
488,Customer 0488,Consumer,North,India,2024-07-24
489,Customer 0489,Consumer,West,UK,2025-05-15
490,Customer 0490,Enterprise,North,UK,2023-05-03
491,Customer 0491,SMB,North,Singapore,2023-11-23
492,Customer 0492,SMB,North,UK,2023-07-07
493,Customer 0493,Consumer,South,Singapore,2023-08-29
494,Customer 0494,Enterprise,South,UAE,2023-02-09
495,Customer 0495,Enterprise,East,India,2024-07-20
496,Customer 0496,Enterprise,North,Singapore,2025-03-16
497,Customer 0497,Consumer,West,India,2023-04-14
498,Customer 0498,Consumer,North,UAE,2024-11-24
499,Customer 0499,SMB,West,India,2024-04-27
500,Customer 0500,Consumer,East,UK,2023-05-08
501,Customer 0501,Consumer,West,UAE,2024-03-27
502,Customer 0502,Consumer,South,India,2024-04-24
503,Customer 0503,SMB,South,India,2023-06-10
504,Customer 0504,Enterprise,South,India,2024-09-25
505,Customer 0505,Enterprise,South,UK,2023-04-10
506,Customer 0506,Enterprise,West,India,2024-10-05
507,Customer 0507,Consumer,East,Singapore,2025-04-22
508,Customer 0508,Consumer,North,Singapore,2023-05-27
509,Customer 0509,Consumer,North,UAE,2024-12-31
510,Customer 0510,Consumer,South,UK,2025-06-10
511,Customer 0511,Consumer,West,UK,2023-09-10
512,Customer 0512,Consumer,East,Singapore,2023-12-09
513,Customer 0513,SMB,East,UK,2023-04-22
514,Customer 0514,Consumer,West,India,2023-06-07
515,Customer 0515,Enterprise,North,UAE,2024-07-27
516,Customer 0516,Consumer,East,India,2023-09-21
517,Customer 0517,SMB,East,UK,2023-09-25
518,Customer 0518,Enterprise,South,India,2024-02-04
519,Customer 0519,Consumer,South,India,2025-05-02
520,Customer 0520,SMB,East,UAE,2024-10-17
521,Customer 0521,Consumer,East,UAE,2024-03-29
522,Customer 0522,Consumer,East,UAE,2024-01-04
523,Customer 0523,Consumer,West,UAE,2023-10-11
524,Customer 0524,SMB,South,UAE,2024-06-18
525,Customer 0525,SMB,South,UAE,2024-09-07
526,Customer 0526,Consumer,North,UK,2025-02-18
527,Customer 0527,Consumer,South,UAE,2024-09-19
528,Customer 0528,SMB,South,Singapore,2023-07-27
529,Customer 0529,Consumer,West,India,2024-06-14
530,Customer 0530,SMB,East,Singapore,2025-05-12
531,Customer 0531,SMB,West,India,2023-01-16
532,Customer 0532,Consumer,West,UAE,2025-06-11
533,Customer 0533,SMB,South,UAE,2024-07-30
534,Customer 0534,SMB,East,India,2023-06-17
535,Customer 0535,SMB,North,Singapore,2024-06-16
536,Customer 0536,Enterprise,North,India,2024-01-01
537,Customer 0537,SMB,East,UK,2024-08-13
538,Customer 0538,SMB,North,Singapore,2025-06-12
539,Customer 0539,Consumer,West,UK,2024-06-09
540,Customer 0540,Consumer,South,India,2023-09-07
541,Customer 0541,Enterprise,South,UAE,2023-06-21
542,Customer 0542,Consumer,East,India,2023-01-20
543,Customer 0543,Consumer,South,Singapore,2023-01-19
544,Customer 0544,SMB,West,UAE,2024-12-20
545,Customer 0545,Consumer,East,India,2025-01-04
546,Customer 0546,Consumer,East,India,2024-04-21
547,Customer 0547,Consumer,East,India,2023-05-05
548,Customer 0548,Consumer,South,UAE,2025-05-31
549,Customer 0549,Consumer,West,UK,2023-06-18
550,Customer 0550,Enterprise,North,UK,2024-12-11
551,Customer 0551,Consumer,North,UK,2023-02-23
552,Customer 0552,SMB,East,UK,2023-09-04
553,Customer 0553,SMB,West,Singapore,2025-04-14
554,Customer 0554,Consumer,North,Singapore,2024-06-13
555,Customer 0555,Consumer,East,UAE,2025-06-10
556,Customer 0556,Consumer,North,Singapore,2023-04-22
557,Customer 0557,Consumer,North,Singapore,2024-03-19
558,Customer 0558,Consumer,North,UAE,2023-05-23
559,Customer 0559,Consumer,West,UK,2024-10-10
560,Customer 0560,Consumer,North,India,2025-06-05
561,Customer 0561,SMB,East,Singapore,2024-10-05
562,Customer 0562,Consumer,North,India,2023-09-14
563,Customer 0563,Consumer,North,UK,2023-08-31
564,Customer 0564,Enterprise,East,India,2023-11-09
565,Customer 0565,Consumer,South,India,2023-03-03
566,Customer 0566,SMB,East,India,2024-04-22
567,Customer 0567,SMB,South,UK,2023-05-07
568,Customer 0568,Consumer,East,UK,2024-08-14
569,Customer 0569,Consumer,South,India,2025-01-28
570,Customer 0570,Consumer,West,UAE,2024-10-27
571,Customer 0571,Consumer,East,UK,2024-07-15
572,Customer 0572,Consumer,West,UK,2025-04-18
573,Customer 0573,Consumer,South,Singapore,2023-08-15
574,Customer 0574,Consumer,West,UK,2023-01-13
575,Customer 0575,Enterprise,South,UAE,2023-11-28
576,Customer 0576,SMB,West,Singapore,2023-10-19
577,Customer 0577,Enterprise,South,Singapore,2023-02-28
578,Customer 0578,SMB,South,India,2024-09-12
579,Customer 0579,Enterprise,West,India,2024-06-13
580,Customer 0580,Consumer,West,Singapore,2025-01-23
581,Customer 0581,SMB,South,UAE,2024-03-02
582,Customer 0582,Consumer,East,UAE,2024-11-22
583,Customer 0583,Consumer,East,India,2025-01-26
584,Customer 0584,Enterprise,West,Singapore,2025-03-14
585,Customer 0585,SMB,South,UK,2025-06-10
586,Customer 0586,Consumer,West,India,2024-05-24
587,Customer 0587,Consumer,South,UK,2025-05-20
588,Customer 0588,SMB,North,UK,2025-05-22
589,Customer 0589,Consumer,West,Singapore,2025-01-10
590,Customer 0590,Consumer,East,UK,2024-06-22
591,Customer 0591,SMB,West,Singapore,2023-01-07
592,Customer 0592,SMB,West,UK,2024-03-30
593,Customer 0593,Consumer,East,UAE,2024-03-22
594,Customer 0594,SMB,South,India,2025-04-21
595,Customer 0595,Enterprise,East,UAE,2023-11-30
596,Customer 0596,Consumer,West,India,2023-01-27
597,Customer 0597,Consumer,West,Singapore,2024-07-03
598,Customer 0598,SMB,West,UK,2024-02-03
599,Customer 0599,Consumer,North,Singapore,2024-04-08
600,Customer 0600,Enterprise,North,UAE,2023-04-12
601,Customer 0601,Consumer,West,UAE,2025-06-19
602,Customer 0602,Consumer,West,UK,2024-02-16
603,Customer 0603,Consumer,East,India,2023-06-24
604,Customer 0604,Consumer,East,India,2025-04-25
605,Customer 0605,Consumer,South,India,2024-11-02
606,Customer 0606,Enterprise,East,UK,2024-10-08
607,Customer 0607,Consumer,East,UAE,2024-06-01
608,Customer 0608,Enterprise,West,UAE,2023-03-03
609,Customer 0609,SMB,North,Singapore,2024-08-06
610,Customer 0610,Enterprise,North,UK,2023-01-11
611,Customer 0611,SMB,East,India,2023-11-08
612,Customer 0612,Consumer,North,India,2024-11-15
613,Customer 0613,Consumer,South,UK,2025-02-26
614,Customer 0614,SMB,East,UAE,2024-08-11
615,Customer 0615,Consumer,North,UAE,2023-06-10
616,Customer 0616,Consumer,North,India,2023-04-13
617,Customer 0617,Consumer,West,UK,2024-09-19
618,Customer 0618,Consumer,North,India,2024-12-01
619,Customer 0619,SMB,East,UAE,2025-01-02
620,Customer 0620,Consumer,East,UAE,2023-02-03
621,Customer 0621,Consumer,North,India,2023-12-24
622,Customer 0622,Consumer,West,India,2023-02-25
623,Customer 0623,Consumer,West,India,2024-03-26
624,Customer 0624,Consumer,South,UAE,2023-08-17
625,Customer 0625,Consumer,South,Singapore,2023-01-07
626,Customer 0626,Enterprise,West,Singapore,2024-03-04
627,Customer 0627,SMB,West,India,2023-09-06
628,Customer 0628,SMB,South,UK,2023-11-13
629,Customer 0629,Consumer,West,India,2025-03-22
630,Customer 0630,Enterprise,North,UAE,2023-06-24
631,Customer 0631,Consumer,South,India,2023-10-25
632,Customer 0632,Consumer,East,India,2023-12-10
633,Customer 0633,Consumer,West,Singapore,2024-02-17
634,Customer 0634,SMB,North,UK,2025-04-25
635,Customer 0635,Enterprise,South,UK,2023-07-15
636,Customer 0636,Consumer,East,UAE,2024-03-22
637,Customer 0637,Consumer,North,Singapore,2025-04-04
638,Customer 0638,Consumer,South,India,2023-07-21
639,Customer 0639,Consumer,South,UK,2024-04-23
640,Customer 0640,SMB,South,UAE,2024-01-12
641,Customer 0641,Consumer,West,UK,2024-10-06
642,Customer 0642,Enterprise,South,Singapore,2024-05-02
643,Customer 0643,Consumer,South,UK,2024-11-22
644,Customer 0644,Consumer,East,UK,2024-08-24
645,Customer 0645,Enterprise,South,UK,2024-09-14
646,Customer 0646,Consumer,South,India,2024-11-25
647,Customer 0647,Consumer,East,UK,2023-01-30
648,Customer 0648,SMB,South,Singapore,2023-01-16
649,Customer 0649,Consumer,North,UAE,2025-03-05
650,Customer 0650,Enterprise,East,UAE,2024-11-09
651,Customer 0651,Enterprise,North,Singapore,2025-04-04
652,Customer 0652,Consumer,East,UAE,2023-03-09
653,Customer 0653,SMB,North,UAE,2023-10-23
654,Customer 0654,Consumer,West,Singapore,2023-12-31
655,Customer 0655,Consumer,West,UAE,2023-10-11
656,Customer 0656,Consumer,East,Singapore,2024-02-27
657,Customer 0657,Consumer,West,UAE,2025-05-17
658,Customer 0658,Consumer,North,UAE,2023-10-26
659,Customer 0659,Consumer,South,India,2024-02-19
660,Customer 0660,Consumer,South,UK,2023-07-22
661,Customer 0661,SMB,South,UK,2025-01-26
662,Customer 0662,Consumer,East,UAE,2024-08-01
663,Customer 0663,SMB,West,Singapore,2024-03-21
664,Customer 0664,SMB,East,India,2023-04-25
665,Customer 0665,SMB,East,India,2025-06-15
666,Customer 0666,Enterprise,North,UAE,2024-11-28
667,Customer 0667,Consumer,East,UAE,2025-03-06
668,Customer 0668,Enterprise,North,UK,2024-12-12
669,Customer 0669,SMB,South,Singapore,2024-06-23
670,Customer 0670,Consumer,West,UK,2023-12-15
671,Customer 0671,SMB,West,India,2024-11-23
672,Customer 0672,SMB,West,UAE,2024-05-16
673,Customer 0673,SMB,North,Singapore,2023-06-28
674,Customer 0674,Consumer,South,Singapore,2023-09-13
675,Customer 0675,Enterprise,South,Singapore,2023-12-22
676,Customer 0676,Consumer,South,Singapore,2023-05-21
677,Customer 0677,Consumer,West,UK,2023-09-01
678,Customer 0678,SMB,North,UK,2023-05-17
679,Customer 0679,Enterprise,East,Singapore,2023-05-17
680,Customer 0680,Enterprise,South,UAE,2023-12-08
681,Customer 0681,SMB,North,UK,2025-02-17
682,Customer 0682,Enterprise,South,UK,2025-05-09
683,Customer 0683,SMB,South,India,2024-12-07
684,Customer 0684,Consumer,East,UK,2023-07-31
685,Customer 0685,Consumer,East,Singapore,2023-07-21
686,Customer 0686,Consumer,East,UK,2023-04-26
687,Customer 0687,Consumer,West,UK,2024-08-05
688,Customer 0688,Consumer,South,India,2023-02-16
689,Customer 0689,Consumer,West,India,2025-02-04
690,Customer 0690,SMB,East,India,2024-10-22
691,Customer 0691,Consumer,West,UK,2023-07-14
692,Customer 0692,SMB,East,India,2024-01-03
693,Customer 0693,Enterprise,East,Singapore,2024-10-30
694,Customer 0694,Consumer,South,India,2023-01-26
695,Customer 0695,SMB,South,Singapore,2024-01-12
696,Customer 0696,Consumer,South,India,2025-03-14
697,Customer 0697,SMB,East,Singapore,2024-01-24
698,Customer 0698,Consumer,East,Singapore,2023-08-24
699,Customer 0699,Consumer,East,Singapore,2023-09-03
700,Customer 0700,Consumer,North,UK,2023-02-21
701,Customer 0701,Enterprise,West,UK,2024-05-26
702,Customer 0702,SMB,East,India,2023-05-26
703,Customer 0703,SMB,South,UAE,2024-03-29
704,Customer 0704,SMB,West,India,2023-02-10
705,Customer 0705,Enterprise,West,UAE,2023-08-12
706,Customer 0706,SMB,North,India,2025-05-11
707,Customer 0707,SMB,West,UAE,2023-10-18
708,Customer 0708,Consumer,North,UK,2023-12-13
709,Customer 0709,Consumer,North,UAE,2025-01-12
710,Customer 0710,Consumer,East,India,2024-03-29
711,Customer 0711,SMB,East,UAE,2024-04-25
712,Customer 0712,Consumer,East,UK,2024-03-14
713,Customer 0713,Enterprise,South,UK,2024-09-15
714,Customer 0714,SMB,North,Singapore,2024-09-15
715,Customer 0715,SMB,West,Singapore,2024-05-07
716,Customer 0716,SMB,South,Singapore,2025-06-05
717,Customer 0717,Consumer,North,UAE,2023-08-16
718,Customer 0718,SMB,West,India,2023-05-31
719,Customer 0719,SMB,East,UK,2024-01-04
720,Customer 0720,Consumer,West,UK,2023-09-25
721,Customer 0721,Consumer,South,UAE,2024-07-15
722,Customer 0722,SMB,South,Singapore,2024-10-27
723,Customer 0723,Consumer,East,UK,2023-08-21
724,Customer 0724,SMB,South,India,2025-01-23
725,Customer 0725,Consumer,North,UK,2024-11-26
726,Customer 0726,Consumer,West,UAE,2025-06-03
727,Customer 0727,Consumer,North,India,2024-04-16
728,Customer 0728,SMB,West,UAE,2023-07-16
729,Customer 0729,SMB,North,UAE,2024-01-18
730,Customer 0730,SMB,North,UK,2023-08-31
731,Customer 0731,Consumer,North,India,2024-12-19
732,Customer 0732,SMB,South,UK,2023-11-04
733,Customer 0733,Consumer,South,UK,2023-03-31
734,Customer 0734,SMB,South,India,2025-01-15
735,Customer 0735,Enterprise,South,Singapore,2025-02-02
736,Customer 0736,SMB,North,Singapore,2023-05-06
737,Customer 0737,Consumer,East,UK,2023-02-14
738,Customer 0738,SMB,East,India,2023-12-31
739,Customer 0739,Consumer,North,India,2024-11-22
740,Customer 0740,Consumer,East,UAE,2024-12-11
741,Customer 0741,Consumer,West,India,2025-03-21
742,Customer 0742,Consumer,North,India,2025-03-30
743,Customer 0743,Consumer,South,Singapore,2025-06-13
744,Customer 0744,SMB,West,UAE,2024-08-25
745,Customer 0745,Enterprise,East,UK,2023-01-15
746,Customer 0746,Consumer,South,UK,2024-05-28
747,Customer 0747,Consumer,North,India,2023-03-18
748,Customer 0748,Consumer,West,UK,2023-06-12
749,Customer 0749,SMB,West,UK,2023-08-23
750,Customer 0750,Enterprise,North,Singapore,2023-12-04
751,Customer 0751,Consumer,East,UAE,2024-08-26
752,Customer 0752,SMB,South,UAE,2025-04-18
753,Customer 0753,Consumer,West,Singapore,2024-08-13
754,Customer 0754,Consumer,East,Singapore,2023-01-07
755,Customer 0755,Consumer,West,Singapore,2023-08-21
756,Customer 0756,Consumer,West,India,2024-10-08
757,Customer 0757,Consumer,South,Singapore,2024-01-29
758,Customer 0758,Consumer,East,Singapore,2024-08-05
759,Customer 0759,SMB,South,India,2024-07-28
760,Customer 0760,Enterprise,North,UAE,2025-03-03
761,Customer 0761,Consumer,North,Singapore,2025-03-21
762,Customer 0762,Consumer,South,UAE,2024-11-28
763,Customer 0763,Consumer,East,Singapore,2024-06-05
764,Customer 0764,Enterprise,South,Singapore,2025-06-12
765,Customer 0765,SMB,West,Singapore,2023-03-03
766,Customer 0766,SMB,East,UK,2024-05-30
767,Customer 0767,Consumer,South,UAE,2023-12-24
768,Customer 0768,Consumer,South,India,2025-06-10
769,Customer 0769,SMB,West,UK,2024-02-10
770,Customer 0770,SMB,East,UAE,2024-08-23
771,Customer 0771,Consumer,East,Singapore,2023-09-16
772,Customer 0772,SMB,East,India,2023-07-14
773,Customer 0773,SMB,North,UAE,2023-11-08
774,Customer 0774,SMB,West,Singapore,2025-03-04
775,Customer 0775,SMB,North,UK,2023-11-23
776,Customer 0776,Enterprise,East,Singapore,2024-07-13
777,Customer 0777,Consumer,South,Singapore,2023-08-31
778,Customer 0778,SMB,South,India,2024-02-14
779,Customer 0779,Consumer,East,India,2023-07-21
780,Customer 0780,Consumer,North,UAE,2024-09-07
781,Customer 0781,Consumer,North,Singapore,2025-01-06
782,Customer 0782,Consumer,South,Singapore,2024-07-03
783,Customer 0783,SMB,North,Singapore,2023-01-29
784,Customer 0784,Consumer,East,India,2024-10-26
785,Customer 0785,Consumer,East,UAE,2023-02-28
786,Customer 0786,Enterprise,North,India,2024-10-03
787,Customer 0787,SMB,West,UK,2023-09-21
788,Customer 0788,Enterprise,North,India,2023-11-21
789,Customer 0789,SMB,East,India,2024-03-01
790,Customer 0790,SMB,East,UAE,2023-04-06
791,Customer 0791,Consumer,South,UAE,2024-06-26
792,Customer 0792,SMB,North,Singapore,2025-04-13
793,Customer 0793,Consumer,East,UAE,2024-11-04
794,Customer 0794,Enterprise,East,UAE,2025-01-28
795,Customer 0795,SMB,West,India,2025-03-05
796,Customer 0796,SMB,West,Singapore,2024-01-06
797,Customer 0797,Consumer,East,UAE,2023-09-16
798,Customer 0798,Consumer,West,India,2024-11-02
799,Customer 0799,SMB,East,UAE,2024-10-05
800,Customer 0800,Consumer,North,India,2024-10-01
801,Customer 0801,Consumer,North,UAE,2024-07-22
802,Customer 0802,SMB,East,Singapore,2025-01-25
803,Customer 0803,Consumer,South,UAE,2024-06-25
804,Customer 0804,Consumer,South,UK,2025-05-30
805,Customer 0805,Consumer,East,UK,2024-04-16
806,Customer 0806,Consumer,North,India,2024-11-06
807,Customer 0807,SMB,North,UK,2024-11-21
808,Customer 0808,Enterprise,North,UAE,2024-07-31
809,Customer 0809,Consumer,West,UAE,2023-02-01
810,Customer 0810,Consumer,East,UK,2023-09-05
811,Customer 0811,Consumer,South,Singapore,2025-02-16
812,Customer 0812,Consumer,East,Singapore,2025-06-19
813,Customer 0813,Enterprise,South,UAE,2024-05-03
814,Customer 0814,Enterprise,East,UAE,2025-04-22
815,Customer 0815,Consumer,North,Singapore,2023-01-05
816,Customer 0816,Consumer,South,UAE,2023-11-24
817,Customer 0817,SMB,West,UAE,2024-08-16
818,Customer 0818,Consumer,South,Singapore,2023-02-17
819,Customer 0819,SMB,West,UAE,2024-03-21
820,Customer 0820,Enterprise,East,India,2025-04-04
821,Customer 0821,Consumer,North,UAE,2023-11-06
822,Customer 0822,Consumer,East,India,2025-02-08
823,Customer 0823,Consumer,West,India,2024-02-29
824,Customer 0824,Consumer,West,Singapore,2023-02-03
825,Customer 0825,SMB,South,India,2023-02-08
826,Customer 0826,Consumer,South,UK,2024-12-16
827,Customer 0827,Consumer,North,India,2023-11-21
828,Customer 0828,Consumer,North,India,2024-05-14
829,Customer 0829,Enterprise,West,India,2023-07-03
830,Customer 0830,Consumer,South,India,2024-06-26
831,Customer 0831,Consumer,West,India,2023-12-24
832,Customer 0832,Enterprise,South,India,2023-10-07
833,Customer 0833,SMB,North,Singapore,2023-10-03
834,Customer 0834,Consumer,North,UAE,2024-06-04
835,Customer 0835,Consumer,East,Singapore,2023-01-11
836,Customer 0836,Consumer,North,UK,2024-07-11
837,Customer 0837,Consumer,East,UK,2025-06-14
838,Customer 0838,SMB,East,UK,2024-03-08
839,Customer 0839,Consumer,West,UK,2023-06-04
840,Customer 0840,Consumer,West,UK,2025-04-03
841,Customer 0841,Consumer,North,UAE,2024-09-14
842,Customer 0842,Consumer,East,UK,2023-09-04
843,Customer 0843,SMB,North,India,2025-05-13
844,Customer 0844,SMB,North,India,2024-02-20
845,Customer 0845,SMB,East,UK,2024-07-16
846,Customer 0846,SMB,West,India,2024-04-29
847,Customer 0847,SMB,West,Singapore,2024-08-29
848,Customer 0848,Consumer,West,UAE,2025-04-24
849,Customer 0849,SMB,West,Singapore,2024-12-30
850,Customer 0850,Consumer,East,Singapore,2023-03-15
851,Customer 0851,SMB,South,Singapore,2023-09-26
852,Customer 0852,Enterprise,West,Singapore,2024-06-18
853,Customer 0853,SMB,South,UAE,2023-03-09
854,Customer 0854,Enterprise,East,UAE,2024-06-24
855,Customer 0855,Consumer,East,UAE,2024-11-20
856,Customer 0856,Consumer,West,UAE,2024-10-17
857,Customer 0857,Enterprise,North,Singapore,2024-01-26
858,Customer 0858,Consumer,West,India,2024-02-24
859,Customer 0859,Consumer,East,UK,2023-04-16
860,Customer 0860,Consumer,East,UK,2024-11-09
861,Customer 0861,Consumer,West,Singapore,2024-04-01
862,Customer 0862,SMB,West,UK,2025-01-18
863,Customer 0863,SMB,South,India,2024-11-27
864,Customer 0864,Consumer,West,UAE,2024-09-29
865,Customer 0865,Consumer,East,UK,2023-09-16
866,Customer 0866,Consumer,South,India,2024-08-07
867,Customer 0867,Consumer,South,Singapore,2025-01-05
868,Customer 0868,Consumer,East,Singapore,2023-09-05
869,Customer 0869,Consumer,West,India,2024-06-21
870,Customer 0870,SMB,North,UAE,2023-05-12
871,Customer 0871,Consumer,East,Singapore,2023-02-14
872,Customer 0872,SMB,West,Singapore,2023-02-12
873,Customer 0873,SMB,East,UK,2024-03-17
874,Customer 0874,SMB,East,Singapore,2023-09-02
875,Customer 0875,Consumer,South,UAE,2025-05-22
876,Customer 0876,SMB,East,India,2024-11-12
877,Customer 0877,Consumer,North,India,2025-02-13
878,Customer 0878,Consumer,West,UK,2024-05-23
879,Customer 0879,Enterprise,North,India,2024-08-30
880,Customer 0880,SMB,West,UK,2024-02-29
881,Customer 0881,Enterprise,South,India,2024-03-26
882,Customer 0882,Consumer,South,India,2024-11-17
883,Customer 0883,Consumer,South,UK,2024-07-08
884,Customer 0884,Consumer,East,Singapore,2025-02-26
885,Customer 0885,Consumer,West,India,2023-04-03
886,Customer 0886,Consumer,North,India,2023-04-15
887,Customer 0887,Consumer,South,UK,2023-02-26
888,Customer 0888,SMB,South,Singapore,2024-05-09
889,Customer 0889,Enterprise,West,UAE,2024-02-21
890,Customer 0890,SMB,South,Singapore,2023-12-09
891,Customer 0891,Consumer,North,UAE,2024-07-05
892,Customer 0892,Consumer,East,India,2023-11-17
893,Customer 0893,Consumer,East,UK,2024-06-07
894,Customer 0894,Enterprise,North,Singapore,2023-11-08
895,Customer 0895,Consumer,West,UK,2025-05-27
896,Customer 0896,Consumer,East,UAE,2023-05-15
897,Customer 0897,Consumer,East,UK,2024-11-03
898,Customer 0898,Consumer,South,Singapore,2025-03-31
899,Customer 0899,Consumer,West,India,2025-01-16
900,Customer 0900,Consumer,North,UK,2024-08-01
901,Customer 0901,SMB,North,Singapore,2023-08-13
902,Customer 0902,SMB,East,UAE,2024-12-28
903,Customer 0903,Consumer,West,UK,2025-01-15
904,Customer 0904,Consumer,South,India,2023-07-04
905,Customer 0905,Consumer,North,India,2023-05-21
906,Customer 0906,Enterprise,North,UK,2023-07-04
907,Customer 0907,Consumer,South,UK,2023-08-15
908,Customer 0908,SMB,East,UAE,2024-07-01
909,Customer 0909,SMB,South,UAE,2024-06-12
910,Customer 0910,Consumer,North,UAE,2025-03-14
911,Customer 0911,Consumer,North,UK,2023-08-18
912,Customer 0912,SMB,East,UK,2024-12-03
913,Customer 0913,Consumer,North,UAE,2023-02-12
914,Customer 0914,Consumer,West,Singapore,2025-02-15
915,Customer 0915,Consumer,East,UAE,2023-11-13
916,Customer 0916,Enterprise,East,UAE,2023-06-05
917,Customer 0917,Enterprise,South,UK,2023-02-03
918,Customer 0918,Consumer,South,Singapore,2023-08-17
919,Customer 0919,SMB,North,UAE,2024-04-20
920,Customer 0920,Consumer,South,UK,2023-12-08
921,Customer 0921,SMB,North,India,2025-04-28
922,Customer 0922,Consumer,South,India,2023-10-25
923,Customer 0923,Consumer,North,UK,2023-04-06
924,Customer 0924,Consumer,East,Singapore,2024-09-04
925,Customer 0925,SMB,North,UAE,2023-05-24
926,Customer 0926,Consumer,South,Singapore,2023-02-03
927,Customer 0927,SMB,North,India,2023-12-19
928,Customer 0928,Consumer,South,Singapore,2023-02-21
929,Customer 0929,Consumer,East,UK,2024-05-07
930,Customer 0930,Consumer,East,UAE,2023-04-23
931,Customer 0931,SMB,East,India,2025-01-11
932,Customer 0932,SMB,North,India,2025-03-17
933,Customer 0933,Consumer,West,UK,2023-02-06
934,Customer 0934,Consumer,North,UK,2024-10-24
935,Customer 0935,SMB,West,Singapore,2023-03-20
936,Customer 0936,Consumer,South,Singapore,2023-06-23
937,Customer 0937,SMB,North,Singapore,2023-01-06
938,Customer 0938,SMB,West,Singapore,2023-06-02
939,Customer 0939,Consumer,North,UAE,2023-04-30
940,Customer 0940,Consumer,East,India,2023-11-29
941,Customer 0941,Consumer,South,India,2024-06-02
942,Customer 0942,Consumer,South,Singapore,2024-02-18
943,Customer 0943,SMB,South,UAE,2025-01-14
944,Customer 0944,Enterprise,South,India,2023-01-16
945,Customer 0945,Consumer,North,UK,2025-03-21
946,Customer 0946,SMB,South,UAE,2023-03-31
947,Customer 0947,SMB,South,Singapore,2023-02-01
948,Customer 0948,Consumer,North,Singapore,2024-08-06
949,Customer 0949,Enterprise,North,UAE,2023-08-28
950,Customer 0950,Consumer,North,UAE,2023-03-16
951,Customer 0951,SMB,North,India,2023-08-09
952,Customer 0952,SMB,South,Singapore,2023-12-17
953,Customer 0953,Consumer,West,UAE,2023-01-12
954,Customer 0954,Consumer,West,UK,2023-02-03
955,Customer 0955,Consumer,South,UAE,2025-01-21
956,Customer 0956,Consumer,South,UAE,2025-03-27
957,Customer 0957,Consumer,South,UAE,2023-07-22
958,Customer 0958,Enterprise,East,India,2023-01-03
959,Customer 0959,SMB,West,India,2024-05-24
960,Customer 0960,Consumer,East,India,2025-02-08
961,Customer 0961,SMB,North,UAE,2025-06-06
962,Customer 0962,SMB,East,UK,2023-04-05
963,Customer 0963,SMB,East,UAE,2025-04-02
964,Customer 0964,Enterprise,West,UAE,2023-09-23
965,Customer 0965,SMB,East,India,2025-02-01
966,Customer 0966,Consumer,South,UK,2024-01-31
967,Customer 0967,SMB,East,India,2023-03-11
968,Customer 0968,Enterprise,East,UAE,2023-09-03
969,Customer 0969,Consumer,West,UAE,2025-06-17
970,Customer 0970,Consumer,North,UK,2024-11-10
971,Customer 0971,SMB,East,UK,2024-02-20
972,Customer 0972,Enterprise,South,Singapore,2024-11-10
973,Customer 0973,SMB,West,Singapore,2023-01-05
974,Customer 0974,Consumer,North,India,2025-06-18
975,Customer 0975,SMB,West,UK,2024-09-11
976,Customer 0976,Consumer,South,Singapore,2024-07-12
977,Customer 0977,Consumer,East,UK,2025-05-14
978,Customer 0978,Consumer,North,Singapore,2023-12-10
979,Customer 0979,Consumer,East,UAE,2024-12-19
980,Customer 0980,Enterprise,West,UAE,2023-05-04
981,Customer 0981,Consumer,North,UK,2025-04-22
982,Customer 0982,Enterprise,West,Singapore,2023-12-07
983,Customer 0983,Enterprise,East,UAE,2023-08-18
984,Customer 0984,Consumer,West,Singapore,2024-05-26
985,Customer 0985,Consumer,South,UAE,2024-02-05
986,Customer 0986,Consumer,North,UAE,2023-04-17
987,Customer 0987,Enterprise,West,Singapore,2025-01-24
988,Customer 0988,Consumer,North,UK,2023-05-19
989,Customer 0989,Enterprise,East,UK,2023-03-19
990,Customer 0990,Consumer,East,UK,2023-09-30
991,Customer 0991,Enterprise,East,Singapore,2024-11-08
992,Customer 0992,SMB,West,India,2024-11-01
993,Customer 0993,Consumer,East,India,2023-02-28
994,Customer 0994,Enterprise,North,UK,2024-04-03
995,Customer 0995,Consumer,South,UK,2023-02-05
996,Customer 0996,Enterprise,West,UAE,2023-01-08
997,Customer 0997,Enterprise,East,UAE,2023-07-12
998,Customer 0998,SMB,North,UK,2023-06-27
999,Customer 0999,SMB,East,UAE,2023-10-26
1000,Customer 1000,SMB,North,UK,2024-07-15
1001,Customer 1001,Enterprise,North,UK,2024-05-19
1002,Customer 1002,Enterprise,East,Singapore,2023-11-28
1003,Customer 1003,Consumer,West,India,2025-03-23
1004,Customer 1004,Consumer,South,UAE,2024-06-12
1005,Customer 1005,SMB,North,UAE,2023-11-12
1006,Customer 1006,SMB,South,Singapore,2023-02-24
1007,Customer 1007,SMB,West,Singapore,2024-12-11
1008,Customer 1008,Consumer,East,UK,2023-07-22
1009,Customer 1009,SMB,West,UK,2023-04-22
1010,Customer 1010,SMB,East,UK,2023-11-24
1011,Customer 1011,Consumer,West,Singapore,2023-04-26
1012,Customer 1012,Consumer,West,UK,2024-10-14
1013,Customer 1013,Consumer,East,India,2023-06-05
1014,Customer 1014,Consumer,West,UK,2025-02-09
1015,Customer 1015,Consumer,West,Singapore,2025-01-04
1016,Customer 1016,Enterprise,East,India,2023-09-23
1017,Customer 1017,Consumer,North,India,2024-06-28
1018,Customer 1018,SMB,East,Singapore,2024-09-08
1019,Customer 1019,Enterprise,East,UAE,2023-03-13
1020,Customer 1020,Enterprise,North,UK,2025-05-04
1021,Customer 1021,SMB,North,Singapore,2023-06-19
1022,Customer 1022,SMB,North,UK,2024-02-08
1023,Customer 1023,SMB,East,UK,2024-02-06
1024,Customer 1024,Consumer,East,Singapore,2025-06-04
1025,Customer 1025,Consumer,South,UK,2024-11-16
1026,Customer 1026,Enterprise,East,UAE,2023-08-07
1027,Customer 1027,Consumer,North,UK,2023-03-10
1028,Customer 1028,Consumer,South,UK,2024-02-18
1029,Customer 1029,Consumer,East,UAE,2023-06-04
1030,Customer 1030,Consumer,South,India,2023-10-17
1031,Customer 1031,Enterprise,West,Singapore,2023-05-15
1032,Customer 1032,SMB,West,Singapore,2024-12-30
1033,Customer 1033,Consumer,East,UAE,2023-08-18
1034,Customer 1034,Consumer,East,India,2024-01-04
1035,Customer 1035,Consumer,North,India,2025-05-08
1036,Customer 1036,Enterprise,South,India,2024-04-13
1037,Customer 1037,SMB,South,UK,2023-10-09
1038,Customer 1038,Consumer,West,India,2023-02-10
1039,Customer 1039,Consumer,West,India,2024-05-10
1040,Customer 1040,Consumer,East,Singapore,2024-06-27
1041,Customer 1041,SMB,South,UAE,2023-10-16
1042,Customer 1042,SMB,North,UAE,2025-03-07
1043,Customer 1043,Consumer,East,UK,2024-01-19
1044,Customer 1044,Consumer,East,India,2024-08-21
1045,Customer 1045,Consumer,West,UK,2023-08-20
1046,Customer 1046,SMB,North,Singapore,2024-06-28
1047,Customer 1047,Consumer,East,India,2024-10-19
1048,Customer 1048,Consumer,South,UK,2024-04-09
1049,Customer 1049,Enterprise,West,UAE,2023-12-16
1050,Customer 1050,SMB,North,UK,2023-06-19
1051,Customer 1051,Consumer,South,India,2025-01-23
1052,Customer 1052,Enterprise,North,UK,2025-03-07
1053,Customer 1053,Consumer,South,Singapore,2023-07-26
1054,Customer 1054,SMB,East,India,2025-01-27
1055,Customer 1055,SMB,North,India,2023-12-29
1056,Customer 1056,Consumer,North,Singapore,2024-07-25
1057,Customer 1057,Consumer,South,Singapore,2023-12-30
1058,Customer 1058,Consumer,North,UAE,2024-12-08
1059,Customer 1059,Consumer,North,UK,2025-03-02
1060,Customer 1060,Consumer,North,UAE,2024-01-08
1061,Customer 1061,SMB,West,UK,2023-03-26
1062,Customer 1062,Enterprise,East,UK,2025-04-21
1063,Customer 1063,Enterprise,North,Singapore,2024-06-04
1064,Customer 1064,Consumer,East,Singapore,2024-11-03
1065,Customer 1065,Consumer,South,Singapore,2025-04-14
1066,Customer 1066,Enterprise,West,UK,2023-06-14
1067,Customer 1067,SMB,West,UAE,2023-05-22
1068,Customer 1068,Consumer,South,UK,2023-01-29
1069,Customer 1069,Consumer,North,UK,2025-03-10
1070,Customer 1070,Consumer,North,Singapore,2023-12-13
1071,Customer 1071,SMB,West,UK,2025-02-26
1072,Customer 1072,SMB,South,India,2023-09-07
1073,Customer 1073,Consumer,East,UK,2023-04-17
1074,Customer 1074,Consumer,South,UAE,2024-03-26
1075,Customer 1075,Consumer,West,India,2024-08-06
1076,Customer 1076,SMB,North,UK,2023-06-23
1077,Customer 1077,Consumer,South,UK,2024-12-09
1078,Customer 1078,Enterprise,South,India,2024-05-24
1079,Customer 1079,SMB,North,UAE,2025-03-30
1080,Customer 1080,Enterprise,South,India,2024-02-06
1081,Customer 1081,SMB,South,India,2023-09-06
1082,Customer 1082,Consumer,South,India,2023-02-08
1083,Customer 1083,Consumer,West,UAE,2023-08-13
1084,Customer 1084,SMB,North,UK,2023-09-27
1085,Customer 1085,Consumer,West,India,2024-05-05
1086,Customer 1086,SMB,North,India,2023-07-11
1087,Customer 1087,Consumer,South,Singapore,2023-04-19
1088,Customer 1088,Consumer,West,India,2023-03-15
1089,Customer 1089,Enterprise,North,India,2024-12-23
1090,Customer 1090,Consumer,East,UK,2024-02-11
1091,Customer 1091,SMB,South,India,2023-07-11
1092,Customer 1092,SMB,West,UAE,2023-05-06
1093,Customer 1093,SMB,South,UK,2023-04-24
1094,Customer 1094,SMB,North,Singapore,2024-11-24
1095,Customer 1095,Consumer,South,India,2023-04-02
1096,Customer 1096,Consumer,East,Singapore,2025-02-19
1097,Customer 1097,Consumer,West,Singapore,2025-02-26
1098,Customer 1098,Consumer,North,India,2023-02-14
1099,Customer 1099,Consumer,South,UK,2024-04-11
1100,Customer 1100,Enterprise,South,India,2023-01-23
1101,Customer 1101,SMB,North,UAE,2025-05-20
1102,Customer 1102,Enterprise,North,UAE,2024-09-25
1103,Customer 1103,Enterprise,West,Singapore,2024-12-24
1104,Customer 1104,Consumer,East,Singapore,2023-01-30
1105,Customer 1105,Consumer,North,UAE,2024-03-29
1106,Customer 1106,Consumer,West,Singapore,2023-10-08
1107,Customer 1107,SMB,North,UK,2024-07-04
1108,Customer 1108,Consumer,South,Singapore,2025-04-15
1109,Customer 1109,Consumer,South,Singapore,2025-03-24
1110,Customer 1110,Consumer,South,India,2023-02-06
1111,Customer 1111,SMB,East,UK,2024-10-04
1112,Customer 1112,Consumer,North,India,2024-04-14
1113,Customer 1113,Consumer,North,UAE,2024-02-22
1114,Customer 1114,Enterprise,North,UAE,2023-08-12
1115,Customer 1115,Consumer,North,Singapore,2024-03-17
1116,Customer 1116,SMB,South,UK,2024-09-21
1117,Customer 1117,SMB,East,UK,2023-09-12
1118,Customer 1118,Consumer,North,India,2024-12-08
1119,Customer 1119,Enterprise,East,UAE,2024-11-02
1120,Customer 1120,Consumer,North,UK,2023-11-08
1121,Customer 1121,Consumer,North,India,2023-03-17
1122,Customer 1122,Consumer,South,India,2025-01-09
1123,Customer 1123,Consumer,East,UK,2023-07-02
1124,Customer 1124,Enterprise,East,Singapore,2024-02-09
1125,Customer 1125,Consumer,South,UK,2025-01-15
1126,Customer 1126,Enterprise,West,Singapore,2023-11-27
1127,Customer 1127,SMB,North,UK,2025-04-28
1128,Customer 1128,SMB,North,UAE,2025-04-02
1129,Customer 1129,Consumer,East,Singapore,2024-10-01
1130,Customer 1130,Consumer,South,India,2023-04-02
1131,Customer 1131,Consumer,East,Singapore,2023-07-04
1132,Customer 1132,Consumer,West,India,2025-05-06
1133,Customer 1133,Enterprise,West,Singapore,2024-10-29
1134,Customer 1134,Consumer,South,India,2023-03-08
1135,Customer 1135,Consumer,East,UAE,2023-12-30
1136,Customer 1136,Consumer,South,UAE,2024-01-14
1137,Customer 1137,SMB,East,Singapore,2024-01-11
1138,Customer 1138,Consumer,North,UAE,2025-03-26
1139,Customer 1139,Consumer,West,India,2023-08-18
1140,Customer 1140,SMB,South,UK,2025-05-23
1141,Customer 1141,Consumer,West,Singapore,2025-06-09
1142,Customer 1142,Consumer,North,UK,2025-05-06
1143,Customer 1143,Consumer,East,India,2024-04-28
1144,Customer 1144,Consumer,North,India,2024-04-15
1145,Customer 1145,SMB,West,India,2024-02-19
1146,Customer 1146,Consumer,West,UAE,2023-08-25
1147,Customer 1147,Consumer,North,India,2023-07-15
1148,Customer 1148,Consumer,East,UK,2024-04-25
1149,Customer 1149,Consumer,East,India,2023-03-15
1150,Customer 1150,Consumer,West,UAE,2024-07-30
1151,Customer 1151,SMB,West,India,2023-03-03
1152,Customer 1152,Enterprise,North,UAE,2024-06-18
1153,Customer 1153,Consumer,East,UAE,2023-04-14
1154,Customer 1154,Consumer,East,UK,2024-04-16
1155,Customer 1155,SMB,South,India,2025-04-06
1156,Customer 1156,Consumer,East,India,2023-07-30
1157,Customer 1157,Consumer,East,India,2023-05-03
1158,Customer 1158,SMB,West,UK,2023-09-21
1159,Customer 1159,Consumer,North,India,2024-10-21
1160,Customer 1160,Consumer,North,UAE,2025-03-02
1161,Customer 1161,Consumer,South,Singapore,2023-05-29
1162,Customer 1162,Consumer,East,India,2025-05-27
1163,Customer 1163,Enterprise,South,UAE,2023-01-17
1164,Customer 1164,SMB,North,UK,2023-08-11
1165,Customer 1165,Enterprise,East,UK,2023-05-24
1166,Customer 1166,SMB,East,Singapore,2024-08-20
1167,Customer 1167,Consumer,North,UK,2023-01-26
1168,Customer 1168,SMB,North,Singapore,2024-05-10
1169,Customer 1169,Consumer,West,Singapore,2024-06-07
1170,Customer 1170,Enterprise,West,UAE,2024-09-28
1171,Customer 1171,Enterprise,South,UK,2023-07-26
1172,Customer 1172,Consumer,West,Singapore,2023-08-20
1173,Customer 1173,Enterprise,East,India,2024-02-21
1174,Customer 1174,Consumer,West,India,2024-08-05
1175,Customer 1175,Consumer,South,UAE,2025-04-27
1176,Customer 1176,SMB,South,Singapore,2024-09-13
1177,Customer 1177,Consumer,West,UAE,2023-09-25
1178,Customer 1178,Consumer,North,Singapore,2024-03-02
1179,Customer 1179,Consumer,South,UAE,2024-08-18
1180,Customer 1180,Consumer,North,UAE,2023-08-28
1181,Customer 1181,Consumer,North,UK,2025-03-19
1182,Customer 1182,Consumer,South,UAE,2025-02-01
1183,Customer 1183,Consumer,West,India,2023-02-22
1184,Customer 1184,Consumer,North,India,2023-10-24
1185,Customer 1185,Consumer,South,UAE,2024-03-06
1186,Customer 1186,Consumer,West,Singapore,2025-04-06
1187,Customer 1187,SMB,North,UK,2023-09-07
1188,Customer 1188,Consumer,East,UAE,2024-03-22
1189,Customer 1189,Consumer,East,UK,2023-07-05
1190,Customer 1190,Enterprise,East,UAE,2024-02-26
1191,Customer 1191,Consumer,East,India,2024-12-18
1192,Customer 1192,SMB,West,UAE,2024-11-19
1193,Customer 1193,Consumer,North,UK,2024-05-01
1194,Customer 1194,Consumer,South,UK,2023-11-29
1195,Customer 1195,SMB,South,UK,2023-04-02
1196,Customer 1196,Enterprise,South,UK,2024-02-15
1197,Customer 1197,Enterprise,South,Singapore,2025-01-22
1198,Customer 1198,SMB,West,UK,2025-02-24
1199,Customer 1199,Consumer,South,UAE,2025-06-19
1200,Customer 1200,Consumer,North,UAE,2024-02-20
1201,Customer 1201,SMB,North,UK,2024-08-19
1202,Customer 1202,Consumer,East,Singapore,2023-12-20
1203,Customer 1203,SMB,West,Singapore,2023-06-29
1204,Customer 1204,SMB,North,UAE,2024-02-08
1205,Customer 1205,Consumer,East,UAE,2024-10-11
1206,Customer 1206,Consumer,South,Singapore,2025-02-23
1207,Customer 1207,Enterprise,East,UAE,2025-04-21
1208,Customer 1208,Consumer,West,India,2023-07-23
1209,Customer 1209,Enterprise,West,Singapore,2023-01-30
1210,Customer 1210,Consumer,North,UAE,2023-03-29
1211,Customer 1211,SMB,North,UAE,2023-08-24
1212,Customer 1212,Consumer,South,India,2023-01-25
1213,Customer 1213,Consumer,North,UAE,2023-06-02
1214,Customer 1214,Consumer,North,Singapore,2023-11-24
1215,Customer 1215,Consumer,West,Singapore,2023-12-08
1216,Customer 1216,Consumer,North,Singapore,2023-06-16
1217,Customer 1217,Consumer,North,India,2024-12-14
1218,Customer 1218,Enterprise,South,Singapore,2023-12-16
1219,Customer 1219,Consumer,South,UAE,2024-09-11
1220,Customer 1220,Enterprise,North,UAE,2025-05-09
1221,Customer 1221,SMB,West,Singapore,2025-01-04
1222,Customer 1222,Consumer,East,India,2025-04-01
1223,Customer 1223,Consumer,North,UAE,2023-07-15
1224,Customer 1224,SMB,West,UK,2025-03-21
1225,Customer 1225,SMB,North,UK,2024-08-01
1226,Customer 1226,Consumer,North,UAE,2024-08-19
1227,Customer 1227,Consumer,West,UAE,2025-02-07
1228,Customer 1228,Consumer,West,Singapore,2025-01-11
1229,Customer 1229,Consumer,South,India,2023-08-15
1230,Customer 1230,Consumer,South,UK,2024-09-21
1231,Customer 1231,Consumer,South,UAE,2023-11-15
1232,Customer 1232,Enterprise,East,UAE,2023-06-11
1233,Customer 1233,Consumer,West,Singapore,2025-04-26
1234,Customer 1234,SMB,East,UK,2023-11-20
1235,Customer 1235,Consumer,East,India,2025-03-04
1236,Customer 1236,SMB,North,Singapore,2023-02-20
1237,Customer 1237,Consumer,South,UAE,2023-06-29
1238,Customer 1238,Enterprise,South,UK,2023-01-31
1239,Customer 1239,Consumer,North,Singapore,2024-12-03
1240,Customer 1240,SMB,East,India,2023-04-19
1241,Customer 1241,SMB,West,UK,2024-05-10
1242,Customer 1242,Consumer,South,UK,2023-11-22
1243,Customer 1243,Enterprise,West,Singapore,2024-07-01
1244,Customer 1244,Consumer,East,India,2023-04-18
1245,Customer 1245,SMB,North,Singapore,2023-05-17
1246,Customer 1246,Consumer,South,India,2024-04-22
1247,Customer 1247,SMB,North,Singapore,2024-11-04
1248,Customer 1248,Consumer,East,UK,2024-06-16
1249,Customer 1249,Consumer,West,India,2025-01-03
1250,Customer 1250,Enterprise,North,India,2023-10-22
1251,Customer 1251,Enterprise,South,India,2024-12-17
1252,Customer 1252,Consumer,South,UK,2023-06-23
1253,Customer 1253,Consumer,West,UK,2024-12-25
1254,Customer 1254,Consumer,North,UAE,2024-04-14
1255,Customer 1255,Enterprise,North,India,2023-09-23
1256,Customer 1256,Enterprise,West,UK,2023-08-20
1257,Customer 1257,Enterprise,East,UK,2024-02-07
1258,Customer 1258,SMB,South,UAE,2024-05-17
1259,Customer 1259,Consumer,East,UAE,2023-01-29
1260,Customer 1260,Consumer,West,UAE,2025-05-25
1261,Customer 1261,SMB,East,UAE,2025-01-16
1262,Customer 1262,SMB,East,UAE,2024-11-06
1263,Customer 1263,Consumer,North,UAE,2024-08-11
1264,Customer 1264,Consumer,East,India,2023-02-08
1265,Customer 1265,Enterprise,East,UAE,2025-05-18
1266,Customer 1266,Consumer,East,Singapore,2023-11-05
1267,Customer 1267,Consumer,East,UK,2024-01-23
1268,Customer 1268,Consumer,South,India,2024-11-23
1269,Customer 1269,Consumer,South,India,2025-01-15
1270,Customer 1270,Consumer,South,Singapore,2023-09-17
1271,Customer 1271,Consumer,East,UK,2024-03-23
1272,Customer 1272,SMB,South,UAE,2024-07-06
1273,Customer 1273,SMB,North,Singapore,2025-05-14
1274,Customer 1274,Consumer,East,UAE,2025-05-27
1275,Customer 1275,Enterprise,North,UK,2023-12-14
1276,Customer 1276,Consumer,West,UAE,2025-01-16
1277,Customer 1277,Consumer,South,India,2023-04-13
1278,Customer 1278,Consumer,North,India,2023-08-21
1279,Customer 1279,Consumer,North,UK,2025-01-28
1280,Customer 1280,Consumer,West,UK,2023-11-15
1281,Customer 1281,SMB,West,Singapore,2024-10-15
1282,Customer 1282,SMB,West,Singapore,2023-12-20
1283,Customer 1283,SMB,East,Singapore,2024-08-10
1284,Customer 1284,Enterprise,North,UK,2024-04-01
1285,Customer 1285,Consumer,South,UAE,2023-08-02
1286,Customer 1286,Consumer,East,India,2024-11-01
1287,Customer 1287,Enterprise,North,UK,2024-08-28
1288,Customer 1288,SMB,North,UAE,2024-03-15
1289,Customer 1289,Enterprise,South,Singapore,2025-04-20
1290,Customer 1290,Consumer,East,India,2023-08-16
1291,Customer 1291,SMB,North,UAE,2024-01-11
1292,Customer 1292,Enterprise,West,UAE,2024-01-25
1293,Customer 1293,SMB,North,UK,2023-07-26
1294,Customer 1294,Consumer,East,UAE,2024-05-18
1295,Customer 1295,Consumer,North,UAE,2024-09-11
1296,Customer 1296,Enterprise,South,UAE,2023-01-18
1297,Customer 1297,Enterprise,North,Singapore,2023-02-24
1298,Customer 1298,Enterprise,South,India,2024-05-29
1299,Customer 1299,Enterprise,South,UK,2023-06-08
1300,Customer 1300,SMB,South,UAE,2024-10-08
1301,Customer 1301,Consumer,North,UK,2023-05-20
1302,Customer 1302,SMB,East,Singapore,2023-08-28
1303,Customer 1303,Consumer,West,India,2023-04-05
1304,Customer 1304,SMB,East,UAE,2025-02-05
1305,Customer 1305,SMB,East,UAE,2024-06-13
1306,Customer 1306,SMB,South,UAE,2025-06-12
1307,Customer 1307,Consumer,North,UK,2024-12-30
1308,Customer 1308,SMB,South,Singapore,2025-05-06
1309,Customer 1309,SMB,North,UK,2023-01-02
1310,Customer 1310,Consumer,North,India,2025-03-26
1311,Customer 1311,SMB,West,UAE,2023-11-24
1312,Customer 1312,Consumer,South,Singapore,2024-02-23
1313,Customer 1313,SMB,South,UAE,2023-08-22
1314,Customer 1314,Consumer,West,Singapore,2024-09-25
1315,Customer 1315,Consumer,East,UAE,2024-10-12
1316,Customer 1316,Consumer,North,UAE,2023-07-17
1317,Customer 1317,SMB,North,Singapore,2023-07-08
1318,Customer 1318,Consumer,West,UK,2024-04-29
1319,Customer 1319,Enterprise,West,UAE,2024-04-28
1320,Customer 1320,SMB,South,UAE,2023-08-27
1321,Customer 1321,Consumer,West,India,2024-02-18
1322,Customer 1322,Consumer,West,Singapore,2023-12-27
1323,Customer 1323,SMB,West,UAE,2024-04-21
1324,Customer 1324,Enterprise,North,India,2025-05-19
1325,Customer 1325,SMB,West,Singapore,2024-06-05
1326,Customer 1326,SMB,West,UK,2024-09-26
1327,Customer 1327,Consumer,North,UAE,2024-10-03
1328,Customer 1328,Consumer,West,Singapore,2024-08-27
1329,Customer 1329,SMB,South,Singapore,2025-03-31
1330,Customer 1330,Enterprise,West,UAE,2023-10-20
1331,Customer 1331,Consumer,North,Singapore,2025-04-05
1332,Customer 1332,Consumer,West,Singapore,2024-01-08
1333,Customer 1333,Consumer,North,Singapore,2024-07-16
1334,Customer 1334,Consumer,East,UK,2023-04-30
1335,Customer 1335,Consumer,West,Singapore,2023-01-18
1336,Customer 1336,Consumer,West,India,2024-01-07
1337,Customer 1337,SMB,North,Singapore,2023-12-07
1338,Customer 1338,Consumer,West,UAE,2024-12-07
1339,Customer 1339,Consumer,North,UAE,2023-08-03
1340,Customer 1340,Consumer,South,UAE,2023-11-15
1341,Customer 1341,Consumer,North,UK,2023-09-28
1342,Customer 1342,Consumer,North,UAE,2024-07-18
1343,Customer 1343,SMB,North,UAE,2024-03-20
1344,Customer 1344,SMB,North,UK,2025-05-29
1345,Customer 1345,SMB,West,India,2024-10-06
1346,Customer 1346,Enterprise,South,UAE,2023-11-05
1347,Customer 1347,Consumer,North,UAE,2023-05-08
1348,Customer 1348,Consumer,East,UAE,2023-04-26
1349,Customer 1349,Consumer,North,UAE,2023-07-22
1350,Customer 1350,SMB,South,Singapore,2023-05-04
1351,Customer 1351,Enterprise,West,Singapore,2024-02-05
1352,Customer 1352,Consumer,West,UAE,2024-05-09
1353,Customer 1353,Enterprise,South,UAE,2023-07-04
1354,Customer 1354,Enterprise,East,India,2024-04-01
1355,Customer 1355,Consumer,North,UK,2024-07-14
1356,Customer 1356,SMB,North,UK,2024-03-25
1357,Customer 1357,Enterprise,East,UK,2024-06-07
1358,Customer 1358,Enterprise,North,UAE,2024-05-23
1359,Customer 1359,Consumer,West,UAE,2024-12-08
1360,Customer 1360,SMB,North,Singapore,2024-02-29
1361,Customer 1361,SMB,South,UK,2025-01-15
1362,Customer 1362,SMB,East,UK,2024-08-16
1363,Customer 1363,Enterprise,South,Singapore,2024-01-21
1364,Customer 1364,Consumer,South,India,2024-08-16
1365,Customer 1365,SMB,East,Singapore,2025-03-31
1366,Customer 1366,SMB,South,UK,2023-10-09
1367,Customer 1367,Enterprise,North,UK,2025-04-28
1368,Customer 1368,SMB,South,UK,2025-02-18
1369,Customer 1369,Consumer,West,Singapore,2024-08-23
1370,Customer 1370,Consumer,North,India,2024-08-26
1371,Customer 1371,SMB,North,UK,2023-10-11
1372,Customer 1372,Enterprise,West,UK,2025-01-13
1373,Customer 1373,SMB,North,UK,2024-10-26
1374,Customer 1374,Consumer,North,UK,2025-05-04
1375,Customer 1375,SMB,South,India,2024-11-01
1376,Customer 1376,Consumer,East,UAE,2024-06-04
1377,Customer 1377,Enterprise,West,Singapore,2024-04-12
1378,Customer 1378,SMB,East,UK,2024-11-30
1379,Customer 1379,Enterprise,West,India,2023-02-17
1380,Customer 1380,SMB,South,Singapore,2023-02-24
1381,Customer 1381,SMB,South,Singapore,2024-10-14
1382,Customer 1382,Enterprise,South,Singapore,2025-04-14
1383,Customer 1383,Consumer,West,UK,2023-01-27
1384,Customer 1384,Consumer,North,UAE,2024-04-20
1385,Customer 1385,SMB,North,Singapore,2023-12-18
1386,Customer 1386,SMB,South,UAE,2024-10-22
1387,Customer 1387,SMB,North,UAE,2025-05-08
1388,Customer 1388,Consumer,East,UAE,2023-06-17
1389,Customer 1389,Enterprise,South,UK,2025-05-28
1390,Customer 1390,SMB,East,Singapore,2023-03-04
1391,Customer 1391,Consumer,East,India,2024-10-07
1392,Customer 1392,Consumer,West,UAE,2023-04-11
1393,Customer 1393,Consumer,West,Singapore,2024-11-29
1394,Customer 1394,Consumer,West,UAE,2024-10-30
1395,Customer 1395,Consumer,South,Singapore,2023-06-14
1396,Customer 1396,Consumer,North,Singapore,2024-02-19
1397,Customer 1397,Enterprise,South,UK,2024-04-25
1398,Customer 1398,Consumer,East,Singapore,2023-04-12
1399,Customer 1399,SMB,East,UAE,2023-12-18
1400,Customer 1400,Enterprise,East,UK,2023-04-25
1401,Customer 1401,Enterprise,South,UK,2024-08-19
1402,Customer 1402,Consumer,East,UK,2024-08-14
1403,Customer 1403,Consumer,East,India,2023-11-22
1404,Customer 1404,Consumer,North,Singapore,2024-04-11
1405,Customer 1405,SMB,East,UK,2024-10-11
1406,Customer 1406,Consumer,South,Singapore,2023-07-12
1407,Customer 1407,SMB,East,Singapore,2024-12-27
1408,Customer 1408,Consumer,North,UK,2023-01-11
1409,Customer 1409,Consumer,North,UAE,2024-06-11
1410,Customer 1410,Consumer,North,UAE,2024-11-16
1411,Customer 1411,Consumer,East,India,2023-07-17
1412,Customer 1412,SMB,North,Singapore,2023-02-20
1413,Customer 1413,Enterprise,North,Singapore,2023-11-17
1414,Customer 1414,Enterprise,North,UK,2023-12-25
1415,Customer 1415,Enterprise,South,India,2024-08-09
1416,Customer 1416,Consumer,South,UAE,2023-04-15
1417,Customer 1417,Consumer,North,Singapore,2024-08-22
1418,Customer 1418,Enterprise,East,UK,2024-02-19
1419,Customer 1419,Enterprise,North,India,2024-09-02
1420,Customer 1420,SMB,West,India,2025-04-29
1421,Customer 1421,SMB,East,UAE,2024-03-14
1422,Customer 1422,Consumer,North,India,2023-02-25
1423,Customer 1423,Enterprise,West,UAE,2024-01-16
1424,Customer 1424,SMB,South,Singapore,2024-01-14
1425,Customer 1425,Consumer,South,UAE,2023-06-11
1426,Customer 1426,Consumer,North,India,2023-06-13
1427,Customer 1427,Consumer,North,UK,2024-02-27
1428,Customer 1428,Consumer,North,India,2023-08-30
1429,Customer 1429,Consumer,South,India,2023-09-05
1430,Customer 1430,Enterprise,East,UAE,2025-03-03
1431,Customer 1431,Consumer,West,UK,2024-03-15
1432,Customer 1432,Consumer,North,UAE,2024-11-17
1433,Customer 1433,Enterprise,North,UK,2024-05-30
1434,Customer 1434,Consumer,North,UAE,2023-07-22
1435,Customer 1435,Consumer,North,Singapore,2025-02-11
1436,Customer 1436,Consumer,North,UK,2025-02-11
1437,Customer 1437,Consumer,West,UAE,2024-12-03
1438,Customer 1438,Consumer,East,UK,2023-11-29
1439,Customer 1439,Enterprise,North,UK,2023-06-19
1440,Customer 1440,SMB,West,India,2025-05-17
1441,Customer 1441,SMB,South,India,2023-10-19
1442,Customer 1442,Consumer,East,India,2023-04-15
1443,Customer 1443,Consumer,South,UK,2023-06-22
1444,Customer 1444,Consumer,South,UK,2023-09-23
1445,Customer 1445,SMB,North,UAE,2024-04-23
1446,Customer 1446,Consumer,South,UK,2023-04-14
1447,Customer 1447,Consumer,North,Singapore,2024-01-09
1448,Customer 1448,Consumer,East,Singapore,2023-08-16
1449,Customer 1449,Consumer,West,UK,2023-03-12
1450,Customer 1450,Consumer,North,India,2024-07-10
1451,Customer 1451,Consumer,East,India,2024-01-27
1452,Customer 1452,Consumer,West,Singapore,2023-07-18
1453,Customer 1453,Consumer,West,UK,2023-10-26
1454,Customer 1454,Consumer,West,UAE,2023-05-25
1455,Customer 1455,Consumer,West,UAE,2024-11-06
1456,Customer 1456,SMB,South,India,2025-03-19
1457,Customer 1457,SMB,North,India,2025-04-01
1458,Customer 1458,Consumer,North,UAE,2024-08-19
1459,Customer 1459,Enterprise,East,Singapore,2023-06-24
1460,Customer 1460,SMB,East,UK,2024-12-30
1461,Customer 1461,SMB,South,UK,2024-03-24
1462,Customer 1462,Consumer,South,India,2024-07-10
1463,Customer 1463,SMB,South,UAE,2024-11-05
1464,Customer 1464,Enterprise,North,India,2025-04-07
1465,Customer 1465,Consumer,South,India,2023-06-06
1466,Customer 1466,Consumer,East,India,2025-06-14
1467,Customer 1467,Consumer,East,UK,2024-10-21
1468,Customer 1468,SMB,South,Singapore,2024-06-15
1469,Customer 1469,Consumer,East,UAE,2024-01-18
1470,Customer 1470,Consumer,South,Singapore,2024-11-06
1471,Customer 1471,Consumer,North,UK,2024-03-16
1472,Customer 1472,SMB,South,India,2024-06-28
1473,Customer 1473,Consumer,North,UK,2025-03-10
1474,Customer 1474,Consumer,West,UAE,2024-12-22
1475,Customer 1475,Enterprise,West,Singapore,2023-10-28
1476,Customer 1476,Consumer,North,Singapore,2024-05-09
1477,Customer 1477,Consumer,South,UK,2025-06-01
1478,Customer 1478,Consumer,East,UK,2024-01-04
1479,Customer 1479,Consumer,East,UAE,2025-04-25
1480,Customer 1480,Consumer,West,Singapore,2024-10-12
1481,Customer 1481,Consumer,North,Singapore,2024-07-15
1482,Customer 1482,Consumer,East,UK,2023-02-03
1483,Customer 1483,Consumer,East,UAE,2023-12-15
1484,Customer 1484,Consumer,North,UAE,2024-05-14
1485,Customer 1485,Consumer,South,Singapore,2024-05-13
1486,Customer 1486,Consumer,South,Singapore,2025-05-19
1487,Customer 1487,Consumer,West,Singapore,2024-03-07
1488,Customer 1488,Consumer,South,UAE,2024-12-30
1489,Customer 1489,Consumer,East,India,2024-11-21
1490,Customer 1490,Enterprise,East,India,2025-05-22
1491,Customer 1491,Consumer,North,UK,2024-03-10
1492,Customer 1492,Consumer,East,India,2023-04-25
1493,Customer 1493,Enterprise,West,UK,2024-09-01
1494,Customer 1494,Enterprise,North,UK,2024-02-04
1495,Customer 1495,Consumer,North,Singapore,2023-04-27
1496,Customer 1496,SMB,East,UAE,2024-11-26
1497,Customer 1497,Consumer,South,UAE,2023-01-21
1498,Customer 1498,SMB,South,Singapore,2023-04-11
1499,Customer 1499,Consumer,South,UAE,2024-04-27
1500,Customer 1500,SMB,East,India,2023-02-07
1501,Customer 1501,SMB,North,UK,2023-05-06
1502,Customer 1502,Consumer,West,Singapore,2024-03-02
1503,Customer 1503,Enterprise,North,UAE,2023-04-29
1504,Customer 1504,Consumer,West,UAE,2024-10-31
1505,Customer 1505,Enterprise,South,Singapore,2024-08-24
1506,Customer 1506,Consumer,North,Singapore,2023-10-03
1507,Customer 1507,Consumer,West,UK,2023-01-14
1508,Customer 1508,Consumer,West,UK,2023-08-22
1509,Customer 1509,SMB,South,UK,2024-07-15
1510,Customer 1510,Enterprise,South,India,2023-09-24
1511,Customer 1511,SMB,West,India,2023-11-15
1512,Customer 1512,Consumer,South,India,2023-03-11
1513,Customer 1513,Consumer,North,UAE,2024-01-13
1514,Customer 1514,Consumer,West,UK,2023-10-24
1515,Customer 1515,Enterprise,East,Singapore,2024-12-31
1516,Customer 1516,Consumer,West,India,2024-01-16
1517,Customer 1517,Consumer,South,UAE,2025-06-17
1518,Customer 1518,Consumer,East,Singapore,2023-10-18
1519,Customer 1519,SMB,East,India,2024-01-10
1520,Customer 1520,SMB,East,UAE,2023-12-03
1521,Customer 1521,SMB,North,Singapore,2023-06-15
1522,Customer 1522,Consumer,East,UAE,2024-02-16
1523,Customer 1523,Consumer,South,UK,2024-01-05
1524,Customer 1524,Consumer,South,UAE,2025-03-19
1525,Customer 1525,SMB,South,Singapore,2025-04-14
1526,Customer 1526,SMB,North,UK,2023-08-13
1527,Customer 1527,Enterprise,East,UK,2024-11-22
1528,Customer 1528,Consumer,West,UAE,2024-07-08
1529,Customer 1529,Consumer,South,UAE,2023-09-22
1530,Customer 1530,SMB,South,UAE,2024-11-05
1531,Customer 1531,Consumer,East,Singapore,2024-07-17
1532,Customer 1532,Consumer,West,India,2023-05-18
1533,Customer 1533,Consumer,East,UAE,2024-07-13
1534,Customer 1534,Enterprise,South,UK,2025-01-30
1535,Customer 1535,SMB,South,Singapore,2024-05-20
1536,Customer 1536,Consumer,South,India,2024-10-30
1537,Customer 1537,Enterprise,North,India,2024-08-29
1538,Customer 1538,Enterprise,South,Singapore,2025-04-05
1539,Customer 1539,SMB,South,India,2023-01-17
1540,Customer 1540,SMB,South,UK,2023-03-31
1541,Customer 1541,SMB,West,UAE,2025-06-02
1542,Customer 1542,Consumer,East,Singapore,2024-09-09
1543,Customer 1543,Consumer,East,Singapore,2023-03-09
1544,Customer 1544,Enterprise,North,India,2023-02-21
1545,Customer 1545,Consumer,East,Singapore,2023-11-04
1546,Customer 1546,Enterprise,North,UAE,2024-03-26
1547,Customer 1547,SMB,East,India,2025-04-10
1548,Customer 1548,Consumer,East,UAE,2023-11-12
1549,Customer 1549,Consumer,West,UAE,2024-01-27
1550,Customer 1550,SMB,West,UK,2025-03-15
1551,Customer 1551,SMB,South,UAE,2023-10-15
1552,Customer 1552,Consumer,South,UAE,2024-12-12
1553,Customer 1553,Consumer,North,UAE,2023-04-08
1554,Customer 1554,Consumer,East,UK,2024-06-06
1555,Customer 1555,Consumer,West,India,2024-10-01
1556,Customer 1556,SMB,East,UK,2023-08-03
1557,Customer 1557,Consumer,West,UK,2023-06-10
1558,Customer 1558,Consumer,South,UK,2023-07-08
1559,Customer 1559,Consumer,South,UAE,2024-10-31
1560,Customer 1560,SMB,East,India,2023-09-28
1561,Customer 1561,Consumer,North,UK,2023-10-16
1562,Customer 1562,Consumer,South,Singapore,2024-03-23
1563,Customer 1563,SMB,East,Singapore,2025-03-23
1564,Customer 1564,SMB,South,UAE,2023-10-27
1565,Customer 1565,SMB,North,UK,2025-04-14
1566,Customer 1566,Consumer,West,UAE,2025-05-18
1567,Customer 1567,Consumer,West,UAE,2024-06-05
1568,Customer 1568,Enterprise,East,UAE,2024-10-21
1569,Customer 1569,Enterprise,West,Singapore,2023-06-02
1570,Customer 1570,Consumer,South,UAE,2024-05-01
1571,Customer 1571,SMB,South,UK,2024-10-23
1572,Customer 1572,Consumer,North,India,2025-06-11
1573,Customer 1573,Consumer,North,India,2024-07-04
1574,Customer 1574,Consumer,East,UAE,2024-08-09
1575,Customer 1575,Consumer,East,Singapore,2023-04-17
1576,Customer 1576,Consumer,North,UAE,2024-12-08
1577,Customer 1577,Consumer,East,India,2023-03-03
1578,Customer 1578,SMB,North,UAE,2023-09-12
1579,Customer 1579,Consumer,East,Singapore,2025-05-03
1580,Customer 1580,Consumer,West,UAE,2023-09-14
1581,Customer 1581,Consumer,West,UAE,2024-01-16
1582,Customer 1582,Consumer,West,India,2025-02-11
1583,Customer 1583,Consumer,North,India,2023-12-04
1584,Customer 1584,SMB,West,UK,2025-03-10
1585,Customer 1585,Consumer,South,UAE,2023-12-26
1586,Customer 1586,Consumer,West,UK,2024-10-29
1587,Customer 1587,Enterprise,West,UAE,2023-11-16
1588,Customer 1588,Consumer,West,UK,2024-08-21
1589,Customer 1589,SMB,West,Singapore,2023-07-02
1590,Customer 1590,SMB,West,UAE,2024-11-07
1591,Customer 1591,Consumer,South,UK,2024-08-11
1592,Customer 1592,Enterprise,North,India,2024-12-02
1593,Customer 1593,Consumer,West,India,2023-01-14
1594,Customer 1594,Consumer,West,UAE,2025-05-13
1595,Customer 1595,Consumer,South,Singapore,2024-03-20
1596,Customer 1596,SMB,South,UAE,2024-10-20
1597,Customer 1597,Consumer,North,Singapore,2023-01-23
1598,Customer 1598,Consumer,East,UAE,2023-12-11
1599,Customer 1599,Consumer,North,India,2023-10-21
1600,Customer 1600,Consumer,East,Singapore,2025-03-25
1601,Customer 1601,Consumer,South,India,2023-04-04
1602,Customer 1602,SMB,North,Singapore,2023-01-26
1603,Customer 1603,SMB,East,UAE,2024-09-22
1604,Customer 1604,Consumer,West,India,2023-05-01
1605,Customer 1605,Consumer,East,UK,2024-03-30
1606,Customer 1606,Consumer,West,UAE,2024-01-25
1607,Customer 1607,Enterprise,East,UK,2024-10-23
1608,Customer 1608,SMB,West,UK,2024-06-15
1609,Customer 1609,SMB,East,India,2024-08-23
1610,Customer 1610,Consumer,West,Singapore,2025-06-13
1611,Customer 1611,Enterprise,South,UK,2024-02-04
1612,Customer 1612,SMB,East,Singapore,2023-06-06
1613,Customer 1613,SMB,South,UK,2023-06-02
1614,Customer 1614,Enterprise,South,India,2024-07-28
1615,Customer 1615,Consumer,North,India,2024-09-20
1616,Customer 1616,Consumer,East,UK,2024-12-28
1617,Customer 1617,SMB,North,India,2024-02-19
1618,Customer 1618,Consumer,North,UK,2024-01-08
1619,Customer 1619,Consumer,West,India,2023-01-17
1620,Customer 1620,Consumer,South,India,2025-04-14
1621,Customer 1621,Consumer,South,India,2023-05-21
1622,Customer 1622,Consumer,West,UK,2023-09-15
1623,Customer 1623,SMB,East,India,2024-07-30
1624,Customer 1624,SMB,North,UK,2023-11-09
1625,Customer 1625,SMB,North,India,2024-03-14
1626,Customer 1626,Consumer,South,Singapore,2024-11-24
1627,Customer 1627,Consumer,South,UK,2023-01-22
1628,Customer 1628,Consumer,East,Singapore,2024-07-17
1629,Customer 1629,Consumer,North,India,2025-03-31
1630,Customer 1630,Consumer,East,UAE,2024-01-13
1631,Customer 1631,Consumer,East,Singapore,2024-01-18
1632,Customer 1632,Consumer,East,UAE,2024-03-20
1633,Customer 1633,Enterprise,East,UAE,2023-05-19
1634,Customer 1634,Enterprise,South,India,2023-03-23
1635,Customer 1635,Consumer,South,Singapore,2023-09-23
1636,Customer 1636,SMB,South,UK,2024-04-18
1637,Customer 1637,Consumer,North,Singapore,2024-11-07
1638,Customer 1638,SMB,South,UK,2024-10-19
1639,Customer 1639,SMB,West,India,2023-07-15
1640,Customer 1640,Enterprise,West,UK,2024-12-02
1641,Customer 1641,Consumer,East,Singapore,2024-02-17
1642,Customer 1642,SMB,West,UK,2023-07-12
1643,Customer 1643,Consumer,South,Singapore,2024-07-23
1644,Customer 1644,Consumer,North,UAE,2024-11-30
1645,Customer 1645,SMB,South,Singapore,2025-06-19
1646,Customer 1646,SMB,West,UK,2023-12-07
1647,Customer 1647,Consumer,East,UAE,2025-05-14
1648,Customer 1648,Consumer,South,UAE,2023-04-01
1649,Customer 1649,Consumer,South,UK,2023-12-11
1650,Customer 1650,Enterprise,South,UAE,2025-01-04
1651,Customer 1651,SMB,East,Singapore,2023-11-06
1652,Customer 1652,Consumer,South,UK,2023-01-13
1653,Customer 1653,Enterprise,South,UK,2024-04-22
1654,Customer 1654,Consumer,West,India,2023-04-07
1655,Customer 1655,Enterprise,South,UK,2023-09-17
1656,Customer 1656,Consumer,North,UK,2024-12-27
1657,Customer 1657,Consumer,North,UAE,2024-04-04
1658,Customer 1658,Consumer,North,Singapore,2024-08-10
1659,Customer 1659,Enterprise,North,India,2024-10-05
1660,Customer 1660,SMB,West,UAE,2025-04-12
1661,Customer 1661,Consumer,West,Singapore,2023-12-21
1662,Customer 1662,Consumer,South,India,2024-12-26
1663,Customer 1663,Enterprise,East,UK,2023-07-18
1664,Customer 1664,SMB,East,India,2024-05-27
1665,Customer 1665,Consumer,North,India,2023-12-08
1666,Customer 1666,Consumer,East,Singapore,2024-03-16
1667,Customer 1667,SMB,West,UK,2024-04-17
1668,Customer 1668,Consumer,East,India,2024-12-06
1669,Customer 1669,SMB,North,UAE,2025-01-30
1670,Customer 1670,SMB,South,UAE,2023-05-19
1671,Customer 1671,Consumer,East,UAE,2023-12-08
1672,Customer 1672,Enterprise,West,UK,2025-03-23
1673,Customer 1673,Consumer,South,India,2023-06-28
1674,Customer 1674,Consumer,North,UK,2023-02-01
1675,Customer 1675,Consumer,West,UK,2024-05-31
1676,Customer 1676,Enterprise,West,UAE,2025-05-20
1677,Customer 1677,Consumer,North,UK,2023-09-01
1678,Customer 1678,Consumer,West,UK,2024-02-09
1679,Customer 1679,Consumer,North,Singapore,2023-02-08
1680,Customer 1680,SMB,West,UAE,2023-08-15
1681,Customer 1681,Consumer,North,India,2023-04-07
1682,Customer 1682,SMB,West,UK,2024-12-15
1683,Customer 1683,Consumer,East,India,2024-08-22
1684,Customer 1684,Consumer,East,India,2024-01-28
1685,Customer 1685,SMB,West,India,2024-05-26
1686,Customer 1686,Consumer,West,India,2024-05-18
1687,Customer 1687,Consumer,North,UK,2025-01-19
1688,Customer 1688,Consumer,North,India,2025-01-19
1689,Customer 1689,SMB,East,India,2024-09-12
1690,Customer 1690,Enterprise,East,India,2025-04-25
1691,Customer 1691,Consumer,South,Singapore,2024-08-13
1692,Customer 1692,Consumer,North,Singapore,2024-10-05
1693,Customer 1693,SMB,North,Singapore,2023-11-11
1694,Customer 1694,Consumer,West,India,2024-03-16
1695,Customer 1695,Consumer,South,UK,2023-11-08
1696,Customer 1696,SMB,North,Singapore,2024-11-13
1697,Customer 1697,Consumer,East,India,2025-02-22
1698,Customer 1698,SMB,North,UAE,2025-03-30
1699,Customer 1699,Consumer,West,UAE,2025-02-02
1700,Customer 1700,SMB,East,UAE,2025-04-04
1701,Customer 1701,SMB,North,UAE,2024-03-25
1702,Customer 1702,Consumer,West,Singapore,2023-06-07
1703,Customer 1703,SMB,South,Singapore,2024-01-15
1704,Customer 1704,Consumer,East,UK,2023-02-23
1705,Customer 1705,Enterprise,South,India,2024-02-11
1706,Customer 1706,SMB,North,Singapore,2023-12-04
1707,Customer 1707,Consumer,West,UAE,2023-11-07
1708,Customer 1708,Consumer,North,India,2025-05-23
1709,Customer 1709,SMB,South,UK,2025-04-20
1710,Customer 1710,SMB,North,UAE,2023-06-07
1711,Customer 1711,SMB,South,India,2023-02-25
1712,Customer 1712,Enterprise,East,India,2025-02-23
1713,Customer 1713,Consumer,West,Singapore,2025-05-03
1714,Customer 1714,Consumer,South,Singapore,2024-12-24
1715,Customer 1715,SMB,South,UK,2023-10-10
1716,Customer 1716,SMB,South,UAE,2024-09-21
1717,Customer 1717,Enterprise,South,UAE,2024-12-12
1718,Customer 1718,SMB,North,UAE,2025-03-08
1719,Customer 1719,Consumer,North,Singapore,2023-11-27
1720,Customer 1720,Consumer,East,UK,2025-04-05
1721,Customer 1721,SMB,South,UK,2023-04-20
1722,Customer 1722,Consumer,West,UAE,2023-06-15
1723,Customer 1723,Consumer,North,India,2024-11-14
1724,Customer 1724,Consumer,South,UAE,2024-04-09
1725,Customer 1725,SMB,West,UK,2023-04-30
1726,Customer 1726,Consumer,East,UAE,2023-09-05
1727,Customer 1727,SMB,West,Singapore,2025-03-14
1728,Customer 1728,Consumer,East,UAE,2025-06-16
1729,Customer 1729,Consumer,East,UK,2023-10-16
1730,Customer 1730,Consumer,North,UAE,2024-03-23
1731,Customer 1731,Consumer,East,UAE,2025-06-03
1732,Customer 1732,Enterprise,West,Singapore,2024-01-24
1733,Customer 1733,SMB,North,India,2024-04-05
1734,Customer 1734,Consumer,West,UK,2023-09-20
1735,Customer 1735,Consumer,West,India,2023-08-26
1736,Customer 1736,Consumer,South,UK,2023-07-15
1737,Customer 1737,Enterprise,West,UK,2025-05-05
1738,Customer 1738,SMB,East,UK,2024-10-18
1739,Customer 1739,Consumer,North,UK,2024-11-06
1740,Customer 1740,Consumer,West,UAE,2023-10-22
1741,Customer 1741,Consumer,West,Singapore,2025-06-10
1742,Customer 1742,Enterprise,West,UAE,2023-06-27
1743,Customer 1743,Enterprise,North,UK,2024-12-27
1744,Customer 1744,Enterprise,North,Singapore,2025-05-18
1745,Customer 1745,Consumer,West,Singapore,2025-06-16
1746,Customer 1746,SMB,South,UK,2025-02-09
1747,Customer 1747,Consumer,West,UAE,2024-12-15
1748,Customer 1748,SMB,North,India,2024-10-14
1749,Customer 1749,Enterprise,South,Singapore,2024-01-20
1750,Customer 1750,Consumer,East,UK,2024-10-10
1751,Customer 1751,Consumer,West,India,2023-08-20
1752,Customer 1752,Consumer,North,UK,2025-02-17
1753,Customer 1753,Enterprise,West,Singapore,2024-08-07
1754,Customer 1754,Consumer,South,UAE,2024-10-03
1755,Customer 1755,SMB,West,Singapore,2023-09-14
1756,Customer 1756,Consumer,West,UK,2023-02-08
1757,Customer 1757,Enterprise,South,India,2025-04-12
1758,Customer 1758,Consumer,East,Singapore,2025-03-12
1759,Customer 1759,Consumer,South,UAE,2024-05-25
1760,Customer 1760,SMB,West,UK,2024-06-29
1761,Customer 1761,Consumer,North,UAE,2024-11-14
1762,Customer 1762,Consumer,North,UK,2023-06-06
1763,Customer 1763,Enterprise,East,Singapore,2023-03-10
1764,Customer 1764,Consumer,East,UK,2023-08-18
1765,Customer 1765,Consumer,North,UK,2023-11-29
1766,Customer 1766,Consumer,West,Singapore,2024-01-16
1767,Customer 1767,Consumer,South,Singapore,2023-07-10
1768,Customer 1768,Consumer,South,UK,2025-01-02
1769,Customer 1769,Enterprise,South,UK,2025-02-19
1770,Customer 1770,SMB,South,Singapore,2024-01-07
1771,Customer 1771,SMB,South,India,2024-07-22
1772,Customer 1772,Consumer,South,Singapore,2023-01-14
1773,Customer 1773,Consumer,West,Singapore,2023-11-05
1774,Customer 1774,Consumer,South,Singapore,2023-08-02
1775,Customer 1775,SMB,East,UK,2024-08-09
1776,Customer 1776,Consumer,West,India,2025-06-05
1777,Customer 1777,Consumer,North,UK,2024-10-07
1778,Customer 1778,SMB,East,UK,2023-08-02
1779,Customer 1779,Consumer,South,UK,2023-02-07
1780,Customer 1780,Consumer,South,Singapore,2024-04-28
1781,Customer 1781,SMB,East,Singapore,2024-11-12
1782,Customer 1782,SMB,South,UK,2025-03-31
1783,Customer 1783,SMB,South,Singapore,2024-07-01
1784,Customer 1784,Consumer,South,UAE,2023-11-15
1785,Customer 1785,Consumer,North,India,2023-10-31
1786,Customer 1786,Consumer,South,UAE,2023-06-27
1787,Customer 1787,Consumer,East,India,2024-01-18
1788,Customer 1788,SMB,South,India,2023-11-07
1789,Customer 1789,Consumer,West,Singapore,2024-10-19
1790,Customer 1790,Enterprise,East,Singapore,2023-09-19
1791,Customer 1791,SMB,North,UAE,2023-12-05
1792,Customer 1792,Consumer,South,UK,2023-09-27
1793,Customer 1793,Enterprise,North,Singapore,2023-10-16
1794,Customer 1794,Consumer,East,UAE,2023-08-06
1795,Customer 1795,Consumer,East,Singapore,2023-05-03
1796,Customer 1796,Consumer,West,Singapore,2023-03-30
1797,Customer 1797,SMB,West,UK,2023-11-09
1798,Customer 1798,Consumer,North,Singapore,2024-03-06
1799,Customer 1799,Enterprise,East,UAE,2024-05-01
1800,Customer 1800,Consumer,South,UAE,2023-09-22
1801,Customer 1801,SMB,North,UAE,2023-09-11
1802,Customer 1802,Enterprise,North,UAE,2024-12-18
1803,Customer 1803,Consumer,South,UK,2023-12-25
1804,Customer 1804,Enterprise,East,India,2023-07-16
1805,Customer 1805,SMB,South,UK,2024-06-14
1806,Customer 1806,Enterprise,South,India,2024-12-29
1807,Customer 1807,Consumer,North,Singapore,2023-12-24
1808,Customer 1808,Consumer,South,UAE,2025-03-24
1809,Customer 1809,SMB,South,UK,2023-05-10
1810,Customer 1810,Consumer,East,UK,2023-03-22
1811,Customer 1811,Enterprise,East,UK,2023-08-01
1812,Customer 1812,Enterprise,East,India,2024-05-18
1813,Customer 1813,Enterprise,South,UAE,2024-07-12
1814,Customer 1814,Consumer,North,UK,2025-03-03
1815,Customer 1815,Enterprise,South,India,2023-12-12
1816,Customer 1816,Enterprise,North,UAE,2025-03-13
1817,Customer 1817,SMB,East,Singapore,2024-12-02
1818,Customer 1818,Consumer,North,India,2023-11-01
1819,Customer 1819,Enterprise,West,UK,2024-04-27
1820,Customer 1820,Consumer,East,Singapore,2025-04-14
1821,Customer 1821,Consumer,North,UAE,2024-05-16
1822,Customer 1822,Consumer,South,Singapore,2024-11-24
1823,Customer 1823,SMB,South,India,2024-11-16
1824,Customer 1824,Consumer,North,UAE,2023-01-17
1825,Customer 1825,Consumer,West,UK,2024-09-01
1826,Customer 1826,SMB,East,Singapore,2023-01-30
1827,Customer 1827,Consumer,East,India,2023-10-05
1828,Customer 1828,Consumer,South,UAE,2023-09-06
1829,Customer 1829,Consumer,East,UAE,2024-05-13
1830,Customer 1830,Consumer,North,UK,2024-03-05
1831,Customer 1831,SMB,North,UK,2024-08-21
1832,Customer 1832,SMB,North,UK,2024-12-13
1833,Customer 1833,Consumer,West,UAE,2023-05-29
1834,Customer 1834,SMB,West,UAE,2024-05-30
1835,Customer 1835,Enterprise,West,Singapore,2023-09-30
1836,Customer 1836,Consumer,North,UK,2024-10-25
1837,Customer 1837,Consumer,North,UAE,2024-06-14
1838,Customer 1838,Consumer,North,India,2023-12-03
1839,Customer 1839,Consumer,South,India,2023-02-18
1840,Customer 1840,Consumer,North,India,2024-05-04
1841,Customer 1841,Consumer,South,UK,2023-11-05
1842,Customer 1842,SMB,South,UAE,2024-07-22
1843,Customer 1843,SMB,West,UK,2023-06-21
1844,Customer 1844,Consumer,South,Singapore,2023-05-02
1845,Customer 1845,SMB,West,India,2023-05-01
1846,Customer 1846,SMB,East,UAE,2024-12-01
1847,Customer 1847,SMB,East,India,2024-05-20
1848,Customer 1848,SMB,West,India,2023-05-13
1849,Customer 1849,Consumer,West,India,2024-03-18
1850,Customer 1850,Consumer,East,UK,2023-05-31
1851,Customer 1851,Consumer,East,Singapore,2024-09-15
1852,Customer 1852,Consumer,North,Singapore,2025-01-08
1853,Customer 1853,Consumer,West,UK,2023-06-29
1854,Customer 1854,SMB,East,India,2023-09-02
1855,Customer 1855,SMB,South,India,2024-12-27
1856,Customer 1856,Consumer,West,Singapore,2023-03-01
1857,Customer 1857,Enterprise,South,UAE,2024-04-04
1858,Customer 1858,Consumer,West,UK,2024-02-01
1859,Customer 1859,Consumer,South,Singapore,2023-04-28
1860,Customer 1860,Consumer,West,UAE,2023-03-03
1861,Customer 1861,Consumer,South,India,2025-01-11
1862,Customer 1862,SMB,West,UAE,2023-04-13
1863,Customer 1863,SMB,North,UK,2024-02-23
1864,Customer 1864,Consumer,North,UAE,2024-03-26
1865,Customer 1865,Consumer,East,India,2024-03-26
1866,Customer 1866,SMB,South,Singapore,2025-01-14
1867,Customer 1867,Enterprise,East,India,2023-04-24
1868,Customer 1868,Consumer,South,Singapore,2025-05-13
1869,Customer 1869,Consumer,North,Singapore,2024-07-27
1870,Customer 1870,Consumer,East,UAE,2024-06-11
1871,Customer 1871,Consumer,East,UK,2025-03-12
1872,Customer 1872,SMB,East,Singapore,2024-12-19
1873,Customer 1873,Consumer,South,UAE,2024-03-30
1874,Customer 1874,Consumer,South,Singapore,2023-06-27
1875,Customer 1875,Consumer,East,UK,2025-05-23
1876,Customer 1876,Consumer,West,UAE,2025-03-03
1877,Customer 1877,Consumer,North,UK,2025-04-26
1878,Customer 1878,Enterprise,East,UAE,2024-06-21
1879,Customer 1879,Consumer,South,UK,2023-10-06
1880,Customer 1880,SMB,South,Singapore,2024-12-16
1881,Customer 1881,SMB,South,UAE,2023-07-01
1882,Customer 1882,SMB,East,India,2024-11-20
1883,Customer 1883,SMB,West,UAE,2023-03-12
1884,Customer 1884,Enterprise,North,UAE,2023-04-22
1885,Customer 1885,SMB,West,Singapore,2024-09-04
1886,Customer 1886,Consumer,East,Singapore,2025-03-17
1887,Customer 1887,Consumer,North,India,2024-08-09
1888,Customer 1888,Consumer,South,Singapore,2025-06-05
1889,Customer 1889,Consumer,West,UAE,2023-09-05
1890,Customer 1890,Consumer,East,UK,2023-02-17
1891,Customer 1891,SMB,East,Singapore,2025-05-18
1892,Customer 1892,SMB,West,Singapore,2025-03-12
1893,Customer 1893,Enterprise,East,India,2025-02-03
1894,Customer 1894,Consumer,East,Singapore,2023-10-08
1895,Customer 1895,Consumer,North,UAE,2025-03-08
1896,Customer 1896,Consumer,West,Singapore,2024-08-11
1897,Customer 1897,Consumer,West,Singapore,2023-10-03
1898,Customer 1898,Consumer,South,Singapore,2023-07-03
1899,Customer 1899,SMB,North,UAE,2023-02-01
1900,Customer 1900,Consumer,West,UAE,2024-07-20
1901,Customer 1901,Enterprise,West,UK,2023-06-19
1902,Customer 1902,Consumer,North,India,2024-10-27
1903,Customer 1903,Consumer,South,India,2024-09-08
1904,Customer 1904,Consumer,South,UAE,2023-11-08
1905,Customer 1905,Consumer,North,UAE,2025-03-24
1906,Customer 1906,Enterprise,South,Singapore,2023-11-23
1907,Customer 1907,Consumer,West,UAE,2024-04-01
1908,Customer 1908,Consumer,South,Singapore,2024-01-30
1909,Customer 1909,Consumer,East,UAE,2024-02-18
1910,Customer 1910,Consumer,North,Singapore,2024-09-12
1911,Customer 1911,Enterprise,North,India,2024-08-04
1912,Customer 1912,Consumer,North,UAE,2025-06-15
1913,Customer 1913,Consumer,West,India,2024-07-05
1914,Customer 1914,Consumer,South,UK,2025-03-26
1915,Customer 1915,Enterprise,East,Singapore,2023-02-26
1916,Customer 1916,Consumer,East,India,2024-01-16
1917,Customer 1917,Consumer,South,UK,2024-04-16
1918,Customer 1918,SMB,North,Singapore,2023-11-08
1919,Customer 1919,Consumer,North,Singapore,2023-02-26
1920,Customer 1920,Consumer,West,Singapore,2025-02-17
1921,Customer 1921,SMB,East,UK,2023-10-08
1922,Customer 1922,Consumer,North,Singapore,2024-10-05
1923,Customer 1923,Consumer,South,UK,2023-02-10
1924,Customer 1924,Consumer,East,UAE,2024-02-25
1925,Customer 1925,Enterprise,North,UAE,2023-09-13
1926,Customer 1926,Consumer,South,UK,2024-10-18
1927,Customer 1927,SMB,North,UAE,2023-02-22
1928,Customer 1928,Consumer,South,UAE,2024-01-22
1929,Customer 1929,Consumer,South,UAE,2025-05-22
1930,Customer 1930,Consumer,West,UK,2025-04-08
1931,Customer 1931,Consumer,South,Singapore,2023-11-08
1932,Customer 1932,SMB,West,India,2024-01-08
1933,Customer 1933,Consumer,South,UK,2023-05-13
1934,Customer 1934,SMB,East,India,2024-12-29
1935,Customer 1935,Enterprise,West,UAE,2023-01-10
1936,Customer 1936,Consumer,West,Singapore,2024-08-03
1937,Customer 1937,Enterprise,West,India,2023-05-07
1938,Customer 1938,Consumer,North,UK,2023-11-26
1939,Customer 1939,Consumer,West,India,2024-03-31
1940,Customer 1940,Enterprise,West,Singapore,2024-06-27
1941,Customer 1941,SMB,East,UK,2025-05-18
1942,Customer 1942,Enterprise,South,UK,2023-03-19
1943,Customer 1943,Consumer,East,UAE,2024-07-09
1944,Customer 1944,Consumer,South,UAE,2023-08-15
1945,Customer 1945,Consumer,East,India,2024-02-15
1946,Customer 1946,Consumer,North,India,2024-06-24
1947,Customer 1947,Consumer,West,Singapore,2025-02-17
1948,Customer 1948,SMB,South,UK,2024-04-10
1949,Customer 1949,Consumer,East,UK,2023-02-11
1950,Customer 1950,Consumer,East,UAE,2024-10-13
1951,Customer 1951,Enterprise,North,UK,2025-06-07
1952,Customer 1952,Consumer,East,Singapore,2025-01-25
1953,Customer 1953,SMB,North,Singapore,2023-01-07
1954,Customer 1954,SMB,East,UK,2024-09-04
1955,Customer 1955,SMB,East,Singapore,2025-01-04
1956,Customer 1956,Consumer,East,UAE,2023-06-30
1957,Customer 1957,SMB,North,India,2024-04-17
1958,Customer 1958,Consumer,East,UAE,2024-05-28
1959,Customer 1959,Consumer,East,UAE,2024-02-23
1960,Customer 1960,Consumer,East,Singapore,2024-07-01
1961,Customer 1961,Consumer,East,Singapore,2023-03-16
1962,Customer 1962,SMB,West,Singapore,2025-04-20
1963,Customer 1963,SMB,East,UK,2023-01-26
1964,Customer 1964,Enterprise,East,India,2024-01-12
1965,Customer 1965,Consumer,North,UAE,2024-07-19
1966,Customer 1966,SMB,West,India,2024-08-31
1967,Customer 1967,Enterprise,North,Singapore,2023-12-23
1968,Customer 1968,Consumer,North,UK,2024-04-05
1969,Customer 1969,SMB,South,Singapore,2024-06-14
1970,Customer 1970,Consumer,West,Singapore,2024-02-23
1971,Customer 1971,SMB,South,India,2025-05-29
1972,Customer 1972,Enterprise,North,UAE,2025-03-28
1973,Customer 1973,Enterprise,West,Singapore,2023-07-09
1974,Customer 1974,Consumer,East,UK,2023-07-17
1975,Customer 1975,Consumer,North,UAE,2023-05-12
1976,Customer 1976,Consumer,South,India,2025-02-11
1977,Customer 1977,Consumer,East,Singapore,2023-01-19
1978,Customer 1978,Consumer,East,UAE,2023-09-05
1979,Customer 1979,SMB,West,UAE,2023-03-18
1980,Customer 1980,SMB,South,India,2023-08-24
1981,Customer 1981,Consumer,West,India,2023-11-29
1982,Customer 1982,Consumer,West,UAE,2025-03-25
1983,Customer 1983,Consumer,South,Singapore,2024-01-25
1984,Customer 1984,SMB,South,India,2024-11-26
1985,Customer 1985,SMB,West,UK,2023-04-18
1986,Customer 1986,Consumer,South,Singapore,2025-05-23
1987,Customer 1987,Consumer,West,UK,2024-04-28
1988,Customer 1988,Consumer,South,UK,2024-05-23
1989,Customer 1989,Consumer,West,Singapore,2024-07-17
1990,Customer 1990,Consumer,South,Singapore,2024-01-17
1991,Customer 1991,Consumer,South,UAE,2024-04-01
1992,Customer 1992,SMB,West,UK,2024-03-23
1993,Customer 1993,Consumer,South,UAE,2023-08-22
1994,Customer 1994,Consumer,East,India,2023-03-14
1995,Customer 1995,Consumer,West,UAE,2025-02-01
1996,Customer 1996,Consumer,West,India,2024-02-17
1997,Customer 1997,Consumer,North,UK,2023-07-12
1998,Customer 1998,Consumer,South,UAE,2025-02-12
1999,Customer 1999,Enterprise,West,Singapore,2023-08-03
2000,Customer 2000,Consumer,South,Singapore,2023-07-26
2001,Customer 2001,SMB,North,UAE,2023-11-25
2002,Customer 2002,SMB,North,India,2024-11-13
2003,Customer 2003,Consumer,North,India,2025-03-08
2004,Customer 2004,Enterprise,West,UK,2023-12-31
2005,Customer 2005,Enterprise,North,UK,2023-05-25
2006,Customer 2006,SMB,South,UK,2023-11-17
2007,Customer 2007,SMB,West,India,2023-10-22
2008,Customer 2008,Consumer,East,India,2023-03-11
2009,Customer 2009,SMB,North,UK,2025-04-14
2010,Customer 2010,SMB,West,India,2025-03-18
2011,Customer 2011,SMB,North,India,2023-10-03
2012,Customer 2012,Consumer,North,UAE,2024-02-10
2013,Customer 2013,Enterprise,North,Singapore,2024-09-14
2014,Customer 2014,Consumer,West,UAE,2024-06-26
2015,Customer 2015,SMB,North,India,2023-06-30
2016,Customer 2016,SMB,South,UAE,2023-11-29
2017,Customer 2017,Enterprise,West,India,2023-12-21
2018,Customer 2018,Consumer,South,UK,2023-07-23
2019,Customer 2019,SMB,North,UAE,2023-12-11
2020,Customer 2020,Enterprise,South,UK,2024-12-20
2021,Customer 2021,Enterprise,South,Singapore,2023-02-12
2022,Customer 2022,SMB,West,UAE,2024-02-22
2023,Customer 2023,Enterprise,West,India,2023-04-04
2024,Customer 2024,Consumer,East,India,2024-05-12
2025,Customer 2025,Consumer,North,India,2023-07-30
2026,Customer 2026,Consumer,South,UAE,2024-09-27
2027,Customer 2027,SMB,West,UAE,2023-10-03
2028,Customer 2028,Consumer,East,UK,2023-06-26
2029,Customer 2029,Consumer,West,India,2025-05-26
2030,Customer 2030,Consumer,South,UK,2023-11-05
2031,Customer 2031,Enterprise,East,India,2025-01-21
2032,Customer 2032,Enterprise,South,India,2023-04-25
2033,Customer 2033,Enterprise,South,India,2023-06-14
2034,Customer 2034,Consumer,North,Singapore,2024-01-10
2035,Customer 2035,Consumer,South,UK,2023-01-03
2036,Customer 2036,SMB,South,Singapore,2023-05-19
2037,Customer 2037,Consumer,East,Singapore,2023-11-28
2038,Customer 2038,Consumer,East,UK,2024-11-09
2039,Customer 2039,Consumer,South,India,2024-04-28
2040,Customer 2040,Consumer,South,UK,2023-05-20
2041,Customer 2041,Consumer,West,India,2023-01-06
2042,Customer 2042,Consumer,South,UK,2024-06-27
2043,Customer 2043,Consumer,North,UAE,2025-05-07
2044,Customer 2044,SMB,East,India,2025-02-26
2045,Customer 2045,Consumer,West,Singapore,2023-04-29
2046,Customer 2046,Consumer,West,Singapore,2023-07-22
2047,Customer 2047,Consumer,North,UK,2023-08-28
2048,Customer 2048,Consumer,West,India,2024-03-10
2049,Customer 2049,SMB,South,UAE,2023-05-20
2050,Customer 2050,Enterprise,South,UAE,2024-06-21
2051,Customer 2051,SMB,South,UK,2024-07-01
2052,Customer 2052,Enterprise,South,UAE,2023-07-09
2053,Customer 2053,Consumer,North,UK,2023-12-25
2054,Customer 2054,SMB,East,India,2023-08-13
2055,Customer 2055,Consumer,North,India,2024-11-21
2056,Customer 2056,Consumer,North,India,2025-03-02
2057,Customer 2057,Consumer,West,Singapore,2024-01-19
2058,Customer 2058,Enterprise,West,UK,2024-07-27
2059,Customer 2059,Consumer,South,India,2023-11-03
2060,Customer 2060,SMB,South,UAE,2024-08-05
2061,Customer 2061,Consumer,South,UK,2025-03-11
2062,Customer 2062,Consumer,North,UK,2025-03-16
2063,Customer 2063,Consumer,East,Singapore,2024-03-23
2064,Customer 2064,SMB,East,UK,2024-12-13
2065,Customer 2065,Enterprise,West,UK,2024-01-02
2066,Customer 2066,Consumer,West,UAE,2024-06-29
2067,Customer 2067,SMB,East,India,2024-05-16
2068,Customer 2068,Consumer,North,UAE,2024-03-25
2069,Customer 2069,Consumer,East,UK,2024-05-27
2070,Customer 2070,Consumer,East,UK,2024-09-25
2071,Customer 2071,Consumer,North,India,2024-01-11
2072,Customer 2072,Consumer,East,Singapore,2023-11-25
2073,Customer 2073,SMB,West,India,2023-06-02
2074,Customer 2074,Consumer,South,Singapore,2023-08-19
2075,Customer 2075,Consumer,West,UAE,2024-07-31
2076,Customer 2076,Consumer,North,UAE,2023-12-09
2077,Customer 2077,SMB,South,India,2025-02-01
2078,Customer 2078,Consumer,West,UK,2023-10-18
2079,Customer 2079,Consumer,East,UAE,2023-10-10
2080,Customer 2080,Consumer,South,UAE,2024-05-11
2081,Customer 2081,Consumer,West,India,2023-08-04
2082,Customer 2082,Consumer,North,UK,2024-06-01
2083,Customer 2083,SMB,East,India,2023-05-01
2084,Customer 2084,SMB,North,Singapore,2024-05-19
2085,Customer 2085,SMB,West,India,2025-06-16
2086,Customer 2086,Consumer,East,UAE,2024-05-23
2087,Customer 2087,Consumer,South,UAE,2024-08-10
2088,Customer 2088,Consumer,South,UAE,2024-05-06
2089,Customer 2089,Consumer,North,India,2024-02-12
2090,Customer 2090,Consumer,South,Singapore,2025-05-31
2091,Customer 2091,Consumer,East,India,2023-09-14
2092,Customer 2092,Enterprise,South,UAE,2024-10-21
2093,Customer 2093,Consumer,West,UAE,2024-04-26
2094,Customer 2094,Consumer,South,Singapore,2023-11-13
2095,Customer 2095,Consumer,North,Singapore,2024-04-19
2096,Customer 2096,Consumer,West,Singapore,2024-04-05
2097,Customer 2097,Consumer,North,UAE,2023-09-10
2098,Customer 2098,Consumer,South,UK,2023-06-21
2099,Customer 2099,Consumer,West,Singapore,2024-06-14
2100,Customer 2100,Consumer,South,UAE,2023-06-06
2101,Customer 2101,Consumer,West,India,2025-03-01
2102,Customer 2102,SMB,North,India,2025-02-07
2103,Customer 2103,Consumer,South,UAE,2025-01-28
2104,Customer 2104,Enterprise,South,UAE,2023-02-18
2105,Customer 2105,Consumer,North,UK,2024-06-17
2106,Customer 2106,Consumer,North,UAE,2024-07-06
2107,Customer 2107,Consumer,West,UK,2025-05-06
2108,Customer 2108,Consumer,East,India,2023-05-04
2109,Customer 2109,Consumer,East,India,2023-08-30
2110,Customer 2110,Consumer,North,Singapore,2025-06-04
2111,Customer 2111,Consumer,West,UAE,2024-09-05
2112,Customer 2112,Consumer,South,UAE,2024-12-09
2113,Customer 2113,Consumer,South,India,2023-01-11
2114,Customer 2114,Consumer,South,Singapore,2024-08-10
2115,Customer 2115,Consumer,North,India,2025-03-22
2116,Customer 2116,Consumer,South,India,2023-07-05
2117,Customer 2117,SMB,West,India,2023-04-27
2118,Customer 2118,Consumer,South,India,2023-03-23
2119,Customer 2119,SMB,East,Singapore,2025-01-19
2120,Customer 2120,SMB,West,Singapore,2024-05-02
2121,Customer 2121,Enterprise,South,India,2024-08-02
2122,Customer 2122,Consumer,North,Singapore,2024-11-25
2123,Customer 2123,Consumer,West,UK,2023-07-05
2124,Customer 2124,Consumer,East,UK,2023-01-13
2125,Customer 2125,SMB,North,Singapore,2023-11-18
2126,Customer 2126,Consumer,West,UK,2024-10-06
2127,Customer 2127,Consumer,North,Singapore,2023-05-14
2128,Customer 2128,Consumer,South,UK,2025-02-22
2129,Customer 2129,SMB,South,Singapore,2023-12-04
2130,Customer 2130,Consumer,East,Singapore,2023-09-11
2131,Customer 2131,Consumer,North,India,2025-05-26
2132,Customer 2132,Enterprise,East,Singapore,2024-09-23
2133,Customer 2133,Consumer,East,UAE,2024-01-23
2134,Customer 2134,Consumer,North,UK,2024-08-22
2135,Customer 2135,SMB,North,UAE,2024-06-12
2136,Customer 2136,Consumer,North,Singapore,2024-10-17
2137,Customer 2137,SMB,West,UK,2024-07-21
2138,Customer 2138,SMB,West,UK,2023-01-19
2139,Customer 2139,Consumer,East,India,2024-04-20
2140,Customer 2140,Consumer,West,UK,2023-01-03
2141,Customer 2141,Consumer,South,India,2024-09-30
2142,Customer 2142,Consumer,West,Singapore,2023-09-13
2143,Customer 2143,SMB,North,UK,2023-02-01
2144,Customer 2144,Consumer,West,India,2024-10-30
2145,Customer 2145,SMB,North,India,2024-01-28
2146,Customer 2146,Consumer,North,UAE,2023-02-15
2147,Customer 2147,Consumer,North,UAE,2023-07-17
2148,Customer 2148,SMB,North,Singapore,2024-04-19
2149,Customer 2149,Enterprise,West,Singapore,2024-11-21
2150,Customer 2150,Consumer,East,India,2023-05-02
2151,Customer 2151,Consumer,West,India,2024-09-14
2152,Customer 2152,SMB,South,Singapore,2023-06-02
2153,Customer 2153,Enterprise,North,UAE,2023-05-26
2154,Customer 2154,SMB,North,UK,2024-01-04
2155,Customer 2155,Consumer,North,Singapore,2024-12-21
2156,Customer 2156,Enterprise,South,UK,2024-07-07
2157,Customer 2157,Consumer,East,UAE,2024-04-16
2158,Customer 2158,SMB,West,Singapore,2025-01-01
2159,Customer 2159,Consumer,South,UAE,2023-10-31
2160,Customer 2160,Consumer,West,India,2025-02-19
2161,Customer 2161,Consumer,North,Singapore,2025-06-15
2162,Customer 2162,SMB,East,India,2023-03-29
2163,Customer 2163,Consumer,South,Singapore,2023-02-19
2164,Customer 2164,Enterprise,West,UK,2025-03-31
2165,Customer 2165,SMB,South,India,2024-12-13
2166,Customer 2166,Consumer,East,Singapore,2025-05-22
2167,Customer 2167,Consumer,West,UK,2023-05-12
2168,Customer 2168,Consumer,North,Singapore,2024-01-27
2169,Customer 2169,Consumer,North,Singapore,2023-06-12
2170,Customer 2170,Consumer,South,Singapore,2024-03-25
2171,Customer 2171,SMB,South,Singapore,2023-10-29
2172,Customer 2172,SMB,South,Singapore,2023-01-12
2173,Customer 2173,Consumer,East,India,2025-02-21
2174,Customer 2174,Enterprise,East,UK,2024-03-21
2175,Customer 2175,Consumer,West,India,2023-02-24
2176,Customer 2176,Consumer,South,India,2024-05-24
2177,Customer 2177,SMB,South,India,2023-12-16
2178,Customer 2178,Consumer,East,Singapore,2024-09-10
2179,Customer 2179,Consumer,North,India,2024-01-03
2180,Customer 2180,Consumer,North,UK,2025-02-19
2181,Customer 2181,Consumer,East,India,2025-01-07
2182,Customer 2182,SMB,South,India,2024-11-28
2183,Customer 2183,Enterprise,South,UK,2024-03-11
2184,Customer 2184,Consumer,East,Singapore,2024-07-12
2185,Customer 2185,Consumer,North,India,2024-05-19
2186,Customer 2186,Consumer,East,UK,2023-01-15
2187,Customer 2187,Consumer,South,India,2023-11-23
2188,Customer 2188,SMB,South,UAE,2025-02-17
2189,Customer 2189,Enterprise,East,UAE,2023-12-29
2190,Customer 2190,SMB,West,UAE,2025-06-07
2191,Customer 2191,Consumer,East,UK,2025-05-29
2192,Customer 2192,SMB,South,Singapore,2024-05-07
2193,Customer 2193,Enterprise,North,India,2023-03-05
2194,Customer 2194,Consumer,North,UAE,2024-01-03
2195,Customer 2195,Enterprise,East,India,2024-06-29
2196,Customer 2196,Consumer,West,UK,2025-04-18
2197,Customer 2197,Enterprise,East,UK,2023-05-25
2198,Customer 2198,Consumer,North,UK,2024-03-18
2199,Customer 2199,Consumer,West,UAE,2025-05-27
2200,Customer 2200,Enterprise,North,UAE,2025-05-25
2201,Customer 2201,Consumer,West,India,2025-02-12
2202,Customer 2202,Consumer,West,Singapore,2024-02-17
2203,Customer 2203,SMB,East,India,2024-06-09
2204,Customer 2204,Consumer,South,Singapore,2023-07-18
2205,Customer 2205,SMB,North,Singapore,2024-11-23
2206,Customer 2206,SMB,South,Singapore,2024-03-19
2207,Customer 2207,Consumer,North,Singapore,2024-11-16
2208,Customer 2208,Consumer,East,Singapore,2023-08-18
2209,Customer 2209,Consumer,East,UK,2024-03-07
2210,Customer 2210,Consumer,North,UK,2023-05-31
2211,Customer 2211,Consumer,South,Singapore,2023-08-28
2212,Customer 2212,Enterprise,South,UAE,2025-05-04
2213,Customer 2213,Consumer,South,Singapore,2023-03-27
2214,Customer 2214,SMB,West,UK,2025-06-06
2215,Customer 2215,SMB,West,India,2025-05-19
2216,Customer 2216,Consumer,East,India,2024-10-16
2217,Customer 2217,Consumer,West,India,2025-06-03
2218,Customer 2218,Enterprise,East,Singapore,2024-06-09
2219,Customer 2219,Enterprise,North,UAE,2025-06-02
2220,Customer 2220,Consumer,South,Singapore,2025-06-14
2221,Customer 2221,Consumer,South,UK,2023-01-26
2222,Customer 2222,Enterprise,South,Singapore,2025-06-13
2223,Customer 2223,Consumer,East,Singapore,2024-03-22
2224,Customer 2224,Consumer,South,UK,2023-10-09
2225,Customer 2225,Consumer,East,UK,2024-08-11
2226,Customer 2226,SMB,East,Singapore,2023-02-12
2227,Customer 2227,SMB,South,UAE,2024-07-22
2228,Customer 2228,SMB,North,India,2023-06-09
2229,Customer 2229,Consumer,South,UK,2023-07-09
2230,Customer 2230,Consumer,South,India,2023-08-26
2231,Customer 2231,Consumer,South,India,2024-06-07
2232,Customer 2232,Consumer,West,Singapore,2023-04-26
2233,Customer 2233,Consumer,East,UK,2024-12-21
2234,Customer 2234,SMB,West,India,2024-01-31
2235,Customer 2235,Enterprise,East,India,2023-10-19
2236,Customer 2236,Enterprise,West,India,2024-07-19
2237,Customer 2237,SMB,North,UAE,2025-01-23
2238,Customer 2238,Enterprise,North,UK,2023-01-23
2239,Customer 2239,SMB,South,India,2024-07-28
2240,Customer 2240,SMB,South,India,2024-02-24
2241,Customer 2241,Enterprise,West,India,2023-08-08
2242,Customer 2242,SMB,West,India,2023-08-10
2243,Customer 2243,Consumer,North,UK,2023-08-13
2244,Customer 2244,Consumer,West,UAE,2024-02-04
2245,Customer 2245,SMB,North,UK,2024-08-11
2246,Customer 2246,Consumer,North,UK,2024-01-13
2247,Customer 2247,Enterprise,South,Singapore,2024-05-20
2248,Customer 2248,Enterprise,North,UAE,2023-12-13
2249,Customer 2249,Consumer,North,UK,2025-05-09
2250,Customer 2250,SMB,West,UK,2023-10-26
2251,Customer 2251,SMB,South,India,2023-01-14
2252,Customer 2252,Consumer,North,UAE,2023-04-01
2253,Customer 2253,Consumer,South,India,2023-05-18
2254,Customer 2254,Consumer,West,India,2024-07-20
2255,Customer 2255,Consumer,North,UK,2024-04-18
2256,Customer 2256,Consumer,South,India,2025-03-09
2257,Customer 2257,SMB,North,UK,2023-12-28
2258,Customer 2258,Consumer,North,UAE,2024-01-07
2259,Customer 2259,SMB,South,UK,2023-05-29
2260,Customer 2260,Enterprise,South,UAE,2023-12-10
2261,Customer 2261,SMB,South,UK,2024-02-29
2262,Customer 2262,Consumer,West,UK,2023-01-14
2263,Customer 2263,Consumer,South,UK,2024-03-21
2264,Customer 2264,SMB,East,UK,2025-02-28
2265,Customer 2265,Consumer,East,Singapore,2025-03-16
2266,Customer 2266,Consumer,South,UAE,2023-03-07
2267,Customer 2267,Consumer,East,UAE,2025-05-21
2268,Customer 2268,Consumer,South,India,2024-11-12
2269,Customer 2269,Consumer,East,UAE,2024-11-11
2270,Customer 2270,Consumer,West,UAE,2025-05-05
2271,Customer 2271,SMB,North,India,2024-10-25
2272,Customer 2272,SMB,West,Singapore,2024-07-17
2273,Customer 2273,SMB,South,UAE,2024-02-26
2274,Customer 2274,Consumer,South,India,2024-06-26
2275,Customer 2275,Consumer,East,UK,2025-02-21
2276,Customer 2276,Enterprise,North,Singapore,2023-03-12
2277,Customer 2277,SMB,West,Singapore,2024-04-30
2278,Customer 2278,Consumer,South,UAE,2024-05-04
2279,Customer 2279,SMB,South,India,2023-11-17
2280,Customer 2280,SMB,East,India,2025-04-05
2281,Customer 2281,Enterprise,South,India,2023-02-05
2282,Customer 2282,SMB,North,UAE,2023-07-18
2283,Customer 2283,SMB,North,India,2023-08-06
2284,Customer 2284,Consumer,North,UK,2023-05-13
2285,Customer 2285,Consumer,North,UK,2025-03-09
2286,Customer 2286,Enterprise,North,UAE,2024-05-21
2287,Customer 2287,Enterprise,South,UAE,2023-06-24
2288,Customer 2288,Consumer,North,UAE,2025-01-08
2289,Customer 2289,Consumer,North,Singapore,2023-03-11
2290,Customer 2290,SMB,East,India,2024-01-04
2291,Customer 2291,SMB,East,UAE,2024-12-13
2292,Customer 2292,Enterprise,East,UAE,2023-08-19
2293,Customer 2293,Consumer,North,UAE,2024-10-08
2294,Customer 2294,SMB,East,India,2023-12-03
2295,Customer 2295,Consumer,West,India,2024-06-06
2296,Customer 2296,Consumer,East,UK,2023-07-31
2297,Customer 2297,Consumer,West,Singapore,2025-02-04
2298,Customer 2298,Enterprise,East,Singapore,2024-07-21
2299,Customer 2299,SMB,North,UK,2024-04-26
2300,Customer 2300,SMB,East,UK,2023-03-16
2301,Customer 2301,Consumer,West,UAE,2023-11-08
2302,Customer 2302,Consumer,North,UK,2023-01-22
2303,Customer 2303,Consumer,East,UAE,2023-02-02
2304,Customer 2304,SMB,South,UK,2024-02-08
2305,Customer 2305,Enterprise,East,UAE,2025-01-22
2306,Customer 2306,Consumer,West,UK,2024-06-14
2307,Customer 2307,Consumer,South,Singapore,2024-05-22
2308,Customer 2308,SMB,East,Singapore,2024-12-06
2309,Customer 2309,Consumer,South,India,2024-03-30
2310,Customer 2310,Consumer,West,UAE,2023-12-25
2311,Customer 2311,Consumer,North,Singapore,2023-09-19
2312,Customer 2312,Consumer,South,India,2023-11-02
2313,Customer 2313,SMB,West,UAE,2023-09-21
2314,Customer 2314,Consumer,West,Singapore,2024-06-26
2315,Customer 2315,Consumer,East,India,2023-04-24
2316,Customer 2316,Consumer,East,UK,2023-04-19
2317,Customer 2317,Consumer,South,UAE,2025-02-10
2318,Customer 2318,SMB,East,India,2025-01-13
2319,Customer 2319,SMB,North,UAE,2024-12-08
2320,Customer 2320,Enterprise,South,UAE,2025-06-03
2321,Customer 2321,Consumer,West,UAE,2023-05-18
2322,Customer 2322,Consumer,West,India,2023-01-15
2323,Customer 2323,SMB,North,UK,2024-11-14
2324,Customer 2324,Consumer,South,Singapore,2025-02-06
2325,Customer 2325,SMB,East,India,2024-09-23
2326,Customer 2326,Consumer,East,Singapore,2023-11-14
2327,Customer 2327,SMB,East,India,2023-07-06
2328,Customer 2328,SMB,North,Singapore,2024-09-04
2329,Customer 2329,Consumer,East,India,2023-04-19
2330,Customer 2330,Consumer,East,UK,2023-11-30
2331,Customer 2331,Consumer,West,Singapore,2023-10-17
2332,Customer 2332,Consumer,South,India,2024-07-06
2333,Customer 2333,SMB,South,UAE,2024-12-22
2334,Customer 2334,Consumer,East,Singapore,2023-11-07
2335,Customer 2335,Consumer,South,UAE,2024-05-29
2336,Customer 2336,Enterprise,East,UK,2024-07-31
2337,Customer 2337,SMB,South,India,2024-06-04
2338,Customer 2338,Consumer,North,UAE,2023-05-06
2339,Customer 2339,SMB,North,UK,2025-05-13
2340,Customer 2340,Consumer,East,India,2025-04-19
2341,Customer 2341,Consumer,West,India,2023-05-04
2342,Customer 2342,Enterprise,South,UAE,2025-04-10
2343,Customer 2343,SMB,North,India,2024-03-10
2344,Customer 2344,SMB,South,Singapore,2024-11-19
2345,Customer 2345,Consumer,West,UK,2023-08-06
2346,Customer 2346,Consumer,South,India,2023-12-11
2347,Customer 2347,Enterprise,South,UK,2025-01-30
2348,Customer 2348,SMB,East,Singapore,2023-08-11
2349,Customer 2349,Consumer,South,UK,2023-01-06
2350,Customer 2350,Consumer,South,UAE,2024-06-25
2351,Customer 2351,Consumer,North,UK,2024-06-05
2352,Customer 2352,Enterprise,West,India,2024-06-12
2353,Customer 2353,Consumer,North,UK,2023-05-03
2354,Customer 2354,SMB,West,Singapore,2023-10-21
2355,Customer 2355,Consumer,West,Singapore,2024-04-19
2356,Customer 2356,Enterprise,East,Singapore,2024-07-02
2357,Customer 2357,SMB,East,UAE,2025-02-27
2358,Customer 2358,SMB,West,India,2025-04-03
2359,Customer 2359,SMB,South,UK,2025-04-05
2360,Customer 2360,SMB,West,Singapore,2024-01-06
2361,Customer 2361,Consumer,West,UK,2024-05-29
2362,Customer 2362,SMB,South,Singapore,2023-05-24
2363,Customer 2363,Consumer,South,Singapore,2023-12-15
2364,Customer 2364,Enterprise,West,UK,2023-05-15
2365,Customer 2365,SMB,West,UAE,2023-09-10
2366,Customer 2366,Consumer,North,Singapore,2023-10-11
2367,Customer 2367,Consumer,South,Singapore,2023-09-28
2368,Customer 2368,Consumer,West,UAE,2023-01-02
2369,Customer 2369,Enterprise,North,UAE,2023-02-22
2370,Customer 2370,Consumer,West,UAE,2024-09-25
2371,Customer 2371,SMB,North,UAE,2025-02-04
2372,Customer 2372,SMB,South,UAE,2023-09-13
2373,Customer 2373,Consumer,North,India,2023-08-06
2374,Customer 2374,Consumer,South,India,2025-03-19
2375,Customer 2375,Consumer,South,India,2023-06-13
2376,Customer 2376,SMB,North,UK,2024-09-28
2377,Customer 2377,SMB,North,India,2024-07-11
2378,Customer 2378,Consumer,East,India,2023-02-08
2379,Customer 2379,Consumer,South,UAE,2024-01-21
2380,Customer 2380,Consumer,South,India,2023-06-08
2381,Customer 2381,Consumer,North,UK,2025-01-17
2382,Customer 2382,Consumer,North,UAE,2023-09-17
2383,Customer 2383,Consumer,East,UK,2023-01-10
2384,Customer 2384,Consumer,East,UAE,2024-10-28
2385,Customer 2385,Consumer,West,UK,2023-02-03
2386,Customer 2386,Consumer,West,UK,2023-08-01
2387,Customer 2387,Consumer,West,India,2023-08-15
2388,Customer 2388,Enterprise,South,UK,2023-08-18
2389,Customer 2389,SMB,South,India,2024-06-12
2390,Customer 2390,Consumer,North,UK,2024-04-08
2391,Customer 2391,Consumer,West,India,2023-12-21
2392,Customer 2392,SMB,North,UAE,2024-02-19
2393,Customer 2393,SMB,East,UAE,2025-02-12
2394,Customer 2394,SMB,South,UAE,2024-08-17
2395,Customer 2395,SMB,South,UAE,2023-04-04
2396,Customer 2396,Consumer,East,UK,2025-02-25
2397,Customer 2397,Consumer,West,India,2023-11-02
2398,Customer 2398,SMB,North,Singapore,2024-06-30
2399,Customer 2399,Enterprise,East,UK,2025-01-10
2400,Customer 2400,SMB,North,India,2024-10-12
2401,Customer 2401,Enterprise,East,UAE,2025-04-04
2402,Customer 2402,Consumer,South,UK,2023-05-27
2403,Customer 2403,SMB,South,UK,2024-03-13
2404,Customer 2404,SMB,North,India,2024-03-04
2405,Customer 2405,Consumer,North,UAE,2025-04-08
2406,Customer 2406,Consumer,East,Singapore,2024-06-21
2407,Customer 2407,Consumer,North,UAE,2024-11-23
2408,Customer 2408,Consumer,North,India,2024-08-16
2409,Customer 2409,Consumer,East,India,2024-09-09
2410,Customer 2410,Consumer,North,India,2025-03-07
2411,Customer 2411,Consumer,South,Singapore,2023-09-16
2412,Customer 2412,SMB,West,Singapore,2024-12-24
2413,Customer 2413,Consumer,West,India,2024-07-31
2414,Customer 2414,Consumer,West,UAE,2023-04-19
2415,Customer 2415,Consumer,East,UK,2025-01-24
2416,Customer 2416,Consumer,North,UAE,2023-09-07
2417,Customer 2417,SMB,North,UAE,2023-06-29
2418,Customer 2418,Consumer,North,India,2025-06-17
2419,Customer 2419,Enterprise,North,India,2023-12-25
2420,Customer 2420,Enterprise,North,UK,2025-05-12
2421,Customer 2421,Enterprise,North,UAE,2025-03-10
2422,Customer 2422,SMB,East,Singapore,2023-06-02
2423,Customer 2423,Consumer,North,UK,2024-09-12
2424,Customer 2424,Consumer,West,UAE,2024-08-04
2425,Customer 2425,Consumer,South,Singapore,2023-07-10
2426,Customer 2426,SMB,West,UK,2024-04-23
2427,Customer 2427,SMB,South,India,2024-08-06
2428,Customer 2428,Consumer,South,UK,2024-01-06
2429,Customer 2429,Consumer,West,UK,2024-05-19
2430,Customer 2430,Consumer,East,UAE,2025-04-28
2431,Customer 2431,Enterprise,West,Singapore,2023-09-26
2432,Customer 2432,Consumer,South,Singapore,2024-03-05
2433,Customer 2433,Enterprise,South,Singapore,2023-07-22
2434,Customer 2434,Enterprise,West,Singapore,2025-02-19
2435,Customer 2435,SMB,West,Singapore,2024-12-12
2436,Customer 2436,Consumer,South,UAE,2024-08-25
2437,Customer 2437,Consumer,North,India,2023-07-04
2438,Customer 2438,Enterprise,West,UAE,2025-05-23
2439,Customer 2439,Consumer,North,Singapore,2023-08-22
2440,Customer 2440,SMB,South,Singapore,2025-03-24
2441,Customer 2441,Consumer,North,UK,2025-02-16
2442,Customer 2442,Consumer,North,Singapore,2024-02-21
2443,Customer 2443,Consumer,East,UAE,2025-06-18
2444,Customer 2444,Consumer,South,UAE,2025-03-24
2445,Customer 2445,Consumer,East,UK,2025-05-13
2446,Customer 2446,Enterprise,West,UAE,2025-04-20
2447,Customer 2447,Consumer,West,India,2024-04-09
2448,Customer 2448,SMB,West,UK,2023-03-15
2449,Customer 2449,Consumer,East,UAE,2024-09-21
2450,Customer 2450,Enterprise,North,UK,2023-07-17
2451,Customer 2451,Consumer,East,UAE,2023-05-22
2452,Customer 2452,SMB,East,Singapore,2024-09-05
2453,Customer 2453,Enterprise,North,UAE,2023-04-01
2454,Customer 2454,Consumer,East,India,2023-07-20
2455,Customer 2455,SMB,South,India,2025-02-18
2456,Customer 2456,Consumer,South,UAE,2023-05-05
2457,Customer 2457,Consumer,West,UAE,2023-04-07
2458,Customer 2458,Consumer,North,UK,2023-01-26
2459,Customer 2459,Enterprise,West,UAE,2024-12-13
2460,Customer 2460,Consumer,South,Singapore,2024-10-05
2461,Customer 2461,Consumer,South,India,2023-11-19
2462,Customer 2462,Enterprise,North,India,2024-05-12
2463,Customer 2463,Consumer,South,UK,2023-01-25
2464,Customer 2464,SMB,East,UAE,2024-08-16
2465,Customer 2465,Enterprise,West,Singapore,2023-12-20
2466,Customer 2466,Consumer,East,India,2024-07-04
2467,Customer 2467,Enterprise,North,UAE,2025-02-02
2468,Customer 2468,Consumer,East,UAE,2023-06-05
2469,Customer 2469,Consumer,East,UK,2024-04-25
2470,Customer 2470,Consumer,North,Singapore,2024-04-06
2471,Customer 2471,Consumer,East,UK,2023-09-18
2472,Customer 2472,Consumer,West,UAE,2024-01-02
2473,Customer 2473,Consumer,North,UK,2023-11-02
2474,Customer 2474,SMB,South,UAE,2023-01-09
2475,Customer 2475,Consumer,East,UAE,2023-12-04
2476,Customer 2476,Consumer,North,Singapore,2024-10-26
2477,Customer 2477,SMB,South,UK,2023-05-14
2478,Customer 2478,Consumer,East,UK,2024-11-03
2479,Customer 2479,Consumer,East,India,2023-03-03
2480,Customer 2480,SMB,North,UK,2025-05-28
2481,Customer 2481,Consumer,South,UAE,2023-01-19
2482,Customer 2482,Consumer,East,UAE,2023-08-22
2483,Customer 2483,Enterprise,West,India,2024-05-13
2484,Customer 2484,Consumer,North,UK,2024-11-02
2485,Customer 2485,SMB,East,UAE,2025-05-10
2486,Customer 2486,SMB,South,UK,2023-04-30
2487,Customer 2487,Consumer,North,Singapore,2023-10-02
2488,Customer 2488,Enterprise,West,India,2024-06-20
2489,Customer 2489,Consumer,North,Singapore,2024-07-06
2490,Customer 2490,SMB,North,Singapore,2024-08-08
2491,Customer 2491,SMB,East,UK,2023-11-04
2492,Customer 2492,SMB,North,Singapore,2023-06-17
2493,Customer 2493,Consumer,West,UK,2025-05-08
2494,Customer 2494,SMB,East,UK,2024-02-06
2495,Customer 2495,SMB,West,UAE,2023-12-18
2496,Customer 2496,Enterprise,North,UAE,2024-02-27
2497,Customer 2497,Enterprise,East,UK,2024-10-13
2498,Customer 2498,SMB,North,Singapore,2023-07-30
2499,Customer 2499,SMB,West,Singapore,2023-01-30
2500,Customer 2500,Consumer,East,UAE,2023-06-28
2501,Customer 2501,Consumer,South,Singapore,2024-08-01
2502,Customer 2502,Consumer,East,UAE,2025-02-07
2503,Customer 2503,Consumer,North,UK,2024-11-03
2504,Customer 2504,SMB,East,UK,2023-12-27
2505,Customer 2505,SMB,North,UAE,2024-05-18
2506,Customer 2506,SMB,North,UK,2025-04-24
2507,Customer 2507,Consumer,West,UK,2024-01-17
2508,Customer 2508,Consumer,West,UAE,2024-10-04
2509,Customer 2509,Consumer,East,Singapore,2024-02-05
2510,Customer 2510,Enterprise,East,UK,2023-10-28
2511,Customer 2511,Consumer,North,Singapore,2024-08-26
2512,Customer 2512,Enterprise,West,UAE,2024-01-10
2513,Customer 2513,Consumer,South,UK,2025-05-10
2514,Customer 2514,Consumer,North,India,2023-01-20
2515,Customer 2515,Consumer,East,UK,2023-05-18
2516,Customer 2516,Consumer,South,Singapore,2024-04-19
2517,Customer 2517,SMB,North,UK,2024-12-17
2518,Customer 2518,SMB,South,UK,2024-09-17
2519,Customer 2519,Consumer,North,Singapore,2023-05-24
2520,Customer 2520,Enterprise,South,India,2025-02-19
2521,Customer 2521,Enterprise,East,India,2023-04-21
2522,Customer 2522,SMB,East,Singapore,2023-01-03
2523,Customer 2523,Consumer,North,Singapore,2024-01-10
2524,Customer 2524,SMB,South,UK,2024-01-09
2525,Customer 2525,SMB,South,UK,2024-08-29
2526,Customer 2526,Consumer,East,UAE,2025-05-09
2527,Customer 2527,Consumer,North,UK,2023-09-27
2528,Customer 2528,Consumer,East,Singapore,2024-12-22
2529,Customer 2529,SMB,South,UK,2023-07-04
2530,Customer 2530,Consumer,East,Singapore,2025-03-06
2531,Customer 2531,Consumer,North,Singapore,2024-04-13
2532,Customer 2532,Enterprise,North,Singapore,2025-03-20
2533,Customer 2533,SMB,East,UK,2025-04-01
2534,Customer 2534,Consumer,West,UAE,2025-04-03
2535,Customer 2535,Consumer,East,UK,2024-08-06
2536,Customer 2536,Consumer,West,Singapore,2024-08-21
2537,Customer 2537,SMB,West,UK,2023-01-06
2538,Customer 2538,Enterprise,North,UK,2023-12-26
2539,Customer 2539,Enterprise,North,Singapore,2024-06-14
2540,Customer 2540,Consumer,South,Singapore,2025-01-10
2541,Customer 2541,Consumer,North,UK,2024-03-07
2542,Customer 2542,SMB,South,UAE,2025-01-08
2543,Customer 2543,Enterprise,West,UK,2024-06-10
2544,Customer 2544,Enterprise,West,UK,2024-03-15
2545,Customer 2545,Enterprise,South,UAE,2023-09-02
2546,Customer 2546,SMB,West,Singapore,2023-11-04
2547,Customer 2547,SMB,South,Singapore,2025-05-07
2548,Customer 2548,SMB,West,India,2023-10-14
2549,Customer 2549,Consumer,East,India,2024-06-21
2550,Customer 2550,Consumer,South,UK,2024-05-14
2551,Customer 2551,Enterprise,West,UK,2025-01-14
2552,Customer 2552,Enterprise,South,Singapore,2025-04-06
2553,Customer 2553,Consumer,East,Singapore,2023-06-07
2554,Customer 2554,Consumer,North,UAE,2023-03-23
2555,Customer 2555,SMB,East,UAE,2025-06-14
2556,Customer 2556,SMB,West,UAE,2025-02-21
2557,Customer 2557,Consumer,West,UAE,2023-01-04
2558,Customer 2558,SMB,East,UAE,2023-02-19
2559,Customer 2559,Consumer,East,Singapore,2024-09-08
2560,Customer 2560,SMB,East,UAE,2025-02-06
2561,Customer 2561,SMB,South,India,2024-08-22
2562,Customer 2562,SMB,West,UK,2023-01-09
2563,Customer 2563,Consumer,West,UK,2023-12-27
2564,Customer 2564,Enterprise,West,UAE,2023-01-10
2565,Customer 2565,SMB,South,UK,2024-08-10
2566,Customer 2566,SMB,South,UK,2025-05-14
2567,Customer 2567,Consumer,South,Singapore,2023-04-20
2568,Customer 2568,Consumer,North,Singapore,2023-10-02
2569,Customer 2569,Consumer,South,UK,2023-10-23
2570,Customer 2570,Consumer,North,Singapore,2023-12-29
2571,Customer 2571,SMB,South,Singapore,2023-02-14
2572,Customer 2572,Consumer,West,India,2023-05-18
2573,Customer 2573,SMB,East,Singapore,2023-03-09
2574,Customer 2574,Consumer,South,India,2023-06-14
2575,Customer 2575,Consumer,North,India,2025-06-09
2576,Customer 2576,Consumer,North,UK,2024-08-21
2577,Customer 2577,Consumer,West,UK,2025-05-06
2578,Customer 2578,SMB,West,Singapore,2023-12-19
2579,Customer 2579,Consumer,West,UAE,2023-03-26
2580,Customer 2580,Consumer,South,UK,2023-08-14
2581,Customer 2581,Consumer,South,India,2024-09-29
2582,Customer 2582,Consumer,South,UAE,2024-10-23
2583,Customer 2583,SMB,South,UK,2023-08-25
2584,Customer 2584,SMB,East,Singapore,2024-02-08
2585,Customer 2585,Enterprise,South,UK,2024-10-02
2586,Customer 2586,Enterprise,North,UK,2024-06-24
2587,Customer 2587,Consumer,East,UK,2024-08-16
2588,Customer 2588,Consumer,West,UK,2025-02-01
2589,Customer 2589,Enterprise,West,Singapore,2023-10-19
2590,Customer 2590,SMB,North,UAE,2024-05-20
2591,Customer 2591,Enterprise,North,India,2023-05-01
2592,Customer 2592,SMB,West,UK,2024-02-26
2593,Customer 2593,Enterprise,North,Singapore,2023-07-30
2594,Customer 2594,Consumer,North,UK,2025-06-11
2595,Customer 2595,SMB,North,Singapore,2024-04-03
2596,Customer 2596,Consumer,North,UAE,2025-04-11
2597,Customer 2597,Consumer,South,India,2025-05-25
2598,Customer 2598,Consumer,North,UAE,2024-09-29
2599,Customer 2599,SMB,North,India,2023-12-08
2600,Customer 2600,Enterprise,West,UAE,2025-02-13
2601,Customer 2601,Consumer,South,UAE,2024-07-07
2602,Customer 2602,Consumer,East,UK,2024-06-02
2603,Customer 2603,Consumer,East,Singapore,2023-04-04
2604,Customer 2604,SMB,North,UAE,2025-05-16
2605,Customer 2605,Consumer,South,UK,2025-04-06
2606,Customer 2606,Consumer,East,India,2023-03-28
2607,Customer 2607,Consumer,West,UAE,2024-09-06
2608,Customer 2608,SMB,North,Singapore,2025-05-19
2609,Customer 2609,Enterprise,North,UK,2025-05-19
2610,Customer 2610,Consumer,North,Singapore,2023-04-12
2611,Customer 2611,Consumer,South,UAE,2023-06-23
2612,Customer 2612,Consumer,East,UAE,2024-12-08
2613,Customer 2613,Consumer,North,Singapore,2023-10-18
2614,Customer 2614,Consumer,South,UK,2024-05-30
2615,Customer 2615,Consumer,North,Singapore,2023-03-18
2616,Customer 2616,SMB,South,India,2023-10-18
2617,Customer 2617,Consumer,West,India,2023-11-26
2618,Customer 2618,SMB,North,UK,2024-07-22
2619,Customer 2619,SMB,West,India,2025-05-16
2620,Customer 2620,SMB,South,UAE,2025-04-01
2621,Customer 2621,Consumer,North,Singapore,2024-07-11
2622,Customer 2622,SMB,East,UK,2024-03-01
2623,Customer 2623,Consumer,West,India,2023-07-06
2624,Customer 2624,Enterprise,East,Singapore,2023-02-17
2625,Customer 2625,Consumer,East,India,2024-10-24
2626,Customer 2626,SMB,South,Singapore,2023-05-09
2627,Customer 2627,Consumer,North,Singapore,2023-06-22
2628,Customer 2628,Enterprise,North,Singapore,2024-09-26
2629,Customer 2629,Consumer,West,UK,2023-02-25
2630,Customer 2630,Consumer,West,Singapore,2023-07-27
2631,Customer 2631,SMB,North,UAE,2023-02-02
2632,Customer 2632,SMB,North,UAE,2024-10-20
2633,Customer 2633,Enterprise,South,UK,2023-01-14
2634,Customer 2634,SMB,North,UK,2024-06-01
2635,Customer 2635,Consumer,North,India,2025-01-22
2636,Customer 2636,Consumer,East,UAE,2025-02-11
2637,Customer 2637,SMB,North,UAE,2023-05-24
2638,Customer 2638,Enterprise,East,UK,2024-12-01
2639,Customer 2639,SMB,West,India,2024-06-02
2640,Customer 2640,Consumer,South,Singapore,2023-03-20
2641,Customer 2641,Consumer,West,UAE,2024-07-16
2642,Customer 2642,Consumer,North,Singapore,2025-01-14
2643,Customer 2643,Consumer,West,India,2023-06-01
2644,Customer 2644,SMB,South,UAE,2025-02-19
2645,Customer 2645,SMB,West,UAE,2024-09-26
2646,Customer 2646,Consumer,South,Singapore,2024-02-03
2647,Customer 2647,Enterprise,North,UK,2024-06-21
2648,Customer 2648,Consumer,West,India,2023-04-19
2649,Customer 2649,SMB,West,Singapore,2024-02-17
2650,Customer 2650,Consumer,North,UK,2023-03-25
2651,Customer 2651,Enterprise,West,Singapore,2023-07-21
2652,Customer 2652,SMB,South,India,2023-09-23
2653,Customer 2653,Consumer,South,Singapore,2025-01-08
2654,Customer 2654,SMB,North,UAE,2024-12-19
2655,Customer 2655,SMB,South,UK,2025-02-11
2656,Customer 2656,Consumer,North,Singapore,2024-02-21
2657,Customer 2657,Consumer,East,India,2023-01-14
2658,Customer 2658,Consumer,East,UK,2025-01-25
2659,Customer 2659,Consumer,East,India,2023-07-05
2660,Customer 2660,Enterprise,East,UAE,2023-05-29
2661,Customer 2661,Consumer,North,Singapore,2024-12-08
2662,Customer 2662,SMB,North,India,2025-06-12
2663,Customer 2663,SMB,East,UK,2025-02-12
2664,Customer 2664,SMB,West,UK,2025-06-03
2665,Customer 2665,Consumer,South,India,2023-09-08
2666,Customer 2666,SMB,South,Singapore,2025-01-23
2667,Customer 2667,Enterprise,East,India,2025-01-23
2668,Customer 2668,Enterprise,East,Singapore,2024-04-14
2669,Customer 2669,Consumer,East,UK,2023-05-15
2670,Customer 2670,Enterprise,South,UK,2024-06-17
2671,Customer 2671,Enterprise,South,UAE,2023-10-25
2672,Customer 2672,Consumer,West,UK,2024-10-18
2673,Customer 2673,SMB,North,UK,2023-12-04
2674,Customer 2674,Enterprise,South,Singapore,2023-05-19
2675,Customer 2675,Consumer,South,UK,2023-12-19
2676,Customer 2676,SMB,North,UAE,2024-02-13
2677,Customer 2677,Consumer,West,UK,2023-10-12
2678,Customer 2678,SMB,East,India,2023-09-16
2679,Customer 2679,Enterprise,North,India,2024-02-21
2680,Customer 2680,SMB,West,UK,2024-03-29
2681,Customer 2681,Consumer,North,India,2023-12-11
2682,Customer 2682,Enterprise,South,UAE,2025-04-13
2683,Customer 2683,Consumer,North,UAE,2025-04-17
2684,Customer 2684,Consumer,West,UAE,2024-09-06
2685,Customer 2685,Enterprise,South,India,2024-08-11
2686,Customer 2686,Consumer,East,UK,2024-02-18
2687,Customer 2687,Consumer,South,Singapore,2024-10-26
2688,Customer 2688,Consumer,South,UK,2023-09-27
2689,Customer 2689,SMB,South,India,2023-07-01
2690,Customer 2690,Consumer,North,UAE,2025-05-19
2691,Customer 2691,Consumer,North,Singapore,2023-05-03
2692,Customer 2692,Consumer,South,India,2023-09-30
2693,Customer 2693,Enterprise,North,UAE,2024-02-24
2694,Customer 2694,SMB,South,Singapore,2025-04-03
2695,Customer 2695,Consumer,South,India,2025-06-18
2696,Customer 2696,Enterprise,East,UK,2024-04-20
2697,Customer 2697,Consumer,South,Singapore,2023-06-14
2698,Customer 2698,Consumer,West,UK,2023-04-23
2699,Customer 2699,SMB,East,UK,2024-12-11
2700,Customer 2700,Consumer,West,UAE,2024-03-06
2701,Customer 2701,Consumer,West,UK,2024-03-13
2702,Customer 2702,Consumer,North,Singapore,2025-04-08
2703,Customer 2703,Consumer,West,UK,2024-03-29
2704,Customer 2704,Consumer,North,UAE,2023-01-25
2705,Customer 2705,SMB,West,Singapore,2025-04-06
2706,Customer 2706,Enterprise,North,Singapore,2024-02-15
2707,Customer 2707,SMB,West,India,2023-02-10
2708,Customer 2708,Enterprise,South,India,2024-08-17
2709,Customer 2709,Enterprise,West,UK,2025-05-17
2710,Customer 2710,Consumer,South,UK,2024-11-14
2711,Customer 2711,SMB,North,India,2024-03-09
2712,Customer 2712,Consumer,South,India,2023-10-16
2713,Customer 2713,Consumer,West,Singapore,2023-04-14
2714,Customer 2714,Consumer,North,Singapore,2024-07-08
2715,Customer 2715,Consumer,West,UK,2025-01-22
2716,Customer 2716,SMB,West,Singapore,2023-03-12
2717,Customer 2717,Consumer,South,Singapore,2024-03-20
2718,Customer 2718,SMB,North,India,2025-04-27
2719,Customer 2719,SMB,North,UAE,2024-03-03
2720,Customer 2720,SMB,East,Singapore,2023-02-12
2721,Customer 2721,Consumer,East,UK,2024-02-05
2722,Customer 2722,Consumer,South,UK,2023-12-09
2723,Customer 2723,Consumer,East,Singapore,2024-11-21
2724,Customer 2724,SMB,South,UK,2024-07-09
2725,Customer 2725,Consumer,East,UAE,2024-08-03
2726,Customer 2726,Consumer,South,India,2025-04-20
2727,Customer 2727,SMB,South,UK,2024-09-25
2728,Customer 2728,Consumer,North,India,2023-11-08
2729,Customer 2729,Consumer,South,Singapore,2024-01-13
2730,Customer 2730,Enterprise,North,India,2024-01-29
2731,Customer 2731,Consumer,North,UK,2024-11-18
2732,Customer 2732,SMB,East,India,2024-01-13
2733,Customer 2733,Enterprise,East,UK,2024-03-09
2734,Customer 2734,SMB,North,UK,2024-02-14
2735,Customer 2735,Enterprise,West,Singapore,2023-10-31
2736,Customer 2736,SMB,West,UK,2023-01-03
2737,Customer 2737,Consumer,North,UK,2025-05-05
2738,Customer 2738,Consumer,West,Singapore,2023-01-31
2739,Customer 2739,Enterprise,North,UK,2025-02-14
2740,Customer 2740,Consumer,East,UK,2023-03-02
2741,Customer 2741,SMB,South,Singapore,2024-10-16
2742,Customer 2742,Consumer,West,India,2023-10-30
2743,Customer 2743,SMB,West,Singapore,2023-08-27
2744,Customer 2744,Consumer,North,Singapore,2023-10-09
2745,Customer 2745,Enterprise,West,UAE,2025-03-26
2746,Customer 2746,SMB,North,UK,2024-10-09
2747,Customer 2747,Enterprise,West,India,2025-04-22
2748,Customer 2748,Consumer,North,Singapore,2023-12-01
2749,Customer 2749,Consumer,West,UAE,2024-11-19
2750,Customer 2750,Consumer,West,India,2023-01-11
2751,Customer 2751,Consumer,West,UK,2023-05-15
2752,Customer 2752,SMB,West,UK,2023-12-05
2753,Customer 2753,Consumer,South,UAE,2024-09-07
2754,Customer 2754,Consumer,East,India,2024-05-31
2755,Customer 2755,Enterprise,East,UAE,2025-05-30
2756,Customer 2756,SMB,West,UAE,2024-12-17
2757,Customer 2757,Consumer,South,UK,2025-04-25
2758,Customer 2758,Enterprise,West,India,2024-04-23
2759,Customer 2759,Consumer,South,Singapore,2023-12-07
2760,Customer 2760,SMB,South,UAE,2023-09-29
2761,Customer 2761,Consumer,West,UAE,2023-07-15
2762,Customer 2762,Consumer,South,India,2023-05-18
2763,Customer 2763,Consumer,North,India,2023-05-24
2764,Customer 2764,SMB,West,India,2025-04-17
2765,Customer 2765,Consumer,South,Singapore,2024-08-01
2766,Customer 2766,Consumer,North,UK,2023-12-19
2767,Customer 2767,Enterprise,West,India,2023-05-24
2768,Customer 2768,SMB,East,UK,2024-06-12
2769,Customer 2769,Consumer,West,UAE,2024-05-16
2770,Customer 2770,SMB,East,Singapore,2024-03-20
2771,Customer 2771,Enterprise,South,UAE,2023-10-18
2772,Customer 2772,Consumer,South,Singapore,2025-01-12
2773,Customer 2773,Enterprise,West,Singapore,2024-04-25
2774,Customer 2774,Enterprise,East,Singapore,2023-10-28
2775,Customer 2775,Consumer,North,UK,2024-06-20
2776,Customer 2776,SMB,South,Singapore,2024-07-06
2777,Customer 2777,Consumer,North,UK,2024-02-27
2778,Customer 2778,SMB,East,UAE,2024-07-05
2779,Customer 2779,Consumer,North,UK,2023-09-30
2780,Customer 2780,Consumer,West,UK,2025-02-17
2781,Customer 2781,Enterprise,East,UK,2023-04-20
2782,Customer 2782,Consumer,North,Singapore,2023-05-17
2783,Customer 2783,SMB,West,Singapore,2025-05-01
2784,Customer 2784,SMB,West,UK,2023-07-17
2785,Customer 2785,Consumer,East,UK,2023-11-30
2786,Customer 2786,SMB,West,UK,2024-06-21
2787,Customer 2787,Enterprise,South,India,2023-03-10
2788,Customer 2788,SMB,North,UK,2024-06-04
2789,Customer 2789,Consumer,East,UAE,2024-02-22
2790,Customer 2790,Consumer,West,Singapore,2025-02-26
2791,Customer 2791,Consumer,North,Singapore,2024-06-09
2792,Customer 2792,Consumer,West,UAE,2024-03-06
2793,Customer 2793,Consumer,North,UAE,2025-02-19
2794,Customer 2794,SMB,East,Singapore,2023-10-14
2795,Customer 2795,SMB,North,India,2025-05-10
2796,Customer 2796,Consumer,South,Singapore,2023-11-11
2797,Customer 2797,SMB,South,UAE,2024-02-25
2798,Customer 2798,Consumer,South,Singapore,2024-02-17
2799,Customer 2799,Consumer,East,Singapore,2024-12-06
2800,Customer 2800,SMB,South,UK,2024-09-15
2801,Customer 2801,Consumer,East,UAE,2025-02-26
2802,Customer 2802,SMB,South,India,2024-07-20
2803,Customer 2803,Consumer,West,UAE,2023-08-25
2804,Customer 2804,SMB,West,India,2024-12-10
2805,Customer 2805,Enterprise,South,Singapore,2024-03-20
2806,Customer 2806,Consumer,South,Singapore,2024-05-18
2807,Customer 2807,Consumer,South,UAE,2024-05-16
2808,Customer 2808,Consumer,East,UAE,2023-01-30
2809,Customer 2809,SMB,North,UK,2024-09-18
2810,Customer 2810,Consumer,West,Singapore,2024-02-14
2811,Customer 2811,Consumer,South,UAE,2023-01-17
2812,Customer 2812,Consumer,East,Singapore,2025-02-22
2813,Customer 2813,Consumer,West,Singapore,2024-02-13
2814,Customer 2814,Consumer,South,India,2024-02-26
2815,Customer 2815,SMB,East,UK,2023-08-25
2816,Customer 2816,Consumer,South,UAE,2024-02-14
2817,Customer 2817,SMB,East,UAE,2024-12-30
2818,Customer 2818,Consumer,West,UK,2023-02-25
2819,Customer 2819,Consumer,South,UAE,2024-11-04
2820,Customer 2820,SMB,West,UK,2023-03-01
2821,Customer 2821,Consumer,South,Singapore,2024-12-14
2822,Customer 2822,Consumer,North,India,2024-01-12
2823,Customer 2823,Enterprise,West,UAE,2023-05-03
2824,Customer 2824,SMB,West,UAE,2023-02-01
2825,Customer 2825,Enterprise,South,Singapore,2023-08-23
2826,Customer 2826,Consumer,West,UAE,2023-02-01
2827,Customer 2827,Consumer,West,UK,2025-01-29
2828,Customer 2828,Consumer,North,UAE,2023-09-26
2829,Customer 2829,SMB,South,Singapore,2023-10-12
2830,Customer 2830,Enterprise,South,UK,2023-07-03
2831,Customer 2831,SMB,East,Singapore,2023-09-08
2832,Customer 2832,Consumer,North,UAE,2024-03-02
2833,Customer 2833,Consumer,East,UAE,2023-02-27
2834,Customer 2834,SMB,East,UK,2025-03-17
2835,Customer 2835,Consumer,East,India,2023-03-27
2836,Customer 2836,SMB,West,Singapore,2024-04-17
2837,Customer 2837,Consumer,West,India,2023-12-27
2838,Customer 2838,SMB,South,UK,2024-08-17
2839,Customer 2839,Consumer,North,India,2023-05-02
2840,Customer 2840,Consumer,South,UK,2024-08-30
2841,Customer 2841,Enterprise,East,Singapore,2024-09-14
2842,Customer 2842,SMB,West,India,2023-05-01
2843,Customer 2843,Enterprise,West,Singapore,2024-07-17
2844,Customer 2844,Consumer,South,UK,2023-04-23
2845,Customer 2845,SMB,West,Singapore,2024-01-16
2846,Customer 2846,SMB,West,UK,2025-03-02
2847,Customer 2847,SMB,North,UK,2025-01-09
2848,Customer 2848,SMB,South,Singapore,2023-05-20
2849,Customer 2849,Consumer,South,UK,2023-02-27
2850,Customer 2850,Consumer,South,UK,2024-09-08
2851,Customer 2851,Consumer,South,India,2023-12-20
2852,Customer 2852,Consumer,East,UK,2024-08-27
2853,Customer 2853,Consumer,East,Singapore,2024-08-16
2854,Customer 2854,SMB,East,Singapore,2024-05-17
2855,Customer 2855,Consumer,East,India,2023-07-17
2856,Customer 2856,Consumer,North,Singapore,2024-10-15
2857,Customer 2857,Consumer,East,India,2024-11-02
2858,Customer 2858,SMB,North,India,2023-12-11
2859,Customer 2859,SMB,North,UAE,2024-10-11
2860,Customer 2860,Consumer,North,Singapore,2025-05-24
2861,Customer 2861,Enterprise,North,India,2023-02-28
2862,Customer 2862,Enterprise,West,Singapore,2023-12-26
2863,Customer 2863,Consumer,North,Singapore,2023-05-17
2864,Customer 2864,SMB,South,UK,2024-04-16
2865,Customer 2865,SMB,East,UK,2023-12-15
2866,Customer 2866,Consumer,South,Singapore,2023-10-08
2867,Customer 2867,SMB,East,Singapore,2023-06-29
2868,Customer 2868,Enterprise,North,UK,2023-11-06
2869,Customer 2869,Consumer,North,UK,2023-10-23
2870,Customer 2870,Enterprise,East,UK,2024-06-17
2871,Customer 2871,Consumer,East,Singapore,2023-10-20
2872,Customer 2872,SMB,East,UAE,2023-04-15
2873,Customer 2873,Consumer,South,UK,2023-11-19
2874,Customer 2874,Enterprise,East,India,2025-04-03
2875,Customer 2875,Consumer,North,UAE,2024-07-24
2876,Customer 2876,Consumer,South,UK,2023-11-30
2877,Customer 2877,SMB,West,UAE,2024-05-18
2878,Customer 2878,SMB,South,India,2024-04-26
2879,Customer 2879,Consumer,South,UK,2025-02-14
2880,Customer 2880,SMB,South,UAE,2023-11-22
2881,Customer 2881,Consumer,South,Singapore,2023-12-07
2882,Customer 2882,Consumer,West,India,2025-03-02
2883,Customer 2883,Consumer,East,Singapore,2024-06-30
2884,Customer 2884,SMB,South,UK,2023-12-13
2885,Customer 2885,SMB,East,Singapore,2024-11-27
2886,Customer 2886,Consumer,South,UK,2023-03-14
2887,Customer 2887,SMB,East,Singapore,2023-08-27
2888,Customer 2888,Consumer,North,India,2023-06-24
2889,Customer 2889,Consumer,East,Singapore,2023-03-07
2890,Customer 2890,Consumer,West,UK,2024-06-22
2891,Customer 2891,Enterprise,West,India,2024-07-14
2892,Customer 2892,Consumer,East,India,2023-07-09
2893,Customer 2893,SMB,South,India,2023-03-12
2894,Customer 2894,Consumer,North,UK,2023-03-30
2895,Customer 2895,SMB,North,UAE,2025-02-12
2896,Customer 2896,Consumer,East,India,2024-03-16
2897,Customer 2897,Enterprise,East,India,2024-07-15
2898,Customer 2898,SMB,South,UK,2024-01-15
2899,Customer 2899,Enterprise,East,India,2024-11-11
2900,Customer 2900,Enterprise,North,Singapore,2024-11-12
2901,Customer 2901,Enterprise,North,UK,2023-11-08
2902,Customer 2902,Consumer,South,UK,2023-11-23
2903,Customer 2903,SMB,South,UAE,2023-12-02
2904,Customer 2904,Consumer,East,UAE,2023-06-12
2905,Customer 2905,Consumer,East,Singapore,2025-04-03
2906,Customer 2906,SMB,West,India,2023-06-19
2907,Customer 2907,Consumer,South,India,2025-04-07
2908,Customer 2908,Consumer,North,Singapore,2023-10-22
2909,Customer 2909,Consumer,East,UK,2024-03-20
2910,Customer 2910,Consumer,North,Singapore,2024-04-15
2911,Customer 2911,SMB,North,UK,2024-11-12
2912,Customer 2912,Consumer,West,UAE,2023-11-09
2913,Customer 2913,Consumer,South,Singapore,2023-10-31
2914,Customer 2914,Consumer,West,UK,2023-06-26
2915,Customer 2915,Consumer,East,UK,2024-07-29
2916,Customer 2916,SMB,North,UAE,2025-02-22
2917,Customer 2917,Consumer,North,UAE,2024-04-27
2918,Customer 2918,Consumer,West,India,2024-08-26
2919,Customer 2919,Consumer,North,UAE,2023-02-24
2920,Customer 2920,SMB,East,UK,2024-12-15
2921,Customer 2921,Consumer,South,UK,2023-12-09
2922,Customer 2922,Consumer,East,UAE,2024-12-25
2923,Customer 2923,Consumer,North,UK,2023-09-03
2924,Customer 2924,Enterprise,West,UAE,2023-01-25
2925,Customer 2925,Consumer,West,UAE,2023-03-30
2926,Customer 2926,Consumer,West,UK,2023-12-18
2927,Customer 2927,Consumer,South,UK,2023-09-28
2928,Customer 2928,Consumer,South,India,2023-07-03
2929,Customer 2929,Consumer,West,UAE,2023-12-29
2930,Customer 2930,Consumer,East,Singapore,2023-09-17
2931,Customer 2931,Consumer,South,India,2024-10-06
2932,Customer 2932,Consumer,North,Singapore,2024-01-28
2933,Customer 2933,Enterprise,South,Singapore,2024-02-02
2934,Customer 2934,Consumer,West,UK,2024-06-02
2935,Customer 2935,SMB,West,India,2023-10-12
2936,Customer 2936,SMB,East,Singapore,2024-12-08
2937,Customer 2937,Enterprise,South,Singapore,2025-03-05
2938,Customer 2938,Consumer,North,Singapore,2024-06-09
2939,Customer 2939,SMB,South,UK,2024-05-21
2940,Customer 2940,Consumer,South,Singapore,2023-09-05
2941,Customer 2941,Enterprise,South,Singapore,2025-06-17
2942,Customer 2942,SMB,South,UAE,2023-09-01
2943,Customer 2943,Consumer,North,UAE,2025-03-08
2944,Customer 2944,Consumer,South,UK,2025-05-28
2945,Customer 2945,SMB,North,UAE,2024-05-09
2946,Customer 2946,SMB,North,UAE,2024-02-18
2947,Customer 2947,SMB,West,Singapore,2024-08-07
2948,Customer 2948,Consumer,East,UAE,2023-03-29
2949,Customer 2949,Consumer,West,Singapore,2024-03-21
2950,Customer 2950,Consumer,South,UK,2024-12-09
2951,Customer 2951,Consumer,South,India,2023-07-26
2952,Customer 2952,Enterprise,West,India,2025-05-28
2953,Customer 2953,SMB,North,Singapore,2023-12-13
2954,Customer 2954,Consumer,West,Singapore,2025-01-28
2955,Customer 2955,SMB,East,Singapore,2024-03-11
2956,Customer 2956,SMB,South,India,2025-02-23
2957,Customer 2957,Consumer,East,UK,2024-12-12
2958,Customer 2958,Consumer,West,Singapore,2023-05-21
2959,Customer 2959,Consumer,North,Singapore,2024-12-03
2960,Customer 2960,Consumer,West,UK,2025-03-13
2961,Customer 2961,SMB,South,India,2025-02-04
2962,Customer 2962,Consumer,East,India,2025-03-10
2963,Customer 2963,Consumer,North,UK,2023-06-07
2964,Customer 2964,Consumer,West,India,2023-10-11
2965,Customer 2965,Consumer,East,UK,2024-09-02
2966,Customer 2966,Consumer,South,UK,2023-12-30
2967,Customer 2967,Consumer,North,India,2023-12-16
2968,Customer 2968,Consumer,West,UAE,2023-04-15
2969,Customer 2969,Consumer,West,UAE,2024-10-11
2970,Customer 2970,Consumer,South,UK,2024-09-03
2971,Customer 2971,Enterprise,West,UAE,2024-04-20
2972,Customer 2972,Consumer,South,Singapore,2023-08-25
2973,Customer 2973,Consumer,West,UK,2023-09-16
2974,Customer 2974,Enterprise,West,UK,2024-11-06
2975,Customer 2975,Enterprise,East,UK,2025-06-18
2976,Customer 2976,Consumer,South,UAE,2024-04-18
2977,Customer 2977,Consumer,North,UK,2023-04-24
2978,Customer 2978,Consumer,East,Singapore,2024-11-12
2979,Customer 2979,Consumer,West,Singapore,2024-01-27
2980,Customer 2980,SMB,West,UAE,2024-09-28
2981,Customer 2981,Consumer,South,UK,2024-03-26
2982,Customer 2982,Consumer,East,Singapore,2025-01-09
2983,Customer 2983,Consumer,West,UK,2024-07-30
2984,Customer 2984,Consumer,North,UK,2024-02-10
2985,Customer 2985,Consumer,South,India,2024-06-21
2986,Customer 2986,SMB,West,UK,2024-11-16
2987,Customer 2987,SMB,South,UAE,2023-01-09
2988,Customer 2988,SMB,West,Singapore,2024-02-13
2989,Customer 2989,Consumer,South,UAE,2023-03-09
2990,Customer 2990,SMB,North,Singapore,2024-02-14
2991,Customer 2991,SMB,West,India,2023-05-15
2992,Customer 2992,Consumer,East,Singapore,2024-01-22
2993,Customer 2993,Enterprise,East,Singapore,2023-04-23
2994,Customer 2994,Consumer,North,India,2025-04-03
2995,Customer 2995,SMB,South,UK,2024-12-23
2996,Customer 2996,Consumer,North,India,2025-06-07
2997,Customer 2997,Consumer,South,UK,2025-01-31
2998,Customer 2998,Enterprise,South,UAE,2024-12-23
2999,Customer 2999,Consumer,North,UK,2024-06-17
3000,Customer 3000,Consumer,South,Singapore,2023-11-06
