order_id,customer_id,order_date,status,channel,region
1,2152,2024-02-05,Completed,Partner,South
2,2446,2026-07-20,Completed,Web,West
3,2272,2024-06-12,Completed,Mobile,West
4,2035,2026-01-31,Completed,Mobile,South
5,294,2025-11-12,Pending,Mobile,North
6,2598,2026-05-04,Completed,Partner,North
7,2382,2026-04-06,Completed,Partner,North
8,2174,2024-04-02,Completed,Web,East
9,2186,2026-04-10,Cancelled,Partner,East
10,538,2025-03-27,Completed,Web,North
11,508,2025-03-06,Completed,Web,North
12,1254,2026-08-17,Completed,Partner,North
13,626,2026-05-16,Cancelled,Mobile,West
14,236,2025-01-06,Cancelled,Web,South
15,744,2025-06-11,Cancelled,Mobile,West
16,11,2024-05-07,Completed,Web,North
17,552,2026-07-04,Completed,Partner,East
18,1322,2026-05-03,Pending,Web,West
19,1966,2025-05-20,Completed,Web,West
20,1317,2026-05-17,Completed,Mobile,North
21,2222,2024-01-28,Pending,Partner,South
22,854,2024-09-02,Completed,Mobile,East
23,1426,2024-02-22,Completed,Mobile,North
24,2225,2025-03-13,Completed,Partner,East
25,2522,2024-06-18,Completed,Partner,East
26,699,2026-06-26,Completed,Web,East
27,1444,2026-04-28,Completed,Web,South
28,2552,2026-04-09,Completed,Mobile,South
29,1549,2025-08-22,Completed,Web,West
30,595,2024-07-12,Completed,Partner,East
31,1729,2025-08-28,Completed,Partner,East
32,2224,2024-12-15,Completed,Mobile,South
33,682,2024-12-13,Completed,Web,South
34,603,2026-03-20,Completed,Partner,East
35,296,2025-04-15,Completed,Web,East
36,59,2025-10-22,Completed,Mobile,West
37,2053,2026-07-27,Completed,Partner,North
38,1034,2025-02-24,Completed,Mobile,East
39,2407,2025-11-23,Completed,Partner,North
40,2482,2026-08-04,Completed,Mobile,East
41,1942,2025-11-01,Completed,Web,South
42,919,2025-09-26,Completed,Mobile,North
43,1898,2024-05-06,Completed,Partner,South
44,1294,2026-03-19,Cancelled,Mobile,East
45,2604,2024-05-08,Completed,Web,North
46,2143,2025-11-20,Completed,Mobile,North
47,144,2025-04-16,Completed,Partner,West
48,2102,2025-07-25,Completed,Mobile,North
49,2159,2024-07-24,Pending,Mobile,South
50,1349,2025-07-24,Completed,Partner,North
51,1089,2024-04-24,Completed,Mobile,North
52,2464,2024-08-13,Cancelled,Partner,East
53,1203,2025-09-04,Completed,Web,West
54,1823,2024-03-12,Completed,Partner,South
55,1516,2025-05-24,Completed,Mobile,West
56,2143,2025-05-28,Completed,Web,North
57,1930,2026-03-18,Completed,Web,West
58,2614,2025-10-01,Completed,Mobile,South
59,2095,2024-08-02,Completed,Partner,North
60,1828,2026-03-12,Completed,Mobile,South
61,1993,2026-01-25,Completed,Mobile,South
62,2526,2026-05-30,Completed,Partner,East
63,2177,2025-01-18,Completed,Partner,South
64,1692,2025-09-01,Completed,Web,North
65,1474,2024-07-19,Completed,Web,West
66,2499,2026-01-01,Completed,Partner,West
67,2080,2026-03-27,Completed,Partner,South
68,1535,2025-12-21,Completed,Web,South
69,1839,2025-10-08,Completed,Partner,South
70,647,2024-01-16,Completed,Web,East
71,1334,2024-05-06,Pending,Web,East
72,1921,2024-03-16,Completed,Mobile,East
73,2160,2026-03-27,Cancelled,Web,West
74,627,2024-08-16,Completed,Partner,West
75,2690,2026-08-25,Completed,Partner,North
76,2220,2026-05-18,Completed,Partner,South
77,2167,2025-05-31,Completed,Mobile,West
78,1021,2025-10-07,Completed,Web,North
79,2334,2024-10-01,Completed,Mobile,East
80,717,2026-02-05,Completed,Web,North
81,1442,2025-12-12,Completed,Web,East
82,2249,2026-04-12,Completed,Web,North
83,89,2026-06-21,Completed,Mobile,East
84,450,2024-03-17,Completed,Web,South
85,1017,2026-08-02,Completed,Web,North
86,1428,2025-11-23,Completed,Web,North
87,1544,2025-08-19,Cancelled,Partner,North
88,1984,2025-08-24,Completed,Web,South
89,2714,2024-06-18,Completed,Partner,North
90,2074,2026-02-10,Completed,Partner,South
91,241,2025-10-03,Completed,Web,South
92,715,2026-04-15,Completed,Web,West
93,1577,2025-02-12,Completed,Web,East
94,243,2024-05-23,Completed,Web,South
95,426,2025-08-13,Completed,Mobile,East
96,221,2024-07-25,Completed,Web,North
97,2638,2024-02-29,Completed,Web,East
98,681,2024-11-01,Completed,Mobile,North
99,444,2025-03-15,Completed,Web,West
100,2542,2024-07-18,Completed,Mobile,South
101,2117,2026-04-16,Cancelled,Mobile,West
102,1494,2026-07-09,Completed,Mobile,North
103,2377,2024-12-27,Completed,Partner,North
104,110,2025-11-17,Cancelled,Mobile,South
105,2601,2026-01-04,Completed,Web,South
106,598,2024-01-14,Completed,Partner,West
107,35,2025-03-28,Completed,Mobile,West
108,799,2025-07-01,Completed,Partner,East
109,954,2024-06-12,Completed,Web,West
110,1307,2026-08-15,Completed,Mobile,North
111,2922,2025-10-20,Completed,Web,East
112,1761,2026-01-27,Completed,Web,North
113,2107,2026-01-19,Cancelled,Partner,West
114,2800,2026-04-15,Completed,Mobile,South
115,1694,2025-06-24,Completed,Web,West
116,333,2025-04-12,Completed,Partner,North
117,1195,2025-11-12,Completed,Mobile,South
118,2808,2024-10-27,Completed,Partner,East
119,1532,2025-09-10,Completed,Web,West
120,1235,2024-08-18,Completed,Web,East
121,292,2026-04-20,Completed,Partner,East
122,2854,2026-05-31,Completed,Partner,East
123,1484,2024-08-12,Cancelled,Web,North
124,1270,2025-05-01,Completed,Web,South
125,2524,2025-04-19,Completed,Mobile,South
126,2940,2026-02-10,Completed,Partner,South
127,575,2024-12-13,Completed,Partner,South
128,745,2025-02-25,Completed,Mobile,East
129,2078,2025-01-17,Completed,Web,West
130,2946,2024-02-16,Completed,Web,North
131,1423,2024-05-24,Completed,Partner,West
132,1191,2025-05-20,Completed,Mobile,East
133,2874,2025-10-11,Completed,Mobile,East
134,1775,2024-05-29,Completed,Mobile,East
135,2413,2024-07-09,Completed,Web,West
136,1344,2025-10-17,Completed,Mobile,North
137,294,2025-07-24,Cancelled,Web,North
138,2267,2026-01-20,Completed,Web,East
139,1636,2025-11-20,Completed,Mobile,South
140,1932,2026-04-06,Completed,Mobile,West
141,1444,2025-02-15,Cancelled,Partner,South
142,1242,2025-12-19,Pending,Mobile,South
143,852,2025-06-20,Completed,Web,West
144,1824,2026-04-16,Completed,Partner,North
145,2926,2026-01-12,Completed,Web,West
146,326,2024-05-16,Completed,Partner,East
147,2108,2026-06-27,Completed,Partner,East
148,1,2024-03-02,Completed,Web,South
149,2385,2025-01-24,Completed,Web,West
150,2232,2025-07-13,Completed,Web,West
151,484,2025-11-01,Completed,Web,West
152,1174,2025-04-16,Completed,Web,West
153,1572,2026-04-28,Completed,Mobile,North
154,2135,2026-07-05,Cancelled,Web,North
155,2385,2024-08-30,Completed,Partner,West
156,1122,2026-03-22,Completed,Mobile,South
157,1632,2025-07-29,Completed,Web,East
158,1212,2025-10-11,Completed,Web,South
159,2967,2024-07-11,Completed,Mobile,North
160,356,2024-10-24,Completed,Partner,West
161,398,2024-12-07,Completed,Partner,South
162,2974,2025-12-09,Completed,Partner,West
163,1168,2025-02-15,Completed,Partner,North
164,821,2025-01-26,Completed,Partner,North
165,2205,2024-07-20,Completed,Mobile,North
166,1845,2025-05-24,Completed,Partner,West
167,2431,2026-07-31,Completed,Mobile,West
168,1225,2025-07-06,Completed,Mobile,North
169,974,2026-02-28,Completed,Web,North
170,1358,2025-12-03,Completed,Mobile,North
171,553,2025-11-15,Completed,Mobile,West
172,1622,2025-08-09,Completed,Partner,West
173,1747,2024-05-05,Completed,Mobile,West
174,2855,2025-03-14,Cancelled,Mobile,East
175,2089,2025-08-10,Cancelled,Web,North
176,738,2025-05-26,Completed,Partner,East
177,1995,2025-06-03,Completed,Partner,West
178,820,2024-04-02,Cancelled,Mobile,East
179,201,2024-10-06,Completed,Web,West
180,876,2025-12-22,Completed,Partner,East
181,468,2026-07-18,Completed,Mobile,South
182,1091,2024-04-14,Completed,Mobile,South
183,147,2025-01-04,Completed,Partner,East
184,2757,2026-06-14,Completed,Web,South
185,560,2025-09-30,Completed,Web,North
186,1071,2026-03-06,Completed,Partner,West
187,48,2024-04-02,Completed,Web,South
188,922,2024-06-13,Completed,Web,South
189,1384,2025-12-17,Completed,Mobile,North
190,340,2024-03-02,Completed,Web,North
191,999,2025-09-01,Completed,Mobile,East
192,1966,2026-08-09,Cancelled,Mobile,West
193,2052,2024-11-18,Completed,Partner,South
194,776,2026-03-02,Completed,Web,East
195,582,2025-04-30,Completed,Mobile,East
196,841,2024-03-09,Completed,Partner,North
197,2939,2024-09-15,Completed,Mobile,South
198,634,2025-05-10,Completed,Mobile,North
199,1867,2025-04-24,Completed,Web,East
200,747,2024-03-16,Completed,Mobile,North
201,1469,2025-09-20,Completed,Partner,East
202,1984,2025-04-16,Completed,Web,South
203,725,2025-02-22,Completed,Mobile,North
204,17,2024-11-27,Pending,Partner,East
205,1124,2025-11-24,Completed,Mobile,East
206,1979,2024-08-27,Completed,Partner,West
207,2297,2024-12-24,Completed,Partner,West
208,2004,2024-06-26,Completed,Mobile,West
209,1462,2025-07-26,Completed,Web,South
210,2249,2025-09-06,Completed,Partner,North
211,723,2025-02-01,Completed,Mobile,East
212,184,2025-01-08,Completed,Web,North
213,1313,2026-04-14,Completed,Web,South
214,1397,2025-06-15,Completed,Web,South
215,1148,2026-03-13,Completed,Partner,East
216,2391,2025-07-13,Completed,Web,West
217,126,2024-04-18,Completed,Mobile,South
218,2740,2024-03-15,Cancelled,Mobile,East
219,2808,2026-03-02,Completed,Web,East
220,2840,2024-11-09,Completed,Web,South
221,1029,2024-11-25,Completed,Web,East
222,149,2024-08-15,Cancelled,Mobile,West
223,1109,2026-03-23,Completed,Mobile,South
224,958,2025-08-05,Completed,Web,East
225,1882,2026-04-24,Completed,Partner,East
226,2117,2025-03-01,Completed,Partner,West
227,2281,2024-09-21,Completed,Partner,South
228,2681,2025-11-01,Completed,Mobile,North
229,1426,2025-07-13,Completed,Mobile,North
230,1152,2024-08-07,Completed,Partner,North
231,799,2026-04-14,Completed,Mobile,East
232,2875,2026-03-21,Completed,Mobile,North
233,2950,2025-07-05,Completed,Web,South
234,2696,2026-02-17,Completed,Mobile,East
235,2060,2026-04-09,Cancelled,Mobile,South
236,365,2025-05-25,Completed,Mobile,South
237,2781,2025-08-27,Completed,Mobile,East
238,340,2024-03-11,Completed,Mobile,North
239,634,2024-04-20,Completed,Web,North
240,1489,2025-10-31,Completed,Web,East
241,374,2025-10-04,Completed,Mobile,East
242,997,2025-10-01,Completed,Web,East
243,2864,2025-10-10,Completed,Partner,South
244,1263,2024-11-08,Completed,Mobile,North
245,472,2025-12-01,Completed,Mobile,West
246,1926,2025-09-04,Completed,Partner,South
247,2154,2024-01-02,Cancelled,Mobile,North
248,1454,2024-02-17,Pending,Partner,West
249,2220,2025-08-02,Completed,Partner,South
250,549,2026-04-25,Completed,Partner,West
251,1376,2024-03-04,Completed,Partner,East
252,521,2024-02-10,Completed,Web,East
253,199,2026-03-23,Completed,Partner,East
254,1462,2025-07-21,Completed,Mobile,South
255,1773,2025-10-21,Completed,Mobile,West
256,1291,2026-01-28,Completed,Mobile,North
257,23,2025-05-12,Completed,Web,East
258,2552,2024-06-12,Completed,Mobile,South
259,2404,2025-11-10,Completed,Mobile,North
260,2702,2024-04-01,Completed,Mobile,North
261,2407,2025-11-10,Completed,Mobile,North
262,1754,2024-11-03,Completed,Partner,South
263,871,2026-07-16,Completed,Partner,East
264,666,2026-04-19,Completed,Mobile,North
265,1983,2024-11-19,Completed,Web,South
266,1929,2024-09-14,Completed,Web,South
267,669,2024-11-23,Completed,Partner,South
268,2520,2025-12-08,Completed,Mobile,South
269,1479,2024-01-06,Pending,Web,East
270,2262,2024-06-05,Completed,Mobile,West
271,2070,2026-08-07,Completed,Mobile,East
272,2425,2025-11-23,Completed,Partner,South
273,593,2025-08-28,Completed,Mobile,East
274,2988,2025-09-07,Cancelled,Web,West
275,1132,2024-01-18,Completed,Web,West
276,1684,2025-01-30,Completed,Mobile,East
277,1544,2025-10-13,Completed,Mobile,North
278,2476,2024-10-19,Completed,Mobile,North
279,1130,2025-10-23,Completed,Mobile,South
280,2365,2025-03-27,Completed,Partner,West
281,168,2024-11-30,Completed,Mobile,South
282,2659,2025-10-08,Completed,Web,East
283,2172,2026-03-10,Pending,Mobile,South
284,2733,2025-02-14,Completed,Mobile,East
285,2286,2024-01-27,Completed,Partner,North
286,498,2025-03-24,Completed,Partner,North
287,2941,2024-12-23,Completed,Partner,South
288,501,2024-12-25,Completed,Mobile,West
289,2997,2024-02-28,Completed,Partner,South
290,1670,2026-02-22,Completed,Mobile,South
291,638,2025-12-03,Completed,Mobile,South
292,23,2024-08-28,Completed,Web,East
293,2721,2025-08-30,Cancelled,Mobile,East
294,1678,2025-12-22,Completed,Mobile,West
295,2714,2025-09-26,Completed,Web,North
296,1909,2026-07-05,Pending,Mobile,East
297,917,2024-03-22,Completed,Partner,South
298,378,2025-10-11,Completed,Mobile,West
299,2000,2026-02-07,Completed,Web,South
300,2981,2025-08-20,Completed,Mobile,South
301,712,2024-03-28,Completed,Partner,East
302,1975,2026-02-23,Pending,Web,North
303,1602,2024-02-15,Completed,Mobile,North
304,2164,2026-04-17,Completed,Web,West
305,2877,2026-06-08,Pending,Partner,West
306,2606,2026-05-04,Completed,Mobile,East
307,571,2026-03-01,Completed,Mobile,East
308,584,2025-05-19,Completed,Mobile,West
309,959,2025-01-09,Completed,Mobile,West
310,2185,2026-05-08,Completed,Partner,North
311,945,2024-10-26,Pending,Web,North
312,1954,2026-01-20,Pending,Web,East
313,2622,2024-11-18,Completed,Mobile,East
314,1840,2025-08-16,Completed,Web,North
315,2012,2025-02-23,Completed,Partner,North
316,1402,2024-04-09,Completed,Web,East
317,2006,2024-01-15,Completed,Mobile,South
318,420,2025-10-18,Completed,Mobile,East
319,147,2024-07-21,Completed,Partner,East
320,813,2026-03-05,Completed,Web,South
321,750,2025-05-10,Completed,Mobile,North
322,1061,2026-01-14,Completed,Web,West
323,1549,2026-01-04,Completed,Web,West
324,1819,2024-01-17,Completed,Web,West
325,1280,2025-01-28,Completed,Mobile,West
326,2393,2024-01-11,Completed,Partner,East
327,2352,2026-05-30,Completed,Web,West
328,1389,2024-02-01,Completed,Web,South
329,2247,2025-07-28,Completed,Web,South
330,2043,2025-01-26,Cancelled,Partner,North
331,2912,2024-07-06,Completed,Partner,West
332,2096,2026-02-02,Completed,Mobile,West
333,1455,2025-01-18,Completed,Web,West
334,2972,2026-05-04,Cancelled,Partner,South
335,1641,2025-04-15,Completed,Web,East
336,2958,2025-05-07,Completed,Mobile,West
337,2165,2026-06-22,Completed,Web,South
338,1580,2025-12-25,Completed,Partner,West
339,2205,2025-01-12,Cancelled,Partner,North
340,2652,2025-08-05,Completed,Partner,South
341,691,2024-05-29,Completed,Partner,West
342,2418,2024-11-03,Completed,Mobile,North
343,1908,2025-03-24,Completed,Mobile,South
344,875,2025-03-10,Completed,Web,South
345,1892,2024-09-27,Completed,Partner,West
346,2993,2024-12-23,Completed,Partner,East
347,1842,2024-04-06,Completed,Mobile,South
348,2803,2024-04-19,Completed,Mobile,West
349,418,2025-01-20,Completed,Web,West
350,2146,2024-02-15,Completed,Web,North
351,738,2025-06-17,Completed,Web,East
352,906,2025-06-23,Completed,Mobile,North
353,1561,2025-07-15,Completed,Partner,North
354,1097,2024-10-19,Completed,Mobile,West
355,1084,2026-05-04,Cancelled,Mobile,North
356,1972,2024-07-27,Completed,Mobile,North
357,100,2025-04-16,Completed,Mobile,West
358,594,2025-06-27,Completed,Web,South
359,1035,2025-04-07,Completed,Mobile,North
360,1222,2025-09-03,Completed,Web,East
361,559,2026-04-07,Completed,Partner,West
362,2820,2024-09-30,Completed,Mobile,West
363,1975,2024-02-13,Completed,Partner,North
364,2269,2025-11-25,Completed,Web,East
365,1432,2026-07-25,Cancelled,Partner,North
366,50,2024-06-04,Completed,Web,South
367,1125,2024-02-17,Completed,Mobile,South
368,2876,2026-01-20,Cancelled,Mobile,South
369,494,2024-08-11,Completed,Mobile,South
370,1681,2025-02-18,Completed,Web,North
371,2661,2026-02-08,Completed,Mobile,North
372,187,2025-07-24,Completed,Mobile,West
373,2917,2026-08-04,Completed,Web,North
374,2232,2025-05-09,Completed,Mobile,West
375,1848,2024-04-21,Cancelled,Web,West
376,2021,2024-07-02,Completed,Partner,South
377,2693,2026-05-22,Cancelled,Web,North
378,616,2026-06-30,Completed,Partner,North
379,672,2026-03-29,Completed,Web,West
380,1984,2025-01-21,Pending,Web,South
381,528,2024-02-03,Completed,Mobile,South
382,1676,2026-06-05,Completed,Web,West
383,1185,2026-03-02,Cancelled,Web,South
384,1048,2026-07-11,Completed,Partner,South
385,1402,2024-10-05,Cancelled,Mobile,East
386,1452,2024-12-12,Completed,Web,West
387,262,2025-07-25,Completed,Web,East
388,2521,2024-01-03,Cancelled,Web,East
389,2985,2025-12-19,Completed,Mobile,South
390,1582,2025-07-14,Completed,Web,West
391,2785,2026-02-03,Completed,Web,East
392,305,2026-01-19,Completed,Mobile,South
393,2841,2025-03-12,Completed,Partner,East
394,350,2024-11-11,Completed,Web,North
395,2615,2025-11-20,Completed,Partner,North
396,1721,2026-04-22,Completed,Mobile,South
397,1488,2026-03-18,Completed,Partner,South
398,2521,2024-05-29,Completed,Mobile,East
399,161,2024-11-08,Completed,Mobile,West
400,2632,2025-03-31,Completed,Partner,North
401,2034,2026-04-30,Completed,Mobile,North
402,336,2025-10-16,Completed,Partner,North
403,1601,2025-12-20,Completed,Mobile,South
404,2314,2026-03-04,Cancelled,Partner,West
405,2344,2024-07-14,Completed,Mobile,South
406,1831,2024-09-23,Completed,Web,North
407,481,2024-05-11,Pending,Partner,West
408,543,2025-12-19,Completed,Web,South
409,2050,2024-01-07,Completed,Mobile,South
410,2992,2025-09-26,Completed,Mobile,East
411,905,2025-06-14,Completed,Mobile,North
412,2456,2025-01-15,Completed,Partner,South
413,1286,2025-05-05,Completed,Mobile,East
414,1882,2026-03-11,Cancelled,Mobile,East
415,2495,2025-03-18,Completed,Web,West
416,1652,2024-06-11,Completed,Partner,South
417,2345,2024-12-04,Completed,Partner,West
418,1953,2025-07-10,Completed,Partner,North
419,1854,2024-05-21,Completed,Mobile,East
420,1664,2024-12-24,Completed,Mobile,East
421,874,2024-02-11,Completed,Mobile,East
422,193,2026-03-26,Completed,Web,East
423,2046,2025-01-04,Cancelled,Partner,West
424,1863,2024-09-09,Completed,Mobile,North
425,2132,2026-02-26,Completed,Mobile,East
426,448,2024-09-05,Completed,Partner,North
427,1771,2025-06-24,Completed,Partner,South
428,1819,2026-03-04,Completed,Mobile,West
429,2648,2025-11-08,Completed,Mobile,West
430,463,2026-03-10,Cancelled,Partner,East
431,118,2025-10-26,Completed,Web,East
432,2793,2024-05-08,Completed,Mobile,North
433,683,2024-03-17,Completed,Web,South
434,2902,2024-10-16,Completed,Web,South
435,1411,2024-03-15,Completed,Web,East
436,2192,2025-07-18,Cancelled,Partner,South
437,1337,2026-04-17,Pending,Web,North
438,221,2026-02-02,Completed,Partner,North
439,587,2024-01-03,Completed,Mobile,South
440,607,2026-02-07,Completed,Partner,East
441,1987,2024-10-12,Completed,Partner,West
442,1304,2025-02-17,Completed,Web,East
443,1536,2026-06-10,Completed,Web,South
444,289,2025-09-11,Completed,Mobile,South
445,1049,2026-06-07,Completed,Partner,West
446,2504,2024-01-06,Completed,Mobile,East
447,927,2025-07-02,Completed,Mobile,North
448,396,2024-10-06,Pending,Web,South
449,509,2024-12-25,Completed,Partner,North
450,2579,2024-09-11,Completed,Web,West
451,257,2026-06-19,Completed,Partner,South
452,726,2025-08-12,Completed,Mobile,West
453,208,2026-05-09,Completed,Partner,West
454,631,2024-02-10,Completed,Partner,South
455,2860,2026-04-06,Cancelled,Partner,North
456,2577,2026-07-21,Completed,Mobile,West
457,697,2025-01-26,Completed,Partner,East
458,1456,2026-05-31,Cancelled,Mobile,South
459,1643,2024-02-06,Completed,Partner,South
460,477,2025-01-08,Completed,Mobile,North
461,498,2026-01-19,Completed,Partner,North
462,2466,2024-08-09,Completed,Mobile,East
463,1462,2026-02-09,Completed,Partner,South
464,1005,2024-09-10,Completed,Mobile,North
465,2430,2025-12-07,Completed,Mobile,East
466,2396,2024-05-06,Completed,Partner,East
467,1058,2026-01-17,Completed,Partner,North
468,1957,2025-07-21,Cancelled,Web,North
469,1680,2026-02-20,Completed,Mobile,West
470,824,2026-05-26,Completed,Mobile,West
471,2384,2026-08-22,Completed,Partner,East
472,343,2024-10-08,Pending,Partner,East
473,565,2024-07-09,Completed,Mobile,South
474,2846,2026-08-19,Cancelled,Web,West
475,1582,2024-10-20,Completed,Partner,West
476,2227,2025-01-08,Completed,Partner,South
477,2801,2024-10-23,Completed,Partner,East
478,1311,2024-12-12,Cancelled,Mobile,West
479,2056,2026-03-20,Completed,Web,North
480,2003,2025-05-07,Completed,Mobile,North
481,2633,2024-09-09,Completed,Web,South
482,2896,2025-01-17,Completed,Mobile,East
483,33,2025-03-17,Completed,Web,East
484,272,2025-08-24,Completed,Mobile,North
485,1383,2024-07-31,Pending,Partner,West
486,1383,2024-04-24,Completed,Partner,West
487,769,2025-01-10,Cancelled,Partner,West
488,500,2025-05-23,Completed,Web,East
489,650,2026-02-06,Completed,Web,East
490,1887,2026-05-03,Completed,Web,North
491,501,2026-06-05,Completed,Partner,West
492,939,2025-07-21,Completed,Partner,North
493,734,2025-04-25,Completed,Web,South
494,319,2026-08-06,Completed,Mobile,North
495,2245,2025-11-16,Completed,Partner,North
496,2416,2026-07-24,Completed,Partner,North
497,1709,2025-07-02,Completed,Web,South
498,1601,2026-06-18,Completed,Partner,South
499,104,2024-10-20,Completed,Web,South
500,540,2025-05-05,Completed,Web,South
501,1171,2024-11-01,Cancelled,Mobile,South
502,2924,2024-04-14,Completed,Partner,West
503,2304,2026-05-30,Completed,Partner,South
504,2233,2026-08-16,Completed,Web,East
505,1196,2025-07-17,Completed,Web,South
506,1090,2024-11-27,Completed,Partner,East
507,2883,2024-04-05,Completed,Partner,East
508,1815,2024-02-25,Completed,Web,South
509,2562,2024-02-19,Completed,Web,West
510,1792,2024-06-13,Completed,Partner,South
511,478,2024-01-05,Completed,Mobile,East
512,2358,2026-04-09,Completed,Mobile,West
513,2500,2024-12-18,Cancelled,Web,East
514,116,2025-05-02,Completed,Web,East
515,2342,2024-11-06,Cancelled,Mobile,South
516,1013,2025-06-30,Completed,Mobile,East
517,1039,2026-04-02,Pending,Web,West
518,2320,2026-08-17,Completed,Web,South
519,137,2026-01-15,Completed,Web,North
520,1835,2025-03-25,Completed,Partner,West
521,2434,2026-01-29,Completed,Mobile,West
522,2795,2024-03-06,Completed,Web,North
523,866,2024-01-11,Pending,Mobile,South
524,18,2024-03-26,Completed,Partner,North
525,430,2024-11-01,Completed,Partner,East
526,349,2026-03-15,Cancelled,Mobile,East
527,279,2025-06-21,Completed,Mobile,East
528,2925,2025-06-17,Completed,Web,West
529,494,2025-04-09,Completed,Web,South
530,2657,2024-09-05,Completed,Mobile,East
531,428,2024-04-09,Completed,Mobile,East
532,1751,2026-01-19,Pending,Web,West
533,1862,2026-03-06,Completed,Partner,West
534,151,2025-12-07,Completed,Mobile,East
535,2196,2026-03-16,Completed,Partner,West
536,959,2024-11-25,Completed,Partner,West
537,2169,2024-03-28,Completed,Partner,North
538,2131,2024-06-07,Completed,Web,North
539,2782,2026-02-24,Completed,Partner,North
540,1899,2026-01-08,Completed,Mobile,North
541,150,2026-01-16,Completed,Web,North
542,2644,2025-02-12,Completed,Mobile,South
543,917,2024-12-10,Completed,Partner,South
544,597,2025-07-19,Completed,Partner,West
545,135,2024-08-10,Completed,Web,South
546,571,2024-02-09,Completed,Mobile,East
547,978,2024-11-07,Completed,Partner,North
548,2662,2024-08-16,Completed,Web,North
549,21,2026-05-28,Completed,Mobile,North
550,2056,2025-04-19,Completed,Mobile,North
551,1747,2025-03-02,Pending,Partner,West
552,2759,2025-01-15,Completed,Mobile,South
553,1958,2026-02-24,Completed,Mobile,East
554,225,2024-04-07,Completed,Partner,East
555,1328,2026-04-28,Completed,Web,West
556,1617,2025-12-20,Completed,Web,North
557,1979,2024-08-19,Completed,Web,West
558,596,2025-02-07,Completed,Mobile,West
559,1712,2026-04-20,Completed,Mobile,East
560,1787,2024-11-21,Completed,Partner,East
561,1854,2026-01-13,Completed,Partner,East
562,1770,2024-03-02,Completed,Mobile,South
563,2720,2024-07-15,Completed,Web,East
564,2964,2025-08-19,Completed,Partner,West
565,781,2024-12-19,Completed,Web,North
566,998,2025-05-05,Completed,Mobile,North
567,2411,2025-10-29,Cancelled,Web,South
568,1896,2025-03-31,Cancelled,Mobile,West
569,1279,2025-02-19,Completed,Mobile,North
570,1255,2024-12-15,Completed,Mobile,North
571,144,2024-08-11,Completed,Partner,West
572,2180,2025-06-28,Cancelled,Web,North
573,2287,2024-08-10,Completed,Web,South
574,116,2024-04-10,Completed,Partner,East
575,1144,2026-04-25,Cancelled,Mobile,North
576,1755,2024-09-09,Pending,Mobile,West
577,2240,2026-06-27,Cancelled,Partner,South
578,1502,2024-05-15,Completed,Web,West
579,2688,2024-10-24,Completed,Web,South
580,1150,2024-04-29,Completed,Web,West
581,2301,2026-06-16,Completed,Web,West
582,2425,2026-03-10,Completed,Web,South
583,2293,2025-11-14,Completed,Partner,North
584,1716,2025-10-15,Completed,Web,South
585,1460,2025-07-26,Completed,Web,East
586,394,2025-11-25,Pending,Partner,West
587,547,2025-09-01,Completed,Partner,East
588,556,2024-01-31,Completed,Web,North
589,793,2025-12-28,Completed,Mobile,East
590,2769,2025-07-27,Completed,Mobile,West
591,496,2025-11-01,Completed,Partner,North
592,1242,2025-12-29,Completed,Partner,South
593,780,2024-10-04,Completed,Web,North
594,2432,2026-01-09,Completed,Mobile,South
595,2200,2026-05-20,Completed,Mobile,North
596,1790,2024-04-05,Completed,Partner,East
597,884,2026-02-13,Completed,Mobile,East
598,1008,2024-01-20,Completed,Web,East
599,520,2025-08-08,Completed,Partner,East
600,2907,2025-09-18,Completed,Partner,South
601,1172,2024-11-10,Completed,Partner,West
602,552,2024-03-08,Cancelled,Partner,East
603,644,2024-12-14,Completed,Partner,East
604,2397,2025-02-20,Completed,Partner,West
605,307,2025-01-07,Completed,Partner,West
606,1877,2025-06-21,Completed,Partner,North
607,1347,2026-06-04,Completed,Web,North
608,1798,2024-07-09,Completed,Mobile,North
609,1026,2024-02-04,Completed,Partner,East
610,373,2025-12-31,Completed,Partner,West
611,1424,2026-01-12,Completed,Partner,South
612,327,2024-11-09,Completed,Mobile,South
613,715,2025-01-21,Completed,Partner,West
614,2806,2026-04-16,Completed,Web,South
615,1547,2026-04-22,Completed,Mobile,East
616,2976,2025-02-24,Completed,Mobile,South
617,2914,2026-03-25,Completed,Partner,West
618,2410,2026-08-24,Cancelled,Mobile,North
619,815,2026-02-07,Completed,Partner,North
620,2664,2025-04-02,Completed,Web,West
621,2991,2024-06-05,Completed,Mobile,West
622,1729,2025-03-14,Completed,Partner,East
623,195,2026-06-08,Completed,Mobile,West
624,2973,2024-09-14,Completed,Web,West
625,1637,2026-01-15,Completed,Mobile,North
626,793,2024-09-27,Completed,Web,East
627,2291,2025-12-21,Completed,Partner,East
628,1005,2025-04-11,Completed,Mobile,North
629,883,2025-08-11,Completed,Mobile,South
630,952,2026-04-05,Completed,Mobile,South
631,36,2024-11-27,Cancelled,Mobile,West
632,172,2025-08-21,Completed,Mobile,North
633,2068,2025-05-04,Completed,Partner,North
634,2297,2024-07-27,Completed,Mobile,West
635,2220,2025-05-06,Cancelled,Mobile,South
636,1509,2026-05-07,Cancelled,Partner,South
637,2933,2026-06-13,Completed,Partner,South
638,1031,2026-08-06,Completed,Partner,West
639,882,2024-12-06,Completed,Web,South
640,153,2025-08-29,Completed,Partner,East
641,2432,2024-09-04,Completed,Mobile,South
642,2615,2026-06-19,Completed,Partner,North
643,2224,2026-07-20,Completed,Mobile,South
644,2247,2025-01-18,Completed,Mobile,South
645,668,2025-06-14,Pending,Partner,North
646,838,2026-07-05,Completed,Web,East
647,1462,2024-10-13,Completed,Web,South
648,675,2024-10-28,Completed,Mobile,South
649,929,2026-03-13,Completed,Partner,East
650,1266,2024-01-31,Completed,Web,East
651,2890,2025-01-24,Completed,Web,West
652,1953,2024-10-28,Completed,Partner,North
653,1292,2025-05-30,Completed,Web,West
654,1930,2025-08-22,Completed,Web,West
655,1581,2025-01-25,Pending,Web,West
656,1550,2024-11-05,Completed,Web,West
657,93,2024-02-29,Completed,Web,North
658,734,2025-11-14,Completed,Web,South
659,2287,2024-08-27,Completed,Web,South
660,2709,2026-01-26,Completed,Web,West
661,219,2025-06-27,Completed,Partner,North
662,494,2026-03-08,Completed,Partner,South
663,2543,2024-06-23,Completed,Mobile,West
664,2953,2025-06-07,Completed,Mobile,North
665,56,2025-02-10,Completed,Web,West
666,1860,2026-07-06,Completed,Web,West
667,1343,2024-10-10,Cancelled,Mobile,North
668,292,2024-05-21,Completed,Web,East
669,2836,2024-12-16,Completed,Partner,West
670,1960,2025-02-04,Completed,Web,East
671,138,2025-03-16,Completed,Web,East
672,146,2024-04-30,Completed,Partner,South
673,667,2025-06-16,Completed,Web,East
674,1712,2024-09-29,Completed,Mobile,East
675,257,2024-01-12,Completed,Web,South
676,248,2024-08-28,Completed,Web,North
677,1710,2025-02-24,Completed,Web,North
678,774,2025-12-22,Completed,Web,West
679,372,2025-01-24,Completed,Web,West
680,1893,2025-11-12,Completed,Mobile,East
681,197,2025-08-10,Cancelled,Mobile,South
682,1420,2025-07-21,Cancelled,Mobile,West
683,2164,2026-06-04,Completed,Web,West
684,1118,2026-06-05,Completed,Mobile,North
685,1502,2024-01-20,Completed,Mobile,West
686,1341,2024-07-05,Cancelled,Partner,North
687,2655,2026-05-18,Completed,Partner,South
688,2042,2025-08-12,Completed,Web,South
689,1589,2025-01-08,Cancelled,Partner,West
690,2468,2025-11-15,Completed,Partner,East
691,648,2024-07-23,Completed,Web,South
692,325,2024-09-25,Completed,Web,South
693,1368,2025-09-01,Pending,Partner,South
694,2260,2026-05-06,Completed,Web,South
695,304,2025-11-19,Completed,Partner,East
696,217,2024-03-05,Completed,Partner,North
697,593,2026-03-22,Completed,Partner,East
698,784,2025-01-09,Completed,Partner,East
699,350,2025-05-03,Completed,Mobile,North
700,1550,2025-08-18,Completed,Web,West
701,2680,2024-05-05,Completed,Mobile,West
702,2569,2025-08-30,Completed,Web,South
703,643,2026-06-05,Completed,Mobile,South
704,2948,2026-04-05,Cancelled,Web,East
705,67,2025-11-11,Completed,Mobile,East
706,2461,2024-06-12,Completed,Mobile,South
707,2484,2024-04-21,Completed,Mobile,North
708,2767,2026-06-14,Completed,Web,West
709,2685,2025-11-05,Cancelled,Partner,South
710,906,2025-08-02,Completed,Partner,North
711,2056,2026-06-11,Completed,Web,North
712,1969,2025-10-28,Completed,Partner,South
713,2657,2026-03-27,Completed,Mobile,East
714,1948,2024-01-19,Cancelled,Partner,South
715,2985,2024-05-10,Completed,Partner,South
716,1637,2026-03-09,Completed,Mobile,North
717,2053,2025-08-23,Completed,Web,North
718,2057,2025-08-21,Completed,Partner,West
719,1075,2024-09-11,Pending,Web,West
720,2028,2026-04-21,Completed,Web,East
721,1403,2024-01-25,Completed,Mobile,East
722,1038,2026-01-10,Completed,Web,West
723,2868,2024-12-06,Completed,Mobile,North
724,673,2025-05-03,Completed,Web,North
725,2891,2025-08-12,Completed,Partner,West
726,962,2024-10-02,Completed,Mobile,East
727,107,2024-07-15,Completed,Partner,South
728,125,2024-10-24,Completed,Mobile,West
729,2124,2026-05-10,Completed,Mobile,East
730,2420,2024-10-06,Completed,Mobile,North
731,687,2024-10-31,Pending,Mobile,West
732,1771,2024-03-25,Completed,Mobile,South
733,2400,2026-08-16,Pending,Partner,North
734,406,2026-05-31,Completed,Partner,North
735,168,2025-11-02,Completed,Mobile,South
736,2757,2026-06-25,Completed,Mobile,South
737,1603,2026-03-25,Completed,Partner,East
738,31,2025-04-11,Completed,Web,West
739,2154,2024-05-29,Completed,Mobile,North
740,361,2025-02-11,Completed,Partner,South
741,1567,2024-01-31,Completed,Partner,West
742,2629,2026-02-01,Completed,Web,West
743,2261,2024-05-28,Cancelled,Mobile,South
744,2163,2025-10-24,Completed,Mobile,South
745,846,2025-11-26,Cancelled,Mobile,West
746,251,2025-07-04,Completed,Web,West
747,1696,2025-02-17,Cancelled,Partner,North
748,2676,2025-10-29,Completed,Partner,North
749,2098,2026-02-17,Completed,Partner,South
750,34,2025-10-27,Completed,Web,North
751,840,2024-03-03,Cancelled,Mobile,West
752,2184,2024-05-13,Completed,Web,East
753,1893,2026-03-20,Completed,Partner,East
754,2193,2026-02-10,Completed,Partner,North
755,907,2024-08-11,Completed,Partner,South
756,1203,2024-09-04,Cancelled,Web,West
757,2780,2024-08-16,Completed,Web,West
758,168,2025-01-30,Completed,Partner,South
759,2372,2025-09-02,Completed,Web,South
760,643,2024-09-06,Completed,Web,South
761,1941,2025-05-20,Completed,Web,East
762,503,2026-02-09,Cancelled,Partner,South
763,46,2026-04-11,Pending,Mobile,North
764,1916,2024-01-22,Completed,Partner,East
765,1380,2025-02-27,Completed,Partner,South
766,1837,2026-03-14,Completed,Mobile,North
767,1684,2026-05-02,Completed,Partner,East
768,1797,2024-09-09,Completed,Mobile,West
769,1416,2024-06-30,Completed,Web,South
770,1959,2025-09-02,Completed,Web,East
771,384,2026-05-28,Completed,Partner,South
772,1951,2025-04-23,Completed,Web,North
773,1900,2024-08-26,Completed,Mobile,West
774,2401,2025-10-30,Completed,Mobile,East
775,1944,2025-01-18,Completed,Mobile,South
776,2190,2024-12-07,Completed,Partner,West
777,1534,2026-06-14,Completed,Mobile,South
778,2948,2024-12-06,Completed,Mobile,East
779,2292,2025-12-01,Pending,Partner,East
780,1211,2024-03-18,Completed,Mobile,North
781,1193,2024-02-06,Completed,Mobile,North
782,1213,2026-08-06,Completed,Partner,North
783,2959,2024-07-22,Cancelled,Partner,North
784,1426,2026-05-06,Completed,Web,North
785,1550,2025-08-07,Completed,Web,West
786,132,2025-05-19,Completed,Mobile,North
787,2969,2026-07-01,Completed,Partner,West
788,2744,2024-12-07,Pending,Web,North
789,1955,2026-05-20,Completed,Partner,East
790,1684,2024-02-24,Completed,Web,East
791,1014,2024-10-24,Completed,Partner,West
792,2671,2024-11-12,Cancelled,Partner,South
793,711,2026-03-04,Completed,Web,East
794,921,2025-04-01,Completed,Web,North
795,63,2024-02-17,Pending,Partner,South
796,1659,2025-03-18,Cancelled,Mobile,North
797,1483,2024-09-26,Pending,Web,East
798,268,2025-06-16,Completed,Web,South
799,885,2025-08-22,Completed,Mobile,West
800,2105,2024-08-11,Cancelled,Mobile,North
801,2224,2024-06-23,Completed,Partner,South
802,2447,2025-05-17,Completed,Web,West
803,400,2024-04-30,Completed,Mobile,East
804,429,2024-12-11,Completed,Web,North
805,2620,2025-03-26,Completed,Partner,South
806,49,2026-05-05,Completed,Mobile,South
807,2593,2024-01-01,Completed,Partner,North
808,2851,2025-04-29,Completed,Partner,South
809,2697,2026-03-01,Pending,Partner,South
810,2305,2025-04-03,Pending,Partner,East
811,2251,2025-03-11,Completed,Partner,South
812,2152,2025-04-09,Completed,Mobile,South
813,1672,2024-06-10,Completed,Mobile,West
814,1976,2025-07-14,Completed,Web,South
815,45,2024-04-07,Completed,Partner,North
816,2500,2024-08-22,Completed,Mobile,East
817,466,2024-12-27,Completed,Mobile,North
818,1244,2026-03-31,Cancelled,Web,East
819,1301,2025-04-13,Completed,Web,North
820,1244,2024-08-29,Completed,Partner,East
821,449,2026-05-26,Completed,Mobile,South
822,2336,2024-12-25,Completed,Partner,East
823,1522,2025-06-05,Completed,Mobile,East
824,1868,2025-09-06,Completed,Partner,South
825,1538,2024-03-13,Completed,Mobile,South
826,2159,2024-12-03,Completed,Partner,South
827,906,2025-03-10,Completed,Partner,North
828,2589,2026-07-05,Completed,Partner,West
829,2193,2026-03-14,Completed,Partner,North
830,1829,2024-12-28,Completed,Web,East
831,2466,2024-06-27,Completed,Partner,East
832,698,2024-09-03,Pending,Partner,East
833,2352,2024-11-17,Completed,Mobile,West
834,395,2024-05-03,Completed,Mobile,North
835,2410,2026-08-23,Completed,Partner,North
836,1861,2024-03-25,Completed,Partner,South
837,2364,2026-05-21,Completed,Mobile,West
838,840,2026-06-04,Completed,Mobile,West
839,307,2026-06-10,Pending,Web,West
840,1400,2026-04-18,Completed,Web,East
841,2656,2024-10-30,Completed,Web,North
842,727,2026-03-01,Completed,Partner,North
843,239,2024-06-05,Completed,Partner,South
844,401,2024-04-08,Completed,Mobile,North
845,650,2024-05-09,Completed,Web,East
846,2777,2026-05-20,Completed,Web,North
847,921,2024-04-06,Completed,Partner,North
848,1893,2024-02-09,Completed,Partner,East
849,2698,2025-02-26,Completed,Web,West
850,2579,2025-03-21,Completed,Partner,West
851,260,2026-08-03,Completed,Partner,North
852,2605,2024-01-04,Completed,Partner,South
853,1914,2025-08-21,Completed,Mobile,South
854,532,2024-07-27,Completed,Partner,West
855,856,2026-08-14,Completed,Partner,West
856,2188,2024-03-13,Completed,Mobile,South
857,672,2024-11-14,Pending,Mobile,West
858,446,2024-07-29,Completed,Partner,North
859,2421,2024-09-16,Completed,Web,North
860,1441,2026-04-14,Completed,Web,South
861,1065,2025-05-30,Completed,Mobile,South
862,2786,2024-04-07,Completed,Mobile,West
863,755,2024-05-18,Completed,Mobile,West
864,1777,2024-03-03,Completed,Mobile,North
865,1626,2024-04-26,Completed,Web,South
866,1866,2024-07-17,Completed,Partner,South
867,2342,2026-04-19,Completed,Partner,South
868,725,2026-03-28,Cancelled,Partner,North
869,272,2024-02-03,Completed,Mobile,North
870,1566,2026-01-30,Completed,Partner,West
871,824,2024-09-15,Completed,Web,West
872,2995,2024-06-01,Completed,Partner,South
873,668,2024-05-02,Cancelled,Mobile,North
874,1062,2026-04-25,Completed,Partner,East
875,2252,2025-02-21,Completed,Mobile,North
876,1089,2026-03-03,Completed,Partner,North
877,685,2024-01-16,Cancelled,Web,East
878,483,2024-06-17,Completed,Mobile,North
879,2706,2025-07-16,Cancelled,Partner,North
880,1145,2026-04-17,Completed,Partner,West
881,2580,2025-06-21,Completed,Web,South
882,2588,2025-03-28,Completed,Mobile,West
883,1610,2024-09-25,Completed,Mobile,West
884,2714,2024-09-30,Completed,Web,North
885,199,2025-03-28,Completed,Web,East
886,2017,2024-08-22,Pending,Mobile,West
887,2788,2026-08-11,Completed,Mobile,North
888,2618,2024-10-26,Completed,Web,North
889,2503,2024-08-18,Completed,Partner,North
890,1240,2024-05-23,Completed,Mobile,East
891,2906,2024-12-14,Completed,Web,West
892,2787,2024-07-04,Completed,Mobile,South
893,2074,2025-01-23,Cancelled,Mobile,South
894,2635,2026-02-20,Completed,Partner,North
895,2343,2024-06-02,Completed,Web,North
896,304,2024-01-29,Completed,Mobile,East
897,1492,2025-06-16,Completed,Partner,East
898,70,2026-07-21,Completed,Partner,West
899,465,2026-01-23,Completed,Partner,West
900,1407,2026-03-29,Completed,Partner,East
901,1412,2024-04-17,Completed,Mobile,North
902,484,2026-07-11,Pending,Web,West
903,542,2024-11-02,Cancelled,Partner,East
904,1293,2024-09-21,Completed,Mobile,North
905,1558,2026-01-02,Completed,Mobile,South
906,113,2024-07-27,Completed,Partner,East
907,2383,2026-08-19,Completed,Web,East
908,322,2024-04-19,Completed,Web,North
909,669,2026-02-25,Completed,Web,South
910,2235,2024-09-02,Pending,Mobile,East
911,643,2024-08-12,Completed,Mobile,South
912,663,2024-10-11,Completed,Partner,West
913,1170,2024-12-26,Completed,Mobile,West
914,2082,2024-12-12,Completed,Partner,North
915,2872,2025-10-25,Completed,Partner,East
916,1858,2026-08-23,Completed,Partner,West
917,1601,2024-05-15,Completed,Web,South
918,474,2026-04-21,Cancelled,Web,North
919,1594,2025-12-12,Completed,Partner,West
920,683,2024-11-08,Cancelled,Partner,South
921,221,2026-04-18,Completed,Mobile,North
922,123,2024-06-19,Completed,Partner,East
923,1346,2025-10-22,Completed,Web,South
924,1696,2024-07-29,Completed,Mobile,North
925,1094,2025-02-18,Completed,Partner,North
926,218,2024-11-19,Completed,Web,North
927,502,2024-08-18,Cancelled,Web,South
928,2419,2024-12-07,Completed,Web,North
929,1470,2025-02-08,Completed,Web,South
930,2907,2025-09-26,Completed,Partner,South
931,1152,2025-06-25,Completed,Mobile,North
932,2282,2024-02-21,Completed,Web,North
933,1509,2024-04-21,Completed,Web,South
934,2377,2025-12-23,Completed,Partner,North
935,1779,2024-01-31,Completed,Web,South
936,190,2026-07-06,Completed,Mobile,West
937,1613,2026-01-19,Completed,Partner,South
938,2512,2025-11-25,Completed,Partner,West
939,1952,2025-01-09,Completed,Mobile,East
940,2057,2024-03-19,Completed,Mobile,West
941,1203,2024-01-29,Completed,Mobile,West
942,1857,2025-03-19,Completed,Mobile,South
943,350,2024-03-18,Completed,Mobile,North
944,434,2026-07-08,Completed,Web,West
945,1788,2026-01-13,Completed,Mobile,South
946,2323,2024-06-29,Completed,Mobile,North
947,142,2026-01-12,Completed,Web,East
948,1922,2024-09-27,Completed,Web,North
949,1603,2024-08-13,Completed,Web,East
950,1431,2024-05-24,Completed,Mobile,West
951,1621,2026-02-04,Completed,Web,South
952,638,2025-08-27,Completed,Mobile,South
953,1663,2025-07-02,Completed,Partner,East
954,1652,2025-10-08,Completed,Partner,South
955,50,2026-02-28,Completed,Web,South
956,523,2025-02-27,Completed,Web,West
957,1773,2025-04-30,Completed,Mobile,West
958,458,2025-06-11,Completed,Mobile,East
959,442,2024-01-15,Completed,Mobile,North
960,1610,2024-12-05,Completed,Partner,West
961,468,2026-07-28,Completed,Partner,South
962,1389,2025-07-12,Completed,Partner,South
963,823,2025-01-20,Cancelled,Web,West
964,696,2026-04-15,Completed,Web,South
965,2931,2026-08-18,Completed,Mobile,South
966,2534,2025-03-23,Completed,Partner,West
967,1974,2025-02-11,Completed,Partner,East
968,1741,2024-08-20,Completed,Partner,West
969,426,2024-07-06,Completed,Partner,East
970,2818,2024-03-06,Completed,Web,West
971,1567,2025-11-03,Completed,Web,West
972,1561,2024-03-16,Completed,Web,North
973,2056,2026-02-09,Pending,Mobile,North
974,2248,2025-10-12,Completed,Partner,North
975,1732,2024-07-09,Completed,Partner,West
976,748,2024-11-07,Completed,Partner,West
977,1380,2025-07-08,Completed,Web,South
978,274,2026-02-02,Pending,Web,South
979,2565,2024-05-20,Completed,Partner,South
980,835,2025-06-30,Completed,Partner,East
981,206,2025-01-12,Completed,Mobile,East
982,306,2026-04-27,Completed,Mobile,South
983,853,2026-01-09,Completed,Partner,South
984,1162,2024-01-24,Completed,Web,East
985,2626,2026-02-06,Completed,Partner,South
986,433,2025-07-01,Completed,Mobile,North
987,1516,2025-12-14,Completed,Partner,West
988,2241,2025-10-29,Completed,Partner,West
989,883,2025-08-10,Pending,Web,South
990,2040,2026-02-22,Completed,Mobile,South
991,2097,2024-07-17,Completed,Partner,North
992,383,2024-07-31,Completed,Partner,West
993,2805,2024-04-25,Completed,Partner,South
994,2406,2024-10-14,Completed,Web,East
995,269,2024-07-19,Completed,Partner,North
996,225,2026-05-05,Pending,Partner,East
997,2090,2024-07-05,Completed,Mobile,South
998,1599,2025-09-17,Completed,Partner,North
999,2503,2025-12-18,Completed,Web,North
1000,2617,2025-05-19,Completed,Partner,West
1001,693,2024-01-12,Cancelled,Mobile,East
1002,148,2024-03-21,Cancelled,Partner,East
1003,2502,2026-05-01,Completed,Web,East
1004,452,2026-07-08,Completed,Web,South
1005,1403,2025-08-09,Completed,Web,East
1006,1372,2024-10-18,Cancelled,Web,West
1007,2151,2024-07-18,Completed,Partner,West
1008,998,2025-11-10,Completed,Partner,North
1009,2100,2026-07-24,Completed,Partner,South
1010,541,2026-04-05,Completed,Mobile,South
1011,1093,2024-03-21,Completed,Web,South
1012,1401,2024-05-08,Completed,Mobile,South
1013,2223,2024-12-04,Pending,Mobile,East
1014,4,2026-04-05,Completed,Web,North
1015,2556,2024-07-24,Completed,Web,West
1016,2110,2024-08-04,Pending,Mobile,North
1017,373,2026-04-08,Completed,Mobile,West
1018,2595,2025-03-06,Completed,Web,North
1019,2702,2025-11-09,Completed,Web,North
1020,361,2024-05-22,Completed,Mobile,South
1021,1961,2026-04-12,Completed,Web,East
1022,1942,2025-03-21,Completed,Partner,South
1023,166,2026-02-24,Pending,Web,East
1024,1677,2026-01-12,Completed,Web,North
1025,2327,2024-04-30,Completed,Partner,East
1026,2529,2024-08-06,Completed,Mobile,South
1027,416,2026-02-09,Completed,Mobile,South
1028,775,2025-11-15,Completed,Partner,North
1029,1129,2024-03-14,Completed,Mobile,East
1030,629,2024-08-31,Completed,Web,West
1031,765,2025-12-21,Completed,Mobile,West
1032,1778,2025-09-05,Completed,Web,East
1033,1853,2026-06-29,Completed,Web,West
1034,192,2025-05-16,Cancelled,Mobile,South
1035,1857,2026-07-23,Completed,Partner,South
1036,337,2024-12-26,Cancelled,Web,East
1037,2821,2025-10-17,Completed,Web,South
1038,782,2026-07-30,Completed,Mobile,South
1039,2781,2024-10-25,Completed,Partner,East
1040,1146,2024-02-01,Cancelled,Web,West
1041,2381,2026-01-26,Pending,Partner,North
1042,1165,2024-09-02,Completed,Partner,East
1043,1966,2025-10-03,Completed,Web,West
1044,2361,2024-06-08,Completed,Web,West
1045,108,2026-04-24,Completed,Partner,North
1046,983,2026-02-17,Completed,Partner,East
1047,411,2025-03-31,Completed,Web,East
1048,2883,2024-01-15,Completed,Partner,East
1049,2576,2025-11-27,Completed,Web,North
1050,2110,2024-06-18,Completed,Mobile,North
1051,2178,2024-06-13,Cancelled,Web,East
1052,1744,2024-07-11,Completed,Web,North
1053,2307,2026-05-19,Completed,Web,South
1054,2835,2025-09-30,Completed,Web,East
1055,2024,2025-03-03,Completed,Web,East
1056,1377,2024-01-04,Completed,Mobile,West
1057,1032,2024-01-22,Completed,Web,West
1058,892,2024-06-22,Completed,Mobile,East
1059,2929,2024-12-25,Completed,Mobile,West
1060,997,2026-05-26,Completed,Mobile,East
1061,171,2025-12-05,Cancelled,Mobile,South
1062,804,2026-05-13,Completed,Partner,South
1063,1098,2024-01-12,Completed,Partner,North
1064,595,2026-01-21,Completed,Mobile,East
1065,100,2026-04-18,Completed,Partner,West
1066,425,2026-05-21,Completed,Partner,South
1067,1566,2026-05-23,Completed,Partner,West
1068,2838,2026-03-21,Completed,Partner,South
1069,810,2024-03-07,Completed,Partner,East
1070,478,2024-12-28,Completed,Web,East
1071,2769,2024-03-30,Pending,Partner,West
1072,1416,2025-02-17,Completed,Partner,South
1073,144,2025-10-12,Cancelled,Partner,West
1074,2914,2024-12-26,Completed,Web,West
1075,2959,2025-10-08,Completed,Partner,North
1076,2752,2024-06-13,Pending,Mobile,West
1077,1743,2026-04-21,Pending,Mobile,North
1078,513,2024-06-09,Completed,Web,East
1079,1510,2025-09-21,Completed,Mobile,South
1080,64,2025-10-09,Completed,Web,South
1081,1805,2026-04-20,Completed,Mobile,South
1082,2515,2026-07-29,Completed,Web,East
1083,2052,2024-04-24,Cancelled,Mobile,South
1084,1470,2024-10-02,Completed,Web,South
1085,1648,2025-06-28,Completed,Partner,South
1086,1718,2026-05-21,Completed,Partner,North
1087,1441,2025-07-22,Completed,Web,South
1088,1648,2026-07-18,Cancelled,Web,South
1089,2243,2025-08-19,Completed,Mobile,North
1090,2374,2026-02-05,Completed,Web,South
1091,2950,2024-12-20,Completed,Mobile,South
1092,683,2025-10-25,Completed,Web,South
1093,2976,2024-07-08,Pending,Web,South
1094,2723,2025-06-14,Pending,Mobile,East
1095,325,2025-02-17,Completed,Partner,South
1096,2036,2024-03-19,Completed,Partner,South
1097,157,2024-06-02,Completed,Web,North
1098,1516,2024-06-05,Completed,Mobile,West
1099,1504,2025-11-01,Completed,Web,West
1100,321,2025-04-23,Completed,Mobile,South
1101,675,2024-10-07,Completed,Mobile,South
1102,887,2024-05-30,Completed,Mobile,South
1103,2378,2025-07-25,Completed,Mobile,East
1104,2844,2025-07-07,Completed,Mobile,South
1105,68,2025-10-04,Completed,Web,East
1106,507,2025-12-30,Completed,Mobile,East
1107,1527,2025-08-13,Completed,Partner,East
1108,2542,2025-07-05,Completed,Mobile,South
1109,1070,2025-01-23,Completed,Web,North
1110,1532,2026-05-17,Completed,Mobile,West
1111,2508,2024-07-16,Completed,Web,West
1112,1326,2026-04-13,Completed,Partner,West
1113,2863,2024-09-23,Completed,Mobile,North
1114,1207,2024-11-27,Completed,Mobile,East
1115,2592,2025-11-05,Cancelled,Partner,West
1116,634,2025-02-15,Completed,Partner,North
1117,1221,2025-03-20,Completed,Web,West
1118,966,2024-06-04,Completed,Partner,South
1119,973,2024-09-05,Cancelled,Mobile,West
1120,2837,2025-05-03,Completed,Web,West
1121,538,2024-08-15,Completed,Mobile,North
1122,1871,2026-05-27,Completed,Partner,East
1123,840,2024-06-16,Completed,Partner,West
1124,1814,2025-11-22,Completed,Partner,North
1125,2573,2026-04-23,Completed,Partner,East
1126,316,2024-03-14,Cancelled,Mobile,South
1127,964,2024-11-25,Completed,Web,West
1128,1269,2025-04-16,Pending,Mobile,South
1129,1589,2025-01-18,Completed,Partner,West
1130,1742,2025-11-04,Completed,Web,West
1131,117,2026-01-31,Completed,Mobile,East
1132,1576,2026-01-30,Completed,Web,North
1133,855,2026-05-27,Completed,Mobile,East
1134,2358,2024-07-16,Completed,Partner,West
1135,2412,2025-04-11,Completed,Partner,West
1136,1786,2026-04-27,Pending,Partner,South
1137,2374,2026-02-20,Completed,Web,South
1138,1367,2024-06-25,Completed,Partner,North
1139,2144,2025-02-17,Completed,Web,West
1140,1433,2025-10-26,Completed,Web,North
1141,1139,2024-11-01,Cancelled,Web,West
1142,1838,2025-12-31,Pending,Mobile,North
1143,816,2026-05-28,Completed,Mobile,South
1144,1432,2025-07-07,Cancelled,Partner,North
1145,1244,2026-01-17,Completed,Web,East
1146,834,2024-08-14,Completed,Mobile,North
1147,465,2025-05-19,Completed,Partner,West
1148,339,2026-08-08,Completed,Web,South
1149,1558,2026-01-14,Completed,Partner,South
1150,821,2025-09-17,Completed,Web,North
1151,2188,2024-04-16,Completed,Partner,South
1152,924,2024-12-29,Completed,Partner,East
1153,1107,2025-01-29,Completed,Partner,North
1154,1244,2025-11-11,Completed,Partner,East
1155,1268,2024-08-28,Completed,Mobile,South
1156,96,2025-02-20,Completed,Mobile,West
1157,2221,2024-07-29,Completed,Web,South
1158,1050,2025-08-28,Completed,Web,North
1159,1057,2025-05-08,Cancelled,Mobile,South
1160,660,2025-09-04,Completed,Mobile,South
1161,209,2024-01-06,Completed,Mobile,North
1162,2637,2024-05-26,Completed,Web,North
1163,707,2026-03-07,Completed,Partner,West
1164,1974,2026-03-23,Completed,Partner,East
1165,1914,2025-03-18,Cancelled,Web,South
1166,1579,2026-04-30,Completed,Web,East
1167,2324,2025-05-21,Completed,Partner,South
1168,457,2024-06-07,Completed,Partner,South
1169,1032,2024-04-10,Completed,Partner,West
1170,606,2024-01-26,Completed,Web,East
1171,162,2026-07-25,Cancelled,Mobile,West
1172,215,2024-06-27,Completed,Web,West
1173,2983,2025-01-21,Completed,Partner,West
1174,2121,2025-07-31,Completed,Partner,South
1175,1424,2025-04-12,Completed,Partner,South
1176,438,2024-06-20,Completed,Web,North
1177,1578,2026-01-23,Pending,Web,North
1178,2022,2024-08-26,Completed,Partner,West
1179,1267,2024-09-13,Completed,Web,East
1180,126,2025-06-27,Completed,Web,South
1181,1505,2025-08-22,Completed,Web,South
1182,1872,2025-02-23,Completed,Mobile,East
1183,427,2025-09-17,Completed,Mobile,East
1184,1992,2025-12-21,Completed,Web,West
1185,2892,2025-02-03,Completed,Mobile,East
1186,2012,2026-07-20,Completed,Web,North
1187,657,2024-10-23,Completed,Web,West
1188,134,2025-03-03,Completed,Partner,East
1189,1571,2024-08-16,Completed,Mobile,South
1190,2671,2026-06-19,Completed,Partner,South
1191,587,2025-02-21,Completed,Partner,South
1192,405,2025-08-25,Completed,Web,East
1193,806,2025-11-10,Completed,Mobile,North
1194,2951,2025-02-12,Completed,Mobile,South
1195,1776,2025-02-15,Completed,Web,West
1196,2722,2024-11-26,Completed,Mobile,South
1197,712,2025-05-31,Completed,Mobile,East
1198,637,2024-08-05,Completed,Partner,North
1199,2137,2024-02-23,Completed,Web,West
1200,863,2025-04-14,Completed,Mobile,South
1201,2233,2025-10-19,Completed,Partner,East
1202,2458,2024-01-03,Completed,Partner,North
1203,1455,2025-01-03,Completed,Web,West
1204,2281,2026-08-10,Completed,Partner,South
1205,438,2024-06-16,Completed,Web,North
1206,4,2024-12-11,Completed,Mobile,North
1207,1161,2026-03-09,Completed,Partner,South
1208,2594,2025-08-21,Completed,Web,North
1209,2909,2024-01-28,Completed,Web,East
1210,613,2025-03-25,Pending,Partner,South
1211,2587,2025-03-21,Completed,Web,East
1212,101,2024-02-29,Completed,Partner,West
1213,2177,2025-01-03,Completed,Partner,South
1214,690,2025-08-22,Completed,Web,East
1215,1112,2024-07-05,Pending,Mobile,North
1216,1732,2025-08-28,Completed,Web,West
1217,1342,2025-06-08,Completed,Mobile,North
1218,1856,2025-09-06,Completed,Partner,West
1219,148,2024-06-02,Completed,Mobile,East
1220,1220,2026-01-07,Pending,Partner,North
1221,2905,2025-04-30,Completed,Mobile,East
1222,1851,2025-08-28,Completed,Web,East
1223,828,2024-07-23,Completed,Mobile,North
1224,2457,2024-01-25,Completed,Mobile,West
1225,606,2024-01-31,Completed,Web,East
1226,1047,2025-01-03,Completed,Mobile,East
1227,475,2024-08-02,Completed,Mobile,West
1228,2997,2025-06-07,Cancelled,Mobile,South
1229,2794,2024-07-05,Pending,Mobile,East
1230,1074,2025-07-23,Completed,Partner,South
1231,2090,2024-10-26,Completed,Partner,South
1232,421,2024-02-06,Completed,Web,East
1233,2479,2025-05-04,Completed,Web,East
1234,1303,2024-07-22,Completed,Mobile,West
1235,1441,2026-04-16,Pending,Partner,South
1236,2499,2025-12-08,Completed,Web,West
1237,1017,2024-02-19,Completed,Partner,North
1238,145,2025-07-27,Cancelled,Mobile,West
1239,2787,2026-06-07,Completed,Web,South
1240,2520,2025-11-10,Completed,Partner,South
1241,398,2024-11-12,Completed,Web,South
1242,578,2026-02-02,Completed,Mobile,South
1243,1274,2024-07-12,Completed,Mobile,East
1244,865,2024-10-31,Completed,Mobile,East
1245,692,2026-04-20,Completed,Web,East
1246,1687,2026-02-09,Cancelled,Web,North
1247,1479,2025-06-16,Completed,Mobile,East
1248,1947,2025-09-11,Cancelled,Partner,West
1249,983,2025-11-28,Completed,Web,East
1250,1429,2024-11-09,Completed,Partner,South
1251,229,2024-04-09,Completed,Mobile,West
1252,1615,2025-11-19,Completed,Partner,North
1253,248,2024-02-19,Completed,Web,North
1254,382,2026-06-20,Completed,Partner,South
1255,220,2024-08-19,Completed,Mobile,East
1256,383,2024-08-02,Completed,Partner,West
1257,29,2024-08-22,Pending,Web,West
1258,650,2026-01-17,Completed,Mobile,East
1259,2344,2025-09-15,Pending,Mobile,South
1260,2998,2024-03-20,Completed,Mobile,South
1261,2687,2025-01-23,Completed,Mobile,South
1262,867,2024-05-16,Completed,Web,South
1263,1929,2025-04-09,Completed,Web,South
1264,87,2025-12-29,Completed,Partner,South
1265,131,2025-12-09,Completed,Web,South
1266,2178,2025-08-10,Pending,Partner,East
1267,184,2026-01-24,Completed,Mobile,North
1268,897,2024-06-25,Completed,Partner,East
1269,472,2025-12-28,Completed,Partner,West
1270,622,2025-01-26,Completed,Web,West
1271,2458,2026-02-24,Completed,Mobile,North
1272,1756,2024-06-13,Completed,Partner,West
1273,833,2025-05-05,Cancelled,Mobile,North
1274,824,2026-03-21,Completed,Web,West
1275,574,2026-05-23,Completed,Web,West
1276,349,2026-03-17,Completed,Mobile,East
1277,2113,2025-08-14,Completed,Partner,South
1278,424,2024-08-29,Cancelled,Mobile,East
1279,37,2024-06-05,Completed,Web,South
1280,355,2026-06-07,Completed,Mobile,North
1281,2918,2024-05-19,Completed,Web,West
1282,399,2026-04-21,Completed,Mobile,South
1283,2796,2026-04-02,Completed,Web,South
1284,2598,2024-01-06,Completed,Partner,North
1285,969,2026-02-04,Completed,Mobile,West
1286,1268,2025-08-21,Completed,Web,South
1287,1957,2024-01-28,Cancelled,Partner,North
1288,1319,2026-04-09,Completed,Web,West
1289,1276,2025-01-03,Completed,Partner,West
1290,1613,2026-06-25,Completed,Mobile,South
1291,789,2026-07-29,Pending,Mobile,East
1292,1054,2025-08-07,Completed,Partner,East
1293,419,2026-05-29,Completed,Partner,West
1294,1051,2025-08-27,Cancelled,Partner,South
1295,600,2025-06-24,Completed,Mobile,North
1296,1182,2025-03-10,Completed,Web,South
1297,1736,2026-03-21,Completed,Mobile,South
1298,1506,2025-02-09,Cancelled,Partner,North
1299,1304,2025-05-10,Completed,Web,East
1300,711,2024-04-02,Cancelled,Mobile,East
1301,1401,2025-07-08,Completed,Partner,South
1302,1408,2024-01-19,Completed,Web,North
1303,1081,2024-10-04,Completed,Mobile,South
1304,793,2025-05-17,Completed,Partner,East
1305,1601,2024-12-07,Completed,Web,South
1306,2263,2026-06-19,Completed,Partner,South
1307,1418,2024-03-28,Completed,Mobile,East
1308,363,2025-04-13,Completed,Mobile,East
1309,131,2024-11-20,Completed,Web,South
1310,2697,2025-10-08,Completed,Web,South
1311,677,2024-08-19,Completed,Partner,West
1312,2210,2024-04-29,Completed,Partner,North
1313,2856,2025-12-16,Pending,Web,North
1314,1402,2025-01-12,Completed,Mobile,East
1315,2083,2025-05-14,Completed,Mobile,East
1316,1575,2024-10-16,Completed,Partner,East
1317,2718,2024-08-05,Completed,Web,North
1318,1369,2024-05-08,Completed,Mobile,West
1319,372,2026-07-15,Completed,Mobile,West
1320,1837,2025-02-05,Completed,Web,North
1321,2682,2024-08-18,Completed,Web,South
1322,1322,2025-02-03,Completed,Partner,West
1323,2090,2025-03-09,Completed,Web,South
1324,2058,2025-03-26,Completed,Mobile,West
1325,2343,2025-01-25,Completed,Web,North
1326,1045,2024-03-26,Completed,Mobile,West
1327,330,2025-06-20,Completed,Partner,North
1328,2236,2025-11-24,Completed,Web,West
1329,939,2024-07-03,Pending,Mobile,North
1330,2370,2025-05-29,Cancelled,Web,West
1331,90,2024-11-27,Completed,Web,East
1332,2508,2025-08-09,Completed,Mobile,West
1333,2378,2025-02-03,Pending,Mobile,East
1334,2688,2025-08-20,Completed,Partner,South
1335,1483,2024-08-30,Pending,Web,East
1336,1029,2024-01-25,Completed,Web,East
1337,423,2024-12-03,Completed,Partner,South
1338,739,2026-08-19,Completed,Mobile,North
1339,1341,2025-04-15,Completed,Web,North
1340,2532,2026-06-20,Completed,Partner,North
1341,507,2024-11-08,Completed,Web,East
1342,1977,2024-06-09,Completed,Mobile,East
1343,2594,2026-01-19,Cancelled,Partner,North
1344,526,2024-02-01,Completed,Mobile,North
1345,1761,2024-07-17,Completed,Web,North
1346,1141,2024-01-25,Cancelled,Mobile,West
1347,21,2024-08-09,Completed,Web,North
1348,1637,2024-10-28,Completed,Mobile,North
1349,2907,2024-08-22,Completed,Partner,South
1350,2172,2026-02-15,Cancelled,Web,South
1351,2284,2026-08-10,Completed,Mobile,North
1352,1914,2024-02-26,Completed,Mobile,South
1353,1342,2024-02-13,Completed,Partner,North
1354,2724,2025-06-15,Completed,Partner,South
1355,962,2025-05-26,Completed,Partner,East
1356,196,2025-02-07,Completed,Web,East
1357,114,2024-09-19,Completed,Web,West
1358,1628,2026-05-09,Completed,Web,East
1359,2029,2026-08-24,Completed,Partner,West
1360,2215,2024-11-24,Completed,Mobile,West
1361,1519,2025-11-03,Completed,Mobile,East
1362,788,2024-12-24,Completed,Mobile,North
1363,2482,2024-09-22,Completed,Mobile,East
1364,2655,2026-04-28,Completed,Partner,South
1365,1044,2026-01-21,Completed,Partner,East
1366,2499,2025-03-22,Completed,Mobile,West
1367,2398,2026-04-21,Pending,Web,North
1368,2379,2025-04-29,Completed,Mobile,South
1369,297,2026-01-29,Cancelled,Mobile,North
1370,367,2024-08-19,Completed,Mobile,South
1371,1074,2025-07-22,Completed,Mobile,South
1372,1100,2026-05-26,Cancelled,Mobile,South
1373,2380,2025-01-18,Completed,Partner,South
1374,2696,2025-07-06,Completed,Partner,East
1375,383,2025-01-17,Completed,Mobile,West
1376,1039,2026-04-27,Completed,Web,West
1377,1192,2024-05-19,Completed,Web,West
1378,2359,2024-11-10,Completed,Partner,South
1379,1179,2025-06-15,Completed,Web,South
1380,582,2024-05-30,Completed,Mobile,East
1381,602,2026-02-26,Completed,Mobile,West
1382,1925,2026-02-25,Cancelled,Partner,North
1383,1630,2024-06-30,Pending,Partner,East
1384,315,2026-01-26,Completed,Partner,North
1385,2626,2026-08-01,Completed,Web,South
1386,3000,2024-05-25,Completed,Partner,South
1387,2087,2024-12-28,Completed,Partner,South
1388,88,2026-07-02,Cancelled,Partner,West
1389,2065,2025-07-12,Completed,Web,West
1390,373,2026-04-19,Completed,Mobile,West
1391,247,2024-07-23,Cancelled,Web,South
1392,169,2024-02-20,Completed,Partner,West
1393,2936,2026-08-23,Completed,Partner,East
1394,1611,2025-06-20,Completed,Partner,South
1395,2810,2026-03-15,Completed,Web,West
1396,778,2024-09-22,Cancelled,Mobile,South
1397,2597,2024-10-30,Pending,Web,South
1398,2116,2025-02-09,Completed,Partner,South
1399,1240,2026-07-29,Completed,Web,East
1400,2026,2024-09-16,Completed,Web,South
1401,2121,2024-11-12,Completed,Web,South
1402,2172,2025-09-30,Cancelled,Mobile,South
1403,1971,2025-02-20,Completed,Web,South
1404,2330,2025-09-04,Completed,Partner,East
1405,2263,2026-02-14,Completed,Mobile,South
1406,2420,2024-08-26,Completed,Web,North
1407,2259,2024-09-25,Completed,Mobile,South
1408,1243,2024-05-02,Completed,Mobile,West
1409,1180,2025-04-28,Completed,Mobile,North
1410,2209,2026-02-11,Completed,Partner,East
1411,2307,2025-07-01,Completed,Web,South
1412,2035,2024-12-21,Completed,Partner,South
1413,798,2026-01-22,Pending,Partner,West
1414,161,2025-08-13,Completed,Partner,West
1415,2971,2024-10-26,Completed,Web,West
1416,1005,2024-12-08,Completed,Partner,North
1417,2315,2024-07-16,Completed,Web,East
1418,851,2025-11-16,Completed,Web,South
1419,1826,2025-05-22,Completed,Partner,East
1420,2633,2025-10-31,Completed,Mobile,South
1421,1139,2025-02-08,Completed,Web,West
1422,1462,2025-07-30,Completed,Web,South
1423,181,2025-03-25,Completed,Web,West
1424,1487,2025-09-25,Cancelled,Mobile,West
1425,1862,2025-02-28,Completed,Web,West
1426,1684,2026-02-07,Cancelled,Partner,East
1427,230,2025-09-13,Completed,Mobile,North
1428,1421,2024-06-02,Completed,Web,East
1429,1122,2026-07-24,Completed,Mobile,South
1430,73,2025-11-03,Completed,Web,North
1431,2050,2026-01-10,Completed,Mobile,South
1432,699,2025-05-04,Completed,Partner,East
1433,2182,2024-04-21,Completed,Mobile,South
1434,2748,2025-09-10,Completed,Partner,North
1435,2189,2025-12-31,Completed,Mobile,East
1436,1896,2025-04-05,Completed,Mobile,West
1437,2290,2024-03-25,Completed,Web,East
1438,1399,2024-10-13,Completed,Partner,East
1439,913,2026-06-13,Completed,Web,North
1440,1348,2024-03-26,Completed,Partner,East
1441,16,2026-07-29,Completed,Mobile,North
1442,1852,2025-12-25,Completed,Mobile,North
1443,482,2024-05-16,Completed,Web,North
1444,795,2024-03-31,Completed,Mobile,West
1445,2991,2026-06-27,Completed,Web,West
1446,1041,2024-06-06,Completed,Mobile,South
1447,2043,2026-07-30,Completed,Web,North
1448,1744,2025-01-05,Completed,Web,North
1449,545,2025-10-08,Completed,Web,East
1450,925,2025-02-11,Completed,Mobile,North
1451,511,2025-01-06,Completed,Web,West
1452,2158,2026-07-22,Completed,Mobile,West
1453,1709,2025-11-19,Completed,Web,South
1454,454,2026-01-27,Completed,Mobile,East
1455,189,2026-05-21,Completed,Web,North
1456,88,2025-07-07,Completed,Partner,West
1457,1115,2026-01-31,Completed,Partner,North
1458,239,2024-01-30,Completed,Mobile,South
1459,2464,2024-05-02,Completed,Web,East
1460,141,2025-06-25,Completed,Web,South
1461,2805,2025-03-23,Cancelled,Web,South
1462,316,2024-07-23,Completed,Mobile,South
1463,2431,2026-04-03,Pending,Mobile,West
1464,57,2025-06-08,Completed,Partner,East
1465,1241,2025-06-29,Completed,Web,West
1466,2098,2026-05-21,Cancelled,Web,South
1467,1649,2024-05-08,Completed,Mobile,South
1468,553,2025-10-05,Completed,Web,West
1469,1835,2025-09-28,Completed,Partner,West
1470,511,2025-04-11,Completed,Partner,West
1471,2801,2026-01-18,Completed,Partner,East
1472,2454,2025-11-23,Completed,Partner,East
1473,1960,2024-07-27,Completed,Partner,East
1474,2634,2024-04-10,Completed,Partner,North
1475,1662,2025-04-16,Completed,Mobile,South
1476,127,2025-08-11,Completed,Mobile,West
1477,1354,2025-03-14,Completed,Partner,East
1478,2470,2025-12-18,Completed,Mobile,North
1479,2832,2024-02-21,Completed,Partner,North
1480,830,2025-12-04,Completed,Partner,South
1481,1391,2025-07-07,Completed,Partner,East
1482,1538,2026-05-17,Completed,Partner,South
1483,1839,2024-07-14,Completed,Partner,South
1484,2295,2024-03-16,Completed,Mobile,West
1485,1547,2026-01-02,Completed,Partner,East
1486,657,2026-06-11,Completed,Web,West
1487,1687,2024-09-28,Completed,Web,North
1488,1666,2025-09-20,Completed,Web,East
1489,90,2025-09-20,Completed,Partner,East
1490,1159,2025-02-01,Completed,Partner,North
1491,2527,2024-11-07,Completed,Web,North
1492,2203,2024-09-18,Completed,Partner,East
1493,767,2025-06-30,Completed,Partner,South
1494,21,2025-03-08,Completed,Partner,North
1495,1492,2026-03-06,Completed,Web,East
1496,21,2024-11-03,Completed,Web,North
1497,1024,2025-05-14,Completed,Partner,East
1498,2259,2024-08-01,Completed,Partner,South
1499,2591,2025-05-01,Completed,Mobile,North
1500,1135,2025-07-25,Completed,Partner,East
1501,353,2025-07-08,Completed,Partner,South
1502,1654,2024-10-30,Completed,Mobile,West
1503,1815,2025-11-27,Completed,Mobile,South
1504,1822,2025-07-02,Completed,Mobile,South
1505,471,2025-12-01,Completed,Web,South
1506,1401,2024-11-17,Completed,Web,South
1507,2515,2024-08-18,Completed,Partner,East
1508,1731,2024-06-30,Completed,Web,East
1509,1591,2024-03-06,Completed,Web,South
1510,2695,2024-10-01,Completed,Partner,South
1511,1049,2024-05-12,Completed,Mobile,West
1512,857,2025-01-31,Completed,Web,North
1513,2516,2026-02-08,Completed,Web,South
1514,2288,2024-11-06,Completed,Web,North
1515,1106,2026-06-05,Completed,Mobile,West
1516,973,2024-12-10,Completed,Mobile,West
1517,2685,2024-08-06,Completed,Mobile,South
1518,1216,2026-08-21,Completed,Partner,North
1519,1807,2026-05-11,Completed,Partner,North
1520,2892,2024-11-27,Completed,Mobile,East
1521,2269,2026-08-26,Completed,Mobile,East
1522,803,2026-02-13,Completed,Partner,South
1523,2920,2025-05-08,Completed,Mobile,East
1524,2485,2025-08-29,Completed,Mobile,East
1525,955,2026-05-30,Completed,Mobile,South
1526,2663,2025-10-09,Completed,Mobile,East
1527,1764,2024-03-21,Completed,Mobile,East
1528,1877,2025-02-23,Cancelled,Mobile,North
1529,1634,2024-02-03,Completed,Web,South
1530,856,2025-10-11,Completed,Partner,West
1531,53,2024-01-21,Cancelled,Partner,East
1532,1286,2024-01-12,Completed,Web,East
1533,876,2026-04-09,Cancelled,Mobile,East
1534,2662,2024-05-19,Completed,Web,North
1535,343,2025-05-27,Completed,Partner,East
1536,1235,2026-06-02,Cancelled,Mobile,East
1537,150,2024-04-28,Completed,Partner,North
1538,2948,2026-07-14,Completed,Mobile,East
1539,284,2026-07-06,Completed,Mobile,West
1540,2789,2026-08-17,Completed,Mobile,East
1541,2496,2025-12-02,Completed,Partner,North
1542,850,2025-05-08,Completed,Mobile,East
1543,1152,2024-01-29,Completed,Web,North
1544,900,2026-05-15,Completed,Mobile,North
1545,1492,2026-05-02,Completed,Web,East
1546,2355,2026-07-14,Completed,Mobile,West
1547,2993,2025-07-04,Completed,Partner,East
1548,403,2025-01-17,Cancelled,Web,North
1549,2272,2024-08-06,Completed,Mobile,West
1550,1618,2025-08-06,Pending,Web,North
1551,2813,2026-05-25,Completed,Web,West
1552,856,2025-10-21,Completed,Web,West
1553,958,2024-04-11,Completed,Web,East
1554,1013,2026-06-10,Pending,Web,East
1555,1203,2026-05-10,Completed,Mobile,West
1556,863,2025-10-15,Completed,Partner,South
1557,576,2024-01-19,Completed,Partner,West
1558,2254,2024-01-19,Completed,Web,West
1559,741,2024-02-02,Completed,Web,West
1560,575,2024-03-16,Completed,Partner,South
1561,2183,2026-06-04,Completed,Web,South
1562,676,2025-12-17,Completed,Partner,South
1563,820,2024-07-11,Completed,Mobile,East
1564,1102,2025-05-06,Completed,Partner,North
1565,1637,2024-11-07,Completed,Mobile,North
1566,803,2024-11-12,Completed,Mobile,South
1567,984,2026-01-09,Cancelled,Partner,West
1568,1373,2025-03-04,Completed,Partner,North
1569,2217,2026-07-19,Cancelled,Web,West
1570,1480,2024-01-16,Completed,Web,West
1571,2537,2025-06-09,Completed,Partner,West
1572,2911,2024-09-26,Completed,Web,North
1573,2095,2025-04-20,Completed,Mobile,North
1574,2117,2026-02-09,Completed,Partner,West
1575,1904,2024-07-26,Completed,Mobile,South
1576,1909,2026-04-13,Completed,Mobile,East
1577,896,2025-02-01,Completed,Web,East
1578,391,2024-10-26,Completed,Partner,North
1579,1371,2024-03-05,Completed,Partner,North
1580,473,2024-07-07,Cancelled,Mobile,East
1581,2649,2025-05-17,Completed,Web,West
1582,92,2025-03-08,Completed,Partner,North
1583,669,2025-02-01,Completed,Mobile,South
1584,852,2024-04-27,Completed,Web,West
1585,980,2024-07-31,Completed,Web,West
1586,1455,2026-08-23,Cancelled,Web,West
1587,2095,2025-03-16,Completed,Mobile,North
1588,24,2024-11-24,Completed,Mobile,North
1589,1707,2026-05-19,Completed,Web,West
1590,837,2026-02-18,Completed,Partner,East
1591,894,2025-09-19,Completed,Web,North
1592,440,2024-11-07,Completed,Mobile,East
1593,1296,2025-09-23,Completed,Partner,South
1594,2280,2026-08-21,Completed,Mobile,East
1595,1292,2024-08-29,Completed,Partner,West
1596,301,2026-07-13,Completed,Web,West
1597,2716,2026-02-01,Completed,Web,West
1598,405,2024-05-23,Completed,Mobile,East
1599,1332,2025-01-21,Completed,Mobile,West
1600,2621,2026-06-05,Completed,Mobile,North
1601,2537,2025-01-12,Completed,Partner,West
1602,1246,2024-02-27,Completed,Web,South
1603,2942,2026-05-13,Completed,Web,South
1604,984,2024-02-06,Completed,Partner,West
1605,2801,2024-09-13,Completed,Web,East
1606,173,2024-11-28,Completed,Mobile,South
1607,2899,2025-02-16,Completed,Web,East
1608,1538,2024-08-07,Completed,Partner,South
1609,94,2024-09-14,Completed,Web,South
1610,599,2024-11-18,Completed,Partner,North
1611,2284,2025-01-02,Completed,Mobile,North
1612,2174,2024-02-01,Completed,Mobile,East
1613,2194,2025-02-20,Completed,Web,North
1614,341,2024-01-14,Completed,Mobile,North
1615,2037,2025-12-05,Completed,Partner,East
1616,1495,2025-11-09,Completed,Partner,North
1617,1912,2026-05-30,Cancelled,Partner,North
1618,559,2024-04-06,Completed,Mobile,West
1619,707,2026-04-13,Completed,Partner,West
1620,1979,2026-08-15,Completed,Partner,West
1621,2004,2026-05-03,Completed,Partner,West
1622,2238,2026-06-07,Completed,Mobile,North
1623,1843,2024-03-30,Completed,Web,West
1624,2242,2025-06-03,Completed,Web,West
1625,1134,2025-03-10,Cancelled,Mobile,South
1626,938,2026-01-31,Cancelled,Mobile,West
1627,36,2026-05-03,Completed,Partner,West
1628,2848,2024-09-06,Completed,Web,South
1629,2462,2025-05-02,Completed,Mobile,North
1630,2078,2024-04-01,Completed,Partner,West
1631,1867,2024-06-14,Completed,Partner,East
1632,1269,2024-05-02,Completed,Partner,South
1633,1336,2024-01-05,Completed,Mobile,West
1634,611,2026-07-01,Completed,Mobile,East
1635,2950,2026-02-28,Completed,Partner,South
1636,2523,2024-04-01,Completed,Partner,North
1637,134,2025-11-26,Completed,Mobile,East
1638,1213,2024-03-23,Completed,Mobile,North
1639,2794,2025-07-06,Completed,Partner,East
1640,2358,2026-02-12,Completed,Partner,West
1641,440,2026-08-11,Completed,Partner,East
1642,772,2026-06-30,Completed,Mobile,East
1643,771,2024-12-19,Cancelled,Partner,East
1644,1783,2024-07-23,Completed,Partner,South
1645,1810,2025-04-17,Completed,Partner,East
1646,1751,2026-06-07,Completed,Mobile,West
1647,479,2024-12-23,Completed,Mobile,South
1648,950,2026-08-16,Completed,Web,North
1649,458,2025-12-31,Completed,Web,East
1650,1439,2026-08-02,Completed,Mobile,North
1651,970,2024-01-06,Completed,Web,North
1652,1165,2024-04-27,Completed,Mobile,East
1653,2990,2026-04-25,Completed,Partner,North
1654,2826,2024-05-07,Cancelled,Mobile,West
1655,702,2024-09-11,Completed,Partner,East
1656,1882,2026-02-21,Completed,Web,East
1657,352,2025-02-21,Cancelled,Web,East
1658,929,2025-09-27,Completed,Mobile,East
1659,1228,2026-06-19,Completed,Partner,West
1660,1050,2025-05-10,Completed,Web,North
1661,677,2024-02-15,Completed,Web,West
1662,1504,2024-04-05,Completed,Mobile,West
1663,2606,2026-04-03,Cancelled,Partner,East
1664,1583,2024-10-14,Completed,Mobile,North
1665,2942,2025-06-18,Cancelled,Mobile,South
1666,2709,2024-09-17,Completed,Web,West
1667,2827,2025-03-04,Completed,Mobile,West
1668,1907,2025-12-12,Completed,Mobile,West
1669,2926,2024-11-25,Completed,Partner,West
1670,813,2025-11-17,Pending,Partner,South
1671,893,2024-03-18,Cancelled,Mobile,East
1672,1366,2024-04-12,Completed,Mobile,South
1673,857,2024-04-14,Completed,Partner,North
1674,734,2025-02-25,Completed,Partner,South
1675,1226,2025-07-07,Completed,Partner,North
1676,1441,2025-06-27,Pending,Mobile,South
1677,2937,2025-07-25,Completed,Partner,South
1678,1675,2025-06-06,Pending,Web,West
1679,2739,2024-08-16,Completed,Partner,North
1680,1326,2025-01-15,Cancelled,Partner,West
1681,1144,2024-01-29,Completed,Mobile,North
1682,470,2024-03-13,Cancelled,Partner,West
1683,448,2025-12-05,Completed,Partner,North
1684,2076,2024-06-07,Completed,Mobile,North
1685,1302,2026-04-25,Completed,Mobile,East
1686,2507,2024-05-11,Completed,Web,West
1687,878,2025-11-13,Completed,Mobile,West
1688,380,2026-07-23,Completed,Mobile,South
1689,2489,2024-10-15,Cancelled,Partner,North
1690,2862,2025-01-24,Completed,Mobile,West
1691,2392,2026-04-04,Completed,Partner,North
1692,2811,2026-08-04,Pending,Partner,South
1693,206,2025-06-18,Completed,Web,East
1694,2995,2024-12-18,Completed,Web,South
1695,2427,2025-09-12,Completed,Mobile,South
1696,828,2026-08-05,Completed,Mobile,North
1697,2547,2025-09-18,Completed,Mobile,South
1698,1079,2024-07-14,Completed,Web,North
1699,598,2026-06-13,Completed,Partner,West
1700,2892,2024-06-29,Completed,Partner,East
1701,2970,2025-12-21,Completed,Partner,South
1702,157,2024-01-17,Completed,Web,North
1703,263,2024-08-28,Completed,Web,South
1704,1334,2024-10-19,Completed,Mobile,East
1705,2814,2026-01-03,Completed,Web,South
1706,1774,2024-06-30,Completed,Mobile,South
1707,779,2026-04-13,Completed,Partner,East
1708,921,2026-01-27,Completed,Partner,North
1709,2077,2025-01-07,Completed,Partner,South
1710,2773,2024-10-16,Completed,Partner,West
1711,1069,2024-12-10,Completed,Web,North
1712,1293,2024-04-20,Cancelled,Web,North
1713,2380,2025-11-30,Completed,Mobile,South
1714,185,2025-11-24,Completed,Web,North
1715,1478,2024-01-06,Completed,Web,East
1716,809,2026-02-03,Completed,Web,West
1717,561,2025-09-23,Completed,Partner,East
1718,778,2026-08-27,Completed,Web,South
1719,2280,2024-07-17,Completed,Partner,East
1720,1280,2024-08-04,Pending,Web,West
1721,134,2026-03-23,Cancelled,Web,East
1722,2998,2024-10-10,Completed,Mobile,South
1723,1419,2025-10-23,Completed,Web,North
1724,1893,2025-09-06,Completed,Web,East
1725,1004,2024-06-29,Completed,Web,South
1726,2895,2024-03-08,Completed,Mobile,North
1727,1769,2025-06-04,Completed,Web,South
1728,456,2025-09-24,Completed,Mobile,North
1729,1828,2024-01-18,Cancelled,Web,South
1730,1350,2026-05-02,Completed,Partner,South
1731,2123,2025-08-12,Completed,Web,West
1732,1338,2025-12-26,Completed,Mobile,West
1733,2970,2026-08-06,Completed,Web,South
1734,700,2024-05-19,Completed,Partner,North
1735,2605,2024-09-01,Completed,Partner,South
1736,1120,2024-02-18,Completed,Partner,North
1737,1942,2024-04-20,Completed,Mobile,South
1738,1295,2026-03-26,Completed,Partner,North
1739,1917,2025-10-28,Completed,Partner,South
1740,2753,2026-02-19,Completed,Web,South
1741,637,2025-01-19,Completed,Mobile,North
1742,588,2025-03-09,Completed,Mobile,North
1743,2584,2026-07-17,Completed,Mobile,East
1744,710,2024-07-27,Completed,Mobile,East
1745,2446,2024-10-23,Completed,Web,West
1746,1445,2025-07-05,Completed,Partner,North
1747,278,2025-10-09,Completed,Partner,North
1748,326,2026-08-16,Completed,Mobile,East
1749,2874,2024-04-03,Pending,Partner,East
1750,1879,2025-07-22,Completed,Partner,South
1751,874,2025-02-26,Completed,Web,East
1752,2816,2026-08-16,Completed,Web,South
1753,1590,2024-02-14,Completed,Mobile,West
1754,2795,2024-09-26,Completed,Mobile,North
1755,928,2024-11-05,Completed,Partner,South
1756,2023,2025-03-10,Completed,Mobile,West
1757,421,2025-01-27,Completed,Partner,East
1758,622,2025-05-25,Cancelled,Web,West
1759,1883,2026-03-16,Completed,Mobile,West
1760,1810,2025-09-08,Cancelled,Partner,East
1761,1203,2024-02-21,Completed,Mobile,West
1762,2233,2025-07-30,Completed,Web,East
1763,557,2026-06-30,Completed,Partner,North
1764,2505,2024-11-15,Completed,Mobile,North
1765,2626,2025-08-29,Completed,Web,South
1766,557,2024-08-20,Completed,Mobile,North
1767,758,2025-10-05,Completed,Mobile,East
1768,2290,2025-10-01,Completed,Partner,East
1769,423,2024-03-13,Completed,Mobile,South
1770,1437,2025-08-04,Completed,Partner,West
1771,339,2025-08-26,Completed,Partner,South
1772,385,2026-04-17,Pending,Mobile,South
1773,539,2025-09-21,Completed,Partner,West
1774,2196,2025-06-06,Completed,Mobile,West
1775,662,2026-05-15,Completed,Mobile,East
1776,823,2024-07-28,Completed,Mobile,West
1777,788,2026-01-11,Completed,Partner,North
1778,823,2026-01-27,Completed,Partner,West
1779,635,2025-03-06,Pending,Partner,South
1780,2967,2024-05-05,Completed,Partner,North
1781,1408,2024-06-26,Completed,Partner,North
1782,818,2024-07-10,Completed,Mobile,South
1783,2853,2024-04-10,Completed,Mobile,East
1784,425,2026-03-26,Completed,Mobile,South
1785,26,2025-01-01,Completed,Partner,West
1786,2482,2025-05-30,Pending,Web,East
1787,2272,2024-08-13,Pending,Mobile,West
1788,2646,2025-01-29,Completed,Mobile,South
1789,11,2024-05-03,Completed,Mobile,North
1790,2435,2026-04-17,Completed,Partner,West
1791,473,2024-03-12,Pending,Mobile,East
1792,1935,2024-04-02,Completed,Mobile,West
1793,2645,2025-08-28,Completed,Web,West
1794,948,2024-08-21,Pending,Web,North
1795,1192,2026-06-26,Completed,Partner,West
1796,1607,2026-07-28,Completed,Partner,East
1797,497,2024-05-22,Completed,Mobile,West
1798,256,2025-09-16,Completed,Web,East
1799,1815,2024-02-22,Completed,Web,South
1800,54,2024-01-26,Completed,Web,East
1801,2066,2025-11-19,Completed,Mobile,West
1802,1731,2024-09-27,Completed,Partner,East
1803,2640,2026-02-21,Completed,Web,South
1804,1697,2025-02-13,Completed,Mobile,East
1805,1016,2025-10-03,Completed,Mobile,East
1806,2394,2024-06-03,Completed,Web,South
1807,1376,2024-03-22,Completed,Web,East
1808,71,2026-03-19,Completed,Mobile,North
1809,154,2026-02-14,Completed,Web,South
1810,1415,2025-01-10,Completed,Web,South
1811,2438,2024-01-04,Pending,Mobile,West
1812,734,2026-05-18,Completed,Web,South
1813,1806,2026-08-09,Completed,Mobile,South
1814,132,2025-11-11,Completed,Partner,North
1815,1555,2025-01-26,Completed,Mobile,West
1816,2606,2026-03-28,Completed,Mobile,East
1817,907,2024-03-02,Cancelled,Mobile,South
1818,1911,2026-06-06,Completed,Partner,North
1819,962,2025-05-08,Completed,Mobile,East
1820,2076,2025-12-14,Completed,Partner,North
1821,395,2025-12-25,Completed,Mobile,North
1822,1727,2024-01-04,Completed,Partner,West
1823,1549,2024-03-14,Completed,Web,West
1824,2977,2026-03-07,Completed,Mobile,North
1825,990,2026-05-18,Completed,Web,East
1826,1543,2024-08-31,Completed,Web,East
1827,368,2024-04-30,Completed,Web,South
1828,798,2026-04-26,Completed,Partner,West
1829,2506,2025-01-06,Cancelled,Mobile,North
1830,31,2024-11-28,Completed,Mobile,West
1831,1526,2025-08-13,Completed,Web,North
1832,2842,2026-05-02,Completed,Partner,West
1833,862,2025-12-19,Completed,Mobile,West
1834,1675,2024-03-30,Cancelled,Partner,West
1835,676,2024-09-25,Completed,Mobile,South
1836,510,2025-10-15,Completed,Mobile,South
1837,970,2024-10-14,Cancelled,Mobile,North
1838,2964,2025-03-20,Pending,Mobile,West
1839,1330,2026-04-10,Completed,Web,West
1840,2978,2024-02-23,Completed,Web,East
1841,2349,2026-05-15,Completed,Partner,South
1842,255,2025-04-13,Completed,Mobile,East
1843,1798,2026-02-12,Completed,Mobile,North
1844,2962,2026-03-21,Completed,Web,East
1845,1041,2025-12-03,Completed,Mobile,South
1846,2095,2026-02-06,Completed,Web,North
1847,808,2025-03-18,Completed,Partner,North
1848,2133,2025-05-14,Completed,Web,East
1849,993,2024-07-14,Completed,Partner,East
1850,1434,2024-08-06,Completed,Partner,North
1851,2918,2026-07-19,Completed,Mobile,West
1852,1007,2026-03-14,Completed,Web,West
1853,2948,2024-12-25,Completed,Mobile,East
1854,1827,2025-09-02,Completed,Web,East
1855,851,2025-02-16,Completed,Web,South
1856,444,2024-07-22,Completed,Mobile,West
1857,2001,2024-12-06,Completed,Web,North
1858,578,2025-08-12,Completed,Mobile,South
1859,2498,2024-09-17,Completed,Partner,North
1860,1148,2025-09-17,Completed,Mobile,East
1861,2606,2025-11-27,Completed,Web,East
1862,772,2026-01-04,Completed,Web,East
1863,2475,2026-02-07,Completed,Web,East
1864,2091,2024-04-06,Completed,Partner,East
1865,2653,2026-05-25,Completed,Partner,South
1866,1019,2025-02-04,Completed,Partner,East
1867,884,2024-05-22,Completed,Partner,East
1868,2031,2025-05-30,Completed,Mobile,East
1869,2955,2025-04-25,Completed,Mobile,East
1870,2003,2024-04-04,Completed,Mobile,North
1871,352,2024-03-02,Pending,Partner,East
1872,2846,2024-05-08,Completed,Partner,West
1873,2950,2026-04-11,Pending,Mobile,South
1874,455,2024-05-13,Completed,Partner,North
1875,2973,2025-12-09,Completed,Web,West
1876,2865,2024-10-10,Cancelled,Web,East
1877,1276,2026-08-07,Completed,Web,West
1878,2319,2024-10-17,Completed,Web,North
1879,479,2024-08-20,Cancelled,Web,South
1880,2510,2026-08-27,Pending,Web,East
1881,2052,2025-11-29,Completed,Mobile,South
1882,2434,2025-07-06,Completed,Partner,West
1883,2824,2025-02-03,Completed,Partner,West
1884,2069,2024-09-10,Completed,Web,East
1885,445,2024-07-27,Pending,Partner,West
1886,4,2025-06-22,Completed,Partner,North
1887,2189,2024-05-13,Completed,Web,East
1888,1503,2026-01-24,Completed,Partner,North
1889,2074,2025-09-02,Cancelled,Web,South
1890,1631,2024-11-29,Completed,Mobile,East
1891,1235,2025-07-04,Completed,Web,East
1892,1681,2026-07-05,Completed,Web,North
1893,2832,2024-01-05,Completed,Web,North
1894,195,2025-10-14,Completed,Mobile,West
1895,1874,2025-11-29,Completed,Mobile,South
1896,2533,2025-03-23,Completed,Web,East
1897,1659,2025-03-29,Cancelled,Web,North
1898,1657,2025-09-24,Completed,Web,North
1899,2755,2026-02-20,Completed,Web,East
1900,1203,2026-02-21,Completed,Partner,West
1901,1010,2024-03-10,Pending,Partner,East
1902,386,2025-10-01,Completed,Mobile,West
1903,2686,2024-03-11,Completed,Partner,East
1904,424,2026-08-12,Completed,Mobile,East
1905,2226,2025-12-20,Completed,Mobile,East
1906,1859,2025-12-24,Pending,Mobile,South
1907,476,2024-05-12,Completed,Web,West
1908,107,2026-04-06,Completed,Partner,South
1909,762,2024-05-05,Completed,Partner,South
1910,2244,2026-02-23,Completed,Mobile,West
1911,927,2025-02-20,Completed,Web,North
1912,972,2025-08-15,Cancelled,Partner,South
1913,2639,2024-08-24,Completed,Mobile,West
1914,332,2024-10-27,Pending,Mobile,North
1915,1023,2026-04-19,Completed,Web,East
1916,2258,2026-08-13,Completed,Web,North
1917,2840,2026-07-29,Completed,Mobile,South
1918,1451,2024-03-11,Pending,Web,East
1919,2445,2024-11-25,Completed,Web,East
1920,2347,2024-01-17,Completed,Mobile,South
1921,2811,2025-12-30,Completed,Web,South
1922,1494,2025-03-16,Completed,Partner,North
1923,1841,2025-12-13,Completed,Web,South
1924,2892,2025-01-18,Cancelled,Mobile,East
1925,637,2024-10-12,Completed,Web,North
1926,945,2026-04-10,Completed,Mobile,North
1927,1030,2024-02-07,Completed,Web,South
1928,2777,2025-04-08,Completed,Web,North
1929,2224,2026-05-26,Completed,Web,South
1930,1263,2024-01-29,Completed,Partner,North
1931,1485,2025-06-11,Completed,Web,South
1932,1024,2026-03-18,Completed,Partner,East
1933,1537,2026-04-06,Completed,Mobile,North
1934,797,2025-12-10,Completed,Web,East
1935,2475,2026-02-03,Completed,Mobile,East
1936,2294,2025-02-03,Completed,Web,East
1937,1101,2025-11-10,Completed,Mobile,North
1938,203,2024-12-04,Completed,Web,North
1939,2822,2024-10-12,Completed,Partner,North
1940,1799,2025-10-11,Completed,Web,East
1941,1667,2024-12-16,Cancelled,Partner,West
1942,2461,2026-02-17,Completed,Partner,South
1943,1118,2026-06-21,Completed,Partner,North
1944,2175,2026-07-27,Completed,Mobile,West
1945,1808,2024-04-24,Completed,Web,South
1946,2301,2025-04-11,Completed,Partner,West
1947,1411,2025-02-18,Completed,Web,East
1948,2214,2025-03-26,Completed,Mobile,West
1949,1677,2024-12-31,Cancelled,Web,North
1950,2359,2025-05-19,Cancelled,Mobile,South
1951,2118,2024-05-24,Completed,Web,South
1952,954,2024-08-14,Completed,Partner,West
1953,2702,2024-06-16,Completed,Mobile,North
1954,2278,2025-04-27,Completed,Web,South
1955,2523,2025-04-28,Completed,Web,North
1956,2304,2024-06-18,Completed,Web,South
1957,2361,2025-08-26,Completed,Mobile,West
1958,705,2026-04-19,Completed,Partner,West
1959,1280,2026-08-15,Completed,Mobile,West
1960,2756,2026-07-16,Completed,Web,West
1961,2153,2026-05-27,Completed,Web,North
1962,2564,2025-12-20,Cancelled,Mobile,West
1963,711,2025-02-14,Completed,Partner,East
1964,183,2025-06-08,Completed,Web,South
1965,1622,2026-07-04,Completed,Mobile,West
1966,2122,2026-06-05,Completed,Partner,North
1967,2625,2025-11-30,Completed,Web,East
1968,1900,2024-10-27,Completed,Partner,West
1969,2595,2025-12-15,Completed,Web,North
1970,1904,2024-05-29,Completed,Partner,South
1971,2108,2026-04-02,Completed,Partner,East
1972,707,2024-02-05,Pending,Web,West
1973,1592,2025-07-04,Completed,Web,North
1974,1458,2026-05-24,Completed,Partner,North
1975,1291,2025-08-07,Completed,Mobile,North
1976,1994,2025-12-11,Completed,Web,East
1977,212,2026-08-26,Completed,Web,East
1978,2293,2024-03-03,Completed,Web,North
1979,43,2025-03-05,Completed,Mobile,North
1980,2122,2026-07-19,Completed,Partner,North
1981,2703,2025-08-09,Cancelled,Partner,West
1982,1544,2025-10-08,Completed,Mobile,North
1983,2204,2024-06-01,Completed,Partner,South
1984,1082,2025-04-01,Completed,Mobile,South
1985,1425,2026-07-08,Completed,Web,South
1986,1701,2024-08-08,Completed,Web,North
1987,2711,2025-07-17,Completed,Partner,North
1988,2825,2024-03-19,Completed,Mobile,South
1989,237,2025-07-25,Completed,Web,South
1990,637,2026-08-14,Completed,Partner,North
1991,2414,2025-08-05,Completed,Mobile,West
1992,1328,2024-08-31,Completed,Partner,West
1993,1645,2026-02-10,Cancelled,Mobile,South
1994,6,2026-07-06,Completed,Partner,North
1995,1605,2025-05-07,Pending,Partner,East
1996,504,2026-01-03,Completed,Mobile,South
1997,2392,2025-03-15,Cancelled,Mobile,North
1998,2213,2024-10-31,Completed,Mobile,South
1999,2783,2025-06-16,Cancelled,Web,West
2000,1097,2026-01-08,Completed,Partner,West
2001,934,2025-04-24,Completed,Web,North
2002,1344,2024-08-27,Completed,Web,North
2003,196,2025-07-17,Completed,Mobile,East
2004,2234,2024-10-17,Completed,Partner,West
2005,2443,2024-01-01,Completed,Mobile,East
2006,2526,2024-01-10,Completed,Web,East
2007,790,2025-06-14,Completed,Web,East
2008,1643,2026-02-03,Completed,Mobile,South
2009,136,2026-08-01,Completed,Web,North
2010,2649,2025-06-11,Completed,Mobile,West
2011,2835,2025-04-01,Completed,Web,East
2012,2088,2025-11-08,Completed,Web,South
2013,2714,2026-07-31,Completed,Web,North
2014,584,2025-04-22,Cancelled,Web,West
2015,45,2025-02-14,Pending,Web,North
2016,328,2026-06-21,Completed,Web,East
2017,2752,2024-08-07,Cancelled,Web,West
2018,652,2025-05-14,Completed,Partner,East
2019,2113,2024-10-27,Completed,Web,South
2020,2113,2025-12-20,Completed,Web,South
2021,533,2025-01-14,Completed,Web,South
2022,338,2024-09-21,Pending,Web,North
2023,535,2025-02-06,Completed,Web,North
2024,1685,2024-04-07,Completed,Mobile,West
2025,226,2026-04-09,Completed,Web,East
2026,739,2025-02-01,Completed,Web,North
2027,2991,2026-02-24,Completed,Partner,West
2028,2391,2026-03-26,Completed,Partner,West
2029,2264,2025-08-09,Completed,Partner,East
2030,1526,2025-11-03,Completed,Web,North
2031,655,2025-11-12,Cancelled,Mobile,West
2032,16,2025-08-02,Completed,Partner,North
2033,1309,2025-04-08,Completed,Partner,North
2034,2147,2026-05-12,Completed,Mobile,North
2035,552,2024-05-29,Completed,Mobile,East
2036,31,2026-06-03,Cancelled,Mobile,West
2037,2391,2025-06-25,Completed,Web,West
2038,2628,2025-11-30,Completed,Partner,North
2039,2255,2025-07-24,Completed,Mobile,North
2040,2156,2025-07-10,Completed,Web,South
2041,2693,2024-04-15,Cancelled,Mobile,North
2042,1996,2024-10-21,Cancelled,Mobile,West
2043,344,2025-05-08,Completed,Mobile,East
2044,1634,2024-01-20,Pending,Web,South
2045,2822,2024-11-08,Completed,Partner,North
2046,1296,2024-01-08,Completed,Mobile,South
2047,2652,2025-02-03,Completed,Partner,South
2048,266,2026-06-30,Cancelled,Partner,West
2049,646,2026-06-24,Completed,Mobile,South
2050,660,2026-02-20,Completed,Partner,South
2051,1720,2024-09-06,Pending,Web,East
2052,1012,2026-08-21,Cancelled,Mobile,West
2053,2042,2025-12-20,Completed,Mobile,South
2054,2622,2024-02-06,Completed,Web,East
2055,183,2024-10-14,Completed,Partner,South
2056,641,2024-05-22,Completed,Mobile,West
2057,2816,2026-03-08,Completed,Web,South
2058,155,2024-07-24,Completed,Mobile,East
2059,231,2026-04-26,Completed,Web,South
2060,33,2024-07-02,Completed,Web,East
2061,2729,2025-10-29,Completed,Mobile,South
2062,2498,2025-03-05,Pending,Partner,North
2063,765,2026-03-09,Pending,Mobile,West
2064,2205,2025-10-25,Pending,Partner,North
2065,1967,2025-09-03,Completed,Partner,North
2066,2409,2025-04-18,Completed,Web,East
2067,2727,2024-04-24,Cancelled,Web,South
2068,1317,2025-08-11,Completed,Partner,North
2069,829,2024-10-19,Completed,Partner,West
2070,221,2026-07-04,Cancelled,Mobile,North
2071,1767,2025-01-11,Completed,Partner,South
2072,1718,2026-03-11,Completed,Web,North
2073,1001,2025-09-25,Completed,Partner,North
2074,2308,2024-01-02,Completed,Web,East
2075,1717,2026-03-19,Completed,Partner,South
2076,2722,2024-11-25,Completed,Web,South
2077,1364,2025-04-29,Completed,Partner,South
2078,417,2026-06-30,Completed,Partner,North
2079,863,2025-08-20,Cancelled,Web,South
2080,2114,2025-01-25,Completed,Web,South
2081,2733,2024-10-24,Completed,Web,East
2082,2184,2024-03-14,Completed,Mobile,East
2083,2932,2025-01-01,Completed,Partner,North
2084,521,2026-04-20,Pending,Web,East
2085,1243,2025-03-03,Completed,Web,West
2086,1537,2025-02-14,Completed,Web,North
2087,287,2025-08-13,Completed,Partner,East
2088,2932,2025-02-16,Completed,Partner,North
2089,1576,2025-06-17,Completed,Partner,North
2090,1598,2025-07-22,Completed,Partner,East
2091,2821,2025-07-04,Completed,Web,South
2092,3,2024-04-25,Completed,Partner,South
2093,1413,2025-02-22,Cancelled,Web,North
2094,210,2026-01-29,Completed,Mobile,East
2095,2031,2025-02-16,Completed,Partner,East
2096,2297,2026-02-14,Completed,Web,West
2097,1976,2024-10-29,Completed,Mobile,South
2098,738,2026-02-18,Completed,Mobile,East
2099,141,2024-05-09,Pending,Web,South
2100,2115,2024-04-24,Cancelled,Web,North
2101,1252,2024-07-04,Completed,Partner,South
2102,293,2025-04-11,Completed,Web,East
2103,2220,2024-08-05,Completed,Partner,South
2104,1377,2026-07-21,Pending,Partner,West
2105,42,2026-05-03,Completed,Mobile,West
2106,1233,2026-08-18,Completed,Partner,West
2107,124,2024-04-27,Completed,Partner,South
2108,2886,2025-01-22,Completed,Mobile,South
2109,2439,2024-02-14,Cancelled,Web,North
2110,1786,2024-03-08,Completed,Partner,South
2111,1399,2024-11-12,Completed,Web,East
2112,2218,2024-06-17,Completed,Web,East
2113,110,2024-12-31,Completed,Partner,South
2114,1949,2024-10-02,Completed,Web,East
2115,1309,2025-06-06,Completed,Web,North
2116,2830,2026-08-12,Completed,Mobile,South
2117,2843,2026-08-04,Cancelled,Mobile,West
2118,2821,2024-08-14,Completed,Web,South
2119,2949,2026-04-06,Completed,Partner,West
2120,1166,2024-08-10,Completed,Web,East
2121,1556,2025-09-22,Completed,Partner,East
2122,2898,2025-01-10,Completed,Partner,South
2123,364,2025-02-09,Completed,Web,South
2124,2888,2024-11-11,Completed,Web,North
2125,2372,2025-09-05,Completed,Web,South
2126,1848,2024-06-11,Completed,Mobile,West
2127,1934,2025-08-20,Completed,Partner,East
2128,1958,2025-10-11,Completed,Partner,East
2129,373,2025-09-21,Completed,Web,West
2130,1792,2025-05-29,Completed,Web,South
2131,90,2025-08-24,Completed,Web,East
2132,63,2025-12-19,Pending,Mobile,South
2133,141,2025-12-24,Completed,Mobile,South
2134,1715,2026-07-10,Cancelled,Web,South
2135,431,2026-05-23,Completed,Partner,North
2136,2302,2025-01-24,Completed,Web,North
2137,1799,2025-04-18,Pending,Web,East
2138,53,2024-10-22,Completed,Mobile,East
2139,1145,2025-01-25,Completed,Web,West
2140,2069,2024-06-13,Pending,Partner,East
2141,66,2026-03-16,Completed,Mobile,South
2142,1302,2024-02-19,Completed,Web,East
2143,2342,2025-01-23,Completed,Web,South
2144,2531,2024-07-23,Completed,Partner,North
2145,2591,2025-12-11,Completed,Mobile,North
2146,1354,2024-09-03,Completed,Web,East
2147,1824,2025-05-06,Completed,Mobile,North
2148,1089,2026-07-29,Completed,Mobile,North
2149,638,2026-06-08,Completed,Mobile,South
2150,1537,2025-12-30,Pending,Partner,North
2151,1579,2026-03-10,Completed,Web,East
2152,744,2026-08-24,Completed,Partner,West
2153,1073,2026-03-13,Completed,Partner,East
2154,564,2024-02-27,Completed,Web,East
2155,2045,2025-08-15,Completed,Mobile,West
2156,413,2025-11-30,Completed,Web,North
2157,1229,2026-02-14,Completed,Partner,South
2158,2585,2024-08-22,Cancelled,Mobile,South
2159,603,2025-12-06,Completed,Mobile,East
2160,84,2026-07-21,Completed,Mobile,East
2161,923,2024-01-31,Completed,Web,North
2162,2058,2024-01-10,Completed,Web,West
2163,1880,2024-01-14,Completed,Web,South
2164,1277,2024-05-09,Completed,Web,South
2165,1156,2026-02-12,Completed,Mobile,East
2166,1433,2025-11-26,Completed,Mobile,North
2167,1973,2025-09-15,Completed,Web,West
2168,2563,2024-08-13,Completed,Partner,West
2169,2792,2025-07-29,Completed,Mobile,West
2170,528,2025-11-30,Completed,Mobile,South
2171,1662,2025-12-09,Completed,Web,South
2172,2415,2026-06-04,Completed,Web,East
2173,34,2024-11-26,Pending,Mobile,North
2174,1113,2025-08-26,Completed,Partner,North
2175,1973,2025-07-17,Completed,Partner,West
2176,758,2025-10-18,Cancelled,Mobile,East
2177,425,2025-06-09,Completed,Partner,South
2178,1379,2026-05-25,Cancelled,Mobile,West
2179,8,2025-05-23,Completed,Web,North
2180,1314,2024-12-17,Cancelled,Web,West
2181,2327,2026-08-11,Completed,Mobile,East
2182,389,2024-08-02,Completed,Mobile,North
2183,613,2025-08-19,Completed,Web,South
2184,2195,2025-02-05,Completed,Partner,East
2185,1268,2025-01-17,Cancelled,Mobile,South
2186,2984,2026-02-19,Completed,Mobile,North
2187,1735,2024-07-07,Completed,Mobile,West
2188,1333,2026-01-26,Completed,Web,North
2189,2936,2025-01-12,Completed,Web,East
2190,181,2026-04-11,Completed,Partner,West
2191,963,2025-07-20,Completed,Mobile,East
2192,2507,2024-11-22,Completed,Web,West
2193,2092,2025-07-24,Completed,Web,South
2194,2482,2026-07-28,Completed,Web,East
2195,830,2024-02-24,Completed,Partner,South
2196,2039,2025-12-18,Completed,Web,South
2197,623,2024-07-05,Completed,Web,West
2198,2612,2024-05-09,Completed,Partner,East
2199,634,2024-04-28,Completed,Partner,North
2200,371,2024-05-14,Completed,Mobile,North
2201,2350,2025-08-10,Completed,Web,South
2202,762,2026-06-09,Cancelled,Partner,South
2203,826,2024-03-15,Completed,Mobile,South
2204,1991,2025-04-26,Completed,Web,South
2205,2592,2026-04-02,Completed,Partner,West
2206,202,2025-10-19,Completed,Partner,North
2207,2981,2024-02-14,Completed,Mobile,South
2208,612,2024-06-15,Cancelled,Web,North
2209,2259,2024-03-30,Pending,Web,South
2210,2728,2024-12-09,Completed,Partner,North
2211,362,2026-04-03,Completed,Partner,East
2212,2017,2025-01-24,Completed,Partner,West
2213,1311,2024-11-27,Completed,Partner,West
2214,430,2025-02-21,Completed,Mobile,East
2215,2822,2026-02-02,Completed,Mobile,North
2216,1061,2026-05-23,Completed,Mobile,West
2217,1824,2025-02-25,Completed,Web,North
2218,2834,2026-06-21,Completed,Partner,East
2219,324,2025-10-01,Completed,Partner,West
2220,1021,2024-01-16,Completed,Mobile,North
2221,2097,2026-07-02,Completed,Partner,North
2222,75,2025-02-27,Completed,Partner,South
2223,2008,2026-03-17,Completed,Web,East
2224,2894,2024-11-18,Completed,Web,North
2225,1849,2025-03-29,Completed,Web,West
2226,1478,2025-03-11,Pending,Mobile,East
2227,1152,2024-08-10,Completed,Mobile,North
2228,214,2024-11-07,Completed,Web,West
2229,76,2025-09-29,Cancelled,Mobile,West
2230,1525,2024-11-03,Pending,Mobile,South
2231,2196,2026-07-12,Completed,Mobile,West
2232,14,2025-10-28,Completed,Mobile,South
2233,1507,2025-09-21,Completed,Web,West
2234,2419,2025-05-06,Completed,Web,North
2235,679,2026-07-18,Completed,Mobile,East
2236,2194,2025-12-25,Completed,Partner,North
2237,1765,2026-03-11,Completed,Mobile,North
2238,473,2025-12-17,Completed,Mobile,East
2239,1597,2024-09-15,Completed,Mobile,North
2240,306,2024-01-25,Completed,Web,South
2241,1852,2025-02-11,Pending,Partner,North
2242,2620,2025-03-13,Completed,Partner,South
2243,2296,2025-01-26,Completed,Web,East
2244,225,2026-06-20,Completed,Web,East
2245,1669,2024-02-08,Cancelled,Mobile,North
2246,1081,2025-04-26,Completed,Mobile,South
2247,1061,2026-07-11,Cancelled,Web,West
2248,1066,2025-01-06,Completed,Partner,West
2249,2746,2025-10-02,Completed,Partner,North
2250,1518,2024-05-10,Completed,Mobile,East
2251,1953,2024-01-11,Pending,Mobile,North
2252,496,2025-02-13,Completed,Mobile,North
2253,2672,2024-03-03,Completed,Web,West
2254,2179,2025-09-05,Completed,Mobile,North
2255,2601,2025-07-22,Completed,Mobile,South
2256,578,2026-08-23,Completed,Partner,South
2257,2152,2026-04-09,Cancelled,Partner,South
2258,92,2024-05-20,Completed,Mobile,North
2259,1921,2024-10-11,Completed,Partner,East
2260,893,2026-08-26,Completed,Partner,East
2261,500,2026-01-19,Completed,Mobile,East
2262,1894,2024-01-01,Completed,Mobile,East
2263,1048,2026-07-07,Completed,Partner,South
2264,1347,2025-10-27,Completed,Partner,North
2265,2208,2024-05-20,Completed,Web,East
2266,200,2026-07-06,Completed,Web,East
2267,1069,2025-08-20,Completed,Mobile,North
2268,1733,2024-12-03,Completed,Web,North
2269,1996,2026-06-16,Completed,Mobile,West
2270,2956,2025-05-06,Completed,Web,South
2271,250,2026-01-31,Completed,Web,East
2272,467,2026-03-12,Completed,Mobile,South
2273,1396,2024-11-19,Completed,Partner,North
2274,602,2026-01-29,Completed,Web,West
2275,950,2025-01-27,Completed,Mobile,North
2276,2719,2026-01-04,Completed,Web,North
2277,1819,2025-05-15,Completed,Web,West
2278,82,2024-06-13,Completed,Mobile,North
2279,1679,2025-10-19,Completed,Mobile,North
2280,1235,2024-04-10,Completed,Web,East
2281,1585,2024-11-18,Completed,Partner,South
2282,2365,2025-05-25,Completed,Partner,West
2283,2852,2025-09-08,Completed,Partner,East
2284,375,2025-04-01,Completed,Partner,West
2285,829,2026-04-18,Completed,Web,West
2286,2694,2025-07-31,Completed,Partner,South
2287,500,2026-01-31,Completed,Mobile,East
2288,2286,2024-02-20,Cancelled,Partner,North
2289,2352,2026-05-19,Cancelled,Web,West
2290,362,2025-08-25,Completed,Mobile,East
2291,2711,2026-05-02,Completed,Web,North
2292,1259,2026-05-23,Completed,Mobile,East
2293,875,2026-03-18,Completed,Partner,South
2294,1136,2025-12-26,Completed,Mobile,South
2295,779,2025-05-03,Completed,Web,East
2296,1488,2025-11-03,Completed,Web,South
2297,1508,2026-07-28,Completed,Web,West
2298,1360,2026-06-14,Completed,Web,North
2299,1769,2024-04-06,Completed,Partner,South
2300,1846,2024-02-28,Completed,Mobile,East
2301,1280,2026-03-02,Completed,Web,West
2302,1372,2024-08-07,Completed,Mobile,West
2303,56,2025-08-07,Completed,Mobile,West
2304,2322,2026-03-20,Completed,Mobile,West
2305,1841,2024-07-31,Completed,Partner,South
2306,2975,2025-04-03,Pending,Mobile,East
2307,1567,2025-02-10,Completed,Web,West
2308,1891,2025-09-20,Pending,Web,East
2309,2624,2026-06-15,Completed,Web,East
2310,2719,2025-09-09,Completed,Mobile,North
2311,2427,2025-03-28,Completed,Partner,South
2312,2378,2024-01-10,Completed,Mobile,East
2313,1750,2025-04-09,Completed,Web,East
2314,1391,2024-03-23,Completed,Web,East
2315,2673,2025-11-07,Completed,Mobile,North
2316,1754,2025-11-02,Completed,Web,South
2317,1645,2026-06-08,Completed,Mobile,South
2318,448,2026-05-19,Pending,Partner,North
2319,23,2024-08-15,Cancelled,Partner,East
2320,964,2024-03-08,Completed,Web,West
2321,2074,2025-01-13,Completed,Mobile,South
2322,704,2025-05-19,Completed,Mobile,West
2323,428,2024-05-01,Completed,Mobile,East
2324,937,2025-10-28,Completed,Web,North
2325,1257,2024-06-20,Completed,Partner,East
2326,770,2025-12-18,Completed,Web,East
2327,2858,2024-01-19,Completed,Web,North
2328,978,2025-03-29,Completed,Web,North
2329,1515,2025-05-21,Completed,Mobile,East
2330,2970,2025-07-28,Completed,Partner,South
2331,1567,2024-09-04,Completed,Web,West
2332,607,2024-08-20,Completed,Mobile,East
2333,1231,2024-04-05,Completed,Mobile,South
2334,1816,2026-06-17,Completed,Mobile,North
2335,1457,2026-08-12,Completed,Partner,North
2336,1739,2026-02-08,Pending,Partner,North
2337,1380,2024-09-29,Completed,Web,South
2338,237,2025-05-13,Completed,Mobile,South
2339,952,2025-12-25,Completed,Mobile,South
2340,1684,2024-08-14,Completed,Mobile,East
2341,1944,2025-11-06,Completed,Partner,South
2342,1464,2024-08-12,Completed,Partner,North
2343,835,2025-07-30,Completed,Mobile,East
2344,322,2025-08-05,Completed,Mobile,North
2345,1368,2024-04-09,Completed,Partner,South
2346,2081,2024-11-24,Completed,Partner,West
2347,933,2026-02-19,Completed,Mobile,West
2348,1542,2025-02-09,Completed,Partner,East
2349,1906,2024-07-20,Completed,Partner,South
2350,1912,2024-04-18,Pending,Web,North
2351,2090,2025-12-31,Completed,Partner,South
2352,474,2024-06-15,Completed,Mobile,North
2353,2753,2024-11-15,Completed,Mobile,South
2354,462,2024-02-20,Completed,Web,East
2355,44,2024-12-12,Completed,Partner,East
2356,2856,2025-02-21,Completed,Mobile,North
2357,2320,2025-09-30,Completed,Mobile,South
2358,1812,2025-02-14,Completed,Mobile,East
2359,1567,2025-05-14,Completed,Partner,West
2360,2367,2025-09-28,Completed,Web,South
2361,2336,2024-12-23,Completed,Partner,East
2362,2864,2024-10-28,Completed,Partner,South
2363,417,2025-01-04,Completed,Web,North
2364,2677,2024-09-27,Completed,Mobile,West
2365,2812,2024-02-29,Completed,Web,East
2366,1034,2025-05-08,Pending,Web,East
2367,1987,2025-03-28,Pending,Web,West
2368,2427,2025-01-31,Completed,Web,South
2369,94,2024-01-23,Completed,Web,South
2370,397,2025-03-24,Completed,Web,West
2371,1715,2024-08-17,Completed,Mobile,South
2372,2749,2026-02-25,Completed,Web,West
2373,2684,2024-10-30,Completed,Mobile,West
2374,202,2024-04-22,Completed,Web,North
2375,212,2024-01-08,Completed,Mobile,East
2376,1698,2025-07-04,Completed,Mobile,North
2377,2161,2025-03-19,Completed,Web,North
2378,2536,2025-01-25,Completed,Partner,West
2379,655,2026-01-04,Completed,Mobile,West
2380,1538,2026-04-29,Cancelled,Mobile,South
2381,420,2025-03-07,Completed,Mobile,East
2382,878,2025-05-07,Cancelled,Mobile,West
2383,1022,2024-12-22,Completed,Partner,North
2384,145,2026-05-29,Completed,Partner,West
2385,2682,2024-10-13,Completed,Mobile,South
2386,1703,2024-08-04,Completed,Web,South
2387,1773,2025-08-19,Completed,Mobile,West
2388,1718,2025-12-15,Pending,Mobile,North
2389,906,2025-08-18,Completed,Partner,North
2390,682,2025-10-21,Completed,Partner,South
2391,2165,2025-03-30,Completed,Mobile,South
2392,1085,2024-06-17,Completed,Mobile,West
2393,1066,2025-09-11,Completed,Partner,West
2394,2703,2026-05-28,Completed,Mobile,West
2395,740,2024-11-27,Completed,Web,East
2396,1045,2024-07-05,Completed,Web,West
2397,1720,2024-06-29,Completed,Mobile,East
2398,2986,2024-11-24,Completed,Partner,West
2399,2254,2026-06-09,Completed,Partner,West
2400,442,2024-02-02,Completed,Mobile,North
2401,2616,2026-05-14,Completed,Web,South
2402,1384,2024-05-12,Completed,Web,North
2403,744,2024-08-03,Completed,Partner,West
2404,1366,2025-10-01,Completed,Partner,South
2405,2052,2025-03-15,Completed,Web,South
2406,787,2026-05-27,Completed,Web,West
2407,1677,2026-06-05,Completed,Web,North
2408,746,2025-09-28,Completed,Partner,South
2409,1471,2025-12-01,Completed,Mobile,North
2410,2207,2025-07-16,Completed,Web,North
2411,299,2026-04-28,Completed,Web,East
2412,1750,2026-08-04,Completed,Web,East
2413,294,2025-01-13,Cancelled,Web,North
2414,2999,2024-07-18,Completed,Web,North
2415,2859,2024-10-11,Completed,Partner,North
2416,1174,2026-07-11,Completed,Mobile,West
2417,949,2024-10-02,Completed,Mobile,North
2418,1123,2026-02-26,Completed,Web,East
2419,1791,2024-02-06,Completed,Web,North
2420,921,2026-08-11,Pending,Partner,North
2421,158,2025-05-21,Completed,Partner,East
2422,2722,2025-09-28,Completed,Partner,South
2423,1556,2025-02-14,Completed,Web,East
2424,2838,2024-07-25,Completed,Partner,South
2425,2096,2024-09-24,Completed,Partner,West
2426,2393,2024-07-26,Completed,Mobile,East
2427,238,2024-01-21,Completed,Mobile,South
2428,1927,2026-04-03,Completed,Mobile,North
2429,2345,2026-02-28,Completed,Web,West
2430,935,2025-11-09,Completed,Web,West
2431,280,2026-05-31,Completed,Mobile,North
2432,1132,2024-01-16,Completed,Web,West
2433,520,2024-05-24,Completed,Mobile,East
2434,2863,2025-06-14,Completed,Mobile,North
2435,2424,2025-11-29,Completed,Partner,West
2436,2033,2024-12-12,Completed,Web,South
2437,454,2025-09-01,Completed,Partner,East
2438,431,2024-07-13,Completed,Partner,North
2439,417,2026-04-07,Completed,Partner,North
2440,242,2025-04-23,Cancelled,Web,East
2441,222,2026-04-09,Completed,Mobile,West
2442,1787,2025-06-08,Completed,Partner,East
2443,308,2024-12-21,Completed,Partner,South
2444,2542,2024-09-05,Completed,Web,South
2445,1515,2025-04-27,Completed,Mobile,East
2446,1740,2024-06-27,Completed,Partner,West
2447,1015,2024-07-17,Completed,Mobile,West
2448,1645,2024-11-16,Completed,Partner,South
2449,2080,2024-08-10,Pending,Web,South
2450,929,2025-08-18,Completed,Web,East
2451,428,2024-12-19,Completed,Mobile,East
2452,2911,2024-11-18,Completed,Partner,North
2453,2901,2024-05-06,Completed,Web,North
2454,2893,2025-09-15,Completed,Mobile,South
2455,795,2025-12-24,Completed,Web,West
2456,540,2025-02-17,Completed,Web,South
2457,446,2024-06-09,Completed,Mobile,North
2458,2029,2025-05-25,Completed,Partner,West
2459,2580,2025-09-15,Cancelled,Web,South
2460,1940,2025-11-26,Pending,Partner,West
2461,1425,2025-09-08,Cancelled,Mobile,South
2462,2827,2026-07-07,Pending,Web,West
2463,652,2024-03-15,Completed,Mobile,East
2464,1701,2025-06-27,Completed,Mobile,North
2465,2254,2024-06-10,Completed,Partner,West
2466,2378,2024-05-27,Completed,Partner,East
2467,1107,2025-07-02,Completed,Partner,North
2468,587,2025-02-04,Completed,Partner,South
2469,2936,2024-04-30,Completed,Mobile,East
2470,2561,2025-06-18,Cancelled,Web,South
2471,2314,2024-02-06,Completed,Partner,West
2472,473,2026-01-07,Completed,Mobile,East
2473,2740,2024-09-16,Completed,Mobile,East
2474,485,2025-12-07,Completed,Web,East
2475,2459,2024-06-15,Completed,Web,West
2476,530,2025-11-26,Completed,Mobile,East
2477,1799,2026-07-05,Completed,Web,East
2478,582,2025-01-16,Completed,Mobile,East
2479,2210,2025-03-05,Completed,Mobile,North
2480,2219,2026-03-06,Completed,Web,North
2481,471,2024-12-01,Cancelled,Web,South
2482,346,2024-01-17,Cancelled,Web,North
2483,1617,2025-10-26,Cancelled,Partner,North
2484,2654,2025-06-12,Completed,Web,North
2485,1335,2024-02-07,Completed,Mobile,West
2486,2685,2026-01-19,Completed,Mobile,South
2487,1340,2025-02-05,Completed,Web,South
2488,787,2025-10-13,Cancelled,Mobile,West
2489,2504,2024-05-06,Completed,Partner,East
2490,2275,2024-05-19,Completed,Partner,East
2491,2504,2025-08-30,Completed,Mobile,East
2492,1475,2026-04-04,Completed,Partner,West
2493,2869,2026-03-06,Cancelled,Mobile,North
2494,1728,2025-11-17,Pending,Web,East
2495,1552,2025-08-12,Completed,Web,South
2496,2325,2024-02-11,Completed,Web,East
2497,1419,2024-04-15,Completed,Partner,North
2498,1513,2024-08-19,Completed,Mobile,North
2499,1988,2024-03-29,Completed,Partner,South
2500,2236,2026-05-22,Completed,Mobile,West
2501,1655,2025-10-10,Completed,Partner,South
2502,2876,2024-07-12,Completed,Web,South
2503,2128,2026-04-07,Completed,Web,South
2504,428,2024-12-05,Completed,Partner,East
2505,581,2025-08-09,Completed,Partner,South
2506,2054,2025-02-14,Completed,Mobile,East
2507,2400,2026-05-25,Completed,Partner,North
2508,213,2024-02-11,Completed,Mobile,West
2509,2215,2024-12-14,Completed,Web,West
2510,2233,2025-07-04,Completed,Web,East
2511,933,2026-07-07,Completed,Partner,West
2512,2347,2024-11-25,Pending,Mobile,South
2513,1467,2024-03-30,Completed,Partner,East
2514,2607,2024-11-04,Completed,Mobile,West
2515,1592,2026-02-13,Completed,Mobile,North
2516,459,2025-02-13,Completed,Partner,South
2517,432,2024-05-29,Pending,Partner,West
2518,2097,2024-07-01,Completed,Mobile,North
2519,1845,2024-02-24,Pending,Web,West
2520,2591,2024-03-20,Completed,Web,North
2521,962,2025-12-06,Completed,Partner,East
2522,967,2024-03-06,Completed,Partner,East
2523,2911,2025-01-04,Cancelled,Web,North
2524,2455,2024-01-23,Completed,Web,South
2525,472,2024-04-21,Completed,Mobile,West
2526,902,2024-07-28,Completed,Mobile,East
2527,162,2026-08-23,Completed,Web,West
2528,274,2026-08-01,Completed,Mobile,South
2529,2174,2025-01-13,Completed,Mobile,East
2530,207,2025-07-18,Completed,Mobile,West
2531,2742,2025-11-26,Completed,Mobile,West
2532,1153,2026-04-01,Completed,Partner,East
2533,348,2026-03-11,Completed,Mobile,South
2534,2097,2024-05-20,Completed,Mobile,North
2535,2413,2024-03-24,Completed,Web,West
2536,755,2024-11-19,Completed,Web,West
2537,1954,2026-04-05,Completed,Web,East
2538,2809,2025-09-03,Completed,Partner,North
2539,2468,2024-01-27,Completed,Web,East
2540,2836,2024-06-06,Completed,Web,West
2541,1808,2025-04-09,Completed,Partner,South
2542,1830,2025-06-05,Cancelled,Mobile,North
2543,1005,2026-04-29,Cancelled,Partner,North
2544,2914,2025-01-06,Completed,Partner,West
2545,2695,2024-11-05,Pending,Web,South
2546,1766,2026-04-27,Completed,Partner,West
2547,258,2024-06-26,Completed,Partner,West
2548,1687,2026-02-22,Completed,Mobile,North
2549,1718,2025-06-19,Completed,Web,North
2550,1785,2025-10-17,Completed,Mobile,North
2551,1100,2026-01-09,Completed,Web,South
2552,989,2024-06-06,Completed,Mobile,East
2553,168,2025-09-09,Completed,Partner,South
2554,1107,2024-04-02,Completed,Partner,North
2555,1652,2026-02-21,Completed,Mobile,South
2556,731,2026-05-17,Completed,Mobile,North
2557,2204,2024-11-26,Cancelled,Web,South
2558,1154,2026-06-03,Completed,Web,East
2559,1088,2026-07-07,Completed,Partner,West
2560,1348,2024-09-19,Completed,Partner,East
2561,2351,2024-04-08,Completed,Mobile,North
2562,718,2025-08-20,Completed,Web,West
2563,2028,2024-04-26,Cancelled,Partner,East
2564,1086,2025-09-18,Completed,Mobile,North
2565,2530,2024-07-31,Cancelled,Web,East
2566,2350,2024-11-15,Completed,Web,South
2567,2609,2024-06-22,Completed,Partner,North
2568,149,2025-01-12,Pending,Mobile,West
2569,2707,2025-08-24,Completed,Mobile,West
2570,1509,2026-04-15,Pending,Partner,South
2571,1253,2024-09-12,Completed,Partner,West
2572,2323,2025-03-31,Completed,Partner,North
2573,1917,2025-01-12,Cancelled,Mobile,South
2574,1890,2025-05-16,Completed,Partner,East
2575,163,2026-04-05,Completed,Mobile,East
2576,2554,2026-08-03,Cancelled,Mobile,North
2577,2302,2025-01-04,Completed,Web,North
2578,905,2024-01-12,Completed,Partner,North
2579,2477,2025-07-14,Pending,Web,South
2580,1939,2024-07-29,Completed,Web,West
2581,2356,2026-08-15,Completed,Mobile,East
2582,2795,2024-11-21,Cancelled,Web,North
2583,1766,2025-07-16,Completed,Partner,West
2584,2219,2025-01-17,Pending,Mobile,North
2585,252,2024-02-25,Completed,Mobile,West
2586,351,2025-03-15,Completed,Web,South
2587,56,2026-03-26,Completed,Mobile,West
2588,1642,2025-11-09,Completed,Web,West
2589,2966,2024-02-19,Completed,Mobile,South
2590,1509,2024-07-09,Completed,Web,South
2591,1203,2024-08-03,Completed,Web,West
2592,1139,2026-07-17,Pending,Mobile,West
2593,59,2026-01-09,Cancelled,Partner,West
2594,33,2025-08-03,Completed,Mobile,East
2595,1669,2025-06-09,Completed,Web,North
2596,1103,2026-04-06,Completed,Web,West
2597,1027,2024-07-12,Completed,Partner,North
2598,174,2024-07-08,Completed,Partner,West
2599,1926,2024-06-05,Completed,Partner,South
2600,1037,2025-09-19,Completed,Mobile,South
2601,978,2025-09-28,Completed,Partner,North
2602,817,2025-05-23,Cancelled,Web,West
2603,883,2024-01-10,Completed,Partner,South
2604,1369,2024-08-25,Completed,Partner,West
2605,545,2026-07-05,Completed,Web,East
2606,2777,2024-10-07,Completed,Mobile,North
2607,177,2024-04-20,Completed,Mobile,South
2608,2836,2025-09-04,Completed,Mobile,West
2609,14,2024-04-05,Completed,Mobile,South
2610,2226,2024-11-05,Completed,Web,East
2611,2265,2025-10-21,Completed,Web,East
2612,1395,2024-08-29,Completed,Partner,South
2613,2830,2024-09-10,Completed,Mobile,South
2614,1346,2024-12-20,Completed,Mobile,South
2615,1566,2024-09-11,Completed,Partner,West
2616,1019,2025-07-15,Completed,Web,East
2617,990,2026-03-11,Completed,Partner,East
2618,2843,2026-06-06,Completed,Web,West
2619,113,2024-12-13,Completed,Mobile,East
2620,1259,2025-11-05,Completed,Mobile,East
2621,1577,2026-03-01,Completed,Partner,East
2622,2746,2024-08-05,Completed,Web,North
2623,1609,2025-03-11,Completed,Mobile,East
2624,1371,2025-04-12,Pending,Web,North
2625,2390,2026-08-19,Completed,Web,North
2626,1375,2025-04-15,Completed,Web,South
2627,2392,2025-02-16,Completed,Web,North
2628,2894,2024-02-18,Completed,Partner,North
2629,1760,2026-04-14,Completed,Web,West
2630,182,2025-08-04,Completed,Mobile,West
2631,343,2025-06-09,Completed,Web,East
2632,2140,2024-04-24,Completed,Partner,West
2633,150,2026-03-28,Completed,Partner,North
2634,2536,2024-07-19,Completed,Mobile,West
2635,1578,2024-09-10,Completed,Web,North
2636,2081,2025-01-02,Completed,Mobile,West
2637,2264,2024-05-15,Completed,Web,East
2638,2884,2026-06-29,Completed,Partner,South
2639,11,2026-07-18,Pending,Partner,North
2640,1467,2024-04-12,Completed,Partner,East
2641,508,2026-03-01,Completed,Partner,North
2642,419,2025-09-22,Completed,Mobile,West
2643,1019,2024-11-06,Cancelled,Partner,East
2644,2812,2024-03-13,Completed,Partner,East
2645,2128,2024-09-14,Completed,Web,South
2646,1968,2025-09-20,Cancelled,Partner,North
2647,2804,2025-01-09,Cancelled,Mobile,West
2648,1760,2024-01-29,Completed,Partner,West
2649,2855,2024-10-08,Completed,Web,East
2650,2460,2024-12-23,Completed,Partner,South
2651,1622,2024-10-05,Completed,Partner,West
2652,2355,2024-05-19,Completed,Web,West
2653,1799,2026-08-01,Completed,Mobile,East
2654,2079,2025-10-20,Completed,Partner,East
2655,634,2026-08-28,Completed,Web,North
2656,322,2025-01-15,Cancelled,Web,North
2657,122,2025-02-27,Completed,Web,West
2658,892,2024-01-26,Cancelled,Mobile,East
2659,1853,2025-06-01,Completed,Mobile,West
2660,2291,2026-07-26,Completed,Web,East
2661,188,2025-07-13,Completed,Partner,South
2662,1576,2024-11-20,Pending,Partner,North
2663,998,2025-04-14,Completed,Web,North
2664,1036,2026-08-19,Completed,Partner,South
2665,2331,2024-02-12,Completed,Web,West
2666,2996,2025-06-21,Pending,Mobile,North
2667,1141,2024-12-02,Completed,Partner,West
2668,1445,2025-11-04,Completed,Partner,North
2669,1612,2024-12-07,Completed,Mobile,East
2670,1657,2025-12-14,Completed,Partner,North
2671,1080,2024-03-31,Completed,Web,South
2672,1945,2025-03-29,Completed,Mobile,East
2673,1863,2025-01-03,Completed,Partner,North
2674,1371,2026-03-06,Completed,Web,North
2675,603,2026-02-03,Completed,Partner,East
2676,2414,2026-02-09,Completed,Mobile,West
2677,1550,2024-12-11,Completed,Mobile,West
2678,562,2025-01-24,Completed,Partner,North
2679,1346,2025-05-22,Completed,Mobile,South
2680,2063,2026-03-07,Completed,Partner,East
2681,1574,2024-03-05,Completed,Mobile,East
2682,611,2024-04-17,Completed,Web,East
2683,3,2026-07-11,Completed,Web,South
2684,1313,2024-07-25,Completed,Mobile,South
2685,2066,2026-08-22,Completed,Partner,West
2686,340,2024-02-26,Completed,Mobile,North
2687,1536,2024-11-11,Completed,Web,South
2688,2268,2026-07-05,Completed,Mobile,South
2689,2332,2024-01-09,Completed,Web,South
2690,2807,2024-09-20,Completed,Mobile,South
2691,50,2024-02-14,Completed,Web,South
2692,1555,2024-05-31,Completed,Web,West
2693,903,2025-07-02,Cancelled,Web,West
2694,117,2026-04-18,Completed,Mobile,East
2695,1245,2026-03-25,Completed,Mobile,North
2696,2975,2025-03-30,Pending,Mobile,East
2697,2371,2025-04-23,Cancelled,Partner,North
2698,1968,2024-08-05,Completed,Mobile,North
2699,1945,2024-11-17,Completed,Partner,East
2700,1782,2026-06-10,Completed,Web,South
2701,684,2026-03-22,Completed,Mobile,East
2702,1304,2024-04-19,Completed,Mobile,East
2703,501,2025-02-13,Completed,Partner,West
2704,926,2025-11-11,Completed,Partner,South
2705,1073,2024-05-28,Pending,Web,East
2706,2010,2025-09-21,Completed,Web,West
2707,876,2024-06-21,Completed,Mobile,East
2708,1345,2024-11-20,Completed,Mobile,West
2709,1379,2024-08-03,Completed,Mobile,West
2710,1962,2024-08-06,Completed,Web,West
2711,1261,2025-05-20,Completed,Web,East
2712,1883,2024-09-18,Completed,Mobile,West
2713,1417,2025-11-30,Completed,Partner,North
2714,2378,2025-02-07,Completed,Mobile,East
2715,733,2024-10-20,Pending,Mobile,South
2716,2156,2025-01-18,Cancelled,Mobile,South
2717,243,2026-03-18,Completed,Mobile,South
2718,387,2026-08-14,Completed,Partner,North
2719,1153,2026-03-24,Completed,Partner,East
2720,1730,2026-05-28,Completed,Mobile,North
2721,1438,2024-06-07,Completed,Mobile,East
2722,2716,2025-10-11,Completed,Partner,West
2723,1618,2025-04-19,Completed,Partner,North
2724,727,2024-01-21,Completed,Partner,North
2725,2240,2026-04-26,Completed,Partner,South
2726,1011,2025-03-29,Completed,Mobile,West
2727,1431,2025-07-25,Completed,Web,West
2728,1474,2025-07-07,Completed,Partner,West
2729,471,2025-12-12,Pending,Partner,South
2730,2068,2024-12-02,Completed,Mobile,North
2731,2688,2026-08-06,Completed,Web,South
2732,703,2025-02-02,Completed,Partner,South
2733,1127,2025-08-30,Completed,Web,North
2734,1,2025-05-09,Completed,Web,South
2735,2500,2024-04-19,Cancelled,Partner,East
2736,2449,2024-08-13,Completed,Mobile,East
2737,2078,2025-08-02,Completed,Web,West
2738,2566,2024-08-15,Pending,Partner,South
2739,2286,2024-07-17,Completed,Mobile,North
2740,1241,2026-04-07,Completed,Partner,West
2741,1405,2025-03-27,Completed,Web,East
2742,721,2026-05-24,Completed,Partner,South
2743,2251,2024-06-03,Completed,Partner,South
2744,166,2026-04-11,Completed,Mobile,East
2745,1962,2025-11-20,Cancelled,Mobile,West
2746,2461,2026-01-30,Completed,Partner,South
2747,572,2025-10-17,Completed,Mobile,West
2748,289,2025-12-08,Completed,Web,South
2749,2219,2025-05-10,Completed,Mobile,North
2750,2459,2026-06-27,Completed,Mobile,West
2751,1607,2024-03-21,Completed,Web,East
2752,2808,2025-08-12,Completed,Mobile,East
2753,1266,2025-12-30,Completed,Partner,East
2754,2689,2024-12-25,Completed,Web,South
2755,223,2026-07-21,Completed,Partner,East
2756,679,2025-04-28,Completed,Web,East
2757,2377,2024-05-17,Completed,Web,North
2758,2385,2025-03-29,Completed,Web,West
2759,894,2025-02-26,Completed,Mobile,North
2760,1140,2025-05-08,Completed,Web,South
2761,911,2024-11-19,Completed,Mobile,North
2762,1451,2025-07-15,Completed,Partner,East
2763,2700,2025-06-14,Completed,Web,West
2764,1140,2025-10-04,Completed,Web,South
2765,1945,2026-01-29,Completed,Partner,East
2766,2375,2024-02-17,Cancelled,Partner,South
2767,2452,2026-05-05,Completed,Web,East
2768,259,2024-02-24,Completed,Web,East
2769,2659,2024-06-17,Pending,Mobile,East
2770,252,2025-04-20,Completed,Partner,West
2771,451,2026-03-18,Completed,Mobile,North
2772,1515,2025-04-12,Completed,Partner,East
2773,854,2026-08-26,Completed,Web,East
2774,1720,2026-03-17,Completed,Mobile,East
2775,133,2025-05-29,Completed,Mobile,West
2776,844,2025-07-16,Completed,Partner,North
2777,1238,2026-05-10,Completed,Web,South
2778,250,2025-02-11,Completed,Mobile,East
2779,823,2025-01-07,Completed,Mobile,West
2780,1498,2026-06-02,Completed,Mobile,South
2781,2183,2024-10-11,Completed,Mobile,South
2782,1135,2024-07-05,Completed,Mobile,East
2783,704,2026-05-17,Cancelled,Partner,West
2784,2931,2024-05-30,Completed,Web,South
2785,2322,2025-11-14,Completed,Partner,West
2786,2599,2025-10-13,Completed,Mobile,North
2787,1907,2026-01-22,Completed,Partner,West
2788,2246,2025-10-28,Completed,Partner,North
2789,2132,2025-06-05,Completed,Partner,East
2790,1869,2026-08-21,Completed,Mobile,North
2791,1047,2026-06-28,Completed,Mobile,East
2792,2559,2026-03-02,Completed,Mobile,East
2793,135,2026-07-15,Completed,Web,South
2794,511,2025-10-17,Cancelled,Partner,West
2795,2245,2026-03-13,Completed,Partner,North
2796,1570,2026-01-08,Completed,Mobile,South
2797,1674,2024-06-06,Completed,Mobile,North
2798,1505,2024-05-12,Completed,Mobile,South
2799,1845,2026-07-24,Cancelled,Partner,West
2800,937,2024-12-13,Pending,Partner,North
2801,2388,2025-12-12,Completed,Mobile,South
2802,2888,2025-09-13,Completed,Partner,North
2803,1637,2025-03-27,Completed,Web,North
2804,1201,2026-05-22,Completed,Mobile,North
2805,557,2025-12-29,Completed,Mobile,North
2806,1293,2024-06-01,Completed,Web,North
2807,244,2025-11-09,Completed,Mobile,South
2808,1184,2026-01-07,Completed,Mobile,North
2809,1224,2024-07-24,Completed,Partner,West
2810,201,2024-04-22,Completed,Web,West
2811,123,2026-04-23,Completed,Partner,East
2812,1538,2026-06-26,Completed,Partner,South
2813,2730,2024-04-24,Cancelled,Mobile,North
2814,827,2025-07-19,Completed,Mobile,North
2815,1556,2024-05-10,Completed,Partner,East
2816,2607,2025-10-03,Completed,Web,West
2817,2137,2025-07-13,Completed,Partner,West
2818,1764,2025-08-12,Completed,Web,East
2819,1722,2024-01-09,Completed,Partner,West
2820,872,2025-09-18,Completed,Partner,West
2821,284,2025-07-03,Completed,Partner,West
2822,285,2026-08-24,Completed,Mobile,South
2823,1223,2025-01-20,Completed,Web,North
2824,99,2025-10-28,Completed,Web,South
2825,979,2024-12-30,Completed,Partner,East
2826,1118,2024-11-08,Completed,Mobile,North
2827,2907,2025-09-30,Pending,Partner,South
2828,2732,2024-05-22,Completed,Partner,East
2829,462,2024-05-25,Completed,Web,East
2830,1245,2025-01-14,Completed,Mobile,North
2831,2724,2026-02-25,Completed,Mobile,South
2832,1375,2025-10-06,Completed,Mobile,South
2833,40,2024-08-29,Completed,Mobile,South
2834,981,2025-08-20,Completed,Mobile,North
2835,2075,2024-02-18,Completed,Web,West
2836,289,2024-03-21,Completed,Partner,South
2837,444,2026-04-07,Cancelled,Partner,West
2838,2138,2025-08-24,Completed,Mobile,West
2839,2078,2026-08-03,Completed,Partner,West
2840,2944,2025-05-14,Cancelled,Partner,South
2841,2504,2024-10-11,Completed,Mobile,East
2842,2859,2025-08-23,Completed,Web,North
2843,1315,2024-01-31,Completed,Partner,East
2844,2624,2025-04-15,Completed,Web,East
2845,1695,2024-12-11,Completed,Web,South
2846,2054,2024-06-18,Completed,Web,East
2847,441,2024-07-14,Completed,Partner,West
2848,868,2026-07-22,Completed,Web,East
2849,2054,2025-06-17,Completed,Mobile,East
2850,1924,2025-05-21,Completed,Partner,East
2851,1598,2026-04-18,Completed,Web,East
2852,1778,2024-07-11,Completed,Mobile,East
2853,493,2026-06-15,Completed,Web,South
2854,260,2025-05-06,Completed,Mobile,North
2855,106,2025-04-21,Completed,Partner,East
2856,484,2025-12-21,Completed,Partner,West
2857,1259,2024-04-12,Completed,Web,East
2858,2404,2025-01-07,Completed,Mobile,North
2859,215,2024-03-12,Completed,Web,West
2860,741,2024-08-14,Completed,Web,West
2861,556,2026-08-13,Completed,Web,North
2862,1252,2024-09-04,Completed,Web,South
2863,498,2024-03-15,Completed,Mobile,North
2864,448,2024-05-02,Completed,Partner,North
2865,2170,2026-07-05,Completed,Web,South
2866,2746,2026-03-20,Completed,Web,North
2867,1021,2024-08-07,Completed,Partner,North
2868,2076,2025-04-28,Completed,Mobile,North
2869,2079,2024-04-21,Completed,Web,East
2870,2134,2024-12-23,Completed,Partner,North
2871,210,2026-02-01,Completed,Partner,East
2872,1709,2026-04-16,Completed,Partner,South
2873,2708,2025-02-14,Completed,Web,South
2874,1210,2025-04-07,Completed,Partner,North
2875,2539,2024-03-21,Completed,Web,North
2876,1298,2024-03-03,Completed,Web,South
2877,2235,2026-08-15,Completed,Partner,East
2878,2452,2024-06-29,Cancelled,Partner,East
2879,2996,2025-12-10,Completed,Web,North
2880,1509,2025-06-25,Completed,Partner,South
2881,1508,2025-09-09,Cancelled,Web,West
2882,983,2024-02-05,Cancelled,Partner,East
2883,400,2024-07-17,Completed,Mobile,East
2884,1932,2024-08-25,Completed,Partner,West
2885,867,2024-02-21,Completed,Partner,South
2886,662,2024-01-12,Cancelled,Mobile,East
2887,1464,2024-03-27,Completed,Web,North
2888,2026,2024-10-25,Pending,Web,South
2889,2109,2025-06-28,Completed,Partner,East
2890,733,2026-02-02,Pending,Web,South
2891,1167,2024-01-23,Cancelled,Web,North
2892,780,2025-07-26,Pending,Web,North
2893,288,2026-03-23,Completed,Web,West
2894,983,2026-05-22,Completed,Mobile,East
2895,2370,2025-07-05,Completed,Mobile,West
2896,524,2024-06-15,Completed,Web,South
2897,170,2024-08-01,Completed,Partner,West
2898,2387,2025-05-13,Completed,Web,West
2899,1228,2024-01-30,Completed,Web,West
2900,2663,2024-12-09,Pending,Partner,East
2901,1595,2025-06-14,Cancelled,Web,South
2902,185,2025-12-07,Completed,Web,North
2903,938,2024-05-20,Completed,Partner,West
2904,1735,2024-06-25,Completed,Mobile,West
2905,1501,2024-02-06,Completed,Web,North
2906,2131,2024-11-06,Completed,Mobile,North
2907,1557,2024-02-17,Completed,Web,West
2908,2166,2026-08-16,Completed,Web,East
2909,2145,2025-07-06,Completed,Web,North
2910,702,2024-04-12,Completed,Mobile,East
2911,2363,2024-04-26,Completed,Mobile,South
2912,270,2026-02-19,Completed,Partner,East
2913,2421,2026-07-14,Completed,Partner,North
2914,2008,2026-05-26,Cancelled,Web,East
2915,1503,2024-10-25,Completed,Partner,North
2916,1305,2024-10-05,Completed,Mobile,East
2917,1572,2025-10-11,Completed,Mobile,North
2918,2492,2024-05-22,Completed,Web,North
2919,244,2026-04-02,Completed,Web,South
2920,681,2025-11-24,Pending,Mobile,North
2921,249,2024-03-29,Completed,Web,East
2922,1087,2024-08-09,Completed,Mobile,South
2923,2969,2024-12-25,Pending,Partner,West
2924,1358,2025-09-25,Completed,Partner,North
2925,2573,2025-05-15,Completed,Partner,East
2926,345,2024-01-04,Completed,Web,North
2927,128,2025-08-21,Completed,Mobile,North
2928,1698,2024-04-27,Completed,Mobile,North
2929,1687,2026-01-05,Cancelled,Partner,North
2930,2776,2025-06-14,Completed,Web,South
2931,631,2024-12-02,Completed,Web,South
2932,2656,2026-02-18,Completed,Web,North
2933,1738,2025-01-21,Completed,Web,East
2934,222,2025-08-30,Completed,Web,West
2935,2069,2025-08-04,Completed,Web,East
2936,1423,2024-10-31,Completed,Web,West
2937,1710,2025-07-09,Pending,Mobile,North
2938,260,2024-01-30,Pending,Partner,North
2939,652,2024-06-25,Completed,Mobile,East
2940,1474,2025-05-24,Completed,Web,West
2941,880,2025-10-06,Completed,Partner,West
2942,154,2024-12-24,Completed,Web,South
2943,674,2024-11-30,Completed,Web,South
2944,1895,2024-06-14,Completed,Web,North
2945,1252,2026-01-05,Completed,Web,South
2946,1807,2025-08-19,Pending,Web,North
2947,691,2025-03-30,Completed,Mobile,West
2948,2305,2025-03-16,Completed,Mobile,East
2949,1010,2025-02-24,Completed,Partner,East
2950,1759,2025-11-08,Cancelled,Mobile,South
2951,692,2024-09-28,Completed,Web,East
2952,1059,2025-01-23,Completed,Web,North
2953,2834,2025-04-14,Completed,Mobile,East
2954,915,2024-05-12,Completed,Partner,East
2955,1116,2026-06-15,Completed,Web,South
2956,790,2026-05-21,Completed,Mobile,East
2957,2482,2024-02-27,Completed,Partner,East
2958,262,2025-05-25,Cancelled,Partner,East
2959,917,2024-06-10,Completed,Web,South
2960,599,2025-09-22,Completed,Mobile,North
2961,385,2026-04-07,Completed,Web,South
2962,1001,2025-05-01,Completed,Web,North
2963,2224,2024-02-20,Completed,Partner,South
2964,555,2026-04-24,Completed,Partner,East
2965,1006,2026-06-12,Completed,Partner,South
2966,1043,2026-01-14,Completed,Mobile,East
2967,282,2025-11-01,Completed,Partner,West
2968,188,2026-04-29,Completed,Partner,South
2969,949,2026-05-31,Completed,Mobile,North
2970,960,2024-01-19,Completed,Mobile,East
2971,394,2025-01-15,Cancelled,Mobile,West
2972,1381,2025-09-07,Cancelled,Partner,South
2973,249,2025-12-05,Completed,Mobile,East
2974,2240,2024-06-08,Pending,Partner,South
2975,2243,2025-06-26,Completed,Partner,North
2976,1533,2024-02-29,Pending,Partner,East
2977,1861,2025-09-15,Completed,Partner,South
2978,484,2025-01-09,Completed,Web,West
2979,1124,2025-09-25,Completed,Web,East
2980,1114,2025-03-14,Completed,Partner,North
2981,2456,2026-05-02,Completed,Web,South
2982,1885,2025-02-24,Completed,Partner,West
2983,1626,2026-08-20,Pending,Mobile,South
2984,1990,2025-06-05,Cancelled,Mobile,South
2985,974,2025-01-23,Completed,Mobile,North
2986,618,2024-03-11,Pending,Partner,North
2987,1617,2024-03-22,Completed,Mobile,North
2988,49,2025-01-06,Completed,Partner,South
2989,729,2025-08-19,Completed,Mobile,North
2990,1698,2026-01-15,Completed,Mobile,North
2991,1718,2024-03-10,Cancelled,Partner,North
2992,2595,2025-04-25,Completed,Partner,North
2993,744,2025-10-03,Completed,Web,West
2994,1769,2024-10-06,Completed,Web,South
2995,2340,2026-08-01,Completed,Partner,East
2996,1031,2026-07-26,Completed,Partner,West
2997,2795,2026-02-18,Completed,Partner,North
2998,1756,2026-01-11,Completed,Partner,West
2999,933,2024-04-22,Completed,Mobile,West
3000,1695,2025-12-30,Completed,Mobile,South
3001,2015,2026-05-15,Completed,Web,North
3002,1284,2025-10-19,Completed,Mobile,North
3003,2340,2025-06-09,Completed,Web,East
3004,2507,2026-04-16,Completed,Mobile,West
3005,2622,2026-08-25,Completed,Mobile,East
3006,1086,2026-04-29,Completed,Partner,North
3007,388,2024-01-20,Completed,Web,West
3008,2547,2026-02-20,Completed,Partner,South
3009,1277,2024-01-25,Completed,Mobile,South
3010,1777,2024-07-11,Completed,Partner,North
3011,847,2025-09-03,Completed,Partner,West
3012,1595,2024-02-14,Completed,Partner,South
3013,773,2024-04-16,Pending,Mobile,North
3014,2678,2026-03-19,Completed,Web,East
3015,2614,2025-05-18,Completed,Partner,South
3016,2402,2025-10-26,Completed,Web,South
3017,2790,2024-11-25,Completed,Mobile,West
3018,311,2024-11-18,Completed,Web,East
3019,2603,2024-07-07,Completed,Web,East
3020,2018,2025-08-11,Completed,Partner,South
3021,1247,2025-05-29,Completed,Partner,North
3022,1673,2026-02-26,Completed,Web,South
3023,1047,2024-12-30,Completed,Mobile,East
3024,1065,2024-08-12,Completed,Mobile,South
3025,2995,2025-07-17,Pending,Mobile,South
3026,2475,2025-03-11,Completed,Mobile,East
3027,1284,2026-07-28,Completed,Mobile,North
3028,807,2024-07-03,Completed,Mobile,North
3029,1568,2026-08-24,Completed,Partner,East
3030,1106,2025-07-31,Completed,Web,West
3031,86,2024-04-01,Completed,Web,West
3032,1261,2024-04-30,Completed,Partner,East
3033,244,2024-09-10,Pending,Web,South
3034,2450,2025-07-06,Completed,Partner,North
3035,242,2025-09-12,Completed,Mobile,East
3036,2606,2026-04-15,Completed,Mobile,East
3037,670,2026-05-19,Completed,Web,West
3038,68,2025-04-28,Pending,Web,East
3039,1112,2024-07-30,Completed,Web,North
3040,215,2025-10-09,Completed,Web,West
3041,2101,2024-09-30,Pending,Partner,West
3042,1116,2026-04-23,Completed,Partner,South
3043,1503,2024-04-20,Completed,Mobile,North
3044,119,2024-07-16,Completed,Web,East
3045,778,2024-10-20,Completed,Partner,South
3046,2908,2025-12-23,Completed,Web,North
3047,345,2025-10-03,Completed,Mobile,North
3048,1104,2024-07-06,Completed,Mobile,East
3049,973,2024-06-10,Completed,Web,West
3050,127,2024-03-31,Completed,Partner,West
3051,667,2025-07-13,Completed,Mobile,East
3052,90,2025-01-10,Cancelled,Web,East
3053,310,2024-02-18,Pending,Partner,North
3054,1329,2026-06-09,Completed,Web,South
3055,1318,2024-03-18,Completed,Partner,West
3056,132,2024-02-26,Completed,Mobile,North
3057,2033,2024-08-21,Completed,Mobile,South
3058,1525,2025-06-18,Completed,Mobile,South
3059,198,2024-06-14,Completed,Mobile,North
3060,1334,2024-11-01,Completed,Partner,East
3061,984,2024-03-12,Completed,Web,West
3062,2038,2026-02-06,Completed,Partner,East
3063,402,2025-06-06,Completed,Mobile,East
3064,1085,2026-08-10,Completed,Partner,West
3065,793,2025-02-04,Completed,Web,East
3066,2910,2025-01-24,Completed,Mobile,North
3067,1066,2024-09-08,Completed,Web,West
3068,403,2024-03-23,Completed,Mobile,North
3069,1233,2026-05-11,Completed,Mobile,West
3070,1801,2026-03-24,Completed,Web,North
3071,583,2025-06-16,Completed,Mobile,East
3072,1106,2024-09-17,Completed,Partner,West
3073,2048,2026-01-29,Completed,Mobile,West
3074,811,2024-10-16,Cancelled,Web,South
3075,602,2024-10-08,Completed,Mobile,West
3076,955,2025-10-11,Completed,Mobile,South
3077,1063,2025-05-27,Completed,Mobile,North
3078,605,2025-12-10,Pending,Mobile,South
3079,75,2024-12-14,Completed,Web,South
3080,2735,2025-03-25,Completed,Mobile,West
3081,416,2025-12-27,Completed,Mobile,South
3082,2864,2025-07-01,Completed,Mobile,South
3083,2720,2024-04-19,Completed,Mobile,East
3084,82,2025-12-30,Completed,Mobile,North
3085,432,2024-01-27,Completed,Partner,West
3086,1950,2025-09-04,Completed,Web,East
3087,2694,2024-05-11,Completed,Partner,South
3088,2601,2024-11-16,Completed,Web,South
3089,557,2026-01-24,Completed,Web,North
3090,2242,2024-05-27,Completed,Web,West
3091,211,2024-01-31,Completed,Mobile,South
3092,616,2026-04-19,Completed,Mobile,North
3093,124,2026-04-20,Completed,Partner,South
3094,1685,2026-07-10,Completed,Web,West
3095,780,2025-10-07,Pending,Partner,North
3096,2947,2024-10-09,Pending,Mobile,West
3097,1099,2026-04-16,Completed,Web,South
3098,244,2025-06-23,Completed,Partner,South
3099,1473,2026-04-19,Completed,Web,North
3100,1595,2024-08-10,Completed,Mobile,South
3101,1879,2024-12-07,Completed,Web,South
3102,2364,2025-10-11,Completed,Web,West
3103,1956,2025-09-25,Completed,Mobile,East
3104,1289,2024-06-03,Completed,Mobile,South
3105,983,2026-01-31,Pending,Mobile,East
3106,1056,2024-01-21,Completed,Mobile,North
3107,1595,2025-09-09,Completed,Web,South
3108,2419,2026-08-14,Completed,Mobile,North
3109,309,2024-04-16,Completed,Mobile,South
3110,535,2026-01-19,Completed,Web,North
3111,55,2025-09-21,Completed,Partner,South
3112,1654,2024-10-18,Completed,Partner,West
3113,1064,2024-05-09,Completed,Mobile,East
3114,2689,2025-03-15,Completed,Partner,South
3115,1061,2025-04-30,Cancelled,Mobile,West
3116,2521,2024-10-15,Pending,Web,East
3117,659,2025-10-11,Completed,Partner,South
3118,1379,2024-12-02,Completed,Web,West
3119,1501,2025-01-22,Completed,Mobile,North
3120,2964,2025-09-06,Completed,Partner,West
3121,910,2025-07-13,Completed,Partner,North
3122,1194,2026-04-07,Completed,Partner,South
3123,393,2025-11-20,Completed,Partner,West
3124,1089,2026-02-14,Completed,Mobile,North
3125,2867,2025-02-23,Completed,Web,East
3126,2657,2024-04-13,Completed,Web,East
3127,19,2024-06-05,Pending,Mobile,West
3128,419,2026-08-21,Completed,Web,West
3129,390,2025-04-30,Cancelled,Mobile,East
3130,1522,2026-05-20,Completed,Partner,East
3131,75,2024-04-14,Completed,Mobile,South
3132,557,2025-10-06,Completed,Web,North
3133,1461,2025-09-18,Completed,Web,South
3134,1760,2024-11-05,Completed,Web,West
3135,1121,2024-11-29,Completed,Partner,North
3136,913,2025-04-25,Completed,Partner,North
3137,2802,2024-10-28,Completed,Web,South
3138,2242,2025-11-11,Completed,Partner,West
3139,1608,2024-02-09,Completed,Partner,West
3140,482,2025-10-25,Cancelled,Web,North
3141,2212,2026-06-27,Completed,Mobile,South
3142,618,2025-08-02,Completed,Partner,North
3143,360,2026-03-23,Completed,Partner,North
3144,2384,2026-01-21,Completed,Mobile,East
3145,736,2024-07-12,Completed,Web,North
3146,2286,2024-09-17,Pending,Mobile,North
3147,2830,2024-05-09,Completed,Web,South
3148,932,2024-12-24,Completed,Mobile,North
3149,2091,2026-06-25,Cancelled,Web,East
3150,346,2025-01-14,Cancelled,Web,North
3151,2338,2026-01-04,Completed,Partner,North
3152,986,2024-12-26,Cancelled,Partner,North
3153,1491,2024-09-13,Pending,Web,North
3154,756,2025-06-13,Completed,Web,West
3155,206,2024-11-27,Completed,Partner,East
3156,424,2024-03-24,Completed,Web,East
3157,471,2025-10-21,Completed,Mobile,South
3158,2205,2026-02-03,Completed,Web,North
3159,2623,2024-02-15,Completed,Web,West
3160,2166,2025-01-27,Cancelled,Partner,East
3161,2542,2025-05-07,Completed,Web,South
3162,1905,2024-08-30,Cancelled,Mobile,North
3163,1389,2025-04-29,Completed,Mobile,South
3164,1406,2026-06-12,Completed,Partner,South
3165,1807,2025-07-24,Completed,Web,North
3166,847,2024-03-27,Completed,Partner,West
3167,768,2025-01-14,Completed,Mobile,South
3168,1963,2025-03-03,Completed,Mobile,East
3169,2602,2025-08-22,Completed,Web,East
3170,1951,2026-03-15,Completed,Mobile,North
3171,2662,2025-03-03,Completed,Partner,North
3172,848,2024-01-04,Completed,Partner,West
3173,681,2025-02-15,Cancelled,Partner,North
3174,2962,2026-05-12,Completed,Mobile,East
3175,540,2025-04-21,Completed,Mobile,South
3176,2203,2024-04-12,Completed,Mobile,East
3177,1550,2025-12-29,Completed,Mobile,West
3178,25,2024-03-08,Completed,Web,East
3179,1181,2024-06-18,Cancelled,Web,North
3180,2746,2024-01-19,Completed,Partner,North
3181,2286,2025-10-01,Completed,Partner,North
3182,2023,2025-08-10,Completed,Partner,West
3183,1791,2025-06-04,Completed,Partner,North
3184,405,2026-04-28,Completed,Mobile,East
3185,2261,2025-08-02,Completed,Mobile,South
3186,511,2024-12-04,Completed,Mobile,West
3187,1731,2026-08-18,Completed,Mobile,East
3188,2517,2025-04-29,Completed,Web,North
3189,1659,2025-12-24,Completed,Web,North
3190,649,2025-04-04,Completed,Partner,North
3191,249,2024-10-20,Completed,Web,East
3192,1910,2026-04-27,Completed,Mobile,North
3193,2895,2026-02-21,Completed,Partner,North
3194,1179,2026-04-16,Completed,Partner,South
3195,2792,2024-04-11,Pending,Web,West
3196,727,2025-04-26,Completed,Partner,North
3197,2464,2025-11-13,Completed,Mobile,East
3198,1457,2024-04-17,Completed,Partner,North
3199,8,2025-11-01,Completed,Web,North
3200,134,2025-03-24,Completed,Web,East
3201,1819,2026-03-08,Completed,Web,West
3202,699,2024-12-03,Completed,Web,East
3203,2769,2025-04-27,Completed,Mobile,West
3204,450,2024-05-15,Completed,Mobile,South
3205,2340,2025-12-02,Completed,Mobile,East
3206,1392,2024-12-11,Completed,Partner,West
3207,1017,2025-03-12,Completed,Partner,North
3208,1242,2025-03-20,Completed,Mobile,South
3209,2377,2024-03-11,Completed,Mobile,North
3210,2551,2024-04-01,Pending,Partner,West
3211,860,2025-08-02,Completed,Partner,East
3212,2223,2026-08-13,Completed,Web,East
3213,2117,2026-05-15,Completed,Web,West
3214,377,2024-02-10,Cancelled,Partner,South
3215,632,2026-07-02,Completed,Mobile,East
3216,2911,2024-10-16,Completed,Partner,North
3217,1784,2026-03-01,Completed,Partner,South
3218,2837,2025-06-19,Completed,Web,West
3219,1966,2024-10-02,Completed,Web,West
3220,638,2024-02-10,Completed,Partner,South
3221,471,2024-10-19,Completed,Web,South
3222,934,2025-09-24,Completed,Web,North
3223,2079,2026-08-28,Completed,Mobile,East
3224,1921,2024-08-16,Completed,Partner,East
3225,531,2026-06-16,Completed,Mobile,West
3226,217,2026-04-26,Completed,Web,North
3227,1194,2024-09-19,Completed,Web,South
3228,1018,2024-03-24,Completed,Web,East
3229,520,2025-04-07,Completed,Web,East
3230,513,2025-03-29,Completed,Web,East
3231,2241,2024-01-18,Completed,Partner,West
3232,1111,2025-04-26,Completed,Partner,East
3233,2088,2025-06-01,Completed,Web,South
3234,1788,2024-11-05,Completed,Partner,South
3235,2677,2025-04-20,Pending,Mobile,West
3236,1461,2025-03-16,Completed,Web,South
3237,2711,2026-07-14,Completed,Web,North
3238,479,2026-06-04,Completed,Mobile,South
3239,694,2024-12-03,Completed,Partner,South
3240,1718,2025-06-04,Completed,Mobile,North
3241,1486,2025-04-21,Completed,Mobile,South
3242,1255,2024-09-01,Completed,Partner,North
3243,219,2026-08-16,Completed,Mobile,North
3244,1512,2026-06-26,Completed,Mobile,South
3245,940,2024-06-15,Completed,Web,East
3246,702,2024-10-13,Pending,Web,East
3247,561,2025-06-27,Completed,Mobile,East
3248,944,2025-03-03,Completed,Web,South
3249,240,2026-04-04,Completed,Partner,West
3250,1691,2024-12-05,Completed,Web,South
3251,2301,2025-08-15,Pending,Web,West
3252,1504,2025-02-16,Completed,Mobile,West
3253,524,2024-12-13,Completed,Web,South
3254,710,2024-06-25,Completed,Mobile,East
3255,2754,2025-09-06,Completed,Mobile,East
3256,2934,2026-03-23,Completed,Partner,West
3257,2041,2026-03-23,Completed,Partner,West
3258,186,2025-06-11,Completed,Mobile,North
3259,880,2026-03-06,Completed,Mobile,West
3260,1918,2025-11-29,Completed,Partner,North
3261,808,2025-07-25,Completed,Partner,North
3262,608,2025-05-27,Completed,Mobile,West
3263,395,2024-01-30,Completed,Web,North
3264,2416,2024-01-17,Completed,Mobile,North
3265,390,2024-12-13,Completed,Web,East
3266,2447,2024-02-19,Completed,Web,West
3267,897,2025-02-05,Completed,Mobile,East
3268,562,2026-01-30,Completed,Partner,North
3269,284,2025-02-26,Completed,Partner,West
3270,1569,2026-03-24,Completed,Web,West
3271,2615,2026-06-21,Completed,Mobile,North
3272,87,2024-03-25,Cancelled,Web,South
3273,2493,2024-11-17,Completed,Mobile,West
3274,1256,2026-02-05,Completed,Partner,West
3275,1862,2026-04-30,Completed,Web,West
3276,1155,2024-05-22,Completed,Web,South
3277,572,2026-02-02,Completed,Mobile,West
3278,140,2026-07-31,Completed,Mobile,West
3279,829,2026-07-14,Completed,Mobile,West
3280,2367,2025-03-25,Completed,Web,South
3281,108,2024-10-03,Cancelled,Web,North
3282,2571,2024-02-29,Cancelled,Partner,South
3283,963,2026-03-26,Completed,Mobile,East
3284,2436,2024-07-07,Completed,Partner,South
3285,225,2026-02-25,Completed,Web,East
3286,2294,2025-11-13,Completed,Mobile,East
3287,1762,2024-10-01,Completed,Mobile,North
3288,820,2024-01-13,Completed,Partner,East
3289,102,2024-09-03,Completed,Web,South
3290,1112,2024-12-02,Completed,Web,North
3291,461,2024-03-20,Completed,Mobile,West
3292,2608,2025-10-10,Completed,Web,North
3293,336,2025-04-28,Completed,Web,North
3294,1032,2024-01-15,Completed,Web,West
3295,468,2025-08-08,Completed,Partner,South
3296,2860,2025-11-06,Cancelled,Mobile,North
3297,348,2024-09-12,Cancelled,Web,South
3298,771,2026-04-24,Cancelled,Mobile,East
3299,1711,2024-05-03,Completed,Partner,South
3300,24,2024-11-05,Completed,Partner,North
3301,2633,2024-05-14,Completed,Mobile,South
3302,1445,2025-06-12,Completed,Mobile,North
3303,2443,2024-06-03,Completed,Web,East
3304,663,2024-09-24,Cancelled,Mobile,West
3305,2180,2025-01-03,Completed,Web,North
3306,741,2024-09-19,Completed,Mobile,West
3307,2556,2025-01-11,Completed,Partner,West
3308,1808,2025-01-03,Cancelled,Web,South
3309,2653,2024-07-08,Completed,Partner,South
3310,367,2026-03-10,Cancelled,Mobile,South
3311,1710,2024-08-01,Completed,Partner,North
3312,2109,2025-05-01,Completed,Mobile,East
3313,1438,2024-11-19,Completed,Mobile,East
3314,439,2026-01-11,Completed,Mobile,North
3315,1628,2024-07-29,Cancelled,Web,East
3316,248,2026-07-19,Cancelled,Web,North
3317,1637,2024-02-27,Completed,Mobile,North
3318,399,2026-07-25,Cancelled,Web,South
3319,318,2025-10-17,Completed,Mobile,East
3320,1799,2024-09-30,Completed,Partner,East
3321,1341,2025-01-19,Completed,Partner,North
3322,1705,2024-09-23,Completed,Web,South
3323,138,2024-01-11,Completed,Partner,East
3324,2756,2026-07-19,Completed,Web,West
3325,1278,2025-06-16,Completed,Partner,North
3326,382,2025-06-21,Cancelled,Web,South
3327,1055,2024-06-07,Completed,Mobile,North
3328,2314,2024-07-08,Completed,Partner,West
3329,1739,2026-08-28,Completed,Mobile,North
3330,385,2026-08-17,Completed,Mobile,South
3331,1307,2025-02-20,Cancelled,Mobile,North
3332,101,2024-09-01,Cancelled,Web,West
3333,1063,2025-05-30,Completed,Mobile,North
3334,2122,2024-01-15,Completed,Web,North
3335,2073,2024-09-29,Completed,Mobile,West
3336,2387,2026-01-29,Completed,Mobile,West
3337,1597,2026-07-18,Completed,Partner,North
3338,2445,2024-12-29,Completed,Partner,East
3339,1953,2026-02-15,Completed,Mobile,North
3340,1769,2024-10-24,Cancelled,Mobile,South
3341,1527,2024-07-10,Completed,Mobile,East
3342,1915,2026-08-09,Completed,Mobile,East
3343,2196,2026-08-23,Completed,Mobile,West
3344,2939,2026-05-02,Completed,Partner,South
3345,1766,2024-02-20,Cancelled,Web,West
3346,791,2026-06-13,Completed,Web,South
3347,2555,2025-02-04,Pending,Web,East
3348,1296,2024-01-04,Completed,Mobile,South
3349,558,2025-03-07,Completed,Web,North
3350,1149,2026-04-09,Completed,Web,East
3351,2852,2026-02-20,Completed,Web,East
3352,1515,2025-12-31,Completed,Partner,East
3353,2000,2026-08-21,Completed,Web,South
3354,494,2024-09-20,Completed,Web,South
3355,273,2024-11-18,Completed,Mobile,West
3356,438,2025-08-06,Completed,Web,North
3357,117,2024-05-05,Completed,Mobile,East
3358,155,2024-09-15,Pending,Mobile,East
3359,2135,2024-02-03,Completed,Partner,North
3360,1733,2024-02-29,Completed,Partner,North
3361,1565,2024-10-05,Completed,Web,North
3362,2637,2026-06-26,Completed,Web,North
3363,292,2025-07-08,Completed,Mobile,East
3364,2368,2024-09-27,Completed,Mobile,West
3365,587,2024-10-15,Cancelled,Mobile,South
3366,2302,2026-04-27,Completed,Mobile,North
3367,431,2024-03-20,Completed,Partner,North
3368,440,2025-06-26,Pending,Partner,East
3369,2058,2026-01-05,Completed,Mobile,West
3370,2209,2026-04-30,Completed,Partner,East
3371,1061,2026-04-29,Completed,Web,West
3372,2878,2025-12-03,Completed,Web,South
3373,230,2026-05-04,Completed,Partner,North
3374,1632,2026-06-03,Completed,Mobile,East
3375,719,2026-06-12,Completed,Partner,East
3376,99,2025-03-30,Completed,Mobile,South
3377,951,2025-08-08,Completed,Mobile,North
3378,2222,2025-07-16,Completed,Mobile,South
3379,1332,2024-01-29,Completed,Web,West
3380,1291,2024-12-16,Completed,Partner,North
3381,1841,2024-05-15,Completed,Partner,South
3382,2900,2025-01-03,Completed,Mobile,North
3383,966,2025-12-22,Completed,Partner,South
3384,2747,2024-08-18,Completed,Partner,West
3385,2047,2025-09-26,Completed,Partner,North
3386,1221,2024-05-10,Completed,Web,West
3387,1199,2024-10-01,Pending,Web,South
3388,1711,2026-02-12,Completed,Mobile,South
3389,358,2026-03-30,Completed,Mobile,West
3390,1654,2025-11-11,Completed,Web,West
3391,974,2026-01-14,Completed,Web,North
3392,94,2025-09-08,Pending,Mobile,South
3393,2056,2025-11-11,Completed,Partner,North
3394,1046,2026-03-08,Completed,Partner,North
3395,1981,2025-12-05,Completed,Web,West
3396,1148,2025-08-03,Completed,Web,East
3397,560,2026-01-22,Completed,Partner,North
3398,860,2025-11-02,Completed,Mobile,East
3399,969,2026-07-30,Completed,Partner,West
3400,2019,2026-07-06,Completed,Partner,North
3401,1254,2024-08-15,Cancelled,Partner,North
3402,44,2026-06-06,Completed,Mobile,East
3403,1082,2024-04-09,Completed,Partner,South
3404,2807,2025-01-14,Completed,Mobile,South
3405,205,2024-01-09,Completed,Mobile,East
3406,2248,2025-04-20,Completed,Mobile,North
3407,1315,2024-04-01,Completed,Partner,East
3408,2836,2026-05-13,Completed,Web,West
3409,1228,2024-02-21,Completed,Mobile,West
3410,2613,2024-04-28,Pending,Partner,North
3411,2197,2026-03-30,Completed,Mobile,East
3412,1855,2024-10-19,Completed,Mobile,South
3413,536,2024-11-15,Completed,Web,North
3414,1168,2024-03-27,Completed,Partner,North
3415,2312,2025-01-16,Completed,Partner,South
3416,1336,2026-04-22,Completed,Mobile,West
3417,2518,2025-02-25,Completed,Mobile,South
3418,780,2024-12-03,Pending,Partner,North
3419,1483,2026-02-17,Completed,Mobile,East
3420,1304,2024-02-07,Cancelled,Partner,East
3421,1992,2024-02-11,Completed,Web,West
3422,559,2025-02-06,Pending,Partner,West
3423,591,2025-02-14,Completed,Partner,West
3424,2268,2025-12-27,Completed,Mobile,South
3425,1638,2024-03-26,Cancelled,Partner,South
3426,531,2026-05-09,Cancelled,Web,West
3427,1518,2024-05-26,Completed,Web,East
3428,1816,2025-11-03,Completed,Mobile,North
3429,762,2025-03-02,Completed,Mobile,South
3430,973,2026-03-08,Completed,Partner,West
3431,2438,2025-02-02,Cancelled,Mobile,West
3432,2702,2024-08-10,Completed,Mobile,North
3433,404,2025-08-13,Completed,Partner,West
3434,870,2025-09-19,Completed,Web,North
3435,2429,2024-11-19,Completed,Web,West
3436,2932,2024-09-25,Completed,Web,North
3437,2487,2025-03-14,Cancelled,Partner,North
3438,1447,2024-08-11,Cancelled,Partner,North
3439,2844,2025-02-07,Completed,Partner,South
3440,2443,2026-05-21,Completed,Mobile,East
3441,1969,2026-01-19,Completed,Web,South
3442,1304,2024-01-02,Cancelled,Partner,East
3443,1607,2024-01-24,Completed,Mobile,East
3444,2709,2024-11-03,Completed,Web,West
3445,2829,2024-06-11,Completed,Partner,South
3446,1260,2024-08-15,Pending,Mobile,West
3447,2577,2024-11-14,Completed,Mobile,West
3448,611,2026-07-17,Completed,Partner,East
3449,2848,2024-03-31,Completed,Mobile,South
3450,315,2025-03-14,Completed,Partner,North
3451,1571,2026-02-23,Completed,Web,South
3452,897,2026-04-01,Completed,Partner,East
3453,1670,2025-10-23,Completed,Web,South
3454,2709,2026-01-05,Completed,Partner,West
3455,1421,2026-01-03,Completed,Web,East
3456,750,2025-10-15,Pending,Partner,North
3457,320,2024-04-19,Completed,Web,West
3458,1368,2025-01-03,Completed,Mobile,South
3459,2984,2024-04-19,Completed,Mobile,North
3460,2507,2025-08-01,Cancelled,Mobile,West
3461,2069,2025-08-02,Completed,Partner,East
3462,1753,2026-08-05,Cancelled,Mobile,West
3463,560,2025-05-09,Completed,Web,North
3464,857,2024-09-01,Completed,Web,North
3465,1406,2026-08-03,Completed,Mobile,South
3466,1736,2024-02-06,Completed,Partner,South
3467,1020,2025-03-19,Cancelled,Partner,North
3468,683,2025-04-20,Completed,Partner,South
3469,900,2025-02-03,Completed,Partner,North
3470,279,2025-02-24,Completed,Web,East
3471,792,2026-08-26,Completed,Partner,North
3472,1002,2026-06-08,Completed,Partner,East
3473,2527,2025-01-22,Completed,Partner,North
3474,2838,2024-04-18,Completed,Web,South
3475,536,2026-03-21,Cancelled,Mobile,North
3476,1994,2024-08-03,Completed,Partner,East
3477,2500,2025-11-15,Completed,Web,East
3478,798,2024-12-07,Completed,Mobile,West
3479,2685,2025-08-28,Completed,Partner,South
3480,466,2026-07-04,Completed,Web,North
3481,2660,2024-11-07,Completed,Web,East
3482,76,2024-08-11,Completed,Mobile,West
3483,2393,2024-02-24,Completed,Mobile,East
3484,2547,2025-07-11,Completed,Partner,South
3485,2593,2026-03-19,Completed,Mobile,North
3486,369,2024-03-11,Completed,Web,South
3487,951,2024-07-23,Completed,Mobile,North
3488,926,2024-05-16,Completed,Mobile,South
3489,1094,2025-01-25,Completed,Partner,North
3490,1600,2025-08-17,Completed,Web,East
3491,2655,2025-05-22,Completed,Partner,South
3492,429,2025-07-28,Completed,Partner,North
3493,861,2024-06-18,Completed,Partner,West
3494,504,2024-03-12,Completed,Partner,South
3495,1140,2025-04-12,Completed,Mobile,South
3496,787,2025-07-04,Cancelled,Web,West
3497,2106,2026-04-07,Cancelled,Mobile,North
3498,2916,2025-03-03,Pending,Mobile,North
3499,860,2024-04-28,Cancelled,Web,East
3500,1368,2026-04-16,Completed,Web,South
3501,2892,2025-09-15,Pending,Partner,East
3502,2899,2026-04-01,Completed,Partner,East
3503,2756,2025-03-03,Completed,Mobile,West
3504,2545,2025-02-11,Pending,Web,South
3505,853,2025-06-29,Completed,Mobile,South
3506,391,2024-05-14,Cancelled,Partner,North
3507,1681,2024-04-23,Completed,Mobile,North
3508,1670,2025-04-16,Completed,Mobile,South
3509,2402,2024-04-08,Pending,Mobile,South
3510,1995,2026-04-01,Completed,Partner,West
3511,970,2025-07-23,Completed,Web,North
3512,2210,2026-08-25,Completed,Partner,North
3513,1484,2025-10-09,Completed,Mobile,North
3514,268,2024-08-27,Completed,Web,South
3515,332,2026-01-20,Completed,Partner,North
3516,99,2026-06-09,Completed,Mobile,South
3517,2959,2025-10-14,Completed,Partner,North
3518,289,2025-09-23,Completed,Web,South
3519,881,2024-09-14,Cancelled,Partner,South
3520,1935,2024-01-31,Completed,Web,West
3521,2852,2026-05-26,Completed,Mobile,East
3522,189,2025-07-07,Completed,Mobile,North
3523,1173,2025-03-03,Completed,Mobile,East
3524,1763,2025-06-21,Completed,Web,East
3525,1957,2024-05-01,Completed,Web,North
3526,119,2025-02-23,Completed,Mobile,East
3527,884,2024-07-01,Cancelled,Web,East
3528,175,2026-07-29,Completed,Partner,West
3529,2646,2025-12-13,Completed,Web,South
3530,1906,2024-02-29,Completed,Web,South
3531,666,2024-08-02,Completed,Web,North
3532,1451,2024-11-18,Completed,Mobile,East
3533,336,2025-02-14,Completed,Web,North
3534,1709,2025-08-19,Completed,Web,South
3535,1362,2025-06-17,Cancelled,Web,East
3536,819,2025-01-03,Completed,Web,West
3537,517,2024-12-11,Completed,Partner,East
3538,1616,2024-09-01,Completed,Partner,East
3539,2541,2026-07-18,Cancelled,Web,North
3540,2980,2025-09-20,Completed,Partner,West
3541,175,2026-02-13,Completed,Web,West
3542,1594,2024-03-21,Completed,Partner,West
3543,2943,2024-04-06,Completed,Mobile,North
3544,60,2024-02-14,Completed,Partner,West
3545,1221,2026-04-17,Completed,Partner,West
3546,1112,2024-01-23,Completed,Mobile,North
3547,37,2024-12-25,Completed,Mobile,South
3548,1692,2024-11-11,Cancelled,Partner,North
3549,1462,2024-09-30,Completed,Web,South
3550,985,2025-05-01,Completed,Mobile,South
3551,655,2024-01-17,Completed,Web,West
3552,2675,2025-01-14,Completed,Web,South
3553,2603,2024-05-26,Completed,Partner,East
3554,2021,2024-05-18,Completed,Partner,South
3555,452,2024-01-25,Completed,Web,South
3556,2369,2025-05-26,Cancelled,Web,North
3557,401,2024-10-20,Completed,Web,North
3558,1467,2024-08-09,Completed,Web,East
3559,1245,2024-08-11,Completed,Mobile,North
3560,1639,2024-02-29,Completed,Mobile,West
3561,1498,2026-01-09,Completed,Partner,South
3562,1681,2024-03-26,Cancelled,Partner,North
3563,2281,2024-05-04,Completed,Web,South
3564,424,2025-08-01,Completed,Web,East
3565,2977,2025-07-24,Completed,Partner,North
3566,47,2025-02-11,Completed,Mobile,East
3567,2689,2026-07-28,Completed,Web,South
3568,2724,2025-09-26,Completed,Web,South
3569,623,2025-07-23,Completed,Mobile,West
3570,896,2025-07-07,Completed,Web,East
3571,1391,2024-04-08,Completed,Mobile,East
3572,362,2024-02-03,Completed,Partner,East
3573,2167,2024-04-22,Completed,Web,West
3574,2876,2025-10-28,Completed,Mobile,South
3575,1413,2024-10-12,Completed,Web,North
3576,1717,2025-11-06,Completed,Partner,South
3577,2057,2025-10-05,Completed,Web,West
3578,2935,2024-09-08,Completed,Partner,West
3579,2745,2026-05-14,Completed,Mobile,West
3580,2419,2025-04-30,Completed,Mobile,North
3581,2407,2025-09-12,Completed,Partner,North
3582,1198,2026-06-03,Completed,Partner,West
3583,2800,2025-09-29,Completed,Partner,South
3584,990,2025-05-21,Cancelled,Partner,East
3585,1023,2026-06-08,Completed,Mobile,East
3586,2255,2025-08-25,Completed,Partner,North
3587,1044,2026-05-31,Completed,Partner,East
3588,2804,2024-05-24,Completed,Web,West
3589,2678,2024-09-15,Completed,Partner,East
3590,1488,2025-04-22,Completed,Partner,South
3591,2955,2025-05-14,Completed,Mobile,East
3592,2418,2025-05-25,Completed,Web,North
3593,50,2024-01-20,Completed,Mobile,South
3594,2384,2026-04-30,Completed,Partner,East
3595,1250,2025-03-19,Completed,Mobile,North
3596,1289,2025-07-02,Pending,Mobile,South
3597,1368,2025-04-19,Completed,Mobile,South
3598,2467,2025-05-27,Completed,Mobile,North
3599,281,2024-08-17,Pending,Web,East
3600,2017,2026-07-04,Completed,Partner,West
3601,630,2025-09-21,Completed,Partner,North
3602,1260,2026-01-05,Completed,Mobile,West
3603,1850,2024-11-25,Completed,Partner,East
3604,1934,2025-12-10,Completed,Web,East
3605,317,2025-08-25,Completed,Partner,West
3606,2660,2025-07-05,Completed,Partner,East
3607,2344,2025-02-13,Completed,Web,South
3608,1625,2025-12-14,Completed,Partner,North
3609,2136,2026-02-02,Completed,Mobile,North
3610,2082,2026-05-15,Completed,Partner,North
3611,1637,2026-06-27,Completed,Web,North
3612,198,2025-05-08,Completed,Mobile,North
3613,1871,2024-07-16,Completed,Partner,East
3614,411,2024-01-23,Completed,Mobile,East
3615,1428,2024-05-03,Completed,Web,North
3616,2351,2025-11-18,Completed,Partner,North
3617,710,2026-02-17,Completed,Web,East
3618,404,2025-09-19,Completed,Partner,West
3619,1458,2025-08-07,Completed,Web,North
3620,1539,2025-05-28,Completed,Mobile,South
3621,750,2025-03-19,Completed,Mobile,North
3622,2343,2024-05-19,Completed,Partner,North
3623,1856,2026-05-13,Completed,Partner,West
3624,754,2024-05-14,Completed,Partner,East
3625,1600,2024-08-17,Pending,Partner,East
3626,759,2024-01-15,Pending,Mobile,South
3627,2021,2025-03-21,Completed,Partner,South
3628,2715,2024-07-23,Completed,Partner,West
3629,1984,2025-05-15,Completed,Web,South
3630,572,2024-05-31,Completed,Partner,West
3631,2136,2024-01-26,Cancelled,Web,North
3632,1097,2025-11-05,Completed,Partner,West
3633,226,2024-10-05,Completed,Web,East
3634,1947,2026-04-05,Completed,Web,West
3635,309,2024-01-28,Completed,Partner,South
3636,1040,2024-07-24,Completed,Partner,East
3637,1577,2025-10-07,Completed,Web,East
3638,322,2025-12-19,Pending,Partner,North
3639,2167,2025-12-12,Completed,Web,West
3640,986,2025-05-09,Completed,Web,North
3641,264,2025-01-11,Completed,Web,West
3642,2949,2026-05-06,Completed,Mobile,West
3643,889,2024-07-31,Completed,Mobile,West
3644,430,2026-05-01,Completed,Mobile,East
3645,2450,2025-08-19,Completed,Partner,North
3646,2486,2026-06-12,Completed,Mobile,South
3647,73,2024-04-18,Completed,Web,North
3648,2301,2025-11-23,Completed,Partner,West
3649,2799,2025-07-25,Completed,Web,East
3650,1612,2025-01-31,Completed,Partner,East
3651,530,2024-02-05,Completed,Mobile,East
3652,655,2024-11-30,Completed,Mobile,West
3653,2983,2024-04-11,Completed,Web,West
3654,2364,2026-06-30,Completed,Mobile,West
3655,1239,2025-11-18,Completed,Mobile,North
3656,1117,2025-03-26,Completed,Web,East
3657,2614,2025-11-23,Completed,Web,South
3658,526,2025-12-30,Completed,Partner,North
3659,2788,2025-02-08,Completed,Web,North
3660,1577,2025-04-29,Completed,Web,East
3661,1973,2024-12-03,Completed,Partner,West
3662,2929,2025-06-26,Completed,Partner,West
3663,1059,2024-12-04,Completed,Mobile,North
3664,309,2026-06-16,Cancelled,Partner,South
3665,879,2024-06-21,Completed,Web,North
3666,1405,2025-05-28,Completed,Mobile,East
3667,1604,2024-09-10,Completed,Partner,West
3668,1470,2025-04-07,Pending,Mobile,South
3669,800,2025-05-17,Completed,Web,North
3670,2499,2024-04-29,Completed,Partner,West
3671,843,2024-04-15,Completed,Web,North
3672,2435,2024-05-06,Completed,Web,West
3673,1754,2024-04-21,Cancelled,Web,South
3674,803,2026-05-31,Completed,Mobile,South
3675,528,2026-01-19,Completed,Mobile,South
3676,2825,2025-07-26,Completed,Mobile,South
3677,2970,2024-04-05,Completed,Web,South
3678,2339,2026-07-20,Completed,Mobile,North
3679,2368,2026-08-25,Cancelled,Web,West
3680,2311,2025-09-01,Completed,Mobile,North
3681,42,2024-03-26,Completed,Partner,West
3682,2277,2026-01-13,Completed,Partner,West
3683,272,2025-09-15,Pending,Mobile,North
3684,1370,2024-08-24,Completed,Partner,North
3685,975,2024-10-18,Completed,Mobile,West
3686,1704,2025-11-11,Completed,Web,East
3687,1119,2026-05-17,Completed,Mobile,East
3688,1155,2024-09-24,Completed,Mobile,South
3689,520,2026-01-24,Cancelled,Web,East
3690,984,2026-04-13,Completed,Partner,West
3691,2651,2024-02-16,Completed,Partner,West
3692,855,2025-11-22,Completed,Partner,East
3693,1614,2025-05-23,Completed,Mobile,South
3694,2902,2026-06-07,Completed,Mobile,South
3695,1180,2024-11-16,Completed,Partner,North
3696,2193,2024-08-04,Completed,Web,North
3697,2445,2026-01-18,Completed,Partner,East
3698,2047,2025-08-15,Completed,Web,North
3699,2901,2026-03-28,Completed,Partner,North
3700,910,2025-12-06,Completed,Mobile,North
3701,2071,2024-03-04,Completed,Mobile,North
3702,800,2025-02-01,Completed,Web,North
3703,2007,2024-06-20,Cancelled,Web,West
3704,1459,2024-06-25,Completed,Web,East
3705,1094,2026-03-10,Completed,Mobile,North
3706,1620,2025-11-19,Cancelled,Web,South
3707,2927,2025-06-30,Completed,Partner,South
3708,2535,2024-09-26,Completed,Web,East
3709,1435,2026-03-31,Completed,Mobile,North
3710,2630,2024-06-26,Completed,Partner,West
3711,2779,2024-11-07,Completed,Web,North
3712,1280,2024-08-11,Completed,Partner,West
3713,2418,2025-01-22,Cancelled,Web,North
3714,2450,2025-10-26,Completed,Partner,North
3715,911,2025-06-23,Completed,Mobile,North
3716,516,2025-08-12,Completed,Mobile,East
3717,903,2026-05-14,Completed,Web,West
3718,2223,2024-11-22,Completed,Mobile,East
3719,1269,2025-06-26,Cancelled,Mobile,South
3720,1495,2026-05-17,Completed,Web,North
3721,2364,2024-12-12,Cancelled,Mobile,West
3722,2892,2025-01-04,Completed,Partner,East
3723,1582,2025-01-10,Completed,Web,West
3724,288,2026-01-07,Completed,Mobile,West
3725,2735,2025-05-03,Cancelled,Mobile,West
3726,942,2024-06-27,Completed,Mobile,South
3727,2975,2026-04-11,Cancelled,Partner,East
3728,2473,2025-12-24,Completed,Web,North
3729,2103,2024-08-09,Completed,Partner,South
3730,317,2025-01-28,Completed,Web,West
3731,665,2025-10-01,Completed,Mobile,East
3732,2261,2025-01-10,Completed,Web,South
3733,2587,2025-06-12,Completed,Partner,East
3734,631,2025-07-30,Cancelled,Partner,South
3735,1694,2025-01-04,Completed,Mobile,West
3736,185,2024-07-25,Completed,Web,North
3737,1534,2024-06-11,Completed,Web,South
3738,2807,2024-12-21,Completed,Partner,South
3739,2665,2025-03-11,Completed,Mobile,South
3740,1644,2024-09-30,Completed,Partner,North
3741,1255,2024-10-06,Completed,Mobile,North
3742,1021,2024-01-19,Cancelled,Web,North
3743,228,2024-04-07,Pending,Partner,South
3744,268,2024-05-17,Completed,Mobile,South
3745,595,2024-12-19,Completed,Partner,East
3746,2167,2024-06-27,Completed,Web,West
3747,2433,2024-06-02,Completed,Web,South
3748,882,2025-04-27,Completed,Partner,South
3749,2898,2024-01-23,Completed,Mobile,South
3750,932,2024-08-29,Pending,Web,North
3751,428,2026-05-28,Cancelled,Web,East
3752,659,2024-12-06,Completed,Partner,South
3753,2574,2025-11-20,Completed,Partner,South
3754,1698,2026-07-29,Completed,Partner,North
3755,925,2024-06-20,Completed,Web,North
3756,2661,2025-04-24,Completed,Web,North
3757,2153,2024-08-19,Cancelled,Web,North
3758,1759,2024-08-10,Cancelled,Web,South
3759,2017,2024-12-07,Cancelled,Mobile,West
3760,1143,2026-04-06,Completed,Partner,East
3761,1008,2024-03-08,Completed,Web,East
3762,1712,2024-04-06,Completed,Web,East
3763,2863,2024-03-01,Completed,Mobile,North
3764,877,2025-07-12,Completed,Web,North
3765,1874,2026-02-06,Completed,Mobile,South
3766,1443,2025-06-21,Completed,Partner,South
3767,2316,2025-02-19,Completed,Web,East
3768,2240,2024-01-30,Completed,Web,South
3769,1116,2024-11-08,Completed,Web,South
3770,2263,2025-02-12,Completed,Partner,South
3771,2024,2025-06-07,Completed,Web,East
3772,1701,2025-10-01,Pending,Partner,North
3773,2530,2024-04-07,Completed,Mobile,East
3774,2936,2026-01-26,Completed,Web,East
3775,1237,2026-06-06,Completed,Partner,South
3776,2651,2026-06-24,Completed,Partner,West
3777,2623,2026-01-28,Completed,Partner,West
3778,1322,2024-05-29,Completed,Mobile,West
3779,132,2024-07-05,Completed,Partner,North
3780,1312,2026-04-06,Completed,Partner,South
3781,2367,2024-06-02,Completed,Web,South
3782,415,2025-01-11,Completed,Web,West
3783,1044,2026-08-01,Completed,Web,East
3784,1394,2025-12-21,Pending,Partner,West
3785,720,2026-03-21,Completed,Mobile,West
3786,1380,2025-10-03,Completed,Mobile,South
3787,1698,2025-02-19,Completed,Mobile,North
3788,1358,2026-06-10,Completed,Partner,North
3789,1656,2026-02-22,Cancelled,Web,North
3790,1663,2024-11-18,Completed,Mobile,East
3791,1145,2025-12-06,Completed,Partner,West
3792,2939,2026-08-23,Completed,Web,South
3793,1368,2025-11-07,Completed,Web,South
3794,2091,2025-08-06,Completed,Web,East
3795,88,2026-04-22,Completed,Web,West
3796,878,2026-05-01,Pending,Web,West
3797,2305,2026-06-25,Completed,Partner,East
3798,2345,2025-08-09,Completed,Web,West
3799,706,2025-05-03,Completed,Mobile,North
3800,2052,2025-03-18,Completed,Partner,South
3801,1588,2026-01-22,Pending,Web,West
3802,2058,2025-04-22,Completed,Mobile,West
3803,286,2025-05-07,Completed,Web,East
3804,1693,2024-07-08,Completed,Partner,North
3805,628,2025-06-10,Completed,Mobile,South
3806,1266,2025-06-28,Completed,Web,East
3807,1089,2024-09-29,Completed,Mobile,North
3808,312,2024-10-31,Pending,Partner,West
3809,1509,2026-02-14,Completed,Web,South
3810,1339,2026-06-18,Completed,Web,North
3811,2705,2025-10-11,Completed,Mobile,West
3812,1429,2026-07-28,Pending,Web,South
3813,2184,2025-07-18,Completed,Web,East
3814,1173,2025-04-05,Completed,Mobile,East
3815,1225,2026-04-15,Cancelled,Mobile,North
3816,2233,2024-07-14,Pending,Web,East
3817,656,2025-09-28,Cancelled,Web,East
3818,511,2025-06-21,Completed,Web,West
3819,2375,2025-09-26,Completed,Mobile,South
3820,1344,2025-12-18,Completed,Mobile,North
3821,1472,2026-02-27,Pending,Web,South
3822,2572,2025-05-19,Completed,Web,West
3823,542,2025-10-04,Completed,Mobile,East
3824,476,2024-06-24,Completed,Partner,West
3825,1201,2025-07-10,Completed,Mobile,North
3826,1396,2026-01-14,Completed,Partner,North
3827,439,2024-05-06,Completed,Mobile,North
3828,2889,2025-12-25,Completed,Web,East
3829,934,2024-05-30,Pending,Partner,North
3830,784,2025-06-07,Completed,Partner,East
3831,2156,2026-03-06,Completed,Mobile,South
3832,94,2025-12-08,Completed,Partner,South
3833,2801,2024-02-19,Completed,Web,East
3834,1367,2025-03-21,Completed,Web,North
3835,909,2024-06-21,Completed,Mobile,South
3836,2242,2026-04-02,Completed,Web,West
3837,2422,2025-12-22,Completed,Mobile,East
3838,985,2024-12-28,Pending,Mobile,South
3839,130,2025-05-29,Completed,Web,West
3840,1795,2025-04-10,Pending,Mobile,East
3841,2324,2025-10-29,Pending,Mobile,South
3842,15,2026-08-27,Completed,Web,West
3843,2744,2026-03-27,Cancelled,Mobile,North
3844,843,2025-03-25,Cancelled,Partner,North
3845,645,2026-05-06,Completed,Web,South
3846,1280,2025-10-23,Completed,Web,West
3847,2752,2026-03-06,Completed,Web,West
3848,746,2024-07-10,Completed,Mobile,South
3849,2985,2024-04-10,Completed,Web,South
3850,2631,2025-04-29,Completed,Partner,North
3851,1540,2025-04-23,Cancelled,Partner,South
3852,2037,2024-07-09,Completed,Web,East
3853,1470,2025-07-22,Completed,Partner,South
3854,376,2024-09-06,Completed,Partner,West
3855,1414,2025-01-05,Cancelled,Partner,North
3856,2594,2024-04-04,Completed,Mobile,North
3857,1139,2024-09-19,Completed,Web,West
3858,1840,2024-12-19,Completed,Mobile,North
3859,1154,2026-05-23,Completed,Mobile,East
3860,2114,2026-03-08,Completed,Web,South
3861,1151,2024-06-21,Completed,Mobile,West
3862,1458,2024-01-17,Completed,Partner,North
3863,983,2024-01-22,Pending,Partner,East
3864,711,2024-11-04,Cancelled,Mobile,East
3865,975,2026-01-13,Completed,Web,West
3866,1339,2024-01-14,Completed,Mobile,North
3867,2617,2024-05-08,Completed,Partner,West
3868,1015,2024-12-27,Completed,Web,West
3869,2134,2024-08-21,Completed,Partner,North
3870,814,2026-06-16,Completed,Partner,East
3871,1001,2024-10-14,Completed,Web,North
3872,2948,2024-01-23,Completed,Mobile,East
3873,2641,2024-03-01,Completed,Web,West
3874,1819,2024-04-24,Completed,Mobile,West
3875,154,2024-11-02,Completed,Web,South
3876,523,2024-12-07,Completed,Mobile,West
3877,172,2025-11-20,Completed,Mobile,North
3878,1208,2024-02-13,Completed,Mobile,West
3879,1859,2024-03-25,Completed,Partner,South
3880,835,2025-04-20,Pending,Partner,East
3881,139,2024-12-19,Completed,Mobile,East
3882,2320,2026-02-12,Pending,Web,South
3883,2935,2024-12-20,Completed,Mobile,West
3884,1158,2026-05-28,Completed,Web,West
3885,2224,2024-06-29,Completed,Web,South
3886,1180,2025-05-08,Completed,Mobile,North
3887,1947,2025-11-22,Completed,Mobile,West
3888,843,2026-02-28,Completed,Partner,North
3889,2920,2024-11-10,Completed,Mobile,East
3890,1824,2025-04-09,Completed,Partner,North
3891,2400,2026-03-03,Completed,Mobile,North
3892,97,2025-12-01,Completed,Partner,South
3893,1656,2024-11-15,Completed,Mobile,North
3894,701,2024-11-23,Completed,Web,West
3895,2480,2024-09-24,Completed,Partner,North
3896,1612,2026-01-14,Completed,Mobile,East
3897,1159,2024-06-05,Completed,Web,North
3898,2950,2024-06-30,Completed,Mobile,South
3899,1812,2025-07-22,Cancelled,Mobile,East
3900,1678,2024-05-16,Completed,Partner,West
3901,1023,2026-04-22,Completed,Partner,East
3902,1791,2025-02-24,Completed,Partner,North
3903,2388,2026-08-10,Completed,Web,South
3904,994,2026-05-12,Completed,Web,North
3905,2790,2024-11-28,Completed,Mobile,West
3906,2111,2024-06-14,Completed,Mobile,West
3907,553,2025-07-02,Completed,Web,West
3908,1691,2024-08-01,Completed,Mobile,South
3909,726,2024-05-18,Completed,Partner,West
3910,804,2026-02-01,Completed,Partner,South
3911,1369,2026-07-10,Completed,Web,West
3912,1932,2025-03-08,Completed,Partner,West
3913,1348,2025-02-21,Completed,Web,East
3914,2268,2024-12-06,Completed,Mobile,South
3915,1865,2024-08-31,Completed,Mobile,East
3916,2730,2026-03-10,Cancelled,Mobile,North
3917,1095,2024-11-28,Completed,Mobile,South
3918,1006,2025-07-15,Completed,Web,South
3919,1186,2024-05-12,Completed,Partner,West
3920,496,2024-09-21,Completed,Web,North
3921,807,2025-02-28,Completed,Partner,North
3922,2804,2024-05-14,Completed,Mobile,West
3923,2150,2025-01-04,Pending,Mobile,East
3924,1612,2024-07-20,Completed,Partner,East
3925,19,2026-05-25,Completed,Web,West
3926,1149,2024-10-08,Completed,Partner,East
3927,1475,2024-11-08,Completed,Mobile,West
3928,2033,2025-07-05,Completed,Mobile,South
3929,1235,2024-01-17,Completed,Partner,East
3930,2248,2024-01-24,Completed,Partner,North
3931,2583,2024-07-10,Completed,Web,South
3932,2365,2026-06-23,Completed,Web,West
3933,454,2026-04-01,Completed,Web,East
3934,1159,2026-02-15,Cancelled,Partner,North
3935,601,2025-06-09,Completed,Mobile,West
3936,1473,2026-04-16,Completed,Web,North
3937,1440,2024-03-13,Completed,Mobile,West
3938,2901,2024-03-16,Completed,Web,North
3939,841,2025-10-07,Cancelled,Partner,North
3940,200,2024-06-24,Completed,Partner,East
3941,2035,2025-08-15,Completed,Web,South
3942,1503,2024-02-28,Completed,Web,North
3943,2513,2025-12-28,Completed,Web,South
3944,2951,2024-03-05,Cancelled,Mobile,South
3945,1214,2025-08-01,Cancelled,Mobile,North
3946,2763,2025-06-03,Completed,Partner,North
3947,2181,2026-04-19,Completed,Mobile,East
3948,357,2024-04-01,Completed,Mobile,North
3949,2473,2025-10-29,Completed,Mobile,North
3950,1286,2024-06-27,Completed,Mobile,East
3951,991,2024-12-22,Completed,Partner,East
3952,2399,2024-01-22,Cancelled,Partner,East
3953,572,2025-06-18,Completed,Partner,West
3954,2927,2026-03-11,Completed,Partner,South
3955,2648,2025-08-06,Cancelled,Web,West
3956,167,2025-03-22,Completed,Web,West
3957,374,2025-05-07,Completed,Mobile,East
3958,2782,2025-12-15,Completed,Partner,North
3959,2105,2026-02-16,Completed,Web,North
3960,1038,2025-05-29,Completed,Mobile,West
3961,876,2025-12-12,Pending,Partner,East
3962,207,2025-04-17,Completed,Mobile,West
3963,206,2026-06-29,Completed,Partner,East
3964,873,2024-12-16,Completed,Partner,East
3965,2548,2025-12-19,Completed,Web,West
3966,270,2025-12-20,Completed,Web,East
3967,1225,2026-03-31,Pending,Partner,North
3968,223,2025-02-17,Completed,Mobile,East
3969,1815,2024-01-05,Completed,Partner,South
3970,840,2024-03-13,Completed,Partner,West
3971,1195,2024-04-28,Completed,Web,South
3972,548,2024-07-11,Completed,Web,South
3973,487,2024-02-10,Completed,Web,South
3974,2871,2025-06-02,Completed,Mobile,East
3975,2130,2025-09-21,Completed,Mobile,East
3976,497,2024-04-10,Completed,Partner,West
3977,2587,2026-01-17,Completed,Mobile,East
3978,1007,2024-01-04,Completed,Web,West
3979,1480,2024-08-25,Completed,Mobile,West
3980,1503,2024-12-03,Completed,Web,North
3981,645,2024-11-12,Cancelled,Mobile,South
3982,1629,2025-03-05,Completed,Web,North
3983,2746,2026-08-06,Completed,Web,North
3984,1224,2026-08-23,Completed,Web,West
3985,1084,2025-05-16,Completed,Partner,North
3986,234,2025-02-01,Completed,Web,North
3987,611,2025-02-01,Completed,Partner,East
3988,70,2026-01-11,Completed,Partner,West
3989,2792,2025-07-14,Completed,Web,West
3990,1268,2024-07-17,Cancelled,Mobile,South
3991,1356,2026-02-05,Completed,Mobile,North
3992,1987,2025-11-03,Cancelled,Web,West
3993,357,2026-04-01,Completed,Web,North
3994,387,2025-10-02,Completed,Partner,North
3995,508,2024-08-19,Completed,Partner,North
3996,471,2025-09-28,Completed,Mobile,South
3997,1990,2024-05-03,Completed,Partner,South
3998,530,2024-06-26,Completed,Mobile,East
3999,1836,2025-05-16,Completed,Partner,North
4000,1207,2024-06-01,Cancelled,Partner,East
4001,1747,2024-01-10,Completed,Partner,West
4002,1509,2024-11-27,Completed,Partner,South
4003,1435,2025-06-08,Completed,Web,North
4004,36,2024-04-15,Completed,Web,West
4005,945,2026-06-18,Completed,Partner,North
4006,116,2024-11-10,Pending,Partner,East
4007,2554,2024-07-04,Completed,Mobile,North
4008,882,2025-07-23,Completed,Partner,South
4009,274,2024-07-31,Completed,Partner,South
4010,2993,2026-04-01,Completed,Partner,East
4011,2663,2025-02-18,Pending,Web,East
4012,2483,2024-09-24,Completed,Mobile,West
4013,2278,2025-03-28,Pending,Web,South
4014,839,2024-12-21,Completed,Mobile,West
4015,257,2025-09-22,Completed,Partner,South
4016,775,2025-12-13,Completed,Web,North
4017,2204,2024-05-30,Completed,Mobile,South
4018,2115,2025-03-03,Completed,Mobile,North
4019,2518,2025-10-23,Completed,Mobile,South
4020,308,2025-07-17,Completed,Partner,South
4021,2870,2026-05-31,Cancelled,Partner,East
4022,720,2025-08-07,Completed,Partner,West
4023,1695,2025-02-19,Completed,Mobile,South
4024,1562,2025-01-30,Completed,Partner,South
4025,580,2026-01-14,Completed,Web,West
4026,2121,2024-02-01,Completed,Partner,South
4027,1135,2025-12-05,Cancelled,Mobile,East
4028,992,2026-06-14,Completed,Mobile,West
4029,596,2025-07-26,Completed,Web,West
4030,1435,2026-06-28,Completed,Partner,North
4031,2137,2026-01-12,Completed,Mobile,West
4032,1129,2025-10-28,Completed,Web,East
4033,2556,2026-06-15,Completed,Mobile,West
4034,70,2024-09-13,Completed,Mobile,West
4035,419,2025-06-19,Completed,Mobile,West
4036,312,2026-06-30,Completed,Mobile,West
4037,416,2025-06-08,Completed,Web,South
4038,2375,2025-05-09,Completed,Partner,South
4039,1454,2026-02-24,Completed,Web,West
4040,823,2025-08-03,Completed,Partner,West
4041,136,2025-10-13,Completed,Web,North
4042,658,2026-07-17,Completed,Web,North
4043,1161,2026-07-18,Completed,Mobile,South
4044,2858,2026-08-26,Completed,Partner,North
4045,407,2024-12-20,Completed,Web,East
4046,1736,2024-08-17,Completed,Partner,South
4047,430,2025-03-04,Completed,Web,East
4048,1987,2024-11-14,Completed,Mobile,West
4049,1444,2024-04-28,Completed,Web,South
4050,1311,2024-03-14,Completed,Web,West
4051,2925,2024-06-23,Completed,Web,West
4052,883,2025-01-12,Completed,Web,South
4053,1655,2025-03-07,Completed,Partner,South
4054,2624,2025-02-20,Completed,Mobile,East
4055,668,2024-03-09,Completed,Partner,North
4056,1864,2026-06-24,Completed,Mobile,North
4057,2199,2025-10-22,Completed,Partner,West
4058,1493,2025-04-16,Completed,Mobile,West
4059,502,2024-11-25,Completed,Partner,South
4060,2878,2024-09-29,Cancelled,Partner,South
4061,331,2024-07-29,Completed,Web,South
4062,1056,2024-12-01,Completed,Partner,North
4063,2942,2024-02-18,Completed,Partner,South
4064,1165,2025-08-19,Completed,Web,East
4065,2649,2025-04-03,Completed,Mobile,West
4066,2790,2024-09-08,Completed,Partner,West
4067,501,2024-03-23,Completed,Web,West
4068,698,2024-09-17,Completed,Mobile,East
4069,2985,2025-04-23,Completed,Partner,South
4070,2154,2026-05-09,Completed,Mobile,North
4071,382,2025-09-29,Completed,Mobile,South
4072,2053,2026-04-08,Completed,Mobile,North
4073,1175,2026-06-15,Completed,Partner,South
4074,493,2025-12-27,Completed,Partner,South
4075,1415,2024-01-26,Completed,Mobile,South
4076,1380,2026-07-09,Completed,Mobile,South
4077,1012,2025-02-05,Completed,Mobile,West
4078,2641,2024-08-25,Completed,Mobile,West
4079,365,2026-08-09,Completed,Partner,South
4080,2893,2025-01-06,Completed,Partner,South
4081,1320,2025-04-29,Completed,Mobile,South
4082,1269,2026-01-27,Completed,Mobile,South
4083,1671,2026-03-29,Pending,Partner,East
4084,1917,2024-07-15,Completed,Web,South
4085,1935,2025-07-05,Completed,Mobile,West
4086,2937,2024-11-16,Completed,Web,South
4087,1270,2025-02-12,Completed,Web,South
4088,1067,2024-04-03,Completed,Partner,West
4089,2363,2024-03-26,Completed,Web,South
4090,2776,2024-07-21,Completed,Web,South
4091,2535,2025-09-06,Cancelled,Partner,East
4092,1967,2026-08-15,Completed,Web,North
4093,946,2025-08-15,Completed,Web,South
4094,11,2025-09-02,Completed,Partner,North
4095,1696,2024-12-26,Completed,Partner,North
4096,1886,2026-07-18,Completed,Mobile,East
4097,331,2025-11-10,Cancelled,Partner,South
4098,1171,2025-10-01,Completed,Partner,South
4099,2512,2024-09-22,Completed,Partner,West
4100,217,2024-10-12,Pending,Mobile,North
4101,1513,2026-05-08,Completed,Partner,North
4102,119,2026-08-22,Completed,Partner,East
4103,2824,2024-04-03,Completed,Mobile,West
4104,1156,2026-08-10,Completed,Partner,East
4105,1508,2024-03-27,Completed,Web,West
4106,323,2024-05-29,Completed,Web,East
4107,1234,2026-03-02,Completed,Web,East
4108,1406,2024-02-19,Completed,Partner,South
4109,546,2024-08-17,Completed,Partner,East
4110,1154,2026-01-13,Completed,Partner,East
4111,2244,2025-05-24,Completed,Mobile,West
4112,1530,2024-11-24,Completed,Web,South
4113,138,2025-06-11,Completed,Web,East
4114,2078,2025-05-04,Completed,Web,West
4115,2252,2024-09-15,Completed,Mobile,North
4116,1552,2026-07-03,Completed,Partner,South
4117,2963,2024-07-21,Completed,Mobile,North
4118,139,2025-04-26,Completed,Web,East
4119,2650,2026-06-06,Pending,Web,North
4120,843,2025-09-06,Completed,Mobile,North
4121,1209,2025-06-08,Pending,Mobile,West
4122,573,2025-05-25,Completed,Web,South
4123,702,2024-07-12,Pending,Partner,East
4124,262,2024-08-03,Completed,Mobile,East
4125,2747,2024-05-06,Completed,Partner,West
4126,534,2026-04-19,Completed,Web,East
4127,1475,2026-04-07,Completed,Mobile,West
4128,2340,2025-02-03,Completed,Web,East
4129,2484,2025-02-08,Completed,Partner,North
4130,1066,2025-11-13,Completed,Mobile,West
4131,2940,2026-03-01,Completed,Partner,South
4132,1159,2025-07-20,Completed,Web,North
4133,821,2025-02-28,Completed,Web,North
4134,1880,2025-02-12,Completed,Partner,South
4135,87,2026-06-10,Completed,Mobile,South
4136,407,2024-12-31,Completed,Web,East
4137,462,2025-05-14,Completed,Partner,East
4138,142,2025-06-10,Completed,Web,East
4139,1531,2025-09-10,Completed,Partner,East
4140,246,2025-01-16,Completed,Partner,East
4141,760,2025-08-06,Completed,Mobile,North
4142,34,2024-09-11,Completed,Mobile,North
4143,1767,2025-06-28,Completed,Mobile,South
4144,1858,2025-07-30,Completed,Web,West
4145,570,2025-09-24,Completed,Mobile,West
4146,1842,2025-09-03,Completed,Web,South
4147,1896,2025-05-25,Completed,Partner,West
4148,1789,2025-06-01,Completed,Web,West
4149,2703,2026-07-27,Completed,Partner,West
4150,2649,2025-11-05,Completed,Web,West
4151,1181,2026-04-16,Completed,Web,North
4152,924,2025-11-03,Completed,Web,East
4153,975,2024-02-12,Completed,Partner,West
4154,2782,2025-08-01,Pending,Partner,North
4155,1963,2024-05-17,Completed,Mobile,East
4156,1457,2026-07-25,Completed,Web,North
4157,2200,2025-11-06,Completed,Web,North
4158,993,2026-03-22,Completed,Partner,East
4159,1708,2024-03-14,Completed,Partner,North
4160,2693,2026-07-17,Cancelled,Mobile,North
4161,345,2025-03-18,Completed,Partner,North
4162,1882,2024-04-12,Cancelled,Web,East
4163,1144,2026-07-14,Completed,Partner,North
4164,423,2025-07-29,Completed,Mobile,South
4165,2244,2025-12-11,Cancelled,Partner,West
4166,137,2025-09-18,Completed,Mobile,North
4167,2034,2024-06-01,Pending,Web,North
4168,2746,2024-09-26,Completed,Mobile,North
4169,161,2025-05-10,Completed,Mobile,West
4170,2990,2026-02-27,Cancelled,Mobile,North
4171,966,2024-03-07,Completed,Partner,South
4172,1008,2025-12-14,Completed,Web,East
4173,450,2026-06-22,Completed,Partner,South
4174,1017,2026-06-30,Completed,Web,North
4175,235,2024-03-11,Completed,Web,East
4176,2456,2025-09-09,Completed,Web,South
4177,17,2026-04-29,Completed,Partner,East
4178,1021,2025-05-15,Completed,Web,North
4179,2612,2024-07-11,Completed,Partner,East
4180,11,2026-05-08,Completed,Partner,North
4181,2967,2025-03-01,Completed,Partner,North
4182,2594,2024-09-25,Cancelled,Partner,North
4183,2685,2025-12-10,Cancelled,Web,South
4184,73,2026-08-14,Completed,Partner,North
4185,2554,2024-11-22,Completed,Mobile,North
4186,1940,2025-08-26,Completed,Mobile,West
4187,2788,2024-11-04,Completed,Partner,North
4188,2535,2026-08-15,Completed,Partner,East
4189,2065,2026-06-28,Completed,Partner,West
4190,1225,2024-05-21,Completed,Partner,North
4191,1146,2026-04-18,Completed,Partner,West
4192,1239,2024-11-30,Pending,Mobile,North
4193,1934,2026-01-07,Completed,Partner,East
4194,1311,2024-02-25,Completed,Web,West
4195,1515,2025-02-11,Completed,Partner,East
4196,678,2026-04-04,Completed,Web,North
4197,1767,2026-07-20,Completed,Mobile,South
4198,303,2026-02-20,Completed,Web,North
4199,1704,2026-04-15,Completed,Web,East
4200,1171,2024-11-08,Completed,Partner,South
4201,1244,2025-01-23,Completed,Partner,East
4202,999,2025-11-29,Completed,Web,East
4203,1497,2025-10-31,Completed,Partner,South
4204,1003,2024-05-06,Completed,Partner,West
4205,2368,2025-01-01,Completed,Web,West
4206,1831,2026-05-07,Completed,Mobile,North
4207,2328,2025-09-16,Completed,Mobile,North
4208,1286,2025-09-13,Completed,Partner,East
4209,2434,2024-01-20,Completed,Web,West
4210,1646,2024-10-04,Completed,Mobile,West
4211,778,2025-05-09,Completed,Mobile,South
4212,2638,2025-09-24,Completed,Mobile,East
4213,2052,2024-09-29,Pending,Mobile,South
4214,150,2025-12-27,Completed,Mobile,North
4215,135,2025-06-18,Completed,Partner,South
4216,1898,2025-08-23,Completed,Partner,South
4217,2433,2025-03-18,Completed,Mobile,South
4218,1925,2024-12-06,Completed,Web,North
4219,1860,2025-03-13,Completed,Mobile,West
4220,221,2024-10-24,Completed,Web,North
4221,2867,2024-12-29,Pending,Partner,East
4222,185,2026-07-18,Completed,Web,North
4223,2366,2025-06-06,Cancelled,Web,North
4224,1481,2026-03-07,Completed,Web,North
4225,240,2025-07-25,Cancelled,Web,West
4226,988,2024-11-10,Completed,Partner,North
4227,2989,2024-11-15,Completed,Partner,South
4228,952,2026-02-14,Completed,Partner,South
4229,153,2026-04-23,Completed,Mobile,East
4230,1944,2026-06-04,Completed,Web,South
4231,1510,2025-03-19,Completed,Partner,South
4232,1502,2025-08-20,Completed,Partner,West
4233,428,2025-04-13,Completed,Partner,East
4234,674,2025-08-23,Cancelled,Partner,South
4235,42,2025-07-12,Completed,Mobile,West
4236,421,2024-06-07,Completed,Web,East
4237,1513,2025-09-11,Completed,Partner,North
4238,2370,2025-12-07,Cancelled,Web,West
4239,631,2024-03-13,Completed,Web,South
4240,670,2025-05-04,Completed,Web,West
4241,2675,2024-07-21,Completed,Mobile,South
4242,271,2026-01-09,Completed,Mobile,South
4243,958,2025-09-09,Completed,Mobile,East
4244,672,2024-02-15,Completed,Mobile,West
4245,317,2025-11-30,Completed,Mobile,West
4246,2179,2024-10-01,Completed,Partner,North
4247,2292,2024-10-06,Completed,Mobile,East
4248,1183,2024-10-08,Completed,Partner,West
4249,2595,2024-09-16,Completed,Mobile,North
4250,1508,2024-10-31,Cancelled,Partner,West
4251,1215,2025-01-10,Completed,Mobile,West
4252,1516,2026-07-14,Completed,Web,West
4253,2918,2026-08-07,Completed,Partner,West
4254,734,2024-05-11,Completed,Mobile,South
4255,536,2025-01-01,Completed,Partner,North
4256,1489,2025-12-09,Completed,Web,East
4257,2589,2024-11-30,Completed,Partner,West
4258,1814,2026-04-13,Completed,Web,North
4259,2828,2026-01-15,Cancelled,Web,North
4260,1989,2024-11-27,Completed,Partner,West
4261,1104,2025-09-26,Completed,Web,East
4262,83,2025-01-24,Completed,Web,East
4263,2219,2024-08-22,Completed,Partner,North
4264,254,2026-06-12,Completed,Web,East
4265,2978,2024-11-06,Completed,Partner,East
4266,2756,2025-02-08,Completed,Partner,West
4267,2607,2026-07-16,Completed,Partner,West
4268,744,2025-04-10,Completed,Web,West
4269,1081,2025-11-11,Completed,Partner,South
4270,1164,2026-01-12,Completed,Mobile,North
4271,239,2025-10-28,Completed,Partner,South
4272,331,2025-04-10,Completed,Partner,South
4273,708,2026-07-22,Completed,Web,North
4274,1895,2025-12-23,Completed,Web,North
4275,281,2026-06-23,Completed,Mobile,East
4276,2503,2025-02-01,Completed,Web,North
4277,1729,2025-12-14,Pending,Web,East
4278,2404,2025-08-31,Completed,Web,North
4279,1581,2026-05-05,Pending,Partner,West
4280,2379,2025-03-25,Completed,Mobile,South
4281,994,2026-07-30,Completed,Web,North
4282,589,2025-05-11,Completed,Partner,West
4283,17,2024-03-23,Pending,Web,East
4284,1834,2024-06-27,Completed,Mobile,West
4285,36,2026-07-03,Completed,Partner,West
4286,2863,2025-09-07,Completed,Partner,North
4287,8,2025-04-27,Pending,Web,North
4288,1759,2024-07-25,Completed,Mobile,South
4289,277,2025-08-15,Completed,Web,West
4290,2326,2026-03-16,Completed,Partner,East
4291,366,2025-05-03,Completed,Web,East
4292,957,2024-11-30,Completed,Mobile,South
4293,39,2024-11-30,Completed,Mobile,North
4294,2843,2025-05-07,Completed,Web,West
4295,324,2025-03-30,Completed,Mobile,West
4296,2343,2024-01-01,Completed,Partner,North
4297,304,2026-07-16,Completed,Partner,East
4298,604,2025-05-18,Cancelled,Mobile,East
4299,1423,2026-03-25,Completed,Partner,West
4300,975,2024-02-10,Completed,Web,West
4301,826,2024-01-02,Completed,Web,South
4302,1812,2025-10-14,Completed,Web,East
4303,35,2026-07-01,Completed,Mobile,West
4304,1737,2024-12-24,Completed,Partner,West
4305,1305,2025-02-27,Completed,Web,East
4306,2365,2025-08-23,Completed,Partner,West
4307,569,2025-01-09,Completed,Mobile,South
4308,1877,2025-12-09,Completed,Partner,North
4309,270,2026-08-16,Completed,Partner,East
4310,652,2026-03-04,Completed,Web,East
4311,709,2026-05-16,Completed,Partner,North
4312,2717,2025-06-20,Completed,Partner,South
4313,1310,2025-07-16,Completed,Partner,North
4314,1143,2024-12-16,Completed,Partner,East
4315,726,2026-04-06,Completed,Web,West
4316,1480,2026-05-20,Completed,Partner,West
4317,333,2026-06-04,Completed,Web,North
4318,46,2026-08-14,Completed,Mobile,North
4319,1307,2024-06-06,Completed,Web,North
4320,1355,2025-07-24,Completed,Partner,North
4321,2078,2024-03-18,Completed,Mobile,West
4322,2371,2024-02-26,Cancelled,Web,North
4323,2671,2025-02-21,Completed,Mobile,South
4324,781,2024-06-14,Completed,Web,North
4325,598,2026-01-29,Completed,Mobile,West
4326,2500,2024-11-22,Completed,Partner,East
4327,2459,2024-08-10,Completed,Web,West
4328,952,2024-04-14,Completed,Partner,South
4329,2538,2025-02-25,Completed,Mobile,North
4330,607,2026-03-13,Completed,Web,East
4331,1597,2024-04-10,Completed,Mobile,North
4332,842,2026-04-06,Pending,Mobile,East
4333,1961,2026-07-21,Completed,Partner,East
4334,422,2025-11-17,Completed,Mobile,South
4335,530,2025-07-03,Completed,Partner,East
4336,1399,2024-06-29,Completed,Web,East
4337,2191,2025-02-13,Completed,Mobile,East
4338,2331,2024-05-27,Completed,Partner,West
4339,1775,2025-02-26,Completed,Partner,East
4340,2184,2025-10-17,Completed,Mobile,East
4341,1570,2025-04-29,Completed,Mobile,South
4342,112,2026-07-11,Completed,Web,South
4343,38,2024-01-12,Completed,Web,North
4344,2634,2025-02-07,Completed,Mobile,North
4345,1320,2024-10-04,Completed,Web,South
4346,2576,2024-04-02,Completed,Partner,North
4347,2039,2024-06-23,Completed,Mobile,South
4348,1760,2024-11-17,Completed,Web,West
4349,97,2024-08-25,Completed,Partner,South
4350,1908,2025-07-05,Completed,Partner,South
4351,1055,2024-05-27,Completed,Web,North
4352,981,2025-02-05,Completed,Mobile,North
4353,2544,2025-07-04,Completed,Partner,West
4354,89,2026-01-03,Completed,Mobile,East
4355,2997,2024-01-17,Completed,Web,South
4356,800,2026-01-29,Completed,Web,North
4357,78,2025-12-03,Completed,Partner,South
4358,261,2024-12-13,Completed,Partner,West
4359,86,2025-12-26,Completed,Partner,West
4360,2893,2024-09-11,Completed,Mobile,South
4361,1023,2026-02-12,Completed,Partner,East
4362,1765,2026-01-20,Completed,Web,North
4363,2961,2026-02-03,Completed,Partner,South
4364,2815,2024-10-04,Completed,Web,East
4365,1390,2026-01-27,Completed,Partner,East
4366,554,2026-07-26,Pending,Web,North
4367,1550,2026-06-23,Completed,Mobile,West
4368,2956,2025-06-08,Completed,Partner,South
4369,2291,2025-03-30,Completed,Mobile,East
4370,555,2024-01-28,Completed,Web,East
4371,1685,2025-10-09,Completed,Web,West
4372,2457,2024-06-27,Completed,Partner,West
4373,1108,2024-03-05,Completed,Mobile,South
4374,2477,2024-04-10,Completed,Web,South
4375,1771,2025-06-30,Completed,Web,South
4376,2318,2025-10-25,Completed,Partner,East
4377,2516,2025-03-23,Pending,Partner,South
4378,453,2025-09-27,Pending,Web,West
4379,730,2025-03-27,Completed,Mobile,North
4380,1197,2025-06-04,Cancelled,Mobile,South
4381,2454,2026-04-23,Completed,Mobile,East
4382,2613,2025-09-04,Pending,Web,North
4383,4,2026-05-07,Completed,Web,North
4384,1243,2026-07-01,Completed,Web,West
4385,1141,2024-06-16,Completed,Mobile,West
4386,2520,2024-11-25,Completed,Mobile,South
4387,2458,2025-11-22,Completed,Mobile,North
4388,1691,2024-09-03,Pending,Mobile,South
4389,2293,2026-04-15,Completed,Mobile,North
4390,1991,2025-12-24,Completed,Partner,South
4391,532,2025-01-16,Completed,Mobile,West
4392,2526,2025-04-15,Completed,Web,East
4393,2229,2025-09-09,Completed,Web,South
4394,1157,2026-01-26,Completed,Mobile,East
4395,2110,2024-02-05,Completed,Partner,North
4396,2919,2025-09-05,Completed,Web,North
4397,827,2024-02-11,Completed,Web,North
4398,2577,2024-11-19,Completed,Web,West
4399,877,2024-04-17,Cancelled,Mobile,North
4400,2489,2026-08-25,Completed,Web,North
4401,2985,2026-04-26,Completed,Web,South
4402,1977,2025-01-13,Completed,Partner,East
4403,549,2025-04-30,Completed,Partner,West
4404,2902,2025-10-28,Completed,Partner,South
4405,1713,2026-05-29,Completed,Web,West
4406,1186,2025-07-13,Cancelled,Web,West
4407,604,2026-05-21,Completed,Mobile,East
4408,637,2024-01-27,Cancelled,Partner,North
4409,2875,2026-07-16,Completed,Web,North
4410,2399,2025-11-26,Cancelled,Web,East
4411,2132,2025-06-23,Completed,Partner,East
4412,920,2025-10-14,Completed,Web,South
4413,1599,2025-10-12,Completed,Partner,North
4414,1395,2026-01-13,Completed,Web,South
4415,583,2026-04-16,Completed,Mobile,East
4416,1075,2025-09-04,Completed,Web,West
4417,1209,2025-09-20,Completed,Mobile,West
4418,1898,2026-05-30,Completed,Partner,South
4419,1060,2024-11-12,Completed,Web,North
4420,881,2025-12-06,Completed,Web,South
4421,2046,2026-05-19,Completed,Web,West
4422,2878,2025-02-10,Completed,Web,South
4423,1199,2025-02-08,Completed,Web,South
4424,1141,2025-12-03,Pending,Partner,West
4425,2331,2024-04-13,Completed,Mobile,West
4426,2874,2025-06-26,Completed,Mobile,East
4427,151,2024-07-20,Pending,Mobile,East
4428,1220,2025-09-28,Completed,Partner,North
4429,132,2025-08-29,Completed,Web,North
4430,991,2025-04-30,Completed,Partner,East
4431,2075,2026-02-17,Completed,Web,West
4432,2682,2024-10-31,Completed,Mobile,South
4433,2400,2024-01-15,Completed,Partner,North
4434,515,2026-03-03,Completed,Partner,North
4435,1097,2025-09-20,Completed,Partner,West
4436,1858,2025-02-15,Completed,Web,West
4437,2687,2025-02-17,Completed,Web,South
4438,876,2025-01-01,Completed,Partner,East
4439,1379,2025-12-12,Completed,Web,West
4440,593,2025-04-16,Completed,Partner,East
4441,1361,2025-03-05,Completed,Partner,South
4442,1932,2024-03-03,Completed,Mobile,West
4443,1306,2025-04-05,Completed,Web,South
4444,985,2024-10-10,Completed,Mobile,South
4445,1929,2026-06-22,Completed,Web,South
4446,1679,2024-02-21,Completed,Partner,North
4447,1693,2025-12-03,Completed,Mobile,North
4448,2519,2025-04-25,Completed,Partner,North
4449,2674,2025-07-13,Completed,Mobile,South
4450,2577,2026-07-12,Completed,Partner,West
4451,777,2026-04-30,Completed,Web,South
4452,1888,2024-08-22,Completed,Web,South
4453,1709,2024-08-25,Completed,Partner,South
4454,2668,2024-10-29,Completed,Partner,East
4455,1216,2024-09-27,Completed,Partner,North
4456,73,2025-09-01,Cancelled,Web,North
4457,1054,2024-06-18,Completed,Web,East
4458,866,2026-05-17,Completed,Partner,South
4459,2859,2025-01-23,Completed,Partner,North
4460,279,2025-01-14,Completed,Web,East
4461,2913,2025-07-08,Completed,Mobile,South
4462,1132,2025-04-28,Completed,Mobile,West
4463,1631,2024-08-17,Cancelled,Partner,East
4464,2356,2024-08-30,Completed,Web,East
4465,270,2024-04-30,Completed,Partner,East
4466,433,2026-07-20,Cancelled,Partner,North
4467,289,2025-11-05,Completed,Web,South
4468,1609,2024-10-25,Completed,Partner,East
4469,470,2026-08-09,Completed,Mobile,West
4470,1491,2025-08-11,Cancelled,Mobile,North
4471,2178,2024-02-21,Completed,Partner,East
4472,2478,2024-03-14,Completed,Mobile,East
4473,2827,2025-12-27,Completed,Web,West
4474,2569,2025-06-16,Completed,Web,South
4475,374,2024-06-10,Completed,Partner,East
4476,2612,2025-05-21,Completed,Mobile,East
4477,1275,2025-10-22,Completed,Partner,North
4478,1817,2025-01-18,Cancelled,Web,East
4479,194,2025-05-16,Completed,Partner,West
4480,2640,2025-08-25,Completed,Mobile,South
4481,764,2026-05-14,Completed,Partner,South
4482,1754,2025-10-13,Completed,Web,South
4483,2356,2024-07-22,Completed,Web,East
4484,675,2025-04-10,Completed,Web,South
4485,945,2026-08-10,Completed,Web,North
4486,1985,2026-05-15,Completed,Web,West
4487,1983,2025-02-12,Pending,Web,South
4488,2649,2025-07-28,Completed,Mobile,West
4489,870,2025-06-11,Pending,Partner,North
4490,1259,2024-12-21,Completed,Mobile,East
4491,2045,2025-02-05,Completed,Web,West
4492,2314,2026-01-24,Completed,Mobile,West
4493,2006,2026-06-10,Cancelled,Web,South
4494,313,2026-04-18,Completed,Web,North
4495,1744,2024-05-31,Completed,Web,North
4496,1839,2025-06-02,Completed,Mobile,South
4497,2033,2024-01-08,Completed,Web,South
4498,516,2024-08-02,Completed,Partner,East
4499,2588,2024-09-02,Completed,Partner,West
4500,209,2026-05-25,Completed,Mobile,North
4501,2909,2025-08-28,Completed,Partner,East
4502,2535,2025-10-24,Completed,Partner,East
4503,1692,2025-08-21,Completed,Partner,North
4504,2105,2024-08-09,Completed,Web,North
4505,172,2025-07-22,Completed,Web,North
4506,246,2024-02-03,Cancelled,Mobile,East
4507,1021,2024-04-21,Completed,Web,North
4508,898,2026-01-16,Cancelled,Partner,South
4509,948,2025-03-13,Completed,Partner,North
4510,2941,2024-01-27,Completed,Web,South
4511,1118,2025-03-28,Completed,Partner,North
4512,2848,2024-06-26,Completed,Web,South
4513,1415,2026-07-10,Completed,Partner,South
4514,941,2025-10-02,Completed,Partner,South
4515,2521,2025-04-28,Completed,Partner,East
4516,853,2026-02-16,Completed,Mobile,South
4517,58,2024-12-25,Completed,Partner,West
4518,1857,2025-05-31,Completed,Partner,South
4519,1116,2025-09-26,Completed,Partner,South
4520,2457,2025-10-15,Completed,Partner,West
4521,505,2024-04-25,Completed,Partner,South
4522,195,2026-06-13,Completed,Mobile,West
4523,240,2025-05-26,Completed,Mobile,West
4524,1856,2025-03-29,Completed,Partner,West
4525,1466,2025-07-10,Completed,Partner,East
4526,903,2024-05-10,Completed,Mobile,West
4527,2393,2026-04-21,Completed,Mobile,East
4528,2570,2024-08-11,Completed,Mobile,North
4529,279,2025-01-17,Completed,Web,East
4530,1282,2024-08-01,Completed,Web,West
4531,172,2025-01-21,Completed,Mobile,North
4532,1523,2025-12-19,Completed,Web,South
4533,732,2026-01-22,Completed,Partner,South
4534,2884,2025-02-04,Completed,Web,South
4535,963,2024-08-18,Completed,Mobile,East
4536,1993,2025-10-25,Completed,Mobile,South
4537,1451,2026-06-12,Completed,Partner,East
4538,2195,2025-12-23,Completed,Web,East
4539,1628,2026-06-04,Completed,Mobile,East
4540,104,2025-10-20,Pending,Mobile,South
4541,2112,2025-02-28,Completed,Partner,South
4542,1920,2024-10-23,Completed,Web,West
4543,2496,2025-07-04,Completed,Mobile,North
4544,2234,2024-09-08,Completed,Partner,West
4545,1574,2026-07-19,Completed,Mobile,East
4546,1360,2025-05-18,Completed,Web,North
4547,2218,2024-12-13,Completed,Mobile,East
4548,2247,2024-08-12,Completed,Partner,South
4549,2061,2026-05-09,Completed,Web,South
4550,789,2026-05-21,Completed,Mobile,East
4551,379,2026-05-12,Completed,Mobile,North
4552,73,2026-02-11,Completed,Web,North
4553,1537,2025-03-18,Completed,Web,North
4554,1719,2025-04-30,Completed,Mobile,North
4555,2159,2024-08-06,Cancelled,Web,South
4556,2358,2026-05-22,Completed,Web,West
4557,352,2025-04-29,Completed,Partner,East
4558,2296,2024-07-10,Completed,Mobile,East
4559,1503,2024-08-21,Completed,Mobile,North
4560,1194,2025-12-22,Completed,Partner,South
4561,1382,2024-06-07,Completed,Web,South
4562,2567,2026-06-08,Completed,Partner,South
4563,593,2024-03-04,Completed,Mobile,East
4564,2884,2024-07-27,Completed,Web,South
4565,1647,2024-11-07,Completed,Web,East
4566,247,2024-03-08,Completed,Partner,South
4567,405,2026-04-25,Pending,Partner,East
4568,1830,2025-11-26,Completed,Mobile,North
4569,2107,2024-09-01,Completed,Partner,West
4570,1696,2024-05-01,Completed,Partner,North
4571,1176,2024-10-31,Completed,Web,South
4572,2181,2025-02-27,Completed,Mobile,East
4573,1637,2024-05-27,Completed,Partner,North
4574,652,2024-04-27,Completed,Mobile,East
4575,1511,2024-07-26,Completed,Web,West
4576,2429,2025-05-07,Completed,Web,West
4577,696,2025-09-14,Completed,Partner,South
4578,66,2024-04-10,Completed,Mobile,South
4579,1935,2024-02-11,Completed,Mobile,West
4580,2517,2024-06-30,Completed,Partner,North
4581,737,2026-03-05,Completed,Web,East
4582,1168,2024-11-03,Completed,Web,North
4583,1574,2026-05-06,Completed,Partner,East
4584,1157,2025-06-16,Completed,Mobile,East
4585,1706,2026-02-27,Cancelled,Mobile,North
4586,210,2024-07-02,Completed,Web,East
4587,1701,2024-05-31,Completed,Mobile,North
4588,1233,2025-03-07,Completed,Web,West
4589,2867,2026-03-01,Completed,Partner,East
4590,1913,2024-08-23,Completed,Web,West
4591,2053,2025-12-11,Completed,Partner,North
4592,914,2024-07-14,Completed,Partner,West
4593,447,2026-05-24,Pending,Mobile,South
4594,2201,2025-11-12,Completed,Mobile,West
4595,2737,2025-03-28,Completed,Partner,North
4596,2999,2024-06-16,Completed,Partner,North
4597,1182,2024-02-03,Completed,Web,South
4598,1201,2026-05-10,Completed,Partner,North
4599,607,2025-09-30,Completed,Web,East
4600,1929,2025-12-01,Completed,Partner,South
4601,672,2025-11-22,Completed,Mobile,West
4602,1554,2026-03-30,Cancelled,Web,East
4603,2805,2025-05-21,Completed,Mobile,South
4604,647,2024-01-30,Completed,Mobile,East
4605,2676,2026-05-05,Completed,Web,North
4606,2713,2025-11-23,Completed,Partner,West
4607,2808,2024-09-19,Completed,Partner,East
4608,108,2024-03-05,Completed,Partner,North
4609,801,2025-06-01,Completed,Partner,North
4610,1032,2026-02-06,Completed,Mobile,West
4611,1966,2026-04-24,Completed,Partner,West
4612,1999,2026-07-25,Completed,Mobile,West
4613,875,2026-07-23,Completed,Web,South
4614,2698,2025-10-08,Completed,Mobile,West
4615,2627,2024-07-20,Completed,Mobile,North
4616,360,2024-02-13,Completed,Partner,North
4617,518,2026-03-11,Completed,Partner,South
4618,1211,2026-05-08,Completed,Web,North
4619,754,2025-03-07,Completed,Web,East
4620,765,2024-09-25,Completed,Partner,West
4621,2639,2026-08-22,Cancelled,Web,West
4622,2691,2025-03-14,Completed,Partner,North
4623,1139,2025-02-12,Completed,Web,West
4624,1633,2024-04-07,Completed,Web,East
4625,594,2026-01-09,Completed,Web,South
4626,830,2025-01-19,Completed,Web,South
4627,1366,2024-06-05,Completed,Mobile,South
4628,1203,2025-05-09,Completed,Partner,West
4629,1655,2024-10-12,Completed,Web,South
4630,2792,2024-04-16,Completed,Mobile,West
4631,2524,2025-02-07,Completed,Mobile,South
4632,517,2025-10-27,Completed,Web,East
4633,1178,2024-06-20,Pending,Partner,North
4634,2855,2026-06-19,Completed,Web,East
4635,1908,2025-03-21,Pending,Mobile,South
4636,518,2025-04-29,Completed,Partner,South
4637,2037,2024-04-17,Completed,Partner,East
4638,2201,2025-01-19,Completed,Mobile,West
4639,292,2025-08-01,Completed,Mobile,East
4640,816,2025-10-20,Completed,Web,South
4641,2145,2026-02-04,Cancelled,Web,North
4642,972,2026-02-06,Completed,Mobile,South
4643,422,2024-07-03,Completed,Web,South
4644,1815,2025-02-20,Completed,Web,South
4645,2333,2024-02-02,Completed,Web,South
4646,2919,2026-05-05,Completed,Mobile,North
4647,858,2025-11-09,Cancelled,Partner,West
4648,221,2024-08-20,Completed,Web,North
4649,1162,2024-06-02,Pending,Web,East
4650,2608,2025-02-22,Completed,Partner,North
4651,2595,2025-12-03,Completed,Mobile,North
4652,722,2025-08-04,Completed,Web,South
4653,312,2024-04-19,Completed,Web,West
4654,170,2026-04-05,Completed,Web,West
4655,431,2025-05-31,Cancelled,Mobile,North
4656,785,2025-12-02,Completed,Mobile,East
4657,757,2025-12-05,Cancelled,Web,South
4658,765,2024-11-18,Completed,Partner,West
4659,362,2024-01-30,Completed,Web,East
4660,826,2025-12-18,Completed,Mobile,South
4661,1724,2026-04-28,Completed,Partner,South
4662,2989,2025-05-18,Completed,Partner,South
4663,2300,2025-08-26,Completed,Partner,East
4664,1163,2024-05-31,Completed,Partner,South
4665,1657,2025-12-07,Completed,Partner,North
4666,2989,2024-02-22,Completed,Partner,South
4667,524,2024-09-16,Completed,Partner,South
4668,766,2025-04-05,Completed,Mobile,East
4669,1142,2025-07-11,Completed,Web,North
4670,285,2025-06-22,Cancelled,Web,South
4671,533,2024-05-22,Completed,Mobile,South
4672,2438,2024-11-20,Completed,Partner,West
4673,1123,2025-06-20,Completed,Mobile,East
4674,376,2025-07-29,Completed,Partner,West
4675,1329,2025-01-07,Completed,Web,South
4676,2370,2026-03-30,Completed,Mobile,West
4677,637,2025-02-09,Cancelled,Mobile,North
4678,2302,2026-08-04,Completed,Partner,North
4679,217,2025-12-15,Pending,Partner,North
4680,1924,2025-06-12,Completed,Mobile,East
4681,2904,2024-11-21,Completed,Web,East
4682,194,2026-08-16,Cancelled,Partner,West
4683,321,2024-04-11,Completed,Web,South
4684,677,2025-09-27,Pending,Mobile,West
4685,1643,2026-03-04,Completed,Web,South
4686,493,2026-02-03,Completed,Web,South
4687,427,2025-05-02,Completed,Web,East
4688,266,2024-01-04,Completed,Mobile,West
4689,743,2026-08-15,Completed,Web,South
4690,37,2026-07-11,Completed,Mobile,South
4691,1600,2025-06-13,Completed,Web,East
4692,2809,2026-07-18,Completed,Mobile,North
4693,2601,2025-05-25,Completed,Mobile,South
4694,765,2025-05-28,Completed,Mobile,West
4695,2954,2025-06-07,Cancelled,Mobile,West
4696,2038,2026-06-17,Completed,Partner,East
4697,2751,2024-11-08,Completed,Partner,West
4698,1875,2025-03-11,Completed,Partner,East
4699,2605,2025-01-26,Completed,Partner,South
4700,2096,2026-03-19,Completed,Partner,West
4701,2754,2024-10-16,Completed,Web,East
4702,845,2026-06-01,Completed,Mobile,East
4703,634,2026-02-02,Completed,Mobile,North
4704,2799,2025-12-27,Completed,Web,East
4705,1137,2025-04-17,Completed,Mobile,East
4706,2765,2026-05-21,Completed,Web,South
4707,1741,2024-12-01,Completed,Partner,West
4708,2064,2024-05-27,Cancelled,Mobile,East
4709,1286,2026-07-12,Completed,Partner,East
4710,1128,2025-04-11,Completed,Partner,North
4711,2600,2024-11-13,Completed,Partner,West
4712,1953,2026-05-11,Completed,Web,North
4713,2051,2026-05-17,Completed,Web,South
4714,2539,2024-08-21,Completed,Mobile,North
4715,2864,2026-01-02,Completed,Mobile,South
4716,2854,2024-05-05,Completed,Partner,East
4717,948,2024-06-22,Completed,Web,North
4718,2577,2024-07-04,Completed,Partner,West
4719,2167,2025-07-19,Completed,Partner,West
4720,181,2024-03-11,Completed,Mobile,West
4721,2040,2026-01-10,Completed,Mobile,South
4722,2468,2025-02-23,Completed,Mobile,East
4723,1742,2026-04-11,Completed,Web,West
4724,1144,2025-10-30,Cancelled,Mobile,North
4725,1161,2024-11-06,Completed,Partner,South
4726,1722,2024-08-22,Completed,Partner,West
4727,317,2024-06-25,Completed,Partner,West
4728,2690,2025-02-04,Completed,Web,North
4729,2501,2025-02-01,Completed,Partner,South
4730,2719,2026-03-22,Completed,Partner,North
4731,1428,2025-07-02,Completed,Web,North
4732,747,2025-08-07,Completed,Mobile,North
4733,1972,2024-02-23,Completed,Web,North
4734,548,2025-10-22,Completed,Web,South
4735,2504,2025-12-23,Completed,Mobile,East
4736,1986,2025-04-09,Completed,Partner,South
4737,1045,2024-01-24,Completed,Web,West
4738,1743,2024-02-26,Completed,Partner,North
4739,925,2025-12-16,Completed,Web,North
4740,425,2026-02-26,Completed,Web,South
4741,1785,2024-05-08,Pending,Web,North
4742,840,2026-04-23,Completed,Mobile,West
4743,2143,2024-10-05,Completed,Web,North
4744,2251,2025-10-07,Completed,Partner,South
4745,624,2025-07-12,Completed,Mobile,South
4746,2917,2024-04-03,Pending,Mobile,North
4747,2560,2024-08-19,Cancelled,Mobile,East
4748,2831,2024-01-21,Cancelled,Mobile,East
4749,616,2024-09-16,Pending,Partner,North
4750,470,2025-06-03,Completed,Partner,West
4751,912,2025-07-03,Completed,Web,East
4752,77,2025-07-06,Completed,Web,North
4753,2008,2026-06-20,Completed,Web,East
4754,1377,2026-01-12,Pending,Web,West
4755,1436,2025-02-03,Completed,Mobile,North
4756,504,2025-06-29,Completed,Mobile,South
4757,2205,2026-02-28,Completed,Web,North
4758,200,2024-05-22,Completed,Web,East
4759,135,2025-12-20,Completed,Web,South
4760,46,2024-11-07,Completed,Mobile,North
4761,1503,2025-10-31,Completed,Web,North
4762,1300,2025-06-24,Pending,Web,South
4763,2147,2024-11-11,Completed,Partner,North
4764,1774,2025-12-19,Completed,Partner,South
4765,579,2026-05-07,Completed,Mobile,West
4766,846,2026-07-17,Completed,Web,West
4767,2330,2024-05-14,Completed,Web,East
4768,1681,2025-07-20,Completed,Web,North
4769,747,2026-01-26,Completed,Mobile,North
4770,577,2026-03-22,Completed,Mobile,South
4771,396,2026-07-17,Completed,Partner,South
4772,92,2024-03-14,Completed,Mobile,North
4773,204,2024-06-23,Cancelled,Web,North
4774,279,2024-05-15,Pending,Web,East
4775,117,2025-12-19,Pending,Partner,East
4776,1384,2025-04-09,Completed,Partner,North
4777,1218,2024-12-25,Completed,Web,South
4778,847,2025-07-12,Cancelled,Web,West
4779,1444,2025-08-25,Completed,Partner,South
4780,2233,2025-10-21,Completed,Mobile,East
4781,2564,2026-01-23,Completed,Partner,West
4782,1134,2025-09-19,Completed,Web,South
4783,1957,2025-09-10,Completed,Web,North
4784,2547,2025-10-04,Pending,Partner,South
4785,480,2025-04-29,Completed,Mobile,West
4786,1876,2024-08-12,Completed,Web,West
4787,428,2024-09-12,Completed,Web,East
4788,430,2025-11-25,Completed,Web,East
4789,1190,2024-09-27,Completed,Partner,East
4790,1202,2026-07-30,Completed,Web,East
4791,1851,2024-03-27,Completed,Web,East
4792,1150,2024-07-23,Completed,Partner,West
4793,649,2025-12-15,Completed,Partner,North
4794,904,2025-10-20,Completed,Partner,South
4795,2766,2025-07-29,Cancelled,Web,North
4796,2433,2025-10-01,Completed,Partner,South
4797,1372,2026-04-20,Cancelled,Partner,West
4798,2554,2025-11-25,Completed,Web,North
4799,2950,2026-04-16,Completed,Partner,South
4800,1814,2024-01-24,Completed,Partner,North
4801,1594,2024-02-12,Completed,Mobile,West
4802,1813,2024-07-30,Cancelled,Mobile,South
4803,1313,2024-06-03,Completed,Web,South
4804,669,2025-05-14,Completed,Partner,South
4805,1752,2025-10-24,Completed,Partner,North
4806,1890,2024-10-28,Completed,Partner,East
4807,1748,2026-04-11,Completed,Mobile,North
4808,616,2025-07-21,Completed,Partner,North
4809,1348,2024-03-29,Completed,Partner,East
4810,1100,2024-12-27,Cancelled,Mobile,South
4811,245,2025-01-07,Completed,Partner,North
4812,1969,2024-03-13,Pending,Web,South
4813,2533,2026-04-14,Completed,Partner,East
4814,2605,2024-05-15,Completed,Web,South
4815,1632,2025-01-21,Completed,Mobile,East
4816,2146,2026-05-11,Completed,Partner,North
4817,2565,2024-01-22,Cancelled,Web,South
4818,554,2024-08-09,Completed,Mobile,North
4819,2990,2024-09-01,Completed,Partner,North
4820,731,2024-04-29,Completed,Partner,North
4821,2687,2025-07-07,Completed,Mobile,South
4822,2154,2024-01-08,Completed,Mobile,North
4823,797,2025-10-17,Pending,Mobile,East
4824,1058,2025-07-01,Completed,Web,North
4825,1434,2024-03-20,Completed,Web,North
4826,1427,2024-10-09,Completed,Mobile,North
4827,1901,2026-01-23,Completed,Web,West
4828,420,2024-08-07,Completed,Partner,East
4829,839,2024-02-04,Completed,Web,West
4830,2319,2024-07-27,Completed,Partner,North
4831,898,2024-03-30,Completed,Partner,South
4832,1686,2026-05-25,Completed,Mobile,West
4833,1838,2026-03-17,Pending,Mobile,North
4834,2848,2026-05-30,Completed,Web,South
4835,2532,2024-06-09,Cancelled,Web,North
4836,2217,2024-12-20,Completed,Mobile,West
4837,1218,2024-03-25,Completed,Web,South
4838,2353,2025-05-31,Completed,Web,North
4839,450,2026-08-18,Completed,Partner,South
4840,598,2024-08-23,Completed,Web,West
4841,1615,2025-01-23,Completed,Web,North
4842,1346,2025-01-08,Completed,Partner,South
4843,2982,2025-06-09,Completed,Partner,East
4844,2903,2025-12-10,Completed,Web,South
4845,1103,2026-04-07,Completed,Partner,West
4846,1066,2026-03-06,Completed,Partner,West
4847,2709,2024-12-20,Completed,Partner,West
4848,483,2024-01-31,Completed,Mobile,North
4849,825,2026-02-17,Completed,Mobile,South
4850,671,2026-07-18,Completed,Web,West
4851,2169,2026-04-24,Completed,Partner,North
4852,1592,2025-02-21,Completed,Partner,North
4853,2649,2024-12-23,Completed,Mobile,West
4854,1580,2025-01-25,Completed,Partner,West
4855,348,2024-08-06,Completed,Partner,South
4856,1407,2024-11-14,Completed,Mobile,East
4857,1485,2025-06-13,Completed,Web,South
4858,381,2026-07-18,Completed,Web,West
4859,2141,2024-11-02,Completed,Mobile,South
4860,438,2024-10-28,Completed,Partner,North
4861,1391,2025-04-06,Cancelled,Partner,East
4862,2416,2025-01-07,Completed,Partner,North
4863,1773,2026-01-07,Completed,Mobile,West
4864,2421,2025-01-29,Completed,Mobile,North
4865,1276,2024-04-19,Completed,Partner,West
4866,2220,2025-03-27,Completed,Web,South
4867,784,2024-08-20,Completed,Mobile,East
4868,1975,2025-07-26,Completed,Mobile,North
4869,954,2026-01-04,Completed,Web,West
4870,1006,2025-10-19,Completed,Partner,South
4871,17,2025-11-08,Completed,Web,East
4872,187,2026-02-13,Completed,Web,West
4873,2643,2025-12-18,Completed,Partner,West
4874,1226,2024-01-07,Completed,Partner,North
4875,993,2025-11-30,Completed,Partner,East
4876,250,2025-10-11,Completed,Web,East
4877,1659,2024-09-10,Completed,Mobile,North
4878,758,2026-01-19,Cancelled,Partner,East
4879,1199,2024-08-09,Cancelled,Web,South
4880,973,2025-10-26,Completed,Partner,West
4881,2035,2025-08-15,Completed,Partner,South
4882,1993,2024-02-26,Completed,Mobile,South
4883,540,2024-11-16,Completed,Mobile,South
4884,1111,2026-06-23,Completed,Partner,East
4885,445,2024-12-13,Completed,Mobile,West
4886,1647,2026-08-21,Completed,Mobile,East
4887,1489,2025-05-11,Cancelled,Mobile,East
4888,1213,2025-09-22,Completed,Web,North
4889,2718,2024-02-03,Completed,Web,North
4890,2222,2024-01-19,Completed,Mobile,South
4891,356,2025-07-06,Completed,Mobile,West
4892,564,2026-03-11,Completed,Mobile,East
4893,438,2024-10-26,Completed,Partner,North
4894,362,2025-03-13,Completed,Partner,East
4895,2944,2024-10-05,Completed,Partner,South
4896,2300,2025-05-27,Pending,Web,East
4897,58,2025-03-26,Completed,Mobile,West
4898,2517,2026-08-13,Completed,Web,North
4899,1818,2024-07-02,Completed,Partner,North
4900,2947,2024-08-16,Completed,Partner,West
4901,2783,2026-01-08,Completed,Mobile,West
4902,2905,2026-01-07,Completed,Partner,East
4903,814,2026-02-23,Completed,Partner,East
4904,1537,2025-06-07,Completed,Web,North
4905,1143,2026-04-10,Cancelled,Web,East
4906,154,2025-08-13,Completed,Mobile,South
4907,240,2025-04-02,Completed,Partner,West
4908,186,2026-06-03,Completed,Mobile,North
4909,1815,2024-07-12,Completed,Web,South
4910,2502,2024-05-08,Completed,Partner,East
4911,181,2025-12-27,Completed,Partner,West
4912,1001,2024-10-29,Completed,Partner,North
4913,1546,2024-10-10,Completed,Partner,North
4914,591,2025-10-26,Completed,Mobile,West
4915,2708,2025-01-31,Completed,Web,South
4916,2062,2024-05-16,Completed,Partner,North
4917,622,2026-01-06,Completed,Partner,West
4918,1086,2024-06-01,Cancelled,Web,North
4919,240,2025-06-22,Completed,Partner,West
4920,373,2024-11-16,Completed,Web,West
4921,1070,2024-05-29,Completed,Mobile,North
4922,823,2024-09-15,Completed,Mobile,West
4923,732,2026-01-07,Completed,Mobile,South
4924,2811,2026-06-02,Completed,Web,South
4925,1506,2026-03-21,Completed,Web,North
4926,1589,2025-10-13,Pending,Web,West
4927,762,2026-01-14,Completed,Mobile,South
4928,478,2024-06-17,Completed,Partner,East
4929,2998,2025-07-28,Completed,Mobile,South
4930,2513,2024-03-14,Completed,Partner,South
4931,1404,2026-03-18,Completed,Mobile,North
4932,1556,2025-06-11,Completed,Partner,East
4933,345,2025-07-22,Completed,Mobile,North
4934,1227,2025-04-20,Completed,Mobile,West
4935,4,2026-05-25,Completed,Partner,North
4936,722,2026-06-01,Completed,Web,South
4937,1469,2025-06-26,Cancelled,Web,East
4938,1935,2026-03-25,Completed,Web,West
4939,2358,2025-03-06,Completed,Partner,West
4940,1932,2026-04-22,Completed,Mobile,West
4941,72,2025-11-16,Completed,Mobile,North
4942,2239,2025-02-17,Cancelled,Web,South
4943,139,2026-05-14,Completed,Web,East
4944,408,2026-02-27,Cancelled,Web,South
4945,1469,2024-03-03,Completed,Mobile,East
4946,1271,2025-04-28,Pending,Partner,East
4947,1028,2026-06-23,Completed,Mobile,South
4948,1994,2025-09-20,Completed,Web,East
4949,720,2024-05-06,Completed,Partner,West
4950,477,2024-05-01,Completed,Partner,North
4951,79,2025-05-27,Completed,Mobile,West
4952,1615,2026-06-14,Completed,Mobile,North
4953,916,2025-04-16,Completed,Mobile,East
4954,1250,2025-08-28,Pending,Web,North
4955,968,2024-06-26,Completed,Web,East
4956,353,2026-04-12,Completed,Partner,South
4957,817,2024-05-22,Completed,Mobile,West
4958,912,2024-10-02,Completed,Partner,East
4959,222,2024-01-29,Completed,Mobile,West
4960,2692,2024-04-24,Completed,Web,South
4961,275,2026-06-29,Completed,Partner,West
4962,869,2024-01-08,Cancelled,Partner,West
4963,1227,2024-08-14,Completed,Mobile,West
4964,2284,2025-03-24,Cancelled,Mobile,North
4965,2213,2025-02-25,Completed,Web,South
4966,1766,2024-07-26,Completed,Web,West
4967,1181,2025-08-26,Pending,Partner,North
4968,233,2025-08-25,Completed,Web,West
4969,2996,2026-03-18,Completed,Mobile,North
4970,1805,2026-04-05,Completed,Mobile,South
4971,1290,2025-08-10,Completed,Web,East
4972,107,2024-08-30,Completed,Web,South
4973,1200,2024-06-11,Completed,Mobile,North
4974,1749,2025-12-24,Completed,Partner,South
4975,774,2025-02-17,Completed,Partner,West
4976,2063,2024-01-29,Completed,Web,East
4977,2290,2026-03-04,Completed,Web,East
4978,747,2025-01-07,Completed,Partner,North
4979,293,2025-09-23,Completed,Mobile,East
4980,2587,2024-09-10,Pending,Partner,East
4981,963,2024-05-31,Completed,Mobile,East
4982,2679,2025-03-05,Completed,Web,North
4983,1943,2024-05-29,Completed,Web,East
4984,1605,2026-04-01,Completed,Mobile,East
4985,2314,2026-01-26,Completed,Web,West
4986,218,2024-01-09,Completed,Web,North
4987,304,2025-09-21,Completed,Partner,East
4988,2498,2024-11-24,Completed,Web,North
4989,2064,2025-05-25,Completed,Partner,East
4990,2069,2026-08-21,Completed,Partner,East
4991,1239,2024-03-11,Pending,Web,North
4992,2760,2026-08-06,Completed,Web,South
4993,572,2024-02-13,Completed,Web,West
4994,1262,2026-02-10,Completed,Mobile,East
4995,2560,2025-07-07,Completed,Mobile,East
4996,2598,2025-01-02,Completed,Web,North
4997,1189,2025-04-13,Completed,Partner,East
4998,1012,2025-03-16,Completed,Mobile,West
4999,502,2024-08-11,Completed,Partner,South
5000,610,2025-02-06,Cancelled,Mobile,North
5001,225,2025-04-02,Completed,Mobile,East
5002,2684,2026-04-20,Completed,Mobile,West
5003,867,2025-07-31,Completed,Mobile,South
5004,309,2024-04-29,Completed,Mobile,South
5005,2611,2024-12-05,Completed,Web,South
5006,171,2024-02-27,Cancelled,Partner,South
5007,2348,2025-04-08,Pending,Web,East
5008,2178,2025-01-10,Completed,Mobile,East
5009,539,2026-04-16,Completed,Web,West
5010,927,2024-08-15,Completed,Partner,North
5011,2749,2025-08-23,Completed,Partner,West
5012,2847,2024-04-29,Completed,Web,North
5013,2766,2025-03-19,Completed,Partner,North
5014,2476,2024-02-07,Completed,Web,North
5015,440,2024-11-14,Completed,Partner,East
5016,871,2024-12-27,Completed,Mobile,East
5017,1124,2025-02-20,Completed,Mobile,East
5018,2586,2024-10-01,Completed,Web,North
5019,1713,2026-06-27,Completed,Partner,West
5020,1648,2026-08-24,Completed,Mobile,South
5021,293,2024-09-15,Completed,Web,East
5022,2192,2024-04-24,Completed,Partner,South
5023,720,2025-01-11,Completed,Mobile,West
5024,2003,2026-02-12,Completed,Web,North
5025,2504,2024-05-24,Completed,Mobile,East
5026,1784,2025-03-20,Completed,Mobile,South
5027,26,2024-01-24,Completed,Mobile,West
5028,2613,2025-03-05,Completed,Web,North
5029,67,2024-11-13,Completed,Web,East
5030,2244,2025-03-12,Completed,Mobile,West
5031,2094,2025-04-02,Completed,Mobile,South
5032,2137,2024-08-23,Cancelled,Web,West
5033,96,2024-03-15,Completed,Web,West
5034,2946,2025-10-03,Completed,Partner,North
5035,809,2025-05-12,Completed,Web,West
5036,2304,2025-07-09,Completed,Mobile,South
5037,1903,2025-04-27,Pending,Web,South
5038,2546,2024-10-01,Completed,Partner,West
5039,1939,2026-02-12,Completed,Mobile,West
5040,1332,2024-07-18,Cancelled,Web,West
5041,2097,2024-11-10,Completed,Partner,North
5042,1644,2024-11-10,Pending,Web,North
5043,2173,2024-03-18,Cancelled,Mobile,East
5044,2435,2025-08-16,Completed,Mobile,West
5045,1726,2026-06-25,Completed,Partner,East
5046,496,2024-01-25,Pending,Partner,North
5047,2491,2024-03-30,Cancelled,Partner,East
5048,2456,2026-08-15,Completed,Partner,South
5049,581,2024-10-11,Completed,Mobile,South
5050,769,2025-06-13,Completed,Mobile,West
5051,2834,2026-08-04,Completed,Web,East
5052,1916,2025-02-08,Completed,Mobile,East
5053,839,2026-08-20,Completed,Mobile,West
5054,1511,2026-04-02,Completed,Mobile,West
5055,2824,2026-08-07,Completed,Web,West
5056,512,2025-12-05,Completed,Partner,East
5057,1391,2025-07-21,Completed,Mobile,East
5058,122,2026-07-20,Completed,Partner,West
5059,1089,2026-07-30,Completed,Web,North
5060,2737,2024-09-22,Completed,Mobile,North
5061,610,2024-02-02,Completed,Partner,North
5062,2065,2024-02-12,Completed,Web,West
5063,1511,2025-09-26,Completed,Web,West
5064,1514,2024-04-18,Completed,Partner,West
5065,2778,2024-03-18,Completed,Web,East
5066,801,2024-11-10,Completed,Web,North
5067,480,2026-01-09,Completed,Mobile,West
5068,2559,2025-04-05,Completed,Partner,East
5069,1430,2024-10-15,Completed,Mobile,East
5070,2421,2025-01-27,Pending,Partner,North
5071,1070,2024-03-12,Completed,Partner,North
5072,767,2026-06-26,Completed,Partner,South
5073,1749,2025-12-24,Completed,Mobile,South
5074,144,2026-02-20,Completed,Mobile,West
5075,1803,2024-09-11,Completed,Mobile,South
5076,929,2025-01-27,Completed,Mobile,East
5077,1126,2025-02-03,Completed,Mobile,West
5078,806,2024-09-23,Completed,Partner,North
5079,1728,2024-02-12,Completed,Mobile,East
5080,2987,2025-11-06,Completed,Web,South
5081,226,2026-07-31,Completed,Partner,East
5082,592,2025-12-13,Completed,Partner,West
5083,1948,2025-09-20,Completed,Partner,South
5084,1916,2025-01-14,Completed,Mobile,East
5085,779,2024-11-24,Completed,Partner,East
5086,826,2024-02-01,Completed,Partner,South
5087,2589,2025-10-08,Completed,Web,West
5088,854,2024-08-30,Cancelled,Mobile,East
5089,953,2026-02-19,Completed,Web,West
5090,748,2026-03-26,Cancelled,Mobile,West
5091,814,2026-02-07,Completed,Web,East
5092,1615,2025-10-10,Completed,Mobile,North
5093,1850,2026-06-13,Cancelled,Mobile,East
5094,198,2026-01-15,Completed,Partner,North
5095,148,2025-09-02,Pending,Web,East
5096,285,2025-11-28,Completed,Web,South
5097,949,2024-01-01,Completed,Web,North
5098,279,2024-08-10,Completed,Mobile,East
5099,1272,2024-02-01,Completed,Web,South
5100,2370,2024-10-25,Completed,Web,West
5101,1128,2024-11-04,Completed,Partner,North
5102,668,2024-10-12,Completed,Mobile,North
5103,2976,2026-04-13,Completed,Partner,South
5104,2486,2026-02-13,Completed,Web,South
5105,1190,2026-02-05,Completed,Mobile,East
5106,433,2026-03-12,Cancelled,Mobile,North
5107,642,2024-04-03,Completed,Web,South
5108,2019,2024-08-28,Completed,Partner,North
5109,1112,2025-10-20,Completed,Mobile,North
5110,670,2026-02-11,Completed,Partner,West
5111,1281,2024-07-19,Pending,Mobile,West
5112,1460,2024-03-19,Completed,Mobile,East
5113,2848,2026-01-11,Completed,Mobile,South
5114,2164,2026-05-12,Pending,Partner,West
5115,2237,2025-01-13,Completed,Web,North
5116,2828,2024-02-12,Completed,Web,North
5117,439,2024-12-09,Completed,Mobile,North
5118,769,2024-03-12,Cancelled,Partner,West
5119,2397,2024-10-30,Completed,Mobile,West
5120,1442,2026-02-06,Pending,Web,East
5121,653,2025-11-22,Completed,Mobile,North
5122,944,2025-08-31,Cancelled,Mobile,South
5123,625,2024-05-18,Completed,Mobile,South
5124,1608,2025-02-12,Cancelled,Web,West
5125,473,2025-04-26,Completed,Mobile,East
5126,739,2025-02-01,Completed,Mobile,North
5127,1904,2024-06-02,Cancelled,Web,South
5128,2850,2025-10-06,Pending,Mobile,South
5129,841,2025-06-28,Completed,Web,North
5130,1253,2025-07-10,Completed,Partner,West
5131,2756,2025-12-10,Completed,Mobile,West
5132,1350,2025-08-29,Completed,Web,South
5133,2061,2026-08-20,Completed,Partner,South
5134,1307,2026-03-24,Completed,Mobile,North
5135,1327,2026-01-19,Completed,Web,North
5136,819,2025-10-20,Completed,Partner,West
5137,1413,2025-12-22,Completed,Partner,North
5138,443,2026-04-09,Cancelled,Mobile,North
5139,1338,2025-04-14,Completed,Mobile,West
5140,2518,2025-05-08,Completed,Partner,South
5141,2362,2026-04-08,Completed,Mobile,South
5142,1253,2024-11-11,Completed,Web,West
5143,1770,2024-09-26,Completed,Partner,South
5144,493,2025-07-03,Completed,Partner,South
5145,1538,2026-02-11,Completed,Mobile,South
5146,2361,2025-07-24,Completed,Web,West
5147,2073,2025-04-30,Completed,Mobile,West
5148,2976,2025-08-09,Completed,Partner,South
5149,422,2026-02-11,Completed,Web,South
5150,748,2025-07-02,Completed,Partner,West
5151,1970,2026-04-13,Completed,Web,West
5152,2677,2024-03-21,Completed,Mobile,West
5153,278,2024-01-30,Cancelled,Mobile,North
5154,2260,2026-03-08,Completed,Partner,South
5155,1090,2025-12-05,Cancelled,Mobile,East
5156,299,2025-10-28,Completed,Mobile,East
5157,1632,2024-07-26,Completed,Mobile,East
5158,2717,2024-07-24,Pending,Partner,South
5159,2880,2025-01-25,Cancelled,Web,South
5160,1611,2025-02-05,Completed,Web,South
5161,530,2025-03-12,Completed,Mobile,East
5162,1253,2024-05-13,Completed,Partner,West
5163,1080,2025-01-23,Completed,Partner,South
5164,1599,2026-06-06,Completed,Web,North
5165,414,2025-09-01,Completed,Web,South
5166,1080,2026-06-22,Completed,Mobile,South
5167,967,2024-05-30,Completed,Partner,East
5168,183,2026-03-03,Completed,Mobile,South
5169,2771,2026-05-24,Completed,Mobile,South
5170,339,2025-08-31,Completed,Partner,South
5171,1560,2024-12-09,Completed,Web,East
5172,2090,2024-02-28,Completed,Web,South
5173,2887,2025-11-02,Completed,Mobile,East
5174,2423,2024-03-18,Completed,Mobile,North
5175,1908,2024-07-13,Pending,Partner,South
5176,2394,2025-06-13,Completed,Partner,South
5177,576,2025-09-18,Completed,Partner,West
5178,157,2026-01-11,Completed,Web,North
5179,1454,2025-06-01,Completed,Mobile,West
5180,2755,2024-01-05,Cancelled,Partner,East
5181,1729,2025-04-07,Completed,Partner,East
5182,2674,2026-02-08,Completed,Mobile,South
5183,2620,2025-04-11,Completed,Partner,South
5184,1224,2024-01-24,Completed,Mobile,West
5185,2098,2026-01-10,Completed,Web,South
5186,1252,2026-04-12,Completed,Partner,South
5187,810,2026-02-12,Pending,Partner,East
5188,2853,2025-01-08,Completed,Partner,East
5189,633,2024-03-21,Completed,Partner,West
5190,2053,2026-08-12,Completed,Mobile,North
5191,1092,2024-08-22,Completed,Partner,West
5192,1619,2024-07-15,Completed,Web,West
5193,2426,2024-10-30,Completed,Mobile,West
5194,1929,2025-07-28,Pending,Partner,South
5195,1686,2025-02-17,Completed,Web,West
5196,285,2024-10-10,Completed,Web,South
5197,2151,2024-12-07,Completed,Mobile,West
5198,1998,2024-06-11,Pending,Mobile,South
5199,1805,2025-10-04,Completed,Partner,South
5200,1208,2026-07-08,Completed,Web,West
5201,252,2026-02-05,Completed,Web,West
5202,736,2024-05-01,Completed,Mobile,North
5203,1436,2026-06-02,Completed,Web,North
5204,1026,2026-03-15,Cancelled,Mobile,East
5205,2704,2025-01-13,Completed,Mobile,North
5206,904,2024-01-20,Completed,Mobile,South
5207,541,2026-05-13,Completed,Web,South
5208,2121,2025-08-27,Completed,Mobile,South
5209,134,2025-06-10,Completed,Partner,East
5210,1698,2024-02-14,Completed,Mobile,North
5211,2076,2025-10-11,Completed,Web,North
5212,2592,2024-10-03,Completed,Web,West
5213,199,2026-02-16,Completed,Web,East
5214,1157,2025-07-04,Completed,Mobile,East
5215,2142,2025-09-06,Completed,Partner,West
5216,1467,2024-09-27,Completed,Partner,East
5217,2139,2026-05-14,Completed,Web,East
5218,2304,2026-08-03,Completed,Mobile,South
5219,535,2026-01-24,Completed,Web,North
5220,460,2025-12-18,Completed,Mobile,South
5221,2418,2026-08-08,Completed,Web,North
5222,1368,2024-09-28,Cancelled,Web,South
5223,1630,2025-05-10,Completed,Partner,East
5224,1810,2025-12-15,Completed,Partner,East
5225,1807,2025-09-30,Completed,Mobile,North
5226,522,2024-08-06,Completed,Partner,East
5227,2483,2026-04-06,Completed,Mobile,West
5228,2204,2025-10-27,Completed,Partner,South
5229,1822,2026-06-27,Completed,Web,South
5230,916,2024-11-18,Completed,Mobile,East
5231,410,2024-04-18,Cancelled,Mobile,South
5232,523,2026-07-20,Completed,Web,West
5233,901,2026-01-04,Completed,Web,North
5234,1000,2026-07-26,Completed,Mobile,North
5235,459,2025-07-06,Completed,Web,South
5236,372,2026-05-05,Completed,Mobile,West
5237,1167,2025-09-07,Completed,Web,North
5238,2358,2024-06-07,Completed,Partner,West
5239,1987,2026-01-12,Completed,Mobile,West
5240,1130,2025-02-27,Completed,Web,South
5241,473,2024-05-16,Completed,Mobile,East
5242,2954,2025-03-19,Completed,Web,West
5243,1127,2025-09-10,Completed,Partner,North
5244,1693,2024-04-16,Completed,Mobile,North
5245,1462,2025-01-23,Completed,Partner,South
5246,1935,2024-12-14,Completed,Partner,West
5247,843,2024-06-02,Completed,Web,North
5248,1502,2026-06-06,Cancelled,Web,West
5249,1958,2025-02-23,Completed,Web,East
5250,8,2025-05-09,Completed,Web,North
5251,411,2024-05-03,Completed,Partner,East
5252,1479,2026-07-23,Completed,Partner,East
5253,282,2024-12-22,Completed,Web,West
5254,2905,2024-09-13,Completed,Mobile,East
5255,967,2025-03-25,Completed,Partner,East
5256,602,2026-08-25,Pending,Web,West
5257,1209,2024-07-08,Completed,Mobile,West
5258,1257,2026-03-06,Completed,Web,East
5259,1938,2026-06-13,Completed,Web,North
5260,962,2025-01-11,Pending,Web,East
5261,1349,2025-06-08,Completed,Mobile,North
5262,1802,2026-05-23,Completed,Partner,North
5263,2622,2025-03-16,Completed,Partner,East
5264,2763,2025-06-30,Completed,Mobile,North
5265,1054,2024-06-25,Completed,Partner,East
5266,1643,2025-06-20,Completed,Mobile,South
5267,1525,2026-05-28,Completed,Partner,South
5268,2962,2026-04-16,Completed,Web,East
5269,738,2024-10-06,Completed,Partner,East
5270,1840,2024-03-15,Completed,Partner,North
5271,1492,2026-02-08,Completed,Mobile,East
5272,1213,2024-05-04,Completed,Partner,North
5273,2279,2025-05-16,Completed,Partner,South
5274,1449,2025-01-01,Completed,Web,West
5275,916,2025-11-30,Completed,Partner,East
5276,2109,2026-05-12,Completed,Mobile,East
5277,1797,2024-11-30,Completed,Partner,West
5278,1150,2024-08-10,Completed,Web,West
5279,2899,2024-08-07,Completed,Mobile,East
5280,2466,2026-01-22,Completed,Partner,East
5281,1499,2025-03-11,Cancelled,Web,South
5282,1321,2024-06-13,Completed,Web,West
5283,2690,2025-07-26,Cancelled,Partner,North
5284,2291,2024-11-13,Completed,Partner,East
5285,1979,2026-06-29,Cancelled,Web,West
5286,1114,2025-01-07,Completed,Web,North
5287,2790,2026-05-04,Completed,Partner,West
5288,1180,2024-07-12,Completed,Mobile,North
5289,1687,2025-07-28,Completed,Partner,North
5290,1161,2024-10-02,Completed,Partner,South
5291,2484,2024-01-07,Completed,Partner,North
5292,879,2024-04-07,Completed,Partner,North
5293,676,2024-07-06,Completed,Partner,South
5294,1991,2024-10-25,Completed,Web,South
5295,2372,2026-02-16,Completed,Partner,South
5296,828,2025-06-23,Completed,Web,North
5297,1154,2026-04-20,Completed,Mobile,East
5298,49,2025-08-15,Completed,Mobile,South
5299,2951,2026-02-16,Completed,Mobile,South
5300,113,2025-01-31,Completed,Web,East
5301,1995,2025-01-18,Pending,Web,West
5302,2607,2024-06-14,Completed,Web,West
5303,1674,2026-03-02,Completed,Partner,North
5304,1608,2024-12-22,Cancelled,Mobile,West
5305,1888,2024-10-06,Completed,Web,South
5306,1854,2024-07-22,Completed,Mobile,East
5307,2341,2026-01-12,Completed,Web,West
5308,1044,2025-03-19,Completed,Mobile,East
5309,201,2025-06-20,Completed,Partner,West
5310,2639,2024-07-08,Completed,Web,West
5311,458,2026-08-25,Completed,Partner,East
5312,2398,2026-08-03,Completed,Web,North
5313,2400,2026-04-24,Completed,Web,North
5314,273,2026-06-22,Completed,Web,West
5315,2956,2025-03-04,Completed,Partner,South
5316,2286,2025-03-23,Completed,Mobile,North
5317,1923,2025-11-24,Completed,Mobile,South
5318,1225,2024-07-27,Completed,Partner,North
5319,1555,2026-04-30,Cancelled,Web,West
5320,1823,2024-12-12,Completed,Partner,South
5321,219,2025-03-17,Completed,Mobile,North
5322,2533,2024-04-08,Completed,Mobile,East
5323,1433,2025-09-22,Completed,Web,North
5324,744,2025-08-02,Cancelled,Web,West
5325,520,2025-03-12,Completed,Web,East
5326,1074,2026-05-04,Completed,Web,South
5327,1374,2024-10-16,Completed,Web,North
5328,2218,2024-01-19,Completed,Mobile,East
5329,968,2025-05-14,Completed,Web,East
5330,2220,2026-03-09,Cancelled,Mobile,South
5331,2756,2026-03-17,Completed,Partner,West
5332,1773,2024-05-16,Completed,Mobile,West
5333,2162,2024-05-20,Completed,Mobile,East
5334,1051,2024-12-23,Pending,Mobile,South
5335,2603,2025-05-17,Completed,Web,East
5336,2730,2025-06-05,Completed,Partner,North
5337,1168,2025-07-02,Completed,Partner,North
5338,1361,2026-05-17,Completed,Mobile,South
5339,2118,2024-07-29,Completed,Partner,South
5340,1964,2025-08-06,Completed,Mobile,East
5341,2897,2024-12-13,Completed,Mobile,East
5342,619,2024-02-26,Completed,Web,East
5343,1681,2026-03-07,Pending,Web,North
5344,1454,2024-02-05,Completed,Partner,West
5345,283,2025-12-30,Completed,Mobile,North
5346,644,2024-04-12,Completed,Partner,East
5347,1033,2025-03-05,Completed,Partner,East
5348,372,2025-08-29,Cancelled,Mobile,West
5349,1952,2025-07-03,Completed,Web,East
5350,724,2026-04-20,Completed,Web,South
5351,2011,2026-04-30,Completed,Partner,North
5352,535,2025-04-17,Completed,Partner,North
5353,1672,2025-02-27,Pending,Web,West
5354,1944,2025-11-13,Completed,Partner,South
5355,2139,2025-08-08,Completed,Mobile,East
5356,2337,2025-10-10,Completed,Web,South
5357,753,2024-04-21,Completed,Mobile,West
5358,2910,2025-08-05,Completed,Partner,North
5359,575,2024-05-29,Completed,Mobile,South
5360,2765,2025-07-17,Completed,Partner,South
5361,869,2024-03-25,Pending,Mobile,West
5362,1850,2026-01-21,Completed,Partner,East
5363,1036,2025-12-07,Completed,Web,South
5364,742,2025-02-02,Completed,Partner,North
5365,2714,2025-08-21,Completed,Web,North
5366,2723,2025-01-08,Completed,Web,East
5367,2989,2025-08-29,Completed,Web,South
5368,2499,2024-02-25,Completed,Partner,West
5369,2850,2024-02-22,Completed,Web,South
5370,677,2025-04-28,Completed,Partner,West
5371,1083,2024-11-12,Completed,Web,West
5372,1842,2024-12-31,Completed,Mobile,South
5373,1755,2026-05-14,Completed,Partner,West
5374,1377,2024-06-26,Completed,Partner,West
5375,2394,2025-09-28,Completed,Mobile,South
5376,332,2024-01-09,Completed,Mobile,North
5377,342,2024-01-29,Completed,Mobile,West
5378,31,2024-02-05,Completed,Web,West
5379,2314,2024-08-12,Completed,Mobile,West
5380,2710,2025-07-06,Cancelled,Partner,South
5381,1239,2024-10-11,Completed,Web,North
5382,2900,2026-02-20,Completed,Partner,North
5383,2192,2025-07-08,Completed,Partner,South
5384,299,2025-04-09,Completed,Mobile,East
5385,548,2025-11-12,Completed,Web,South
5386,50,2025-03-27,Completed,Partner,South
5387,1551,2025-03-10,Completed,Mobile,South
5388,540,2025-05-31,Completed,Mobile,South
5389,750,2026-08-03,Completed,Partner,North
5390,1439,2025-11-20,Completed,Mobile,North
5391,1580,2024-09-27,Completed,Web,West
5392,972,2026-02-22,Completed,Web,South
5393,1577,2025-08-19,Pending,Partner,East
5394,2173,2025-08-26,Completed,Partner,East
5395,102,2025-10-04,Completed,Partner,South
5396,1,2024-11-23,Completed,Mobile,South
5397,988,2026-03-22,Completed,Web,North
5398,486,2024-01-29,Completed,Web,South
5399,272,2025-01-20,Completed,Partner,North
5400,240,2025-12-25,Completed,Partner,West
5401,711,2024-04-10,Completed,Web,East
5402,1212,2024-04-29,Completed,Partner,South
5403,2274,2025-08-27,Completed,Partner,South
5404,2776,2026-04-26,Completed,Mobile,South
5405,1674,2024-10-17,Completed,Partner,North
5406,1317,2024-04-03,Completed,Partner,North
5407,1210,2026-03-22,Completed,Mobile,North
5408,868,2025-05-11,Completed,Web,East
5409,520,2025-05-20,Completed,Mobile,East
5410,1021,2026-01-26,Completed,Web,North
5411,1867,2024-08-29,Completed,Mobile,East
5412,1960,2025-09-10,Completed,Partner,East
5413,2949,2025-07-01,Completed,Partner,West
5414,1771,2026-06-22,Completed,Partner,South
5415,928,2025-12-23,Completed,Web,South
5416,840,2026-06-19,Completed,Mobile,West
5417,2442,2025-01-29,Completed,Partner,North
5418,400,2024-03-19,Completed,Web,East
5419,546,2024-05-03,Cancelled,Mobile,East
5420,2046,2026-04-27,Completed,Partner,West
5421,1890,2025-06-16,Completed,Web,East
5422,1832,2024-03-31,Cancelled,Mobile,North
5423,317,2026-07-12,Cancelled,Partner,West
5424,2070,2026-05-22,Completed,Web,East
5425,2079,2025-09-12,Completed,Mobile,East
5426,2701,2025-03-19,Completed,Partner,West
5427,1976,2024-04-20,Completed,Mobile,South
5428,1237,2026-04-16,Completed,Partner,South
5429,1902,2024-04-03,Completed,Partner,North
5430,1826,2024-06-30,Completed,Partner,East
5431,2298,2026-05-12,Completed,Partner,East
5432,2838,2026-04-09,Completed,Web,South
5433,2452,2024-08-03,Completed,Partner,East
5434,2081,2024-06-09,Completed,Mobile,West
5435,26,2026-05-09,Completed,Mobile,West
5436,12,2026-07-11,Completed,Partner,West
5437,403,2026-01-09,Cancelled,Partner,North
5438,121,2024-01-23,Completed,Mobile,North
5439,506,2025-10-30,Completed,Mobile,West
5440,2146,2025-02-08,Completed,Web,North
5441,2775,2025-01-30,Completed,Mobile,North
5442,1621,2026-03-02,Completed,Mobile,South
5443,1664,2025-10-08,Completed,Mobile,East
5444,35,2026-08-25,Completed,Web,West
5445,1140,2026-08-25,Completed,Mobile,South
5446,2711,2026-04-13,Completed,Web,North
5447,2699,2025-07-15,Completed,Partner,East
5448,125,2025-05-30,Completed,Web,West
5449,1053,2024-03-25,Completed,Partner,South
5450,2209,2026-06-28,Cancelled,Partner,East
5451,648,2025-01-01,Completed,Partner,South
5452,2477,2025-05-24,Completed,Web,South
5453,42,2025-11-13,Completed,Web,West
5454,1196,2024-11-10,Completed,Mobile,South
5455,1071,2024-09-18,Completed,Web,West
5456,172,2024-05-19,Completed,Web,North
5457,28,2024-08-19,Cancelled,Web,East
5458,2727,2026-01-25,Completed,Partner,South
5459,1089,2024-04-02,Completed,Mobile,North
5460,1991,2025-11-30,Completed,Mobile,South
5461,715,2024-09-13,Pending,Web,West
5462,1601,2024-08-01,Pending,Mobile,South
5463,2849,2024-05-16,Cancelled,Web,South
5464,2922,2026-01-04,Completed,Mobile,East
5465,2659,2024-07-18,Completed,Web,East
5466,843,2025-12-02,Completed,Web,North
5467,2965,2025-08-11,Completed,Mobile,East
5468,372,2026-01-22,Completed,Mobile,West
5469,2817,2024-12-21,Completed,Web,East
5470,1472,2026-02-25,Completed,Partner,South
5471,749,2024-11-09,Completed,Mobile,West
5472,2746,2025-03-09,Completed,Web,North
5473,2281,2024-06-23,Completed,Web,South
5474,1961,2024-07-25,Completed,Mobile,East
5475,2951,2024-10-10,Completed,Partner,South
5476,2974,2026-06-10,Completed,Partner,West
5477,1686,2024-04-04,Completed,Partner,West
5478,1413,2025-05-18,Completed,Partner,North
5479,2218,2024-03-20,Completed,Partner,East
5480,132,2025-07-30,Completed,Partner,North
5481,156,2025-08-06,Cancelled,Partner,North
5482,244,2024-03-10,Completed,Web,South
5483,2762,2026-05-20,Completed,Partner,South
5484,1133,2024-02-03,Completed,Mobile,West
5485,1233,2026-03-11,Completed,Web,West
5486,279,2024-12-23,Completed,Partner,East
5487,1776,2026-03-03,Completed,Partner,West
5488,1187,2025-07-20,Completed,Web,North
5489,909,2025-06-17,Completed,Web,South
5490,868,2026-02-07,Completed,Mobile,East
5491,1816,2024-11-03,Completed,Partner,North
5492,2205,2025-04-18,Completed,Partner,North
5493,721,2024-05-15,Completed,Web,South
5494,539,2026-07-02,Completed,Partner,West
5495,1544,2026-02-01,Completed,Web,North
5496,2380,2024-12-16,Cancelled,Partner,South
5497,1824,2025-07-07,Completed,Mobile,North
5498,23,2025-09-05,Completed,Web,East
5499,904,2024-10-08,Completed,Mobile,South
5500,163,2025-12-13,Completed,Partner,East
5501,1589,2024-02-19,Completed,Web,West
5502,2483,2025-10-31,Completed,Mobile,West
5503,2614,2025-09-12,Completed,Partner,South
5504,1500,2026-02-10,Completed,Web,East
5505,2561,2024-08-22,Completed,Web,South
5506,420,2026-02-18,Completed,Mobile,East
5507,395,2025-01-22,Cancelled,Partner,North
5508,588,2024-12-02,Completed,Mobile,North
5509,487,2026-01-10,Completed,Web,South
5510,2706,2024-01-09,Completed,Mobile,North
5511,1666,2025-10-27,Completed,Mobile,East
5512,1765,2025-01-31,Completed,Mobile,North
5513,2152,2024-04-26,Completed,Partner,South
5514,749,2024-10-14,Completed,Web,West
5515,2487,2024-11-01,Completed,Partner,North
5516,2675,2024-11-29,Completed,Partner,South
5517,129,2024-07-24,Completed,Mobile,South
5518,1225,2026-04-05,Completed,Partner,North
5519,2239,2025-08-03,Completed,Partner,South
5520,919,2026-02-21,Completed,Partner,North
5521,1236,2026-04-27,Completed,Web,North
5522,83,2026-03-14,Completed,Web,East
5523,1800,2026-06-15,Completed,Partner,South
5524,227,2025-08-07,Completed,Web,North
5525,726,2026-07-18,Completed,Mobile,West
5526,376,2026-02-21,Completed,Partner,West
5527,2183,2024-06-22,Completed,Partner,South
5528,458,2026-03-15,Completed,Web,East
5529,1953,2025-12-14,Completed,Mobile,North
5530,1098,2026-07-10,Completed,Partner,North
5531,1882,2026-03-09,Completed,Partner,East
5532,1951,2024-09-03,Pending,Partner,North
5533,2529,2025-01-27,Completed,Web,South
5534,1069,2026-05-28,Completed,Web,North
5535,2695,2025-05-01,Completed,Mobile,South
5536,80,2025-01-05,Completed,Web,East
5537,706,2026-02-18,Cancelled,Mobile,North
5538,787,2025-10-31,Completed,Web,West
5539,1830,2024-12-12,Completed,Mobile,North
5540,1667,2025-02-26,Completed,Partner,West
5541,2965,2024-03-17,Cancelled,Mobile,East
5542,1767,2025-02-23,Completed,Web,South
5543,1561,2024-07-27,Completed,Web,North
5544,2437,2025-02-01,Completed,Mobile,North
5545,2230,2024-12-13,Completed,Mobile,South
5546,1518,2025-08-26,Completed,Mobile,East
5547,43,2025-12-02,Completed,Partner,North
5548,2564,2024-07-25,Completed,Web,West
5549,2886,2024-03-10,Completed,Web,South
5550,972,2024-12-05,Cancelled,Mobile,South
5551,1919,2026-04-29,Completed,Mobile,North
5552,908,2024-03-13,Completed,Mobile,East
5553,646,2024-10-21,Pending,Partner,South
5554,1246,2024-11-05,Completed,Web,South
5555,2748,2025-12-25,Completed,Mobile,North
5556,1754,2024-02-14,Completed,Partner,South
5557,1039,2024-03-17,Completed,Partner,West
5558,1994,2025-10-09,Completed,Mobile,East
5559,357,2025-06-20,Completed,Partner,North
5560,2553,2025-11-20,Completed,Mobile,East
5561,2011,2025-04-24,Completed,Web,North
5562,1491,2024-06-12,Completed,Partner,North
5563,1376,2024-07-20,Completed,Partner,East
5564,1101,2024-02-27,Completed,Mobile,North
5565,625,2024-08-13,Cancelled,Mobile,South
5566,1337,2024-08-26,Completed,Mobile,North
5567,491,2024-06-10,Completed,Mobile,North
5568,764,2025-12-11,Completed,Mobile,South
5569,2718,2024-08-28,Completed,Mobile,North
5570,913,2025-06-20,Completed,Mobile,North
5571,1902,2026-06-28,Completed,Mobile,North
5572,2825,2025-03-19,Pending,Mobile,South
5573,508,2025-11-24,Completed,Partner,North
5574,1170,2025-06-13,Pending,Partner,West
5575,2534,2024-12-06,Completed,Mobile,West
5576,759,2025-08-03,Completed,Web,South
5577,2273,2026-07-28,Cancelled,Partner,South
5578,1950,2024-01-19,Completed,Web,East
5579,1962,2025-05-28,Completed,Mobile,West
5580,2264,2026-07-16,Completed,Partner,East
5581,1193,2026-07-15,Completed,Mobile,North
5582,2370,2025-10-24,Cancelled,Mobile,West
5583,626,2025-01-29,Completed,Mobile,West
5584,1387,2024-05-07,Completed,Mobile,North
5585,1474,2025-05-05,Completed,Partner,West
5586,1619,2026-03-04,Completed,Web,West
5587,2708,2026-01-20,Completed,Web,South
5588,1978,2024-11-23,Completed,Partner,East
5589,720,2024-04-21,Pending,Mobile,West
5590,2894,2024-12-23,Completed,Mobile,North
5591,1119,2026-03-24,Completed,Web,East
5592,2295,2026-06-08,Completed,Web,West
5593,1545,2025-12-27,Completed,Web,East
5594,913,2025-10-22,Completed,Partner,North
5595,868,2025-10-19,Completed,Partner,East
5596,2351,2024-05-06,Completed,Mobile,North
5597,745,2025-08-19,Completed,Partner,East
5598,2876,2025-05-14,Completed,Web,South
5599,1426,2024-12-09,Completed,Mobile,North
5600,2761,2024-01-12,Completed,Mobile,West
5601,1596,2026-03-08,Completed,Web,South
5602,2,2024-11-05,Completed,Partner,North
5603,1771,2024-07-01,Completed,Partner,South
5604,456,2025-04-06,Completed,Web,North
5605,2807,2025-03-08,Completed,Mobile,South
5606,2715,2024-04-08,Completed,Mobile,West
5607,2103,2026-01-17,Completed,Mobile,South
5608,2065,2026-04-10,Completed,Web,West
5609,2601,2024-09-16,Completed,Mobile,South
5610,1886,2025-03-07,Completed,Mobile,East
5611,2789,2024-11-14,Completed,Mobile,East
5612,2941,2025-04-09,Completed,Partner,South
5613,1718,2024-04-17,Completed,Mobile,North
5614,1070,2025-05-21,Completed,Partner,North
5615,523,2026-04-30,Completed,Mobile,West
5616,956,2025-05-17,Completed,Web,South
5617,2111,2026-02-02,Completed,Web,West
5618,2473,2026-02-07,Completed,Partner,North
5619,432,2024-11-14,Completed,Mobile,West
5620,2092,2025-02-02,Pending,Partner,South
5621,1898,2025-01-02,Completed,Web,South
5622,1760,2024-06-27,Completed,Mobile,West
5623,1080,2026-02-25,Cancelled,Partner,South
5624,2992,2026-04-11,Completed,Mobile,East
5625,1043,2024-07-22,Completed,Mobile,East
5626,1106,2025-11-16,Completed,Mobile,West
5627,1772,2026-01-27,Completed,Web,South
5628,604,2024-02-28,Completed,Partner,East
5629,2028,2025-11-27,Completed,Mobile,East
5630,738,2024-06-18,Completed,Mobile,East
5631,1248,2026-06-03,Completed,Mobile,East
5632,2734,2024-01-11,Completed,Partner,North
5633,837,2024-06-01,Completed,Web,East
5634,2020,2024-01-07,Pending,Partner,South
5635,2667,2024-12-03,Pending,Web,East
5636,455,2025-05-12,Completed,Mobile,North
5637,1702,2025-08-15,Completed,Web,West
5638,2294,2026-04-27,Completed,Mobile,East
5639,780,2024-06-17,Completed,Mobile,North
5640,1507,2024-07-12,Completed,Mobile,West
5641,2833,2026-07-14,Completed,Partner,East
5642,88,2024-11-10,Completed,Web,West
5643,1756,2025-03-07,Completed,Mobile,West
5644,297,2024-04-14,Completed,Partner,North
5645,1021,2024-01-25,Completed,Partner,North
5646,2103,2026-06-30,Completed,Web,South
5647,933,2025-03-17,Completed,Partner,West
5648,1767,2024-11-05,Completed,Partner,South
5649,385,2026-04-29,Completed,Mobile,South
5650,697,2026-08-04,Cancelled,Web,East
5651,2331,2026-08-08,Completed,Mobile,West
5652,1705,2025-11-13,Completed,Partner,South
5653,1494,2026-04-30,Completed,Mobile,North
5654,1329,2025-09-03,Completed,Web,South
5655,2464,2025-12-29,Completed,Mobile,East
5656,846,2024-01-31,Completed,Partner,West
5657,1330,2025-11-23,Completed,Web,West
5658,1524,2025-04-05,Completed,Mobile,South
5659,386,2024-12-08,Completed,Partner,West
5660,552,2025-05-10,Completed,Web,East
5661,1514,2024-02-28,Completed,Partner,West
5662,2171,2026-03-10,Completed,Web,South
5663,672,2024-05-30,Completed,Partner,West
5664,1591,2025-08-22,Cancelled,Partner,South
5665,344,2024-09-17,Completed,Partner,East
5666,907,2026-05-03,Completed,Partner,South
5667,2075,2025-02-03,Completed,Web,West
5668,2909,2025-05-17,Completed,Partner,East
5669,2937,2025-12-13,Completed,Web,South
5670,305,2024-12-16,Completed,Mobile,South
5671,54,2026-03-28,Completed,Partner,East
5672,249,2025-09-15,Completed,Web,East
5673,2999,2026-05-17,Completed,Partner,North
5674,1843,2024-05-14,Completed,Web,West
5675,80,2026-02-07,Completed,Web,East
5676,1887,2024-04-24,Completed,Web,North
5677,552,2024-11-04,Completed,Mobile,East
5678,896,2026-06-20,Completed,Mobile,East
5679,167,2026-02-10,Completed,Partner,West
5680,2893,2025-02-10,Completed,Partner,South
5681,1763,2025-12-05,Completed,Web,East
5682,1733,2025-11-09,Completed,Mobile,North
5683,195,2025-05-31,Completed,Mobile,West
5684,1222,2026-04-20,Completed,Mobile,East
5685,953,2025-04-11,Completed,Mobile,West
5686,589,2026-04-14,Completed,Partner,West
5687,126,2024-12-30,Completed,Web,South
5688,19,2024-01-03,Completed,Mobile,West
5689,91,2024-11-09,Completed,Partner,West
5690,2045,2024-08-09,Completed,Partner,West
5691,1327,2025-03-17,Cancelled,Mobile,North
5692,1072,2026-02-08,Completed,Web,South
5693,320,2026-02-03,Completed,Partner,West
5694,725,2024-05-22,Pending,Partner,North
5695,815,2024-10-07,Completed,Web,North
5696,1299,2024-09-08,Cancelled,Mobile,South
5697,2299,2024-10-12,Completed,Mobile,North
5698,1079,2025-05-04,Completed,Web,North
5699,1713,2024-02-01,Completed,Mobile,West
5700,2903,2025-03-15,Completed,Partner,South
5701,2191,2025-05-16,Completed,Partner,East
5702,2452,2025-01-08,Completed,Partner,East
5703,907,2024-11-27,Completed,Partner,South
5704,1193,2024-04-07,Completed,Partner,North
5705,527,2025-04-10,Completed,Web,South
5706,2947,2025-05-25,Completed,Partner,West
5707,2646,2024-06-15,Completed,Partner,South
5708,917,2024-06-15,Completed,Partner,South
5709,2713,2025-06-19,Completed,Partner,West
5710,2836,2026-08-19,Completed,Partner,West
5711,775,2026-05-20,Completed,Mobile,North
5712,1626,2026-04-22,Cancelled,Partner,South
5713,721,2024-08-21,Completed,Mobile,South
5714,809,2025-09-21,Completed,Web,West
5715,2941,2025-06-21,Completed,Mobile,South
5716,652,2025-05-05,Completed,Mobile,East
5717,2350,2024-10-29,Completed,Web,South
5718,794,2025-08-04,Completed,Partner,East
5719,1510,2024-05-29,Completed,Web,South
5720,1238,2026-02-17,Completed,Web,South
5721,2863,2024-10-22,Completed,Web,North
5722,2412,2025-09-26,Pending,Web,West
5723,2964,2025-09-05,Completed,Mobile,West
5724,1108,2026-07-22,Completed,Mobile,South
5725,2641,2024-02-17,Completed,Web,West
5726,540,2024-06-10,Completed,Web,South
5727,1204,2024-08-28,Completed,Partner,North
5728,2666,2025-09-07,Completed,Web,South
5729,2980,2024-04-07,Completed,Mobile,West
5730,98,2025-10-21,Completed,Mobile,North
5731,2407,2024-05-18,Completed,Mobile,North
5732,989,2026-03-12,Completed,Partner,East
5733,1864,2026-02-17,Completed,Web,North
5734,2537,2026-03-29,Completed,Partner,West
5735,679,2025-06-19,Completed,Partner,East
5736,2346,2025-04-04,Completed,Mobile,South
5737,1769,2024-01-08,Completed,Web,South
5738,2609,2025-06-24,Completed,Mobile,North
5739,812,2024-02-15,Completed,Web,East
5740,122,2025-08-07,Completed,Web,West
5741,2674,2024-11-03,Cancelled,Partner,South
5742,2710,2026-02-13,Completed,Mobile,South
5743,2255,2026-02-06,Completed,Web,North
5744,2846,2024-08-13,Completed,Partner,West
5745,1390,2025-09-07,Completed,Partner,East
5746,2145,2024-04-24,Pending,Partner,North
5747,2882,2024-09-06,Completed,Partner,West
5748,190,2025-08-31,Completed,Web,West
5749,1442,2024-04-08,Completed,Partner,East
5750,2699,2025-08-12,Cancelled,Partner,East
5751,1643,2025-08-01,Completed,Web,South
5752,71,2026-01-08,Pending,Partner,North
5753,1524,2024-10-09,Completed,Mobile,South
5754,23,2026-08-26,Completed,Web,East
5755,1241,2024-05-08,Completed,Partner,West
5756,284,2024-07-17,Completed,Web,West
5757,330,2024-12-13,Pending,Partner,North
5758,2568,2024-08-04,Completed,Web,North
5759,516,2024-06-30,Completed,Mobile,East
5760,930,2025-02-05,Pending,Partner,East
5761,2529,2024-10-27,Completed,Mobile,South
5762,361,2024-02-21,Completed,Web,South
5763,1284,2025-09-18,Completed,Partner,North
5764,2243,2024-12-19,Completed,Partner,North
5765,2355,2025-12-10,Completed,Mobile,West
5766,1314,2026-07-30,Completed,Mobile,West
5767,722,2026-07-30,Cancelled,Partner,South
5768,968,2025-11-30,Completed,Partner,East
5769,616,2026-01-10,Cancelled,Partner,North
5770,1954,2025-04-14,Completed,Mobile,East
5771,1654,2024-07-27,Completed,Mobile,West
5772,2643,2025-05-27,Completed,Web,West
5773,782,2026-05-14,Completed,Web,South
5774,2051,2024-09-16,Completed,Web,South
5775,477,2025-05-02,Completed,Web,North
5776,1709,2025-04-13,Pending,Partner,South
5777,2117,2025-03-08,Completed,Web,West
5778,542,2026-08-06,Completed,Web,East
5779,1332,2024-01-18,Cancelled,Mobile,West
5780,1820,2024-07-14,Cancelled,Mobile,East
5781,2699,2026-01-18,Completed,Partner,East
5782,1684,2025-07-18,Completed,Mobile,East
5783,1075,2025-12-31,Pending,Partner,West
5784,887,2025-05-29,Completed,Web,South
5785,990,2026-05-03,Completed,Web,East
5786,2944,2024-11-26,Completed,Partner,South
5787,1608,2026-05-16,Completed,Partner,West
5788,2111,2025-07-07,Completed,Mobile,West
5789,568,2024-08-21,Completed,Web,East
5790,1009,2024-01-17,Completed,Mobile,West
5791,739,2026-07-04,Cancelled,Web,North
5792,2775,2025-04-12,Completed,Web,North
5793,45,2024-03-22,Pending,Mobile,North
5794,2029,2024-08-16,Completed,Web,West
5795,1215,2025-05-21,Pending,Mobile,West
5796,620,2025-03-04,Completed,Mobile,East
5797,362,2024-03-04,Completed,Partner,East
5798,1452,2024-03-21,Completed,Partner,West
5799,171,2026-05-23,Completed,Mobile,South
5800,946,2024-01-24,Cancelled,Mobile,South
5801,521,2025-04-06,Completed,Mobile,East
5802,2866,2024-03-10,Completed,Partner,South
5803,1926,2025-09-21,Cancelled,Mobile,South
5804,1320,2025-12-26,Completed,Mobile,South
5805,1992,2024-05-22,Cancelled,Mobile,West
5806,1692,2025-11-29,Completed,Mobile,North
5807,1130,2026-07-26,Completed,Partner,South
5808,2602,2026-01-10,Cancelled,Partner,East
5809,113,2025-12-21,Completed,Partner,East
5810,1101,2026-03-21,Completed,Web,North
5811,2367,2024-10-12,Completed,Web,South
5812,1051,2026-08-16,Completed,Web,South
5813,2462,2026-06-13,Completed,Partner,North
5814,167,2025-02-22,Completed,Mobile,West
5815,618,2025-09-05,Completed,Partner,North
5816,2706,2024-09-26,Completed,Partner,North
5817,1435,2024-11-16,Completed,Partner,North
5818,1167,2025-12-07,Completed,Partner,North
5819,2434,2024-11-15,Completed,Web,West
5820,1667,2024-12-30,Pending,Mobile,West
5821,1422,2024-06-04,Completed,Partner,North
5822,1062,2026-07-20,Completed,Mobile,East
5823,36,2024-01-01,Completed,Mobile,West
5824,2261,2024-10-12,Completed,Web,South
5825,1611,2024-06-16,Pending,Mobile,South
5826,2821,2025-06-07,Completed,Mobile,South
5827,563,2025-04-14,Completed,Partner,North
5828,2661,2026-01-21,Completed,Web,North
5829,447,2025-01-30,Completed,Mobile,South
5830,2941,2024-01-27,Completed,Partner,South
5831,1709,2024-01-03,Completed,Partner,South
5832,2865,2025-11-17,Pending,Web,East
5833,1045,2025-01-23,Completed,Web,West
5834,1227,2026-08-10,Completed,Web,West
5835,2627,2024-04-21,Completed,Mobile,North
5836,470,2024-06-08,Completed,Web,West
5837,651,2024-09-09,Completed,Partner,North
5838,2793,2025-06-22,Completed,Partner,North
5839,2012,2026-05-06,Completed,Partner,North
5840,6,2025-12-23,Completed,Partner,North
5841,2296,2026-04-13,Completed,Mobile,East
5842,82,2025-12-16,Completed,Partner,North
5843,75,2025-08-20,Completed,Web,South
5844,1700,2026-03-10,Completed,Web,East
5845,2849,2026-06-18,Completed,Partner,South
5846,2000,2025-12-17,Completed,Partner,South
5847,972,2026-05-02,Pending,Partner,South
5848,223,2026-07-19,Completed,Mobile,East
5849,1917,2025-12-31,Completed,Partner,South
5850,1671,2025-11-26,Completed,Web,East
5851,2570,2025-01-17,Completed,Partner,North
5852,228,2025-01-26,Completed,Web,South
5853,1718,2025-04-21,Completed,Partner,North
5854,1501,2025-01-30,Completed,Web,North
5855,2200,2025-01-14,Completed,Web,North
5856,2974,2026-01-12,Completed,Web,West
5857,1393,2024-01-07,Completed,Partner,West
5858,21,2025-08-22,Completed,Mobile,North
5859,259,2024-01-16,Completed,Mobile,East
5860,1406,2026-05-09,Completed,Partner,South
5861,417,2025-12-05,Completed,Mobile,North
5862,2154,2025-03-12,Cancelled,Partner,North
5863,1583,2025-04-13,Completed,Mobile,North
5864,2152,2024-08-11,Completed,Web,South
5865,465,2025-03-21,Completed,Mobile,West
5866,618,2024-06-06,Pending,Web,North
5867,1465,2025-03-23,Completed,Mobile,South
5868,2979,2025-02-27,Pending,Mobile,West
5869,2503,2026-07-06,Completed,Web,North
5870,2243,2024-10-21,Completed,Web,North
5871,1952,2025-09-02,Completed,Partner,East
5872,1461,2026-07-29,Completed,Web,South
5873,1510,2024-05-03,Completed,Partner,South
5874,40,2024-02-16,Completed,Mobile,South
5875,335,2025-03-23,Completed,Web,North
5876,2985,2025-03-26,Cancelled,Web,South
5877,1535,2024-05-13,Cancelled,Partner,South
5878,2587,2024-12-03,Completed,Partner,East
5879,2360,2025-05-13,Completed,Web,West
5880,1451,2026-03-19,Completed,Mobile,East
5881,2087,2025-07-26,Completed,Partner,South
5882,1750,2026-05-13,Completed,Partner,East
5883,1719,2025-07-23,Completed,Web,North
5884,2241,2024-04-26,Completed,Mobile,West
5885,2796,2026-04-20,Completed,Mobile,South
5886,189,2024-03-28,Completed,Web,North
5887,936,2025-09-15,Cancelled,Partner,South
5888,2600,2026-07-16,Completed,Mobile,West
5889,2254,2025-05-28,Completed,Partner,West
5890,2900,2024-01-02,Completed,Mobile,North
5891,1916,2025-11-20,Completed,Mobile,East
5892,2268,2024-05-21,Completed,Partner,South
5893,2839,2025-11-28,Pending,Mobile,North
5894,1088,2024-12-05,Completed,Mobile,West
5895,530,2024-05-13,Completed,Partner,East
5896,2589,2025-04-30,Completed,Partner,West
5897,1615,2024-12-10,Completed,Mobile,North
5898,2396,2025-05-26,Completed,Web,East
5899,1810,2024-08-03,Completed,Web,East
5900,378,2026-04-17,Completed,Partner,West
5901,58,2024-09-28,Completed,Mobile,West
5902,363,2024-03-22,Completed,Mobile,East
5903,371,2024-02-22,Completed,Mobile,North
5904,432,2026-04-07,Completed,Partner,West
5905,2492,2024-12-26,Completed,Partner,North
5906,2292,2024-12-19,Completed,Mobile,East
5907,1025,2025-10-03,Completed,Web,South
5908,817,2025-06-25,Pending,Partner,West
5909,2378,2024-09-09,Completed,Web,East
5910,2861,2026-02-09,Completed,Web,North
5911,2076,2026-07-02,Completed,Partner,North
5912,1084,2026-03-02,Completed,Mobile,North
5913,520,2025-02-18,Completed,Web,East
5914,779,2025-03-24,Completed,Web,East
5915,2959,2025-01-02,Completed,Mobile,North
5916,173,2024-08-28,Completed,Partner,South
5917,1060,2025-09-26,Completed,Partner,North
5918,1232,2025-08-26,Completed,Partner,East
5919,2862,2025-05-15,Completed,Partner,West
5920,1146,2024-02-03,Completed,Mobile,West
5921,1329,2026-03-13,Completed,Partner,South
5922,706,2024-02-08,Completed,Mobile,North
5923,2144,2026-01-31,Completed,Web,West
5924,439,2024-04-24,Completed,Web,North
5925,1529,2024-07-26,Completed,Web,South
5926,2705,2024-04-18,Completed,Mobile,West
5927,2903,2025-10-08,Completed,Partner,South
5928,1566,2024-06-11,Completed,Web,West
5929,89,2024-12-30,Completed,Partner,East
5930,1569,2026-06-25,Completed,Mobile,West
5931,2578,2024-10-16,Completed,Mobile,West
5932,1829,2026-04-28,Completed,Mobile,East
5933,1712,2025-08-29,Completed,Mobile,East
5934,2504,2024-04-26,Completed,Mobile,East
5935,2157,2024-09-25,Completed,Mobile,East
5936,1086,2024-11-10,Cancelled,Partner,North
5937,2928,2026-04-25,Completed,Partner,South
5938,866,2026-06-11,Completed,Mobile,South
5939,1029,2025-05-08,Completed,Web,East
5940,493,2025-12-02,Completed,Web,South
5941,2337,2026-03-03,Completed,Partner,South
5942,2602,2026-08-16,Completed,Web,East
5943,1948,2026-04-13,Pending,Mobile,South
5944,755,2024-06-22,Completed,Mobile,West
5945,610,2024-12-14,Completed,Web,North
5946,2994,2026-06-17,Pending,Mobile,North
5947,1168,2024-12-12,Completed,Partner,North
5948,1758,2025-05-04,Completed,Partner,East
5949,785,2025-12-26,Completed,Partner,East
5950,1697,2025-04-06,Completed,Mobile,East
5951,2489,2024-09-02,Completed,Partner,North
5952,1236,2025-09-24,Completed,Web,North
5953,2050,2026-05-17,Completed,Mobile,South
5954,1643,2026-05-20,Completed,Mobile,South
5955,2465,2024-02-04,Completed,Mobile,West
5956,195,2026-03-25,Completed,Web,West
5957,177,2025-04-19,Completed,Web,South
5958,227,2024-05-29,Completed,Partner,North
5959,692,2024-10-03,Completed,Partner,East
5960,2853,2024-07-25,Pending,Web,East
5961,975,2024-10-01,Cancelled,Partner,West
5962,484,2024-02-20,Completed,Partner,West
5963,485,2026-08-10,Completed,Web,East
5964,1479,2024-11-20,Completed,Mobile,East
5965,1544,2025-11-23,Completed,Partner,North
5966,864,2024-01-15,Completed,Partner,West
5967,368,2026-01-17,Pending,Mobile,South
5968,1821,2024-03-18,Completed,Mobile,North
5969,889,2025-12-06,Completed,Mobile,West
5970,2954,2024-08-31,Completed,Mobile,West
5971,1919,2025-06-11,Completed,Mobile,North
5972,2497,2025-05-13,Completed,Web,East
5973,1257,2024-08-03,Completed,Mobile,East
5974,368,2026-01-24,Completed,Partner,South
5975,1013,2024-10-06,Cancelled,Partner,East
5976,1324,2024-06-14,Pending,Partner,North
5977,2140,2026-06-23,Completed,Web,West
5978,1028,2026-05-04,Completed,Partner,South
5979,2702,2025-09-09,Completed,Mobile,North
5980,2805,2024-01-19,Completed,Partner,South
5981,2124,2025-05-11,Completed,Partner,East
5982,720,2026-08-04,Completed,Mobile,West
5983,758,2024-09-13,Completed,Web,East
5984,1415,2024-08-14,Completed,Web,South
5985,1277,2025-01-09,Completed,Mobile,South
5986,1438,2024-04-07,Completed,Mobile,East
5987,2819,2025-06-22,Completed,Partner,South
5988,1345,2024-06-23,Completed,Partner,West
5989,918,2026-01-11,Completed,Partner,South
5990,1320,2025-04-20,Completed,Mobile,South
5991,1678,2025-02-27,Completed,Web,West
5992,886,2026-06-19,Completed,Mobile,North
5993,2944,2026-03-19,Completed,Partner,South
5994,1053,2025-02-07,Completed,Partner,South
5995,953,2025-06-21,Completed,Mobile,West
5996,1752,2026-01-02,Completed,Partner,North
5997,1900,2024-02-24,Completed,Web,West
5998,556,2026-05-19,Completed,Mobile,North
5999,1912,2025-09-17,Completed,Partner,North
6000,709,2025-06-07,Completed,Mobile,North
6001,506,2025-09-04,Pending,Web,West
6002,2542,2024-07-23,Completed,Web,South
6003,2982,2024-07-28,Completed,Mobile,East
6004,1829,2025-05-01,Completed,Web,East
6005,1912,2024-08-29,Pending,Web,North
6006,2158,2025-01-10,Completed,Mobile,West
6007,1656,2025-05-29,Completed,Web,North
6008,540,2024-04-22,Completed,Mobile,South
6009,2689,2025-06-07,Completed,Partner,South
6010,2128,2026-07-11,Completed,Web,South
6011,1712,2025-02-27,Completed,Partner,East
6012,1488,2024-12-20,Completed,Mobile,South
6013,1773,2024-12-10,Completed,Partner,West
6014,2800,2026-06-22,Completed,Mobile,South
6015,2020,2025-12-05,Completed,Mobile,South
6016,1502,2024-01-06,Completed,Mobile,West
6017,1867,2025-08-01,Cancelled,Web,East
6018,966,2025-08-22,Completed,Web,South
6019,1193,2025-07-27,Completed,Partner,North
6020,2469,2024-02-01,Completed,Web,East
6021,322,2026-05-23,Completed,Partner,North
6022,1929,2025-08-08,Completed,Mobile,South
6023,765,2025-10-30,Completed,Mobile,West
6024,2383,2026-03-14,Completed,Web,East
6025,1382,2025-03-23,Completed,Mobile,South
6026,2793,2024-07-23,Completed,Web,North
6027,1086,2025-06-04,Completed,Partner,North
6028,638,2026-03-11,Completed,Web,South
6029,879,2025-10-19,Completed,Web,North
6030,213,2024-03-18,Completed,Web,West
6031,600,2025-04-24,Completed,Mobile,North
6032,1524,2026-01-21,Completed,Partner,South
6033,1601,2026-03-11,Completed,Partner,South
6034,1022,2026-02-12,Completed,Mobile,North
6035,2643,2025-08-15,Completed,Web,West
6036,77,2026-07-03,Completed,Mobile,North
6037,1158,2026-07-29,Completed,Partner,West
6038,2582,2026-08-24,Completed,Web,South
6039,2620,2024-11-12,Completed,Web,South
6040,1246,2024-04-03,Completed,Partner,South
6041,2212,2025-09-19,Completed,Web,South
6042,1188,2025-12-25,Completed,Partner,East
6043,2732,2025-10-22,Completed,Web,East
6044,395,2024-11-24,Completed,Partner,North
6045,2715,2024-03-30,Completed,Partner,West
6046,2510,2025-04-01,Completed,Mobile,East
6047,2120,2024-11-10,Pending,Partner,West
6048,1302,2025-02-27,Completed,Web,East
6049,509,2024-04-26,Cancelled,Mobile,North
6050,2662,2024-03-01,Completed,Web,North
6051,976,2024-03-29,Completed,Web,South
6052,2994,2024-04-12,Completed,Mobile,North
6053,899,2026-08-10,Completed,Partner,West
6054,1438,2026-03-12,Completed,Mobile,East
6055,1928,2025-09-01,Completed,Partner,South
6056,1736,2025-01-08,Completed,Web,South
6057,1009,2024-08-30,Completed,Partner,West
6058,2423,2025-10-27,Completed,Web,North
6059,1610,2024-12-21,Completed,Web,West
6060,1188,2024-07-01,Completed,Web,East
6061,2703,2026-03-20,Completed,Partner,West
6062,487,2025-07-07,Completed,Partner,South
6063,597,2025-02-21,Completed,Partner,West
6064,1038,2025-10-20,Completed,Partner,West
6065,538,2025-02-10,Completed,Web,North
6066,1909,2024-12-10,Completed,Partner,East
6067,1898,2025-05-19,Completed,Web,South
6068,1856,2026-02-04,Completed,Web,West
6069,2879,2026-03-16,Completed,Mobile,South
6070,2189,2024-03-05,Completed,Web,East
6071,618,2026-08-20,Completed,Mobile,North
6072,1990,2026-07-24,Completed,Mobile,South
6073,1069,2025-05-20,Completed,Web,North
6074,2663,2025-12-31,Completed,Web,East
6075,1512,2024-07-14,Completed,Partner,South
6076,2459,2024-02-05,Completed,Web,West
6077,2390,2025-02-06,Pending,Partner,North
6078,404,2024-08-28,Completed,Mobile,West
6079,2111,2026-04-13,Cancelled,Mobile,West
6080,667,2026-02-19,Completed,Mobile,East
6081,1694,2024-06-25,Cancelled,Mobile,West
6082,1129,2024-12-21,Completed,Mobile,East
6083,426,2024-05-06,Completed,Partner,East
6084,2580,2024-01-31,Completed,Partner,South
6085,1278,2026-04-05,Cancelled,Web,North
6086,1498,2024-06-07,Completed,Partner,South
6087,434,2024-12-21,Completed,Web,West
6088,1644,2025-03-06,Completed,Mobile,North
6089,2154,2025-10-02,Pending,Mobile,North
6090,147,2024-02-02,Cancelled,Partner,East
6091,2622,2024-05-23,Completed,Partner,East
6092,919,2024-04-15,Completed,Mobile,North
6093,1724,2026-02-17,Completed,Mobile,South
6094,2114,2025-12-24,Completed,Partner,South
6095,2697,2025-08-11,Completed,Partner,South
6096,1868,2025-01-05,Pending,Partner,South
6097,2574,2025-01-18,Completed,Partner,South
6098,1762,2026-07-25,Completed,Partner,North
6099,2153,2024-11-13,Completed,Web,North
6100,2614,2025-06-25,Completed,Web,South
6101,211,2025-10-17,Completed,Mobile,South
6102,687,2025-09-28,Completed,Mobile,West
6103,938,2024-12-27,Completed,Partner,West
6104,243,2025-11-24,Completed,Partner,South
6105,136,2026-02-04,Completed,Partner,North
6106,256,2025-09-11,Completed,Mobile,East
6107,161,2025-10-07,Completed,Partner,West
6108,1545,2024-09-05,Completed,Web,East
6109,2292,2024-08-06,Completed,Mobile,East
6110,2476,2025-07-15,Completed,Partner,North
6111,1024,2026-01-08,Completed,Web,East
6112,2587,2025-09-12,Cancelled,Mobile,East
6113,2636,2025-11-02,Completed,Partner,East
6114,1462,2024-01-19,Cancelled,Partner,South
6115,701,2025-06-25,Completed,Web,West
6116,1468,2025-07-22,Completed,Web,South
6117,1452,2024-09-24,Completed,Mobile,West
6118,1697,2025-11-13,Completed,Partner,East
6119,2421,2024-02-28,Completed,Mobile,North
6120,1194,2024-09-15,Completed,Partner,South
6121,839,2026-06-26,Completed,Partner,West
6122,2109,2025-11-08,Completed,Mobile,East
6123,1940,2024-04-14,Completed,Mobile,West
6124,2406,2025-03-02,Completed,Web,East
6125,1260,2025-09-25,Completed,Web,West
6126,2659,2024-09-03,Completed,Web,East
6127,719,2025-10-21,Completed,Mobile,East
6128,1004,2024-04-01,Completed,Partner,South
6129,1011,2024-02-07,Completed,Partner,West
6130,1159,2025-08-24,Completed,Partner,North
6131,534,2025-01-04,Completed,Web,East
6132,2452,2025-10-25,Completed,Partner,East
6133,379,2024-02-14,Completed,Mobile,North
6134,1990,2024-08-21,Completed,Partner,South
6135,16,2025-06-05,Completed,Mobile,North
6136,431,2025-09-25,Completed,Web,North
6137,2633,2024-02-06,Completed,Web,South
6138,106,2024-08-04,Completed,Mobile,East
6139,3,2024-03-20,Completed,Mobile,South
6140,1176,2026-01-01,Completed,Partner,South
6141,138,2025-11-30,Completed,Partner,East
6142,1138,2024-11-09,Completed,Web,North
6143,1906,2025-08-21,Completed,Partner,South
6144,1194,2024-09-19,Completed,Web,South
6145,1737,2024-08-04,Completed,Mobile,West
6146,2540,2024-10-23,Completed,Mobile,South
6147,2493,2024-07-03,Completed,Partner,West
6148,358,2025-09-17,Pending,Mobile,West
6149,398,2025-04-15,Pending,Mobile,South
6150,286,2024-05-12,Completed,Partner,East
6151,2475,2025-08-11,Cancelled,Partner,East
6152,504,2026-07-16,Completed,Partner,South
6153,2493,2026-02-20,Completed,Web,West
6154,151,2024-08-18,Pending,Mobile,East
6155,1579,2025-06-15,Completed,Partner,East
6156,1612,2025-03-01,Completed,Web,East
6157,1232,2025-07-15,Completed,Web,East
6158,2847,2024-05-08,Completed,Web,North
6159,958,2024-02-28,Completed,Web,East
6160,637,2025-03-30,Completed,Mobile,North
6161,1403,2025-11-27,Completed,Mobile,East
6162,675,2024-07-01,Completed,Partner,South
6163,2301,2024-11-24,Completed,Partner,West
6164,2957,2024-04-04,Completed,Mobile,East
6165,408,2024-07-03,Completed,Mobile,South
6166,1190,2024-09-21,Completed,Mobile,East
6167,644,2025-08-08,Completed,Mobile,East
6168,1194,2025-10-07,Completed,Mobile,South
6169,1853,2025-01-03,Completed,Partner,West
6170,2958,2025-08-29,Completed,Web,West
6171,1157,2026-05-05,Completed,Partner,East
6172,1546,2024-05-19,Cancelled,Partner,North
6173,2586,2024-05-09,Pending,Mobile,North
6174,2338,2024-01-11,Completed,Partner,North
6175,390,2025-07-27,Completed,Partner,East
6176,220,2025-09-17,Completed,Web,East
6177,1835,2025-07-09,Completed,Web,West
6178,1086,2024-07-03,Completed,Web,North
6179,4,2025-08-19,Completed,Web,North
6180,1971,2024-01-24,Completed,Mobile,South
6181,370,2024-07-14,Completed,Mobile,East
6182,1790,2024-10-12,Completed,Mobile,East
6183,884,2024-01-12,Completed,Web,East
6184,2346,2025-07-14,Completed,Partner,South
6185,989,2024-01-03,Completed,Web,East
6186,2132,2024-12-20,Completed,Partner,East
6187,1620,2024-11-06,Completed,Mobile,South
6188,187,2025-01-02,Pending,Partner,West
6189,58,2025-02-03,Completed,Web,West
6190,1459,2024-02-07,Cancelled,Mobile,East
6191,1668,2024-08-12,Completed,Partner,East
6192,947,2025-03-08,Cancelled,Mobile,South
6193,2368,2024-04-06,Completed,Mobile,West
6194,1827,2026-03-05,Completed,Mobile,East
6195,2582,2025-10-11,Completed,Web,South
6196,929,2025-10-25,Completed,Partner,East
6197,2840,2024-02-01,Completed,Web,South
6198,1607,2026-05-31,Completed,Partner,East
6199,1220,2024-05-31,Pending,Mobile,North
6200,1898,2026-08-02,Completed,Web,South
6201,2619,2025-05-17,Completed,Partner,West
6202,66,2026-07-21,Completed,Web,South
6203,1450,2025-12-05,Completed,Partner,North
6204,2998,2024-03-06,Completed,Partner,South
6205,410,2025-02-08,Completed,Partner,South
6206,378,2024-02-09,Completed,Partner,West
6207,852,2026-07-09,Completed,Mobile,West
6208,2986,2026-07-11,Cancelled,Partner,West
6209,1923,2025-10-22,Completed,Web,South
6210,526,2024-02-19,Completed,Mobile,North
6211,742,2026-08-20,Completed,Mobile,North
6212,1081,2024-06-07,Completed,Web,South
6213,1274,2024-05-03,Completed,Web,East
6214,2057,2025-07-04,Completed,Mobile,West
6215,147,2025-04-26,Completed,Web,East
6216,809,2025-05-12,Completed,Web,West
6217,246,2024-05-16,Cancelled,Mobile,East
6218,1300,2025-12-10,Completed,Web,South
6219,2344,2024-01-03,Completed,Mobile,South
6220,1463,2025-11-20,Completed,Mobile,South
6221,1972,2024-11-29,Completed,Web,North
6222,442,2024-05-02,Completed,Web,North
6223,1761,2025-06-29,Completed,Partner,North
6224,2444,2026-07-02,Completed,Mobile,South
6225,1241,2026-06-28,Completed,Web,West
6226,1100,2025-06-18,Completed,Web,South
6227,1797,2024-08-30,Completed,Mobile,West
6228,1303,2024-08-23,Completed,Partner,West
6229,600,2026-07-01,Completed,Partner,North
6230,1151,2024-06-14,Pending,Web,West
6231,1377,2025-04-14,Completed,Partner,West
6232,903,2025-06-26,Completed,Partner,West
6233,1330,2025-03-31,Pending,Partner,West
6234,2223,2024-08-12,Completed,Mobile,East
6235,2050,2025-07-09,Completed,Partner,South
6236,2537,2024-11-04,Completed,Mobile,West
6237,1106,2024-01-06,Completed,Mobile,West
6238,1814,2026-06-16,Completed,Web,North
6239,2056,2024-10-15,Completed,Web,North
6240,1088,2026-01-13,Completed,Mobile,West
6241,1757,2024-02-14,Completed,Mobile,South
6242,559,2024-08-13,Completed,Web,West
6243,2619,2024-11-03,Completed,Partner,West
6244,1761,2026-07-29,Completed,Partner,North
6245,1927,2024-01-06,Completed,Partner,North
6246,2948,2024-10-29,Completed,Web,East
6247,2417,2026-05-25,Completed,Partner,North
6248,1559,2024-10-11,Completed,Mobile,South
6249,2915,2025-09-05,Completed,Web,East
6250,1639,2025-03-30,Completed,Partner,West
6251,761,2025-02-15,Completed,Partner,North
6252,246,2024-06-29,Completed,Web,East
6253,816,2024-05-15,Completed,Partner,South
6254,1947,2026-03-23,Completed,Partner,West
6255,2437,2024-11-09,Completed,Partner,North
6256,1153,2024-09-13,Cancelled,Partner,East
6257,1287,2024-09-14,Completed,Web,North
6258,1387,2026-04-27,Completed,Partner,North
6259,856,2025-12-18,Completed,Web,West
6260,2029,2024-11-27,Pending,Partner,West
6261,2984,2025-08-09,Completed,Partner,North
6262,534,2025-06-10,Completed,Partner,East
6263,1217,2025-05-30,Completed,Web,North
6264,591,2026-06-24,Completed,Web,West
6265,2486,2026-08-21,Completed,Partner,South
6266,2039,2024-07-07,Completed,Mobile,South
6267,1095,2026-08-02,Completed,Partner,South
6268,378,2024-01-06,Completed,Partner,West
6269,260,2025-09-16,Completed,Web,North
6270,630,2025-03-27,Completed,Mobile,North
6271,1763,2026-06-26,Completed,Web,East
6272,849,2026-02-15,Completed,Partner,West
6273,2541,2026-02-23,Completed,Web,North
6274,1033,2026-04-26,Completed,Mobile,East
6275,29,2025-11-13,Cancelled,Partner,West
6276,2437,2025-02-20,Completed,Mobile,North
6277,346,2024-12-19,Completed,Web,North
6278,597,2025-08-07,Cancelled,Partner,West
6279,772,2025-11-22,Cancelled,Web,East
6280,2578,2025-05-30,Completed,Partner,West
6281,2199,2025-05-31,Completed,Partner,West
6282,2010,2025-05-14,Completed,Mobile,West
6283,2630,2025-06-04,Completed,Mobile,West
6284,13,2026-05-16,Cancelled,Partner,West
6285,847,2024-06-08,Completed,Partner,West
6286,500,2024-08-22,Completed,Partner,East
6287,579,2026-07-02,Completed,Partner,West
6288,1717,2025-02-02,Completed,Web,South
6289,511,2026-07-31,Completed,Partner,West
6290,2328,2026-08-26,Completed,Web,North
6291,1381,2025-10-07,Cancelled,Partner,South
6292,106,2026-07-12,Completed,Partner,East
6293,2862,2024-01-10,Cancelled,Web,West
6294,1400,2025-07-30,Completed,Web,East
6295,1092,2025-12-13,Completed,Partner,West
6296,1449,2025-03-29,Completed,Mobile,West
6297,303,2024-09-26,Completed,Partner,North
6298,1726,2024-01-17,Completed,Mobile,East
6299,2089,2025-01-18,Completed,Web,North
6300,2928,2024-11-24,Completed,Mobile,South
6301,2564,2024-07-04,Completed,Partner,West
6302,65,2026-02-24,Cancelled,Mobile,North
6303,66,2024-05-19,Completed,Mobile,South
6304,119,2024-12-04,Completed,Mobile,East
6305,382,2026-02-21,Completed,Partner,South
6306,2225,2024-09-26,Completed,Partner,East
6307,1697,2026-03-27,Completed,Partner,East
6308,1468,2024-07-06,Completed,Web,South
6309,1891,2026-08-16,Completed,Partner,East
6310,2082,2025-10-22,Completed,Partner,North
6311,1519,2025-08-22,Completed,Mobile,East
6312,1469,2024-01-12,Completed,Partner,East
6313,583,2026-03-14,Completed,Partner,East
6314,2756,2025-08-10,Completed,Mobile,West
6315,2991,2025-06-14,Completed,Web,West
6316,1346,2024-08-15,Completed,Partner,South
6317,164,2025-11-20,Completed,Mobile,South
6318,1112,2026-04-07,Completed,Mobile,North
6319,749,2025-02-26,Completed,Partner,West
6320,2238,2026-04-10,Completed,Mobile,North
6321,28,2025-12-14,Completed,Mobile,East
6322,2206,2025-05-17,Completed,Partner,South
6323,1946,2024-10-11,Completed,Partner,North
6324,1537,2024-03-21,Completed,Mobile,North
6325,2838,2024-07-08,Completed,Partner,South
6326,856,2024-09-30,Completed,Web,West
6327,1230,2024-11-27,Completed,Web,South
6328,1078,2026-05-02,Completed,Partner,South
6329,1515,2024-01-27,Completed,Partner,East
6330,2070,2024-10-11,Completed,Web,East
6331,17,2025-05-27,Pending,Partner,East
6332,1144,2025-07-29,Pending,Web,North
6333,233,2025-01-09,Completed,Mobile,West
6334,2409,2026-05-14,Completed,Mobile,East
6335,12,2024-04-25,Completed,Web,West
6336,774,2026-02-20,Completed,Partner,West
6337,2254,2025-02-17,Completed,Mobile,West
6338,544,2025-03-10,Completed,Mobile,West
6339,1404,2025-07-22,Completed,Web,North
6340,1121,2025-05-31,Completed,Partner,North
6341,1988,2026-06-15,Completed,Mobile,South
6342,1833,2024-07-31,Completed,Web,West
6343,1356,2025-10-02,Completed,Partner,North
6344,2494,2024-09-24,Completed,Partner,East
6345,1816,2025-11-20,Completed,Partner,North
6346,1883,2024-05-20,Completed,Web,West
6347,115,2025-08-18,Completed,Mobile,East
6348,1072,2024-03-04,Completed,Partner,South
6349,2253,2025-02-13,Completed,Web,South
6350,439,2026-04-03,Completed,Web,North
6351,1098,2026-01-19,Pending,Web,North
6352,1615,2025-03-17,Completed,Mobile,North
6353,526,2026-06-23,Completed,Mobile,North
6354,73,2024-06-29,Completed,Partner,North
6355,2533,2024-03-11,Completed,Web,East
6356,2542,2025-02-18,Completed,Partner,South
6357,2599,2025-12-26,Completed,Web,North
6358,1371,2026-08-16,Completed,Partner,North
6359,1736,2026-04-20,Completed,Web,South
6360,2131,2025-02-17,Completed,Web,North
6361,1895,2026-05-17,Completed,Mobile,North
6362,476,2025-10-08,Completed,Partner,West
6363,155,2024-01-22,Completed,Web,East
6364,1062,2025-02-27,Completed,Mobile,East
6365,2341,2025-02-27,Completed,Web,West
6366,1580,2026-01-13,Completed,Mobile,West
6367,1632,2024-09-01,Completed,Partner,East
6368,2175,2025-08-27,Completed,Web,West
6369,2618,2024-04-05,Completed,Partner,North
6370,657,2025-08-06,Completed,Partner,West
6371,2095,2026-02-06,Completed,Partner,North
6372,1854,2026-04-07,Completed,Partner,East
6373,1601,2024-07-13,Pending,Web,South
6374,46,2026-03-11,Completed,Partner,North
6375,2075,2025-12-30,Completed,Partner,West
6376,1270,2024-10-23,Completed,Mobile,South
6377,1332,2025-11-16,Completed,Web,West
6378,459,2024-11-25,Completed,Partner,South
6379,2050,2026-02-06,Completed,Partner,South
6380,2303,2025-05-04,Completed,Web,East
6381,134,2025-10-12,Completed,Mobile,East
6382,1306,2024-07-04,Completed,Web,South
6383,1742,2025-07-20,Completed,Partner,West
6384,1997,2024-12-07,Completed,Partner,North
6385,1771,2026-05-15,Completed,Web,South
6386,2184,2025-02-24,Completed,Partner,East
6387,2027,2026-02-02,Completed,Mobile,West
6388,2543,2025-01-05,Completed,Partner,West
6389,1452,2024-01-28,Cancelled,Mobile,West
6390,1979,2025-01-18,Completed,Web,West
6391,1380,2024-07-19,Completed,Partner,South
6392,498,2025-05-14,Completed,Partner,North
6393,1686,2024-03-31,Completed,Partner,West
6394,748,2024-04-30,Completed,Partner,West
6395,1628,2024-01-28,Completed,Partner,East
6396,107,2024-07-08,Completed,Web,South
6397,165,2026-03-14,Completed,Web,East
6398,347,2026-06-28,Completed,Web,South
6399,2608,2025-03-25,Completed,Mobile,North
6400,1895,2025-03-21,Completed,Mobile,North
6401,1418,2024-11-18,Completed,Partner,East
6402,1306,2026-07-16,Completed,Mobile,South
6403,1568,2024-08-17,Cancelled,Mobile,East
6404,1410,2024-10-27,Completed,Web,North
6405,1178,2025-11-01,Completed,Mobile,North
6406,474,2025-05-21,Completed,Web,North
6407,2285,2025-08-03,Completed,Web,North
6408,1725,2026-04-27,Completed,Mobile,West
6409,1487,2025-01-09,Completed,Web,West
6410,2157,2024-07-30,Pending,Mobile,East
6411,2893,2025-04-25,Pending,Web,South
6412,2233,2024-04-11,Completed,Partner,East
6413,2106,2026-06-19,Completed,Web,North
6414,2434,2024-12-06,Completed,Partner,West
6415,2453,2024-06-25,Completed,Partner,North
6416,720,2024-10-28,Completed,Web,West
6417,1902,2026-07-23,Completed,Web,North
6418,2831,2025-03-31,Completed,Web,East
6419,2602,2025-01-04,Completed,Web,East
6420,2237,2026-04-28,Completed,Partner,North
6421,1765,2025-11-09,Completed,Partner,North
6422,557,2026-06-18,Completed,Partner,North
6423,960,2024-10-24,Completed,Web,East
6424,789,2026-02-19,Completed,Mobile,East
6425,2611,2024-06-21,Completed,Mobile,South
6426,1075,2026-01-16,Completed,Web,West
6427,912,2024-01-10,Completed,Web,East
6428,2681,2024-05-15,Completed,Partner,North
6429,59,2024-11-06,Completed,Mobile,West
6430,1124,2024-08-24,Completed,Partner,East
6431,43,2025-01-06,Completed,Partner,North
6432,552,2025-09-07,Completed,Web,East
6433,2747,2026-04-21,Completed,Partner,West
6434,2895,2025-12-08,Completed,Mobile,North
6435,843,2024-06-07,Completed,Mobile,North
6436,2629,2025-03-26,Completed,Mobile,West
6437,2177,2025-04-09,Completed,Partner,South
6438,1818,2024-07-13,Completed,Web,North
6439,190,2025-02-16,Completed,Web,West
6440,1425,2024-10-13,Completed,Mobile,South
6441,990,2026-04-30,Pending,Mobile,East
6442,2932,2026-08-08,Completed,Partner,North
6443,2124,2024-09-11,Completed,Web,East
6444,958,2025-09-24,Completed,Web,East
6445,1814,2025-12-09,Completed,Web,North
6446,368,2025-02-05,Completed,Web,South
6447,314,2025-08-20,Completed,Partner,South
6448,2270,2026-05-25,Completed,Mobile,West
6449,246,2024-02-25,Completed,Mobile,East
6450,1806,2025-06-19,Completed,Partner,South
6451,779,2024-08-14,Completed,Partner,East
6452,743,2025-09-10,Completed,Partner,South
6453,939,2024-09-13,Completed,Web,North
6454,2599,2026-08-07,Pending,Partner,North
6455,175,2025-04-11,Completed,Partner,West
6456,1690,2024-08-08,Completed,Mobile,East
6457,2238,2026-01-20,Completed,Web,North
6458,2628,2026-06-06,Completed,Mobile,North
6459,721,2025-07-02,Cancelled,Partner,South
6460,2352,2026-03-05,Completed,Web,West
6461,427,2026-07-31,Completed,Mobile,East
6462,2596,2024-05-16,Completed,Web,North
6463,1399,2025-01-02,Pending,Mobile,East
6464,1418,2024-06-27,Cancelled,Web,East
6465,371,2026-05-11,Completed,Mobile,North
6466,2570,2026-04-07,Completed,Web,North
6467,891,2026-03-02,Completed,Web,North
6468,893,2024-08-05,Completed,Web,East
6469,2578,2025-12-28,Completed,Web,West
6470,689,2024-06-27,Cancelled,Partner,West
6471,807,2025-10-24,Completed,Partner,North
6472,1555,2025-03-30,Completed,Partner,West
6473,2579,2025-10-04,Completed,Mobile,West
6474,1020,2025-05-12,Completed,Partner,North
6475,2310,2025-07-30,Completed,Mobile,West
6476,1810,2026-05-30,Completed,Partner,East
6477,1242,2026-05-05,Completed,Mobile,South
6478,254,2026-08-19,Completed,Mobile,East
6479,2045,2024-02-07,Completed,Partner,West
6480,859,2024-08-17,Completed,Web,East
6481,2806,2024-10-14,Completed,Web,South
6482,2746,2026-01-05,Completed,Mobile,North
6483,1846,2025-06-19,Completed,Mobile,East
6484,2006,2024-07-18,Completed,Web,South
6485,2464,2026-04-23,Completed,Partner,East
6486,2900,2024-06-30,Completed,Mobile,North
6487,2859,2026-04-30,Completed,Mobile,North
6488,750,2024-06-07,Completed,Mobile,North
6489,498,2024-04-05,Completed,Mobile,North
6490,1864,2024-01-10,Completed,Partner,North
6491,1254,2025-10-25,Completed,Web,North
6492,1211,2024-06-27,Completed,Web,North
6493,2361,2025-03-31,Completed,Web,West
6494,1603,2025-08-23,Completed,Web,East
6495,2863,2026-06-14,Completed,Mobile,North
6496,1734,2024-12-19,Completed,Web,West
6497,70,2024-08-03,Completed,Web,West
6498,2764,2026-06-04,Completed,Partner,West
6499,1415,2025-05-04,Completed,Web,South
6500,1538,2025-08-29,Completed,Partner,South
6501,1342,2024-10-04,Cancelled,Web,North
6502,1870,2025-02-23,Completed,Mobile,East
6503,1817,2024-03-19,Completed,Mobile,East
6504,2137,2024-06-24,Completed,Partner,West
6505,1113,2025-06-25,Completed,Partner,North
6506,2011,2025-06-22,Completed,Web,North
6507,2077,2024-09-26,Completed,Mobile,South
6508,2244,2024-11-19,Completed,Mobile,West
6509,2891,2025-07-18,Cancelled,Partner,West
6510,2008,2026-08-01,Cancelled,Mobile,East
6511,1911,2026-06-18,Completed,Web,North
6512,829,2026-05-31,Completed,Mobile,West
6513,1110,2025-11-15,Completed,Partner,South
6514,2365,2024-05-03,Completed,Mobile,West
6515,2488,2025-05-26,Completed,Web,West
6516,2198,2026-06-14,Cancelled,Partner,North
6517,1780,2025-08-21,Completed,Partner,South
6518,740,2026-01-01,Completed,Mobile,East
6519,2461,2025-03-29,Completed,Partner,South
6520,712,2026-07-15,Completed,Partner,East
6521,2131,2026-05-02,Completed,Web,North
6522,1713,2025-07-05,Completed,Web,West
6523,1243,2024-11-17,Cancelled,Partner,West
6524,971,2025-12-02,Completed,Partner,East
6525,1978,2024-06-07,Completed,Mobile,East
6526,2557,2024-10-22,Pending,Mobile,West
6527,2732,2026-04-24,Completed,Mobile,East
6528,2695,2026-01-16,Pending,Partner,South
6529,2917,2024-04-17,Completed,Partner,North
6530,615,2026-08-27,Completed,Partner,North
6531,803,2025-04-09,Completed,Mobile,South
6532,1495,2024-05-17,Completed,Partner,North
6533,378,2026-07-10,Completed,Partner,West
6534,1233,2026-02-18,Completed,Mobile,West
6535,2815,2025-03-16,Completed,Mobile,East
6536,2191,2025-05-05,Completed,Web,East
6537,800,2025-04-13,Completed,Web,North
6538,2468,2024-05-13,Completed,Web,East
6539,1332,2024-05-04,Completed,Partner,West
6540,2122,2026-07-19,Completed,Mobile,North
6541,1570,2025-05-09,Completed,Partner,South
6542,569,2025-12-01,Completed,Partner,South
6543,639,2024-12-31,Completed,Web,South
6544,667,2026-07-23,Cancelled,Web,East
6545,2231,2025-06-12,Completed,Web,South
6546,1022,2025-04-24,Completed,Web,North
6547,1804,2025-03-27,Completed,Web,East
6548,2494,2024-11-23,Completed,Mobile,East
6549,1610,2025-03-10,Completed,Partner,West
6550,611,2025-03-17,Completed,Web,East
6551,824,2026-04-14,Completed,Mobile,West
6552,2457,2024-11-11,Completed,Mobile,West
6553,508,2024-10-26,Completed,Mobile,North
6554,2601,2026-04-10,Completed,Mobile,South
6555,2212,2024-07-14,Completed,Partner,South
6556,2426,2025-10-11,Completed,Web,West
6557,1987,2025-08-14,Cancelled,Web,West
6558,2320,2024-03-09,Completed,Web,South
6559,20,2026-05-27,Completed,Web,East
6560,701,2025-11-01,Completed,Web,West
6561,278,2026-05-02,Completed,Mobile,North
6562,2108,2026-06-05,Completed,Partner,East
6563,72,2024-02-03,Completed,Web,North
6564,2149,2025-11-04,Completed,Mobile,West
6565,1629,2026-05-18,Completed,Partner,North
6566,1418,2026-02-17,Completed,Web,East
6567,2173,2026-07-12,Completed,Partner,East
6568,117,2024-12-17,Completed,Mobile,East
6569,2314,2025-03-29,Completed,Mobile,West
6570,1996,2024-09-21,Completed,Partner,West
6571,1195,2025-12-25,Completed,Mobile,South
6572,1121,2024-08-12,Completed,Web,North
6573,1453,2024-03-01,Pending,Web,West
6574,756,2024-12-28,Completed,Partner,West
6575,1575,2024-10-08,Completed,Web,East
6576,2623,2025-07-31,Completed,Partner,West
6577,2352,2025-07-09,Completed,Mobile,West
6578,1604,2025-03-09,Completed,Partner,West
6579,250,2026-04-20,Completed,Mobile,East
6580,2175,2026-08-14,Completed,Mobile,West
6581,2883,2024-03-31,Completed,Partner,East
6582,2588,2025-02-26,Cancelled,Partner,West
6583,2075,2024-11-26,Completed,Partner,West
6584,609,2024-06-11,Completed,Web,North
6585,106,2026-07-10,Completed,Mobile,East
6586,1090,2024-03-31,Pending,Web,East
6587,9,2025-02-06,Cancelled,Partner,South
6588,2335,2024-12-14,Completed,Partner,South
6589,325,2024-10-30,Completed,Partner,South
6590,2596,2026-07-04,Completed,Web,North
6591,1010,2025-09-21,Completed,Partner,East
6592,476,2025-10-18,Completed,Partner,West
6593,2264,2024-01-26,Completed,Partner,East
6594,1037,2024-10-31,Completed,Partner,South
6595,2096,2025-08-31,Completed,Mobile,West
6596,1602,2024-05-28,Completed,Partner,North
6597,879,2024-02-27,Completed,Web,North
6598,274,2026-06-27,Completed,Partner,South
6599,2287,2025-04-02,Cancelled,Partner,South
6600,1475,2025-01-23,Completed,Mobile,West
6601,1262,2026-08-06,Completed,Mobile,East
6602,687,2025-03-27,Completed,Web,West
6603,1322,2024-09-15,Completed,Mobile,West
6604,1202,2025-08-05,Completed,Web,East
6605,1837,2025-07-28,Completed,Web,North
6606,982,2026-02-25,Completed,Web,West
6607,1277,2025-09-02,Completed,Web,South
6608,2208,2024-09-13,Completed,Web,East
6609,1404,2026-08-01,Completed,Web,North
6610,1767,2024-02-11,Completed,Partner,South
6611,1316,2024-11-27,Completed,Partner,North
6612,1517,2026-07-26,Completed,Web,South
6613,406,2024-08-30,Completed,Web,North
6614,2994,2025-05-25,Completed,Mobile,North
6615,936,2026-04-02,Completed,Partner,South
6616,894,2024-07-11,Cancelled,Web,North
6617,1446,2026-02-28,Completed,Mobile,South
6618,796,2025-11-14,Completed,Mobile,West
6619,1472,2025-04-10,Completed,Partner,South
6620,1189,2024-04-28,Completed,Partner,East
6621,764,2024-11-14,Completed,Mobile,South
6622,66,2024-01-17,Completed,Mobile,South
6623,643,2026-07-07,Completed,Web,South
6624,2939,2025-02-02,Completed,Partner,South
6625,836,2026-07-20,Completed,Partner,North
6626,2895,2025-09-06,Completed,Web,North
6627,2237,2024-11-21,Completed,Web,North
6628,2866,2024-09-04,Completed,Partner,South
6629,1593,2024-11-25,Completed,Mobile,West
6630,2487,2024-02-13,Completed,Partner,North
6631,2506,2025-10-23,Pending,Web,North
6632,393,2025-02-10,Completed,Web,West
6633,2043,2026-05-18,Completed,Mobile,North
6634,1292,2024-05-11,Completed,Partner,West
6635,2723,2024-03-05,Completed,Web,East
6636,974,2025-09-10,Completed,Mobile,North
6637,50,2024-10-17,Cancelled,Partner,South
6638,1409,2026-08-15,Completed,Mobile,North
6639,661,2025-05-11,Completed,Mobile,South
6640,1938,2026-02-23,Completed,Mobile,North
6641,2270,2025-08-13,Completed,Mobile,West
6642,2083,2026-06-20,Completed,Mobile,East
6643,517,2026-02-20,Completed,Web,East
6644,654,2026-01-14,Completed,Web,West
6645,2519,2024-04-11,Completed,Web,North
6646,2096,2024-05-19,Completed,Partner,West
6647,1345,2024-05-27,Completed,Partner,West
6648,125,2026-08-15,Cancelled,Web,West
6649,2588,2025-08-23,Completed,Partner,West
6650,550,2025-04-22,Completed,Mobile,North
6651,891,2025-01-27,Completed,Web,North
6652,253,2026-08-04,Completed,Partner,South
6653,890,2024-06-01,Completed,Web,South
6654,482,2026-06-30,Completed,Mobile,North
6655,2642,2024-02-08,Completed,Mobile,North
6656,2518,2025-04-03,Completed,Partner,South
6657,108,2026-03-23,Completed,Mobile,North
6658,1092,2026-06-08,Completed,Mobile,West
6659,2820,2025-03-12,Completed,Partner,West
6660,656,2026-08-28,Completed,Web,East
6661,2128,2025-03-02,Completed,Partner,South
6662,1324,2026-01-10,Completed,Partner,North
6663,2317,2025-05-05,Cancelled,Web,South
6664,446,2025-04-25,Completed,Partner,North
6665,1542,2025-03-04,Completed,Partner,East
6666,688,2025-09-30,Cancelled,Web,South
6667,667,2024-11-12,Completed,Partner,East
6668,812,2024-04-27,Completed,Web,East
6669,1854,2026-04-26,Completed,Partner,East
6670,2244,2024-02-22,Pending,Web,West
6671,237,2024-06-12,Completed,Web,South
6672,2384,2026-05-09,Completed,Web,East
6673,1500,2024-08-19,Completed,Partner,East
6674,1773,2025-04-05,Completed,Partner,West
6675,1158,2026-01-18,Completed,Mobile,West
6676,931,2024-02-28,Pending,Web,East
6677,1764,2024-07-25,Pending,Partner,East
6678,690,2026-02-24,Completed,Web,East
6679,407,2024-12-23,Completed,Web,East
6680,2167,2025-09-14,Completed,Partner,West
6681,1118,2024-06-05,Completed,Web,North
6682,2537,2025-02-14,Completed,Partner,West
6683,398,2026-03-20,Completed,Mobile,South
6684,675,2024-12-01,Completed,Partner,South
6685,954,2024-03-22,Completed,Web,West
6686,1932,2024-04-20,Completed,Mobile,West
6687,2163,2024-02-17,Completed,Partner,South
6688,2923,2024-03-09,Completed,Partner,North
6689,334,2026-05-18,Completed,Web,East
6690,2269,2025-10-25,Completed,Web,East
6691,1647,2026-06-06,Completed,Mobile,East
6692,983,2025-10-08,Completed,Web,East
6693,671,2024-03-22,Cancelled,Partner,West
6694,1790,2024-12-23,Cancelled,Partner,East
6695,2282,2024-04-05,Completed,Partner,North
6696,1467,2025-04-05,Completed,Web,East
6697,1744,2026-07-08,Completed,Partner,North
6698,265,2025-07-18,Completed,Mobile,North
6699,750,2026-08-13,Completed,Partner,North
6700,1122,2025-04-24,Completed,Partner,South
6701,792,2026-04-10,Completed,Partner,North
6702,550,2026-08-05,Completed,Partner,North
6703,1651,2025-05-21,Completed,Web,East
6704,2304,2026-06-01,Completed,Mobile,South
6705,1162,2026-03-09,Completed,Partner,East
6706,2322,2025-03-16,Completed,Mobile,West
6707,906,2026-06-25,Completed,Partner,North
6708,2320,2026-06-25,Completed,Mobile,South
6709,1956,2026-05-05,Completed,Partner,East
6710,48,2024-11-10,Cancelled,Web,South
6711,822,2024-06-23,Completed,Mobile,East
6712,1690,2025-06-16,Completed,Partner,East
6713,1440,2024-02-15,Completed,Mobile,West
6714,1048,2024-09-07,Completed,Web,South
6715,116,2026-02-19,Completed,Partner,East
6716,2692,2026-06-21,Completed,Mobile,South
6717,2758,2024-08-12,Completed,Partner,West
6718,1509,2024-10-05,Completed,Web,South
6719,2847,2025-07-05,Completed,Partner,North
6720,1620,2024-02-18,Pending,Web,South
6721,2180,2024-08-09,Completed,Partner,North
6722,969,2026-03-02,Completed,Web,West
6723,2215,2026-01-22,Completed,Mobile,West
6724,1384,2025-07-19,Completed,Web,North
6725,2945,2024-09-20,Completed,Mobile,North
6726,2995,2024-05-07,Completed,Partner,South
6727,1910,2025-02-09,Completed,Mobile,North
6728,492,2025-10-22,Completed,Partner,North
6729,1418,2024-06-27,Completed,Web,East
6730,693,2024-12-07,Pending,Partner,East
6731,200,2025-11-14,Cancelled,Web,East
6732,2023,2026-07-20,Completed,Mobile,West
6733,2152,2024-03-23,Completed,Web,South
6734,1373,2025-09-05,Pending,Mobile,North
6735,759,2025-02-03,Completed,Partner,South
6736,471,2025-06-15,Completed,Mobile,South
6737,1700,2026-03-11,Completed,Mobile,East
6738,2439,2025-01-03,Completed,Mobile,North
6739,744,2025-03-21,Completed,Mobile,West
6740,361,2026-05-15,Completed,Mobile,South
6741,268,2026-05-13,Cancelled,Partner,South
6742,2663,2026-03-11,Pending,Partner,East
6743,1264,2024-08-03,Completed,Partner,East
6744,172,2026-07-24,Completed,Web,North
6745,628,2025-04-24,Completed,Partner,South
6746,1548,2024-06-12,Completed,Partner,East
6747,800,2024-10-25,Completed,Mobile,North
6748,1311,2026-04-26,Completed,Mobile,West
6749,2531,2026-03-05,Completed,Partner,North
6750,1310,2026-01-05,Completed,Mobile,North
6751,1394,2026-06-03,Completed,Web,West
6752,1486,2025-06-18,Pending,Partner,South
6753,1856,2025-03-03,Cancelled,Web,West
6754,2806,2024-07-11,Completed,Partner,South
6755,852,2024-09-20,Completed,Mobile,West
6756,1957,2025-10-02,Completed,Mobile,North
6757,1418,2025-05-14,Completed,Partner,East
6758,2219,2024-01-14,Completed,Mobile,North
6759,581,2026-06-25,Cancelled,Web,South
6760,1661,2026-01-12,Completed,Web,West
6761,2383,2025-08-14,Completed,Web,East
6762,1552,2024-09-22,Completed,Web,South
6763,1018,2024-12-29,Completed,Mobile,East
6764,873,2026-02-02,Completed,Mobile,East
6765,2301,2025-04-13,Cancelled,Partner,West
6766,1019,2025-11-02,Cancelled,Partner,East
6767,158,2026-03-25,Completed,Web,East
6768,2058,2024-07-27,Completed,Mobile,West
6769,1545,2026-03-11,Completed,Mobile,East
6770,1802,2024-01-25,Completed,Mobile,North
6771,449,2026-08-14,Completed,Partner,South
6772,1297,2024-05-16,Completed,Web,North
6773,747,2024-07-29,Completed,Mobile,North
6774,1261,2025-12-04,Completed,Mobile,East
6775,19,2024-03-01,Pending,Web,West
6776,2186,2024-02-24,Completed,Web,East
6777,387,2025-10-03,Completed,Partner,North
6778,789,2025-06-21,Cancelled,Mobile,East
6779,470,2025-08-26,Completed,Mobile,West
6780,1051,2025-04-22,Completed,Web,South
6781,292,2025-08-01,Completed,Mobile,East
6782,2760,2024-07-22,Completed,Web,South
6783,2753,2026-08-09,Completed,Partner,South
6784,1273,2025-06-25,Completed,Partner,North
6785,1281,2026-03-07,Completed,Partner,West
6786,1596,2024-11-26,Completed,Web,South
6787,2795,2026-03-05,Completed,Mobile,North
6788,2799,2026-04-27,Completed,Web,East
6789,2973,2025-12-02,Completed,Web,West
6790,2561,2025-04-24,Completed,Web,South
6791,2300,2024-10-15,Pending,Mobile,East
6792,2496,2025-08-30,Completed,Mobile,North
6793,1970,2025-09-29,Cancelled,Web,West
6794,2336,2024-06-29,Completed,Mobile,East
6795,711,2025-12-04,Completed,Partner,East
6796,45,2024-03-12,Completed,Web,North
6797,909,2025-03-20,Completed,Partner,South
6798,592,2024-05-27,Completed,Mobile,West
6799,2195,2026-07-11,Completed,Web,East
6800,1434,2025-06-13,Completed,Mobile,North
6801,2944,2026-06-29,Completed,Mobile,South
6802,128,2025-01-15,Completed,Mobile,North
6803,1756,2026-06-01,Completed,Mobile,West
6804,2918,2026-03-14,Cancelled,Partner,West
6805,1006,2026-02-09,Completed,Partner,South
6806,1838,2024-11-28,Completed,Mobile,North
6807,1409,2024-03-18,Completed,Partner,North
6808,1749,2026-04-07,Completed,Partner,South
6809,1325,2026-08-19,Cancelled,Web,West
6810,315,2024-02-13,Completed,Partner,North
6811,1905,2024-01-17,Completed,Web,North
6812,1721,2026-02-04,Completed,Partner,South
6813,1412,2025-03-03,Completed,Partner,North
6814,632,2026-02-02,Completed,Partner,East
6815,371,2024-05-03,Completed,Partner,North
6816,1758,2024-07-29,Completed,Web,East
6817,2021,2025-04-28,Completed,Web,South
6818,429,2026-08-04,Cancelled,Partner,North
6819,1229,2024-07-14,Completed,Web,South
6820,2619,2026-03-09,Completed,Web,West
6821,1668,2026-07-06,Completed,Web,East
6822,1076,2025-08-08,Completed,Web,North
6823,2320,2024-11-25,Completed,Mobile,South
6824,47,2025-08-12,Pending,Partner,East
6825,1606,2026-02-24,Completed,Mobile,West
6826,1079,2026-03-19,Completed,Web,North
6827,2702,2025-01-06,Completed,Partner,North
6828,2937,2025-12-22,Cancelled,Mobile,South
6829,2329,2024-01-14,Completed,Partner,East
6830,508,2025-04-30,Pending,Mobile,North
6831,2752,2025-02-01,Completed,Partner,West
6832,1221,2025-04-05,Completed,Partner,West
6833,278,2024-11-07,Completed,Partner,North
6834,1306,2024-02-04,Completed,Web,South
6835,2128,2025-11-27,Completed,Web,South
6836,681,2025-05-07,Completed,Web,North
6837,865,2026-05-27,Completed,Partner,East
6838,1983,2024-08-19,Completed,Partner,South
6839,2104,2024-04-08,Completed,Partner,South
6840,2026,2026-04-27,Completed,Mobile,South
6841,924,2025-06-12,Completed,Web,East
6842,1855,2025-01-27,Completed,Mobile,South
6843,145,2024-03-08,Completed,Web,West
6844,1180,2025-01-30,Completed,Web,North
6845,1854,2025-10-20,Completed,Web,East
6846,2806,2024-12-02,Completed,Web,South
6847,2655,2025-06-18,Completed,Web,South
6848,2884,2025-06-06,Completed,Partner,South
6849,429,2025-12-30,Completed,Mobile,North
6850,2967,2026-01-25,Cancelled,Web,North
6851,2696,2024-03-01,Completed,Partner,East
6852,2793,2024-02-01,Completed,Partner,North
6853,369,2024-12-30,Completed,Partner,South
6854,2457,2024-10-03,Completed,Web,West
6855,2759,2024-02-22,Completed,Mobile,South
6856,1484,2025-06-11,Completed,Web,North
6857,2331,2026-05-16,Completed,Web,West
6858,2967,2025-06-28,Completed,Mobile,North
6859,2555,2025-07-13,Pending,Web,East
6860,1506,2026-04-07,Cancelled,Web,North
6861,1335,2024-02-08,Completed,Partner,West
6862,1423,2026-01-01,Completed,Web,West
6863,1175,2026-05-26,Pending,Partner,South
6864,1676,2024-04-02,Completed,Mobile,West
6865,1395,2024-06-20,Completed,Mobile,South
6866,540,2024-07-29,Completed,Web,South
6867,1918,2026-08-09,Cancelled,Mobile,North
6868,2593,2024-03-07,Completed,Web,North
6869,1271,2024-06-12,Completed,Mobile,East
6870,1608,2024-07-25,Completed,Web,West
6871,1383,2026-03-10,Cancelled,Mobile,West
6872,2107,2024-06-20,Pending,Web,West
6873,1282,2025-04-08,Completed,Mobile,West
6874,1270,2025-03-09,Pending,Partner,South
6875,1820,2024-03-09,Completed,Mobile,East
6876,676,2025-11-13,Completed,Mobile,South
6877,621,2025-09-14,Completed,Partner,North
6878,1716,2025-02-23,Completed,Mobile,South
6879,1138,2024-09-08,Completed,Partner,North
6880,1387,2026-04-23,Completed,Partner,North
6881,869,2026-07-15,Cancelled,Web,West
6882,60,2026-03-20,Cancelled,Mobile,West
6883,404,2024-03-25,Completed,Web,West
6884,530,2025-10-11,Completed,Partner,East
6885,1064,2025-12-18,Completed,Partner,East
6886,2303,2026-06-09,Completed,Mobile,East
6887,864,2024-11-14,Completed,Partner,West
6888,476,2024-01-24,Completed,Web,West
6889,926,2024-06-23,Completed,Mobile,South
6890,385,2025-08-25,Completed,Partner,South
6891,437,2026-01-26,Completed,Mobile,West
6892,1199,2025-06-02,Completed,Mobile,South
6893,1631,2025-01-02,Completed,Mobile,East
6894,854,2026-02-12,Completed,Web,East
6895,1073,2024-08-29,Completed,Web,East
6896,2853,2024-04-15,Completed,Web,East
6897,734,2024-05-04,Completed,Partner,South
6898,1504,2026-04-12,Completed,Web,West
6899,1269,2024-05-07,Pending,Partner,South
6900,1884,2024-07-09,Completed,Mobile,North
6901,177,2026-03-15,Completed,Partner,South
6902,1803,2024-07-11,Completed,Web,South
6903,27,2024-06-13,Completed,Web,West
6904,1908,2024-10-18,Completed,Partner,South
6905,1970,2024-05-31,Completed,Web,West
6906,1953,2026-05-06,Completed,Partner,North
6907,2702,2024-12-26,Completed,Mobile,North
6908,1005,2025-02-18,Completed,Mobile,North
6909,108,2024-04-23,Completed,Web,North
6910,1815,2026-07-30,Pending,Partner,South
6911,2731,2024-12-20,Completed,Web,North
6912,2490,2025-09-24,Completed,Partner,North
6913,1385,2025-07-09,Completed,Partner,North
6914,2528,2025-11-06,Completed,Mobile,East
6915,2873,2026-02-21,Completed,Partner,South
6916,1179,2026-02-20,Cancelled,Partner,South
6917,1331,2026-08-13,Completed,Partner,North
6918,1395,2025-03-18,Completed,Mobile,South
6919,2954,2025-05-04,Completed,Mobile,West
6920,2702,2024-02-03,Completed,Mobile,North
6921,480,2025-02-11,Completed,Mobile,West
6922,917,2025-06-23,Completed,Partner,South
6923,2203,2026-07-23,Completed,Mobile,East
6924,1503,2024-07-27,Completed,Web,North
6925,1776,2026-03-15,Cancelled,Mobile,West
6926,2405,2025-10-18,Completed,Web,North
6927,1433,2026-01-21,Completed,Web,North
6928,1880,2026-04-27,Completed,Partner,South
6929,886,2026-05-01,Cancelled,Mobile,North
6930,2889,2026-05-19,Completed,Web,East
6931,2908,2025-04-30,Completed,Partner,North
6932,745,2025-05-24,Completed,Web,East
6933,1046,2026-08-04,Completed,Web,North
6934,1138,2026-03-19,Completed,Web,North
6935,2529,2024-03-10,Completed,Web,South
6936,1980,2026-07-11,Completed,Web,South
6937,2703,2026-08-17,Completed,Mobile,West
6938,1394,2024-01-27,Completed,Partner,West
6939,725,2025-06-05,Cancelled,Partner,North
6940,1370,2026-04-03,Completed,Web,North
6941,2505,2024-07-09,Completed,Partner,North
6942,303,2026-07-17,Completed,Mobile,North
6943,2458,2026-04-14,Cancelled,Web,North
6944,2055,2025-09-18,Completed,Partner,North
6945,2621,2025-03-18,Pending,Mobile,North
6946,1605,2024-05-09,Completed,Mobile,East
6947,2003,2026-08-14,Completed,Partner,North
6948,1334,2025-07-27,Cancelled,Partner,East
6949,1466,2026-01-07,Pending,Mobile,East
6950,2839,2024-08-05,Completed,Partner,North
6951,700,2024-01-15,Completed,Mobile,North
6952,452,2026-07-29,Completed,Web,South
6953,2242,2024-05-19,Completed,Mobile,West
6954,1630,2024-02-20,Completed,Mobile,East
6955,258,2026-02-07,Completed,Web,West
6956,136,2025-03-08,Pending,Mobile,North
6957,1645,2024-05-23,Completed,Mobile,South
6958,135,2026-01-04,Completed,Mobile,South
6959,621,2025-09-09,Completed,Partner,North
6960,1222,2025-05-10,Completed,Partner,East
6961,854,2025-07-27,Completed,Partner,East
6962,2838,2024-09-27,Completed,Partner,South
6963,2365,2024-03-18,Completed,Mobile,West
6964,1096,2024-10-17,Pending,Mobile,East
6965,1884,2024-03-05,Completed,Partner,North
6966,1694,2025-06-27,Completed,Partner,West
6967,876,2024-01-24,Cancelled,Web,East
6968,2900,2025-05-04,Completed,Mobile,North
6969,1150,2024-09-09,Completed,Web,West
6970,1694,2024-02-14,Cancelled,Partner,West
6971,1107,2024-06-19,Completed,Mobile,North
6972,2803,2026-06-05,Completed,Web,West
6973,1036,2024-03-13,Completed,Web,South
6974,2061,2026-01-23,Completed,Mobile,South
6975,718,2024-12-11,Completed,Partner,West
6976,2007,2026-05-14,Completed,Web,West
6977,2620,2024-02-26,Completed,Mobile,South
6978,1739,2026-02-12,Completed,Web,North
6979,2267,2024-10-06,Completed,Mobile,East
6980,2774,2025-01-26,Completed,Partner,East
6981,2942,2024-05-03,Completed,Mobile,South
6982,2435,2025-08-21,Completed,Mobile,West
6983,1310,2025-02-15,Cancelled,Mobile,North
6984,1061,2026-08-15,Cancelled,Mobile,West
6985,2112,2025-03-30,Completed,Web,South
6986,1886,2026-05-03,Completed,Web,East
6987,2469,2026-03-28,Completed,Partner,East
6988,1289,2024-04-21,Completed,Web,South
6989,2909,2026-05-15,Completed,Web,East
6990,2215,2024-12-21,Completed,Web,West
6991,1757,2026-02-06,Completed,Mobile,South
6992,2096,2025-03-29,Completed,Mobile,West
6993,1761,2026-01-03,Completed,Partner,North
6994,2091,2026-06-09,Completed,Partner,East
6995,1437,2026-04-28,Completed,Mobile,West
6996,2509,2026-03-26,Completed,Partner,East
6997,2323,2024-02-21,Completed,Partner,North
6998,2424,2026-03-12,Completed,Partner,West
6999,2341,2024-10-29,Completed,Web,West
7000,932,2026-05-13,Completed,Mobile,North
7001,380,2024-05-18,Completed,Partner,South
7002,2838,2026-05-27,Pending,Mobile,South
7003,1697,2024-03-05,Completed,Partner,East
7004,1085,2026-07-28,Completed,Partner,West
7005,2806,2025-04-04,Completed,Web,South
7006,1152,2024-01-28,Completed,Partner,North
7007,1715,2026-01-18,Completed,Mobile,South
7008,622,2026-05-18,Completed,Partner,West
7009,1121,2025-07-26,Completed,Web,North
7010,2539,2025-01-30,Completed,Partner,North
7011,1969,2026-08-17,Completed,Mobile,South
7012,395,2026-04-17,Cancelled,Partner,North
7013,1826,2025-05-27,Completed,Mobile,East
7014,2128,2024-04-25,Completed,Partner,South
7015,484,2026-03-19,Pending,Partner,West
7016,2163,2025-04-26,Completed,Partner,South
7017,2430,2024-01-29,Completed,Partner,East
7018,971,2025-11-12,Completed,Mobile,East
7019,280,2025-01-10,Pending,Mobile,North
7020,315,2026-08-06,Completed,Web,North
7021,1851,2024-09-23,Completed,Mobile,East
7022,2890,2026-08-09,Completed,Mobile,West
7023,2467,2024-05-31,Completed,Web,North
7024,622,2024-04-03,Completed,Partner,West
7025,2959,2025-12-16,Completed,Web,North
7026,1946,2024-08-03,Completed,Web,North
7027,1970,2024-12-19,Completed,Mobile,West
7028,15,2025-06-24,Completed,Mobile,West
7029,2033,2026-08-02,Completed,Partner,South
7030,2767,2026-07-29,Completed,Mobile,West
7031,1302,2025-03-31,Completed,Mobile,East
7032,960,2024-01-06,Completed,Mobile,East
7033,229,2025-06-21,Completed,Partner,West
7034,2146,2024-03-17,Completed,Mobile,North
7035,1836,2024-10-15,Completed,Mobile,North
7036,142,2025-02-06,Completed,Web,East
7037,2528,2026-04-15,Completed,Web,East
7038,622,2025-12-14,Completed,Partner,West
7039,342,2024-11-28,Completed,Mobile,West
7040,732,2024-04-17,Completed,Web,South
7041,2145,2024-12-12,Completed,Partner,North
7042,2162,2024-02-01,Completed,Partner,East
7043,2550,2025-04-22,Pending,Web,South
7044,56,2025-03-13,Completed,Web,West
7045,2317,2025-02-22,Completed,Web,South
7046,2924,2025-08-02,Completed,Partner,West
7047,554,2024-06-30,Completed,Partner,North
7048,1028,2024-05-16,Completed,Web,South
7049,2226,2026-07-03,Completed,Mobile,East
7050,2953,2024-05-07,Completed,Mobile,North
7051,933,2024-05-25,Completed,Mobile,West
7052,42,2024-01-29,Pending,Partner,West
7053,296,2025-01-06,Cancelled,Mobile,East
7054,2115,2026-02-20,Completed,Web,North
7055,1477,2025-08-28,Completed,Web,South
7056,509,2024-01-28,Completed,Partner,North
7057,893,2025-10-10,Completed,Mobile,East
7058,474,2026-03-01,Completed,Mobile,North
7059,1107,2024-03-29,Completed,Mobile,North
7060,2236,2024-07-25,Completed,Web,West
7061,1308,2024-09-27,Completed,Web,South
7062,461,2024-06-18,Completed,Web,West
7063,1485,2026-07-12,Completed,Mobile,South
7064,1060,2025-02-13,Completed,Partner,North
7065,1224,2024-01-24,Cancelled,Web,West
7066,350,2024-08-04,Pending,Partner,North
7067,171,2025-01-10,Completed,Mobile,South
7068,982,2025-12-12,Completed,Web,West
7069,579,2024-12-06,Completed,Partner,West
7070,692,2025-10-18,Pending,Web,East
7071,2975,2026-04-25,Completed,Mobile,East
7072,2196,2026-05-05,Completed,Web,West
7073,686,2026-03-21,Completed,Web,East
7074,894,2025-11-09,Cancelled,Partner,North
7075,1438,2024-06-12,Completed,Web,East
7076,206,2026-05-16,Completed,Partner,East
7077,417,2025-02-24,Completed,Web,North
7078,830,2026-07-20,Completed,Mobile,South
7079,433,2024-05-23,Completed,Web,North
7080,1711,2024-05-13,Cancelled,Mobile,South
7081,1108,2024-12-21,Cancelled,Mobile,South
7082,2715,2025-01-28,Completed,Partner,West
7083,1058,2025-11-30,Completed,Partner,North
7084,2334,2025-03-11,Completed,Web,East
7085,2420,2026-05-12,Completed,Partner,North
7086,1353,2026-08-08,Completed,Partner,South
7087,231,2025-09-19,Completed,Partner,South
7088,1461,2025-04-26,Pending,Web,South
7089,1992,2026-02-08,Completed,Web,West
7090,2,2024-05-04,Completed,Web,North
7091,2043,2025-02-18,Completed,Web,North
7092,375,2026-07-27,Completed,Partner,West
7093,884,2025-08-15,Completed,Web,East
7094,1175,2025-07-27,Completed,Mobile,South
7095,403,2026-04-09,Completed,Partner,North
7096,2814,2024-03-14,Completed,Partner,South
7097,1340,2026-08-21,Cancelled,Partner,South
7098,264,2025-05-02,Completed,Mobile,West
7099,1656,2024-12-28,Completed,Mobile,North
7100,771,2026-01-18,Completed,Web,East
7101,2165,2024-05-11,Completed,Web,South
7102,1096,2025-05-30,Completed,Partner,East
7103,1040,2026-08-26,Completed,Mobile,East
7104,1041,2024-01-18,Completed,Mobile,South
7105,1,2025-12-24,Completed,Web,South
7106,2293,2025-08-30,Completed,Mobile,North
7107,2516,2025-04-01,Completed,Partner,South
7108,770,2026-06-03,Completed,Web,East
7109,713,2024-10-10,Completed,Mobile,South
7110,2940,2024-05-11,Cancelled,Mobile,South
7111,1681,2024-03-16,Completed,Partner,North
7112,1443,2024-07-19,Completed,Mobile,South
7113,2256,2025-08-04,Pending,Web,South
7114,1569,2026-08-24,Cancelled,Partner,West
7115,2145,2024-03-30,Completed,Web,North
7116,975,2024-10-08,Completed,Mobile,West
7117,2562,2024-02-24,Completed,Partner,West
7118,683,2024-11-21,Completed,Partner,South
7119,722,2025-03-17,Completed,Web,South
7120,2588,2024-06-02,Pending,Mobile,West
7121,671,2025-10-15,Completed,Partner,West
7122,758,2026-04-22,Completed,Partner,East
7123,2541,2024-04-19,Completed,Web,North
7124,1446,2025-07-16,Completed,Partner,South
7125,1326,2024-10-10,Completed,Partner,West
7126,2597,2025-05-30,Completed,Mobile,South
7127,1503,2025-11-22,Completed,Web,North
7128,2208,2026-02-18,Cancelled,Mobile,East
7129,698,2024-12-23,Completed,Partner,East
7130,1698,2025-05-29,Completed,Partner,North
7131,425,2025-05-18,Completed,Partner,South
7132,1173,2025-09-26,Completed,Partner,East
7133,201,2025-02-08,Pending,Mobile,West
7134,1603,2025-11-19,Completed,Partner,East
7135,2661,2026-03-13,Completed,Web,North
7136,1030,2025-10-29,Completed,Partner,South
7137,272,2026-08-20,Completed,Web,North
7138,1005,2026-04-06,Completed,Web,North
7139,1939,2024-03-11,Completed,Web,West
7140,2377,2025-04-08,Completed,Web,North
7141,1598,2024-12-20,Completed,Partner,East
7142,1721,2024-06-16,Completed,Web,South
7143,2761,2024-07-08,Cancelled,Mobile,West
7144,117,2024-09-16,Completed,Mobile,East
7145,1860,2026-01-02,Completed,Mobile,West
7146,2175,2024-08-26,Completed,Partner,West
7147,831,2024-12-08,Completed,Partner,West
7148,501,2025-03-06,Completed,Mobile,West
7149,1387,2024-10-09,Completed,Web,North
7150,1022,2025-08-03,Completed,Mobile,North
7151,1064,2025-12-20,Pending,Web,East
7152,1846,2025-12-20,Completed,Mobile,East
7153,574,2025-03-30,Cancelled,Web,West
7154,1853,2024-03-22,Completed,Web,West
7155,2696,2026-06-08,Completed,Mobile,East
7156,2343,2026-08-21,Completed,Mobile,North
7157,2599,2026-03-25,Completed,Web,North
7158,395,2025-07-14,Completed,Mobile,North
7159,2704,2026-07-22,Completed,Mobile,North
7160,1754,2024-10-25,Completed,Mobile,South
7161,2825,2025-04-06,Completed,Mobile,South
7162,2021,2025-02-06,Completed,Partner,South
7163,1963,2024-09-09,Completed,Partner,East
7164,2382,2025-05-03,Pending,Web,North
7165,2926,2025-08-25,Cancelled,Partner,West
7166,2031,2026-07-20,Completed,Partner,East
7167,1013,2025-08-22,Completed,Web,East
7168,352,2026-01-18,Completed,Mobile,East
7169,1769,2026-07-27,Completed,Mobile,South
7170,118,2025-04-24,Completed,Mobile,East
7171,2803,2026-07-09,Completed,Partner,West
7172,414,2024-12-13,Completed,Partner,South
7173,1982,2025-07-05,Completed,Partner,West
7174,1687,2024-05-16,Completed,Web,North
7175,2912,2025-10-11,Completed,Web,West
7176,2652,2026-03-19,Cancelled,Mobile,South
7177,1551,2025-06-06,Completed,Partner,South
7178,2257,2024-04-20,Completed,Partner,North
7179,1238,2024-03-16,Pending,Partner,South
7180,786,2024-02-17,Pending,Web,North
7181,2609,2024-05-13,Completed,Partner,North
7182,361,2025-08-11,Completed,Mobile,South
7183,2036,2024-05-14,Cancelled,Mobile,South
7184,98,2026-08-09,Completed,Mobile,North
7185,1857,2026-03-20,Completed,Mobile,South
7186,1633,2026-07-11,Completed,Web,East
7187,1037,2025-06-17,Completed,Mobile,South
7188,660,2026-07-17,Completed,Web,South
7189,2736,2024-10-09,Completed,Web,West
7190,475,2026-01-25,Completed,Web,West
7191,1184,2024-10-26,Completed,Web,North
7192,2219,2026-05-24,Completed,Web,North
7193,2748,2025-04-11,Completed,Mobile,North
7194,810,2026-01-21,Completed,Partner,East
7195,1244,2025-06-21,Completed,Partner,East
7196,1067,2025-12-01,Completed,Mobile,West
7197,2770,2025-01-30,Completed,Mobile,East
7198,559,2026-02-23,Completed,Partner,West
7199,876,2026-04-24,Completed,Web,East
7200,2063,2024-02-25,Completed,Partner,East
7201,2924,2025-04-25,Completed,Mobile,West
7202,714,2026-07-28,Completed,Web,North
7203,1774,2026-03-21,Completed,Mobile,South
7204,2026,2026-02-21,Completed,Partner,South
7205,2916,2024-11-02,Completed,Mobile,North
7206,2656,2025-12-18,Completed,Web,North
7207,2736,2025-07-05,Cancelled,Mobile,West
7208,418,2025-03-09,Completed,Mobile,West
7209,2476,2025-09-18,Completed,Partner,North
7210,742,2025-01-15,Completed,Mobile,North
7211,2156,2026-06-12,Pending,Web,South
7212,10,2025-02-05,Cancelled,Partner,South
7213,2261,2024-11-30,Completed,Partner,South
7214,1636,2025-01-28,Completed,Partner,South
7215,862,2025-08-24,Pending,Partner,West
7216,2590,2024-04-13,Completed,Partner,North
7217,2814,2024-01-03,Completed,Mobile,South
7218,1866,2024-08-19,Completed,Mobile,South
7219,35,2024-08-12,Completed,Mobile,West
7220,495,2024-03-26,Completed,Partner,East
7221,1196,2025-03-12,Completed,Web,South
7222,1640,2024-01-10,Completed,Web,West
7223,1559,2026-06-01,Completed,Partner,South
7224,115,2024-02-26,Completed,Mobile,East
7225,2059,2024-11-07,Completed,Partner,South
7226,1244,2025-09-24,Completed,Web,East
7227,2222,2025-11-15,Completed,Mobile,South
7228,2253,2024-07-30,Completed,Partner,South
7229,2330,2026-07-20,Completed,Partner,East
7230,1322,2026-07-19,Completed,Web,West
7231,1112,2025-12-22,Completed,Partner,North
7232,1686,2025-06-09,Completed,Web,West
7233,575,2025-03-19,Completed,Web,South
7234,1756,2025-08-11,Completed,Web,West
7235,1364,2026-07-22,Completed,Mobile,South
7236,984,2025-11-17,Completed,Partner,West
7237,285,2025-08-08,Completed,Mobile,South
7238,16,2026-02-10,Cancelled,Mobile,North
7239,1646,2026-05-15,Cancelled,Mobile,West
7240,2064,2024-10-25,Completed,Mobile,East
7241,1301,2024-03-17,Pending,Web,North
7242,2559,2026-02-07,Pending,Partner,East
7243,1689,2026-07-01,Pending,Web,East
7244,1427,2026-02-28,Cancelled,Partner,North
7245,1513,2026-02-06,Completed,Web,North
7246,246,2024-07-06,Completed,Mobile,East
7247,1182,2025-08-03,Completed,Web,South
7248,809,2025-05-13,Cancelled,Web,West
7249,232,2024-01-21,Completed,Mobile,West
7250,1346,2024-12-21,Cancelled,Partner,South
7251,2486,2025-04-19,Completed,Mobile,South
7252,1604,2024-02-12,Pending,Web,West
7253,2011,2024-12-13,Completed,Mobile,North
7254,2835,2026-04-23,Completed,Web,East
7255,1090,2026-04-13,Completed,Mobile,East
7256,2965,2024-12-25,Completed,Partner,East
7257,226,2025-07-18,Completed,Partner,East
7258,1576,2026-08-25,Completed,Web,North
7259,81,2025-12-24,Completed,Partner,West
7260,2167,2024-02-26,Completed,Partner,West
7261,1732,2024-01-11,Completed,Web,West
7262,1757,2024-12-01,Completed,Partner,South
7263,1501,2024-01-05,Completed,Mobile,North
7264,1119,2024-02-28,Completed,Web,East
7265,884,2025-08-05,Completed,Mobile,East
7266,398,2025-07-29,Completed,Partner,South
7267,1341,2026-07-17,Completed,Mobile,North
7268,1997,2025-06-01,Completed,Web,North
7269,45,2026-07-05,Completed,Web,North
7270,714,2024-03-30,Completed,Web,North
7271,2013,2025-01-28,Completed,Partner,North
7272,2666,2024-05-13,Completed,Partner,South
7273,2040,2025-09-06,Pending,Web,South
7274,1658,2025-02-23,Completed,Mobile,North
7275,641,2025-07-04,Completed,Mobile,West
7276,2513,2025-11-06,Completed,Web,South
7277,134,2025-08-06,Completed,Web,East
7278,2786,2025-06-01,Completed,Partner,West
7279,1150,2025-09-28,Completed,Mobile,West
7280,2158,2025-08-11,Completed,Partner,West
7281,2631,2025-04-05,Completed,Mobile,North
7282,411,2025-10-15,Completed,Web,East
7283,542,2025-04-13,Completed,Partner,East
7284,113,2024-09-04,Completed,Partner,East
7285,1962,2025-03-24,Completed,Web,West
7286,289,2024-12-12,Completed,Web,South
7287,271,2026-05-05,Completed,Web,South
7288,1576,2024-07-08,Completed,Mobile,North
7289,393,2025-12-29,Completed,Web,West
7290,155,2025-01-25,Completed,Partner,East
7291,2160,2025-03-30,Completed,Mobile,West
7292,1712,2024-07-25,Completed,Mobile,East
7293,1892,2025-10-24,Cancelled,Partner,West
7294,771,2025-06-29,Completed,Web,East
7295,1725,2026-05-14,Completed,Web,West
7296,39,2025-01-02,Completed,Partner,North
7297,1750,2025-01-27,Completed,Partner,East
7298,637,2025-03-05,Completed,Web,North
7299,1242,2025-06-25,Completed,Mobile,South
7300,2500,2024-11-10,Completed,Mobile,East
7301,796,2025-04-26,Completed,Web,West
7302,1080,2026-06-17,Completed,Partner,South
7303,2114,2024-06-11,Completed,Web,South
7304,741,2025-10-07,Completed,Web,West
7305,2509,2025-03-28,Pending,Partner,East
7306,2060,2024-10-05,Completed,Mobile,South
7307,2026,2024-04-18,Completed,Mobile,South
7308,2034,2024-02-14,Completed,Mobile,North
7309,531,2026-07-01,Pending,Web,West
7310,2774,2024-05-25,Completed,Partner,East
7311,1111,2025-06-12,Cancelled,Web,East
7312,906,2026-02-05,Completed,Partner,North
7313,1099,2026-01-12,Completed,Partner,South
7314,406,2024-09-07,Completed,Partner,North
7315,1533,2025-06-08,Cancelled,Partner,East
7316,957,2024-09-22,Completed,Web,South
7317,2914,2024-12-17,Cancelled,Mobile,West
7318,2042,2026-03-04,Completed,Mobile,South
7319,1116,2026-04-30,Completed,Web,South
7320,1476,2025-06-30,Completed,Partner,North
7321,225,2024-05-21,Completed,Web,East
7322,159,2024-11-02,Completed,Web,West
7323,1339,2025-02-13,Completed,Web,North
7324,2129,2024-08-28,Completed,Web,South
7325,292,2024-08-11,Completed,Web,East
7326,2448,2024-01-31,Cancelled,Mobile,West
7327,2314,2025-05-14,Completed,Partner,West
7328,1663,2024-02-23,Completed,Partner,East
7329,78,2024-02-12,Completed,Web,South
7330,2915,2026-01-05,Completed,Partner,East
7331,1878,2025-05-06,Completed,Partner,East
7332,2752,2026-03-18,Completed,Web,West
7333,1205,2026-08-28,Completed,Partner,East
7334,2739,2024-10-31,Completed,Mobile,North
7335,1622,2025-04-04,Completed,Partner,West
7336,345,2025-11-03,Pending,Web,North
7337,353,2024-12-15,Completed,Web,South
7338,2777,2024-10-27,Completed,Web,North
7339,2564,2025-01-30,Completed,Mobile,West
7340,1626,2025-02-08,Completed,Partner,South
7341,977,2024-10-25,Completed,Web,East
7342,814,2025-10-25,Completed,Web,East
7343,2206,2024-04-03,Completed,Web,South
7344,1663,2026-03-18,Completed,Partner,East
7345,2530,2025-01-25,Completed,Web,East
7346,281,2024-05-06,Pending,Mobile,East
7347,2060,2024-12-25,Completed,Partner,South
7348,2069,2025-05-01,Completed,Web,East
7349,1963,2026-02-26,Completed,Mobile,East
7350,534,2025-11-09,Completed,Mobile,East
7351,2424,2025-12-31,Completed,Mobile,West
7352,2902,2024-03-19,Completed,Mobile,South
7353,1140,2025-07-18,Completed,Web,South
7354,271,2024-01-03,Cancelled,Web,South
7355,1754,2024-01-31,Completed,Partner,South
7356,733,2026-04-12,Completed,Web,South
7357,1624,2025-09-19,Completed,Partner,North
7358,2778,2025-04-21,Completed,Mobile,East
7359,1082,2024-06-23,Completed,Partner,South
7360,787,2024-12-05,Completed,Web,West
7361,1958,2025-04-24,Completed,Mobile,East
7362,464,2025-10-21,Completed,Web,East
7363,1262,2026-05-12,Completed,Partner,East
7364,1295,2024-05-01,Completed,Mobile,North
7365,2085,2024-12-11,Completed,Partner,West
7366,227,2024-10-12,Completed,Mobile,North
7367,2911,2025-07-25,Completed,Partner,North
7368,2956,2024-10-19,Completed,Web,South
7369,1504,2026-08-16,Completed,Web,West
7370,2241,2024-08-15,Completed,Web,West
7371,888,2026-05-21,Completed,Web,South
7372,468,2024-07-19,Cancelled,Partner,South
7373,1966,2024-07-18,Completed,Partner,West
7374,716,2025-07-16,Completed,Mobile,South
7375,388,2025-10-20,Completed,Web,West
7376,856,2024-06-05,Cancelled,Partner,West
7377,108,2024-05-15,Cancelled,Mobile,North
7378,1528,2025-04-12,Completed,Partner,West
7379,956,2026-05-01,Completed,Partner,South
7380,27,2024-07-29,Completed,Mobile,West
7381,2876,2025-02-18,Completed,Partner,South
7382,68,2024-02-28,Completed,Web,East
7383,2176,2024-12-11,Completed,Mobile,South
7384,1621,2025-06-18,Completed,Mobile,South
7385,716,2026-01-09,Completed,Web,South
7386,2336,2026-01-04,Completed,Partner,East
7387,517,2024-07-02,Pending,Web,East
7388,186,2025-09-03,Completed,Partner,North
7389,2538,2024-09-07,Completed,Partner,North
7390,457,2026-02-08,Completed,Web,South
7391,1312,2025-02-25,Completed,Web,South
7392,2219,2026-01-01,Completed,Web,North
7393,288,2025-05-17,Completed,Web,West
7394,2828,2024-04-24,Completed,Web,North
7395,981,2025-12-03,Completed,Partner,North
7396,1196,2024-01-16,Completed,Partner,South
7397,1280,2026-08-02,Completed,Mobile,West
7398,1098,2024-09-12,Completed,Web,North
7399,640,2024-08-17,Completed,Partner,South
7400,2009,2024-02-09,Completed,Partner,North
7401,2491,2025-03-06,Completed,Web,East
7402,1304,2025-12-18,Completed,Partner,East
7403,95,2024-11-07,Completed,Mobile,West
7404,131,2026-08-22,Cancelled,Partner,South
7405,617,2024-02-09,Pending,Mobile,West
7406,1599,2025-01-20,Completed,Mobile,North
7407,921,2025-06-29,Completed,Partner,North
7408,1505,2024-04-05,Cancelled,Web,South
7409,2436,2024-02-05,Completed,Web,South
7410,1019,2024-07-05,Pending,Web,East
7411,2096,2026-02-14,Completed,Web,West
7412,1134,2024-08-31,Completed,Web,South
7413,584,2025-05-09,Pending,Web,West
7414,1656,2025-09-05,Completed,Partner,North
7415,1524,2025-08-27,Completed,Web,South
7416,2290,2025-02-03,Completed,Web,East
7417,2698,2024-12-07,Completed,Mobile,West
7418,1891,2026-06-23,Completed,Web,East
7419,2297,2024-05-11,Completed,Web,West
7420,2941,2026-07-29,Completed,Partner,South
7421,532,2024-11-06,Completed,Mobile,West
7422,2624,2024-02-18,Completed,Partner,East
7423,1814,2025-07-24,Completed,Web,North
7424,158,2024-12-23,Cancelled,Mobile,East
7425,2839,2026-08-25,Completed,Web,North
7426,2233,2024-05-12,Completed,Partner,East
7427,1632,2024-08-01,Completed,Partner,East
7428,392,2025-09-05,Completed,Web,East
7429,469,2025-04-10,Completed,Partner,West
7430,340,2026-07-08,Completed,Mobile,North
7431,1591,2024-12-14,Completed,Mobile,South
7432,1156,2025-11-14,Completed,Mobile,East
7433,745,2024-02-24,Completed,Partner,East
7434,661,2025-11-07,Completed,Mobile,South
7435,2351,2025-05-15,Completed,Web,North
7436,772,2025-12-29,Pending,Web,East
7437,1884,2026-07-05,Completed,Mobile,North
7438,662,2025-11-18,Completed,Web,East
7439,2121,2024-02-07,Completed,Web,South
7440,2404,2025-06-06,Completed,Partner,North
7441,2824,2024-12-18,Completed,Partner,West
7442,455,2025-11-30,Completed,Web,North
7443,199,2026-06-01,Completed,Partner,East
7444,1192,2024-02-22,Pending,Mobile,West
7445,445,2024-04-09,Completed,Partner,West
7446,339,2026-02-23,Completed,Mobile,South
7447,1510,2024-02-16,Completed,Partner,South
7448,1300,2026-02-23,Completed,Web,South
7449,2701,2026-06-14,Completed,Partner,West
7450,2784,2026-05-09,Completed,Web,West
7451,53,2024-06-11,Completed,Web,East
7452,2028,2025-05-24,Completed,Mobile,East
7453,352,2025-04-02,Completed,Partner,East
7454,978,2025-06-17,Cancelled,Mobile,North
7455,204,2024-06-13,Completed,Partner,North
7456,2518,2025-03-22,Completed,Partner,South
7457,315,2025-08-29,Completed,Web,North
7458,547,2024-01-12,Pending,Partner,East
7459,1609,2024-06-15,Completed,Partner,East
7460,1689,2025-10-19,Completed,Web,East
7461,2827,2024-04-04,Completed,Web,West
7462,1596,2026-01-02,Completed,Mobile,South
7463,810,2025-05-13,Pending,Web,East
7464,1158,2024-04-19,Completed,Web,West
7465,2943,2026-08-08,Completed,Mobile,North
7466,1972,2026-08-18,Completed,Mobile,North
7467,1337,2026-03-04,Completed,Web,North
7468,2512,2024-07-26,Pending,Web,West
7469,879,2025-11-26,Completed,Mobile,North
7470,1456,2025-07-11,Completed,Web,South
7471,1211,2025-07-06,Completed,Partner,North
7472,2195,2024-01-10,Completed,Web,East
7473,2055,2026-01-28,Cancelled,Partner,North
7474,1517,2024-07-07,Completed,Mobile,South
7475,1822,2026-01-29,Completed,Mobile,South
7476,362,2024-06-18,Completed,Partner,East
7477,2829,2024-05-06,Completed,Mobile,South
7478,2143,2026-08-25,Completed,Web,North
7479,2899,2025-07-24,Completed,Mobile,East
7480,1602,2025-11-09,Pending,Mobile,North
7481,2528,2026-03-14,Completed,Partner,East
7482,894,2024-02-11,Completed,Mobile,North
7483,1505,2024-11-10,Completed,Partner,South
7484,589,2026-08-17,Completed,Mobile,West
7485,1311,2025-03-28,Cancelled,Partner,West
7486,1664,2025-03-22,Pending,Web,East
7487,1109,2025-10-08,Cancelled,Web,South
7488,1941,2025-11-07,Completed,Web,East
7489,2758,2026-05-16,Completed,Partner,West
7490,1320,2026-04-30,Completed,Mobile,South
7491,1454,2025-06-13,Completed,Web,West
7492,2885,2025-07-16,Pending,Web,East
7493,2813,2025-02-19,Completed,Mobile,West
7494,2630,2024-08-25,Completed,Partner,West
7495,611,2024-01-16,Completed,Mobile,East
7496,808,2024-10-31,Cancelled,Partner,North
7497,18,2026-05-18,Completed,Mobile,North
7498,2295,2025-02-05,Completed,Web,West
7499,565,2025-06-01,Cancelled,Mobile,South
7500,2236,2026-08-16,Completed,Mobile,West
7501,2626,2024-09-27,Completed,Mobile,South
7502,2190,2024-12-06,Completed,Mobile,West
7503,1677,2025-05-03,Completed,Partner,North
7504,115,2025-03-16,Completed,Mobile,East
7505,362,2026-01-29,Completed,Web,East
7506,445,2025-01-27,Pending,Partner,West
7507,2361,2026-06-05,Completed,Partner,West
7508,1132,2025-10-05,Completed,Web,West
7509,1418,2025-06-02,Completed,Partner,East
7510,535,2024-04-09,Completed,Mobile,North
7511,783,2026-03-26,Completed,Web,North
7512,18,2026-06-22,Completed,Web,North
7513,331,2026-03-07,Completed,Partner,South
7514,909,2026-01-20,Completed,Mobile,South
7515,1496,2025-06-23,Completed,Web,East
7516,2510,2024-12-20,Completed,Partner,East
7517,2911,2025-01-09,Completed,Partner,North
7518,2178,2025-03-23,Completed,Partner,East
7519,1962,2024-11-27,Completed,Mobile,West
7520,2972,2026-06-10,Completed,Web,South
7521,665,2026-03-28,Completed,Mobile,East
7522,194,2025-03-09,Completed,Web,West
7523,529,2026-05-05,Completed,Partner,West
7524,27,2026-05-26,Completed,Web,West
7525,1456,2025-12-07,Cancelled,Partner,South
7526,961,2026-04-16,Cancelled,Web,North
7527,253,2025-04-15,Completed,Web,South
7528,2831,2025-09-22,Cancelled,Web,East
7529,766,2024-01-28,Completed,Web,East
7530,1654,2024-10-25,Completed,Partner,West
7531,204,2025-07-19,Completed,Web,North
7532,1154,2024-01-23,Completed,Mobile,East
7533,1496,2026-03-08,Completed,Partner,East
7534,1634,2025-01-19,Completed,Web,South
7535,2127,2024-01-07,Pending,Partner,North
7536,2048,2026-06-07,Completed,Mobile,West
7537,2977,2025-05-10,Pending,Mobile,North
7538,1845,2024-03-08,Completed,Partner,West
7539,1897,2024-07-06,Cancelled,Partner,West
7540,2537,2025-10-25,Completed,Partner,West
7541,526,2024-07-25,Completed,Mobile,North
7542,2176,2024-05-10,Cancelled,Mobile,South
7543,694,2026-07-19,Completed,Mobile,South
7544,528,2026-03-05,Completed,Partner,South
7545,1363,2024-12-16,Completed,Web,South
7546,1313,2024-03-18,Completed,Partner,South
7547,1259,2026-04-27,Completed,Mobile,East
7548,525,2024-09-21,Cancelled,Web,South
7549,2833,2025-04-11,Pending,Partner,East
7550,1978,2025-11-03,Cancelled,Web,East
7551,1283,2026-05-10,Completed,Web,East
7552,2704,2025-01-09,Completed,Web,North
7553,2977,2026-03-07,Completed,Web,North
7554,2104,2025-05-27,Pending,Web,South
7555,347,2024-09-26,Completed,Mobile,South
7556,1736,2024-01-12,Completed,Web,South
7557,2432,2024-12-08,Completed,Mobile,South
7558,766,2024-09-23,Completed,Web,East
7559,415,2026-05-01,Completed,Web,West
7560,49,2026-07-17,Completed,Web,South
7561,1757,2025-08-30,Completed,Web,South
7562,1938,2026-07-03,Completed,Mobile,North
7563,32,2026-07-14,Completed,Web,South
7564,819,2026-08-03,Completed,Web,West
7565,1614,2026-07-17,Cancelled,Web,South
7566,715,2026-01-16,Completed,Web,West
7567,1225,2025-07-13,Completed,Web,North
7568,1194,2024-03-17,Completed,Web,South
7569,876,2025-11-21,Completed,Web,East
7570,1364,2024-07-08,Completed,Mobile,South
7571,2686,2024-05-04,Completed,Web,East
7572,2933,2025-02-27,Cancelled,Web,South
7573,440,2024-01-28,Cancelled,Mobile,East
7574,1286,2024-07-28,Completed,Mobile,East
7575,1810,2025-11-27,Pending,Web,East
7576,1088,2025-06-05,Completed,Web,West
7577,2546,2024-12-14,Completed,Mobile,West
7578,1593,2026-04-29,Completed,Web,West
7579,1221,2024-09-26,Cancelled,Web,West
7580,2216,2026-04-18,Pending,Web,East
7581,2510,2024-11-30,Completed,Mobile,East
7582,2147,2026-03-10,Completed,Web,North
7583,753,2026-06-20,Completed,Mobile,West
7584,1094,2026-07-11,Completed,Web,North
7585,956,2026-04-04,Completed,Web,South
7586,971,2026-06-24,Completed,Web,East
7587,695,2026-01-27,Completed,Partner,South
7588,555,2024-05-30,Completed,Mobile,East
7589,1638,2025-01-11,Completed,Mobile,South
7590,2714,2024-02-10,Completed,Mobile,North
7591,910,2025-11-29,Completed,Partner,North
7592,529,2024-02-24,Completed,Mobile,West
7593,1347,2026-02-22,Completed,Partner,North
7594,2900,2025-03-17,Completed,Mobile,North
7595,702,2024-03-05,Completed,Partner,East
7596,1752,2024-01-18,Completed,Web,North
7597,2951,2025-09-29,Completed,Web,South
7598,2322,2024-09-28,Completed,Partner,West
7599,928,2024-05-11,Pending,Partner,South
7600,2081,2024-04-14,Completed,Mobile,West
7601,1480,2024-11-23,Completed,Mobile,West
7602,2116,2025-02-13,Cancelled,Partner,South
7603,912,2024-05-26,Completed,Partner,East
7604,265,2024-03-06,Cancelled,Partner,North
7605,1744,2026-07-08,Completed,Web,North
7606,1750,2025-11-16,Completed,Web,East
7607,69,2024-09-22,Completed,Partner,East
7608,869,2026-04-17,Cancelled,Mobile,West
7609,2922,2026-06-28,Completed,Web,East
7610,111,2026-02-15,Completed,Partner,South
7611,877,2024-03-08,Cancelled,Mobile,North
7612,2693,2024-10-15,Completed,Mobile,North
7613,942,2024-07-26,Completed,Partner,South
7614,709,2024-07-08,Completed,Partner,North
7615,1547,2025-07-27,Completed,Web,East
7616,10,2024-05-05,Completed,Partner,South
7617,2767,2024-01-22,Completed,Mobile,West
7618,1328,2024-04-13,Completed,Partner,West
7619,2634,2026-08-24,Completed,Web,North
7620,1801,2026-02-26,Completed,Partner,North
7621,1419,2026-01-05,Pending,Partner,North
7622,2970,2025-08-31,Completed,Web,South
7623,1032,2024-03-14,Completed,Web,West
7624,1140,2024-06-23,Completed,Partner,South
7625,213,2025-06-30,Completed,Web,West
7626,460,2024-05-26,Completed,Web,South
7627,2985,2025-09-01,Cancelled,Mobile,South
7628,838,2025-09-24,Completed,Web,East
7629,183,2026-05-14,Completed,Web,South
7630,1603,2024-12-30,Completed,Mobile,East
7631,59,2024-01-23,Completed,Web,West
7632,479,2024-02-15,Completed,Partner,South
7633,1958,2026-05-31,Completed,Mobile,East
7634,1803,2025-01-06,Completed,Mobile,South
7635,2243,2025-03-08,Completed,Web,North
7636,1676,2024-08-22,Completed,Web,West
7637,726,2025-08-28,Pending,Web,West
7638,1832,2024-06-28,Completed,Mobile,North
7639,2626,2026-03-07,Completed,Web,South
7640,1637,2025-09-17,Completed,Web,North
7641,622,2025-04-27,Completed,Web,West
7642,2455,2025-01-09,Completed,Web,South
7643,1109,2024-01-19,Completed,Web,South
7644,1750,2025-12-27,Cancelled,Partner,East
7645,2468,2025-02-15,Completed,Partner,East
7646,1845,2024-09-26,Completed,Mobile,West
7647,2641,2024-07-27,Pending,Web,West
7648,2543,2024-09-29,Completed,Web,West
7649,1589,2026-01-09,Completed,Mobile,West
7650,2152,2025-07-30,Completed,Web,South
7651,1845,2026-06-30,Completed,Partner,West
7652,1021,2025-11-28,Completed,Mobile,North
7653,1214,2024-07-15,Completed,Partner,North
7654,1731,2025-04-22,Completed,Partner,East
7655,1012,2026-02-16,Pending,Partner,West
7656,2087,2025-09-15,Completed,Mobile,South
7657,180,2026-08-08,Completed,Partner,North
7658,1147,2025-10-08,Completed,Web,North
7659,1830,2025-08-01,Completed,Mobile,North
7660,1040,2024-12-23,Completed,Mobile,East
7661,2859,2026-03-30,Completed,Mobile,North
7662,1389,2025-11-02,Completed,Mobile,South
7663,2508,2025-04-06,Cancelled,Web,West
7664,1549,2026-02-05,Completed,Mobile,West
7665,2232,2025-01-11,Completed,Mobile,West
7666,2962,2024-05-29,Completed,Partner,East
7667,868,2025-07-17,Pending,Web,East
7668,2778,2026-07-21,Completed,Web,East
7669,1735,2025-04-19,Completed,Mobile,West
7670,1722,2024-10-19,Completed,Mobile,West
7671,2494,2024-02-05,Completed,Mobile,East
7672,2408,2026-02-07,Completed,Partner,North
7673,2543,2024-01-21,Completed,Web,West
7674,331,2026-06-11,Completed,Web,South
7675,2584,2024-08-05,Pending,Mobile,East
7676,1889,2025-03-30,Completed,Web,West
7677,1798,2024-12-07,Pending,Partner,North
7678,798,2025-01-22,Completed,Partner,West
7679,1416,2026-04-25,Completed,Mobile,South
7680,2675,2024-12-04,Completed,Mobile,South
7681,2777,2025-12-31,Completed,Web,North
7682,1078,2024-07-26,Completed,Web,South
7683,2959,2024-12-01,Completed,Web,North
7684,1308,2024-08-11,Completed,Partner,South
7685,2769,2024-10-15,Completed,Mobile,West
7686,2652,2025-07-03,Completed,Web,South
7687,1372,2024-12-13,Completed,Mobile,West
7688,2793,2024-08-02,Completed,Mobile,North
7689,817,2025-01-22,Completed,Partner,West
7690,2075,2026-01-24,Completed,Mobile,West
7691,228,2024-01-17,Completed,Partner,South
7692,740,2024-01-05,Completed,Web,East
7693,1055,2025-11-13,Pending,Web,North
7694,29,2025-05-06,Cancelled,Partner,West
7695,45,2024-09-06,Completed,Web,North
7696,2223,2026-08-01,Completed,Partner,East
7697,1339,2024-07-25,Completed,Mobile,North
7698,2420,2025-06-25,Completed,Mobile,North
7699,2166,2024-04-14,Completed,Mobile,East
7700,493,2025-11-09,Completed,Partner,South
7701,2994,2026-06-24,Completed,Mobile,North
7702,2786,2024-07-30,Completed,Partner,West
7703,407,2024-09-14,Cancelled,Partner,East
7704,809,2025-02-26,Completed,Partner,West
7705,2504,2024-09-04,Completed,Partner,East
7706,1294,2025-12-10,Completed,Partner,East
7707,2005,2024-08-12,Completed,Mobile,North
7708,745,2026-04-28,Completed,Partner,East
7709,2673,2024-02-26,Completed,Web,North
7710,2608,2026-06-23,Completed,Mobile,North
7711,643,2024-11-09,Completed,Mobile,South
7712,557,2026-05-07,Completed,Mobile,North
7713,339,2024-03-03,Completed,Partner,South
7714,927,2026-06-05,Completed,Web,North
7715,940,2024-11-13,Cancelled,Mobile,East
7716,1884,2025-09-08,Completed,Mobile,North
7717,1889,2025-02-18,Completed,Mobile,West
7718,1348,2024-12-06,Completed,Web,East
7719,1999,2025-07-04,Completed,Web,West
7720,672,2025-04-16,Completed,Partner,West
7721,2763,2025-06-10,Completed,Partner,North
7722,2482,2024-12-24,Completed,Web,East
7723,826,2024-12-21,Completed,Web,South
7724,873,2025-03-27,Completed,Partner,East
7725,1680,2026-07-05,Completed,Web,West
7726,1198,2025-12-12,Cancelled,Partner,West
7727,1784,2024-04-21,Completed,Mobile,South
7728,2354,2025-04-18,Completed,Partner,West
7729,1931,2024-11-20,Completed,Partner,South
7730,227,2026-03-14,Completed,Web,North
7731,2871,2025-11-28,Completed,Web,East
7732,462,2024-01-13,Pending,Partner,East
7733,567,2024-03-24,Completed,Web,South
7734,2999,2024-02-04,Completed,Mobile,North
7735,845,2024-04-25,Completed,Mobile,East
7736,1936,2024-12-13,Completed,Partner,West
7737,616,2024-04-27,Completed,Mobile,North
7738,369,2024-06-19,Completed,Partner,South
7739,873,2025-03-06,Completed,Mobile,East
7740,1922,2025-04-22,Completed,Mobile,North
7741,1639,2025-04-07,Completed,Partner,West
7742,2282,2026-06-16,Completed,Mobile,North
7743,2902,2024-02-21,Completed,Partner,South
7744,552,2026-04-10,Completed,Partner,East
7745,898,2026-06-29,Completed,Partner,South
7746,507,2025-03-30,Completed,Mobile,East
7747,195,2024-09-22,Completed,Web,West
7748,1033,2025-08-25,Completed,Web,East
7749,1159,2025-07-15,Completed,Web,North
7750,694,2024-10-08,Cancelled,Mobile,South
7751,1625,2024-01-05,Completed,Partner,North
7752,744,2024-08-18,Completed,Web,West
7753,1512,2024-02-29,Cancelled,Mobile,South
7754,974,2024-05-30,Completed,Web,North
7755,1485,2026-03-15,Completed,Partner,South
7756,2867,2026-08-13,Completed,Partner,East
7757,1601,2026-07-08,Completed,Web,South
7758,348,2026-06-13,Pending,Web,South
7759,2530,2025-05-01,Completed,Mobile,East
7760,1718,2026-06-23,Completed,Web,North
7761,2644,2025-10-30,Completed,Mobile,South
7762,1590,2024-01-17,Completed,Mobile,West
7763,1041,2026-08-12,Completed,Partner,South
7764,2652,2024-04-16,Completed,Web,South
7765,2802,2024-12-27,Completed,Partner,South
7766,2590,2024-11-21,Completed,Partner,North
7767,2632,2026-07-11,Completed,Web,North
7768,1273,2025-06-15,Completed,Web,North
7769,42,2026-04-16,Completed,Web,West
7770,957,2024-04-11,Completed,Web,South
7771,2026,2024-03-18,Completed,Web,South
7772,330,2024-07-09,Completed,Partner,North
7773,196,2024-02-08,Completed,Web,East
7774,251,2025-12-04,Completed,Mobile,West
7775,192,2024-03-02,Cancelled,Mobile,South
7776,34,2025-10-23,Completed,Web,North
7777,1287,2025-08-13,Completed,Partner,North
7778,881,2024-04-21,Completed,Web,South
7779,38,2024-06-07,Completed,Partner,North
7780,14,2025-04-07,Completed,Web,South
7781,4,2026-03-05,Completed,Mobile,North
7782,1764,2025-08-01,Completed,Partner,East
7783,2542,2025-03-18,Completed,Web,South
7784,2559,2024-03-20,Completed,Mobile,East
7785,2588,2026-05-04,Completed,Partner,West
7786,780,2025-05-19,Completed,Partner,North
7787,1854,2026-04-27,Completed,Partner,East
7788,2702,2025-08-02,Completed,Web,North
7789,1438,2025-04-07,Completed,Web,East
7790,2221,2025-01-11,Completed,Mobile,South
7791,1393,2024-01-04,Completed,Mobile,West
7792,1728,2026-08-10,Completed,Partner,East
7793,312,2024-11-13,Completed,Partner,West
7794,381,2026-05-28,Completed,Partner,West
7795,2908,2025-07-15,Cancelled,Web,North
7796,403,2026-01-14,Completed,Mobile,North
7797,549,2024-11-05,Completed,Web,West
7798,908,2025-11-15,Completed,Mobile,East
7799,65,2025-04-03,Completed,Partner,North
7800,1851,2025-01-02,Completed,Partner,East
7801,2293,2024-08-11,Completed,Web,North
7802,1738,2024-07-08,Completed,Mobile,East
7803,1388,2025-11-02,Completed,Partner,East
7804,2021,2025-09-17,Completed,Web,South
7805,1698,2025-09-13,Completed,Mobile,North
7806,2490,2026-05-14,Completed,Mobile,North
7807,2912,2025-10-13,Completed,Web,West
7808,1942,2024-07-07,Completed,Partner,South
7809,1804,2025-09-01,Completed,Partner,East
7810,704,2026-07-18,Pending,Mobile,West
7811,2964,2024-08-20,Completed,Partner,West
7812,1618,2026-07-08,Completed,Web,North
7813,2754,2025-02-23,Completed,Partner,East
7814,1551,2024-04-20,Cancelled,Mobile,South
7815,2060,2024-08-18,Completed,Web,South
7816,2877,2025-03-17,Cancelled,Partner,West
7817,2710,2025-01-04,Completed,Mobile,South
7818,1066,2025-09-12,Cancelled,Partner,West
7819,776,2025-08-03,Completed,Mobile,East
7820,1058,2025-01-23,Completed,Mobile,North
7821,1658,2026-01-25,Completed,Partner,North
7822,1518,2025-07-19,Completed,Mobile,East
7823,1130,2024-07-13,Completed,Web,South
7824,2821,2026-03-21,Completed,Partner,South
7825,55,2024-09-06,Completed,Mobile,South
7826,2000,2026-05-12,Completed,Partner,South
7827,822,2026-01-15,Completed,Partner,East
7828,229,2026-04-01,Completed,Partner,West
7829,2682,2025-02-24,Completed,Web,South
7830,1879,2024-03-02,Completed,Web,South
7831,1404,2026-04-27,Completed,Web,North
7832,2105,2025-10-03,Completed,Partner,North
7833,1907,2026-01-30,Completed,Partner,West
7834,2876,2024-02-20,Completed,Web,South
7835,2248,2026-01-21,Completed,Web,North
7836,415,2026-01-11,Completed,Partner,West
7837,1383,2025-12-02,Completed,Web,West
7838,48,2026-07-07,Completed,Mobile,South
7839,2396,2024-02-05,Completed,Web,East
7840,708,2026-01-16,Completed,Web,North
7841,861,2024-08-08,Completed,Web,West
7842,1043,2025-10-25,Completed,Mobile,East
7843,1480,2026-04-28,Completed,Web,West
7844,1960,2026-03-31,Cancelled,Web,East
7845,1785,2026-06-16,Completed,Partner,North
7846,1929,2024-04-07,Completed,Mobile,South
7847,2277,2024-11-17,Completed,Web,West
7848,2233,2024-03-29,Completed,Partner,East
7849,1017,2025-06-11,Completed,Partner,North
7850,1596,2025-09-20,Completed,Partner,South
7851,1182,2025-10-14,Completed,Mobile,South
7852,2076,2025-05-13,Completed,Web,North
7853,895,2024-02-21,Completed,Mobile,West
7854,2183,2024-10-15,Completed,Partner,South
7855,2037,2024-08-24,Completed,Partner,East
7856,998,2024-02-08,Completed,Partner,North
7857,495,2026-07-04,Completed,Partner,East
7858,832,2024-07-30,Completed,Partner,South
7859,2670,2025-02-11,Completed,Partner,South
7860,1665,2025-03-10,Completed,Partner,North
7861,1363,2024-10-30,Completed,Web,South
7862,91,2025-01-20,Completed,Partner,West
7863,542,2025-07-01,Completed,Mobile,East
7864,274,2026-06-23,Completed,Web,South
7865,1302,2024-12-27,Completed,Mobile,East
7866,1035,2025-10-18,Completed,Web,North
7867,1375,2024-05-31,Cancelled,Web,South
7868,1477,2025-05-17,Completed,Partner,South
7869,1564,2025-01-05,Completed,Partner,South
7870,1953,2024-09-09,Cancelled,Partner,North
7871,1924,2024-09-15,Completed,Web,East
7872,1677,2024-05-03,Cancelled,Web,North
7873,1392,2024-04-08,Completed,Mobile,West
7874,2527,2025-10-25,Completed,Partner,North
7875,1456,2024-09-11,Completed,Mobile,South
7876,2217,2024-07-12,Completed,Web,West
7877,1836,2025-10-18,Completed,Web,North
7878,1300,2025-10-03,Completed,Web,South
7879,765,2026-07-10,Completed,Web,West
7880,2442,2025-08-03,Cancelled,Web,North
7881,955,2026-06-11,Cancelled,Partner,South
7882,2376,2024-06-10,Cancelled,Mobile,North
7883,2467,2026-03-02,Completed,Partner,North
7884,1755,2026-01-23,Cancelled,Web,West
7885,2123,2024-11-24,Pending,Mobile,West
7886,676,2026-07-29,Completed,Web,South
7887,749,2026-04-09,Completed,Mobile,West
7888,663,2026-05-17,Completed,Partner,West
7889,2061,2024-12-21,Completed,Web,South
7890,2826,2024-01-06,Completed,Mobile,West
7891,1539,2025-02-03,Completed,Mobile,South
7892,1500,2024-06-19,Completed,Mobile,East
7893,2799,2025-06-21,Completed,Mobile,East
7894,2883,2024-02-21,Completed,Web,East
7895,1298,2025-12-11,Completed,Partner,South
7896,2584,2024-05-18,Completed,Web,East
7897,911,2024-05-22,Completed,Partner,North
7898,38,2025-11-27,Cancelled,Partner,North
7899,50,2025-04-02,Completed,Mobile,South
7900,183,2024-11-22,Completed,Mobile,South
7901,725,2026-03-11,Completed,Web,North
7902,2036,2025-01-14,Cancelled,Partner,South
7903,1649,2024-05-21,Completed,Web,South
7904,364,2026-06-25,Completed,Partner,South
7905,2109,2026-06-13,Completed,Partner,East
7906,1553,2025-04-04,Completed,Web,North
7907,668,2024-08-31,Completed,Mobile,North
7908,423,2025-03-28,Completed,Web,South
7909,478,2024-01-12,Completed,Mobile,East
7910,574,2025-10-21,Completed,Web,West
7911,326,2025-04-22,Completed,Partner,East
7912,701,2026-02-17,Completed,Partner,West
7913,995,2024-05-15,Cancelled,Mobile,South
7914,2467,2026-08-25,Completed,Web,North
7915,1597,2025-11-21,Completed,Mobile,North
7916,1272,2026-01-01,Completed,Mobile,South
7917,1081,2025-12-18,Completed,Web,South
7918,178,2025-08-10,Completed,Web,South
7919,449,2025-03-18,Completed,Web,South
7920,839,2025-09-13,Completed,Partner,West
7921,1674,2025-09-16,Completed,Partner,North
7922,18,2026-01-14,Cancelled,Mobile,North
7923,554,2024-01-05,Completed,Web,North
7924,2476,2026-04-13,Completed,Partner,North
7925,119,2026-08-10,Completed,Partner,East
7926,829,2024-03-30,Completed,Partner,West
7927,2261,2025-06-21,Completed,Partner,South
7928,1465,2024-06-06,Completed,Mobile,South
7929,2932,2024-12-09,Completed,Web,North
7930,1993,2024-08-08,Completed,Web,South
7931,1713,2024-01-27,Completed,Partner,West
7932,1859,2024-10-08,Completed,Partner,South
7933,2260,2025-10-22,Completed,Mobile,South
7934,1480,2026-04-10,Pending,Web,West
7935,1351,2026-04-10,Completed,Web,West
7936,946,2024-09-06,Completed,Partner,South
7937,1998,2024-03-22,Cancelled,Mobile,South
7938,1726,2024-03-23,Completed,Partner,East
7939,1933,2025-12-13,Completed,Web,South
7940,1843,2024-01-27,Pending,Mobile,West
7941,2700,2024-12-02,Completed,Web,West
7942,1600,2026-08-12,Completed,Web,East
7943,1530,2025-03-27,Completed,Web,South
7944,658,2025-04-19,Completed,Mobile,North
7945,2062,2024-08-29,Completed,Partner,North
7946,221,2025-11-03,Completed,Web,North
7947,1741,2024-07-05,Completed,Web,West
7948,1184,2024-05-25,Completed,Web,North
7949,982,2025-10-12,Completed,Web,West
7950,2455,2024-04-22,Completed,Mobile,South
7951,531,2024-07-13,Completed,Partner,West
7952,2558,2024-03-07,Cancelled,Partner,East
7953,1375,2024-08-28,Completed,Mobile,South
7954,219,2026-03-21,Completed,Web,North
7955,1165,2024-01-14,Completed,Partner,East
7956,69,2025-01-20,Cancelled,Partner,East
7957,2881,2025-11-26,Completed,Web,South
7958,1626,2025-05-16,Completed,Web,South
7959,1178,2024-04-11,Completed,Mobile,North
7960,459,2024-06-02,Completed,Partner,South
7961,494,2025-05-29,Completed,Partner,South
7962,2287,2025-12-18,Completed,Mobile,South
7963,737,2024-01-19,Completed,Partner,East
7964,2053,2024-01-29,Completed,Web,North
7965,2121,2024-03-27,Completed,Web,South
7966,901,2024-01-27,Completed,Web,North
7967,2364,2025-01-04,Cancelled,Partner,West
7968,1732,2025-12-28,Completed,Mobile,West
7969,192,2025-09-02,Completed,Mobile,South
7970,428,2026-05-31,Completed,Partner,East
7971,891,2025-06-15,Completed,Web,North
7972,1305,2025-03-29,Completed,Mobile,East
7973,974,2024-11-28,Completed,Web,North
7974,1532,2024-01-10,Completed,Partner,West
7975,2953,2024-11-04,Cancelled,Mobile,North
7976,1427,2024-05-29,Completed,Partner,North
7977,2171,2025-04-12,Completed,Partner,South
7978,1928,2024-10-09,Completed,Mobile,South
7979,2712,2026-05-30,Completed,Web,South
7980,296,2024-05-31,Completed,Partner,East
7981,2938,2025-04-29,Completed,Partner,North
7982,2833,2024-05-05,Completed,Mobile,East
7983,984,2026-03-20,Completed,Partner,West
7984,989,2024-12-03,Completed,Partner,East
7985,160,2026-01-28,Completed,Partner,West
7986,2520,2026-04-21,Completed,Mobile,South
7987,1843,2025-12-01,Completed,Partner,West
7988,162,2024-01-09,Completed,Web,West
7989,31,2024-10-21,Completed,Partner,West
7990,2339,2025-09-13,Completed,Web,North
7991,388,2024-07-09,Completed,Web,West
7992,681,2026-02-21,Pending,Web,North
7993,2617,2026-08-11,Completed,Web,West
7994,1111,2026-08-27,Completed,Mobile,East
7995,2819,2026-06-06,Completed,Partner,South
7996,2828,2025-11-22,Cancelled,Mobile,North
7997,613,2026-04-08,Completed,Mobile,South
7998,1151,2026-07-29,Completed,Web,West
7999,2554,2024-01-26,Completed,Partner,North
8000,664,2024-01-10,Completed,Web,East
8001,667,2024-05-09,Completed,Partner,East
8002,1366,2024-07-02,Completed,Web,South
8003,838,2024-06-22,Completed,Web,East
8004,2214,2026-01-09,Completed,Mobile,West
8005,2187,2025-11-05,Completed,Mobile,South
8006,500,2025-11-30,Completed,Mobile,East
8007,2708,2025-12-24,Completed,Web,South
8008,1040,2026-02-19,Completed,Partner,East
8009,1033,2026-03-30,Completed,Mobile,East
8010,78,2026-01-30,Completed,Partner,South
8011,1291,2024-01-30,Completed,Partner,North
8012,51,2025-10-21,Completed,Partner,North
8013,230,2025-03-01,Completed,Web,North
8014,2496,2024-11-29,Completed,Web,North
8015,1993,2024-04-26,Completed,Mobile,South
8016,2960,2024-11-12,Completed,Partner,West
8017,1090,2026-08-03,Cancelled,Partner,East
8018,1543,2025-10-18,Completed,Web,East
8019,1745,2025-04-04,Completed,Partner,West
8020,2290,2025-08-10,Completed,Web,East
8021,2408,2024-02-21,Pending,Partner,North
8022,1098,2024-04-02,Completed,Partner,North
8023,2714,2026-08-14,Completed,Web,North
8024,959,2024-03-21,Cancelled,Partner,West
8025,1633,2024-07-09,Completed,Web,East
8026,943,2026-05-04,Completed,Partner,South
8027,2189,2024-10-12,Completed,Mobile,East
8028,2656,2026-04-09,Completed,Partner,North
8029,139,2026-03-14,Pending,Web,East
8030,1897,2024-04-08,Completed,Mobile,West
8031,451,2026-04-16,Completed,Web,North
8032,294,2026-07-04,Completed,Mobile,North
8033,853,2024-08-06,Completed,Web,South
8034,2645,2025-01-27,Completed,Mobile,West
8035,1416,2026-01-20,Completed,Mobile,South
8036,2779,2024-08-22,Completed,Mobile,North
8037,326,2026-04-12,Completed,Mobile,East
8038,1682,2025-08-01,Completed,Mobile,West
8039,1573,2025-06-27,Completed,Partner,North
8040,1006,2024-07-01,Completed,Partner,South
8041,2206,2025-08-03,Completed,Mobile,South
8042,364,2026-04-16,Completed,Partner,South
8043,234,2026-04-06,Completed,Partner,North
8044,2164,2025-04-28,Pending,Partner,West
8045,1407,2025-06-26,Completed,Web,East
8046,2221,2025-06-03,Completed,Mobile,South
8047,494,2024-03-12,Cancelled,Mobile,South
8048,2516,2024-04-29,Completed,Partner,South
8049,2961,2026-06-14,Completed,Web,South
8050,959,2026-01-13,Completed,Partner,West
8051,2277,2025-03-16,Completed,Partner,West
8052,2489,2024-11-09,Completed,Web,North
8053,1296,2025-08-10,Completed,Web,South
8054,2083,2024-08-02,Completed,Partner,East
8055,2491,2026-02-08,Completed,Partner,East
8056,1548,2024-05-07,Completed,Web,East
8057,1679,2024-01-02,Completed,Web,North
8058,826,2025-04-09,Completed,Mobile,South
8059,481,2026-08-22,Completed,Web,West
8060,698,2024-09-13,Completed,Partner,East
8061,2636,2024-12-21,Completed,Mobile,East
8062,1157,2026-05-11,Completed,Mobile,East
8063,2493,2025-02-19,Completed,Web,West
8064,439,2025-04-27,Completed,Partner,North
8065,782,2024-08-07,Completed,Web,South
8066,1408,2024-09-19,Completed,Mobile,North
8067,1053,2024-03-23,Completed,Mobile,South
8068,2397,2026-03-30,Completed,Mobile,West
8069,1352,2026-01-06,Completed,Mobile,West
8070,1404,2024-01-17,Completed,Partner,North
8071,827,2024-10-02,Completed,Mobile,North
8072,2106,2025-06-22,Completed,Partner,North
8073,649,2025-03-05,Completed,Partner,North
8074,2519,2024-11-08,Completed,Mobile,North
8075,876,2025-04-02,Completed,Mobile,East
8076,2592,2024-08-14,Completed,Web,West
8077,2711,2025-07-19,Completed,Mobile,North
8078,2392,2025-08-20,Completed,Web,North
8079,2209,2025-10-14,Completed,Partner,East
8080,2824,2025-06-21,Completed,Web,West
8081,2629,2026-05-20,Completed,Mobile,West
8082,2156,2025-07-21,Completed,Mobile,South
8083,245,2024-02-01,Completed,Web,North
8084,769,2024-01-11,Completed,Mobile,West
8085,1092,2024-05-26,Completed,Web,West
8086,2978,2024-06-04,Cancelled,Web,East
8087,1400,2024-02-25,Completed,Web,East
8088,1100,2026-02-07,Completed,Partner,South
8089,2089,2026-02-13,Completed,Mobile,North
8090,281,2026-03-08,Completed,Web,East
8091,2294,2024-07-17,Completed,Web,East
8092,868,2025-07-06,Completed,Web,East
8093,2659,2025-04-15,Completed,Web,East
8094,2678,2026-08-07,Completed,Partner,East
8095,1588,2024-10-25,Cancelled,Web,West
8096,2570,2026-06-24,Completed,Web,North
8097,1429,2024-11-10,Completed,Mobile,South
8098,2887,2025-11-09,Cancelled,Partner,East
8099,1304,2025-09-13,Completed,Partner,East
8100,798,2025-01-13,Cancelled,Web,West
8101,952,2025-12-25,Completed,Mobile,South
8102,2336,2026-04-12,Pending,Mobile,East
8103,2725,2026-08-28,Completed,Web,East
8104,1057,2025-07-31,Completed,Partner,South
8105,2432,2024-02-26,Completed,Partner,South
8106,2125,2025-12-16,Cancelled,Mobile,North
8107,2409,2025-11-20,Completed,Partner,East
8108,71,2025-09-11,Completed,Mobile,North
8109,918,2024-04-11,Completed,Partner,South
8110,1553,2024-02-16,Pending,Partner,North
8111,577,2025-02-10,Completed,Mobile,South
8112,27,2025-10-25,Completed,Partner,West
8113,2013,2025-08-10,Pending,Web,North
8114,1076,2026-07-28,Completed,Partner,North
8115,1659,2024-04-21,Completed,Mobile,North
8116,67,2025-02-13,Completed,Partner,East
8117,1315,2026-06-01,Completed,Mobile,East
8118,414,2024-09-04,Completed,Partner,South
8119,383,2025-02-27,Completed,Web,West
8120,606,2025-01-10,Completed,Web,East
8121,2863,2025-07-20,Completed,Partner,North
8122,2846,2024-12-12,Completed,Partner,West
8123,1610,2025-05-07,Completed,Partner,West
8124,1384,2025-02-04,Completed,Web,North
8125,323,2024-01-18,Cancelled,Mobile,East
8126,711,2024-02-10,Completed,Partner,East
8127,2656,2026-07-27,Completed,Web,North
8128,1570,2024-03-06,Completed,Web,South
8129,248,2025-02-21,Cancelled,Partner,North
8130,2762,2025-01-04,Pending,Web,South
8131,1189,2024-12-22,Completed,Mobile,East
8132,2754,2026-02-05,Completed,Mobile,East
8133,2430,2024-06-23,Completed,Mobile,East
8134,1848,2024-01-10,Completed,Mobile,West
8135,2899,2024-12-05,Cancelled,Mobile,East
8136,96,2026-02-22,Completed,Partner,West
8137,1606,2025-03-10,Completed,Partner,West
8138,2705,2024-01-03,Completed,Partner,West
8139,2648,2025-08-19,Completed,Web,West
8140,254,2024-12-28,Cancelled,Partner,East
8141,2743,2025-03-15,Completed,Web,West
8142,1841,2025-12-29,Completed,Mobile,South
8143,1361,2025-07-27,Completed,Mobile,South
8144,2312,2024-01-03,Completed,Mobile,South
8145,1617,2026-01-03,Completed,Partner,North
8146,1805,2024-02-01,Completed,Partner,South
8147,451,2025-02-22,Completed,Mobile,North
8148,1087,2025-01-03,Completed,Mobile,South
8149,1916,2025-01-10,Completed,Mobile,East
8150,1651,2026-07-03,Completed,Mobile,East
8151,2657,2024-11-17,Completed,Partner,East
8152,2789,2024-09-05,Completed,Mobile,East
8153,103,2025-08-09,Completed,Mobile,South
8154,2609,2025-04-23,Completed,Partner,North
8155,1809,2025-05-20,Completed,Mobile,South
8156,321,2025-03-17,Cancelled,Partner,South
8157,2135,2026-07-28,Completed,Web,North
8158,123,2026-05-21,Completed,Web,East
8159,2564,2024-08-21,Completed,Web,West
8160,2864,2024-03-04,Completed,Partner,South
8161,2450,2024-07-09,Completed,Partner,North
8162,1850,2024-05-25,Completed,Web,East
8163,768,2024-09-25,Completed,Mobile,South
8164,2411,2024-05-23,Completed,Partner,South
8165,1276,2025-03-01,Completed,Partner,West
8166,2830,2025-12-01,Completed,Mobile,South
8167,2275,2026-08-21,Pending,Partner,East
8168,2237,2024-10-07,Completed,Web,North
8169,414,2024-10-20,Completed,Partner,South
8170,2029,2024-04-07,Completed,Web,West
8171,1820,2026-07-20,Completed,Web,East
8172,1961,2025-12-08,Completed,Mobile,East
8173,2580,2024-07-27,Completed,Web,South
8174,2075,2026-04-13,Completed,Web,West
8175,2036,2025-01-17,Completed,Web,South
8176,139,2025-02-17,Completed,Mobile,East
8177,2465,2024-01-06,Cancelled,Mobile,West
8178,894,2025-04-30,Completed,Web,North
8179,135,2026-07-19,Completed,Partner,South
8180,1588,2025-04-25,Completed,Web,West
8181,490,2025-03-22,Pending,Web,North
8182,2011,2025-03-10,Completed,Web,North
8183,1762,2025-09-12,Completed,Partner,North
8184,2885,2026-01-02,Completed,Mobile,East
8185,2904,2026-05-27,Completed,Web,East
8186,1321,2024-07-06,Completed,Web,West
8187,40,2025-08-14,Completed,Partner,South
8188,2761,2025-09-06,Completed,Mobile,West
8189,345,2024-03-21,Completed,Mobile,North
8190,687,2025-08-02,Completed,Web,West
8191,298,2025-07-27,Cancelled,Web,North
8192,234,2025-08-11,Completed,Mobile,North
8193,199,2025-11-23,Completed,Web,East
8194,1114,2024-07-28,Completed,Partner,North
8195,2629,2024-09-28,Completed,Web,West
8196,1187,2024-07-15,Completed,Mobile,North
8197,297,2024-02-10,Completed,Web,North
8198,1752,2025-03-07,Completed,Partner,North
8199,2166,2025-04-03,Completed,Partner,East
8200,2401,2025-07-11,Completed,Partner,East
8201,1684,2026-06-07,Completed,Web,East
8202,1886,2024-02-15,Completed,Partner,East
8203,1370,2025-10-10,Completed,Partner,North
8204,2510,2025-03-18,Completed,Partner,East
8205,242,2024-06-04,Completed,Partner,East
8206,2416,2024-03-03,Completed,Mobile,North
8207,1532,2024-05-29,Completed,Partner,West
8208,1012,2026-02-14,Completed,Partner,West
8209,110,2026-07-25,Completed,Mobile,South
8210,1779,2026-08-15,Pending,Mobile,South
8211,1596,2026-03-21,Completed,Web,South
8212,498,2026-04-23,Completed,Web,North
8213,2992,2026-08-28,Completed,Partner,East
8214,824,2025-11-16,Completed,Web,West
8215,233,2025-07-15,Completed,Partner,West
8216,2423,2024-05-19,Pending,Partner,North
8217,2888,2026-06-03,Completed,Web,North
8218,1934,2026-01-23,Completed,Partner,East
8219,2226,2025-06-09,Completed,Mobile,East
8220,14,2025-06-23,Completed,Mobile,South
8221,2295,2025-12-31,Completed,Partner,West
8222,728,2025-07-15,Completed,Mobile,West
8223,2862,2026-03-12,Completed,Partner,West
8224,1316,2024-02-07,Completed,Web,North
8225,2565,2025-04-11,Completed,Partner,South
8226,1004,2024-03-21,Completed,Partner,South
8227,1038,2025-09-10,Completed,Web,West
8228,644,2024-08-03,Completed,Web,East
8229,1942,2025-12-23,Completed,Mobile,South
8230,140,2024-12-14,Completed,Mobile,West
8231,1278,2026-06-29,Completed,Partner,North
8232,147,2024-10-13,Completed,Web,East
8233,2653,2025-12-25,Completed,Web,South
8234,450,2024-07-05,Completed,Web,South
8235,1447,2026-03-27,Completed,Mobile,North
8236,426,2024-06-17,Cancelled,Web,East
8237,1472,2024-04-10,Completed,Web,South
8238,1432,2025-07-15,Completed,Partner,North
8239,2074,2026-04-20,Completed,Partner,South
8240,524,2025-07-07,Completed,Partner,South
8241,2313,2025-01-10,Completed,Mobile,West
8242,1863,2026-05-03,Pending,Mobile,North
8243,1514,2025-11-01,Completed,Web,West
8244,2842,2024-12-28,Completed,Web,West
8245,570,2026-05-11,Completed,Mobile,West
8246,2518,2024-06-28,Completed,Mobile,South
8247,1499,2024-09-01,Completed,Partner,South
8248,1939,2026-05-21,Pending,Partner,West
8249,29,2024-02-12,Completed,Web,West
8250,2899,2026-05-17,Completed,Web,East
8251,17,2025-08-14,Completed,Mobile,East
8252,1491,2025-05-02,Completed,Mobile,North
8253,2812,2024-05-17,Cancelled,Mobile,East
8254,1174,2025-02-04,Completed,Partner,West
8255,1866,2025-03-19,Completed,Mobile,South
8256,2674,2024-07-20,Completed,Partner,South
8257,2726,2024-01-03,Completed,Mobile,South
8258,196,2024-05-07,Completed,Web,East
8259,339,2025-09-27,Pending,Mobile,South
8260,2086,2025-10-02,Completed,Web,East
8261,910,2026-01-20,Completed,Mobile,North
8262,1391,2024-02-17,Completed,Web,East
8263,573,2026-02-24,Completed,Mobile,South
8264,2576,2026-07-18,Completed,Mobile,North
8265,1384,2025-04-16,Completed,Partner,North
8266,581,2026-02-20,Completed,Web,South
8267,859,2024-02-26,Completed,Web,East
8268,2546,2024-07-02,Completed,Partner,West
8269,673,2025-07-06,Completed,Partner,North
8270,1348,2025-10-11,Completed,Mobile,East
8271,1398,2024-02-15,Completed,Web,East
8272,2524,2026-02-28,Completed,Partner,South
8273,956,2024-02-04,Completed,Partner,South
8274,1846,2024-03-20,Completed,Web,East
8275,2846,2025-12-10,Cancelled,Partner,West
8276,1842,2024-08-17,Completed,Mobile,South
8277,417,2024-09-18,Pending,Mobile,North
8278,567,2026-03-25,Completed,Web,South
8279,110,2026-05-28,Completed,Mobile,South
8280,1342,2025-08-11,Completed,Mobile,North
8281,1827,2025-10-31,Completed,Partner,East
8282,2233,2025-03-24,Completed,Partner,East
8283,811,2025-07-17,Completed,Mobile,South
8284,2340,2024-01-10,Completed,Mobile,East
8285,555,2025-08-09,Completed,Web,East
8286,1836,2025-10-02,Completed,Mobile,North
8287,1762,2024-03-24,Completed,Mobile,North
8288,781,2026-05-05,Completed,Partner,North
8289,2751,2025-07-28,Completed,Partner,West
8290,2552,2025-03-10,Completed,Mobile,South
8291,2528,2025-10-30,Completed,Web,East
8292,2696,2026-06-17,Completed,Partner,East
8293,2693,2026-04-15,Cancelled,Mobile,North
8294,1310,2026-01-21,Completed,Mobile,North
8295,2185,2025-07-27,Cancelled,Web,North
8296,271,2026-01-21,Completed,Partner,South
8297,55,2026-05-15,Completed,Mobile,South
8298,736,2025-09-08,Completed,Mobile,North
8299,50,2025-02-01,Completed,Mobile,South
8300,977,2025-07-26,Completed,Mobile,East
8301,175,2025-07-25,Completed,Partner,West
8302,2660,2024-01-08,Completed,Mobile,East
8303,1864,2026-01-10,Cancelled,Partner,North
8304,1405,2025-06-14,Completed,Mobile,East
8305,1013,2026-04-26,Completed,Partner,East
8306,2207,2024-07-05,Completed,Web,North
8307,1902,2024-02-26,Completed,Web,North
8308,2289,2024-06-21,Completed,Web,North
8309,721,2025-06-28,Completed,Web,South
8310,1543,2025-04-19,Completed,Partner,East
8311,1666,2024-01-28,Completed,Web,East
8312,40,2024-05-04,Completed,Mobile,South
8313,1464,2024-05-11,Completed,Web,North
8314,2596,2025-05-31,Completed,Web,North
8315,271,2026-07-04,Completed,Partner,South
8316,718,2024-05-19,Completed,Partner,West
8317,2917,2026-05-20,Completed,Mobile,North
8318,2677,2026-04-03,Cancelled,Web,West
8319,2484,2025-05-23,Completed,Partner,North
8320,2668,2025-05-10,Completed,Partner,East
8321,511,2025-03-30,Completed,Web,West
8322,2995,2024-05-23,Completed,Mobile,South
8323,2928,2025-02-22,Cancelled,Partner,South
8324,2695,2025-09-29,Completed,Web,South
8325,1565,2026-08-03,Cancelled,Mobile,North
8326,1986,2024-12-16,Completed,Partner,South
8327,639,2024-09-06,Completed,Mobile,South
8328,1707,2025-03-21,Completed,Mobile,West
8329,1648,2025-10-20,Pending,Partner,South
8330,1673,2025-11-14,Completed,Partner,South
8331,2782,2024-05-25,Cancelled,Mobile,North
8332,2147,2024-02-19,Cancelled,Partner,North
8333,2898,2024-02-24,Completed,Partner,South
8334,1277,2026-04-01,Completed,Partner,South
8335,2454,2025-08-23,Completed,Web,East
8336,579,2026-04-12,Completed,Web,West
8337,550,2025-04-06,Completed,Partner,North
8338,2591,2026-08-04,Completed,Web,North
8339,792,2025-01-16,Completed,Mobile,North
8340,2889,2025-11-10,Completed,Mobile,East
8341,927,2025-07-24,Completed,Partner,North
8342,264,2026-05-03,Completed,Web,West
8343,861,2024-09-29,Completed,Web,West
8344,399,2025-10-17,Completed,Mobile,South
8345,571,2024-01-20,Completed,Partner,East
8346,1380,2025-09-04,Completed,Mobile,South
8347,1260,2024-06-10,Completed,Mobile,West
8348,435,2024-10-05,Completed,Mobile,West
8349,1644,2026-05-25,Completed,Web,North
8350,2705,2025-01-02,Completed,Web,West
8351,1803,2025-08-31,Pending,Mobile,South
8352,2959,2024-06-08,Completed,Web,North
8353,680,2025-12-11,Completed,Partner,South
8354,1211,2024-03-30,Completed,Mobile,North
8355,1102,2024-02-05,Completed,Web,North
8356,2967,2024-04-27,Pending,Partner,North
8357,1867,2026-02-21,Completed,Partner,East
8358,997,2025-01-17,Completed,Partner,East
8359,2200,2025-07-25,Completed,Partner,North
8360,2946,2024-05-10,Completed,Mobile,North
8361,1607,2024-10-04,Completed,Web,East
8362,1222,2026-06-10,Cancelled,Partner,East
8363,1866,2025-03-07,Completed,Mobile,South
8364,2390,2026-03-20,Cancelled,Mobile,North
8365,1652,2025-02-15,Completed,Partner,South
8366,381,2025-06-23,Completed,Partner,West
8367,991,2026-05-17,Completed,Partner,East
8368,2801,2026-03-20,Completed,Web,East
8369,599,2024-10-25,Completed,Mobile,North
8370,536,2024-09-01,Completed,Mobile,North
8371,2520,2025-04-24,Completed,Mobile,South
8372,1383,2025-10-18,Completed,Mobile,West
8373,270,2024-05-20,Completed,Web,East
8374,849,2024-12-30,Completed,Mobile,West
8375,429,2026-05-19,Completed,Partner,North
8376,1051,2024-06-10,Completed,Partner,South
8377,399,2024-09-23,Pending,Mobile,South
8378,1996,2026-01-11,Pending,Mobile,West
8379,238,2025-07-24,Completed,Web,South
8380,1850,2025-08-02,Completed,Partner,East
8381,41,2024-03-15,Completed,Mobile,East
8382,2832,2024-08-25,Completed,Web,North
8383,1916,2024-02-11,Cancelled,Mobile,East
8384,2819,2026-01-30,Completed,Mobile,South
8385,809,2026-04-30,Completed,Mobile,West
8386,2930,2026-08-26,Completed,Mobile,East
8387,1976,2025-02-03,Completed,Mobile,South
8388,269,2024-07-04,Completed,Web,North
8389,2918,2025-01-11,Completed,Web,West
8390,1726,2024-03-24,Completed,Partner,East
8391,2455,2025-08-02,Pending,Partner,South
8392,1343,2025-12-31,Completed,Mobile,North
8393,279,2026-02-25,Completed,Partner,East
8394,231,2026-02-06,Pending,Partner,South
8395,1400,2025-04-29,Completed,Mobile,East
8396,140,2024-12-21,Completed,Partner,West
8397,2529,2026-02-15,Completed,Web,South
8398,952,2026-06-23,Completed,Web,South
8399,1050,2025-09-25,Completed,Mobile,North
8400,1838,2026-01-27,Completed,Mobile,North
8401,2059,2024-05-29,Completed,Web,South
8402,2212,2024-06-16,Completed,Web,South
8403,286,2024-01-21,Completed,Mobile,East
8404,931,2025-07-22,Completed,Partner,East
8405,1616,2026-06-14,Completed,Mobile,East
8406,426,2024-02-24,Completed,Mobile,East
8407,875,2025-08-27,Completed,Mobile,South
8408,1660,2025-05-13,Completed,Web,West
8409,438,2025-04-03,Completed,Mobile,North
8410,2327,2025-06-17,Completed,Web,East
8411,980,2025-08-31,Completed,Partner,West
8412,279,2024-09-23,Completed,Mobile,East
8413,2003,2024-06-12,Completed,Web,North
8414,1125,2026-02-17,Completed,Web,South
8415,2192,2024-11-04,Completed,Mobile,South
8416,476,2026-03-13,Completed,Partner,West
8417,742,2025-07-22,Completed,Partner,North
8418,1143,2024-09-21,Completed,Partner,East
8419,1182,2024-03-31,Completed,Web,South
8420,2609,2024-03-21,Pending,Mobile,North
8421,82,2024-12-08,Completed,Mobile,North
8422,2729,2026-08-02,Completed,Web,South
8423,848,2025-05-05,Completed,Mobile,West
8424,514,2024-09-02,Completed,Mobile,West
8425,2270,2025-01-06,Completed,Partner,West
8426,1292,2025-01-06,Pending,Mobile,West
8427,1046,2026-07-12,Completed,Partner,North
8428,1492,2024-05-30,Completed,Web,East
8429,15,2024-09-23,Pending,Partner,West
8430,219,2025-08-26,Completed,Mobile,North
8431,2389,2025-08-23,Completed,Mobile,South
8432,1738,2024-06-17,Completed,Web,East
8433,1475,2025-01-07,Completed,Partner,West
8434,1545,2025-05-06,Completed,Mobile,East
8435,2743,2025-08-03,Completed,Partner,West
8436,979,2025-12-22,Completed,Web,East
8437,773,2024-04-06,Completed,Mobile,North
8438,2712,2025-11-19,Completed,Mobile,South
8439,2384,2024-02-17,Completed,Partner,East
8440,1577,2025-10-12,Completed,Web,East
8441,1084,2024-01-02,Completed,Web,North
8442,2586,2024-01-01,Completed,Web,North
8443,2968,2024-10-04,Completed,Web,West
8444,935,2024-01-25,Completed,Partner,West
8445,658,2026-01-01,Completed,Mobile,North
8446,2365,2025-03-24,Completed,Web,West
8447,2967,2024-11-28,Cancelled,Mobile,North
8448,517,2024-12-20,Completed,Partner,East
8449,625,2025-08-03,Completed,Partner,South
8450,1640,2024-10-05,Completed,Web,West
8451,1682,2024-09-30,Completed,Partner,West
8452,907,2026-05-17,Completed,Mobile,South
8453,1576,2024-08-05,Completed,Mobile,North
8454,2719,2025-08-17,Completed,Web,North
8455,1511,2025-09-21,Completed,Web,West
8456,2856,2025-04-24,Completed,Partner,North
8457,29,2024-03-21,Completed,Mobile,West
8458,2236,2026-01-03,Completed,Web,West
8459,173,2024-07-17,Completed,Web,South
8460,384,2024-10-22,Completed,Mobile,South
8461,2326,2024-06-17,Completed,Web,East
8462,2317,2026-07-23,Completed,Web,South
8463,383,2026-04-01,Pending,Web,West
8464,1988,2025-10-23,Completed,Partner,South
8465,1809,2024-06-29,Completed,Web,South
8466,60,2024-12-03,Completed,Web,West
8467,1012,2026-08-12,Completed,Partner,West
8468,567,2025-03-12,Completed,Mobile,South
8469,1402,2025-12-12,Pending,Partner,East
8470,668,2025-04-02,Completed,Partner,North
8471,1746,2024-07-24,Pending,Web,South
8472,1598,2026-07-30,Completed,Web,East
8473,1212,2024-03-24,Completed,Partner,South
8474,794,2025-07-26,Completed,Mobile,East
8475,1675,2024-04-23,Completed,Partner,West
8476,2892,2025-07-11,Completed,Web,East
8477,347,2025-12-14,Completed,Partner,South
8478,278,2025-02-08,Completed,Mobile,North
8479,1966,2025-07-25,Cancelled,Mobile,West
8480,1421,2025-12-08,Completed,Web,East
8481,2753,2024-01-23,Cancelled,Partner,South
8482,259,2025-10-30,Completed,Mobile,East
8483,9,2024-05-17,Completed,Mobile,South
8484,910,2026-06-25,Completed,Web,North
8485,347,2026-08-04,Completed,Mobile,South
8486,1433,2026-04-25,Completed,Partner,North
8487,1832,2026-01-20,Cancelled,Partner,North
8488,2217,2025-01-27,Completed,Partner,West
8489,584,2024-11-22,Completed,Web,West
8490,645,2024-10-17,Completed,Partner,South
8491,1406,2026-07-05,Completed,Partner,South
8492,1665,2024-03-29,Completed,Web,North
8493,2917,2026-04-01,Cancelled,Mobile,North
8494,863,2025-02-24,Completed,Web,South
8495,1233,2025-01-10,Completed,Partner,West
8496,2305,2024-05-31,Completed,Web,East
8497,2963,2024-10-21,Cancelled,Partner,North
8498,1057,2024-09-09,Completed,Mobile,South
8499,155,2024-12-03,Completed,Mobile,East
8500,24,2024-03-05,Completed,Partner,North
8501,2236,2025-04-12,Completed,Partner,West
8502,2049,2025-12-10,Completed,Partner,South
8503,1952,2025-10-16,Cancelled,Mobile,East
8504,2942,2025-12-04,Completed,Partner,South
8505,1407,2024-09-13,Pending,Web,East
8506,1214,2024-01-22,Completed,Web,North
8507,1111,2024-08-05,Completed,Mobile,East
8508,2136,2025-08-27,Completed,Partner,North
8509,2212,2025-02-19,Completed,Mobile,South
8510,2041,2024-03-11,Completed,Partner,West
8511,917,2025-09-02,Completed,Web,South
8512,2621,2024-10-01,Completed,Partner,North
8513,1318,2024-11-17,Completed,Mobile,West
8514,2666,2026-05-25,Completed,Mobile,South
8515,2039,2025-08-16,Completed,Mobile,South
8516,2018,2026-07-01,Completed,Mobile,South
8517,815,2024-04-07,Completed,Partner,North
8518,414,2026-05-05,Completed,Mobile,South
8519,766,2026-08-08,Completed,Mobile,East
8520,2,2025-01-24,Cancelled,Mobile,North
8521,481,2025-05-03,Completed,Mobile,West
8522,744,2025-11-18,Completed,Partner,West
8523,327,2024-03-14,Cancelled,Mobile,South
8524,697,2024-04-30,Completed,Mobile,East
8525,2958,2024-03-20,Completed,Partner,West
8526,621,2025-08-27,Pending,Mobile,North
8527,1833,2026-07-22,Cancelled,Mobile,West
8528,1365,2025-01-20,Completed,Mobile,East
8529,2045,2024-05-28,Completed,Mobile,West
8530,2190,2024-11-28,Completed,Partner,West
8531,804,2024-01-19,Completed,Partner,South
8532,1524,2026-02-21,Completed,Mobile,South
8533,452,2025-12-19,Completed,Partner,South
8534,2095,2025-11-16,Completed,Partner,North
8535,1771,2024-11-23,Completed,Web,South
8536,2855,2026-08-21,Completed,Mobile,East
8537,336,2024-09-02,Completed,Partner,North
8538,2307,2025-06-22,Completed,Mobile,South
8539,2836,2024-05-02,Completed,Web,West
8540,698,2024-12-21,Completed,Partner,East
8541,2125,2025-02-16,Completed,Mobile,North
8542,2105,2025-02-20,Completed,Web,North
8543,1280,2025-10-24,Completed,Mobile,West
8544,2574,2024-10-18,Completed,Partner,South
8545,2004,2024-07-17,Completed,Partner,West
8546,1793,2026-03-01,Cancelled,Web,North
8547,2428,2024-03-05,Completed,Mobile,South
8548,477,2025-05-10,Completed,Mobile,North
8549,2912,2025-03-19,Completed,Mobile,West
8550,1484,2024-12-08,Completed,Mobile,North
8551,590,2025-05-14,Completed,Mobile,East
8552,2236,2025-05-20,Completed,Mobile,West
8553,1778,2025-08-22,Completed,Web,East
8554,343,2025-10-02,Completed,Partner,East
8555,1842,2026-08-09,Completed,Web,South
8556,323,2025-09-15,Completed,Partner,East
8557,750,2025-12-06,Completed,Mobile,North
8558,2012,2024-01-04,Completed,Mobile,North
8559,1106,2024-03-05,Completed,Mobile,West
8560,2982,2025-06-19,Completed,Mobile,East
8561,31,2025-03-05,Pending,Mobile,West
8562,1366,2026-03-16,Completed,Mobile,South
8563,2188,2025-01-23,Completed,Mobile,South
8564,1225,2025-10-19,Completed,Partner,North
8565,2924,2026-04-22,Completed,Partner,West
8566,25,2025-03-19,Completed,Mobile,East
8567,2162,2026-04-11,Completed,Mobile,East
8568,2602,2024-08-27,Completed,Mobile,East
8569,1689,2026-01-15,Completed,Mobile,East
8570,498,2025-10-24,Completed,Web,North
8571,488,2024-02-04,Completed,Partner,North
8572,2887,2025-01-13,Completed,Mobile,East
8573,2728,2025-12-11,Completed,Web,North
8574,146,2025-05-08,Completed,Mobile,South
8575,1575,2025-07-16,Completed,Web,East
8576,2063,2025-02-05,Completed,Web,East
8577,2951,2025-10-15,Completed,Web,South
8578,2589,2026-06-01,Cancelled,Partner,West
8579,393,2026-06-21,Completed,Mobile,West
8580,690,2024-07-29,Completed,Mobile,East
8581,740,2024-03-27,Completed,Partner,East
8582,2095,2024-01-26,Completed,Web,North
8583,130,2026-03-20,Completed,Mobile,West
8584,1844,2026-08-15,Completed,Mobile,South
8585,1447,2025-05-30,Completed,Partner,North
8586,2023,2024-12-09,Completed,Web,West
8587,1143,2026-07-07,Completed,Web,East
8588,1924,2024-04-29,Completed,Partner,East
8589,686,2026-05-09,Completed,Mobile,East
8590,643,2026-04-15,Completed,Mobile,South
8591,2398,2024-10-12,Completed,Mobile,North
8592,384,2026-04-12,Completed,Mobile,South
8593,2353,2024-07-09,Completed,Partner,North
8594,2345,2025-05-02,Completed,Partner,West
8595,1346,2025-01-18,Completed,Web,South
8596,2106,2024-06-17,Completed,Partner,North
8597,370,2026-06-28,Completed,Mobile,East
8598,508,2026-02-27,Completed,Partner,North
8599,124,2025-10-30,Completed,Partner,South
8600,2276,2024-12-19,Completed,Web,North
8601,1810,2025-11-26,Completed,Partner,East
8602,1116,2025-08-04,Completed,Web,South
8603,1083,2024-12-16,Completed,Partner,West
8604,1084,2025-03-28,Completed,Partner,North
8605,2320,2026-04-23,Completed,Partner,South
8606,104,2024-10-06,Cancelled,Web,South
8607,1507,2025-07-24,Completed,Web,West
8608,2728,2024-12-23,Completed,Web,North
8609,2416,2025-12-22,Completed,Mobile,North
8610,1632,2024-08-19,Completed,Web,East
8611,2813,2025-10-07,Completed,Partner,West
8612,2925,2024-11-22,Completed,Web,West
8613,1610,2024-12-05,Completed,Partner,West
8614,1295,2024-07-08,Completed,Web,North
8615,2116,2025-12-25,Completed,Mobile,South
8616,1716,2026-01-12,Completed,Web,South
8617,2884,2025-06-19,Completed,Partner,South
8618,1410,2026-02-10,Completed,Mobile,North
8619,2435,2025-11-20,Completed,Partner,West
8620,2393,2026-03-21,Completed,Partner,East
8621,2988,2024-04-30,Completed,Partner,West
8622,97,2026-07-08,Completed,Partner,South
8623,1049,2024-08-31,Completed,Web,West
8624,497,2025-04-29,Completed,Partner,West
8625,2975,2024-11-26,Pending,Partner,East
8626,2761,2025-09-28,Completed,Partner,West
8627,2659,2025-12-21,Completed,Mobile,East
8628,1111,2024-02-09,Completed,Web,East
8629,937,2025-03-28,Completed,Web,North
8630,1440,2025-06-08,Completed,Partner,West
8631,233,2024-07-07,Completed,Mobile,West
8632,1914,2025-03-03,Completed,Partner,South
8633,2058,2025-08-30,Completed,Web,West
8634,1154,2025-01-15,Completed,Web,East
8635,2568,2026-03-18,Completed,Mobile,North
8636,877,2026-07-19,Completed,Partner,North
8637,557,2024-01-26,Completed,Mobile,North
8638,1791,2026-08-21,Completed,Partner,North
8639,1142,2026-06-19,Completed,Web,North
8640,859,2025-02-06,Completed,Partner,East
8641,1158,2025-06-14,Completed,Partner,West
8642,895,2026-01-07,Completed,Web,West
8643,1454,2024-01-16,Completed,Mobile,West
8644,997,2024-11-16,Completed,Web,East
8645,1471,2024-03-12,Completed,Partner,North
8646,2838,2026-08-16,Completed,Web,South
8647,912,2024-01-08,Completed,Web,East
8648,1288,2024-11-23,Completed,Mobile,North
8649,1892,2024-12-30,Completed,Mobile,West
8650,587,2024-01-27,Completed,Web,South
8651,2460,2024-10-03,Completed,Mobile,South
8652,58,2026-03-09,Completed,Mobile,West
8653,854,2025-12-30,Completed,Mobile,East
8654,1669,2024-08-25,Cancelled,Mobile,North
8655,2757,2024-10-01,Completed,Partner,South
8656,2398,2025-04-22,Completed,Mobile,North
8657,1548,2025-09-08,Completed,Web,East
8658,394,2025-03-02,Completed,Mobile,West
8659,2823,2024-06-15,Completed,Partner,West
8660,306,2024-11-24,Completed,Mobile,South
8661,1810,2025-12-05,Completed,Partner,East
8662,2662,2025-02-17,Cancelled,Partner,North
8663,507,2025-07-10,Completed,Partner,East
8664,2802,2024-09-14,Completed,Web,South
8665,521,2026-07-24,Completed,Partner,East
8666,850,2025-06-25,Pending,Partner,East
8667,2816,2025-10-19,Completed,Web,South
8668,2298,2026-06-26,Completed,Web,East
8669,2746,2025-01-25,Completed,Partner,North
8670,1889,2025-02-10,Completed,Web,West
8671,212,2024-01-17,Completed,Partner,East
8672,1328,2025-06-02,Completed,Partner,West
8673,2589,2025-12-04,Completed,Mobile,West
8674,1892,2025-09-09,Completed,Partner,West
8675,492,2025-04-19,Completed,Mobile,North
8676,2662,2026-03-11,Completed,Partner,North
8677,2747,2026-04-14,Completed,Web,West
8678,584,2025-03-30,Completed,Partner,West
8679,2235,2025-12-26,Completed,Partner,East
8680,2942,2024-08-12,Completed,Web,South
8681,2116,2024-06-04,Pending,Web,South
8682,1450,2026-04-16,Completed,Partner,North
8683,2243,2025-05-13,Completed,Partner,North
8684,1393,2024-12-18,Completed,Web,West
8685,2818,2025-05-23,Completed,Mobile,West
8686,138,2024-01-18,Completed,Mobile,East
8687,482,2026-08-19,Completed,Mobile,North
8688,2090,2024-01-07,Completed,Mobile,South
8689,2778,2026-05-19,Completed,Partner,East
8690,299,2024-01-06,Completed,Web,East
8691,2363,2025-09-17,Pending,Partner,South
8692,1403,2026-02-13,Completed,Partner,East
8693,2351,2024-09-21,Completed,Partner,North
8694,654,2025-08-02,Cancelled,Mobile,West
8695,2256,2026-02-01,Completed,Web,South
8696,1263,2026-03-30,Completed,Mobile,North
8697,856,2024-09-21,Completed,Partner,West
8698,1405,2026-04-30,Completed,Mobile,East
8699,2045,2026-03-07,Completed,Web,West
8700,2050,2025-08-13,Completed,Mobile,South
8701,1667,2026-03-30,Completed,Partner,West
8702,2944,2025-12-13,Completed,Partner,South
8703,1224,2024-05-02,Completed,Mobile,West
8704,2510,2026-02-25,Completed,Web,East
8705,399,2025-03-14,Completed,Partner,South
8706,111,2026-06-10,Completed,Partner,South
8707,2757,2026-03-21,Completed,Partner,South
8708,563,2025-11-27,Completed,Mobile,North
8709,574,2024-01-05,Completed,Partner,West
8710,1950,2026-04-18,Completed,Partner,East
8711,1652,2024-07-18,Completed,Web,South
8712,528,2025-02-15,Completed,Mobile,South
8713,598,2025-03-29,Completed,Web,West
8714,473,2025-05-03,Completed,Web,East
8715,153,2026-07-03,Completed,Web,East
8716,1215,2024-02-17,Completed,Partner,West
8717,686,2026-06-24,Cancelled,Mobile,East
8718,2434,2026-02-04,Completed,Web,West
8719,1734,2026-02-13,Completed,Mobile,West
8720,336,2025-03-14,Pending,Web,North
8721,856,2026-06-05,Cancelled,Web,West
8722,1502,2025-10-12,Completed,Mobile,West
8723,2368,2025-05-18,Completed,Partner,West
8724,48,2024-01-26,Completed,Web,South
8725,1875,2026-08-10,Completed,Web,East
8726,2709,2024-07-16,Cancelled,Mobile,West
8727,1211,2025-05-01,Completed,Partner,North
8728,2413,2026-03-16,Pending,Mobile,West
8729,1517,2024-04-13,Completed,Web,South
8730,389,2025-01-10,Completed,Mobile,North
8731,1942,2025-06-10,Pending,Web,South
8732,1071,2025-02-09,Completed,Partner,West
8733,108,2026-03-23,Completed,Web,North
8734,1105,2024-03-31,Completed,Mobile,North
8735,2387,2024-10-19,Completed,Mobile,West
8736,834,2025-03-08,Completed,Partner,North
8737,2555,2024-04-25,Completed,Mobile,East
8738,1151,2024-06-10,Completed,Mobile,West
8739,872,2025-05-11,Completed,Partner,West
8740,2388,2024-01-14,Completed,Web,South
8741,2575,2024-11-04,Completed,Web,North
8742,1790,2024-05-25,Completed,Partner,East
8743,343,2025-11-13,Completed,Mobile,East
8744,874,2025-08-02,Completed,Mobile,East
8745,2162,2024-10-16,Completed,Partner,East
8746,299,2024-10-22,Completed,Partner,East
8747,2553,2024-01-20,Completed,Web,East
8748,172,2024-04-30,Completed,Mobile,North
8749,1654,2024-06-16,Completed,Partner,West
8750,633,2025-09-16,Completed,Partner,West
8751,2989,2024-09-06,Completed,Web,South
8752,1877,2025-02-07,Completed,Partner,North
8753,1518,2024-01-03,Completed,Mobile,East
8754,1649,2026-01-04,Completed,Web,South
8755,2510,2025-11-26,Completed,Web,East
8756,571,2026-02-11,Completed,Web,East
8757,2422,2024-05-01,Completed,Partner,East
8758,2299,2026-04-20,Completed,Web,North
8759,74,2024-07-28,Completed,Partner,West
8760,1933,2024-11-28,Completed,Mobile,South
8761,2503,2026-08-21,Completed,Web,North
8762,266,2025-04-11,Completed,Web,West
8763,1205,2026-05-04,Completed,Partner,East
8764,2701,2025-12-19,Completed,Mobile,West
8765,638,2025-05-30,Completed,Partner,South
8766,469,2025-08-12,Completed,Partner,West
8767,1860,2024-04-20,Completed,Mobile,West
8768,2365,2024-08-22,Completed,Partner,West
8769,2038,2024-01-11,Completed,Partner,East
8770,755,2026-08-27,Completed,Partner,West
8771,1564,2024-05-19,Completed,Mobile,South
8772,1579,2026-03-21,Completed,Web,East
8773,2653,2025-04-10,Completed,Partner,South
8774,664,2024-10-31,Completed,Mobile,East
8775,292,2024-05-12,Completed,Partner,East
8776,1374,2025-06-17,Completed,Web,North
8777,2156,2025-07-31,Completed,Partner,South
8778,2494,2026-02-15,Completed,Partner,East
8779,2825,2024-03-13,Completed,Mobile,South
8780,2981,2026-08-20,Completed,Web,South
8781,370,2024-10-09,Completed,Web,East
8782,2404,2024-01-13,Cancelled,Partner,North
8783,1313,2026-08-23,Completed,Partner,South
8784,1936,2025-04-19,Completed,Web,West
8785,2547,2025-06-19,Completed,Web,South
8786,2204,2024-06-27,Completed,Web,South
8787,1572,2026-05-20,Completed,Mobile,North
8788,127,2026-01-03,Completed,Partner,West
8789,1305,2024-05-04,Completed,Web,East
8790,2823,2026-04-01,Completed,Partner,West
8791,237,2025-05-29,Completed,Partner,South
8792,882,2024-09-11,Completed,Partner,South
8793,1648,2024-07-01,Completed,Web,South
8794,491,2025-05-31,Completed,Partner,North
8795,464,2026-04-16,Completed,Partner,East
8796,1007,2024-06-26,Completed,Partner,West
8797,1226,2025-02-05,Completed,Mobile,North
8798,1843,2026-02-27,Completed,Partner,West
8799,1775,2025-04-11,Completed,Web,East
8800,1594,2026-02-12,Completed,Mobile,West
8801,1174,2024-02-06,Completed,Partner,West
8802,902,2026-07-26,Completed,Partner,East
8803,2993,2025-07-20,Completed,Partner,East
8804,2011,2024-06-25,Completed,Web,North
8805,1684,2025-04-15,Completed,Partner,East
8806,2994,2025-10-30,Completed,Mobile,North
8807,1847,2026-07-31,Completed,Web,East
8808,927,2024-07-17,Completed,Partner,North
8809,1197,2026-02-25,Completed,Partner,South
8810,1199,2026-07-02,Completed,Web,South
8811,264,2024-08-18,Completed,Web,West
8812,2501,2024-05-26,Completed,Web,South
8813,2644,2026-07-08,Completed,Web,South
8814,1539,2025-04-20,Completed,Mobile,South
8815,2044,2024-03-01,Completed,Mobile,East
8816,2683,2026-04-19,Completed,Web,North
8817,2541,2024-12-10,Completed,Web,North
8818,2305,2024-05-27,Completed,Mobile,East
8819,2213,2024-03-01,Completed,Web,South
8820,415,2026-01-22,Completed,Partner,West
8821,1254,2024-03-17,Completed,Web,North
8822,709,2024-07-03,Completed,Mobile,North
8823,2859,2025-03-01,Completed,Partner,North
8824,2034,2024-05-16,Completed,Mobile,North
8825,1510,2025-06-03,Completed,Web,South
8826,1830,2026-04-21,Completed,Web,North
8827,2208,2024-07-07,Completed,Mobile,East
8828,2119,2026-07-01,Completed,Mobile,East
8829,375,2025-03-31,Pending,Web,West
8830,2395,2024-03-07,Completed,Web,South
8831,244,2024-05-19,Completed,Mobile,South
8832,2581,2025-11-24,Cancelled,Mobile,South
8833,2233,2025-06-05,Completed,Partner,East
8834,1562,2024-02-28,Completed,Partner,South
8835,120,2025-11-10,Completed,Mobile,South
8836,2828,2025-06-25,Completed,Partner,North
8837,214,2025-10-06,Completed,Mobile,West
8838,1551,2025-07-02,Completed,Web,South
8839,1083,2026-05-25,Completed,Web,West
8840,39,2024-05-17,Completed,Partner,North
8841,907,2024-09-08,Completed,Web,South
8842,474,2026-03-04,Completed,Partner,North
8843,1770,2025-01-06,Completed,Partner,South
8844,2123,2024-05-14,Completed,Partner,West
8845,2183,2024-06-08,Completed,Partner,South
8846,962,2026-05-20,Completed,Mobile,East
8847,1883,2025-02-27,Completed,Partner,West
8848,897,2025-04-17,Completed,Web,East
8849,2551,2024-06-23,Completed,Web,West
8850,96,2025-06-04,Completed,Web,West
8851,2111,2024-02-01,Completed,Web,West
8852,1350,2026-07-24,Completed,Mobile,South
8853,1895,2026-07-31,Completed,Mobile,North
8854,1557,2024-01-21,Completed,Web,West
8855,2724,2025-02-09,Completed,Mobile,South
8856,1080,2025-06-29,Completed,Mobile,South
8857,1732,2025-12-09,Completed,Web,West
8858,2128,2026-08-09,Completed,Mobile,South
8859,1372,2025-09-27,Completed,Mobile,West
8860,2112,2025-06-22,Completed,Mobile,South
8861,2843,2024-03-28,Cancelled,Web,West
8862,219,2025-12-21,Completed,Mobile,North
8863,210,2025-03-18,Completed,Web,East
8864,2305,2026-01-08,Pending,Web,East
8865,224,2025-07-16,Completed,Partner,West
8866,1501,2025-04-04,Completed,Web,North
8867,1041,2026-07-12,Completed,Mobile,South
8868,2622,2025-09-05,Completed,Partner,East
8869,414,2025-01-02,Completed,Partner,South
8870,1426,2024-03-19,Completed,Web,North
8871,1535,2025-04-08,Completed,Web,South
8872,1710,2025-09-16,Completed,Mobile,North
8873,2269,2025-04-10,Completed,Partner,East
8874,2892,2025-07-16,Completed,Mobile,East
8875,1452,2024-09-27,Completed,Partner,West
8876,256,2024-01-01,Completed,Mobile,East
8877,1414,2024-08-01,Cancelled,Mobile,North
8878,1912,2024-07-17,Completed,Web,North
8879,278,2025-03-31,Completed,Web,North
8880,1407,2024-08-03,Pending,Mobile,East
8881,2292,2024-02-01,Completed,Partner,East
8882,666,2025-04-17,Completed,Web,North
8883,980,2024-12-16,Completed,Web,West
8884,95,2025-04-16,Completed,Mobile,West
8885,1073,2024-12-07,Completed,Web,East
8886,517,2025-03-16,Completed,Web,East
8887,1928,2024-01-07,Completed,Mobile,South
8888,1703,2026-07-19,Completed,Web,South
8889,275,2025-09-17,Completed,Web,West
8890,1700,2024-05-14,Completed,Partner,East
8891,2674,2024-03-23,Completed,Web,South
8892,2552,2024-12-16,Completed,Web,South
8893,895,2024-04-25,Pending,Web,West
8894,2617,2025-03-02,Completed,Web,West
8895,2048,2024-05-20,Completed,Partner,West
8896,1697,2024-06-28,Completed,Mobile,East
8897,1093,2024-04-19,Completed,Mobile,South
8898,476,2026-03-06,Completed,Web,West
8899,257,2025-03-22,Completed,Web,South
8900,87,2025-10-20,Completed,Web,South
8901,1646,2024-02-10,Completed,Mobile,West
8902,2826,2026-02-19,Completed,Web,West
8903,1066,2024-08-23,Completed,Web,West
8904,2978,2025-06-22,Completed,Partner,East
8905,2197,2026-05-27,Completed,Web,East
8906,2927,2025-06-28,Cancelled,Partner,South
8907,1045,2024-10-24,Completed,Partner,West
8908,2871,2025-10-02,Completed,Partner,East
8909,589,2025-10-17,Completed,Web,West
8910,732,2024-04-13,Completed,Partner,South
8911,2348,2024-05-10,Cancelled,Web,East
8912,1676,2026-03-28,Completed,Mobile,West
8913,471,2026-07-05,Completed,Web,South
8914,1790,2024-10-19,Completed,Partner,East
8915,1188,2025-02-18,Completed,Web,East
8916,2282,2024-09-20,Completed,Web,North
8917,1436,2026-03-06,Completed,Partner,North
8918,509,2025-07-13,Completed,Mobile,North
8919,2159,2025-11-06,Completed,Partner,South
8920,1538,2025-12-28,Completed,Web,South
8921,1466,2025-08-08,Cancelled,Web,East
8922,2597,2024-07-27,Completed,Mobile,South
8923,1202,2025-04-14,Completed,Mobile,East
8924,1898,2024-10-17,Completed,Web,South
8925,1131,2025-11-13,Completed,Partner,East
8926,2858,2025-06-17,Cancelled,Partner,North
8927,2072,2024-11-13,Completed,Partner,East
8928,2540,2025-07-28,Completed,Mobile,South
8929,1609,2026-04-02,Completed,Mobile,East
8930,2294,2026-01-26,Completed,Partner,East
8931,1188,2026-07-06,Completed,Partner,East
8932,2578,2025-09-19,Cancelled,Mobile,West
8933,392,2026-01-11,Completed,Web,East
8934,2877,2026-07-15,Completed,Mobile,West
8935,1466,2024-12-18,Completed,Web,East
8936,715,2026-08-18,Completed,Partner,West
8937,1640,2024-05-23,Completed,Partner,West
8938,880,2025-04-11,Completed,Partner,West
8939,2257,2026-07-19,Completed,Mobile,North
8940,618,2024-08-12,Completed,Web,North
8941,1015,2024-07-14,Completed,Web,West
8942,1772,2024-04-16,Pending,Partner,South
8943,2018,2024-10-15,Completed,Mobile,South
8944,2431,2024-01-09,Completed,Mobile,West
8945,1488,2024-03-29,Completed,Mobile,South
8946,695,2025-06-11,Completed,Web,South
8947,1550,2026-08-25,Completed,Partner,West
8948,755,2026-07-11,Cancelled,Mobile,West
8949,2839,2024-02-05,Completed,Mobile,North
8950,175,2025-02-13,Completed,Partner,West
8951,434,2026-03-24,Completed,Web,West
8952,299,2024-09-28,Completed,Mobile,East
8953,1793,2024-03-17,Completed,Partner,North
8954,2025,2026-04-17,Cancelled,Partner,North
8955,2395,2024-09-05,Completed,Partner,South
8956,2008,2025-05-04,Completed,Partner,East
8957,1507,2024-07-30,Completed,Partner,West
8958,1172,2025-07-21,Completed,Mobile,West
8959,2513,2026-05-08,Completed,Partner,South
8960,790,2025-06-24,Completed,Mobile,East
8961,1690,2024-07-02,Completed,Web,East
8962,559,2026-02-27,Completed,Web,West
8963,2724,2024-10-10,Completed,Mobile,South
8964,244,2024-09-23,Completed,Mobile,South
8965,713,2024-12-27,Pending,Partner,South
8966,1317,2026-05-10,Completed,Web,North
8967,2062,2024-06-30,Completed,Mobile,North
8968,2133,2025-11-17,Completed,Mobile,East
8969,2909,2026-02-19,Completed,Mobile,East
8970,805,2026-02-18,Cancelled,Partner,East
8971,1776,2025-08-06,Completed,Partner,West
8972,2518,2025-07-29,Completed,Web,South
8973,2870,2025-07-09,Completed,Mobile,East
8974,1287,2025-06-01,Completed,Web,North
8975,587,2025-05-17,Completed,Web,South
8976,955,2025-05-08,Cancelled,Partner,South
8977,1046,2024-06-26,Completed,Mobile,North
8978,1650,2025-03-24,Completed,Partner,South
8979,1297,2025-11-19,Completed,Mobile,North
8980,2276,2026-02-20,Completed,Mobile,North
8981,2847,2026-03-21,Completed,Web,North
8982,2282,2024-08-18,Completed,Partner,North
8983,2097,2024-02-28,Completed,Partner,North
8984,2032,2024-02-15,Completed,Partner,South
8985,2420,2025-03-18,Completed,Web,North
8986,2525,2024-01-17,Completed,Web,South
8987,1515,2026-07-10,Pending,Mobile,East
8988,1941,2025-11-01,Pending,Partner,East
8989,2267,2026-08-24,Completed,Web,East
8990,1767,2024-04-17,Completed,Partner,South
8991,2851,2024-09-17,Completed,Web,South
8992,2981,2026-05-17,Completed,Partner,South
8993,1737,2025-07-23,Completed,Web,West
8994,2895,2024-02-13,Completed,Mobile,North
8995,1159,2026-04-17,Completed,Web,North
8996,2841,2025-10-08,Completed,Mobile,East
8997,17,2025-04-19,Completed,Web,East
8998,1300,2026-04-17,Completed,Mobile,South
8999,722,2025-04-17,Completed,Partner,South
9000,980,2024-06-12,Completed,Web,West
9001,2261,2026-02-22,Completed,Partner,South
9002,366,2025-09-20,Completed,Mobile,East
9003,1396,2026-03-30,Completed,Mobile,North
9004,448,2026-01-28,Completed,Partner,North
9005,2869,2026-05-19,Completed,Partner,North
9006,2470,2024-06-15,Completed,Web,North
9007,518,2024-04-08,Completed,Web,South
9008,1865,2025-05-25,Completed,Web,East
9009,610,2025-10-22,Completed,Mobile,North
9010,85,2024-05-14,Completed,Web,West
9011,2491,2025-02-03,Completed,Web,East
9012,1520,2024-03-08,Completed,Mobile,East
9013,163,2025-07-04,Completed,Partner,East
9014,1335,2026-07-11,Completed,Web,West
9015,1948,2024-04-28,Cancelled,Web,South
9016,2243,2024-05-25,Completed,Mobile,North
9017,1177,2026-05-03,Pending,Mobile,West
9018,1440,2026-05-30,Completed,Web,West
9019,1591,2024-10-14,Completed,Web,South
9020,667,2024-03-01,Cancelled,Partner,East
9021,504,2024-03-25,Completed,Partner,South
9022,21,2025-04-11,Completed,Partner,North
9023,1904,2024-01-13,Completed,Web,South
9024,1725,2024-11-19,Completed,Mobile,West
9025,1000,2025-01-18,Completed,Mobile,North
9026,582,2025-06-13,Completed,Mobile,East
9027,1605,2026-04-01,Completed,Web,East
9028,2798,2024-02-04,Completed,Partner,South
9029,279,2025-02-08,Completed,Web,East
9030,2776,2026-03-24,Completed,Mobile,South
9031,799,2024-07-20,Completed,Partner,East
9032,2419,2026-03-30,Completed,Mobile,North
9033,658,2025-02-10,Completed,Mobile,North
9034,64,2026-08-22,Completed,Web,South
9035,491,2024-09-04,Completed,Partner,North
9036,2810,2026-07-16,Completed,Partner,West
9037,2690,2024-12-25,Completed,Web,North
9038,1670,2025-04-14,Completed,Partner,South
9039,1603,2024-02-09,Completed,Partner,East
9040,1763,2026-04-18,Completed,Partner,East
9041,2408,2024-02-10,Completed,Mobile,North
9042,2329,2026-06-12,Completed,Mobile,East
9043,360,2026-07-13,Completed,Mobile,North
9044,1416,2024-04-10,Completed,Partner,South
9045,633,2025-11-02,Completed,Web,West
9046,139,2025-04-11,Cancelled,Mobile,East
9047,1236,2024-10-16,Completed,Mobile,North
9048,2254,2025-05-04,Completed,Mobile,West
9049,2234,2025-03-15,Completed,Mobile,West
9050,2625,2025-03-31,Completed,Partner,East
9051,102,2024-08-09,Cancelled,Web,South
9052,1738,2026-04-12,Completed,Mobile,East
9053,1894,2025-05-15,Completed,Web,East
9054,1934,2024-10-30,Completed,Web,East
9055,2579,2024-04-20,Completed,Partner,West
9056,273,2024-12-19,Pending,Mobile,West
9057,1551,2024-06-05,Pending,Mobile,South
9058,1150,2025-12-06,Completed,Partner,West
9059,2457,2024-09-04,Cancelled,Mobile,West
9060,2504,2025-03-31,Completed,Mobile,East
9061,1514,2025-05-21,Cancelled,Partner,West
9062,2472,2026-02-06,Completed,Web,West
9063,710,2025-03-24,Completed,Mobile,East
9064,2870,2026-06-18,Completed,Partner,East
9065,1251,2024-06-05,Completed,Mobile,South
9066,2018,2025-11-29,Completed,Web,South
9067,2593,2025-04-06,Completed,Mobile,North
9068,718,2026-03-30,Completed,Partner,West
9069,2578,2024-07-15,Completed,Web,West
9070,181,2025-11-06,Pending,Web,West
9071,2661,2024-01-09,Completed,Web,North
9072,2019,2024-03-23,Completed,Mobile,North
9073,649,2025-10-23,Completed,Partner,North
9074,2587,2026-05-21,Completed,Partner,East
9075,491,2024-04-28,Completed,Web,North
9076,2599,2025-02-09,Cancelled,Partner,North
9077,222,2025-03-11,Completed,Partner,West
9078,504,2026-03-16,Completed,Web,South
9079,2581,2026-04-18,Completed,Web,South
9080,2992,2026-02-01,Completed,Mobile,East
9081,536,2024-12-28,Completed,Web,North
9082,20,2025-04-30,Completed,Mobile,East
9083,2459,2025-08-16,Cancelled,Partner,West
9084,246,2025-01-16,Completed,Partner,East
9085,2073,2024-10-24,Completed,Web,West
9086,1816,2025-03-02,Completed,Web,North
9087,789,2024-05-25,Completed,Partner,East
9088,222,2026-07-12,Completed,Partner,West
9089,2187,2026-02-10,Completed,Web,South
9090,2347,2025-03-18,Completed,Mobile,South
9091,1989,2024-09-02,Completed,Partner,West
9092,470,2026-05-02,Cancelled,Web,West
9093,1665,2025-03-24,Completed,Mobile,North
9094,97,2026-07-03,Pending,Web,South
9095,1527,2024-09-14,Completed,Mobile,East
9096,596,2026-06-22,Completed,Web,West
9097,137,2025-02-16,Completed,Partner,North
9098,2774,2024-06-29,Completed,Web,East
9099,2195,2025-06-30,Completed,Mobile,East
9100,432,2025-07-23,Completed,Partner,West
9101,233,2024-06-18,Completed,Partner,West
9102,1874,2024-08-09,Completed,Web,South
9103,1825,2026-01-01,Completed,Mobile,West
9104,140,2025-04-14,Completed,Mobile,West
9105,1908,2024-09-10,Completed,Partner,South
9106,385,2024-07-22,Pending,Partner,South
9107,1370,2024-02-28,Completed,Mobile,North
9108,524,2026-02-12,Completed,Mobile,South
9109,1331,2024-12-31,Completed,Partner,North
9110,2812,2024-11-01,Pending,Web,East
9111,424,2024-01-29,Completed,Partner,East
9112,2392,2024-11-27,Completed,Partner,North
9113,650,2025-01-20,Completed,Partner,East
9114,563,2026-06-07,Pending,Web,North
9115,2233,2026-08-09,Pending,Partner,East
9116,2995,2026-04-11,Completed,Mobile,South
9117,607,2025-10-20,Pending,Partner,East
9118,73,2026-03-13,Completed,Partner,North
9119,2200,2025-06-01,Completed,Web,North
9120,2090,2025-10-20,Pending,Mobile,South
9121,2945,2025-11-04,Completed,Web,North
9122,1874,2024-10-11,Completed,Mobile,South
9123,571,2025-10-14,Completed,Mobile,East
9124,1337,2026-08-15,Completed,Mobile,North
9125,174,2024-11-29,Completed,Mobile,West
9126,50,2024-09-27,Completed,Partner,South
9127,143,2026-03-11,Completed,Web,North
9128,958,2025-11-02,Completed,Partner,East
9129,1585,2026-04-17,Completed,Partner,South
9130,757,2026-05-06,Completed,Partner,South
9131,214,2025-02-08,Completed,Mobile,West
9132,1600,2025-07-13,Completed,Web,East
9133,338,2024-03-06,Completed,Mobile,North
9134,1536,2026-04-20,Completed,Partner,South
9135,2123,2025-07-09,Pending,Web,West
9136,2264,2025-02-24,Pending,Mobile,East
9137,254,2026-01-01,Cancelled,Partner,East
9138,2938,2026-06-19,Completed,Partner,North
9139,949,2024-08-28,Pending,Mobile,North
9140,346,2026-07-13,Completed,Mobile,North
9141,600,2025-10-01,Completed,Mobile,North
9142,2319,2024-03-01,Cancelled,Mobile,North
9143,711,2025-12-17,Completed,Partner,East
9144,308,2024-08-15,Completed,Web,South
9145,89,2025-04-07,Pending,Partner,East
9146,2681,2024-04-18,Completed,Web,North
9147,2513,2024-02-02,Completed,Mobile,South
9148,2822,2024-10-21,Completed,Partner,North
9149,47,2024-01-23,Completed,Partner,East
9150,283,2024-03-10,Completed,Web,North
9151,2856,2025-11-06,Completed,Partner,North
9152,534,2026-08-12,Completed,Mobile,East
9153,946,2025-03-17,Completed,Mobile,South
9154,1208,2026-02-22,Completed,Partner,West
9155,1288,2024-04-06,Completed,Partner,North
9156,705,2024-07-23,Completed,Web,West
9157,579,2025-09-19,Completed,Partner,West
9158,2278,2025-08-17,Completed,Mobile,South
9159,317,2025-02-12,Completed,Mobile,West
9160,1981,2024-12-11,Pending,Mobile,West
9161,2333,2025-11-01,Cancelled,Mobile,South
9162,1663,2025-11-13,Completed,Mobile,East
9163,256,2025-06-17,Completed,Mobile,East
9164,2315,2025-08-01,Completed,Mobile,East
9165,1375,2025-08-29,Completed,Mobile,South
9166,22,2025-06-04,Completed,Partner,West
9167,530,2024-02-07,Completed,Web,East
9168,634,2024-12-03,Cancelled,Partner,North
9169,2571,2026-04-13,Completed,Partner,South
9170,1668,2024-06-18,Completed,Partner,East
9171,1231,2024-06-18,Completed,Mobile,South
9172,2474,2025-12-18,Completed,Mobile,South
9173,2872,2024-04-28,Completed,Web,East
9174,860,2026-08-21,Completed,Mobile,East
9175,2044,2025-06-15,Completed,Mobile,East
9176,2071,2024-10-10,Completed,Partner,North
9177,2326,2024-07-19,Cancelled,Mobile,East
9178,1891,2024-05-29,Cancelled,Web,East
9179,1210,2026-05-09,Completed,Partner,North
9180,122,2024-02-07,Completed,Partner,West
9181,2490,2025-01-02,Completed,Partner,North
9182,1896,2026-03-02,Completed,Partner,West
9183,2127,2025-03-31,Completed,Web,North
9184,1511,2025-05-29,Completed,Web,West
9185,992,2025-10-08,Completed,Partner,West
9186,2326,2025-09-14,Completed,Mobile,East
9187,2722,2025-12-03,Completed,Mobile,South
9188,125,2024-08-07,Completed,Mobile,West
9189,430,2026-03-02,Completed,Partner,East
9190,1652,2025-04-16,Cancelled,Partner,South
9191,2197,2024-07-24,Completed,Mobile,East
9192,1805,2026-08-05,Cancelled,Partner,South
9193,1136,2025-07-15,Completed,Mobile,South
9194,813,2024-03-23,Completed,Partner,South
9195,2155,2026-05-22,Completed,Web,North
9196,1138,2024-02-28,Completed,Web,North
9197,1750,2026-03-10,Completed,Web,East
9198,149,2025-06-26,Completed,Web,West
9199,2947,2024-03-28,Pending,Web,West
9200,1418,2024-11-02,Completed,Mobile,East
9201,1016,2026-01-26,Completed,Partner,East
9202,1891,2025-06-26,Cancelled,Partner,East
9203,307,2026-04-06,Completed,Web,West
9204,2590,2025-01-17,Completed,Mobile,North
9205,220,2024-12-01,Completed,Partner,East
9206,1916,2024-08-01,Completed,Mobile,East
9207,268,2025-11-27,Cancelled,Partner,South
9208,1716,2024-05-16,Completed,Mobile,South
9209,1150,2025-05-10,Completed,Web,West
9210,2139,2025-06-13,Completed,Mobile,East
9211,2841,2026-01-08,Completed,Mobile,East
9212,1073,2026-07-14,Completed,Mobile,East
9213,1874,2025-12-05,Completed,Partner,South
9214,2977,2024-09-07,Completed,Partner,North
9215,2640,2024-07-16,Completed,Web,South
9216,2226,2025-05-30,Completed,Web,East
9217,993,2026-05-01,Completed,Partner,East
9218,1844,2024-10-01,Completed,Web,South
9219,1292,2024-12-25,Completed,Partner,West
9220,389,2026-07-23,Completed,Partner,North
9221,1345,2026-03-12,Completed,Partner,West
9222,1541,2025-10-06,Completed,Partner,West
9223,2242,2026-04-08,Completed,Partner,West
9224,2048,2024-07-02,Completed,Mobile,West
9225,1361,2025-01-08,Completed,Partner,South
9226,2596,2024-06-20,Completed,Partner,North
9227,52,2026-01-08,Completed,Web,East
9228,1175,2026-07-23,Completed,Mobile,South
9229,2131,2024-04-11,Completed,Web,North
9230,503,2025-09-19,Completed,Mobile,South
9231,1760,2025-07-07,Completed,Mobile,West
9232,2407,2026-05-19,Completed,Web,North
9233,803,2025-09-12,Completed,Web,South
9234,1719,2026-01-20,Completed,Mobile,North
9235,653,2025-05-02,Completed,Partner,North
9236,433,2025-11-08,Cancelled,Mobile,North
9237,1461,2026-05-15,Completed,Partner,South
9238,2660,2024-08-22,Completed,Web,East
9239,2082,2024-04-15,Cancelled,Mobile,North
9240,445,2024-04-11,Completed,Mobile,West
9241,1948,2024-01-15,Completed,Partner,South
9242,362,2024-01-17,Completed,Partner,East
9243,1375,2024-04-18,Completed,Mobile,South
9244,2146,2024-02-03,Completed,Web,North
9245,535,2026-02-25,Completed,Web,North
9246,1700,2026-07-09,Completed,Partner,East
9247,2433,2026-04-10,Pending,Web,South
9248,1936,2024-04-14,Completed,Partner,West
9249,1822,2025-01-19,Completed,Mobile,South
9250,568,2026-05-05,Completed,Mobile,East
9251,707,2026-08-26,Completed,Partner,West
9252,2801,2025-02-18,Completed,Web,East
9253,283,2025-07-26,Completed,Partner,North
9254,1178,2025-06-02,Completed,Mobile,North
9255,1273,2025-08-03,Pending,Web,North
9256,1360,2026-07-17,Completed,Partner,North
9257,1021,2025-12-27,Completed,Partner,North
9258,1466,2024-07-23,Completed,Partner,East
9259,811,2025-09-25,Completed,Mobile,South
9260,81,2024-01-16,Completed,Web,West
9261,1011,2024-09-25,Completed,Partner,West
9262,13,2024-12-07,Completed,Mobile,West
9263,566,2025-06-13,Completed,Mobile,East
9264,2531,2025-12-29,Completed,Web,North
9265,45,2025-05-14,Cancelled,Web,North
9266,588,2024-12-01,Completed,Partner,North
9267,2014,2026-08-20,Completed,Web,West
9268,673,2025-12-25,Completed,Partner,North
9269,2831,2026-03-20,Pending,Partner,East
9270,1192,2025-10-20,Completed,Mobile,West
9271,278,2024-05-04,Completed,Partner,North
9272,1841,2025-12-21,Cancelled,Partner,South
9273,2493,2024-10-02,Pending,Web,West
9274,921,2024-08-11,Completed,Partner,North
9275,328,2026-06-16,Completed,Mobile,East
9276,2036,2025-01-16,Completed,Web,South
9277,378,2024-03-14,Completed,Web,West
9278,825,2025-11-22,Completed,Mobile,South
9279,222,2025-01-31,Completed,Partner,West
9280,909,2026-03-06,Pending,Mobile,South
9281,1360,2026-04-21,Completed,Partner,North
9282,2634,2026-03-04,Completed,Mobile,North
9283,2964,2025-07-10,Completed,Web,West
9284,1439,2026-02-28,Completed,Mobile,North
9285,1379,2026-04-23,Completed,Mobile,West
9286,289,2025-05-03,Completed,Web,South
9287,1550,2025-02-08,Completed,Partner,West
9288,1686,2024-01-08,Completed,Mobile,West
9289,2628,2025-07-14,Completed,Mobile,North
9290,1934,2025-09-17,Completed,Partner,East
9291,2316,2024-06-02,Completed,Web,East
9292,240,2026-06-03,Completed,Web,West
9293,2357,2025-10-27,Cancelled,Mobile,East
9294,2863,2026-01-13,Completed,Mobile,North
9295,1585,2026-04-28,Completed,Mobile,South
9296,2509,2026-05-05,Completed,Mobile,East
9297,2721,2024-03-05,Cancelled,Web,East
9298,1013,2025-10-22,Completed,Partner,East
9299,2222,2026-03-06,Completed,Mobile,South
9300,367,2024-05-26,Completed,Partner,South
9301,1466,2025-09-07,Completed,Partner,East
9302,783,2024-05-08,Cancelled,Mobile,North
9303,888,2026-03-25,Completed,Mobile,South
9304,1683,2025-07-30,Completed,Web,East
9305,685,2026-03-21,Completed,Mobile,East
9306,2226,2025-02-22,Cancelled,Partner,East
9307,925,2026-07-02,Cancelled,Partner,North
9308,228,2024-10-16,Cancelled,Web,South
9309,1905,2024-01-31,Completed,Web,North
9310,1166,2024-10-09,Cancelled,Partner,East
9311,1855,2026-02-04,Cancelled,Web,South
9312,1192,2024-11-24,Completed,Web,West
9313,2273,2026-03-26,Completed,Web,South
9314,172,2026-05-03,Completed,Web,North
9315,976,2024-12-28,Completed,Mobile,South
9316,2044,2026-06-10,Completed,Mobile,East
9317,828,2025-12-17,Completed,Web,North
9318,1868,2024-06-02,Completed,Partner,South
9319,219,2024-08-15,Completed,Partner,North
9320,479,2026-07-22,Completed,Partner,South
9321,2728,2025-05-31,Completed,Web,North
9322,723,2025-03-05,Completed,Web,East
9323,1454,2024-01-22,Completed,Partner,West
9324,351,2025-11-15,Completed,Mobile,South
9325,2086,2025-01-30,Completed,Partner,East
9326,1313,2025-03-05,Completed,Mobile,South
9327,2124,2024-08-14,Pending,Partner,East
9328,1176,2025-06-13,Completed,Mobile,South
9329,633,2025-12-12,Completed,Partner,West
9330,1685,2025-08-06,Completed,Web,West
9331,8,2026-03-28,Completed,Mobile,North
9332,1791,2025-07-02,Completed,Mobile,North
9333,651,2024-11-09,Completed,Mobile,North
9334,1532,2026-01-26,Completed,Mobile,West
9335,1186,2025-04-22,Completed,Web,West
9336,1442,2024-02-11,Pending,Web,East
9337,477,2025-09-16,Completed,Mobile,North
9338,2527,2024-05-17,Pending,Partner,North
9339,2878,2025-01-26,Completed,Web,South
9340,2226,2026-08-19,Completed,Partner,East
9341,635,2025-01-26,Completed,Mobile,South
9342,2173,2025-09-09,Completed,Mobile,East
9343,116,2024-10-14,Cancelled,Web,East
9344,1555,2024-04-08,Completed,Web,West
9345,1180,2025-12-06,Completed,Web,North
9346,2510,2025-12-14,Completed,Mobile,East
9347,779,2026-06-15,Completed,Partner,East
9348,2711,2025-07-02,Cancelled,Web,North
9349,1113,2025-01-27,Completed,Mobile,North
9350,2284,2024-06-07,Completed,Mobile,North
9351,1582,2025-11-17,Completed,Partner,West
9352,955,2025-03-21,Completed,Mobile,South
9353,1651,2025-12-05,Completed,Mobile,East
9354,1302,2024-05-27,Completed,Mobile,East
9355,793,2025-07-16,Completed,Partner,East
9356,982,2024-08-05,Completed,Mobile,West
9357,558,2025-01-26,Completed,Partner,North
9358,746,2024-04-19,Completed,Partner,South
9359,2519,2024-07-09,Completed,Mobile,North
9360,990,2024-10-08,Completed,Web,East
9361,2239,2025-08-13,Pending,Partner,South
9362,1495,2024-07-29,Completed,Mobile,North
9363,487,2025-02-27,Completed,Mobile,South
9364,1935,2024-03-15,Pending,Mobile,West
9365,1243,2025-01-06,Completed,Web,West
9366,124,2025-02-22,Completed,Mobile,South
9367,645,2024-02-14,Completed,Mobile,South
9368,2140,2026-02-01,Completed,Web,West
9369,515,2024-07-10,Completed,Mobile,North
9370,1108,2026-01-30,Completed,Mobile,South
9371,2770,2025-03-20,Completed,Mobile,East
9372,2006,2024-06-28,Completed,Partner,South
9373,1812,2025-08-26,Completed,Mobile,East
9374,2722,2025-01-26,Completed,Web,South
9375,2269,2025-06-26,Completed,Web,East
9376,2145,2025-10-10,Completed,Mobile,North
9377,2262,2025-01-03,Completed,Web,West
9378,1716,2025-04-01,Cancelled,Partner,South
9379,1638,2024-01-07,Completed,Partner,South
9380,269,2024-07-04,Completed,Web,North
9381,131,2024-07-03,Completed,Partner,South
9382,2061,2025-09-29,Completed,Mobile,South
9383,1031,2024-12-26,Completed,Web,West
9384,1134,2026-05-08,Completed,Partner,South
9385,2917,2024-02-11,Pending,Web,North
9386,2536,2026-01-04,Completed,Mobile,West
9387,1089,2026-03-28,Completed,Partner,North
9388,2148,2026-05-11,Completed,Mobile,North
9389,1346,2024-04-17,Completed,Mobile,South
9390,1698,2024-05-28,Cancelled,Partner,North
9391,2857,2025-08-30,Cancelled,Web,East
9392,1641,2025-01-03,Completed,Mobile,East
9393,2772,2025-08-29,Completed,Web,South
9394,572,2025-08-13,Completed,Web,West
9395,1490,2025-06-30,Completed,Mobile,East
9396,1429,2025-04-20,Completed,Partner,South
9397,661,2025-11-22,Completed,Web,South
9398,1132,2026-06-22,Completed,Web,West
9399,1334,2024-07-26,Completed,Partner,East
9400,651,2024-03-30,Completed,Web,North
9401,1999,2025-02-12,Cancelled,Partner,West
9402,818,2025-02-01,Completed,Partner,South
9403,1589,2026-07-22,Completed,Mobile,West
9404,1628,2026-07-10,Completed,Web,East
9405,1215,2024-02-24,Completed,Partner,West
9406,2236,2024-04-23,Completed,Mobile,West
9407,1501,2025-09-23,Completed,Mobile,North
9408,305,2026-03-05,Completed,Partner,South
9409,1913,2026-07-16,Completed,Partner,West
9410,2058,2025-02-03,Completed,Partner,West
9411,668,2025-12-13,Completed,Partner,North
9412,1701,2024-12-25,Completed,Web,North
9413,1295,2024-10-11,Completed,Partner,North
9414,2976,2025-12-09,Completed,Partner,South
9415,1406,2026-01-18,Completed,Web,South
9416,753,2025-02-07,Cancelled,Partner,West
9417,1338,2025-04-18,Cancelled,Partner,West
9418,403,2024-02-18,Completed,Mobile,North
9419,968,2025-04-19,Completed,Partner,East
9420,1563,2024-06-27,Completed,Web,East
9421,956,2025-08-21,Pending,Web,South
9422,485,2025-02-05,Completed,Mobile,East
9423,1201,2026-07-06,Completed,Mobile,North
9424,1194,2025-09-04,Completed,Partner,South
9425,217,2024-10-07,Completed,Mobile,North
9426,1597,2025-02-24,Cancelled,Web,North
9427,1301,2025-10-23,Completed,Partner,North
9428,1747,2024-10-18,Completed,Partner,West
9429,156,2026-08-17,Completed,Partner,North
9430,1101,2024-04-27,Completed,Web,North
9431,2894,2025-08-23,Completed,Partner,North
9432,2544,2025-02-11,Completed,Partner,West
9433,657,2025-10-21,Completed,Partner,West
9434,547,2025-06-07,Completed,Mobile,East
9435,2309,2025-10-07,Completed,Mobile,South
9436,1312,2024-11-13,Completed,Web,South
9437,411,2025-11-29,Completed,Mobile,East
9438,2778,2026-06-18,Completed,Partner,East
9439,536,2024-08-26,Completed,Web,North
9440,2604,2024-06-01,Completed,Partner,North
9441,2942,2024-02-23,Completed,Web,South
9442,475,2026-06-27,Completed,Partner,West
9443,511,2024-08-06,Completed,Web,West
9444,1998,2024-08-04,Completed,Partner,South
9445,19,2026-02-26,Completed,Web,West
9446,1871,2025-08-02,Completed,Web,East
9447,1217,2025-07-28,Cancelled,Mobile,North
9448,2505,2024-12-03,Completed,Web,North
9449,1933,2025-08-22,Completed,Mobile,South
9450,13,2025-06-02,Completed,Mobile,West
9451,2143,2024-08-23,Completed,Web,North
9452,569,2024-03-29,Completed,Partner,South
9453,1577,2024-08-25,Completed,Partner,East
9454,413,2024-09-22,Completed,Mobile,North
9455,1418,2025-09-11,Completed,Partner,East
9456,527,2025-04-24,Completed,Web,South
9457,536,2024-01-24,Completed,Web,North
9458,765,2025-04-28,Completed,Web,West
9459,2275,2024-12-31,Completed,Web,East
9460,1142,2024-12-08,Cancelled,Mobile,North
9461,1021,2024-02-08,Pending,Partner,North
9462,2728,2025-02-14,Completed,Mobile,North
9463,2932,2024-12-08,Completed,Partner,North
9464,2906,2025-01-15,Completed,Mobile,West
9465,1201,2024-07-08,Completed,Web,North
9466,957,2024-09-15,Pending,Partner,South
9467,1836,2026-03-16,Completed,Web,North
9468,2850,2025-11-26,Completed,Partner,South
9469,1220,2024-02-24,Completed,Web,North
9470,2153,2025-03-08,Completed,Mobile,North
9471,2619,2025-11-29,Completed,Web,West
9472,343,2025-11-19,Completed,Partner,East
9473,2064,2024-06-10,Completed,Partner,East
9474,714,2024-07-24,Completed,Web,North
9475,685,2024-04-19,Completed,Partner,East
9476,892,2025-10-21,Cancelled,Partner,East
9477,2526,2024-05-28,Pending,Web,East
9478,1121,2025-10-13,Completed,Partner,North
9479,1753,2026-07-08,Completed,Web,West
9480,2520,2025-04-15,Completed,Mobile,South
9481,2571,2026-01-13,Completed,Web,South
9482,2634,2024-01-11,Completed,Web,North
9483,2089,2024-05-19,Completed,Partner,North
9484,2931,2025-01-29,Pending,Partner,South
9485,1368,2024-07-20,Completed,Web,South
9486,1334,2024-03-31,Pending,Partner,East
9487,2109,2025-12-07,Cancelled,Web,East
9488,481,2025-11-09,Completed,Web,West
9489,951,2024-08-22,Completed,Partner,North
9490,673,2024-06-28,Completed,Web,North
9491,2558,2024-03-01,Completed,Mobile,East
9492,1133,2024-04-29,Completed,Mobile,West
9493,1157,2024-03-17,Pending,Web,East
9494,2375,2025-02-13,Cancelled,Mobile,South
9495,2909,2024-07-20,Completed,Mobile,East
9496,2113,2025-04-09,Completed,Web,South
9497,732,2024-02-06,Completed,Web,South
9498,1543,2025-08-08,Completed,Mobile,East
9499,1159,2024-12-07,Completed,Web,North
9500,384,2025-09-05,Completed,Partner,South
9501,452,2024-05-29,Completed,Mobile,South
9502,1862,2025-01-19,Completed,Mobile,West
9503,2017,2024-04-10,Completed,Mobile,West
9504,2227,2026-02-28,Completed,Web,South
9505,395,2026-01-14,Completed,Partner,North
9506,746,2025-01-19,Completed,Mobile,South
9507,717,2024-02-26,Completed,Mobile,North
9508,317,2026-05-23,Completed,Web,West
9509,2898,2024-04-05,Completed,Web,South
9510,1070,2024-09-05,Completed,Partner,North
9511,238,2026-08-21,Completed,Web,South
9512,983,2024-12-16,Completed,Web,East
9513,444,2024-06-17,Completed,Mobile,West
9514,1599,2024-04-13,Completed,Mobile,North
9515,2432,2025-11-05,Completed,Mobile,South
9516,936,2025-11-28,Pending,Web,South
9517,5,2026-03-14,Completed,Web,North
9518,89,2024-09-04,Completed,Partner,East
9519,444,2026-05-11,Completed,Web,West
9520,929,2025-03-25,Cancelled,Partner,East
9521,1132,2024-07-20,Completed,Mobile,West
9522,1690,2025-11-25,Completed,Partner,East
9523,2843,2026-03-13,Completed,Mobile,West
9524,2200,2026-08-16,Completed,Partner,North
9525,55,2025-12-02,Completed,Web,South
9526,2978,2024-07-07,Completed,Web,East
9527,2783,2024-09-18,Completed,Partner,West
9528,1900,2025-11-01,Completed,Partner,West
9529,981,2025-07-25,Completed,Mobile,North
9530,2360,2025-06-15,Pending,Partner,West
9531,2657,2025-01-24,Completed,Web,East
9532,505,2026-05-08,Cancelled,Partner,South
9533,1503,2024-07-23,Completed,Partner,North
9534,2457,2024-07-14,Completed,Partner,West
9535,44,2025-12-07,Completed,Partner,East
9536,2192,2025-07-25,Completed,Mobile,South
9537,818,2026-04-04,Completed,Web,South
9538,2917,2026-03-08,Completed,Partner,North
9539,100,2024-09-02,Completed,Mobile,West
9540,1819,2024-11-10,Completed,Web,West
9541,1117,2024-09-11,Completed,Partner,East
9542,2020,2024-02-18,Completed,Mobile,South
9543,2105,2024-02-10,Cancelled,Partner,North
9544,2288,2026-02-18,Cancelled,Mobile,North
9545,96,2026-08-09,Completed,Mobile,West
9546,842,2024-06-14,Completed,Partner,East
9547,54,2024-02-25,Completed,Partner,East
9548,1323,2025-08-24,Pending,Mobile,West
9549,608,2024-09-08,Completed,Mobile,West
9550,2546,2024-10-13,Completed,Mobile,West
9551,378,2025-12-11,Completed,Partner,West
9552,1724,2026-06-16,Completed,Partner,South
9553,2685,2024-06-09,Completed,Partner,South
9554,945,2025-01-10,Completed,Web,North
9555,792,2026-08-07,Completed,Web,North
9556,174,2026-04-30,Completed,Web,West
9557,2093,2026-04-15,Cancelled,Partner,West
9558,2750,2025-05-03,Completed,Web,West
9559,1107,2026-01-25,Pending,Partner,North
9560,1486,2024-06-05,Completed,Partner,South
9561,334,2024-08-28,Completed,Web,East
9562,2058,2025-08-13,Completed,Mobile,West
9563,523,2026-07-11,Completed,Web,West
9564,41,2026-07-15,Completed,Mobile,East
9565,871,2025-11-20,Pending,Mobile,East
9566,1861,2025-05-21,Completed,Web,South
9567,2043,2025-02-05,Cancelled,Partner,North
9568,1289,2025-02-01,Completed,Partner,South
9569,69,2026-03-16,Completed,Mobile,East
9570,1326,2025-07-05,Completed,Partner,West
9571,874,2025-10-25,Completed,Web,East
9572,2547,2024-06-11,Completed,Web,South
9573,2876,2024-11-03,Completed,Mobile,South
9574,847,2024-03-22,Completed,Web,West
9575,1858,2024-10-05,Completed,Partner,West
9576,975,2025-02-16,Completed,Mobile,West
9577,2644,2026-02-17,Completed,Mobile,South
9578,1023,2026-06-17,Completed,Mobile,East
9579,1825,2024-12-31,Completed,Partner,West
9580,2379,2025-05-09,Cancelled,Web,South
9581,1366,2024-11-21,Completed,Mobile,South
9582,1171,2026-05-19,Pending,Partner,South
9583,2955,2024-05-19,Completed,Mobile,East
9584,519,2024-09-04,Completed,Mobile,South
9585,2844,2026-07-29,Completed,Web,South
9586,2460,2025-10-13,Completed,Partner,South
9587,2696,2026-06-28,Completed,Partner,East
9588,1299,2024-02-24,Completed,Partner,South
9589,245,2025-11-01,Completed,Mobile,North
9590,2497,2025-11-19,Completed,Partner,East
9591,149,2024-03-16,Completed,Partner,West
9592,2099,2025-12-29,Completed,Mobile,West
9593,388,2025-03-03,Completed,Mobile,West
9594,1765,2026-07-07,Completed,Partner,North
9595,1950,2024-07-12,Pending,Mobile,East
9596,2441,2024-11-19,Completed,Mobile,North
9597,1142,2025-01-13,Completed,Partner,North
9598,917,2025-06-03,Completed,Partner,South
9599,597,2024-08-30,Pending,Partner,West
9600,1899,2026-04-20,Completed,Web,North
9601,423,2024-12-22,Completed,Web,South
9602,2475,2024-09-04,Completed,Mobile,East
9603,538,2026-08-09,Completed,Web,North
9604,1778,2024-10-13,Completed,Partner,East
9605,2155,2026-06-23,Completed,Web,North
9606,2373,2025-05-09,Completed,Web,North
9607,75,2025-01-07,Completed,Web,South
9608,350,2025-08-05,Completed,Partner,North
9609,977,2024-11-14,Completed,Partner,East
9610,605,2026-01-11,Completed,Partner,South
9611,1003,2026-06-29,Completed,Web,West
9612,1975,2025-02-17,Completed,Web,North
9613,445,2025-01-10,Completed,Mobile,West
9614,2565,2025-10-15,Completed,Partner,South
9615,2316,2026-07-15,Completed,Mobile,East
9616,816,2026-08-01,Completed,Mobile,South
9617,9,2026-06-17,Cancelled,Partner,South
9618,358,2024-02-07,Completed,Web,West
9619,634,2025-12-13,Cancelled,Partner,North
9620,2117,2024-10-20,Completed,Partner,West
9621,2777,2025-02-27,Cancelled,Partner,North
9622,923,2025-09-03,Cancelled,Web,North
9623,1918,2025-08-04,Completed,Partner,North
9624,25,2026-05-03,Completed,Mobile,East
9625,1709,2024-08-02,Completed,Partner,South
9626,413,2025-04-27,Cancelled,Partner,North
9627,917,2024-02-04,Completed,Mobile,South
9628,803,2026-05-22,Completed,Partner,South
9629,2850,2024-10-07,Completed,Web,South
9630,966,2024-02-08,Completed,Partner,South
9631,1229,2026-07-05,Completed,Web,South
9632,1996,2026-07-14,Completed,Partner,West
9633,2686,2025-09-27,Completed,Partner,East
9634,2388,2025-05-24,Completed,Mobile,South
9635,1602,2026-03-17,Completed,Partner,North
9636,493,2026-03-02,Completed,Web,South
9637,330,2024-08-03,Completed,Mobile,North
9638,1920,2026-05-15,Completed,Web,West
9639,1848,2026-04-07,Completed,Mobile,West
9640,1359,2024-06-29,Completed,Web,West
9641,2654,2025-08-12,Completed,Web,North
9642,2114,2025-09-24,Pending,Partner,South
9643,2609,2024-09-15,Completed,Mobile,North
9644,576,2024-10-06,Completed,Web,West
9645,1529,2026-06-17,Completed,Mobile,South
9646,404,2026-03-21,Cancelled,Partner,West
9647,1156,2026-06-02,Completed,Partner,East
9648,656,2025-09-09,Completed,Partner,East
9649,590,2026-07-17,Completed,Mobile,East
9650,2426,2024-11-09,Completed,Web,West
9651,2797,2025-02-05,Cancelled,Web,South
9652,830,2025-03-30,Completed,Partner,South
9653,191,2026-02-21,Completed,Web,South
9654,2649,2025-03-25,Completed,Web,West
9655,2488,2026-05-25,Completed,Web,West
9656,199,2026-01-21,Completed,Partner,East
9657,523,2024-04-18,Completed,Partner,West
9658,945,2024-08-02,Completed,Mobile,North
9659,2226,2025-08-19,Completed,Mobile,East
9660,2360,2025-11-01,Completed,Partner,West
9661,1196,2024-07-22,Cancelled,Partner,South
9662,2304,2025-09-19,Completed,Mobile,South
9663,482,2026-08-23,Completed,Web,North
9664,2959,2026-03-06,Completed,Partner,North
9665,2403,2026-02-28,Completed,Mobile,South
9666,683,2026-04-29,Completed,Web,South
9667,35,2025-01-21,Completed,Mobile,West
9668,2609,2025-09-11,Completed,Mobile,North
9669,2833,2024-12-10,Completed,Partner,East
9670,2452,2024-09-15,Completed,Partner,East
9671,1252,2024-12-29,Completed,Web,South
9672,2823,2024-05-17,Completed,Web,West
9673,1203,2026-07-31,Cancelled,Mobile,West
9674,2648,2026-03-09,Completed,Partner,West
9675,2082,2025-11-17,Completed,Web,North
9676,1639,2026-05-23,Completed,Partner,West
9677,28,2025-09-22,Completed,Web,East
9678,310,2025-03-04,Completed,Web,North
9679,2235,2025-06-22,Completed,Partner,East
9680,2594,2024-11-06,Completed,Web,North
9681,2530,2026-07-15,Completed,Mobile,East
9682,698,2025-11-17,Completed,Web,East
9683,451,2024-11-28,Completed,Partner,North
9684,1885,2026-05-12,Completed,Mobile,West
9685,1691,2024-05-02,Completed,Partner,South
9686,2630,2024-02-04,Completed,Web,West
9687,2567,2026-03-26,Completed,Partner,South
9688,2454,2024-10-09,Cancelled,Partner,East
9689,2443,2025-10-06,Completed,Mobile,East
9690,661,2025-02-16,Completed,Mobile,South
9691,1005,2024-09-12,Completed,Mobile,North
9692,2886,2024-08-09,Completed,Mobile,South
9693,1883,2025-08-29,Pending,Mobile,West
9694,862,2026-01-06,Completed,Web,West
9695,2119,2025-11-29,Cancelled,Partner,East
9696,1237,2024-09-03,Completed,Web,South
9697,1434,2024-05-11,Completed,Web,North
9698,1780,2025-07-08,Completed,Web,South
9699,2160,2025-11-29,Completed,Web,West
9700,648,2024-05-01,Completed,Web,South
9701,1343,2024-08-22,Completed,Mobile,North
9702,788,2025-09-01,Completed,Web,North
9703,1347,2026-05-22,Cancelled,Web,North
9704,807,2025-09-26,Completed,Web,North
9705,2998,2024-11-10,Completed,Web,South
9706,2293,2024-03-07,Completed,Partner,North
9707,1389,2026-03-29,Cancelled,Web,South
9708,2410,2025-02-26,Completed,Partner,North
9709,2844,2024-07-26,Completed,Mobile,South
9710,753,2025-09-04,Completed,Mobile,West
9711,2277,2024-02-27,Completed,Mobile,West
9712,168,2026-01-01,Completed,Partner,South
9713,2956,2025-05-07,Completed,Partner,South
9714,2446,2025-09-11,Completed,Mobile,West
9715,2361,2024-08-06,Completed,Partner,West
9716,2484,2024-08-04,Completed,Partner,North
9717,1704,2025-09-05,Completed,Web,East
9718,1102,2026-08-08,Completed,Web,North
9719,891,2025-12-20,Pending,Web,North
9720,2383,2025-10-18,Completed,Mobile,East
9721,2320,2026-03-18,Completed,Partner,South
9722,706,2026-01-28,Cancelled,Mobile,North
9723,317,2026-04-27,Completed,Partner,West
9724,1819,2024-10-25,Cancelled,Web,West
9725,2544,2024-01-28,Completed,Partner,West
9726,2994,2026-06-25,Completed,Web,North
9727,2931,2024-11-24,Completed,Partner,South
9728,2327,2026-08-01,Pending,Partner,East
9729,2051,2025-07-31,Completed,Web,South
9730,2369,2025-06-30,Cancelled,Partner,North
9731,1780,2026-02-19,Completed,Web,South
9732,1865,2025-12-04,Completed,Mobile,East
9733,887,2026-01-03,Completed,Partner,South
9734,2513,2024-01-15,Cancelled,Web,South
9735,1204,2024-01-22,Completed,Partner,North
9736,1570,2024-05-09,Completed,Mobile,South
9737,1496,2025-04-05,Completed,Mobile,East
9738,1551,2026-08-23,Cancelled,Web,South
9739,2488,2024-05-29,Completed,Web,West
9740,2775,2024-12-28,Completed,Web,North
9741,1844,2024-02-19,Cancelled,Web,South
9742,1747,2026-04-19,Completed,Mobile,West
9743,1527,2024-07-03,Pending,Mobile,East
9744,1750,2025-06-24,Completed,Mobile,East
9745,1254,2025-07-08,Completed,Web,North
9746,1633,2025-06-13,Completed,Web,East
9747,1149,2026-03-29,Cancelled,Partner,East
9748,2549,2024-10-30,Completed,Mobile,East
9749,244,2025-06-03,Pending,Web,South
9750,2807,2025-10-14,Completed,Web,South
9751,378,2026-02-22,Completed,Web,West
9752,972,2025-06-08,Completed,Partner,South
9753,760,2025-02-26,Completed,Mobile,North
9754,296,2025-01-26,Pending,Mobile,East
9755,1515,2026-04-12,Completed,Web,East
9756,2302,2024-01-23,Completed,Mobile,North
9757,1234,2025-03-02,Completed,Mobile,East
9758,2990,2024-11-29,Completed,Mobile,North
9759,2473,2024-09-18,Cancelled,Web,North
9760,366,2025-02-17,Completed,Mobile,East
9761,1683,2025-02-20,Completed,Mobile,East
9762,1511,2024-11-12,Completed,Mobile,West
9763,2848,2024-03-12,Cancelled,Partner,South
9764,2266,2026-02-08,Completed,Partner,South
9765,1947,2024-05-01,Completed,Partner,West
9766,2329,2025-10-14,Completed,Mobile,East
9767,532,2024-04-02,Completed,Web,West
9768,1687,2026-04-07,Completed,Web,North
9769,1250,2024-10-12,Completed,Partner,North
9770,2048,2024-10-25,Completed,Partner,West
9771,2112,2024-09-14,Completed,Web,South
9772,2945,2025-08-15,Completed,Partner,North
9773,625,2024-11-09,Completed,Mobile,South
9774,684,2026-03-31,Completed,Mobile,East
9775,609,2026-07-08,Completed,Partner,North
9776,1234,2025-11-15,Completed,Partner,East
9777,2015,2024-08-15,Completed,Mobile,North
9778,1589,2025-07-01,Completed,Mobile,West
9779,298,2025-02-12,Completed,Web,North
9780,1110,2025-05-09,Completed,Partner,South
9781,600,2025-09-12,Completed,Mobile,North
9782,1908,2024-07-01,Completed,Partner,South
9783,706,2025-07-22,Completed,Web,North
9784,957,2025-06-17,Completed,Partner,South
9785,2300,2024-03-20,Completed,Mobile,East
9786,910,2026-03-05,Completed,Web,North
9787,1934,2025-06-26,Completed,Partner,East
9788,1618,2026-05-07,Completed,Web,North
9789,1641,2026-08-17,Pending,Partner,East
9790,757,2025-02-08,Completed,Web,South
9791,2214,2025-10-11,Completed,Mobile,West
9792,176,2026-01-27,Pending,Mobile,West
9793,1543,2025-11-09,Completed,Mobile,East
9794,2768,2025-09-03,Pending,Mobile,East
9795,1391,2026-03-26,Completed,Mobile,East
9796,1743,2026-04-11,Pending,Mobile,North
9797,348,2025-09-08,Completed,Web,South
9798,7,2026-04-18,Completed,Partner,North
9799,512,2026-05-13,Completed,Mobile,East
9800,1685,2025-02-07,Completed,Web,West
9801,1832,2024-12-05,Completed,Partner,North
9802,691,2025-03-08,Completed,Partner,West
9803,2379,2024-07-19,Cancelled,Partner,South
9804,2286,2025-04-11,Completed,Partner,North
9805,2536,2024-09-17,Completed,Web,West
9806,743,2026-03-30,Completed,Partner,South
9807,1858,2026-03-04,Completed,Web,West
9808,1203,2026-05-19,Completed,Mobile,West
9809,1996,2024-06-16,Completed,Mobile,West
9810,1010,2024-09-02,Completed,Partner,East
9811,960,2024-08-12,Completed,Partner,East
9812,1276,2024-02-12,Completed,Mobile,West
9813,636,2026-05-08,Completed,Mobile,East
9814,2765,2024-01-07,Completed,Web,South
9815,1518,2025-02-05,Completed,Web,East
9816,280,2026-04-16,Completed,Web,North
9817,1897,2025-08-11,Completed,Mobile,West
9818,2427,2024-08-21,Completed,Web,South
9819,1592,2025-07-02,Completed,Partner,North
9820,552,2025-06-22,Completed,Partner,East
9821,2361,2024-04-25,Completed,Web,West
9822,1472,2026-02-08,Completed,Mobile,South
9823,2366,2024-09-02,Completed,Mobile,North
9824,2964,2024-07-26,Completed,Partner,West
9825,2374,2024-02-01,Completed,Web,South
9826,1934,2024-01-15,Completed,Web,East
9827,2207,2024-11-13,Pending,Mobile,North
9828,1228,2026-06-12,Completed,Partner,West
9829,1246,2025-07-22,Completed,Web,South
9830,336,2024-08-07,Completed,Partner,North
9831,1301,2025-12-05,Completed,Mobile,North
9832,1167,2024-08-19,Completed,Mobile,North
9833,2783,2024-01-26,Cancelled,Mobile,West
9834,1046,2024-05-17,Cancelled,Mobile,North
9835,364,2024-11-21,Completed,Mobile,South
9836,2852,2025-07-09,Completed,Web,East
9837,2340,2025-04-12,Pending,Web,East
9838,776,2026-06-25,Completed,Mobile,East
9839,2586,2026-06-18,Pending,Partner,North
9840,2750,2025-03-31,Pending,Mobile,West
9841,2990,2025-05-09,Completed,Web,North
9842,1339,2025-06-12,Pending,Mobile,North
9843,2858,2025-03-20,Completed,Partner,North
9844,1216,2026-01-10,Completed,Web,North
9845,1995,2024-11-17,Completed,Mobile,West
9846,2510,2026-05-04,Completed,Partner,East
9847,2231,2025-12-09,Completed,Mobile,South
9848,1143,2025-06-13,Completed,Partner,East
9849,819,2024-02-05,Completed,Web,West
9850,2892,2024-10-17,Completed,Web,East
9851,1229,2026-04-20,Completed,Web,South
9852,2366,2024-07-23,Completed,Web,North
9853,3,2024-08-27,Completed,Web,South
9854,357,2025-12-01,Completed,Partner,North
9855,2541,2025-11-04,Completed,Mobile,North
9856,916,2024-10-23,Cancelled,Partner,East
9857,2527,2024-07-17,Completed,Web,North
9858,166,2024-05-18,Completed,Partner,East
9859,1367,2024-08-23,Completed,Partner,North
9860,696,2026-06-04,Completed,Partner,South
9861,652,2024-07-23,Completed,Mobile,East
9862,576,2025-02-02,Completed,Web,West
9863,909,2025-11-30,Completed,Web,South
9864,1518,2024-08-21,Cancelled,Web,East
9865,1569,2024-07-18,Completed,Mobile,West
9866,690,2024-12-31,Completed,Mobile,East
9867,2974,2026-07-05,Completed,Partner,West
9868,1968,2024-12-16,Completed,Partner,North
9869,1219,2024-04-20,Completed,Partner,South
9870,1413,2024-01-02,Completed,Mobile,North
9871,1202,2026-07-06,Completed,Mobile,East
9872,136,2024-04-06,Cancelled,Web,North
9873,1845,2026-08-21,Completed,Mobile,West
9874,228,2026-05-22,Completed,Mobile,South
9875,1690,2026-08-21,Completed,Partner,East
9876,1824,2025-08-09,Completed,Mobile,North
9877,1031,2025-11-26,Pending,Mobile,West
9878,2133,2026-03-16,Completed,Web,East
9879,2560,2024-11-06,Pending,Mobile,East
9880,428,2024-05-20,Pending,Web,East
9881,2354,2026-02-11,Completed,Web,West
9882,736,2025-06-12,Completed,Mobile,North
9883,912,2026-04-14,Completed,Mobile,East
9884,374,2025-07-22,Completed,Web,East
9885,242,2026-06-25,Completed,Mobile,East
9886,958,2024-02-17,Completed,Web,East
9887,2472,2024-09-01,Completed,Web,West
9888,756,2026-07-23,Completed,Web,West
9889,974,2026-02-18,Completed,Web,North
9890,62,2024-06-25,Completed,Web,North
9891,404,2025-11-22,Pending,Mobile,West
9892,1238,2024-12-14,Completed,Partner,South
9893,2385,2024-06-04,Completed,Partner,West
9894,811,2024-03-24,Completed,Mobile,South
9895,1097,2026-07-03,Completed,Mobile,West
9896,552,2024-06-15,Completed,Partner,East
9897,2783,2024-01-03,Completed,Web,West
9898,2572,2024-07-20,Completed,Mobile,West
9899,538,2025-01-05,Completed,Partner,North
9900,1790,2026-08-19,Pending,Web,East
9901,1743,2024-10-23,Completed,Mobile,North
9902,591,2025-04-21,Completed,Mobile,West
9903,1005,2024-03-02,Completed,Mobile,North
9904,2029,2024-02-22,Completed,Web,West
9905,1259,2026-07-13,Completed,Mobile,East
9906,2370,2024-05-06,Completed,Partner,West
9907,1523,2026-04-23,Completed,Partner,South
9908,1749,2026-02-09,Completed,Web,South
9909,884,2025-05-10,Completed,Partner,East
9910,1524,2026-08-08,Cancelled,Web,South
9911,650,2025-08-24,Completed,Web,East
9912,1985,2024-08-10,Completed,Mobile,West
9913,366,2024-10-19,Completed,Partner,East
9914,2870,2025-09-16,Completed,Mobile,East
9915,1809,2024-03-12,Completed,Web,South
9916,2670,2024-06-18,Completed,Mobile,South
9917,2630,2025-10-15,Completed,Partner,West
9918,343,2025-10-14,Completed,Web,East
9919,430,2024-02-18,Completed,Partner,East
9920,1343,2024-09-22,Completed,Web,North
9921,1644,2025-03-30,Completed,Web,North
9922,951,2024-08-04,Completed,Partner,North
9923,385,2024-09-05,Completed,Web,South
9924,2978,2025-01-15,Completed,Mobile,East
9925,2143,2025-03-23,Completed,Mobile,North
9926,2291,2024-10-26,Completed,Partner,East
9927,798,2024-09-11,Completed,Partner,West
9928,1756,2025-08-08,Completed,Partner,West
9929,1292,2025-04-13,Completed,Mobile,West
9930,994,2025-06-10,Completed,Partner,North
9931,17,2026-04-29,Pending,Mobile,East
9932,2596,2025-05-16,Completed,Web,North
9933,2744,2024-12-11,Pending,Web,North
9934,2182,2025-10-12,Completed,Mobile,South
9935,904,2025-08-28,Completed,Web,South
9936,2944,2025-07-22,Completed,Partner,South
9937,1898,2026-05-02,Completed,Mobile,South
9938,1646,2026-08-10,Completed,Mobile,West
9939,1,2026-07-31,Cancelled,Web,South
9940,2250,2025-04-08,Completed,Mobile,West
9941,1502,2026-04-23,Completed,Web,West
9942,1611,2025-11-18,Completed,Partner,South
9943,2700,2026-08-16,Completed,Web,West
9944,1435,2026-03-03,Completed,Mobile,North
9945,382,2024-02-14,Completed,Partner,South
9946,1000,2024-01-10,Completed,Partner,North
9947,248,2024-11-14,Completed,Web,North
9948,2086,2026-01-06,Completed,Mobile,East
9949,2959,2024-02-18,Completed,Partner,North
9950,517,2024-07-04,Completed,Mobile,East
9951,1792,2026-01-03,Completed,Mobile,South
9952,658,2025-07-31,Completed,Partner,North
9953,2497,2025-10-12,Completed,Partner,East
9954,2827,2024-02-01,Completed,Partner,West
9955,2514,2025-03-20,Completed,Web,North
9956,140,2025-07-19,Completed,Web,West
9957,1181,2026-06-15,Completed,Web,North
9958,2880,2024-01-03,Completed,Mobile,South
9959,2049,2025-10-02,Cancelled,Mobile,South
9960,871,2024-08-05,Completed,Web,East
9961,379,2025-04-23,Cancelled,Web,North
9962,2739,2026-07-24,Completed,Web,North
9963,1816,2025-10-25,Completed,Partner,North
9964,1725,2024-12-24,Pending,Mobile,West
9965,473,2024-04-04,Completed,Web,East
9966,160,2024-10-08,Completed,Web,West
9967,1288,2026-05-17,Completed,Web,North
9968,343,2025-07-21,Completed,Web,East
9969,793,2025-07-17,Cancelled,Mobile,East
9970,1787,2024-08-09,Completed,Mobile,East
9971,1843,2024-12-22,Completed,Web,West
9972,2499,2026-05-26,Completed,Web,West
9973,1610,2026-08-24,Completed,Partner,West
9974,2033,2025-12-20,Completed,Web,South
9975,2127,2025-06-13,Completed,Mobile,North
9976,703,2026-03-07,Completed,Mobile,South
9977,1601,2025-11-06,Completed,Partner,South
9978,2606,2024-08-21,Completed,Partner,East
9979,2142,2025-07-18,Cancelled,Mobile,West
9980,2443,2025-01-10,Completed,Web,East
9981,292,2025-07-21,Completed,Partner,East
9982,1834,2025-03-18,Completed,Web,West
9983,963,2025-11-07,Completed,Mobile,East
9984,2853,2024-12-08,Cancelled,Mobile,East
9985,926,2026-03-02,Completed,Partner,South
9986,2309,2026-03-06,Completed,Partner,South
9987,2696,2024-04-14,Completed,Partner,East
9988,392,2025-02-16,Completed,Web,East
9989,1817,2024-11-12,Completed,Partner,East
9990,2403,2026-05-15,Completed,Mobile,South
9991,1734,2025-10-12,Completed,Mobile,West
9992,1301,2025-12-01,Completed,Mobile,North
9993,2252,2024-07-23,Completed,Mobile,North
9994,2850,2025-11-18,Completed,Web,South
9995,305,2026-04-14,Completed,Partner,South
9996,327,2024-09-10,Cancelled,Partner,South
9997,2340,2024-07-22,Completed,Mobile,East
9998,788,2025-11-04,Completed,Partner,North
9999,1722,2025-06-12,Completed,Partner,West
10000,1412,2024-05-01,Completed,Partner,North
10001,111,2025-01-08,Completed,Partner,South
10002,883,2025-11-28,Completed,Web,South
10003,137,2026-02-14,Completed,Mobile,North
10004,823,2024-04-23,Completed,Partner,West
10005,2941,2026-01-03,Completed,Mobile,South
10006,285,2026-08-21,Completed,Partner,South
10007,637,2025-12-21,Completed,Partner,North
10008,551,2026-03-20,Completed,Mobile,North
10009,1437,2024-07-03,Completed,Partner,West
10010,2571,2025-02-26,Completed,Mobile,South
10011,913,2025-12-29,Completed,Web,North
10012,1902,2024-07-02,Completed,Mobile,North
10013,626,2026-03-11,Completed,Web,West
10014,1879,2025-05-13,Completed,Partner,South
10015,446,2024-02-12,Completed,Partner,North
10016,2761,2025-09-21,Completed,Mobile,West
10017,1681,2026-05-11,Completed,Partner,North
10018,1799,2024-09-09,Completed,Partner,East
10019,594,2025-03-12,Completed,Mobile,South
10020,2205,2025-03-23,Completed,Web,North
10021,1947,2024-12-13,Completed,Mobile,West
10022,589,2024-03-22,Completed,Partner,West
10023,847,2026-02-20,Completed,Web,West
10024,1582,2026-08-11,Completed,Partner,West
10025,1257,2026-03-26,Completed,Mobile,East
10026,222,2025-06-25,Completed,Web,West
10027,830,2024-03-14,Completed,Partner,South
10028,1174,2026-06-26,Completed,Partner,West
10029,2505,2024-01-28,Completed,Web,North
10030,1571,2024-12-08,Completed,Partner,South
10031,1686,2025-09-20,Completed,Mobile,West
10032,2041,2024-05-19,Completed,Mobile,West
10033,1500,2025-12-15,Pending,Mobile,East
10034,2067,2025-05-05,Completed,Mobile,East
10035,1539,2026-03-08,Completed,Partner,South
10036,306,2024-01-15,Completed,Mobile,South
10037,1039,2025-01-17,Completed,Web,West
10038,2945,2024-05-16,Cancelled,Mobile,North
10039,1867,2025-06-13,Completed,Partner,East
10040,1737,2025-07-22,Completed,Web,West
10041,1868,2025-09-12,Pending,Partner,South
10042,682,2026-05-19,Completed,Web,South
10043,947,2025-01-16,Completed,Mobile,South
10044,878,2026-08-27,Completed,Web,West
10045,2618,2026-03-31,Completed,Mobile,North
10046,510,2026-08-13,Completed,Partner,South
10047,1087,2026-08-13,Completed,Web,South
10048,989,2025-01-11,Completed,Web,East
10049,1625,2025-03-21,Completed,Web,North
10050,2089,2024-07-04,Completed,Mobile,North
10051,708,2024-07-31,Completed,Mobile,North
10052,2510,2026-03-24,Completed,Partner,East
10053,2064,2026-06-10,Completed,Mobile,East
10054,831,2026-08-02,Completed,Mobile,West
10055,2367,2025-01-07,Completed,Web,South
10056,2429,2024-09-03,Completed,Web,West
10057,2788,2025-05-05,Pending,Partner,North
10058,2851,2025-11-15,Pending,Partner,South
10059,2309,2026-01-17,Completed,Mobile,South
10060,571,2024-09-16,Completed,Web,East
10061,2357,2026-04-08,Completed,Partner,East
10062,2504,2024-09-12,Completed,Mobile,East
10063,1585,2025-06-21,Completed,Mobile,South
10064,2089,2024-04-12,Completed,Partner,North
10065,1381,2026-03-02,Completed,Partner,South
10066,1859,2025-06-12,Cancelled,Mobile,South
10067,1522,2024-12-15,Completed,Web,East
10068,637,2024-05-05,Completed,Mobile,North
10069,2153,2026-03-22,Completed,Web,North
10070,2072,2026-06-26,Completed,Web,East
10071,17,2024-01-05,Completed,Mobile,East
10072,1734,2026-02-16,Completed,Web,West
10073,589,2024-11-19,Completed,Partner,West
10074,96,2024-05-27,Cancelled,Partner,West
10075,832,2024-09-06,Completed,Web,South
10076,834,2026-01-25,Cancelled,Web,North
10077,107,2024-08-29,Completed,Mobile,South
10078,1190,2025-12-04,Completed,Mobile,East
10079,668,2026-01-15,Completed,Web,North
10080,38,2024-12-11,Cancelled,Partner,North
10081,1291,2025-08-11,Completed,Partner,North
10082,1170,2024-09-08,Completed,Mobile,West
10083,1904,2026-08-14,Completed,Web,South
10084,2661,2024-05-13,Completed,Mobile,North
10085,1990,2024-05-02,Cancelled,Partner,South
10086,2736,2025-10-29,Completed,Partner,West
10087,2272,2025-07-18,Completed,Mobile,West
10088,521,2024-05-11,Completed,Mobile,East
10089,2802,2024-10-02,Completed,Web,South
10090,891,2025-12-08,Completed,Mobile,North
10091,2343,2024-01-28,Completed,Web,North
10092,2223,2024-04-21,Completed,Web,East
10093,766,2025-02-25,Completed,Partner,East
10094,400,2024-02-25,Pending,Web,East
10095,2705,2024-04-23,Completed,Web,West
10096,1428,2026-03-04,Completed,Mobile,North
10097,767,2026-08-07,Cancelled,Mobile,South
10098,1754,2025-11-03,Completed,Web,South
10099,2487,2025-11-02,Pending,Mobile,North
10100,1464,2024-01-28,Completed,Partner,North
10101,374,2025-07-06,Completed,Partner,East
10102,2020,2026-06-12,Completed,Mobile,South
10103,2743,2024-06-24,Completed,Partner,West
10104,432,2025-04-25,Pending,Web,West
10105,2363,2026-02-02,Completed,Partner,South
10106,1755,2025-10-27,Completed,Partner,West
10107,1718,2024-05-13,Completed,Web,North
10108,258,2024-01-05,Pending,Partner,West
10109,108,2024-06-05,Completed,Partner,North
10110,132,2025-04-16,Completed,Partner,North
10111,638,2025-01-20,Completed,Mobile,South
10112,23,2026-01-23,Completed,Partner,East
10113,2752,2026-07-24,Completed,Partner,West
10114,57,2024-02-19,Completed,Web,East
10115,981,2026-06-13,Completed,Mobile,North
10116,181,2026-01-06,Completed,Partner,West
10117,1998,2024-06-02,Completed,Web,South
10118,1247,2024-08-19,Completed,Web,North
10119,1451,2024-01-18,Completed,Web,East
10120,2418,2024-04-23,Completed,Web,North
10121,2077,2026-08-18,Cancelled,Mobile,South
10122,175,2024-07-08,Completed,Partner,West
10123,3,2024-01-02,Completed,Web,South
10124,247,2026-01-21,Completed,Mobile,South
10125,2790,2025-02-05,Cancelled,Partner,West
10126,2341,2025-06-03,Completed,Web,West
10127,2466,2025-06-29,Completed,Partner,East
10128,1159,2025-12-08,Completed,Mobile,North
10129,2201,2025-09-14,Completed,Mobile,West
10130,2431,2026-06-25,Completed,Partner,West
10131,1742,2025-03-07,Completed,Mobile,West
10132,1822,2024-03-04,Pending,Partner,South
10133,559,2024-07-16,Completed,Mobile,West
10134,1288,2026-03-23,Cancelled,Web,North
10135,1381,2024-05-04,Completed,Web,South
10136,2237,2024-09-05,Completed,Web,North
10137,2811,2024-11-08,Completed,Web,South
10138,2168,2025-08-06,Completed,Web,North
10139,816,2025-10-01,Completed,Partner,South
10140,2428,2025-08-07,Completed,Mobile,South
10141,2567,2024-08-15,Completed,Web,South
10142,482,2026-05-15,Cancelled,Mobile,North
10143,2882,2025-02-22,Completed,Mobile,West
10144,1745,2026-04-01,Completed,Mobile,West
10145,241,2025-06-02,Completed,Web,South
10146,1069,2024-01-25,Completed,Mobile,North
10147,68,2024-09-20,Completed,Partner,East
10148,326,2024-07-25,Cancelled,Mobile,East
10149,407,2025-07-13,Completed,Partner,East
10150,1675,2025-10-23,Completed,Mobile,West
10151,665,2024-03-20,Completed,Partner,East
10152,326,2026-07-23,Completed,Mobile,East
10153,748,2026-03-03,Completed,Mobile,West
10154,2243,2026-06-07,Completed,Web,North
10155,217,2024-09-17,Cancelled,Web,North
10156,84,2026-03-15,Completed,Mobile,East
10157,1349,2026-06-05,Pending,Partner,North
10158,388,2025-05-10,Completed,Web,West
10159,2759,2026-05-31,Completed,Mobile,South
10160,1688,2024-06-21,Completed,Web,North
10161,917,2025-10-16,Completed,Web,South
10162,602,2026-07-14,Completed,Partner,West
10163,1344,2024-07-04,Completed,Mobile,North
10164,2036,2024-12-17,Completed,Web,South
10165,1080,2025-09-28,Completed,Web,South
10166,2529,2024-12-21,Completed,Partner,South
10167,1180,2026-07-18,Completed,Partner,North
10168,208,2026-05-06,Completed,Mobile,West
10169,2026,2025-08-20,Cancelled,Partner,South
10170,1628,2025-04-26,Completed,Mobile,East
10171,2393,2025-02-15,Completed,Partner,East
10172,684,2026-02-02,Cancelled,Mobile,East
10173,125,2025-08-04,Completed,Web,West
10174,2971,2025-10-01,Completed,Mobile,West
10175,2957,2025-06-12,Completed,Web,East
10176,80,2026-07-31,Pending,Partner,East
10177,2498,2025-09-08,Cancelled,Web,North
10178,1780,2026-04-22,Completed,Web,South
10179,869,2024-05-15,Completed,Web,West
10180,171,2024-06-16,Completed,Web,South
10181,2711,2024-08-10,Pending,Mobile,North
10182,968,2024-06-11,Completed,Mobile,East
10183,2146,2024-09-15,Completed,Web,North
10184,2358,2026-06-09,Completed,Web,West
10185,1617,2025-06-23,Completed,Mobile,North
10186,1132,2024-07-22,Completed,Partner,West
10187,1312,2026-01-26,Cancelled,Mobile,South
10188,534,2025-07-01,Cancelled,Web,East
10189,1645,2025-08-26,Completed,Partner,South
10190,729,2025-01-09,Completed,Mobile,North
10191,576,2026-02-10,Completed,Web,West
10192,2787,2025-06-27,Completed,Partner,South
10193,1968,2025-02-25,Completed,Web,North
10194,1672,2026-06-16,Completed,Partner,West
10195,2274,2025-10-02,Completed,Partner,South
10196,2738,2025-01-10,Completed,Partner,West
10197,2137,2025-04-12,Completed,Partner,West
10198,2154,2026-03-24,Completed,Mobile,North
10199,1435,2024-11-04,Cancelled,Mobile,North
10200,2842,2025-12-20,Completed,Mobile,West
10201,1370,2024-07-20,Completed,Partner,North
10202,8,2024-10-27,Completed,Web,North
10203,1212,2024-01-19,Completed,Web,South
10204,2199,2025-01-19,Completed,Mobile,West
10205,2402,2026-06-20,Completed,Mobile,South
10206,659,2025-12-26,Completed,Mobile,South
10207,2309,2025-01-09,Completed,Partner,South
10208,405,2025-01-25,Completed,Partner,East
10209,698,2025-12-21,Completed,Web,East
10210,560,2024-05-04,Completed,Partner,North
10211,1353,2025-05-29,Completed,Mobile,South
10212,1871,2024-06-13,Completed,Web,East
10213,371,2025-08-05,Completed,Mobile,North
10214,2014,2025-03-18,Completed,Mobile,West
10215,67,2024-07-02,Completed,Web,East
10216,2076,2025-12-15,Pending,Web,North
10217,1198,2025-05-24,Completed,Web,West
10218,2831,2025-01-28,Completed,Partner,East
10219,2207,2026-03-02,Completed,Partner,North
10220,269,2024-02-22,Completed,Mobile,North
10221,2068,2024-10-14,Completed,Web,North
10222,341,2025-07-18,Completed,Partner,North
10223,405,2024-10-14,Completed,Mobile,East
10224,2022,2025-03-04,Completed,Web,West
10225,247,2026-01-31,Pending,Mobile,South
10226,2500,2024-03-04,Completed,Partner,East
10227,2822,2024-02-19,Completed,Partner,North
10228,1391,2024-10-06,Cancelled,Mobile,East
10229,1480,2026-06-29,Completed,Web,West
10230,2003,2026-01-04,Completed,Partner,North
10231,957,2024-09-15,Completed,Partner,South
10232,1524,2025-11-26,Completed,Web,South
10233,561,2024-01-09,Completed,Partner,East
10234,145,2025-12-02,Completed,Partner,West
10235,1309,2024-03-15,Completed,Web,North
10236,772,2025-07-02,Cancelled,Partner,East
10237,391,2024-09-20,Completed,Partner,North
10238,506,2026-02-11,Completed,Mobile,West
10239,2400,2025-04-22,Completed,Web,North
10240,803,2024-08-01,Completed,Partner,South
10241,984,2026-06-07,Completed,Partner,West
10242,714,2024-06-30,Completed,Web,North
10243,1881,2024-08-26,Completed,Web,South
10244,2299,2024-08-18,Completed,Web,North
10245,2705,2024-08-08,Completed,Mobile,West
10246,429,2026-03-12,Completed,Web,North
10247,305,2024-08-07,Completed,Mobile,South
10248,175,2026-01-30,Completed,Partner,West
10249,1423,2024-05-27,Completed,Partner,West
10250,384,2026-01-19,Completed,Partner,South
10251,86,2026-05-21,Completed,Web,West
10252,2343,2024-05-06,Completed,Partner,North
10253,2301,2025-04-26,Cancelled,Mobile,West
10254,204,2025-10-20,Completed,Web,North
10255,1585,2025-04-09,Cancelled,Mobile,South
10256,2554,2024-10-01,Completed,Mobile,North
10257,2886,2024-10-22,Completed,Partner,South
10258,1300,2025-05-10,Completed,Web,South
10259,2488,2025-11-09,Completed,Partner,West
10260,2237,2025-06-17,Completed,Web,North
10261,2147,2026-05-17,Completed,Web,North
10262,5,2025-08-25,Completed,Web,North
10263,1397,2026-08-06,Completed,Partner,South
10264,1546,2026-06-28,Completed,Mobile,North
10265,2626,2025-08-27,Completed,Partner,South
10266,2699,2025-06-11,Completed,Web,East
10267,719,2024-01-18,Completed,Web,East
10268,514,2024-10-06,Completed,Partner,West
10269,619,2024-01-20,Completed,Partner,East
10270,449,2024-06-18,Completed,Web,South
10271,1547,2025-06-27,Completed,Web,East
10272,2508,2025-08-20,Completed,Partner,West
10273,748,2024-01-05,Pending,Partner,West
10274,660,2026-06-29,Completed,Web,South
10275,1022,2024-05-05,Completed,Mobile,North
10276,1621,2025-11-12,Completed,Partner,South
10277,2232,2024-06-20,Completed,Web,West
10278,1206,2024-09-25,Completed,Web,South
10279,220,2025-03-18,Completed,Mobile,East
10280,204,2026-02-01,Completed,Web,North
10281,1031,2024-06-16,Completed,Web,West
10282,328,2024-09-17,Pending,Web,East
10283,205,2026-05-09,Completed,Mobile,East
10284,1519,2024-08-24,Completed,Mobile,East
10285,2330,2024-03-25,Completed,Partner,East
10286,2624,2025-09-23,Completed,Partner,East
10287,1287,2026-04-07,Completed,Partner,North
10288,1337,2025-08-23,Completed,Mobile,North
10289,259,2025-10-02,Completed,Mobile,East
10290,1191,2025-04-11,Completed,Mobile,East
10291,989,2025-04-05,Cancelled,Web,East
10292,2623,2025-06-18,Completed,Mobile,West
10293,878,2024-04-23,Completed,Mobile,West
10294,704,2024-05-09,Completed,Mobile,West
10295,970,2024-02-12,Completed,Mobile,North
10296,2218,2026-02-10,Completed,Mobile,East
10297,2349,2026-07-19,Completed,Web,South
10298,2879,2026-05-20,Completed,Partner,South
10299,310,2025-06-09,Completed,Web,North
10300,700,2024-05-04,Completed,Web,North
10301,621,2024-12-02,Completed,Web,North
10302,1086,2025-09-11,Completed,Mobile,North
10303,2613,2025-12-24,Completed,Web,North
10304,2107,2025-01-28,Completed,Partner,West
10305,972,2024-05-02,Completed,Mobile,South
10306,2677,2024-08-29,Completed,Partner,West
10307,1662,2025-01-04,Completed,Web,South
10308,2712,2024-08-12,Completed,Partner,South
10309,480,2025-12-24,Completed,Web,West
10310,2334,2024-08-01,Completed,Partner,East
10311,404,2025-03-27,Cancelled,Web,West
10312,769,2025-08-28,Completed,Mobile,West
10313,2714,2026-08-28,Completed,Mobile,North
10314,1055,2026-06-02,Completed,Web,North
10315,2349,2026-07-04,Completed,Partner,South
10316,2855,2025-12-14,Completed,Web,East
10317,2720,2025-03-08,Completed,Partner,East
10318,1709,2025-01-17,Completed,Mobile,South
10319,2911,2024-04-21,Completed,Partner,North
10320,2819,2025-06-13,Completed,Mobile,South
10321,852,2025-06-20,Cancelled,Partner,West
10322,717,2024-04-04,Cancelled,Partner,North
10323,1399,2024-06-20,Completed,Mobile,East
10324,2927,2024-01-19,Completed,Web,South
10325,2995,2024-01-04,Completed,Web,South
10326,2798,2026-02-25,Completed,Web,South
10327,690,2025-09-13,Completed,Web,East
10328,542,2025-05-16,Completed,Web,East
10329,985,2026-07-07,Completed,Mobile,South
10330,176,2025-07-27,Completed,Mobile,West
10331,1316,2026-04-04,Completed,Mobile,North
10332,1533,2025-12-15,Completed,Mobile,East
10333,1241,2024-08-29,Cancelled,Web,West
10334,2342,2026-03-14,Completed,Partner,South
10335,2238,2024-02-05,Completed,Partner,North
10336,165,2024-09-30,Completed,Mobile,East
10337,2228,2024-09-12,Completed,Partner,North
10338,1122,2025-04-05,Completed,Partner,South
10339,2136,2024-02-29,Completed,Partner,North
10340,272,2024-11-29,Cancelled,Partner,North
10341,2111,2024-10-16,Completed,Partner,West
10342,545,2025-01-27,Completed,Web,East
10343,2584,2026-04-22,Completed,Web,East
10344,1253,2025-07-08,Completed,Web,West
10345,2573,2024-04-08,Completed,Partner,East
10346,1593,2025-11-07,Cancelled,Web,West
10347,189,2025-12-05,Completed,Mobile,North
10348,1470,2024-05-04,Completed,Mobile,South
10349,2611,2025-06-06,Completed,Mobile,South
10350,1491,2025-02-10,Pending,Mobile,North
10351,943,2025-07-17,Completed,Partner,South
10352,826,2025-03-06,Pending,Mobile,South
10353,2448,2025-09-04,Completed,Web,West
10354,2280,2025-05-16,Completed,Web,East
10355,1238,2025-12-19,Completed,Partner,South
10356,2550,2024-12-04,Completed,Mobile,South
10357,2921,2026-08-19,Completed,Partner,South
10358,1552,2024-08-03,Completed,Web,South
10359,1567,2025-06-22,Completed,Mobile,West
10360,1619,2025-04-04,Completed,Web,West
10361,1032,2025-03-27,Completed,Web,West
10362,297,2024-01-28,Completed,Web,North
10363,1729,2025-12-06,Completed,Partner,East
10364,2317,2024-11-26,Cancelled,Mobile,South
10365,2566,2025-12-29,Completed,Partner,South
10366,1997,2025-12-22,Completed,Partner,North
10367,1010,2024-03-12,Completed,Mobile,East
10368,1867,2025-09-05,Completed,Partner,East
10369,2088,2025-02-18,Completed,Mobile,South
10370,2081,2026-03-26,Completed,Partner,West
10371,1092,2026-03-31,Completed,Partner,West
10372,1905,2024-07-23,Completed,Web,North
10373,1414,2026-02-09,Completed,Partner,North
10374,791,2026-03-19,Pending,Partner,South
10375,1461,2026-05-01,Completed,Partner,South
10376,1095,2025-11-15,Completed,Mobile,South
10377,1428,2025-10-07,Completed,Partner,North
10378,2022,2024-12-27,Completed,Web,West
10379,396,2024-04-26,Completed,Mobile,South
10380,1097,2025-08-13,Completed,Web,West
10381,345,2025-01-04,Completed,Web,North
10382,1033,2025-04-04,Completed,Web,East
10383,2659,2024-08-10,Completed,Mobile,East
10384,1372,2024-04-10,Completed,Partner,West
10385,1250,2024-04-12,Completed,Mobile,North
10386,2063,2024-02-27,Completed,Partner,East
10387,2902,2024-09-04,Completed,Web,South
10388,592,2026-08-17,Completed,Web,West
10389,38,2024-10-22,Completed,Web,North
10390,1220,2025-07-22,Pending,Web,North
10391,2021,2026-03-30,Completed,Web,South
10392,696,2025-07-16,Completed,Mobile,South
10393,263,2025-10-01,Completed,Partner,South
10394,1074,2025-09-01,Completed,Web,South
10395,1531,2025-05-17,Completed,Partner,East
10396,547,2025-07-27,Completed,Web,East
10397,101,2024-05-25,Completed,Web,West
10398,2468,2024-05-23,Completed,Mobile,East
10399,351,2024-01-31,Completed,Mobile,South
10400,346,2026-08-21,Completed,Web,North
10401,2057,2024-09-22,Cancelled,Mobile,West
10402,1471,2025-07-17,Completed,Partner,North
10403,833,2024-11-02,Completed,Web,North
10404,215,2025-08-03,Cancelled,Web,West
10405,1335,2026-07-06,Completed,Partner,West
10406,1621,2025-09-03,Completed,Partner,South
10407,600,2026-06-03,Completed,Partner,North
10408,2364,2024-04-24,Completed,Partner,West
10409,2476,2024-11-07,Completed,Mobile,North
10410,1731,2024-11-23,Completed,Web,East
10411,1023,2026-08-05,Completed,Partner,East
10412,1384,2025-01-03,Completed,Mobile,North
10413,706,2026-06-08,Completed,Mobile,North
10414,1125,2024-01-16,Completed,Partner,South
10415,940,2026-04-28,Completed,Partner,East
10416,245,2024-06-19,Completed,Web,North
10417,1281,2025-04-02,Completed,Mobile,West
10418,2119,2026-03-29,Completed,Partner,East
10419,1170,2024-04-30,Cancelled,Mobile,West
10420,336,2024-05-28,Completed,Mobile,North
10421,2061,2026-06-29,Completed,Web,South
10422,1235,2026-05-08,Completed,Web,East
10423,867,2026-05-30,Completed,Partner,South
10424,2073,2026-07-22,Completed,Partner,West
10425,825,2025-07-13,Completed,Partner,South
10426,1818,2025-06-14,Completed,Partner,North
10427,583,2025-07-19,Completed,Partner,East
10428,1802,2025-04-19,Completed,Partner,North
10429,692,2024-04-27,Cancelled,Mobile,East
10430,1748,2025-07-23,Completed,Web,North
10431,2504,2024-10-21,Cancelled,Web,East
10432,2920,2025-05-02,Completed,Mobile,East
10433,1177,2024-06-03,Completed,Mobile,West
10434,1668,2025-11-30,Completed,Web,East
10435,2707,2025-02-23,Completed,Mobile,West
10436,2824,2025-05-29,Completed,Partner,West
10437,2939,2025-05-12,Completed,Web,South
10438,2167,2025-10-14,Completed,Mobile,West
10439,2066,2024-02-28,Completed,Web,West
10440,144,2026-04-06,Completed,Partner,West
10441,395,2024-10-07,Completed,Partner,North
10442,2132,2025-05-14,Completed,Partner,East
10443,1611,2026-04-17,Completed,Partner,South
10444,1690,2024-12-07,Completed,Partner,East
10445,1704,2025-04-10,Completed,Partner,East
10446,653,2026-07-26,Completed,Partner,North
10447,1612,2024-12-30,Completed,Partner,East
10448,2320,2026-04-28,Completed,Mobile,South
10449,766,2025-11-03,Completed,Mobile,East
10450,2121,2025-01-23,Cancelled,Web,South
10451,544,2024-06-17,Completed,Web,West
10452,1683,2025-10-22,Completed,Partner,East
10453,387,2024-03-08,Completed,Partner,North
10454,446,2025-10-11,Cancelled,Partner,North
10455,1702,2025-10-18,Completed,Web,West
10456,457,2025-09-02,Completed,Web,South
10457,2872,2025-02-19,Completed,Mobile,East
10458,1084,2025-01-22,Cancelled,Partner,North
10459,2510,2025-10-17,Completed,Web,East
10460,1947,2025-04-12,Completed,Mobile,West
10461,2677,2024-09-26,Completed,Mobile,West
10462,419,2026-02-11,Cancelled,Partner,West
10463,2919,2025-07-16,Completed,Mobile,North
10464,610,2024-08-28,Completed,Web,North
10465,521,2024-08-22,Completed,Mobile,East
10466,1272,2026-02-27,Completed,Partner,South
10467,1485,2025-10-11,Completed,Mobile,South
10468,1526,2024-01-13,Completed,Mobile,North
10469,163,2024-07-24,Completed,Partner,East
10470,985,2025-12-05,Completed,Partner,South
10471,299,2024-02-25,Cancelled,Partner,East
10472,1022,2026-03-08,Completed,Partner,North
10473,1841,2024-08-01,Completed,Partner,South
10474,2835,2025-08-27,Completed,Web,East
10475,2172,2024-07-03,Completed,Mobile,South
10476,1465,2026-01-21,Completed,Web,South
10477,2107,2025-08-13,Completed,Mobile,West
10478,27,2025-01-20,Completed,Web,West
10479,2227,2024-02-07,Completed,Mobile,South
10480,2975,2025-02-17,Completed,Web,East
10481,1122,2025-04-25,Cancelled,Web,South
10482,1189,2024-08-23,Pending,Mobile,East
10483,243,2025-05-09,Completed,Partner,South
10484,2042,2024-09-03,Pending,Mobile,South
10485,1953,2024-06-22,Completed,Mobile,North
10486,699,2024-10-19,Completed,Partner,East
10487,600,2026-05-25,Completed,Web,North
10488,466,2025-08-19,Completed,Mobile,North
10489,388,2026-08-14,Completed,Partner,West
10490,517,2025-01-04,Cancelled,Mobile,East
10491,943,2025-03-04,Completed,Partner,South
10492,417,2026-01-22,Completed,Web,North
10493,2524,2024-12-19,Completed,Partner,South
10494,930,2026-06-07,Completed,Mobile,East
10495,1913,2024-02-14,Cancelled,Web,West
10496,2022,2026-07-08,Completed,Partner,West
10497,1538,2025-05-19,Completed,Mobile,South
10498,522,2024-11-26,Cancelled,Web,East
10499,1414,2024-12-28,Completed,Partner,North
10500,1759,2026-01-21,Completed,Web,South
10501,1765,2025-09-19,Completed,Mobile,North
10502,1221,2025-11-16,Completed,Web,West
10503,1746,2024-06-24,Completed,Partner,South
10504,1782,2025-01-21,Completed,Mobile,South
10505,2283,2025-01-14,Completed,Mobile,North
10506,383,2026-07-12,Completed,Mobile,West
10507,2601,2025-07-15,Completed,Partner,South
10508,2158,2024-06-23,Completed,Web,West
10509,1731,2026-03-20,Completed,Web,East
10510,936,2024-11-17,Completed,Mobile,South
10511,743,2026-03-03,Completed,Partner,South
10512,2986,2025-10-24,Completed,Partner,West
10513,1401,2026-04-05,Completed,Mobile,South
10514,433,2024-03-11,Completed,Web,North
10515,2587,2025-05-28,Cancelled,Partner,East
10516,2880,2024-06-10,Completed,Partner,South
10517,2198,2024-11-08,Completed,Partner,North
10518,1216,2024-09-13,Completed,Partner,North
10519,2253,2024-07-18,Completed,Web,South
10520,2444,2024-10-06,Completed,Mobile,South
10521,783,2024-08-09,Completed,Partner,North
10522,232,2025-10-26,Pending,Mobile,West
10523,931,2024-05-24,Pending,Mobile,East
10524,2565,2025-11-02,Pending,Web,South
10525,2502,2025-07-07,Completed,Web,East
10526,2753,2026-08-21,Completed,Web,South
10527,146,2024-02-15,Completed,Partner,South
10528,2318,2025-06-25,Completed,Web,East
10529,1957,2024-05-11,Completed,Mobile,North
10530,1602,2024-09-27,Pending,Web,North
10531,126,2024-07-26,Completed,Web,South
10532,2985,2025-08-17,Completed,Mobile,South
10533,161,2024-10-20,Completed,Web,West
10534,2882,2024-05-17,Completed,Web,West
10535,2133,2026-05-13,Completed,Mobile,East
10536,2223,2026-06-01,Completed,Web,East
10537,955,2025-01-05,Completed,Web,South
10538,791,2026-08-28,Completed,Partner,South
10539,2816,2025-12-20,Pending,Web,South
10540,290,2026-08-03,Completed,Mobile,South
10541,1065,2024-05-23,Completed,Web,South
10542,2282,2026-04-02,Completed,Partner,North
10543,2145,2024-05-07,Completed,Web,North
10544,1328,2024-12-11,Completed,Web,West
10545,1189,2025-06-02,Completed,Mobile,East
10546,2003,2024-10-26,Completed,Web,North
10547,999,2024-05-25,Completed,Partner,East
10548,2955,2024-10-12,Completed,Mobile,East
10549,2842,2025-07-09,Completed,Web,West
10550,588,2026-01-03,Completed,Web,North
10551,883,2024-09-29,Completed,Mobile,South
10552,1172,2026-03-07,Completed,Web,West
10553,843,2026-03-12,Completed,Web,North
10554,1428,2025-01-19,Completed,Partner,North
10555,334,2024-02-06,Completed,Mobile,East
10556,1159,2025-11-15,Completed,Mobile,North
10557,843,2026-03-14,Completed,Web,North
10558,499,2024-09-23,Completed,Web,West
10559,1209,2025-07-02,Completed,Web,West
10560,1200,2024-05-05,Completed,Web,North
10561,226,2026-06-05,Completed,Mobile,East
10562,1530,2024-01-13,Completed,Mobile,South
10563,134,2024-05-15,Pending,Partner,East
10564,1913,2024-08-19,Completed,Mobile,West
10565,1717,2024-09-02,Completed,Partner,South
10566,1569,2025-09-07,Completed,Partner,West
10567,2075,2025-10-13,Completed,Web,West
10568,849,2025-04-16,Completed,Web,West
10569,2381,2026-05-14,Completed,Web,North
10570,1193,2025-02-18,Completed,Web,North
10571,836,2024-03-19,Completed,Mobile,North
10572,1359,2025-07-31,Completed,Mobile,West
10573,1177,2025-03-10,Completed,Web,West
10574,442,2025-03-18,Completed,Mobile,North
10575,1294,2024-07-24,Completed,Web,East
10576,2265,2025-05-18,Cancelled,Partner,East
10577,221,2024-07-18,Completed,Mobile,North
10578,1762,2026-05-19,Completed,Mobile,North
10579,1585,2024-06-26,Completed,Partner,South
10580,2668,2024-07-09,Cancelled,Partner,East
10581,2312,2025-07-23,Completed,Partner,South
10582,617,2025-04-11,Completed,Web,West
10583,2918,2025-04-05,Cancelled,Mobile,West
10584,1406,2025-08-11,Completed,Partner,South
10585,675,2026-05-07,Completed,Mobile,South
10586,798,2025-03-22,Completed,Partner,West
10587,603,2024-07-30,Completed,Partner,East
10588,1940,2024-05-19,Completed,Web,West
10589,1167,2026-08-25,Completed,Web,North
10590,409,2025-12-30,Completed,Web,East
10591,248,2024-12-02,Completed,Partner,North
10592,885,2024-09-04,Completed,Partner,West
10593,2454,2025-05-28,Completed,Mobile,East
10594,1321,2025-09-17,Completed,Mobile,West
10595,2361,2025-08-18,Completed,Mobile,West
10596,794,2026-01-24,Completed,Partner,East
10597,730,2024-06-26,Completed,Partner,North
10598,2023,2024-02-27,Completed,Mobile,West
10599,2027,2026-08-08,Completed,Web,West
10600,1295,2026-02-18,Completed,Web,North
10601,880,2025-10-10,Completed,Partner,West
10602,1392,2024-01-09,Completed,Partner,West
10603,1453,2025-03-13,Completed,Partner,West
10604,2959,2024-08-21,Completed,Partner,North
10605,238,2025-05-10,Completed,Web,South
10606,809,2026-02-01,Completed,Web,West
10607,2471,2025-01-15,Completed,Web,East
10608,263,2024-06-03,Pending,Mobile,South
10609,515,2024-01-19,Completed,Mobile,North
10610,1992,2026-08-20,Completed,Web,West
10611,642,2025-02-06,Completed,Partner,South
10612,1127,2024-05-31,Completed,Web,North
10613,1255,2026-08-03,Completed,Web,North
10614,2735,2024-01-07,Completed,Web,West
10615,2716,2024-02-09,Completed,Web,West
10616,239,2024-07-01,Completed,Mobile,South
10617,179,2024-01-09,Completed,Mobile,West
10618,602,2025-03-10,Completed,Partner,West
10619,2642,2024-06-14,Pending,Web,North
10620,1961,2025-11-12,Completed,Partner,East
10621,1979,2024-01-26,Completed,Mobile,West
10622,1199,2024-09-20,Completed,Mobile,South
10623,616,2024-11-11,Completed,Mobile,North
10624,2082,2024-01-18,Completed,Web,North
10625,1996,2025-05-05,Cancelled,Web,West
10626,1248,2026-04-15,Completed,Partner,East
10627,961,2024-04-20,Completed,Web,North
10628,828,2024-12-11,Completed,Mobile,North
10629,1619,2024-02-01,Completed,Web,West
10630,1728,2025-10-28,Cancelled,Web,East
10631,885,2024-08-30,Completed,Web,West
10632,2557,2025-02-18,Cancelled,Web,West
10633,1348,2024-07-14,Completed,Partner,East
10634,1972,2024-06-08,Completed,Partner,North
10635,551,2025-12-15,Completed,Web,North
10636,2250,2024-12-02,Completed,Partner,West
10637,1988,2025-06-14,Completed,Mobile,South
10638,1315,2025-09-14,Completed,Partner,East
10639,2280,2024-10-24,Completed,Mobile,East
10640,760,2024-02-05,Completed,Mobile,North
10641,1351,2024-12-12,Completed,Mobile,West
10642,928,2024-09-27,Completed,Mobile,South
10643,1757,2024-10-13,Completed,Mobile,South
10644,2963,2024-07-20,Pending,Web,North
10645,2880,2026-04-07,Completed,Mobile,South
10646,161,2024-07-26,Cancelled,Partner,West
10647,714,2024-10-05,Completed,Mobile,North
10648,1203,2024-03-13,Completed,Partner,West
10649,107,2024-01-21,Pending,Partner,South
10650,765,2024-06-18,Completed,Mobile,West
10651,174,2026-05-09,Completed,Web,West
10652,1972,2026-01-12,Completed,Mobile,North
10653,390,2024-04-01,Completed,Web,East
10654,1734,2026-01-04,Completed,Web,West
10655,1114,2025-05-27,Completed,Mobile,North
10656,1967,2025-12-14,Completed,Web,North
10657,325,2026-04-27,Completed,Partner,South
10658,1210,2026-06-13,Completed,Web,North
10659,168,2026-01-23,Cancelled,Mobile,South
10660,508,2024-11-14,Completed,Partner,North
10661,2563,2024-01-26,Completed,Mobile,West
10662,1861,2025-05-24,Completed,Partner,South
10663,1261,2025-05-11,Completed,Mobile,East
10664,783,2026-05-08,Completed,Partner,North
10665,434,2024-08-31,Completed,Web,West
10666,974,2024-12-16,Completed,Web,North
10667,2082,2024-12-02,Completed,Web,North
10668,490,2025-04-20,Completed,Partner,North
10669,2324,2026-07-24,Completed,Partner,South
10670,725,2024-09-13,Completed,Partner,North
10671,1368,2024-07-21,Cancelled,Web,South
10672,357,2024-01-25,Completed,Web,North
10673,484,2024-07-05,Completed,Mobile,West
10674,1711,2024-12-29,Completed,Partner,South
10675,2486,2024-07-30,Completed,Mobile,South
10676,2087,2026-03-11,Completed,Partner,South
10677,1019,2025-11-18,Completed,Web,East
10678,1404,2024-05-02,Completed,Mobile,North
10679,2172,2026-05-28,Completed,Partner,South
10680,1628,2025-08-17,Cancelled,Mobile,East
10681,2635,2024-10-24,Completed,Web,North
10682,1347,2025-01-30,Completed,Mobile,North
10683,2812,2025-06-06,Cancelled,Web,East
10684,1335,2026-04-30,Completed,Partner,West
10685,1546,2024-02-06,Completed,Partner,North
10686,744,2025-07-05,Completed,Web,West
10687,490,2024-05-20,Completed,Web,North
10688,176,2024-08-19,Completed,Partner,West
10689,2800,2024-08-10,Cancelled,Mobile,South
10690,2865,2026-01-12,Cancelled,Partner,East
10691,2765,2026-07-01,Completed,Mobile,South
10692,1721,2024-03-30,Completed,Partner,South
10693,2997,2025-12-23,Completed,Partner,South
10694,1351,2026-04-05,Completed,Web,West
10695,70,2024-07-20,Completed,Partner,West
10696,2322,2026-08-05,Completed,Mobile,West
10697,2146,2025-06-24,Completed,Mobile,North
10698,911,2024-06-25,Completed,Web,North
10699,2829,2025-01-18,Completed,Web,South
10700,2691,2026-03-08,Completed,Web,North
10701,419,2025-09-10,Completed,Partner,West
10702,2198,2024-08-05,Completed,Partner,North
10703,511,2025-04-28,Completed,Partner,West
10704,1023,2024-10-15,Completed,Partner,East
10705,458,2025-11-01,Completed,Web,East
10706,2454,2025-01-15,Cancelled,Web,East
10707,2927,2026-06-13,Completed,Mobile,South
10708,1346,2024-02-22,Completed,Web,South
10709,2718,2025-12-07,Completed,Mobile,North
10710,1681,2024-04-05,Completed,Partner,North
10711,1108,2025-05-05,Completed,Partner,South
10712,1815,2026-04-18,Completed,Web,South
10713,581,2026-02-10,Completed,Web,South
10714,2606,2026-04-13,Completed,Web,East
10715,514,2025-11-11,Completed,Mobile,West
10716,2788,2026-01-12,Completed,Partner,North
10717,2753,2024-12-08,Completed,Partner,South
10718,1607,2024-12-01,Completed,Partner,East
10719,385,2024-03-19,Completed,Web,South
10720,2,2026-08-28,Pending,Web,North
10721,1949,2025-02-10,Completed,Mobile,East
10722,722,2025-02-02,Completed,Mobile,South
10723,2238,2024-09-10,Completed,Web,North
10724,2945,2025-05-18,Completed,Partner,North
10725,1873,2024-05-03,Completed,Partner,South
10726,2870,2025-07-23,Completed,Web,East
10727,950,2025-04-21,Cancelled,Mobile,North
10728,163,2024-03-20,Completed,Mobile,East
10729,2129,2026-07-11,Completed,Mobile,South
10730,531,2024-04-06,Completed,Mobile,West
10731,2652,2025-11-09,Completed,Partner,South
10732,2873,2024-09-01,Cancelled,Partner,South
10733,801,2024-03-11,Completed,Partner,North
10734,763,2026-04-10,Completed,Web,East
10735,1071,2026-08-16,Completed,Mobile,West
10736,1321,2025-05-05,Completed,Mobile,West
10737,1687,2024-07-18,Completed,Mobile,North
10738,2000,2024-02-22,Completed,Web,South
10739,1640,2024-05-15,Completed,Web,West
10740,2044,2024-02-10,Completed,Partner,East
10741,2767,2025-09-14,Completed,Mobile,West
10742,1968,2025-01-15,Completed,Web,North
10743,435,2025-04-03,Completed,Web,West
10744,812,2026-07-13,Completed,Partner,East
10745,2513,2024-02-11,Cancelled,Partner,South
10746,227,2026-06-01,Completed,Web,North
10747,2267,2024-10-13,Completed,Web,East
10748,2876,2024-09-14,Completed,Partner,South
10749,391,2024-03-26,Completed,Mobile,North
10750,335,2026-04-05,Completed,Mobile,North
10751,2629,2024-05-13,Completed,Mobile,West
10752,1443,2025-11-21,Pending,Mobile,South
10753,33,2025-03-01,Completed,Partner,East
10754,2287,2024-10-15,Completed,Partner,South
10755,1271,2025-07-20,Cancelled,Mobile,East
10756,386,2025-06-24,Completed,Partner,West
10757,1101,2024-04-23,Completed,Web,North
10758,2087,2026-01-05,Completed,Mobile,South
10759,1193,2026-03-28,Pending,Web,North
10760,1522,2024-07-16,Completed,Mobile,East
10761,711,2026-08-04,Completed,Mobile,East
10762,1646,2024-02-09,Completed,Web,West
10763,1553,2024-10-09,Completed,Mobile,North
10764,1194,2024-05-19,Completed,Mobile,South
10765,743,2024-12-03,Completed,Partner,South
10766,1153,2025-11-17,Completed,Web,East
10767,30,2024-06-14,Completed,Partner,South
10768,293,2025-08-20,Completed,Mobile,East
10769,732,2026-03-21,Completed,Mobile,South
10770,1601,2024-07-02,Completed,Partner,South
10771,76,2025-06-05,Completed,Partner,West
10772,1793,2025-05-24,Pending,Web,North
10773,194,2025-09-09,Pending,Web,West
10774,122,2024-03-31,Completed,Partner,West
10775,982,2026-06-04,Completed,Mobile,West
10776,2988,2024-08-08,Completed,Mobile,West
10777,2616,2025-03-22,Completed,Partner,South
10778,2244,2025-08-11,Completed,Web,West
10779,176,2025-11-30,Completed,Mobile,West
10780,915,2025-08-12,Completed,Web,East
10781,306,2024-06-04,Completed,Web,South
10782,2187,2025-09-30,Completed,Mobile,South
10783,557,2024-08-29,Completed,Mobile,North
10784,868,2025-03-26,Completed,Web,East
10785,960,2025-12-15,Completed,Web,East
10786,881,2026-03-03,Completed,Partner,South
10787,1260,2025-06-01,Pending,Mobile,West
10788,317,2025-05-02,Completed,Web,West
10789,866,2024-11-06,Completed,Partner,South
10790,1607,2026-05-28,Completed,Mobile,East
10791,2109,2026-01-21,Pending,Web,East
10792,2216,2025-01-05,Completed,Mobile,East
10793,1226,2026-03-03,Completed,Mobile,North
10794,185,2024-05-03,Completed,Mobile,North
10795,1273,2025-09-24,Completed,Mobile,North
10796,1004,2026-08-18,Completed,Web,South
10797,2530,2024-02-20,Completed,Mobile,East
10798,1676,2025-02-08,Completed,Web,West
10799,2843,2025-03-27,Completed,Partner,West
10800,775,2025-01-19,Completed,Mobile,North
10801,2584,2026-04-25,Completed,Mobile,East
10802,1933,2024-11-18,Completed,Web,South
10803,2714,2024-07-25,Completed,Web,North
10804,764,2026-07-22,Completed,Web,South
10805,1480,2024-01-17,Cancelled,Web,West
10806,1860,2024-10-30,Completed,Partner,West
10807,1606,2025-01-28,Completed,Mobile,West
10808,1082,2025-02-27,Completed,Web,South
10809,908,2025-05-23,Completed,Web,East
10810,2330,2024-03-22,Completed,Partner,East
10811,971,2024-07-18,Completed,Mobile,East
10812,1620,2026-05-25,Completed,Web,South
10813,1373,2024-11-05,Completed,Web,North
10814,2895,2025-05-29,Completed,Web,North
10815,83,2024-04-20,Completed,Web,East
10816,973,2024-01-23,Pending,Partner,West
10817,2364,2024-07-12,Cancelled,Partner,West
10818,566,2025-08-19,Completed,Mobile,East
10819,1916,2026-02-02,Cancelled,Web,East
10820,1835,2024-10-16,Completed,Mobile,West
10821,2267,2024-05-03,Cancelled,Web,East
10822,2195,2025-02-25,Completed,Mobile,East
10823,1806,2024-05-02,Completed,Web,South
10824,2866,2025-12-15,Completed,Web,South
10825,139,2026-04-08,Pending,Web,East
10826,362,2026-08-08,Completed,Web,East
10827,2037,2025-05-28,Completed,Mobile,East
10828,203,2025-02-14,Completed,Mobile,North
10829,2752,2024-03-23,Completed,Web,West
10830,1803,2024-02-23,Completed,Partner,South
10831,1892,2024-07-25,Completed,Mobile,West
10832,1796,2024-08-10,Completed,Partner,West
10833,2719,2026-03-09,Completed,Web,North
10834,2286,2025-04-22,Completed,Web,North
10835,1695,2026-04-30,Pending,Partner,South
10836,1124,2024-09-14,Completed,Web,East
10837,485,2024-09-30,Completed,Mobile,East
10838,2669,2024-08-06,Completed,Web,East
10839,1397,2024-09-17,Cancelled,Web,South
10840,2301,2026-07-06,Completed,Web,West
10841,1477,2024-11-09,Completed,Mobile,South
10842,2656,2026-05-10,Completed,Partner,North
10843,1683,2024-09-15,Completed,Partner,East
10844,2445,2026-02-21,Completed,Web,East
10845,2323,2024-02-06,Completed,Mobile,North
10846,752,2026-02-16,Completed,Partner,South
10847,815,2025-05-26,Pending,Mobile,North
10848,452,2024-07-09,Completed,Mobile,South
10849,2460,2026-01-30,Completed,Mobile,South
10850,761,2026-05-03,Completed,Web,North
10851,493,2026-02-10,Completed,Mobile,South
10852,2640,2026-05-11,Completed,Web,South
10853,1683,2026-03-20,Completed,Partner,East
10854,2848,2025-02-26,Completed,Web,South
10855,1891,2026-02-21,Completed,Mobile,East
10856,2824,2026-02-17,Completed,Partner,West
10857,15,2025-04-09,Cancelled,Mobile,West
10858,2439,2025-09-30,Cancelled,Web,North
10859,1135,2024-08-06,Completed,Web,East
10860,291,2024-12-26,Completed,Web,East
10861,2149,2024-05-15,Cancelled,Mobile,West
10862,1406,2024-04-16,Completed,Web,South
10863,292,2026-04-18,Completed,Partner,East
10864,1004,2024-02-17,Completed,Mobile,South
10865,1545,2024-11-04,Completed,Mobile,East
10866,2056,2025-10-14,Completed,Mobile,North
10867,1760,2026-08-01,Completed,Partner,West
10868,1036,2024-06-28,Completed,Partner,South
10869,2771,2025-08-07,Completed,Partner,South
10870,714,2024-06-10,Cancelled,Web,North
10871,1764,2024-10-14,Completed,Partner,East
10872,2381,2025-08-30,Completed,Web,North
10873,664,2025-05-22,Completed,Web,East
10874,1729,2026-01-06,Pending,Web,East
10875,84,2026-03-12,Completed,Mobile,East
10876,1497,2026-07-03,Completed,Web,South
10877,36,2025-04-15,Completed,Mobile,West
10878,54,2025-09-02,Completed,Web,East
10879,2766,2026-06-28,Completed,Partner,North
10880,103,2025-06-21,Pending,Web,South
10881,2988,2024-12-09,Completed,Mobile,West
10882,328,2025-12-15,Cancelled,Web,East
10883,1698,2025-01-27,Completed,Mobile,North
10884,761,2024-01-25,Completed,Mobile,North
10885,11,2024-07-21,Completed,Partner,North
10886,2801,2026-04-03,Completed,Web,East
10887,2339,2025-08-01,Completed,Web,North
10888,1400,2024-04-08,Completed,Web,East
10889,1006,2026-01-29,Completed,Mobile,South
10890,2774,2024-01-14,Completed,Partner,East
10891,562,2024-05-23,Completed,Web,North
10892,2626,2024-12-10,Completed,Partner,South
10893,652,2025-12-23,Completed,Web,East
10894,2151,2025-03-01,Completed,Partner,West
10895,150,2024-05-06,Completed,Mobile,North
10896,2001,2024-08-09,Completed,Partner,North
10897,1929,2025-04-16,Completed,Web,South
10898,2042,2024-12-19,Completed,Partner,South
10899,1050,2026-06-20,Completed,Web,North
10900,2830,2026-01-07,Completed,Web,South
10901,639,2024-07-12,Completed,Mobile,South
10902,1858,2025-07-29,Completed,Partner,West
10903,1698,2026-03-06,Cancelled,Mobile,North
10904,475,2025-02-01,Completed,Mobile,West
10905,1138,2025-12-11,Completed,Partner,North
10906,416,2024-08-19,Completed,Mobile,South
10907,1742,2025-05-08,Completed,Web,West
10908,1155,2024-04-09,Completed,Mobile,South
10909,1123,2024-01-08,Completed,Mobile,East
10910,1795,2025-03-19,Completed,Web,East
10911,1329,2025-03-30,Completed,Mobile,South
10912,1376,2025-07-26,Completed,Web,East
10913,2288,2025-07-29,Completed,Mobile,North
10914,1307,2024-12-02,Completed,Partner,North
10915,1727,2024-01-23,Completed,Partner,West
10916,1021,2024-12-16,Completed,Web,North
10917,1175,2025-11-28,Completed,Mobile,South
10918,2615,2025-09-21,Completed,Mobile,North
10919,561,2024-04-24,Completed,Partner,East
10920,857,2025-10-26,Completed,Web,North
10921,1796,2026-08-18,Completed,Mobile,West
10922,1370,2026-04-09,Completed,Web,North
10923,1344,2025-07-10,Completed,Mobile,North
10924,703,2024-05-21,Completed,Partner,South
10925,1962,2025-12-17,Completed,Web,West
10926,2683,2025-06-28,Completed,Web,North
10927,884,2024-06-11,Completed,Mobile,East
10928,165,2026-02-09,Completed,Partner,East
10929,2370,2025-09-21,Completed,Partner,West
10930,1884,2025-09-20,Cancelled,Mobile,North
10931,1661,2025-09-18,Completed,Mobile,West
10932,2518,2024-05-10,Completed,Partner,South
10933,1721,2024-06-09,Completed,Partner,South
10934,2733,2024-11-24,Completed,Partner,East
10935,1695,2025-12-22,Completed,Partner,South
10936,826,2025-08-22,Completed,Mobile,South
10937,287,2026-07-31,Completed,Web,East
10938,1731,2024-03-20,Completed,Web,East
10939,989,2025-10-26,Pending,Mobile,East
10940,1206,2024-07-30,Completed,Partner,South
10941,627,2025-06-08,Completed,Web,West
10942,230,2025-09-05,Completed,Mobile,North
10943,1555,2024-03-13,Completed,Partner,West
10944,1989,2024-05-09,Completed,Mobile,West
10945,1419,2025-07-24,Completed,Mobile,North
10946,95,2025-08-20,Completed,Partner,West
10947,1365,2026-04-12,Completed,Mobile,East
10948,582,2024-01-06,Completed,Mobile,East
10949,521,2024-05-09,Completed,Mobile,East
10950,2228,2025-04-13,Completed,Partner,North
10951,2964,2025-05-08,Completed,Partner,West
10952,1661,2026-08-21,Completed,Mobile,West
10953,2992,2025-09-14,Pending,Web,East
10954,2051,2024-10-09,Completed,Mobile,South
10955,1270,2026-05-18,Completed,Mobile,South
10956,2627,2025-03-14,Cancelled,Mobile,North
10957,114,2024-04-23,Completed,Mobile,West
10958,1025,2025-11-14,Completed,Mobile,South
10959,2247,2024-12-31,Completed,Web,South
10960,775,2025-04-29,Completed,Partner,North
10961,493,2024-04-19,Completed,Mobile,South
10962,2980,2026-01-20,Completed,Web,West
10963,1191,2025-04-21,Completed,Web,East
10964,861,2024-08-08,Completed,Web,West
10965,2950,2025-12-17,Pending,Web,South
10966,2860,2024-03-05,Cancelled,Partner,North
10967,126,2025-04-12,Completed,Partner,South
10968,1143,2025-01-02,Completed,Partner,East
10969,498,2024-05-28,Completed,Mobile,North
10970,874,2026-05-18,Completed,Mobile,East
10971,255,2025-04-16,Pending,Partner,East
10972,1975,2024-09-20,Cancelled,Mobile,North
10973,1774,2025-03-31,Cancelled,Web,South
10974,684,2024-11-11,Completed,Mobile,East
10975,1886,2025-02-02,Completed,Partner,East
10976,1896,2025-12-15,Completed,Web,West
10977,2337,2024-12-29,Completed,Web,South
10978,2759,2024-12-17,Cancelled,Partner,South
10979,2987,2024-10-25,Cancelled,Web,South
10980,1351,2026-08-10,Completed,Web,West
10981,2595,2026-01-10,Completed,Web,North
10982,2869,2025-12-28,Completed,Mobile,North
10983,442,2026-03-11,Completed,Mobile,North
10984,2516,2024-10-27,Completed,Partner,South
10985,2494,2024-05-03,Completed,Partner,East
10986,1711,2024-04-15,Cancelled,Web,South
10987,1926,2026-03-22,Completed,Partner,South
10988,1238,2024-09-20,Cancelled,Partner,South
10989,1537,2024-05-05,Completed,Web,North
10990,1412,2024-06-29,Completed,Mobile,North
10991,1040,2024-12-27,Pending,Mobile,East
10992,1120,2025-12-22,Completed,Web,North
10993,1794,2025-04-23,Completed,Partner,East
10994,191,2024-10-13,Completed,Partner,South
10995,1855,2024-07-20,Cancelled,Web,South
10996,562,2024-03-14,Completed,Web,North
10997,708,2025-05-16,Completed,Mobile,North
10998,162,2024-07-12,Completed,Web,West
10999,618,2026-02-04,Completed,Web,North
11000,2722,2024-02-01,Completed,Mobile,South
11001,2669,2025-01-30,Completed,Web,East
11002,1624,2024-02-05,Completed,Mobile,North
11003,1995,2024-12-14,Completed,Web,West
11004,372,2026-04-28,Completed,Web,West
11005,1935,2025-01-27,Completed,Mobile,West
11006,1343,2025-06-29,Completed,Web,North
11007,931,2024-04-21,Completed,Web,East
11008,1171,2026-04-10,Completed,Partner,South
11009,562,2025-12-22,Cancelled,Partner,North
11010,2919,2025-02-26,Cancelled,Partner,North
11011,179,2024-10-25,Completed,Web,West
11012,1414,2025-04-10,Pending,Partner,North
11013,1685,2026-05-22,Completed,Partner,West
11014,816,2024-03-04,Completed,Partner,South
11015,821,2024-04-05,Completed,Mobile,North
11016,411,2024-01-31,Completed,Mobile,East
11017,2640,2024-07-14,Completed,Web,South
11018,728,2024-06-10,Completed,Web,West
11019,1325,2025-02-01,Completed,Partner,West
11020,231,2025-05-24,Completed,Web,South
11021,2042,2025-10-14,Completed,Mobile,South
11022,70,2025-02-09,Completed,Web,West
11023,876,2025-04-12,Cancelled,Web,East
11024,218,2026-01-12,Completed,Partner,North
11025,1256,2024-04-27,Completed,Web,West
11026,1384,2024-05-06,Completed,Partner,North
11027,1547,2024-05-02,Completed,Partner,East
11028,1696,2025-11-28,Completed,Partner,North
11029,1133,2026-03-10,Completed,Partner,West
11030,1060,2024-04-03,Completed,Mobile,North
11031,2054,2026-05-19,Completed,Mobile,East
11032,281,2024-04-11,Completed,Web,East
11033,2981,2025-06-21,Completed,Partner,South
11034,1275,2024-09-16,Completed,Partner,North
11035,871,2024-06-27,Completed,Web,East
11036,2045,2025-01-23,Completed,Partner,West
11037,2610,2026-08-09,Completed,Partner,North
11038,1577,2026-06-27,Completed,Mobile,East
11039,1037,2026-08-13,Completed,Mobile,South
11040,826,2025-05-04,Completed,Web,South
11041,1355,2025-11-25,Completed,Partner,North
11042,2677,2026-04-05,Completed,Web,West
11043,858,2024-06-14,Completed,Partner,West
11044,1664,2025-02-08,Cancelled,Mobile,East
11045,2566,2024-02-20,Completed,Web,South
11046,638,2024-05-21,Completed,Web,South
11047,780,2024-02-08,Completed,Mobile,North
11048,2982,2025-11-01,Completed,Mobile,East
11049,1761,2026-06-24,Completed,Mobile,North
11050,496,2026-06-08,Cancelled,Web,North
11051,1291,2024-01-01,Completed,Partner,North
11052,2508,2026-01-02,Completed,Mobile,West
11053,2572,2026-06-15,Completed,Web,West
11054,2920,2024-12-11,Completed,Web,East
11055,1618,2024-02-06,Completed,Partner,North
11056,1195,2026-04-20,Completed,Mobile,South
11057,2673,2024-06-16,Completed,Web,North
11058,1442,2025-09-08,Pending,Partner,East
11059,275,2024-03-19,Completed,Partner,West
11060,2193,2025-01-23,Pending,Web,North
11061,1568,2024-06-20,Completed,Mobile,East
11062,683,2025-11-12,Completed,Partner,South
11063,2331,2024-10-30,Pending,Partner,West
11064,2208,2026-03-21,Completed,Partner,East
11065,1206,2024-08-03,Pending,Mobile,South
11066,847,2025-09-02,Completed,Web,West
11067,1654,2025-07-01,Completed,Partner,West
11068,2132,2026-08-04,Completed,Web,East
11069,2211,2026-01-15,Completed,Partner,South
11070,708,2026-07-30,Completed,Mobile,North
11071,130,2026-06-30,Completed,Partner,West
11072,1389,2024-09-12,Completed,Web,South
11073,2712,2024-11-07,Completed,Web,South
11074,748,2024-02-23,Completed,Mobile,West
11075,409,2024-06-03,Completed,Mobile,East
11076,1359,2024-03-26,Pending,Mobile,West
11077,2513,2024-06-11,Completed,Web,South
11078,264,2026-07-21,Completed,Partner,West
11079,1718,2026-07-03,Completed,Mobile,North
11080,2884,2024-03-27,Completed,Partner,South
11081,1000,2026-01-19,Completed,Web,North
11082,1040,2024-09-21,Completed,Partner,East
11083,1450,2025-12-03,Completed,Partner,North
11084,1420,2026-01-09,Completed,Partner,West
11085,935,2026-03-18,Completed,Web,West
11086,1025,2026-04-10,Completed,Web,South
11087,2180,2025-12-09,Completed,Web,North
11088,55,2026-01-16,Completed,Web,South
11089,2879,2026-04-17,Completed,Web,South
11090,1886,2025-10-07,Completed,Mobile,East
11091,1118,2024-10-14,Completed,Web,North
11092,439,2026-07-06,Completed,Web,North
11093,2216,2024-11-09,Completed,Partner,East
11094,1445,2025-11-18,Completed,Web,North
11095,2852,2024-12-03,Completed,Partner,East
11096,2647,2026-02-19,Completed,Partner,North
11097,1158,2025-07-11,Completed,Web,West
11098,1736,2026-05-18,Completed,Mobile,South
11099,942,2026-04-29,Completed,Partner,South
11100,1126,2025-01-02,Completed,Partner,West
11101,804,2026-02-05,Cancelled,Web,South
11102,1323,2026-06-29,Completed,Web,West
11103,1096,2026-04-19,Completed,Web,East
11104,511,2024-02-01,Completed,Web,West
11105,1126,2025-04-11,Completed,Web,West
11106,570,2025-03-14,Completed,Partner,West
11107,2002,2024-02-08,Completed,Mobile,North
11108,1965,2024-05-06,Completed,Partner,North
11109,2665,2026-03-24,Completed,Web,South
11110,151,2024-01-03,Completed,Partner,East
11111,817,2024-04-18,Completed,Web,West
11112,2050,2026-04-18,Completed,Partner,South
11113,1321,2025-01-25,Completed,Partner,West
11114,1398,2025-01-17,Cancelled,Mobile,East
11115,1255,2024-04-06,Completed,Mobile,North
11116,1390,2025-08-20,Completed,Partner,East
11117,2824,2026-05-13,Completed,Mobile,West
11118,872,2025-09-29,Completed,Partner,West
11119,2570,2024-03-22,Completed,Partner,North
11120,2591,2025-04-25,Completed,Mobile,North
11121,901,2024-01-28,Pending,Web,North
11122,1092,2024-06-23,Completed,Partner,West
11123,2567,2025-09-18,Completed,Partner,South
11124,2181,2024-05-20,Cancelled,Mobile,East
11125,1303,2024-03-05,Completed,Mobile,West
11126,105,2024-09-22,Completed,Mobile,South
11127,2262,2025-06-20,Completed,Mobile,West
11128,1217,2026-05-17,Completed,Mobile,North
11129,2831,2025-06-18,Completed,Mobile,East
11130,2691,2025-07-07,Completed,Mobile,North
11131,2466,2026-04-15,Completed,Web,East
11132,1935,2026-03-09,Completed,Partner,West
11133,590,2025-02-19,Completed,Partner,East
11134,2888,2025-01-31,Completed,Partner,North
11135,979,2025-10-16,Completed,Mobile,East
11136,1112,2025-04-09,Completed,Web,North
11137,1137,2024-05-26,Cancelled,Partner,East
11138,582,2026-08-13,Completed,Web,East
11139,510,2025-08-20,Completed,Partner,South
11140,797,2026-01-25,Completed,Partner,East
11141,75,2026-03-25,Completed,Mobile,South
11142,1909,2025-02-05,Completed,Mobile,East
11143,783,2025-03-19,Completed,Partner,North
11144,448,2025-11-28,Completed,Mobile,North
11145,2606,2024-12-22,Completed,Partner,East
11146,1941,2024-06-06,Completed,Web,East
11147,363,2024-06-01,Completed,Partner,East
11148,1562,2026-05-15,Completed,Mobile,South
11149,245,2026-03-16,Completed,Mobile,North
11150,2758,2025-12-06,Cancelled,Web,West
11151,1637,2026-01-18,Completed,Web,North
11152,1004,2024-09-26,Completed,Partner,South
11153,1308,2024-02-21,Cancelled,Mobile,South
11154,2351,2024-08-19,Completed,Mobile,North
11155,2301,2025-10-21,Completed,Partner,West
11156,2482,2025-10-18,Completed,Mobile,East
11157,83,2024-12-17,Completed,Mobile,East
11158,1077,2025-11-11,Completed,Mobile,South
11159,1025,2025-03-11,Completed,Web,South
11160,293,2025-06-29,Completed,Partner,East
11161,1320,2026-06-09,Completed,Web,South
11162,1778,2024-09-20,Completed,Web,East
11163,950,2024-04-01,Cancelled,Web,North
11164,619,2024-08-27,Completed,Web,East
11165,1471,2025-07-23,Completed,Partner,North
11166,2065,2026-07-14,Completed,Partner,West
11167,1911,2026-02-10,Completed,Web,North
11168,2864,2024-12-03,Cancelled,Mobile,South
11169,1172,2025-06-03,Completed,Web,West
11170,2992,2024-05-10,Completed,Web,East
11171,1550,2025-09-25,Completed,Web,West
11172,654,2025-09-11,Completed,Partner,West
11173,1912,2026-05-10,Completed,Mobile,North
11174,2900,2024-04-17,Cancelled,Web,North
11175,2347,2026-07-25,Completed,Web,South
11176,2867,2025-12-12,Completed,Mobile,East
11177,367,2026-03-27,Completed,Web,South
11178,390,2024-03-30,Completed,Mobile,East
11179,2563,2025-03-10,Completed,Mobile,West
11180,1339,2024-01-01,Completed,Mobile,North
11181,2708,2025-02-20,Completed,Web,South
11182,1991,2026-07-02,Completed,Web,South
11183,501,2024-07-28,Completed,Web,West
11184,1506,2025-10-08,Completed,Partner,North
11185,1153,2025-11-26,Completed,Mobile,East
11186,1058,2025-12-09,Completed,Partner,North
11187,2979,2025-03-30,Completed,Partner,West
11188,1191,2025-08-31,Cancelled,Web,East
11189,162,2024-03-16,Cancelled,Mobile,West
11190,2742,2025-09-20,Completed,Mobile,West
11191,347,2025-02-06,Completed,Partner,South
11192,1689,2024-12-29,Completed,Mobile,East
11193,165,2024-06-25,Completed,Web,East
11194,2650,2024-03-07,Cancelled,Partner,North
11195,1699,2026-06-24,Cancelled,Web,West
11196,2720,2024-08-19,Cancelled,Mobile,East
11197,1883,2026-03-01,Completed,Partner,West
11198,2624,2026-07-20,Completed,Mobile,East
11199,79,2024-05-17,Completed,Partner,West
11200,2773,2026-07-03,Completed,Partner,West
11201,2124,2025-04-11,Completed,Mobile,East
11202,2085,2025-11-20,Pending,Partner,West
11203,1351,2026-05-31,Completed,Mobile,West
11204,1289,2026-04-12,Cancelled,Mobile,South
11205,2097,2026-05-26,Cancelled,Mobile,North
11206,1977,2025-10-05,Completed,Mobile,East
11207,1687,2026-03-05,Cancelled,Partner,North
11208,2704,2024-03-03,Cancelled,Partner,North
11209,2428,2026-01-30,Completed,Mobile,South
11210,1923,2025-01-06,Completed,Mobile,South
11211,902,2026-05-27,Completed,Partner,East
11212,949,2025-07-08,Cancelled,Mobile,North
11213,1682,2024-06-05,Completed,Web,West
11214,945,2025-07-24,Completed,Partner,North
11215,1231,2026-05-27,Completed,Web,South
11216,2967,2025-05-01,Completed,Web,North
11217,1018,2026-08-22,Completed,Mobile,East
11218,2226,2026-08-02,Completed,Web,East
11219,1305,2025-07-16,Completed,Web,East
11220,808,2024-11-27,Completed,Mobile,North
11221,119,2026-05-28,Completed,Mobile,East
11222,2499,2025-06-12,Completed,Web,West
11223,1109,2025-08-03,Completed,Partner,South
11224,1056,2024-01-19,Completed,Web,North
11225,130,2025-03-27,Completed,Partner,West
11226,2982,2026-07-08,Completed,Mobile,East
11227,2437,2026-02-22,Completed,Partner,North
11228,2508,2026-06-29,Completed,Partner,West
11229,2528,2026-04-19,Completed,Partner,East
11230,2562,2024-12-29,Completed,Web,West
11231,991,2025-05-24,Completed,Partner,East
11232,1985,2024-07-24,Completed,Partner,West
11233,2328,2025-10-31,Completed,Web,North
11234,188,2025-09-27,Completed,Web,South
11235,2363,2026-03-27,Completed,Partner,South
11236,2710,2024-11-09,Completed,Web,South
11237,1278,2026-04-01,Completed,Partner,North
11238,1672,2026-03-27,Completed,Mobile,West
11239,1305,2025-05-08,Completed,Mobile,East
11240,986,2026-04-26,Completed,Partner,North
11241,2949,2025-06-14,Completed,Mobile,West
11242,2172,2025-05-31,Completed,Mobile,South
11243,1402,2025-03-16,Completed,Web,East
11244,406,2024-12-28,Completed,Partner,North
11245,164,2024-08-17,Completed,Partner,South
11246,2504,2024-05-24,Completed,Partner,East
11247,1240,2024-09-10,Completed,Web,East
11248,2577,2025-10-05,Completed,Web,West
11249,2841,2024-02-07,Completed,Partner,East
11250,1384,2024-01-10,Completed,Partner,North
11251,1376,2024-02-18,Completed,Partner,East
11252,132,2024-08-10,Completed,Partner,North
11253,1060,2025-09-21,Cancelled,Partner,North
11254,1382,2024-10-08,Completed,Web,South
11255,2991,2026-05-10,Completed,Web,West
11256,2709,2025-09-27,Completed,Mobile,West
11257,989,2024-05-28,Completed,Mobile,East
11258,1626,2024-03-13,Completed,Partner,South
11259,1846,2024-11-13,Completed,Mobile,East
11260,1078,2024-09-05,Completed,Web,South
11261,2932,2025-05-26,Completed,Partner,North
11262,2926,2024-12-12,Completed,Partner,West
11263,242,2025-06-17,Completed,Partner,East
11264,45,2026-08-01,Completed,Mobile,North
11265,2841,2026-02-21,Completed,Partner,East
11266,598,2026-04-10,Cancelled,Partner,West
11267,89,2025-02-13,Completed,Partner,East
11268,2067,2025-09-13,Completed,Mobile,East
11269,373,2025-06-11,Completed,Partner,West
11270,1040,2026-06-01,Completed,Web,East
11271,290,2025-05-15,Completed,Partner,South
11272,2459,2024-10-17,Completed,Web,West
11273,719,2025-01-12,Completed,Web,East
11274,2035,2025-04-04,Completed,Partner,South
11275,1322,2024-06-14,Completed,Web,West
11276,1820,2024-11-03,Completed,Partner,East
11277,287,2026-05-13,Completed,Web,East
11278,521,2024-11-27,Completed,Mobile,East
11279,2292,2024-11-06,Completed,Web,East
11280,2767,2025-09-26,Completed,Web,West
11281,937,2024-12-21,Completed,Mobile,North
11282,2464,2024-10-19,Completed,Web,East
11283,195,2026-01-08,Completed,Web,West
11284,1652,2026-08-13,Completed,Web,South
11285,2466,2025-06-20,Completed,Web,East
11286,2321,2025-07-21,Pending,Mobile,West
11287,1718,2025-03-24,Pending,Web,North
11288,1926,2025-05-11,Completed,Partner,South
11289,718,2026-04-23,Completed,Web,West
11290,2901,2024-05-22,Completed,Web,North
11291,1453,2026-05-01,Completed,Mobile,West
11292,2134,2025-12-28,Completed,Partner,North
11293,109,2026-07-01,Completed,Mobile,West
11294,1167,2026-01-11,Completed,Mobile,North
11295,2027,2025-12-05,Pending,Web,West
11296,2504,2025-05-04,Completed,Mobile,East
11297,567,2025-03-26,Pending,Web,South
11298,448,2025-04-03,Completed,Web,North
11299,2198,2025-10-01,Completed,Web,North
11300,2183,2024-08-13,Pending,Mobile,South
11301,2323,2025-02-12,Completed,Web,North
11302,1227,2024-07-23,Completed,Partner,West
11303,2330,2025-05-18,Pending,Partner,East
11304,2257,2026-08-22,Completed,Mobile,North
11305,2769,2024-03-28,Completed,Mobile,West
11306,1428,2024-12-30,Completed,Partner,North
11307,993,2025-04-24,Pending,Mobile,East
11308,1294,2024-02-15,Pending,Partner,East
11309,2706,2026-08-19,Completed,Mobile,North
11310,2238,2025-01-15,Completed,Partner,North
11311,2256,2025-06-02,Completed,Mobile,South
11312,2113,2025-08-27,Completed,Partner,South
11313,99,2025-02-17,Completed,Mobile,South
11314,192,2024-11-13,Completed,Mobile,South
11315,2583,2025-03-06,Completed,Mobile,South
11316,458,2025-06-18,Completed,Mobile,East
11317,2233,2025-01-20,Completed,Mobile,East
11318,2363,2026-05-18,Completed,Partner,South
11319,2419,2025-02-17,Completed,Mobile,North
11320,2733,2024-06-25,Completed,Mobile,East
11321,140,2025-08-21,Completed,Mobile,West
11322,1894,2025-04-30,Completed,Partner,East
11323,1252,2025-08-04,Completed,Mobile,South
11324,560,2026-03-18,Completed,Web,North
11325,1396,2024-12-06,Cancelled,Web,North
11326,2034,2024-11-03,Completed,Partner,North
11327,644,2024-08-12,Cancelled,Partner,East
11328,2884,2025-05-21,Completed,Partner,South
11329,2926,2026-01-22,Completed,Web,West
11330,263,2025-06-12,Completed,Web,South
11331,1634,2024-03-07,Completed,Partner,South
11332,1727,2025-05-02,Completed,Partner,West
11333,1498,2024-08-25,Completed,Partner,South
11334,2360,2024-09-29,Pending,Web,West
11335,2740,2024-06-04,Completed,Partner,East
11336,481,2024-04-23,Completed,Mobile,West
11337,499,2025-05-15,Completed,Web,West
11338,1172,2026-07-21,Completed,Web,West
11339,2592,2025-05-04,Completed,Mobile,West
11340,1672,2024-12-05,Completed,Mobile,West
11341,70,2025-09-30,Completed,Partner,West
11342,2280,2025-03-23,Completed,Partner,East
11343,2174,2026-01-15,Completed,Web,East
11344,516,2026-03-20,Pending,Web,East
11345,734,2025-06-06,Completed,Mobile,South
11346,1,2024-04-14,Completed,Web,South
11347,918,2025-08-29,Cancelled,Mobile,South
11348,2814,2025-02-13,Completed,Partner,South
11349,2597,2025-04-05,Completed,Partner,South
11350,2273,2026-08-09,Completed,Web,South
11351,1339,2024-03-07,Completed,Partner,North
11352,860,2024-10-22,Completed,Partner,East
11353,1322,2026-06-15,Completed,Mobile,West
11354,12,2024-06-05,Cancelled,Web,West
11355,1468,2024-08-01,Completed,Mobile,South
11356,2806,2024-10-15,Completed,Partner,South
11357,597,2025-06-30,Completed,Partner,West
11358,1960,2026-03-04,Completed,Partner,East
11359,731,2025-12-06,Completed,Web,North
11360,1480,2024-08-23,Completed,Partner,West
11361,1211,2024-04-12,Completed,Mobile,North
11362,1603,2025-03-10,Completed,Partner,East
11363,530,2025-09-01,Completed,Web,East
11364,1785,2024-08-18,Completed,Web,North
11365,1967,2024-10-23,Completed,Web,North
11366,1159,2026-02-15,Cancelled,Mobile,North
11367,1634,2025-08-12,Completed,Web,South
11368,2615,2025-08-20,Completed,Mobile,North
11369,2823,2024-04-25,Completed,Mobile,West
11370,1993,2026-07-08,Completed,Mobile,South
11371,1327,2025-01-22,Completed,Mobile,North
11372,1239,2025-10-04,Completed,Partner,North
11373,2838,2026-04-08,Completed,Mobile,South
11374,1306,2024-12-18,Completed,Partner,South
11375,425,2024-12-20,Completed,Mobile,South
11376,1983,2024-07-27,Completed,Partner,South
11377,1452,2024-08-24,Completed,Mobile,West
11378,2079,2024-07-15,Completed,Mobile,East
11379,445,2025-11-01,Completed,Mobile,West
11380,2293,2024-02-29,Completed,Mobile,North
11381,698,2024-02-16,Completed,Mobile,East
11382,1355,2026-08-27,Completed,Web,North
11383,2226,2025-06-16,Completed,Mobile,East
11384,909,2025-12-20,Completed,Web,South
11385,2382,2026-01-06,Completed,Mobile,North
11386,1353,2025-04-27,Completed,Partner,South
11387,2235,2025-12-25,Cancelled,Mobile,East
11388,29,2026-03-10,Completed,Partner,West
11389,2583,2024-10-18,Completed,Partner,South
11390,1209,2024-10-01,Completed,Partner,West
11391,2702,2024-11-09,Completed,Web,North
11392,790,2024-02-14,Completed,Web,East
11393,280,2025-03-29,Pending,Web,North
11394,1395,2024-04-09,Completed,Mobile,South
11395,1554,2026-02-11,Completed,Mobile,East
11396,2488,2026-06-23,Completed,Partner,West
11397,1338,2026-01-06,Completed,Partner,West
11398,213,2025-01-14,Completed,Web,West
11399,741,2024-01-30,Completed,Web,West
11400,1310,2026-04-14,Pending,Partner,North
11401,2342,2024-09-21,Completed,Web,South
11402,2310,2025-02-02,Completed,Web,West
11403,2088,2024-09-18,Completed,Web,South
11404,1000,2025-04-20,Completed,Partner,North
11405,1385,2024-01-30,Completed,Partner,North
11406,91,2024-01-24,Completed,Partner,West
11407,2880,2025-03-15,Pending,Web,South
11408,803,2025-11-18,Completed,Web,South
11409,725,2024-09-06,Pending,Mobile,North
11410,99,2025-03-08,Completed,Mobile,South
11411,1866,2024-01-02,Completed,Mobile,South
11412,2039,2025-05-16,Cancelled,Partner,South
11413,2523,2024-03-06,Pending,Web,North
11414,160,2025-06-12,Completed,Mobile,West
11415,2594,2025-02-14,Completed,Partner,North
11416,184,2024-10-15,Completed,Mobile,North
11417,1003,2026-04-19,Completed,Mobile,West
11418,461,2025-10-10,Pending,Mobile,West
11419,1390,2024-06-05,Completed,Mobile,East
11420,2748,2024-12-26,Completed,Partner,North
11421,1755,2025-09-05,Completed,Partner,West
11422,2414,2025-05-25,Pending,Partner,West
11423,2186,2025-07-31,Completed,Web,East
11424,2735,2024-02-15,Completed,Web,West
11425,1365,2024-08-23,Completed,Mobile,East
11426,499,2025-11-08,Cancelled,Partner,West
11427,2874,2025-10-14,Completed,Mobile,East
11428,2080,2025-03-11,Cancelled,Mobile,South
11429,516,2025-08-21,Completed,Partner,East
11430,2755,2025-05-31,Completed,Web,East
11431,2141,2025-12-06,Completed,Mobile,South
11432,1758,2024-05-18,Completed,Web,East
11433,1221,2025-10-17,Completed,Mobile,West
11434,28,2026-05-13,Completed,Mobile,East
11435,557,2026-03-25,Completed,Mobile,North
11436,1526,2026-04-24,Completed,Partner,North
11437,1957,2026-05-17,Completed,Web,North
11438,2600,2025-06-05,Completed,Web,West
11439,2647,2024-04-27,Pending,Web,North
11440,847,2025-05-17,Completed,Mobile,West
11441,64,2024-07-27,Completed,Web,South
11442,425,2024-12-25,Completed,Web,South
11443,1443,2026-01-09,Completed,Web,South
11444,381,2025-05-24,Completed,Mobile,West
11445,974,2026-08-13,Pending,Partner,North
11446,2203,2026-06-27,Completed,Mobile,East
11447,2879,2025-12-15,Completed,Web,South
11448,118,2024-09-25,Completed,Partner,East
11449,701,2024-04-10,Pending,Web,West
11450,2041,2025-09-02,Completed,Partner,West
11451,2359,2024-01-28,Completed,Web,South
11452,752,2026-07-08,Completed,Web,South
11453,2470,2025-04-22,Completed,Web,North
11454,1430,2025-03-07,Completed,Web,East
11455,419,2024-05-16,Completed,Web,West
11456,889,2026-05-25,Completed,Web,West
11457,2816,2024-04-29,Cancelled,Web,South
11458,239,2024-12-04,Completed,Mobile,South
11459,532,2025-11-04,Completed,Partner,West
11460,1951,2024-08-29,Completed,Web,North
11461,2068,2026-08-02,Completed,Partner,North
11462,2233,2026-03-01,Pending,Mobile,East
11463,2010,2025-03-16,Completed,Mobile,West
11464,226,2025-09-26,Completed,Mobile,East
11465,994,2024-07-26,Completed,Partner,North
11466,2473,2026-01-06,Completed,Partner,North
11467,2491,2025-11-21,Completed,Web,East
11468,436,2025-04-03,Completed,Partner,North
11469,2991,2025-01-20,Completed,Partner,West
11470,483,2024-08-10,Completed,Web,North
11471,1063,2024-03-25,Completed,Web,North
11472,2556,2026-06-27,Completed,Partner,West
11473,595,2025-05-15,Completed,Mobile,East
11474,104,2024-11-05,Completed,Mobile,South
11475,1734,2025-06-26,Completed,Web,West
11476,442,2024-11-11,Completed,Web,North
11477,8,2026-05-17,Cancelled,Partner,North
11478,79,2025-09-25,Cancelled,Mobile,West
11479,875,2026-02-01,Completed,Mobile,South
11480,1062,2025-08-01,Completed,Web,East
11481,1060,2024-11-02,Completed,Mobile,North
11482,846,2026-02-11,Completed,Mobile,West
11483,1452,2025-08-07,Pending,Mobile,West
11484,2335,2026-01-17,Completed,Mobile,South
11485,41,2024-06-04,Completed,Web,East
11486,2506,2026-04-07,Completed,Mobile,North
11487,693,2025-09-22,Completed,Web,East
11488,2448,2026-01-13,Completed,Web,West
11489,286,2025-11-22,Completed,Mobile,East
11490,2979,2024-06-15,Completed,Web,West
11491,1650,2024-08-26,Completed,Partner,South
11492,715,2025-12-01,Completed,Web,West
11493,1479,2024-07-12,Completed,Web,East
11494,20,2025-07-16,Cancelled,Partner,East
11495,1425,2025-09-16,Completed,Web,South
11496,2716,2025-05-06,Completed,Mobile,West
11497,1780,2024-09-20,Completed,Partner,South
11498,2732,2026-06-05,Completed,Partner,East
11499,2038,2024-01-13,Completed,Web,East
11500,293,2026-05-04,Completed,Web,East
11501,2621,2024-04-18,Completed,Mobile,North
11502,440,2024-06-16,Completed,Web,East
11503,241,2025-12-14,Completed,Mobile,South
11504,2953,2026-01-05,Completed,Web,North
11505,2401,2024-07-29,Completed,Web,East
11506,457,2025-08-10,Completed,Web,South
11507,2338,2024-01-07,Cancelled,Mobile,North
11508,2670,2024-02-10,Cancelled,Web,South
11509,733,2025-08-04,Completed,Web,South
11510,1980,2025-04-01,Pending,Mobile,South
11511,1776,2026-05-28,Completed,Web,West
11512,2855,2024-12-09,Completed,Web,East
11513,2030,2025-02-18,Completed,Web,South
11514,1033,2026-06-21,Completed,Web,East
11515,1876,2025-05-19,Pending,Mobile,West
11516,1983,2025-12-10,Completed,Web,South
11517,2721,2026-07-04,Cancelled,Web,East
11518,31,2026-05-12,Cancelled,Mobile,West
11519,1633,2026-03-04,Completed,Mobile,East
11520,2250,2026-01-27,Cancelled,Web,West
11521,899,2026-03-15,Completed,Mobile,West
11522,242,2024-04-17,Completed,Mobile,East
11523,1716,2025-02-07,Completed,Partner,South
11524,968,2025-03-09,Completed,Partner,East
11525,1453,2024-06-12,Completed,Partner,West
11526,317,2025-10-16,Completed,Mobile,West
11527,182,2026-06-19,Completed,Web,West
11528,1086,2025-08-11,Completed,Partner,North
11529,2681,2026-03-19,Completed,Mobile,North
11530,2621,2024-03-04,Pending,Web,North
11531,2793,2025-02-01,Completed,Partner,North
11532,413,2024-10-29,Completed,Partner,North
11533,926,2026-03-14,Completed,Web,South
11534,2892,2026-05-23,Completed,Partner,East
11535,460,2025-08-27,Cancelled,Mobile,South
11536,29,2025-08-29,Completed,Web,West
11537,2851,2024-06-02,Pending,Partner,South
11538,909,2026-02-14,Completed,Web,South
11539,923,2026-02-06,Completed,Web,North
11540,168,2025-07-27,Completed,Partner,South
11541,1266,2026-07-18,Completed,Mobile,East
11542,2134,2026-05-10,Completed,Web,North
11543,1279,2024-08-03,Completed,Mobile,North
11544,2056,2024-01-20,Completed,Mobile,North
11545,983,2025-03-19,Completed,Partner,East
11546,1890,2024-09-05,Cancelled,Web,East
11547,637,2024-01-07,Completed,Mobile,North
11548,2006,2025-12-21,Completed,Mobile,South
11549,2571,2025-12-17,Completed,Web,South
11550,384,2026-07-31,Completed,Partner,South
11551,2105,2024-08-15,Completed,Partner,North
11552,2375,2025-03-18,Completed,Web,South
11553,581,2025-03-31,Completed,Mobile,South
11554,563,2026-05-03,Completed,Web,North
11555,1118,2025-02-07,Completed,Partner,North
11556,1031,2026-07-07,Completed,Web,West
11557,2467,2024-11-13,Cancelled,Web,North
11558,2735,2025-05-19,Completed,Web,West
11559,2501,2025-10-17,Completed,Mobile,South
11560,2109,2025-01-11,Completed,Partner,East
11561,963,2025-12-12,Completed,Web,East
11562,1062,2024-04-03,Completed,Web,East
11563,1862,2025-05-06,Completed,Web,West
11564,2432,2025-12-25,Completed,Partner,South
11565,426,2024-05-27,Completed,Partner,East
11566,85,2026-06-26,Completed,Mobile,West
11567,1913,2024-10-12,Completed,Web,West
11568,2700,2025-04-08,Completed,Partner,West
11569,796,2024-12-11,Completed,Mobile,West
11570,887,2025-04-09,Completed,Mobile,South
11571,2990,2025-04-04,Completed,Web,North
11572,75,2026-01-29,Completed,Partner,South
11573,832,2025-04-03,Completed,Web,South
11574,1831,2025-10-10,Completed,Mobile,North
11575,2930,2025-12-25,Completed,Partner,East
11576,445,2026-04-15,Completed,Mobile,West
11577,2107,2024-12-08,Completed,Partner,West
11578,1928,2026-02-09,Completed,Mobile,South
11579,2910,2024-01-26,Completed,Web,North
11580,2924,2025-08-04,Completed,Web,West
11581,914,2026-06-06,Cancelled,Web,West
11582,1240,2024-07-15,Pending,Web,East
11583,1856,2024-05-21,Completed,Web,West
11584,2108,2024-04-15,Pending,Web,East
11585,2449,2026-01-27,Completed,Mobile,East
11586,1857,2024-09-07,Completed,Partner,South
11587,921,2025-11-01,Completed,Web,North
11588,2875,2025-08-03,Cancelled,Web,North
11589,252,2025-10-14,Completed,Mobile,West
11590,2124,2026-02-22,Completed,Web,East
11591,238,2026-02-28,Completed,Mobile,South
11592,1193,2025-01-28,Completed,Partner,North
11593,2000,2026-01-03,Completed,Mobile,South
11594,1850,2026-08-19,Completed,Mobile,East
11595,2142,2025-09-14,Completed,Partner,West
11596,2712,2026-01-26,Completed,Mobile,South
11597,2966,2026-08-04,Pending,Partner,South
11598,415,2025-09-02,Completed,Mobile,West
11599,762,2026-05-06,Completed,Partner,South
11600,1265,2024-03-24,Completed,Web,East
11601,2314,2025-12-25,Cancelled,Web,West
11602,1071,2026-04-10,Completed,Mobile,West
11603,2725,2024-02-10,Cancelled,Partner,East
11604,1965,2024-03-11,Completed,Mobile,North
11605,1000,2026-07-31,Completed,Mobile,North
11606,560,2024-04-30,Completed,Mobile,North
11607,2452,2024-05-15,Completed,Web,East
11608,46,2024-11-26,Completed,Web,North
11609,1517,2024-02-09,Completed,Mobile,South
11610,1848,2025-01-10,Completed,Partner,West
11611,306,2024-10-21,Completed,Partner,South
11612,515,2024-02-16,Completed,Partner,North
11613,1945,2024-07-08,Completed,Partner,East
11614,1420,2026-05-31,Completed,Web,West
11615,1273,2024-03-26,Completed,Partner,North
11616,624,2026-01-29,Completed,Mobile,South
11617,1201,2026-05-28,Completed,Partner,North
11618,1751,2024-05-09,Completed,Mobile,West
11619,553,2024-04-26,Completed,Web,West
11620,2931,2026-02-24,Completed,Web,South
11621,2599,2024-03-27,Pending,Mobile,North
11622,78,2025-09-17,Completed,Mobile,South
11623,1144,2025-10-30,Cancelled,Partner,North
11624,112,2025-03-05,Completed,Mobile,South
11625,2838,2025-04-07,Completed,Mobile,South
11626,40,2025-12-09,Completed,Web,South
11627,1873,2026-01-29,Completed,Mobile,South
11628,822,2025-01-30,Completed,Mobile,East
11629,1793,2025-07-15,Completed,Mobile,North
11630,1445,2024-06-07,Completed,Partner,North
11631,2531,2025-10-23,Completed,Partner,North
11632,1293,2026-06-06,Completed,Mobile,North
11633,926,2024-08-24,Completed,Web,South
11634,1366,2026-04-20,Completed,Mobile,South
11635,513,2026-02-26,Completed,Web,East
11636,2739,2024-06-25,Completed,Mobile,North
11637,110,2026-01-29,Cancelled,Partner,South
11638,1289,2026-05-26,Completed,Mobile,South
11639,2426,2024-12-11,Completed,Mobile,West
11640,1988,2025-08-27,Completed,Mobile,South
11641,1920,2026-01-31,Completed,Mobile,West
11642,2698,2025-01-18,Completed,Partner,West
11643,13,2026-03-10,Completed,Partner,West
11644,462,2024-07-27,Completed,Partner,East
11645,1723,2026-06-26,Completed,Mobile,North
11646,93,2024-06-03,Completed,Partner,North
11647,2245,2025-08-31,Pending,Mobile,North
11648,108,2026-06-01,Completed,Partner,North
11649,697,2025-07-27,Completed,Mobile,East
11650,2787,2024-12-26,Completed,Partner,South
11651,2166,2025-05-15,Completed,Web,East
11652,1155,2026-03-11,Pending,Mobile,South
11653,2469,2026-06-12,Cancelled,Web,East
11654,147,2025-04-26,Completed,Partner,East
11655,388,2025-11-01,Completed,Web,West
11656,2611,2024-12-10,Completed,Mobile,South
11657,2777,2026-05-02,Completed,Mobile,North
11658,251,2024-02-24,Completed,Partner,West
11659,247,2025-12-11,Completed,Mobile,South
11660,2745,2025-09-28,Pending,Mobile,West
11661,364,2025-05-16,Completed,Mobile,South
11662,2428,2026-07-29,Completed,Web,South
11663,2397,2025-05-04,Completed,Web,West
11664,2547,2025-05-11,Completed,Mobile,South
11665,739,2026-05-06,Completed,Web,North
11666,1474,2024-06-16,Completed,Partner,West
11667,1645,2024-03-27,Completed,Partner,South
11668,1495,2024-08-17,Pending,Web,North
11669,1277,2025-09-05,Completed,Mobile,South
11670,765,2024-04-10,Cancelled,Mobile,West
11671,1320,2025-12-07,Completed,Partner,South
11672,2000,2025-08-13,Completed,Mobile,South
11673,787,2025-09-12,Completed,Web,West
11674,1539,2025-10-07,Cancelled,Web,South
11675,2234,2024-10-11,Completed,Web,West
11676,1822,2025-12-13,Completed,Partner,South
11677,2722,2025-09-26,Completed,Partner,South
11678,2122,2026-07-24,Completed,Web,North
11679,1611,2024-09-05,Completed,Mobile,South
11680,748,2025-11-04,Completed,Mobile,West
11681,2120,2024-12-03,Completed,Web,West
11682,441,2025-10-04,Completed,Partner,West
11683,1609,2025-02-21,Completed,Web,East
11684,787,2026-08-18,Completed,Web,West
11685,973,2026-01-29,Completed,Partner,West
11686,2437,2024-06-20,Completed,Partner,North
11687,412,2026-06-09,Completed,Mobile,North
11688,1601,2024-04-15,Completed,Mobile,South
11689,386,2025-07-23,Completed,Partner,West
11690,2977,2024-06-14,Completed,Web,North
11691,1634,2026-06-13,Completed,Mobile,South
11692,2501,2024-06-07,Completed,Web,South
11693,1164,2025-07-05,Pending,Web,North
11694,1711,2024-11-18,Cancelled,Mobile,South
11695,380,2025-06-27,Completed,Partner,South
11696,1962,2024-11-27,Completed,Web,West
11697,980,2025-04-07,Completed,Mobile,West
11698,630,2026-05-24,Completed,Mobile,North
11699,1212,2026-05-01,Completed,Partner,South
11700,261,2026-06-18,Completed,Mobile,West
11701,1857,2024-10-22,Completed,Mobile,South
11702,2942,2025-09-02,Pending,Partner,South
11703,309,2025-11-13,Completed,Partner,South
11704,2663,2024-03-04,Pending,Mobile,East
11705,2894,2024-07-10,Completed,Mobile,North
11706,1926,2025-11-18,Cancelled,Mobile,South
11707,1904,2026-08-06,Completed,Mobile,South
11708,348,2026-04-03,Completed,Partner,South
11709,1813,2025-12-06,Completed,Web,South
11710,2534,2024-04-13,Completed,Partner,West
11711,2873,2024-05-12,Completed,Web,South
11712,214,2025-10-31,Completed,Mobile,West
11713,423,2025-12-13,Completed,Partner,South
11714,349,2025-01-29,Completed,Web,East
11715,250,2025-03-16,Completed,Partner,East
11716,1354,2025-12-09,Completed,Partner,East
11717,1835,2026-01-09,Completed,Web,West
11718,1426,2024-12-24,Completed,Web,North
11719,2281,2024-02-17,Completed,Partner,South
11720,946,2024-01-09,Completed,Mobile,South
11721,2264,2026-04-15,Completed,Mobile,East
11722,2740,2024-12-06,Completed,Partner,East
11723,1451,2024-09-01,Cancelled,Web,East
11724,2674,2025-06-03,Cancelled,Partner,South
11725,290,2024-11-21,Completed,Partner,South
11726,1947,2025-05-05,Completed,Web,West
11727,1987,2026-07-29,Completed,Partner,West
11728,2800,2024-08-04,Completed,Mobile,South
11729,2708,2024-12-02,Completed,Partner,South
11730,1909,2024-06-28,Completed,Mobile,East
11731,1333,2024-10-31,Completed,Web,North
11732,1734,2024-07-15,Completed,Mobile,West
11733,1129,2025-10-09,Completed,Partner,East
11734,2887,2024-01-03,Completed,Partner,East
11735,79,2026-08-04,Completed,Mobile,West
11736,2765,2024-10-29,Completed,Web,South
11737,2829,2025-11-13,Completed,Web,South
11738,574,2024-02-23,Completed,Mobile,West
11739,1260,2026-06-04,Completed,Partner,West
11740,876,2025-12-12,Completed,Partner,East
11741,824,2024-07-23,Completed,Web,West
11742,2728,2026-07-07,Completed,Mobile,North
11743,863,2025-08-17,Completed,Mobile,South
11744,2017,2025-04-09,Pending,Web,West
11745,765,2024-06-14,Completed,Partner,West
11746,2259,2024-05-03,Completed,Web,South
11747,1771,2025-07-25,Completed,Web,South
11748,1878,2024-05-18,Completed,Mobile,East
11749,2255,2026-01-03,Cancelled,Mobile,North
11750,2271,2024-02-06,Completed,Partner,North
11751,1587,2025-09-30,Completed,Web,West
11752,444,2026-05-08,Completed,Partner,West
11753,1453,2025-11-11,Completed,Partner,West
11754,2585,2025-12-17,Completed,Partner,South
11755,261,2026-08-27,Cancelled,Mobile,West
11756,2628,2024-11-07,Completed,Mobile,North
11757,2837,2025-04-01,Completed,Partner,West
11758,2950,2025-01-19,Completed,Partner,South
11759,1511,2025-08-21,Completed,Partner,West
11760,2227,2025-01-04,Completed,Partner,South
11761,2516,2024-07-10,Completed,Partner,South
11762,2807,2025-07-21,Completed,Web,South
11763,2971,2025-02-17,Completed,Mobile,West
11764,928,2024-01-16,Completed,Web,South
11765,138,2025-04-19,Completed,Partner,East
11766,2852,2026-05-13,Pending,Web,East
11767,2058,2026-05-30,Cancelled,Mobile,West
11768,1460,2025-07-19,Completed,Web,East
11769,274,2025-11-09,Completed,Web,South
11770,796,2025-12-26,Completed,Web,West
11771,1688,2024-02-12,Completed,Web,North
11772,2506,2024-05-15,Completed,Mobile,North
11773,2074,2024-08-23,Completed,Web,South
11774,1265,2025-10-13,Cancelled,Mobile,East
11775,2287,2024-09-06,Completed,Partner,South
11776,1429,2026-08-16,Completed,Partner,South
11777,1274,2024-07-06,Completed,Mobile,East
11778,2820,2024-09-02,Completed,Mobile,West
11779,862,2025-02-13,Completed,Partner,West
11780,1645,2024-01-28,Completed,Mobile,South
11781,1762,2025-05-26,Completed,Partner,North
11782,170,2025-02-13,Completed,Partner,West
11783,176,2024-05-13,Completed,Web,West
11784,497,2026-02-11,Cancelled,Web,West
11785,1999,2024-11-06,Cancelled,Web,West
11786,2071,2025-09-20,Pending,Mobile,North
11787,2347,2026-05-17,Completed,Mobile,South
11788,2663,2025-03-07,Completed,Partner,East
11789,1075,2025-05-21,Completed,Mobile,West
11790,2902,2026-01-18,Completed,Mobile,South
11791,2299,2024-08-20,Completed,Partner,North
11792,1619,2025-03-06,Completed,Web,West
11793,2975,2025-01-31,Cancelled,Mobile,East
11794,2116,2026-06-18,Completed,Web,South
11795,1627,2026-04-28,Completed,Partner,South
11796,5,2025-07-03,Pending,Mobile,North
11797,1923,2026-06-25,Completed,Mobile,South
11798,255,2026-04-27,Pending,Partner,East
11799,793,2026-04-10,Completed,Partner,East
11800,48,2025-11-25,Completed,Partner,South
11801,2298,2024-12-19,Completed,Partner,East
11802,1278,2026-04-04,Completed,Mobile,North
11803,1697,2024-03-10,Completed,Partner,East
11804,2634,2025-10-04,Completed,Partner,North
11805,2435,2026-06-29,Completed,Mobile,West
11806,1466,2024-06-11,Completed,Web,East
11807,1182,2024-05-28,Completed,Partner,South
11808,2919,2025-10-19,Completed,Partner,North
11809,2584,2024-11-08,Completed,Web,East
11810,2722,2026-01-28,Completed,Web,South
11811,66,2026-06-24,Completed,Mobile,South
11812,486,2026-01-25,Cancelled,Web,South
11813,1250,2024-09-12,Completed,Mobile,North
11814,983,2026-06-26,Completed,Partner,East
11815,2472,2025-05-14,Completed,Partner,West
11816,2796,2025-08-27,Completed,Mobile,South
11817,2043,2024-01-05,Completed,Mobile,North
11818,1036,2026-01-16,Pending,Web,South
11819,224,2024-07-22,Completed,Mobile,West
11820,1968,2025-03-08,Cancelled,Partner,North
11821,939,2025-04-28,Completed,Mobile,North
11822,2252,2025-10-20,Completed,Mobile,North
11823,1187,2026-02-08,Completed,Web,North
11824,2266,2026-05-26,Completed,Mobile,South
11825,698,2026-02-09,Completed,Partner,East
11826,1010,2026-01-31,Completed,Web,East
11827,288,2025-10-15,Completed,Web,West
11828,382,2024-01-05,Completed,Mobile,South
11829,2457,2024-05-04,Completed,Partner,West
11830,188,2025-02-12,Completed,Partner,South
11831,128,2024-04-27,Cancelled,Web,North
11832,2309,2025-10-26,Cancelled,Web,South
11833,912,2025-10-21,Completed,Partner,East
11834,526,2026-03-01,Completed,Partner,North
11835,1563,2024-06-02,Pending,Mobile,East
11836,1399,2025-02-22,Completed,Mobile,East
11837,442,2024-04-06,Completed,Mobile,North
11838,1902,2025-03-18,Completed,Mobile,North
11839,2613,2025-08-11,Completed,Partner,North
11840,544,2024-02-22,Completed,Web,West
11841,31,2024-05-04,Completed,Web,West
11842,128,2026-06-30,Completed,Web,North
11843,2838,2025-02-28,Completed,Mobile,South
11844,2122,2026-02-24,Completed,Mobile,North
11845,960,2025-01-20,Completed,Web,East
11846,1830,2024-08-15,Completed,Partner,North
11847,1172,2025-12-15,Completed,Mobile,West
11848,129,2026-04-12,Completed,Mobile,South
11849,1363,2024-03-26,Completed,Mobile,South
11850,1708,2025-07-02,Completed,Web,North
11851,2133,2026-05-18,Completed,Mobile,East
11852,1927,2024-06-06,Completed,Partner,North
11853,2056,2024-06-11,Completed,Web,North
11854,646,2024-04-09,Completed,Web,South
11855,853,2025-03-28,Completed,Web,South
11856,2630,2026-04-11,Completed,Partner,West
11857,2904,2025-12-01,Completed,Web,East
11858,259,2024-03-12,Pending,Mobile,East
11859,2477,2025-08-08,Completed,Partner,South
11860,924,2025-12-18,Completed,Partner,East
11861,1792,2024-12-07,Completed,Mobile,South
11862,1237,2024-07-10,Completed,Partner,South
11863,2731,2026-06-26,Completed,Web,North
11864,1820,2024-03-30,Completed,Web,East
11865,2556,2025-10-21,Cancelled,Mobile,West
11866,98,2025-10-09,Completed,Partner,North
11867,1001,2025-09-28,Completed,Partner,North
11868,1861,2025-04-05,Completed,Partner,South
11869,2144,2026-08-20,Completed,Partner,West
11870,666,2026-08-27,Completed,Partner,North
11871,706,2025-02-28,Completed,Web,North
11872,1962,2024-12-08,Completed,Mobile,West
11873,1575,2024-01-31,Completed,Web,East
11874,55,2025-09-22,Completed,Web,South
11875,200,2025-02-23,Completed,Partner,East
11876,560,2024-08-09,Completed,Partner,North
11877,1475,2026-05-30,Completed,Web,West
11878,972,2025-11-24,Completed,Partner,South
11879,1483,2024-03-04,Cancelled,Web,East
11880,871,2025-02-10,Completed,Partner,East
11881,961,2026-04-21,Completed,Partner,North
11882,879,2024-10-20,Completed,Partner,North
11883,2921,2024-01-14,Completed,Partner,South
11884,972,2026-07-11,Cancelled,Partner,South
11885,1054,2025-08-28,Completed,Mobile,East
11886,203,2025-09-18,Completed,Mobile,North
11887,2315,2024-05-26,Completed,Partner,East
11888,609,2025-07-20,Cancelled,Partner,North
11889,1353,2026-06-15,Completed,Web,South
11890,1621,2026-08-11,Completed,Web,South
11891,2149,2024-06-28,Completed,Web,West
11892,485,2025-07-25,Completed,Partner,East
11893,1281,2026-02-19,Completed,Web,West
11894,1318,2025-04-07,Completed,Partner,West
11895,1982,2025-07-20,Completed,Partner,West
11896,1259,2025-04-27,Completed,Partner,East
11897,2047,2024-11-08,Completed,Web,North
11898,1957,2025-03-24,Cancelled,Partner,North
11899,1532,2025-04-23,Completed,Web,West
11900,1143,2025-03-17,Completed,Mobile,East
11901,2674,2025-11-14,Pending,Web,South
11902,1382,2025-02-18,Completed,Web,South
11903,2091,2026-03-14,Cancelled,Partner,East
11904,1584,2024-07-19,Completed,Partner,West
11905,2936,2026-02-20,Completed,Partner,East
11906,1945,2024-04-03,Completed,Mobile,East
11907,384,2025-07-25,Completed,Mobile,South
11908,1348,2025-02-26,Cancelled,Partner,East
11909,2110,2026-01-18,Completed,Mobile,North
11910,1918,2025-07-17,Completed,Partner,North
11911,825,2025-01-28,Completed,Mobile,South
11912,2105,2025-06-04,Completed,Web,North
11913,1740,2024-02-27,Completed,Web,West
11914,1985,2026-07-27,Completed,Partner,West
11915,1121,2025-08-27,Completed,Partner,North
11916,2835,2026-04-26,Completed,Web,East
11917,2168,2024-06-11,Completed,Mobile,North
11918,1302,2024-09-25,Cancelled,Web,East
11919,2097,2025-03-21,Completed,Mobile,North
11920,1922,2025-02-28,Completed,Web,North
11921,602,2025-11-06,Completed,Web,West
11922,1096,2025-05-23,Completed,Web,East
11923,533,2024-06-17,Completed,Partner,South
11924,1471,2024-11-05,Completed,Partner,North
11925,11,2025-07-19,Completed,Mobile,North
11926,2995,2025-05-30,Completed,Mobile,South
11927,2036,2025-05-15,Completed,Partner,South
11928,2381,2025-01-17,Completed,Partner,North
11929,10,2026-07-07,Cancelled,Partner,South
11930,1816,2026-08-04,Completed,Partner,North
11931,1822,2025-02-11,Completed,Mobile,South
11932,2513,2025-07-19,Completed,Mobile,South
11933,488,2024-10-25,Completed,Web,North
11934,2583,2026-02-16,Completed,Mobile,South
11935,952,2025-11-18,Completed,Web,South
11936,1410,2025-04-30,Completed,Mobile,North
11937,2386,2025-11-14,Completed,Web,West
11938,376,2024-05-28,Completed,Partner,West
11939,266,2024-01-10,Completed,Mobile,West
11940,223,2025-09-05,Pending,Mobile,East
11941,2639,2025-09-19,Completed,Web,West
11942,1274,2026-01-30,Cancelled,Partner,East
11943,2266,2024-08-15,Completed,Web,South
11944,334,2024-08-18,Pending,Mobile,East
11945,2007,2024-03-11,Completed,Partner,West
11946,1725,2024-04-24,Cancelled,Web,West
11947,2792,2024-02-17,Completed,Mobile,West
11948,2064,2024-11-04,Completed,Mobile,East
11949,1375,2024-11-14,Completed,Web,South
11950,2438,2026-06-06,Completed,Mobile,West
11951,2054,2026-01-06,Completed,Partner,East
11952,2250,2024-08-05,Completed,Web,West
11953,1696,2025-02-22,Completed,Mobile,North
11954,1581,2025-08-05,Completed,Mobile,West
11955,2673,2025-03-23,Completed,Partner,North
11956,71,2024-08-20,Completed,Web,North
11957,2602,2025-04-17,Completed,Web,East
11958,2107,2026-08-04,Completed,Partner,West
11959,2261,2026-01-29,Completed,Web,South
11960,610,2026-05-06,Pending,Partner,North
11961,653,2025-06-27,Completed,Web,North
11962,1279,2025-05-29,Completed,Web,North
11963,2780,2026-04-29,Pending,Mobile,West
11964,298,2026-07-11,Completed,Partner,North
11965,1521,2024-10-02,Completed,Partner,North
11966,1439,2024-06-24,Completed,Mobile,North
11967,709,2026-08-15,Completed,Mobile,North
11968,1900,2024-01-17,Completed,Partner,West
11969,1767,2025-12-30,Completed,Web,South
11970,1674,2024-08-12,Completed,Web,North
11971,703,2026-07-05,Completed,Mobile,South
11972,2889,2025-04-09,Completed,Mobile,East
11973,1939,2026-05-30,Completed,Web,West
11974,2884,2025-09-02,Completed,Partner,South
11975,2452,2026-08-16,Completed,Mobile,East
11976,2764,2025-10-11,Completed,Web,West
11977,920,2026-01-02,Completed,Mobile,South
11978,1947,2025-07-25,Completed,Web,West
11979,2229,2024-03-07,Completed,Mobile,South
11980,1309,2024-07-29,Pending,Partner,North
11981,1900,2026-06-02,Completed,Mobile,West
11982,903,2025-10-20,Completed,Mobile,West
11983,2637,2024-06-28,Completed,Partner,North
11984,1815,2024-08-14,Completed,Web,South
11985,690,2024-07-30,Completed,Partner,East
11986,828,2025-12-31,Completed,Web,North
11987,2310,2026-01-06,Completed,Mobile,West
11988,364,2026-04-07,Completed,Partner,South
11989,1771,2026-02-01,Completed,Web,South
11990,502,2026-06-13,Completed,Web,South
11991,1100,2026-03-29,Completed,Web,South
11992,2545,2026-02-02,Completed,Partner,South
11993,1547,2026-04-02,Completed,Partner,East
11994,1817,2024-09-18,Completed,Mobile,East
11995,1403,2024-12-06,Completed,Web,East
11996,824,2026-03-26,Completed,Web,West
11997,2199,2024-04-16,Completed,Mobile,West
11998,2817,2026-05-15,Completed,Partner,East
11999,2893,2025-05-13,Completed,Partner,South
12000,1877,2025-04-05,Completed,Partner,North
12001,1843,2025-03-03,Completed,Web,West
12002,2094,2025-04-11,Completed,Web,South
12003,2133,2026-03-09,Completed,Mobile,East
12004,2472,2024-09-27,Completed,Partner,West
12005,2966,2024-07-01,Completed,Partner,South
12006,1266,2026-05-29,Completed,Partner,East
12007,1961,2024-04-04,Completed,Mobile,East
12008,697,2026-08-15,Completed,Partner,East
12009,1555,2026-05-08,Completed,Mobile,West
12010,251,2026-07-26,Completed,Web,West
12011,58,2024-06-05,Completed,Mobile,West
12012,2210,2024-02-11,Completed,Partner,North
12013,1822,2026-02-16,Cancelled,Web,South
12014,2241,2025-01-21,Pending,Web,West
12015,184,2025-02-06,Completed,Partner,North
12016,2793,2024-05-06,Completed,Partner,North
12017,191,2025-08-04,Completed,Web,South
12018,1703,2024-12-10,Completed,Web,South
12019,1612,2025-01-26,Completed,Mobile,East
12020,2125,2024-12-03,Completed,Web,North
12021,2395,2025-02-18,Completed,Mobile,South
12022,1955,2025-04-23,Completed,Mobile,East
12023,178,2026-08-13,Completed,Mobile,South
12024,2949,2025-03-11,Completed,Web,West
12025,178,2025-01-13,Completed,Mobile,South
12026,693,2025-08-07,Completed,Partner,East
12027,2098,2024-07-30,Completed,Mobile,South
12028,592,2025-08-02,Completed,Partner,West
12029,2859,2025-04-11,Completed,Web,North
12030,406,2025-01-26,Completed,Mobile,North
12031,1854,2025-07-30,Completed,Mobile,East
12032,2124,2025-05-15,Completed,Web,East
12033,1105,2025-01-06,Completed,Partner,North
12034,2419,2026-03-08,Completed,Mobile,North
12035,1745,2026-02-13,Completed,Partner,West
12036,564,2024-04-09,Completed,Web,East
12037,2838,2026-01-06,Completed,Web,South
12038,2621,2024-09-26,Completed,Web,North
12039,2917,2024-04-17,Completed,Web,North
12040,1761,2025-11-06,Completed,Web,North
12041,1349,2025-04-27,Completed,Mobile,North
12042,680,2025-11-14,Completed,Mobile,South
12043,539,2024-05-21,Completed,Mobile,West
12044,1459,2025-04-25,Completed,Mobile,East
12045,862,2025-11-20,Completed,Mobile,West
12046,1356,2024-05-09,Completed,Mobile,North
12047,1410,2024-03-01,Cancelled,Web,North
12048,994,2026-04-14,Completed,Partner,North
12049,1247,2025-03-31,Completed,Partner,North
12050,892,2024-09-10,Completed,Partner,East
12051,800,2026-06-09,Completed,Mobile,North
12052,439,2025-09-30,Completed,Partner,North
12053,2386,2024-12-13,Completed,Mobile,West
12054,596,2024-03-08,Completed,Partner,West
12055,2731,2025-09-26,Completed,Web,North
12056,2353,2024-08-20,Completed,Web,North
12057,950,2025-05-15,Completed,Partner,North
12058,602,2025-08-28,Completed,Web,West
12059,2908,2024-08-12,Completed,Partner,North
12060,1823,2024-06-27,Completed,Partner,South
12061,2499,2025-10-09,Completed,Partner,West
12062,1003,2026-05-15,Completed,Mobile,West
12063,2216,2024-03-23,Completed,Mobile,East
12064,1978,2025-05-08,Completed,Partner,East
12065,79,2025-05-17,Completed,Mobile,West
12066,1624,2024-07-22,Pending,Partner,North
12067,2229,2026-07-12,Completed,Web,South
12068,2656,2024-02-08,Completed,Web,North
12069,1425,2025-03-03,Completed,Web,South
12070,1028,2024-09-04,Completed,Mobile,South
12071,831,2025-03-28,Completed,Partner,West
12072,963,2024-05-12,Completed,Partner,East
12073,2699,2025-08-20,Completed,Mobile,East
12074,2434,2024-11-15,Completed,Mobile,West
12075,1346,2026-05-29,Completed,Web,South
12076,1681,2024-07-28,Completed,Partner,North
12077,1646,2025-07-28,Completed,Web,West
12078,2917,2025-09-16,Completed,Partner,North
12079,925,2024-09-04,Completed,Mobile,North
12080,2125,2025-11-15,Completed,Partner,North
12081,124,2026-06-20,Completed,Web,South
12082,2837,2025-01-22,Cancelled,Mobile,West
12083,2077,2026-06-27,Cancelled,Mobile,South
12084,878,2024-07-07,Cancelled,Partner,West
12085,1451,2025-07-22,Completed,Web,East
12086,2210,2024-12-28,Completed,Mobile,North
12087,2481,2025-09-27,Completed,Web,South
12088,1197,2026-02-15,Completed,Mobile,South
12089,2300,2025-06-26,Completed,Web,East
12090,2386,2024-09-25,Completed,Web,West
12091,1401,2025-11-17,Cancelled,Mobile,South
12092,2935,2025-01-18,Completed,Mobile,West
12093,2446,2025-05-02,Completed,Web,West
12094,791,2026-01-13,Completed,Partner,South
12095,2628,2026-08-02,Completed,Partner,North
12096,2570,2024-04-05,Completed,Web,North
12097,1024,2025-07-31,Completed,Partner,East
12098,1199,2024-04-20,Completed,Web,South
12099,267,2024-11-09,Completed,Partner,South
12100,2472,2026-03-16,Completed,Partner,West
12101,2204,2025-05-12,Completed,Mobile,South
12102,1463,2024-08-05,Completed,Mobile,South
12103,2406,2024-04-11,Completed,Mobile,East
12104,2797,2026-02-03,Completed,Mobile,South
12105,1444,2025-01-19,Completed,Mobile,South
12106,2510,2025-10-17,Cancelled,Web,East
12107,1429,2025-04-22,Completed,Web,South
12108,2621,2026-05-28,Completed,Partner,North
12109,98,2025-11-29,Completed,Web,North
12110,1805,2025-05-11,Pending,Web,South
12111,1708,2025-11-01,Completed,Partner,North
12112,2523,2025-04-15,Cancelled,Web,North
12113,995,2025-07-26,Cancelled,Partner,South
12114,1656,2026-01-24,Cancelled,Web,North
12115,1304,2024-05-24,Completed,Mobile,East
12116,1267,2025-11-02,Completed,Mobile,East
12117,1343,2025-04-01,Completed,Mobile,North
12118,664,2024-09-14,Completed,Web,East
12119,1319,2024-08-11,Completed,Partner,West
12120,2885,2026-06-26,Completed,Partner,East
12121,2302,2025-02-05,Completed,Mobile,North
12122,2468,2024-07-06,Completed,Mobile,East
12123,835,2025-05-24,Pending,Web,East
12124,2131,2026-07-27,Cancelled,Web,North
12125,1386,2026-07-31,Completed,Mobile,South
12126,2240,2024-11-11,Completed,Web,South
12127,200,2024-01-03,Completed,Web,East
12128,781,2024-05-25,Completed,Mobile,North
12129,1595,2026-06-27,Completed,Web,South
12130,2149,2024-06-12,Completed,Web,West
12131,1391,2024-05-16,Completed,Partner,East
12132,647,2025-07-29,Cancelled,Mobile,East
12133,2106,2025-04-13,Completed,Web,North
12134,2367,2024-07-01,Completed,Partner,South
12135,647,2025-08-30,Completed,Partner,East
12136,923,2025-08-01,Cancelled,Web,North
12137,484,2024-08-12,Completed,Web,West
12138,2590,2026-04-15,Cancelled,Mobile,North
12139,946,2026-05-30,Completed,Partner,South
12140,771,2024-04-20,Completed,Mobile,East
12141,324,2024-02-11,Completed,Mobile,West
12142,1428,2025-05-02,Completed,Partner,North
12143,2134,2024-12-01,Completed,Mobile,North
12144,2300,2025-04-12,Completed,Web,East
12145,2665,2024-12-01,Completed,Web,South
12146,2651,2024-03-25,Completed,Partner,West
12147,1646,2025-12-13,Completed,Mobile,West
12148,2731,2025-08-09,Completed,Mobile,North
12149,952,2026-08-24,Completed,Web,South
12150,934,2025-07-10,Cancelled,Web,North
12151,1357,2026-01-08,Completed,Web,East
12152,2220,2026-06-25,Completed,Mobile,South
12153,750,2025-01-26,Completed,Mobile,North
12154,1726,2024-03-21,Completed,Partner,East
12155,1782,2024-10-08,Cancelled,Web,South
12156,125,2025-06-19,Cancelled,Mobile,West
12157,2871,2025-01-17,Completed,Partner,East
12158,1703,2026-03-09,Cancelled,Mobile,South
12159,1391,2026-04-11,Cancelled,Web,East
12160,2052,2024-10-14,Completed,Mobile,South
12161,2506,2024-10-30,Pending,Partner,North
12162,2309,2025-06-29,Pending,Web,South
12163,2070,2026-01-08,Completed,Partner,East
12164,462,2026-04-23,Completed,Partner,East
12165,2081,2025-09-02,Completed,Web,West
12166,167,2024-08-29,Completed,Web,West
12167,398,2025-05-03,Completed,Web,South
12168,342,2024-02-09,Completed,Mobile,West
12169,2868,2026-02-19,Cancelled,Partner,North
12170,411,2025-03-29,Completed,Mobile,East
12171,1432,2024-06-07,Completed,Partner,North
12172,2601,2026-08-19,Completed,Mobile,South
12173,2132,2026-06-19,Completed,Mobile,East
12174,985,2026-07-27,Completed,Mobile,South
12175,2462,2026-05-08,Completed,Web,North
12176,2343,2024-03-21,Completed,Mobile,North
12177,1048,2025-05-01,Completed,Web,South
12178,1771,2025-09-02,Completed,Web,South
12179,235,2025-12-27,Completed,Web,East
12180,2633,2026-05-10,Completed,Partner,South
12181,774,2024-09-22,Completed,Web,West
12182,2669,2024-02-15,Completed,Web,East
12183,1689,2024-03-01,Completed,Web,East
12184,968,2024-12-01,Completed,Partner,East
12185,1231,2024-05-30,Completed,Web,South
12186,2311,2024-08-08,Completed,Web,North
12187,2954,2024-11-13,Completed,Mobile,West
12188,964,2025-07-08,Completed,Web,West
12189,2377,2024-04-25,Completed,Web,North
12190,1548,2024-10-02,Completed,Mobile,East
12191,2725,2026-05-24,Completed,Mobile,East
12192,2496,2026-04-14,Completed,Web,North
12193,2079,2025-04-09,Completed,Mobile,East
12194,2369,2024-11-01,Cancelled,Partner,North
12195,363,2024-03-02,Completed,Partner,East
12196,2467,2024-04-29,Completed,Web,North
12197,2201,2024-11-03,Completed,Mobile,West
12198,1300,2025-12-23,Completed,Partner,South
12199,2912,2024-05-26,Completed,Mobile,West
12200,2854,2025-07-09,Completed,Partner,East
12201,2517,2026-07-11,Completed,Partner,North
12202,2283,2026-07-01,Completed,Mobile,North
12203,2000,2025-11-30,Cancelled,Partner,South
12204,1383,2026-04-30,Completed,Partner,West
12205,2154,2024-05-02,Completed,Mobile,North
12206,1117,2024-07-24,Pending,Mobile,East
12207,1990,2024-11-27,Completed,Web,South
12208,2284,2026-06-19,Cancelled,Partner,North
12209,1068,2024-09-02,Completed,Web,South
12210,2164,2025-07-21,Completed,Mobile,West
12211,2010,2024-11-24,Completed,Partner,West
12212,1663,2025-08-12,Completed,Partner,East
12213,249,2025-08-30,Completed,Partner,East
12214,507,2025-10-04,Completed,Mobile,East
12215,209,2025-03-03,Completed,Partner,North
12216,1207,2026-07-23,Cancelled,Web,East
12217,497,2024-04-25,Completed,Web,West
12218,2189,2024-04-15,Cancelled,Mobile,East
12219,2399,2025-12-16,Completed,Partner,East
12220,2529,2024-04-15,Completed,Web,South
12221,535,2026-03-01,Completed,Mobile,North
12222,624,2026-07-24,Cancelled,Mobile,South
12223,984,2026-03-19,Pending,Partner,West
12224,2549,2025-10-30,Completed,Partner,East
12225,2579,2025-05-06,Completed,Partner,West
12226,2907,2025-05-10,Cancelled,Web,South
12227,1027,2024-05-28,Cancelled,Mobile,North
12228,2617,2026-07-03,Completed,Web,West
12229,178,2024-12-21,Completed,Mobile,South
12230,1694,2024-03-02,Completed,Web,West
12231,794,2026-02-11,Completed,Mobile,East
12232,125,2025-04-02,Completed,Partner,West
12233,804,2024-07-20,Completed,Mobile,South
12234,2100,2025-06-10,Completed,Mobile,South
12235,1068,2025-07-11,Completed,Web,South
12236,1258,2025-01-25,Completed,Web,South
12237,2142,2024-04-21,Completed,Partner,West
12238,151,2024-07-08,Completed,Partner,East
12239,1478,2026-06-15,Completed,Partner,East
12240,2983,2025-06-19,Completed,Mobile,West
12241,1068,2026-08-04,Completed,Web,South
12242,1363,2025-03-21,Completed,Mobile,South
12243,1705,2024-06-09,Completed,Mobile,South
12244,2963,2024-08-25,Completed,Partner,North
12245,1838,2024-04-06,Completed,Partner,North
12246,202,2024-06-22,Completed,Partner,North
12247,2595,2024-09-27,Completed,Partner,North
12248,1965,2026-03-27,Completed,Web,North
12249,2878,2026-02-02,Completed,Partner,South
12250,2934,2024-03-30,Cancelled,Mobile,West
12251,1247,2024-06-11,Completed,Web,North
12252,1017,2024-01-20,Completed,Partner,North
12253,913,2024-09-24,Pending,Partner,North
12254,2572,2024-10-13,Cancelled,Partner,West
12255,1455,2025-11-02,Completed,Partner,West
12256,2020,2024-03-30,Completed,Mobile,South
12257,1822,2026-04-28,Completed,Partner,South
12258,785,2024-05-29,Completed,Partner,East
12259,1423,2025-11-09,Cancelled,Mobile,West
12260,2248,2025-08-12,Completed,Partner,North
12261,2550,2024-08-21,Completed,Partner,South
12262,2120,2024-10-21,Completed,Mobile,West
12263,2863,2025-10-05,Completed,Mobile,North
12264,910,2026-08-23,Completed,Web,North
12265,290,2024-12-19,Completed,Mobile,South
12266,672,2024-03-16,Completed,Web,West
12267,2005,2026-06-11,Completed,Partner,North
12268,1899,2025-01-26,Completed,Partner,North
12269,1014,2025-03-05,Completed,Mobile,West
12270,169,2025-08-18,Completed,Mobile,West
12271,336,2024-07-02,Completed,Partner,North
12272,2380,2024-12-03,Completed,Partner,South
12273,417,2025-07-25,Completed,Web,North
12274,1247,2024-12-20,Completed,Web,North
12275,1671,2026-05-07,Completed,Mobile,East
12276,1295,2025-04-25,Completed,Partner,North
12277,1978,2024-11-02,Pending,Partner,East
12278,45,2024-01-09,Completed,Web,North
12279,1265,2026-02-27,Completed,Web,East
12280,298,2025-10-07,Completed,Partner,North
12281,1174,2026-05-14,Cancelled,Mobile,West
12282,2061,2024-12-04,Completed,Mobile,South
12283,2328,2025-09-01,Completed,Mobile,North
12284,1033,2025-07-18,Completed,Web,East
12285,2621,2025-06-12,Cancelled,Partner,North
12286,866,2026-08-27,Completed,Web,South
12287,670,2025-06-27,Cancelled,Partner,West
12288,2486,2024-12-24,Completed,Partner,South
12289,775,2024-03-26,Completed,Partner,North
12290,273,2024-05-14,Completed,Web,West
12291,684,2024-02-03,Completed,Mobile,East
12292,1832,2025-03-31,Pending,Partner,North
12293,1516,2025-08-06,Completed,Partner,West
12294,627,2024-10-14,Completed,Mobile,West
12295,1387,2024-04-20,Completed,Partner,North
12296,237,2025-08-23,Cancelled,Partner,South
12297,338,2025-01-18,Completed,Mobile,North
12298,2648,2026-01-26,Completed,Mobile,West
12299,98,2025-06-12,Completed,Web,North
12300,1469,2026-04-10,Completed,Mobile,East
12301,2403,2026-05-01,Completed,Mobile,South
12302,2650,2026-04-21,Completed,Partner,North
12303,2967,2026-01-17,Completed,Web,North
12304,2397,2024-02-12,Completed,Web,West
12305,1811,2025-08-22,Completed,Mobile,East
12306,876,2025-09-30,Completed,Web,East
12307,546,2024-02-13,Cancelled,Mobile,East
12308,212,2025-06-15,Pending,Mobile,East
12309,2319,2025-10-04,Completed,Mobile,North
12310,1660,2025-07-29,Completed,Mobile,West
12311,279,2025-04-06,Cancelled,Partner,East
12312,2789,2025-12-24,Completed,Partner,East
12313,986,2025-04-27,Completed,Web,North
12314,873,2024-11-13,Completed,Mobile,East
12315,2811,2024-10-29,Completed,Partner,South
12316,372,2024-12-07,Completed,Partner,West
12317,2743,2025-07-23,Cancelled,Partner,West
12318,546,2025-05-31,Completed,Mobile,East
12319,1666,2024-03-11,Completed,Partner,East
12320,2411,2024-07-02,Completed,Mobile,South
12321,1508,2024-03-01,Completed,Web,West
12322,1244,2025-09-03,Completed,Web,East
12323,553,2024-06-24,Completed,Partner,West
12324,1040,2024-05-31,Completed,Mobile,East
12325,86,2026-08-12,Pending,Mobile,West
12326,42,2026-02-23,Completed,Web,West
12327,1268,2025-10-23,Completed,Web,South
12328,1842,2025-02-13,Completed,Mobile,South
12329,2184,2024-04-01,Completed,Partner,East
12330,2886,2025-04-10,Completed,Mobile,South
12331,831,2026-04-26,Completed,Partner,West
12332,2085,2025-04-06,Completed,Partner,West
12333,1439,2024-09-15,Completed,Partner,North
12334,670,2025-04-23,Completed,Web,West
12335,847,2026-03-14,Completed,Web,West
12336,1259,2026-02-08,Completed,Partner,East
12337,2775,2024-02-22,Completed,Mobile,North
12338,254,2025-06-02,Completed,Web,East
12339,1891,2024-08-11,Completed,Mobile,East
12340,89,2025-02-01,Completed,Mobile,East
12341,1771,2024-10-01,Completed,Partner,South
12342,2301,2026-08-20,Completed,Partner,West
12343,1525,2026-07-15,Completed,Partner,South
12344,1925,2024-03-16,Completed,Mobile,North
12345,1610,2024-01-16,Completed,Mobile,West
12346,623,2026-03-30,Completed,Mobile,West
12347,1692,2025-05-26,Cancelled,Mobile,North
12348,2207,2024-02-23,Completed,Web,North
12349,1381,2026-03-25,Completed,Web,South
12350,2484,2025-07-07,Completed,Web,North
12351,2667,2026-04-17,Completed,Partner,East
12352,952,2025-01-28,Completed,Web,South
12353,1183,2024-07-19,Completed,Web,West
12354,540,2024-12-01,Cancelled,Web,South
12355,1968,2025-08-31,Completed,Partner,North
12356,612,2024-09-27,Completed,Partner,North
12357,165,2024-10-15,Completed,Partner,East
12358,2376,2024-01-02,Cancelled,Partner,North
12359,224,2024-08-15,Completed,Partner,West
12360,545,2026-07-09,Completed,Web,East
12361,1369,2024-04-14,Completed,Mobile,West
12362,2154,2026-03-26,Pending,Mobile,North
12363,2417,2024-05-19,Completed,Web,North
12364,851,2024-06-24,Completed,Partner,South
12365,2844,2025-12-15,Completed,Mobile,South
12366,2153,2024-05-15,Completed,Partner,North
12367,2753,2024-03-23,Completed,Mobile,South
12368,2215,2026-04-01,Completed,Mobile,West
12369,2191,2026-08-15,Completed,Partner,East
12370,1882,2024-02-01,Pending,Web,East
12371,2327,2024-01-22,Completed,Mobile,East
12372,1708,2026-04-08,Completed,Web,North
12373,311,2024-12-18,Completed,Web,East
12374,2379,2024-09-09,Completed,Mobile,South
12375,849,2025-03-16,Completed,Web,West
12376,1225,2026-08-21,Completed,Partner,North
12377,2120,2025-06-20,Completed,Web,West
12378,744,2026-08-15,Completed,Mobile,West
12379,2133,2024-02-07,Completed,Partner,East
12380,2259,2025-07-22,Completed,Partner,South
12381,1836,2024-02-20,Pending,Partner,North
12382,1829,2024-02-08,Completed,Mobile,East
12383,420,2024-07-10,Completed,Web,East
12384,1841,2024-03-31,Completed,Mobile,South
12385,2641,2025-12-11,Completed,Partner,West
12386,752,2024-08-07,Completed,Web,South
12387,2708,2024-02-25,Completed,Mobile,South
12388,967,2026-01-19,Cancelled,Web,East
12389,2321,2024-01-22,Completed,Partner,West
12390,2994,2024-09-03,Pending,Partner,North
12391,1165,2024-12-31,Pending,Partner,East
12392,2303,2025-06-20,Completed,Partner,East
12393,935,2026-02-05,Completed,Web,West
12394,877,2025-07-20,Completed,Partner,North
12395,732,2024-06-20,Pending,Partner,South
12396,648,2025-08-30,Completed,Web,South
12397,545,2025-09-03,Completed,Mobile,East
12398,638,2024-08-23,Completed,Partner,South
12399,1661,2025-11-02,Completed,Partner,West
12400,1323,2024-02-18,Completed,Mobile,West
12401,2429,2024-06-21,Completed,Partner,West
12402,2185,2024-01-24,Cancelled,Web,North
12403,917,2026-05-07,Completed,Mobile,South
12404,1393,2024-04-21,Completed,Web,West
12405,2867,2024-07-29,Completed,Partner,East
12406,2701,2026-04-16,Completed,Web,West
12407,58,2025-05-19,Cancelled,Mobile,West
12408,2323,2025-07-20,Completed,Mobile,North
12409,2061,2026-06-28,Completed,Mobile,South
12410,78,2025-10-24,Pending,Mobile,South
12411,2804,2025-03-08,Completed,Web,West
12412,5,2025-08-13,Completed,Mobile,North
12413,2349,2024-12-02,Completed,Partner,South
12414,525,2026-02-03,Completed,Web,South
12415,2432,2024-04-14,Completed,Web,South
12416,2081,2026-08-22,Completed,Mobile,West
12417,766,2026-08-17,Completed,Web,East
12418,1535,2025-03-06,Completed,Partner,South
12419,804,2025-05-12,Completed,Partner,South
12420,478,2025-04-13,Completed,Partner,East
12421,1699,2025-12-21,Completed,Web,West
12422,1431,2025-09-10,Completed,Web,West
12423,2110,2026-05-10,Completed,Web,North
12424,2136,2026-08-21,Completed,Partner,North
12425,2634,2025-07-25,Completed,Mobile,North
12426,557,2024-02-29,Completed,Mobile,North
12427,261,2024-08-09,Completed,Partner,West
12428,2827,2024-02-09,Cancelled,Partner,West
12429,2195,2026-07-24,Completed,Partner,East
12430,2349,2025-11-10,Cancelled,Web,South
12431,240,2025-03-25,Completed,Partner,West
12432,1094,2025-12-04,Completed,Web,North
12433,2442,2024-09-03,Completed,Web,North
12434,2535,2024-02-02,Pending,Partner,East
12435,223,2025-08-05,Completed,Mobile,East
12436,640,2026-04-11,Completed,Web,South
12437,2891,2025-09-08,Completed,Mobile,West
12438,2896,2025-04-24,Completed,Web,East
12439,2850,2026-07-29,Completed,Web,South
12440,2531,2025-07-15,Completed,Mobile,North
12441,2754,2025-10-06,Completed,Partner,East
12442,408,2024-06-13,Completed,Web,South
12443,2509,2024-07-21,Completed,Web,East
12444,2005,2024-11-20,Completed,Web,North
12445,2485,2024-02-04,Cancelled,Mobile,East
12446,1572,2024-07-02,Cancelled,Mobile,North
12447,1495,2026-07-21,Cancelled,Mobile,North
12448,112,2024-02-18,Completed,Web,South
12449,699,2026-04-09,Pending,Web,East
12450,1675,2024-09-09,Completed,Web,West
12451,484,2024-05-19,Completed,Web,West
12452,1402,2024-08-22,Completed,Web,East
12453,1828,2026-03-09,Completed,Partner,South
12454,2814,2024-01-23,Pending,Web,South
12455,243,2026-06-23,Completed,Mobile,South
12456,2227,2026-05-08,Pending,Partner,South
12457,1040,2025-08-06,Completed,Partner,East
12458,2810,2025-02-15,Pending,Web,West
12459,2220,2024-08-09,Completed,Mobile,South
12460,454,2024-03-16,Completed,Partner,East
12461,1485,2026-01-30,Completed,Partner,South
12462,225,2026-02-13,Completed,Partner,East
12463,2595,2025-04-30,Completed,Web,North
12464,2212,2024-01-15,Completed,Partner,South
12465,2344,2026-04-22,Completed,Partner,South
12466,2207,2024-07-04,Completed,Mobile,North
12467,2589,2024-08-20,Completed,Web,West
12468,2238,2024-10-18,Completed,Mobile,North
12469,873,2024-11-26,Completed,Mobile,East
12470,1432,2024-07-05,Cancelled,Mobile,North
12471,1699,2024-12-20,Completed,Partner,West
12472,2013,2026-05-16,Cancelled,Partner,North
12473,2652,2025-12-29,Completed,Mobile,South
12474,1081,2024-10-28,Completed,Mobile,South
12475,913,2025-04-28,Completed,Partner,North
12476,219,2026-02-20,Completed,Web,North
12477,1018,2026-02-15,Completed,Partner,East
12478,322,2026-07-23,Completed,Partner,North
12479,2069,2025-12-01,Completed,Mobile,East
12480,1175,2026-01-22,Completed,Mobile,South
12481,2278,2025-01-01,Completed,Web,South
12482,1041,2026-01-27,Completed,Partner,South
12483,2756,2025-06-29,Completed,Mobile,West
12484,49,2026-06-20,Completed,Partner,South
12485,235,2025-02-20,Completed,Mobile,East
12486,814,2026-08-03,Completed,Web,East
12487,546,2026-07-28,Completed,Web,East
12488,1556,2024-04-12,Completed,Partner,East
12489,1697,2024-05-07,Completed,Partner,East
12490,387,2024-02-18,Completed,Mobile,North
12491,2445,2025-01-25,Cancelled,Partner,East
12492,11,2026-06-11,Completed,Mobile,North
12493,2290,2024-02-11,Completed,Mobile,East
12494,591,2025-01-30,Completed,Partner,West
12495,531,2024-04-29,Completed,Web,West
12496,1947,2024-04-11,Pending,Partner,West
12497,1681,2024-08-16,Completed,Web,North
12498,1197,2025-10-29,Cancelled,Web,South
12499,1447,2024-11-13,Completed,Web,North
12500,787,2024-04-24,Completed,Mobile,West
12501,2674,2025-12-23,Completed,Partner,South
12502,2159,2026-01-11,Completed,Mobile,South
12503,1110,2026-07-23,Cancelled,Mobile,South
12504,1268,2024-12-11,Pending,Web,South
12505,756,2024-08-28,Cancelled,Partner,West
12506,219,2025-01-23,Completed,Partner,North
12507,2366,2026-03-09,Completed,Mobile,North
12508,852,2024-07-12,Cancelled,Partner,West
12509,791,2024-02-08,Completed,Web,South
12510,327,2024-10-04,Completed,Web,South
12511,1611,2025-05-04,Completed,Web,South
12512,1977,2025-05-13,Completed,Mobile,East
12513,1282,2025-08-21,Completed,Partner,West
12514,1193,2025-07-22,Cancelled,Web,North
12515,1222,2025-07-30,Completed,Partner,East
12516,393,2024-11-30,Completed,Mobile,West
12517,2994,2025-07-02,Completed,Web,North
12518,126,2024-12-27,Cancelled,Web,South
12519,189,2024-01-21,Completed,Partner,North
12520,245,2026-06-11,Cancelled,Partner,North
12521,829,2026-02-22,Cancelled,Mobile,West
12522,1639,2024-09-17,Completed,Mobile,West
12523,551,2025-02-20,Completed,Mobile,North
12524,2845,2026-03-04,Completed,Mobile,West
12525,2484,2025-05-19,Completed,Web,North
12526,887,2026-02-05,Completed,Web,South
12527,1869,2026-01-22,Completed,Partner,North
12528,2567,2025-07-14,Completed,Mobile,South
12529,2552,2025-08-06,Completed,Mobile,South
12530,1668,2025-11-10,Completed,Web,East
12531,2937,2025-12-16,Completed,Partner,South
12532,1932,2026-01-21,Completed,Partner,West
12533,1796,2025-08-04,Completed,Web,West
12534,1439,2026-07-13,Completed,Web,North
12535,1977,2025-07-23,Completed,Web,East
12536,1235,2026-08-16,Completed,Web,East
12537,2956,2026-03-16,Completed,Mobile,South
12538,1548,2026-02-08,Completed,Mobile,East
12539,972,2025-08-15,Completed,Web,South
12540,16,2024-01-11,Completed,Web,North
12541,2491,2024-11-02,Completed,Partner,East
12542,1956,2025-05-16,Completed,Web,East
12543,1209,2025-09-08,Completed,Mobile,West
12544,2812,2025-03-07,Completed,Partner,East
12545,2560,2026-08-16,Completed,Mobile,East
12546,895,2024-11-28,Completed,Mobile,West
12547,1592,2025-09-24,Completed,Mobile,North
12548,1755,2025-11-27,Completed,Partner,West
12549,2434,2025-01-28,Completed,Web,West
12550,925,2026-01-05,Completed,Web,North
12551,765,2025-11-16,Completed,Web,West
12552,250,2026-04-21,Completed,Web,East
12553,1287,2024-04-03,Completed,Partner,North
12554,557,2026-01-12,Pending,Web,North
12555,2260,2025-04-03,Completed,Web,South
12556,1843,2026-03-28,Completed,Mobile,West
12557,2950,2025-08-21,Completed,Mobile,South
12558,1822,2024-11-27,Completed,Partner,South
12559,2891,2025-03-02,Cancelled,Partner,West
12560,1035,2026-07-19,Completed,Web,North
12561,2777,2024-11-19,Completed,Web,North
12562,842,2026-03-11,Completed,Mobile,East
12563,1677,2025-05-26,Completed,Mobile,North
12564,212,2024-01-11,Cancelled,Mobile,East
12565,2516,2025-01-09,Completed,Web,South
12566,2350,2026-03-18,Completed,Web,South
12567,90,2026-03-09,Completed,Mobile,East
12568,2686,2026-04-18,Completed,Web,East
12569,1958,2026-04-16,Completed,Web,East
12570,2888,2025-03-31,Completed,Partner,North
12571,101,2026-07-27,Completed,Mobile,West
12572,432,2025-12-15,Completed,Partner,West
12573,212,2025-05-06,Pending,Mobile,East
12574,2441,2026-02-23,Completed,Web,North
12575,2137,2026-04-19,Completed,Partner,West
12576,1510,2024-11-16,Completed,Mobile,South
12577,655,2024-10-25,Cancelled,Mobile,West
12578,2357,2026-03-09,Completed,Web,East
12579,2394,2026-06-20,Completed,Web,South
12580,2521,2024-07-09,Completed,Mobile,East
12581,1003,2026-05-10,Completed,Mobile,West
12582,1854,2025-02-23,Completed,Web,East
12583,2962,2024-01-12,Completed,Mobile,East
12584,2838,2024-04-27,Cancelled,Partner,South
12585,1576,2024-10-08,Completed,Mobile,North
12586,2266,2024-10-31,Completed,Web,South
12587,2065,2025-12-01,Completed,Mobile,West
12588,1331,2024-10-07,Completed,Mobile,North
12589,1558,2026-01-18,Completed,Mobile,South
12590,2123,2026-01-14,Completed,Partner,West
12591,759,2026-07-30,Completed,Partner,South
12592,967,2025-04-02,Completed,Web,East
12593,850,2024-09-12,Pending,Mobile,East
12594,1752,2024-05-04,Completed,Partner,North
12595,5,2025-06-04,Completed,Mobile,North
12596,520,2026-04-30,Pending,Mobile,East
12597,716,2026-08-18,Completed,Partner,South
12598,1896,2024-12-29,Completed,Partner,West
12599,888,2025-03-27,Completed,Web,South
12600,2002,2025-02-15,Completed,Web,North
12601,2726,2024-01-25,Completed,Mobile,South
12602,1203,2026-04-20,Completed,Web,West
12603,116,2026-03-28,Completed,Partner,East
12604,2437,2025-04-13,Completed,Web,North
12605,2189,2024-02-14,Completed,Mobile,East
12606,1968,2025-02-27,Completed,Mobile,North
12607,1054,2024-03-01,Completed,Web,East
12608,1428,2025-09-16,Completed,Mobile,North
12609,675,2024-08-12,Completed,Mobile,South
12610,1689,2025-03-20,Completed,Web,East
12611,2590,2025-04-14,Completed,Partner,North
12612,833,2024-01-31,Completed,Partner,North
12613,1874,2026-03-17,Completed,Web,South
12614,2764,2024-12-08,Completed,Mobile,West
12615,2433,2025-06-13,Completed,Web,South
12616,2414,2024-12-25,Completed,Partner,West
12617,1316,2026-03-21,Completed,Mobile,North
12618,2658,2024-09-21,Completed,Partner,East
12619,2563,2025-01-19,Completed,Partner,West
12620,1410,2026-02-27,Completed,Partner,North
12621,3,2025-03-04,Pending,Partner,South
12622,1431,2025-02-16,Completed,Partner,West
12623,313,2024-10-03,Completed,Mobile,North
12624,2101,2026-07-02,Pending,Partner,West
12625,1545,2024-05-12,Completed,Web,East
12626,723,2026-04-14,Completed,Web,East
12627,338,2026-07-31,Completed,Web,North
12628,603,2026-04-06,Pending,Mobile,East
12629,1023,2025-04-20,Completed,Partner,East
12630,1028,2026-05-15,Completed,Partner,South
12631,404,2026-01-23,Completed,Partner,West
12632,2687,2026-07-09,Completed,Partner,South
12633,845,2024-04-18,Completed,Web,East
12634,192,2026-01-02,Completed,Partner,South
12635,2043,2026-02-18,Completed,Web,North
12636,2850,2026-03-12,Pending,Mobile,South
12637,1213,2026-02-09,Cancelled,Partner,North
12638,597,2026-05-03,Pending,Partner,West
12639,1464,2025-11-15,Completed,Mobile,North
12640,2637,2024-03-08,Completed,Web,North
12641,746,2024-04-30,Completed,Web,South
12642,1154,2024-03-12,Completed,Mobile,East
12643,742,2025-05-17,Completed,Web,North
12644,926,2024-01-10,Completed,Mobile,South
12645,42,2026-07-20,Cancelled,Web,West
12646,1625,2024-10-18,Completed,Mobile,North
12647,767,2026-01-01,Completed,Web,South
12648,657,2026-06-23,Completed,Web,West
12649,1323,2024-08-10,Completed,Partner,West
12650,1741,2024-08-03,Completed,Mobile,West
12651,1727,2026-02-14,Cancelled,Partner,West
12652,323,2025-07-26,Cancelled,Partner,East
12653,633,2026-03-07,Completed,Mobile,West
12654,332,2024-03-15,Completed,Web,North
12655,652,2024-10-16,Completed,Web,East
12656,2456,2026-03-03,Completed,Partner,South
12657,1591,2025-08-16,Completed,Partner,South
12658,880,2026-08-25,Completed,Web,West
12659,1869,2026-03-18,Completed,Web,North
12660,1835,2025-09-05,Completed,Partner,West
12661,1881,2024-10-07,Completed,Mobile,South
12662,475,2026-04-28,Completed,Partner,West
12663,1752,2026-05-31,Completed,Mobile,North
12664,1211,2026-08-05,Completed,Web,North
12665,520,2024-10-09,Cancelled,Mobile,East
12666,1416,2025-12-15,Completed,Mobile,South
12667,164,2025-04-21,Cancelled,Mobile,South
12668,604,2024-11-27,Completed,Web,East
12669,59,2025-06-25,Completed,Partner,West
12670,2266,2024-12-10,Completed,Partner,South
12671,1816,2025-09-02,Completed,Web,North
12672,184,2024-02-02,Completed,Partner,North
12673,1313,2026-06-04,Completed,Mobile,South
12674,1291,2024-11-12,Completed,Partner,North
12675,2545,2024-03-16,Completed,Web,South
12676,407,2024-08-28,Completed,Partner,East
12677,2454,2025-05-12,Completed,Partner,East
12678,544,2024-10-26,Pending,Partner,West
12679,978,2025-06-13,Completed,Partner,North
12680,2477,2024-01-09,Completed,Mobile,South
12681,2264,2024-08-19,Cancelled,Mobile,East
12682,1334,2025-05-26,Completed,Web,East
12683,1588,2025-11-14,Completed,Web,West
12684,2376,2026-04-29,Completed,Partner,North
12685,1569,2025-06-04,Completed,Web,West
12686,2448,2025-03-14,Completed,Partner,West
12687,1449,2025-05-12,Completed,Mobile,West
12688,65,2025-03-12,Completed,Partner,North
12689,1508,2025-05-08,Completed,Partner,West
12690,1280,2025-03-10,Pending,Web,West
12691,2729,2026-06-14,Completed,Web,South
12692,1492,2025-10-21,Completed,Mobile,East
12693,1849,2026-01-14,Completed,Web,West
12694,1196,2024-12-10,Cancelled,Partner,South
12695,484,2026-01-26,Completed,Mobile,West
12696,1006,2025-12-25,Cancelled,Partner,South
12697,900,2024-11-20,Completed,Web,North
12698,140,2024-12-27,Completed,Mobile,West
12699,1573,2025-12-17,Completed,Partner,North
12700,2769,2025-05-12,Completed,Web,West
12701,538,2024-03-21,Completed,Web,North
12702,2825,2026-03-03,Completed,Partner,South
12703,2924,2026-06-16,Completed,Mobile,West
12704,2990,2026-05-11,Completed,Partner,North
12705,1674,2025-04-18,Completed,Web,North
12706,1316,2024-12-21,Completed,Web,North
12707,2506,2025-02-07,Completed,Partner,North
12708,1264,2025-11-22,Completed,Mobile,East
12709,1591,2026-07-08,Completed,Web,South
12710,136,2025-09-19,Completed,Partner,North
12711,1626,2025-08-26,Completed,Partner,South
12712,2077,2026-05-18,Completed,Web,South
12713,1790,2026-02-21,Completed,Mobile,East
12714,2696,2024-02-19,Completed,Partner,East
12715,36,2024-03-02,Completed,Mobile,West
12716,2345,2025-11-07,Completed,Web,West
12717,2983,2026-01-23,Completed,Partner,West
12718,1735,2026-05-29,Completed,Web,West
12719,72,2026-06-13,Completed,Mobile,North
12720,420,2025-04-25,Completed,Web,East
12721,601,2025-05-19,Completed,Partner,West
12722,1075,2025-07-02,Completed,Web,West
12723,2290,2026-02-15,Completed,Mobile,East
12724,1398,2025-05-15,Completed,Mobile,East
12725,2386,2026-08-26,Pending,Partner,West
12726,2506,2026-07-23,Completed,Partner,North
12727,298,2025-05-12,Completed,Partner,North
12728,517,2025-11-06,Completed,Web,East
12729,444,2025-03-28,Completed,Partner,West
12730,2290,2025-05-31,Completed,Partner,East
12731,1819,2024-11-03,Pending,Partner,West
12732,822,2025-02-05,Completed,Mobile,East
12733,2339,2025-08-30,Completed,Partner,North
12734,161,2025-04-02,Completed,Partner,West
12735,1707,2024-03-30,Completed,Web,West
12736,1362,2024-11-22,Completed,Mobile,East
12737,2554,2024-06-12,Completed,Web,North
12738,2981,2025-08-16,Completed,Mobile,South
12739,2463,2026-03-22,Completed,Mobile,South
12740,535,2025-09-19,Completed,Mobile,North
12741,2099,2025-08-29,Completed,Web,West
12742,605,2024-04-11,Completed,Partner,South
12743,1209,2025-01-30,Completed,Mobile,West
12744,201,2025-03-11,Completed,Partner,West
12745,1684,2025-09-07,Completed,Web,East
12746,485,2024-01-03,Pending,Partner,East
12747,1599,2024-01-02,Completed,Mobile,North
12748,644,2026-03-06,Completed,Mobile,East
12749,1462,2024-08-04,Completed,Mobile,South
12750,1541,2024-07-10,Completed,Mobile,West
12751,293,2024-04-18,Pending,Mobile,East
12752,20,2024-10-07,Completed,Mobile,East
12753,2216,2025-12-02,Pending,Web,East
12754,1205,2024-10-09,Completed,Mobile,East
12755,81,2025-04-04,Completed,Partner,West
12756,2465,2025-12-17,Completed,Partner,West
12757,2302,2025-08-20,Completed,Web,North
12758,2124,2024-04-27,Completed,Web,East
12759,149,2024-03-05,Completed,Web,West
12760,1909,2024-11-07,Completed,Partner,East
12761,2170,2025-07-29,Pending,Partner,South
12762,635,2026-02-10,Completed,Mobile,South
12763,2919,2025-09-16,Cancelled,Web,North
12764,2350,2024-12-30,Cancelled,Mobile,South
12765,1057,2025-09-10,Completed,Mobile,South
12766,23,2025-06-29,Completed,Partner,East
12767,1445,2026-05-03,Completed,Partner,North
12768,1534,2026-05-29,Completed,Web,South
12769,290,2025-02-09,Completed,Web,South
12770,599,2025-05-06,Completed,Mobile,North
12771,360,2025-09-02,Pending,Web,North
12772,801,2025-03-10,Completed,Partner,North
12773,1791,2025-08-07,Completed,Partner,North
12774,1571,2025-07-01,Completed,Mobile,South
12775,2823,2024-02-07,Completed,Web,West
12776,788,2026-05-16,Completed,Partner,North
12777,1195,2024-06-17,Completed,Mobile,South
12778,1751,2025-04-17,Cancelled,Web,West
12779,440,2024-04-15,Completed,Partner,East
12780,1884,2024-02-08,Completed,Mobile,North
12781,2795,2025-07-11,Completed,Partner,North
12782,1334,2024-12-12,Completed,Partner,East
12783,1212,2026-07-07,Completed,Web,South
12784,2874,2026-04-11,Completed,Mobile,East
12785,1885,2024-10-13,Completed,Mobile,West
12786,41,2025-11-03,Completed,Mobile,East
12787,1705,2026-05-03,Completed,Partner,South
12788,314,2024-02-24,Completed,Web,South
12789,2069,2024-04-12,Completed,Mobile,East
12790,130,2024-08-27,Cancelled,Web,West
12791,2451,2026-04-25,Completed,Web,East
12792,1905,2025-10-15,Completed,Mobile,North
12793,2078,2024-04-02,Completed,Partner,West
12794,1707,2026-01-07,Completed,Partner,West
12795,1030,2025-07-01,Completed,Partner,South
12796,126,2026-01-16,Completed,Mobile,South
12797,2168,2025-02-15,Completed,Partner,North
12798,2849,2025-08-04,Cancelled,Mobile,South
12799,1152,2024-11-04,Completed,Partner,North
12800,840,2025-08-14,Pending,Partner,West
12801,2084,2024-08-11,Cancelled,Mobile,North
12802,2649,2024-03-23,Completed,Mobile,West
12803,558,2026-04-28,Completed,Mobile,North
12804,572,2025-03-09,Completed,Partner,West
12805,2698,2025-10-01,Completed,Mobile,West
12806,2458,2024-07-21,Completed,Partner,North
12807,1796,2026-03-18,Completed,Web,West
12808,1916,2024-10-30,Pending,Mobile,East
12809,2757,2025-09-17,Completed,Web,South
12810,2944,2025-05-11,Completed,Partner,South
12811,514,2025-11-05,Completed,Web,West
12812,99,2024-07-08,Completed,Mobile,South
12813,645,2024-10-28,Pending,Mobile,South
12814,1791,2024-12-21,Completed,Web,North
12815,414,2026-07-18,Cancelled,Web,South
12816,2048,2025-08-23,Completed,Partner,West
12817,2760,2025-07-22,Completed,Mobile,South
12818,2939,2026-07-12,Completed,Web,South
12819,1754,2026-07-28,Completed,Web,South
12820,457,2026-08-12,Completed,Web,South
12821,2708,2026-06-03,Completed,Partner,South
12822,1117,2025-03-14,Completed,Partner,East
12823,520,2024-01-01,Pending,Web,East
12824,1080,2025-02-27,Completed,Mobile,South
12825,2572,2024-12-22,Completed,Web,West
12826,2053,2025-07-13,Completed,Mobile,North
12827,2186,2025-02-14,Completed,Web,East
12828,1523,2026-04-20,Completed,Partner,South
12829,2759,2025-03-17,Completed,Mobile,South
12830,2049,2026-08-20,Completed,Web,South
12831,870,2024-07-16,Cancelled,Web,North
12832,2364,2026-05-31,Completed,Partner,West
12833,74,2024-02-12,Completed,Web,West
12834,1397,2026-06-14,Completed,Mobile,South
12835,883,2024-04-05,Completed,Mobile,South
12836,810,2024-12-22,Completed,Mobile,East
12837,2416,2024-09-23,Completed,Web,North
12838,57,2024-08-12,Completed,Web,East
12839,582,2024-06-12,Completed,Web,East
12840,533,2024-02-16,Completed,Partner,South
12841,506,2024-06-22,Completed,Partner,West
12842,2538,2024-12-26,Completed,Web,North
12843,2201,2024-02-03,Completed,Partner,West
12844,1507,2025-02-23,Completed,Partner,West
12845,87,2026-07-20,Completed,Mobile,South
12846,1887,2024-09-02,Completed,Partner,North
12847,1950,2026-05-22,Completed,Web,East
12848,1299,2025-11-24,Cancelled,Web,South
12849,1400,2024-10-19,Completed,Partner,East
12850,1543,2025-11-15,Completed,Mobile,East
12851,1353,2026-07-23,Completed,Web,South
12852,1804,2025-02-10,Pending,Mobile,East
12853,1774,2025-08-01,Completed,Partner,South
12854,409,2026-02-17,Completed,Mobile,East
12855,2908,2024-12-02,Completed,Mobile,North
12856,1758,2024-05-11,Completed,Mobile,East
12857,1775,2025-11-12,Completed,Web,East
12858,2833,2024-06-03,Completed,Partner,East
12859,2862,2026-04-21,Completed,Partner,West
12860,211,2025-01-08,Cancelled,Web,South
12861,1864,2025-11-11,Completed,Partner,North
12862,1908,2025-06-07,Completed,Web,South
12863,2130,2025-08-21,Cancelled,Partner,East
12864,2732,2026-06-09,Completed,Partner,East
12865,61,2024-07-08,Completed,Mobile,North
12866,964,2026-08-11,Completed,Web,West
12867,2275,2024-09-20,Completed,Partner,East
12868,1925,2024-04-21,Completed,Mobile,North
12869,1245,2026-03-18,Pending,Partner,North
12870,1848,2025-06-29,Completed,Web,West
12871,1742,2025-06-06,Completed,Web,West
12872,2475,2024-11-08,Completed,Partner,East
12873,2745,2026-05-26,Completed,Web,West
12874,1275,2025-08-14,Completed,Web,North
12875,1218,2026-08-18,Completed,Partner,South
12876,1393,2024-11-16,Completed,Web,West
12877,2039,2026-01-04,Completed,Partner,South
12878,1019,2026-05-29,Completed,Mobile,East
12879,2934,2026-02-04,Completed,Web,West
12880,2274,2026-05-28,Completed,Partner,South
12881,1835,2026-04-05,Completed,Mobile,West
12882,2381,2025-07-20,Completed,Mobile,North
12883,1454,2026-05-31,Completed,Mobile,West
12884,177,2025-01-09,Pending,Web,South
12885,1081,2026-07-03,Completed,Partner,South
12886,146,2024-10-09,Completed,Partner,South
12887,1839,2024-01-28,Completed,Partner,South
12888,1151,2026-02-19,Cancelled,Mobile,West
12889,252,2025-02-01,Completed,Web,West
12890,2619,2026-04-01,Pending,Partner,West
12891,196,2026-01-30,Cancelled,Web,East
12892,47,2024-10-25,Completed,Partner,East
12893,1270,2024-06-15,Completed,Web,South
12894,1163,2026-02-10,Cancelled,Web,South
12895,1299,2024-05-19,Completed,Partner,South
12896,2315,2025-04-24,Completed,Partner,East
12897,1628,2025-08-11,Completed,Web,East
12898,1334,2026-08-19,Completed,Web,East
12899,2777,2024-01-17,Cancelled,Mobile,North
12900,2018,2026-07-16,Completed,Partner,South
12901,2221,2024-09-13,Pending,Web,South
12902,293,2026-03-02,Completed,Partner,East
12903,1413,2026-05-14,Completed,Mobile,North
12904,71,2024-12-16,Completed,Partner,North
12905,1111,2025-11-11,Completed,Mobile,East
12906,2384,2026-08-10,Completed,Web,East
12907,1559,2024-08-13,Completed,Partner,South
12908,581,2024-07-15,Completed,Partner,South
12909,753,2025-10-29,Completed,Mobile,West
12910,2233,2024-11-01,Completed,Web,East
12911,1374,2024-10-20,Completed,Web,North
12912,422,2024-01-12,Cancelled,Partner,South
12913,2848,2024-08-04,Completed,Partner,South
12914,585,2024-11-09,Completed,Mobile,South
12915,1758,2024-09-18,Completed,Partner,East
12916,1815,2025-11-07,Completed,Mobile,South
12917,2935,2024-10-08,Cancelled,Mobile,West
12918,817,2026-04-01,Completed,Mobile,West
12919,1988,2024-02-11,Pending,Partner,South
12920,2125,2025-10-23,Completed,Partner,North
12921,1871,2024-11-27,Pending,Web,East
12922,75,2025-12-03,Completed,Web,South
12923,2872,2025-03-21,Completed,Mobile,East
12924,2855,2024-11-18,Completed,Partner,East
12925,1800,2025-01-20,Completed,Mobile,South
12926,1414,2025-12-15,Completed,Partner,North
12927,2894,2025-06-22,Completed,Partner,North
12928,2953,2025-08-10,Completed,Web,North
12929,2969,2026-02-23,Completed,Partner,West
12930,128,2024-05-28,Completed,Partner,North
12931,334,2026-03-15,Completed,Partner,East
12932,1094,2025-03-27,Completed,Partner,North
12933,2927,2026-03-25,Completed,Web,South
12934,2275,2026-06-28,Pending,Partner,East
12935,2677,2025-02-07,Completed,Web,West
12936,2019,2024-08-22,Completed,Web,North
12937,2633,2026-07-06,Completed,Mobile,South
12938,2118,2025-10-02,Completed,Partner,South
12939,2468,2024-05-07,Completed,Web,East
12940,1826,2026-07-08,Completed,Web,East
12941,57,2024-11-05,Completed,Mobile,East
12942,1315,2025-10-15,Completed,Mobile,East
12943,1229,2026-08-05,Completed,Web,South
12944,2839,2026-01-28,Completed,Web,North
12945,1982,2025-09-24,Completed,Mobile,West
12946,2507,2024-04-08,Completed,Mobile,West
12947,2747,2026-06-29,Completed,Mobile,West
12948,675,2025-12-20,Completed,Web,South
12949,155,2025-05-10,Completed,Web,East
12950,627,2024-08-02,Completed,Mobile,West
12951,2870,2024-01-15,Completed,Mobile,East
12952,1805,2025-09-23,Completed,Web,South
12953,1867,2024-03-28,Completed,Mobile,East
12954,1473,2024-06-18,Completed,Web,North
12955,1958,2026-02-21,Completed,Web,East
12956,2438,2025-06-04,Completed,Mobile,West
12957,2374,2024-05-28,Completed,Web,South
12958,2011,2024-10-31,Completed,Mobile,North
12959,1538,2024-10-17,Completed,Web,South
12960,1590,2025-09-14,Completed,Mobile,West
12961,1222,2024-09-09,Completed,Web,East
12962,2423,2025-05-31,Completed,Partner,North
12963,384,2024-05-02,Completed,Mobile,South
12964,1629,2025-01-04,Completed,Mobile,North
12965,1389,2025-07-09,Completed,Web,South
12966,2299,2024-08-22,Completed,Mobile,North
12967,1553,2024-04-02,Completed,Web,North
12968,2854,2024-08-29,Completed,Web,East
12969,2697,2024-02-16,Completed,Partner,South
12970,1963,2025-07-25,Cancelled,Web,East
12971,2532,2024-08-12,Completed,Mobile,North
12972,2659,2025-12-29,Completed,Web,East
12973,2516,2026-07-12,Completed,Web,South
12974,1212,2026-05-10,Completed,Partner,South
12975,1679,2026-01-07,Completed,Partner,North
12976,83,2025-07-19,Completed,Mobile,East
12977,1051,2025-05-26,Completed,Web,South
12978,162,2024-11-18,Completed,Mobile,West
12979,1368,2024-10-26,Completed,Partner,South
12980,2777,2024-03-18,Completed,Web,North
12981,634,2025-03-05,Completed,Partner,North
12982,160,2024-09-16,Pending,Mobile,West
12983,2074,2025-12-10,Completed,Partner,South
12984,2200,2024-05-24,Completed,Mobile,North
12985,2008,2026-02-28,Completed,Web,East
12986,2966,2026-05-28,Completed,Partner,South
12987,447,2025-11-06,Completed,Mobile,South
12988,913,2024-01-23,Completed,Web,North
12989,1622,2025-02-02,Cancelled,Web,West
12990,2605,2025-04-05,Completed,Web,South
12991,1794,2025-01-31,Completed,Web,East
12992,2341,2025-10-22,Cancelled,Mobile,West
12993,2238,2026-03-01,Completed,Mobile,North
12994,144,2025-07-23,Completed,Web,West
12995,1134,2026-01-23,Completed,Partner,South
12996,580,2024-04-17,Completed,Partner,West
12997,833,2025-01-15,Completed,Web,North
12998,1246,2026-03-17,Pending,Mobile,South
12999,1517,2024-04-17,Completed,Mobile,South
13000,1325,2024-07-18,Completed,Partner,West
13001,1238,2026-02-23,Completed,Mobile,South
13002,3000,2025-08-08,Completed,Partner,South
13003,2863,2026-04-18,Completed,Mobile,North
13004,1714,2025-03-10,Completed,Mobile,South
13005,2555,2025-02-05,Completed,Partner,East
13006,1205,2025-09-17,Completed,Partner,East
13007,127,2024-12-08,Completed,Mobile,West
13008,2448,2026-08-18,Completed,Partner,West
13009,1032,2025-08-04,Completed,Web,West
13010,2005,2024-03-10,Completed,Partner,North
13011,587,2025-01-20,Completed,Partner,South
13012,2574,2024-03-19,Completed,Web,South
13013,171,2024-05-18,Completed,Web,South
13014,1807,2025-02-13,Completed,Web,North
13015,1702,2026-01-05,Completed,Mobile,West
13016,2673,2024-11-11,Completed,Partner,North
13017,708,2026-05-22,Completed,Mobile,North
13018,1828,2025-02-28,Cancelled,Partner,South
13019,1063,2024-06-04,Completed,Web,North
13020,2493,2025-11-03,Completed,Mobile,West
13021,1151,2026-02-09,Completed,Partner,West
13022,2585,2024-08-29,Completed,Mobile,South
13023,1561,2025-05-17,Completed,Mobile,North
13024,801,2026-08-21,Completed,Web,North
13025,1435,2024-04-17,Pending,Partner,North
13026,1794,2025-01-01,Completed,Web,East
13027,942,2025-02-14,Completed,Web,South
13028,1194,2026-08-25,Completed,Web,South
13029,711,2025-05-06,Completed,Web,East
13030,1455,2025-01-15,Completed,Mobile,West
13031,974,2026-03-18,Completed,Mobile,North
13032,925,2025-05-25,Completed,Partner,North
13033,329,2025-02-20,Completed,Partner,West
13034,2410,2026-03-23,Completed,Web,North
13035,2783,2025-10-26,Completed,Mobile,West
13036,1851,2025-02-12,Completed,Partner,East
13037,1362,2024-04-16,Completed,Web,East
13038,1856,2024-11-02,Completed,Partner,West
13039,1264,2025-08-20,Completed,Partner,East
13040,2357,2025-04-02,Pending,Partner,East
13041,1726,2026-07-19,Completed,Web,East
13042,2135,2026-03-07,Completed,Mobile,North
13043,2486,2024-05-05,Completed,Web,South
13044,2503,2025-04-20,Completed,Mobile,North
13045,1603,2024-07-28,Completed,Web,East
13046,1576,2024-05-03,Completed,Mobile,North
13047,872,2025-08-28,Completed,Partner,West
13048,460,2024-07-12,Completed,Mobile,South
13049,988,2025-06-11,Cancelled,Mobile,North
13050,1776,2026-05-01,Completed,Web,West
13051,957,2024-05-02,Pending,Mobile,South
13052,2345,2025-01-24,Cancelled,Mobile,West
13053,665,2024-03-24,Completed,Mobile,East
13054,1046,2024-07-05,Completed,Web,North
13055,2226,2025-05-06,Completed,Mobile,East
13056,1252,2024-10-03,Cancelled,Partner,South
13057,381,2025-03-27,Completed,Mobile,West
13058,604,2024-08-16,Completed,Mobile,East
13059,833,2025-07-10,Completed,Mobile,North
13060,2398,2026-05-22,Pending,Web,North
13061,2022,2025-11-23,Completed,Mobile,West
13062,1206,2024-03-24,Completed,Web,South
13063,1452,2026-06-09,Completed,Mobile,West
13064,789,2026-05-15,Completed,Mobile,East
13065,147,2026-08-10,Completed,Partner,East
13066,1723,2024-01-24,Pending,Web,North
13067,2077,2025-04-03,Pending,Partner,South
13068,922,2024-10-03,Completed,Web,South
13069,2251,2024-11-07,Cancelled,Mobile,South
13070,2530,2024-05-30,Cancelled,Web,East
13071,329,2025-09-01,Completed,Web,West
13072,1084,2026-02-04,Completed,Web,North
13073,235,2025-12-26,Completed,Web,East
13074,2376,2025-10-24,Completed,Web,North
13075,475,2025-06-13,Completed,Mobile,West
13076,2259,2025-10-05,Completed,Mobile,South
13077,804,2024-10-06,Completed,Web,South
13078,84,2024-04-13,Cancelled,Web,East
13079,490,2025-11-29,Completed,Web,North
13080,1204,2025-11-29,Completed,Partner,North
13081,2194,2024-12-23,Completed,Web,North
13082,2649,2025-05-01,Completed,Mobile,West
13083,1636,2026-06-17,Completed,Partner,South
13084,2819,2025-09-28,Completed,Mobile,South
13085,1646,2024-01-16,Pending,Partner,West
13086,612,2024-12-15,Completed,Mobile,North
13087,1972,2025-10-11,Completed,Mobile,North
13088,2308,2024-12-04,Completed,Web,East
13089,2782,2026-07-13,Cancelled,Web,North
13090,785,2024-03-12,Completed,Web,East
13091,2809,2026-01-28,Pending,Mobile,North
13092,617,2025-10-22,Completed,Web,West
13093,158,2024-01-08,Completed,Partner,East
13094,765,2026-08-24,Completed,Partner,West
13095,913,2024-04-25,Completed,Partner,North
13096,1977,2024-09-02,Completed,Web,East
13097,297,2026-04-18,Completed,Web,North
13098,2652,2025-09-03,Completed,Mobile,South
13099,2535,2024-11-01,Completed,Partner,East
13100,1553,2026-02-28,Completed,Partner,North
13101,1872,2024-12-12,Completed,Web,East
13102,1868,2026-07-11,Completed,Mobile,South
13103,2410,2025-07-07,Pending,Web,North
13104,2100,2025-04-06,Completed,Mobile,South
13105,68,2026-05-20,Completed,Web,East
13106,1285,2024-08-27,Completed,Web,South
13107,1311,2025-07-25,Completed,Partner,West
13108,1118,2026-05-27,Cancelled,Partner,North
13109,1510,2024-02-06,Completed,Mobile,South
13110,452,2026-07-10,Completed,Partner,South
13111,2136,2025-10-20,Cancelled,Partner,North
13112,1877,2024-02-05,Completed,Partner,North
13113,1635,2026-05-31,Completed,Mobile,South
13114,2353,2025-11-08,Completed,Partner,North
13115,929,2024-12-17,Completed,Mobile,East
13116,2325,2026-01-10,Completed,Partner,East
13117,1680,2025-01-28,Completed,Mobile,West
13118,1763,2026-02-23,Completed,Mobile,East
13119,769,2026-01-30,Completed,Partner,West
13120,2558,2026-08-13,Completed,Mobile,East
13121,1306,2025-01-23,Pending,Web,South
13122,1392,2026-05-25,Completed,Web,West
13123,65,2025-06-18,Completed,Mobile,North
13124,936,2025-11-26,Completed,Mobile,South
13125,1130,2024-12-22,Completed,Web,South
13126,501,2026-05-05,Completed,Partner,West
13127,680,2025-03-10,Completed,Mobile,South
13128,2803,2025-07-15,Completed,Mobile,West
13129,2156,2025-09-20,Completed,Web,South
13130,1915,2026-07-01,Cancelled,Mobile,East
13131,579,2025-08-21,Completed,Web,West
13132,2153,2025-09-07,Completed,Web,North
13133,967,2024-11-11,Completed,Web,East
13134,462,2024-01-02,Completed,Partner,East
13135,1292,2026-07-25,Completed,Partner,West
13136,1267,2025-04-19,Completed,Mobile,East
13137,2048,2024-09-02,Completed,Web,West
13138,2694,2025-10-23,Completed,Partner,South
13139,647,2024-05-07,Completed,Web,East
13140,162,2025-04-02,Completed,Partner,West
13141,2898,2025-12-03,Pending,Mobile,South
13142,1343,2026-02-25,Completed,Web,North
13143,661,2025-03-04,Completed,Partner,South
13144,1187,2025-08-30,Completed,Mobile,North
13145,2094,2025-08-14,Completed,Partner,South
13146,1195,2025-07-15,Completed,Web,South
13147,1691,2024-08-03,Completed,Partner,South
13148,1324,2025-04-13,Completed,Partner,North
13149,2691,2024-04-19,Cancelled,Web,North
13150,454,2025-10-10,Completed,Mobile,East
13151,1093,2026-06-16,Completed,Web,South
13152,682,2025-03-19,Completed,Mobile,South
13153,588,2025-04-16,Completed,Mobile,North
13154,720,2024-03-25,Completed,Partner,West
13155,2008,2026-06-03,Completed,Web,East
13156,1566,2024-03-12,Completed,Partner,West
13157,2111,2026-04-16,Completed,Partner,West
13158,1426,2024-11-29,Completed,Web,North
13159,762,2025-02-17,Completed,Web,South
13160,1948,2024-05-09,Completed,Partner,South
13161,2367,2024-12-15,Completed,Mobile,South
13162,232,2024-08-31,Completed,Web,West
13163,987,2024-08-08,Cancelled,Mobile,West
13164,1947,2025-12-04,Completed,Mobile,West
13165,1223,2024-12-25,Completed,Mobile,North
13166,1315,2025-07-23,Completed,Web,East
13167,520,2025-08-19,Completed,Web,East
13168,390,2025-01-05,Completed,Mobile,East
13169,1052,2026-01-06,Completed,Mobile,North
13170,1623,2024-05-03,Completed,Mobile,East
13171,1953,2024-10-17,Completed,Web,North
13172,1705,2026-02-02,Completed,Web,South
13173,2073,2024-06-04,Completed,Partner,West
13174,1181,2024-04-10,Completed,Partner,North
13175,58,2024-08-15,Completed,Web,West
13176,857,2024-08-10,Completed,Mobile,North
13177,1348,2026-05-01,Completed,Partner,East
13178,2903,2025-02-06,Completed,Web,South
13179,1350,2024-04-23,Completed,Mobile,South
13180,1764,2024-03-22,Completed,Partner,East
13181,1918,2024-07-20,Completed,Partner,North
13182,2324,2025-10-03,Cancelled,Web,South
13183,235,2025-03-25,Completed,Partner,East
13184,2354,2024-04-21,Completed,Partner,West
13185,2889,2026-08-28,Completed,Mobile,East
13186,420,2024-01-02,Completed,Mobile,East
13187,277,2026-02-03,Completed,Web,West
13188,2707,2026-01-30,Completed,Web,West
13189,2889,2024-05-16,Completed,Web,East
13190,1654,2026-06-01,Completed,Partner,West
13191,64,2025-03-05,Completed,Web,South
13192,105,2025-12-02,Completed,Partner,South
13193,1921,2024-07-27,Completed,Web,East
13194,2258,2026-04-17,Completed,Partner,North
13195,28,2025-09-24,Completed,Partner,East
13196,1931,2025-02-19,Completed,Partner,South
13197,2255,2024-02-04,Completed,Mobile,North
13198,1949,2024-01-23,Completed,Mobile,East
13199,356,2024-05-10,Completed,Partner,West
13200,1559,2025-03-23,Completed,Mobile,South
13201,1256,2026-08-07,Completed,Partner,West
13202,593,2024-02-11,Completed,Partner,East
13203,445,2024-10-20,Cancelled,Mobile,West
13204,2679,2026-08-13,Completed,Web,North
13205,2744,2024-12-09,Completed,Mobile,North
13206,961,2025-11-03,Completed,Mobile,North
13207,2246,2025-12-28,Completed,Mobile,North
13208,693,2025-06-30,Pending,Mobile,East
13209,451,2024-10-03,Cancelled,Web,North
13210,2209,2026-05-17,Completed,Mobile,East
13211,405,2025-01-08,Pending,Mobile,East
13212,2013,2024-02-11,Completed,Mobile,North
13213,2420,2025-10-01,Completed,Mobile,North
13214,134,2025-07-02,Completed,Partner,East
13215,500,2025-01-08,Completed,Partner,East
13216,1982,2024-11-30,Completed,Mobile,West
13217,2925,2026-03-05,Completed,Partner,West
13218,2901,2026-06-25,Completed,Partner,North
13219,983,2024-11-30,Completed,Partner,East
13220,1716,2026-05-05,Completed,Partner,South
13221,834,2025-06-22,Completed,Web,North
13222,1275,2025-10-05,Completed,Web,North
13223,1084,2024-09-20,Completed,Web,North
13224,649,2025-10-29,Completed,Partner,North
13225,1192,2024-08-22,Completed,Web,West
13226,2621,2024-08-08,Completed,Mobile,North
13227,2336,2026-02-19,Completed,Web,East
13228,325,2025-09-19,Completed,Web,South
13229,162,2025-05-07,Completed,Mobile,West
13230,372,2025-06-29,Completed,Partner,West
13231,1195,2026-07-22,Completed,Partner,South
13232,2380,2024-06-17,Completed,Mobile,South
13233,1751,2024-01-04,Completed,Web,West
13234,2665,2026-01-21,Completed,Web,South
13235,1906,2024-04-19,Completed,Mobile,South
13236,452,2025-03-06,Completed,Mobile,South
13237,194,2025-03-26,Pending,Web,West
13238,1122,2024-07-21,Cancelled,Mobile,South
13239,1158,2024-12-25,Pending,Mobile,West
13240,1950,2025-12-06,Completed,Mobile,East
13241,2633,2024-05-30,Completed,Mobile,South
13242,1319,2026-03-03,Cancelled,Web,West
13243,2262,2024-11-05,Completed,Partner,West
13244,1143,2026-04-09,Completed,Partner,East
13245,1843,2026-02-19,Completed,Partner,West
13246,1058,2026-05-02,Completed,Web,North
13247,419,2024-10-22,Completed,Mobile,West
13248,1650,2026-08-16,Completed,Mobile,South
13249,2752,2024-05-11,Completed,Partner,West
13250,2712,2025-01-08,Completed,Web,South
13251,1417,2026-05-16,Pending,Mobile,North
13252,1278,2024-11-12,Completed,Mobile,North
13253,433,2026-04-30,Completed,Partner,North
13254,2995,2025-04-04,Completed,Mobile,South
13255,1031,2025-01-16,Completed,Partner,West
13256,954,2024-04-14,Completed,Mobile,West
13257,2542,2025-09-16,Completed,Mobile,South
13258,1431,2026-06-27,Completed,Mobile,West
13259,1495,2025-06-10,Completed,Web,North
13260,1831,2026-04-01,Completed,Mobile,North
13261,275,2024-02-25,Completed,Partner,West
13262,1196,2026-06-21,Completed,Mobile,South
13263,696,2026-06-02,Completed,Mobile,South
13264,44,2026-05-10,Completed,Mobile,East
13265,268,2025-07-05,Completed,Mobile,South
13266,2032,2024-04-08,Completed,Web,South
13267,348,2025-11-13,Completed,Mobile,South
13268,2304,2026-08-26,Completed,Web,South
13269,961,2026-08-26,Completed,Web,North
13270,2658,2026-02-05,Completed,Partner,East
13271,1198,2024-10-09,Completed,Web,West
13272,1780,2025-11-20,Completed,Web,South
13273,811,2024-08-25,Completed,Mobile,South
13274,1686,2025-09-09,Completed,Partner,West
13275,346,2025-10-13,Completed,Partner,North
13276,825,2024-02-05,Completed,Partner,South
13277,612,2026-07-29,Completed,Mobile,North
13278,439,2024-10-02,Completed,Partner,North
13279,376,2025-10-20,Completed,Partner,West
13280,982,2024-12-05,Completed,Web,West
13281,2420,2025-10-22,Pending,Web,North
13282,561,2024-10-12,Completed,Mobile,East
13283,1151,2024-07-15,Completed,Partner,West
13284,1981,2025-11-29,Completed,Mobile,West
13285,521,2024-12-29,Completed,Partner,East
13286,622,2025-12-23,Completed,Web,West
13287,1112,2025-05-03,Completed,Web,North
13288,1108,2025-03-29,Completed,Partner,South
13289,870,2025-03-27,Completed,Web,North
13290,1033,2024-08-13,Completed,Web,East
13291,1654,2024-07-17,Completed,Mobile,West
13292,1491,2025-02-03,Completed,Mobile,North
13293,316,2025-06-28,Completed,Mobile,South
13294,181,2024-07-21,Completed,Mobile,West
13295,148,2025-09-18,Pending,Mobile,East
13296,1413,2025-10-20,Completed,Partner,North
13297,786,2026-04-13,Completed,Mobile,North
13298,2684,2026-02-24,Completed,Partner,West
13299,469,2024-10-28,Completed,Partner,West
13300,1452,2024-01-24,Cancelled,Partner,West
13301,1987,2024-02-27,Completed,Partner,West
13302,1841,2025-06-25,Completed,Partner,South
13303,2093,2024-01-14,Completed,Mobile,West
13304,1363,2025-06-29,Completed,Partner,South
13305,1761,2026-01-09,Completed,Mobile,North
13306,1732,2025-01-17,Cancelled,Web,West
13307,1338,2024-11-10,Completed,Mobile,West
13308,1016,2024-04-12,Completed,Web,East
13309,285,2024-05-23,Completed,Mobile,South
13310,2708,2024-03-02,Completed,Partner,South
13311,1074,2025-02-04,Completed,Mobile,South
13312,2364,2024-09-30,Completed,Web,West
13313,2716,2026-06-22,Pending,Mobile,West
13314,66,2025-07-03,Completed,Web,South
13315,153,2024-04-25,Completed,Mobile,East
13316,1742,2025-09-24,Completed,Partner,West
13317,737,2024-12-06,Cancelled,Partner,East
13318,1875,2026-04-12,Pending,Web,East
13319,2118,2025-03-08,Completed,Partner,South
13320,2939,2025-10-11,Completed,Mobile,South
13321,383,2024-12-02,Completed,Partner,West
13322,2956,2024-05-06,Completed,Mobile,South
13323,902,2026-06-04,Completed,Partner,East
13324,295,2025-03-12,Pending,Mobile,West
13325,2576,2025-06-24,Completed,Mobile,North
13326,1248,2026-01-30,Completed,Mobile,East
13327,273,2024-08-28,Completed,Mobile,West
13328,990,2026-01-30,Completed,Web,East
13329,477,2026-03-20,Completed,Mobile,North
13330,350,2024-08-24,Completed,Partner,North
13331,1609,2024-07-27,Completed,Partner,East
13332,2316,2024-11-30,Completed,Partner,East
13333,2192,2025-10-30,Completed,Mobile,South
13334,1165,2025-03-18,Completed,Partner,East
13335,2790,2025-03-03,Completed,Mobile,West
13336,2472,2025-09-14,Completed,Web,West
13337,1411,2026-07-09,Completed,Partner,East
13338,1214,2025-12-08,Completed,Web,North
13339,977,2024-12-09,Completed,Mobile,East
13340,830,2024-04-21,Completed,Mobile,South
13341,12,2026-03-31,Completed,Partner,West
13342,1179,2026-03-30,Cancelled,Mobile,South
13343,1872,2025-02-24,Completed,Partner,East
13344,2623,2026-04-04,Completed,Web,West
13345,161,2026-05-28,Completed,Web,West
13346,339,2024-08-11,Completed,Web,South
13347,1885,2025-05-18,Completed,Partner,West
13348,1834,2026-05-28,Cancelled,Partner,West
13349,2969,2025-06-26,Completed,Mobile,West
13350,2383,2024-01-31,Completed,Web,East
13351,1244,2024-06-10,Completed,Partner,East
13352,1622,2025-07-18,Completed,Web,West
13353,2841,2025-02-06,Completed,Partner,East
13354,1883,2026-04-28,Completed,Mobile,West
13355,2131,2024-01-25,Cancelled,Mobile,North
13356,239,2025-05-04,Completed,Web,South
13357,1909,2026-04-25,Cancelled,Web,East
13358,1733,2025-10-17,Completed,Partner,North
13359,749,2026-07-10,Completed,Mobile,West
13360,639,2025-03-31,Completed,Partner,South
13361,2623,2025-11-12,Completed,Web,West
13362,2581,2026-01-05,Completed,Mobile,South
13363,2274,2025-03-26,Completed,Partner,South
13364,208,2024-10-22,Completed,Mobile,West
13365,1442,2026-02-11,Completed,Web,East
13366,2159,2026-06-09,Completed,Mobile,South
13367,2389,2024-06-23,Completed,Partner,South
13368,1008,2025-10-18,Completed,Web,East
13369,568,2025-09-09,Completed,Web,East
13370,2576,2026-06-09,Completed,Web,North
13371,843,2025-10-25,Completed,Mobile,North
13372,2260,2024-04-19,Completed,Web,South
13373,1620,2025-08-26,Completed,Web,South
13374,583,2025-12-10,Completed,Mobile,East
13375,1734,2024-01-22,Completed,Mobile,West
13376,1824,2025-08-05,Completed,Partner,North
13377,1252,2026-08-11,Completed,Mobile,South
13378,1353,2025-03-29,Completed,Web,South
13379,536,2026-08-26,Completed,Mobile,North
13380,2488,2026-04-29,Completed,Mobile,West
13381,2075,2025-01-01,Completed,Web,West
13382,613,2024-04-24,Completed,Web,South
13383,1529,2025-11-29,Completed,Mobile,South
13384,1619,2024-08-25,Cancelled,Web,West
13385,409,2024-10-10,Pending,Mobile,East
13386,941,2025-08-23,Completed,Mobile,South
13387,2953,2025-12-16,Completed,Mobile,North
13388,2616,2026-07-02,Completed,Mobile,South
13389,395,2024-10-12,Completed,Web,North
13390,2191,2026-06-28,Completed,Partner,East
13391,1988,2024-03-19,Cancelled,Web,South
13392,1564,2026-02-16,Completed,Mobile,South
13393,1162,2026-05-15,Completed,Partner,East
13394,1501,2024-10-21,Completed,Partner,North
13395,1769,2024-07-02,Completed,Mobile,South
13396,2459,2024-07-11,Completed,Mobile,West
13397,1453,2025-06-07,Completed,Mobile,West
13398,1709,2025-06-24,Completed,Mobile,South
13399,1458,2024-03-23,Cancelled,Web,North
13400,1706,2024-07-20,Completed,Partner,North
13401,2369,2024-05-14,Completed,Web,North
13402,2173,2026-01-01,Completed,Web,East
13403,1699,2026-08-15,Completed,Web,West
13404,799,2024-05-07,Completed,Mobile,East
13405,2811,2024-09-08,Completed,Web,South
13406,2227,2025-02-15,Completed,Mobile,South
13407,2732,2025-02-06,Completed,Mobile,East
13408,1333,2025-06-17,Completed,Partner,North
13409,2175,2026-01-26,Completed,Partner,West
13410,1342,2024-09-13,Cancelled,Partner,North
13411,2951,2024-07-22,Completed,Mobile,South
13412,1678,2025-04-27,Completed,Mobile,West
13413,2791,2026-08-11,Pending,Mobile,North
13414,1086,2024-05-15,Completed,Mobile,North
13415,845,2025-11-19,Completed,Web,East
13416,2371,2026-06-07,Completed,Partner,North
13417,1155,2025-03-09,Completed,Web,South
13418,2860,2025-04-08,Completed,Mobile,North
13419,2045,2026-07-21,Completed,Mobile,West
13420,2144,2026-04-15,Completed,Mobile,West
13421,847,2024-05-29,Completed,Web,West
13422,443,2026-04-28,Completed,Partner,North
13423,1627,2026-07-08,Completed,Web,South
13424,2521,2024-08-04,Completed,Web,East
13425,2742,2024-03-29,Cancelled,Web,West
13426,2160,2024-06-14,Completed,Mobile,West
13427,1450,2024-10-09,Completed,Mobile,North
13428,1391,2025-02-22,Completed,Partner,East
13429,215,2025-04-08,Cancelled,Partner,West
13430,2359,2025-10-26,Completed,Partner,South
13431,2682,2026-04-02,Pending,Mobile,South
13432,1912,2024-12-03,Completed,Mobile,North
13433,1822,2024-07-10,Completed,Partner,South
13434,2634,2025-02-25,Completed,Partner,North
13435,1467,2026-02-09,Completed,Partner,East
13436,624,2026-06-04,Completed,Web,South
13437,1996,2024-07-02,Completed,Mobile,West
13438,1274,2024-08-02,Completed,Mobile,East
13439,1702,2026-02-26,Completed,Mobile,West
13440,729,2026-02-19,Completed,Web,North
13441,1849,2024-06-15,Completed,Partner,West
13442,1030,2025-02-22,Completed,Partner,South
13443,538,2026-03-26,Cancelled,Partner,North
13444,1592,2025-04-14,Completed,Web,North
13445,2737,2024-07-23,Completed,Mobile,North
13446,1794,2024-04-18,Completed,Mobile,East
13447,959,2025-09-13,Completed,Partner,West
13448,148,2026-06-23,Completed,Mobile,East
13449,208,2026-05-24,Completed,Web,West
13450,819,2026-05-28,Completed,Web,West
13451,975,2026-04-29,Completed,Web,West
13452,2368,2024-09-22,Completed,Mobile,West
13453,642,2024-03-25,Completed,Partner,South
13454,1616,2026-05-19,Completed,Web,East
13455,104,2024-04-29,Completed,Web,South
13456,508,2024-09-01,Completed,Partner,North
13457,2405,2025-02-02,Completed,Partner,North
13458,1758,2024-03-02,Pending,Mobile,East
13459,810,2025-11-01,Completed,Partner,East
13460,987,2024-10-11,Completed,Partner,West
13461,1349,2026-08-02,Completed,Web,North
13462,146,2025-06-30,Completed,Mobile,South
13463,183,2026-04-11,Cancelled,Web,South
13464,1447,2025-03-08,Completed,Partner,North
13465,933,2024-02-06,Completed,Mobile,West
13466,1899,2025-12-28,Completed,Web,North
13467,2180,2026-08-08,Completed,Partner,North
13468,510,2024-03-07,Completed,Web,South
13469,981,2024-02-05,Completed,Partner,North
13470,1825,2024-11-05,Pending,Mobile,West
13471,567,2025-07-09,Completed,Web,South
13472,1676,2025-07-04,Cancelled,Partner,West
13473,2778,2026-05-04,Completed,Mobile,East
13474,2413,2025-07-08,Pending,Mobile,West
13475,545,2024-05-07,Completed,Mobile,East
13476,2083,2026-07-21,Cancelled,Partner,East
13477,62,2025-01-08,Completed,Partner,North
13478,901,2024-05-02,Completed,Mobile,North
13479,2430,2025-01-07,Completed,Web,East
13480,1618,2026-06-12,Pending,Partner,North
13481,1928,2024-02-09,Completed,Web,South
13482,1207,2025-04-23,Completed,Web,East
13483,2800,2026-06-21,Completed,Mobile,South
13484,232,2026-06-16,Completed,Web,West
13485,162,2025-01-24,Completed,Partner,West
13486,2327,2024-04-08,Completed,Partner,East
13487,708,2024-05-10,Completed,Mobile,North
13488,106,2026-05-29,Completed,Web,East
13489,2637,2025-08-28,Cancelled,Web,North
13490,1661,2025-09-15,Completed,Web,West
13491,936,2026-04-15,Completed,Mobile,South
13492,1414,2025-02-13,Completed,Web,North
13493,2404,2024-04-18,Completed,Partner,North
13494,1890,2025-02-21,Pending,Partner,East
13495,1766,2024-05-07,Completed,Mobile,West
13496,1892,2025-04-09,Completed,Mobile,West
13497,1927,2026-06-28,Completed,Mobile,North
13498,1065,2026-02-22,Completed,Mobile,South
13499,832,2024-03-14,Cancelled,Web,South
13500,1119,2025-10-30,Cancelled,Web,East
13501,2010,2026-03-01,Completed,Partner,West
13502,76,2025-02-19,Completed,Partner,West
13503,966,2026-04-08,Pending,Mobile,South
13504,1089,2024-09-02,Completed,Web,North
13505,1885,2025-05-14,Completed,Web,West
13506,1129,2025-10-02,Completed,Partner,East
13507,2390,2024-08-22,Completed,Web,North
13508,1616,2025-05-13,Completed,Web,East
13509,1054,2026-02-07,Completed,Mobile,East
13510,2777,2026-01-28,Completed,Partner,North
13511,1768,2024-12-02,Completed,Partner,South
13512,2851,2026-03-21,Completed,Mobile,South
13513,905,2024-12-19,Completed,Mobile,North
13514,2711,2025-01-23,Completed,Partner,North
13515,1875,2024-07-03,Completed,Mobile,East
13516,482,2025-05-10,Cancelled,Web,North
13517,2550,2026-06-01,Completed,Mobile,South
13518,272,2024-03-21,Completed,Partner,North
13519,109,2024-06-26,Completed,Mobile,West
13520,846,2025-10-05,Completed,Mobile,West
13521,2801,2025-12-16,Completed,Mobile,East
13522,3,2026-04-26,Completed,Mobile,South
13523,2863,2025-05-22,Completed,Web,North
13524,2707,2025-08-20,Completed,Mobile,West
13525,1839,2026-08-09,Completed,Partner,South
13526,1502,2026-03-10,Completed,Partner,West
13527,693,2024-05-04,Completed,Partner,East
13528,2203,2025-11-24,Completed,Mobile,East
13529,2462,2026-06-09,Completed,Web,North
13530,1036,2024-07-14,Completed,Web,South
13531,158,2025-02-15,Completed,Web,East
13532,1109,2025-05-19,Completed,Web,South
13533,538,2025-10-02,Completed,Web,North
13534,1942,2025-09-17,Completed,Web,South
13535,2716,2025-07-05,Completed,Web,West
13536,1603,2026-03-22,Completed,Web,East
13537,1841,2024-02-08,Completed,Mobile,South
13538,2645,2025-03-02,Cancelled,Mobile,West
13539,2396,2024-11-12,Completed,Web,East
13540,1558,2026-02-27,Completed,Mobile,South
13541,2219,2024-07-08,Completed,Mobile,North
13542,1489,2024-10-10,Completed,Mobile,East
13543,1318,2026-06-01,Completed,Partner,West
13544,891,2026-03-15,Completed,Web,North
13545,607,2025-11-20,Completed,Web,East
13546,76,2024-01-21,Pending,Web,West
13547,1307,2025-12-27,Completed,Web,North
13548,2489,2026-07-11,Completed,Partner,North
13549,392,2024-07-01,Completed,Mobile,East
13550,2446,2025-12-04,Completed,Partner,West
13551,1030,2025-01-22,Completed,Partner,South
13552,418,2024-11-06,Completed,Web,West
13553,2231,2024-09-10,Completed,Partner,South
13554,2987,2025-04-26,Completed,Partner,South
13555,1738,2025-12-28,Completed,Mobile,East
13556,357,2024-01-01,Completed,Partner,North
13557,1289,2026-04-10,Cancelled,Partner,South
13558,2505,2025-01-01,Completed,Web,North
13559,2772,2024-01-08,Pending,Mobile,South
13560,921,2026-06-21,Completed,Web,North
13561,829,2025-03-18,Completed,Mobile,West
13562,2355,2026-06-25,Completed,Web,West
13563,1271,2024-02-18,Completed,Partner,East
13564,2954,2024-04-10,Completed,Partner,West
13565,301,2026-02-21,Completed,Mobile,West
13566,471,2024-06-24,Completed,Web,South
13567,443,2024-04-01,Completed,Partner,North
13568,2896,2026-04-20,Completed,Web,East
13569,1368,2026-03-19,Cancelled,Web,South
13570,2296,2025-06-08,Completed,Web,East
13571,998,2025-04-30,Cancelled,Mobile,North
13572,636,2024-11-24,Completed,Partner,East
13573,1811,2024-12-07,Pending,Partner,East
13574,1919,2026-04-04,Completed,Partner,North
13575,910,2024-10-31,Completed,Web,North
13576,1993,2025-03-15,Completed,Web,South
13577,1057,2024-08-20,Completed,Partner,South
13578,1739,2026-04-23,Completed,Web,North
13579,841,2025-03-27,Completed,Mobile,North
13580,292,2024-03-21,Completed,Partner,East
13581,2007,2026-06-17,Completed,Mobile,West
13582,124,2025-03-09,Completed,Partner,South
13583,32,2024-10-29,Pending,Mobile,South
13584,2192,2024-04-13,Completed,Partner,South
13585,1337,2024-03-19,Completed,Mobile,North
13586,328,2024-06-23,Completed,Web,East
13587,1542,2024-09-09,Completed,Partner,East
13588,506,2025-07-19,Pending,Partner,West
13589,1026,2026-05-20,Completed,Partner,East
13590,1501,2024-03-22,Completed,Web,North
13591,73,2025-03-12,Completed,Mobile,North
13592,377,2025-05-14,Completed,Partner,South
13593,670,2024-06-23,Completed,Partner,West
13594,662,2024-07-04,Completed,Web,East
13595,1348,2025-01-01,Completed,Partner,East
13596,533,2026-07-31,Completed,Web,South
13597,1132,2026-03-08,Completed,Mobile,West
13598,2586,2026-06-14,Completed,Mobile,North
13599,1889,2024-07-02,Completed,Mobile,West
13600,2148,2026-07-14,Cancelled,Web,North
13601,765,2026-06-17,Cancelled,Web,West
13602,2616,2024-06-10,Completed,Mobile,South
13603,1190,2025-05-01,Completed,Web,East
13604,2039,2024-02-15,Completed,Mobile,South
13605,1374,2025-08-25,Completed,Partner,North
13606,2120,2024-11-22,Completed,Partner,West
13607,735,2026-05-07,Completed,Web,South
13608,39,2026-07-30,Completed,Mobile,North
13609,152,2025-11-19,Completed,Partner,East
13610,966,2025-11-18,Completed,Mobile,South
13611,1289,2024-08-03,Completed,Partner,South
13612,2340,2025-09-13,Pending,Web,East
13613,1634,2025-05-15,Completed,Mobile,South
13614,2844,2024-06-11,Completed,Partner,South
13615,2245,2024-11-25,Completed,Web,North
13616,358,2024-08-31,Cancelled,Partner,West
13617,553,2024-05-23,Completed,Partner,West
13618,1718,2024-05-11,Completed,Partner,North
13619,1784,2025-07-02,Cancelled,Mobile,South
13620,2238,2025-09-14,Cancelled,Mobile,North
13621,1519,2025-12-28,Completed,Web,East
13622,1492,2024-02-02,Cancelled,Mobile,East
13623,1472,2025-05-06,Cancelled,Web,South
13624,1974,2026-03-16,Completed,Partner,East
13625,420,2026-02-28,Completed,Mobile,East
13626,336,2026-02-28,Completed,Mobile,North
13627,2374,2024-11-13,Completed,Web,South
13628,1697,2025-08-18,Completed,Mobile,East
13629,2826,2024-09-05,Completed,Partner,West
13630,110,2025-02-20,Completed,Partner,South
13631,915,2026-02-20,Completed,Web,East
13632,938,2026-08-03,Completed,Partner,West
13633,1500,2024-02-06,Completed,Web,East
13634,2128,2024-02-11,Completed,Partner,South
13635,2651,2026-01-20,Completed,Web,West
13636,2959,2025-08-31,Completed,Mobile,North
13637,1704,2025-01-31,Completed,Mobile,East
13638,1218,2026-06-23,Completed,Web,South
13639,2012,2024-04-04,Completed,Web,North
13640,2430,2025-08-16,Completed,Mobile,East
13641,256,2024-01-13,Completed,Mobile,East
13642,2374,2026-03-06,Completed,Partner,South
13643,1124,2025-05-07,Completed,Mobile,East
13644,1749,2024-10-01,Completed,Web,South
13645,535,2024-08-08,Completed,Web,North
13646,1482,2024-01-10,Completed,Partner,East
13647,1785,2024-10-04,Completed,Web,North
13648,437,2026-08-24,Completed,Web,West
13649,2384,2025-12-09,Cancelled,Web,East
13650,1488,2025-01-30,Completed,Web,South
13651,109,2024-11-11,Completed,Web,West
13652,2046,2025-11-22,Completed,Web,West
13653,2401,2025-12-10,Completed,Web,East
13654,1835,2024-08-27,Completed,Web,West
13655,939,2025-08-28,Completed,Partner,North
13656,8,2025-02-23,Completed,Partner,North
13657,1212,2026-07-10,Completed,Partner,South
13658,2959,2024-07-06,Pending,Partner,North
13659,278,2024-11-20,Completed,Mobile,North
13660,509,2025-03-16,Completed,Partner,North
13661,528,2025-06-01,Completed,Partner,South
13662,1317,2024-05-20,Completed,Web,North
13663,117,2026-04-29,Completed,Partner,East
13664,359,2024-10-05,Completed,Mobile,South
13665,1592,2025-08-08,Completed,Web,North
13666,474,2025-06-16,Pending,Mobile,North
13667,2278,2025-11-12,Cancelled,Mobile,South
13668,185,2024-08-19,Completed,Web,North
13669,1728,2024-03-08,Completed,Partner,East
13670,2258,2026-02-01,Pending,Mobile,North
13671,2415,2024-01-06,Completed,Mobile,East
13672,2134,2024-11-21,Completed,Partner,North
13673,1309,2025-12-20,Completed,Partner,North
13674,1854,2024-11-03,Completed,Web,East
13675,2632,2025-12-03,Completed,Mobile,North
13676,892,2025-03-06,Completed,Web,East
13677,2786,2025-12-11,Completed,Mobile,West
13678,524,2026-02-07,Completed,Partner,South
13679,1797,2025-03-11,Completed,Web,West
13680,677,2025-10-12,Completed,Partner,West
13681,1149,2025-08-29,Completed,Web,East
13682,2657,2026-08-01,Completed,Partner,East
13683,2926,2024-01-29,Completed,Partner,West
13684,1712,2026-03-08,Completed,Partner,East
13685,1392,2024-04-11,Completed,Web,West
13686,402,2026-06-12,Completed,Web,East
13687,2322,2025-08-08,Completed,Web,West
13688,1815,2025-11-02,Completed,Partner,South
13689,2425,2024-12-26,Completed,Mobile,South
13690,2353,2026-03-23,Completed,Web,North
13691,799,2026-01-29,Cancelled,Web,East
13692,1526,2024-08-02,Cancelled,Web,North
13693,440,2026-08-14,Completed,Web,East
13694,2502,2026-01-17,Completed,Partner,East
13695,232,2025-09-01,Completed,Partner,West
13696,49,2025-09-19,Completed,Mobile,South
13697,2997,2025-07-08,Completed,Mobile,South
13698,35,2025-03-31,Completed,Web,West
13699,34,2025-05-23,Completed,Partner,North
13700,857,2025-09-23,Completed,Partner,North
13701,2812,2025-12-09,Completed,Mobile,East
13702,1978,2026-07-07,Completed,Partner,East
13703,1156,2024-04-07,Completed,Partner,East
13704,2390,2025-09-10,Completed,Partner,North
13705,2488,2026-07-02,Completed,Partner,West
13706,157,2025-04-27,Completed,Web,North
13707,2049,2025-04-18,Completed,Partner,South
13708,529,2025-10-12,Completed,Partner,West
13709,341,2024-12-22,Completed,Mobile,North
13710,1247,2024-11-08,Completed,Mobile,North
13711,2080,2024-02-19,Completed,Partner,South
13712,421,2026-03-13,Completed,Partner,East
13713,336,2026-04-30,Completed,Web,North
13714,1952,2026-08-03,Completed,Partner,East
13715,802,2025-02-23,Completed,Partner,East
13716,2695,2024-01-03,Completed,Mobile,South
13717,285,2024-09-24,Completed,Web,South
13718,12,2025-01-14,Completed,Partner,West
13719,1198,2026-06-02,Cancelled,Web,West
13720,655,2024-03-06,Completed,Partner,West
13721,1960,2025-03-01,Completed,Mobile,East
13722,1703,2026-05-19,Completed,Web,South
13723,1190,2026-06-23,Completed,Web,East
13724,2748,2025-05-22,Completed,Partner,North
13725,1302,2025-04-25,Completed,Partner,East
13726,485,2024-12-24,Completed,Web,East
13727,667,2026-07-01,Completed,Partner,East
13728,2939,2026-07-22,Completed,Mobile,South
13729,119,2025-12-15,Cancelled,Web,East
13730,377,2025-07-30,Completed,Mobile,South
13731,2450,2026-08-26,Completed,Partner,North
13732,2693,2026-01-21,Completed,Partner,North
13733,1101,2024-11-07,Completed,Web,North
13734,2067,2025-03-09,Completed,Partner,East
13735,802,2026-03-06,Completed,Mobile,East
13736,2662,2026-05-05,Completed,Web,North
13737,1827,2026-04-30,Completed,Web,East
13738,439,2024-02-10,Completed,Mobile,North
13739,82,2026-02-12,Completed,Web,North
13740,1230,2026-05-11,Completed,Mobile,South
13741,38,2024-05-26,Pending,Partner,North
13742,1437,2024-05-09,Completed,Web,West
13743,2868,2026-07-09,Completed,Web,North
13744,2513,2024-10-30,Completed,Mobile,South
13745,1671,2026-07-31,Pending,Partner,East
13746,1933,2025-11-03,Cancelled,Mobile,South
13747,1430,2024-10-10,Completed,Mobile,East
13748,367,2024-06-13,Completed,Web,South
13749,673,2024-05-29,Completed,Mobile,North
13750,1445,2026-06-09,Completed,Mobile,North
13751,2472,2026-07-24,Completed,Partner,West
13752,888,2025-08-06,Cancelled,Web,South
13753,2118,2025-07-31,Completed,Mobile,South
13754,2992,2024-07-15,Completed,Web,East
13755,2578,2024-05-18,Completed,Mobile,West
13756,2150,2025-02-11,Completed,Mobile,East
13757,601,2025-10-05,Completed,Mobile,West
13758,2393,2024-11-22,Completed,Web,East
13759,2903,2025-08-02,Completed,Web,South
13760,2373,2024-02-22,Completed,Web,North
13761,1939,2025-09-06,Pending,Mobile,West
13762,1564,2026-08-05,Completed,Mobile,South
13763,909,2026-06-07,Completed,Web,South
13764,1744,2025-04-15,Completed,Mobile,North
13765,1996,2024-11-13,Pending,Web,West
13766,359,2024-08-30,Cancelled,Web,South
13767,1005,2026-03-16,Completed,Mobile,North
13768,2123,2026-07-26,Completed,Mobile,West
13769,938,2024-04-12,Completed,Web,West
13770,35,2024-05-28,Completed,Partner,West
13771,602,2024-08-25,Completed,Web,West
13772,1608,2024-12-08,Completed,Partner,West
13773,2881,2026-01-09,Pending,Mobile,South
13774,863,2025-09-01,Completed,Partner,South
13775,2117,2025-08-14,Pending,Web,West
13776,2462,2025-06-08,Completed,Web,North
13777,2612,2025-06-11,Completed,Web,East
13778,1054,2025-06-10,Completed,Partner,East
13779,1745,2024-02-06,Completed,Partner,West
13780,311,2024-01-26,Completed,Web,East
13781,1523,2025-02-07,Completed,Mobile,South
13782,1333,2026-03-24,Completed,Web,North
13783,13,2026-03-09,Completed,Web,West
13784,2799,2024-09-06,Completed,Web,East
13785,1554,2025-04-10,Completed,Web,East
13786,1961,2024-04-06,Completed,Web,East
13787,2769,2024-05-28,Completed,Web,West
13788,328,2025-03-30,Completed,Partner,East
13789,1610,2025-10-05,Completed,Web,West
13790,2331,2026-04-21,Completed,Mobile,West
13791,1182,2025-09-23,Completed,Mobile,South
13792,2372,2024-08-04,Completed,Web,South
13793,896,2024-06-18,Completed,Partner,East
13794,384,2025-09-15,Completed,Web,South
13795,1368,2026-02-19,Completed,Partner,South
13796,2979,2025-09-30,Completed,Mobile,West
13797,421,2025-02-18,Completed,Web,East
13798,2701,2026-01-12,Completed,Web,West
13799,2860,2025-07-16,Completed,Mobile,North
13800,244,2025-06-05,Completed,Partner,South
13801,1291,2025-09-15,Completed,Partner,North
13802,2970,2025-09-07,Completed,Mobile,South
13803,1455,2026-07-01,Completed,Web,West
13804,2909,2024-04-20,Completed,Mobile,East
13805,2262,2024-12-30,Completed,Mobile,West
13806,2231,2026-02-11,Completed,Partner,South
13807,2536,2025-03-04,Completed,Mobile,West
13808,2330,2024-01-31,Completed,Mobile,East
13809,1419,2026-07-12,Completed,Web,North
13810,1292,2026-04-11,Completed,Partner,West
13811,705,2025-08-26,Completed,Mobile,West
13812,81,2024-12-31,Completed,Partner,West
13813,271,2026-08-11,Completed,Mobile,South
13814,2820,2024-07-28,Completed,Mobile,West
13815,1597,2024-07-26,Completed,Mobile,North
13816,1377,2025-05-05,Completed,Mobile,West
13817,717,2024-11-26,Completed,Partner,North
13818,2112,2025-12-25,Completed,Web,South
13819,2912,2025-05-06,Completed,Partner,West
13820,1141,2024-09-16,Pending,Web,West
13821,52,2026-05-23,Completed,Web,East
13822,2013,2025-12-11,Completed,Mobile,North
13823,1892,2024-01-11,Completed,Web,West
13824,2009,2025-04-04,Completed,Web,North
13825,113,2025-03-14,Completed,Web,East
13826,1614,2025-10-18,Completed,Web,South
13827,1632,2024-04-09,Completed,Web,East
13828,2470,2024-10-30,Completed,Mobile,North
13829,1258,2025-11-16,Completed,Web,South
13830,1957,2025-11-14,Completed,Mobile,North
13831,2881,2026-05-18,Completed,Mobile,South
13832,407,2024-04-23,Completed,Web,East
13833,1636,2024-06-26,Pending,Web,South
13834,1562,2026-06-29,Completed,Web,South
13835,2167,2025-08-05,Cancelled,Mobile,West
13836,2435,2026-02-27,Completed,Web,West
13837,305,2026-02-17,Cancelled,Web,South
13838,638,2025-07-23,Completed,Partner,South
13839,2750,2025-05-10,Completed,Mobile,West
13840,315,2026-06-12,Completed,Mobile,North
13841,1098,2024-09-03,Completed,Partner,North
13842,1955,2025-03-02,Completed,Partner,East
13843,2940,2024-05-23,Completed,Partner,South
13844,2205,2025-09-09,Cancelled,Partner,North
13845,769,2024-06-30,Completed,Partner,West
13846,1801,2025-07-11,Completed,Partner,North
13847,1111,2025-08-26,Completed,Mobile,East
13848,2434,2024-04-25,Completed,Mobile,West
13849,517,2025-05-21,Pending,Web,East
13850,668,2025-03-05,Completed,Web,North
13851,163,2024-12-02,Completed,Partner,East
13852,1291,2024-05-04,Completed,Web,North
13853,1274,2026-01-28,Completed,Partner,East
13854,2748,2024-08-29,Completed,Web,North
13855,52,2025-10-10,Completed,Mobile,East
13856,1348,2024-02-12,Completed,Mobile,East
13857,314,2024-11-03,Completed,Web,South
13858,1652,2026-05-10,Completed,Mobile,South
13859,2525,2025-09-27,Completed,Web,South
13860,1869,2025-06-01,Pending,Web,North
13861,1593,2025-02-11,Completed,Partner,West
13862,1045,2025-02-16,Pending,Partner,West
13863,1059,2026-04-20,Completed,Partner,North
13864,40,2026-04-17,Completed,Web,South
13865,2600,2025-06-21,Completed,Mobile,West
13866,2662,2025-07-31,Completed,Web,North
13867,1105,2024-06-03,Completed,Partner,North
13868,2718,2024-09-12,Cancelled,Mobile,North
13869,1305,2024-09-20,Completed,Web,East
13870,363,2024-04-28,Completed,Mobile,East
13871,462,2025-05-08,Cancelled,Web,East
13872,1020,2025-02-05,Completed,Mobile,North
13873,24,2026-05-29,Cancelled,Partner,North
13874,2898,2025-03-12,Completed,Web,South
13875,1864,2025-03-15,Pending,Mobile,North
13876,2705,2026-03-29,Completed,Web,West
13877,2090,2025-11-26,Completed,Mobile,South
13878,1364,2025-09-05,Completed,Partner,South
13879,2270,2025-02-08,Completed,Web,West
13880,2182,2025-10-19,Completed,Partner,South
13881,403,2026-04-23,Completed,Web,North
13882,186,2026-04-17,Completed,Partner,North
13883,1523,2024-04-20,Completed,Mobile,South
13884,247,2026-08-18,Completed,Partner,South
13885,919,2024-04-26,Completed,Mobile,North
13886,2191,2024-04-02,Completed,Web,East
13887,2006,2024-02-20,Completed,Web,South
13888,1802,2024-05-14,Completed,Mobile,North
13889,2479,2024-05-15,Completed,Mobile,East
13890,2448,2025-02-19,Completed,Partner,West
13891,2906,2025-10-16,Pending,Web,West
13892,132,2025-08-30,Completed,Web,North
13893,1207,2026-07-05,Completed,Web,East
13894,697,2025-06-29,Completed,Partner,East
13895,360,2024-05-28,Completed,Web,North
13896,2470,2026-05-01,Completed,Mobile,North
13897,2707,2026-01-23,Completed,Partner,West
13898,1378,2026-06-14,Completed,Partner,East
13899,480,2025-11-10,Completed,Mobile,West
13900,2596,2025-02-04,Completed,Mobile,North
13901,2575,2025-06-27,Completed,Partner,North
13902,2884,2026-07-09,Completed,Partner,South
13903,1669,2024-03-02,Completed,Partner,North
13904,2495,2025-12-27,Completed,Web,West
13905,202,2026-07-26,Pending,Web,North
13906,1646,2024-10-24,Completed,Web,West
13907,897,2026-06-07,Completed,Web,East
13908,1409,2024-05-12,Completed,Web,North
13909,2503,2025-03-15,Completed,Partner,North
13910,1988,2025-05-28,Completed,Web,South
13911,2486,2024-07-23,Completed,Mobile,South
13912,691,2024-09-15,Completed,Mobile,West
13913,1894,2026-08-02,Completed,Mobile,East
13914,1503,2025-01-15,Completed,Mobile,North
13915,2409,2025-10-30,Completed,Web,East
13916,1800,2024-09-23,Completed,Mobile,South
13917,476,2024-08-24,Completed,Mobile,West
13918,1381,2025-07-01,Completed,Mobile,South
13919,548,2026-07-10,Cancelled,Web,South
13920,660,2026-02-09,Completed,Partner,South
13921,1142,2025-08-10,Completed,Partner,North
13922,2885,2025-01-10,Completed,Mobile,East
13923,772,2026-02-13,Completed,Mobile,East
13924,918,2024-03-05,Cancelled,Mobile,South
13925,1623,2024-03-01,Completed,Web,East
13926,1695,2026-08-11,Completed,Partner,South
13927,870,2024-12-29,Cancelled,Partner,North
13928,2645,2025-03-09,Completed,Web,West
13929,1933,2024-02-20,Completed,Web,South
13930,2847,2025-01-13,Completed,Partner,North
13931,1003,2024-01-01,Completed,Partner,West
13932,2546,2025-07-13,Completed,Mobile,West
13933,583,2025-07-11,Completed,Partner,East
13934,2656,2026-05-29,Completed,Partner,North
13935,1385,2024-09-07,Completed,Partner,North
13936,1476,2026-02-26,Completed,Mobile,North
13937,1907,2024-08-18,Pending,Partner,West
13938,2995,2026-06-15,Completed,Partner,South
13939,2088,2024-05-03,Completed,Web,South
13940,178,2025-01-27,Completed,Mobile,South
13941,2234,2025-02-13,Completed,Mobile,West
13942,2367,2025-10-19,Completed,Partner,South
13943,1124,2026-08-11,Cancelled,Partner,East
13944,1977,2025-07-12,Completed,Web,East
13945,1369,2025-05-31,Completed,Mobile,West
13946,2994,2026-05-09,Completed,Mobile,North
13947,2695,2026-05-03,Completed,Web,South
13948,2966,2024-07-24,Completed,Mobile,South
13949,601,2025-03-29,Completed,Web,West
13950,2479,2024-03-15,Completed,Mobile,East
13951,1309,2026-01-21,Completed,Web,North
13952,2337,2025-03-09,Completed,Mobile,South
13953,1247,2024-06-25,Completed,Web,North
13954,1430,2025-07-05,Completed,Partner,East
13955,80,2026-06-10,Completed,Mobile,East
13956,905,2024-02-01,Pending,Partner,North
13957,2757,2024-02-14,Cancelled,Web,South
13958,314,2024-10-05,Completed,Partner,South
13959,2123,2024-07-30,Completed,Partner,West
13960,2371,2024-02-01,Completed,Web,North
13961,1511,2024-07-23,Completed,Partner,West
13962,357,2026-01-22,Completed,Mobile,North
13963,1652,2024-06-06,Completed,Partner,South
13964,2370,2024-12-21,Completed,Web,West
13965,1862,2025-03-19,Completed,Mobile,West
13966,1690,2025-06-26,Completed,Partner,East
13967,456,2024-05-04,Completed,Mobile,North
13968,2601,2025-03-06,Pending,Mobile,South
13969,1067,2024-07-15,Completed,Partner,West
13970,374,2024-04-21,Completed,Web,East
13971,1835,2024-02-22,Completed,Web,West
13972,1425,2025-08-17,Completed,Mobile,South
13973,708,2024-10-24,Completed,Mobile,North
13974,668,2024-05-24,Completed,Mobile,North
13975,2325,2026-08-02,Cancelled,Mobile,East
13976,1943,2026-05-29,Completed,Web,East
13977,12,2025-11-20,Completed,Mobile,West
13978,565,2026-06-30,Completed,Mobile,South
13979,2044,2024-03-20,Cancelled,Partner,East
13980,837,2024-07-09,Completed,Partner,East
13981,2119,2026-07-11,Pending,Mobile,East
13982,2446,2025-09-08,Completed,Mobile,West
13983,1720,2024-03-07,Cancelled,Mobile,East
13984,2795,2024-10-06,Completed,Web,North
13985,2081,2026-04-17,Completed,Mobile,West
13986,2404,2025-07-14,Completed,Mobile,North
13987,561,2026-04-22,Completed,Mobile,East
13988,2121,2025-06-14,Pending,Partner,South
13989,1616,2026-04-15,Completed,Partner,East
13990,76,2026-01-02,Completed,Mobile,West
13991,1703,2026-03-21,Completed,Mobile,South
13992,635,2026-07-22,Completed,Partner,South
13993,37,2024-07-27,Completed,Web,South
13994,2444,2025-11-17,Completed,Partner,South
13995,579,2025-10-04,Completed,Web,West
13996,2947,2025-05-24,Completed,Partner,West
13997,752,2025-09-19,Completed,Web,South
13998,2254,2026-05-13,Cancelled,Partner,West
13999,1730,2025-09-02,Completed,Web,North
14000,1956,2025-11-19,Completed,Mobile,East
14001,1939,2026-02-13,Completed,Mobile,West
14002,2457,2025-03-10,Completed,Web,West
14003,1900,2026-07-07,Cancelled,Partner,West
14004,897,2024-06-03,Completed,Partner,East
14005,1800,2026-02-14,Completed,Mobile,South
14006,1455,2024-08-27,Completed,Mobile,West
14007,2628,2024-01-11,Completed,Mobile,North
14008,1980,2026-07-20,Completed,Partner,South
14009,1136,2024-09-11,Completed,Web,South
14010,2119,2025-10-05,Completed,Partner,East
14011,2584,2024-09-18,Completed,Web,East
14012,2297,2026-04-30,Completed,Mobile,West
14013,30,2024-12-05,Cancelled,Mobile,South
14014,2764,2024-04-20,Completed,Mobile,West
14015,1395,2026-01-04,Completed,Web,South
14016,818,2025-03-19,Completed,Web,South
14017,678,2026-06-12,Completed,Mobile,North
14018,796,2026-06-28,Completed,Mobile,West
14019,1316,2024-04-07,Completed,Partner,North
14020,647,2024-04-28,Completed,Partner,East
14021,1965,2025-03-28,Completed,Mobile,North
14022,1888,2025-06-08,Completed,Partner,South
14023,979,2024-10-19,Completed,Web,East
14024,2771,2025-04-21,Completed,Web,South
14025,1036,2026-06-07,Completed,Web,South
14026,2363,2026-04-24,Completed,Web,South
14027,2974,2024-07-07,Completed,Web,West
14028,1196,2026-04-19,Completed,Mobile,South
14029,2486,2024-11-22,Pending,Partner,South
14030,2684,2024-09-10,Completed,Web,West
14031,1451,2024-05-15,Pending,Mobile,East
14032,2440,2025-09-09,Completed,Partner,South
14033,1764,2024-08-26,Completed,Web,East
14034,1995,2026-07-02,Completed,Partner,West
14035,1820,2026-01-31,Completed,Partner,East
14036,196,2025-07-21,Completed,Mobile,East
14037,1131,2025-03-30,Completed,Partner,East
14038,1100,2026-05-10,Completed,Web,South
14039,1267,2025-02-17,Pending,Mobile,East
14040,21,2025-05-30,Completed,Partner,North
14041,1326,2025-03-25,Completed,Partner,West
14042,1188,2025-06-16,Cancelled,Web,East
14043,2644,2026-01-19,Completed,Web,South
14044,32,2024-02-03,Completed,Web,South
14045,178,2026-05-16,Completed,Mobile,South
14046,2002,2025-02-15,Completed,Web,North
14047,616,2026-04-11,Completed,Mobile,North
14048,550,2024-12-04,Completed,Mobile,North
14049,704,2026-02-02,Completed,Mobile,West
14050,1642,2025-08-05,Completed,Mobile,West
14051,862,2024-04-07,Completed,Web,West
14052,1498,2024-09-12,Completed,Mobile,South
14053,57,2025-05-24,Completed,Partner,East
14054,2604,2024-06-15,Cancelled,Mobile,North
14055,2082,2025-03-09,Completed,Partner,North
14056,820,2026-07-13,Completed,Mobile,East
14057,1195,2026-01-05,Cancelled,Mobile,South
14058,1909,2024-11-10,Completed,Web,East
14059,2572,2024-03-05,Completed,Web,West
14060,1476,2025-08-24,Completed,Partner,North
14061,616,2025-04-18,Completed,Partner,North
14062,1317,2026-02-26,Completed,Partner,North
14063,2952,2025-05-01,Cancelled,Web,West
14064,1292,2024-01-29,Completed,Mobile,West
14065,1826,2026-02-21,Completed,Web,East
14066,2182,2025-12-11,Pending,Mobile,South
14067,776,2024-12-29,Completed,Web,East
14068,1773,2024-07-03,Completed,Web,West
14069,1291,2025-07-04,Completed,Mobile,North
14070,2223,2024-02-18,Completed,Web,East
14071,2939,2024-01-02,Completed,Partner,South
14072,258,2025-05-19,Pending,Partner,West
14073,1462,2025-02-20,Completed,Web,South
14074,2308,2024-08-16,Completed,Partner,East
14075,2619,2026-05-30,Cancelled,Mobile,West
14076,220,2026-05-13,Cancelled,Partner,East
14077,356,2024-10-22,Pending,Mobile,West
14078,1276,2025-10-25,Completed,Partner,West
14079,2019,2026-05-13,Completed,Web,North
14080,2744,2024-01-23,Completed,Mobile,North
14081,1583,2025-12-28,Completed,Web,North
14082,816,2025-09-21,Completed,Web,South
14083,1685,2026-04-12,Pending,Mobile,West
14084,906,2026-08-02,Completed,Web,North
14085,1279,2024-08-29,Completed,Web,North
14086,2779,2025-05-27,Completed,Mobile,North
14087,2273,2024-11-13,Completed,Mobile,South
14088,2490,2024-07-15,Completed,Partner,North
14089,2155,2025-12-22,Completed,Web,North
14090,430,2024-06-03,Completed,Mobile,East
14091,1824,2026-03-03,Completed,Partner,North
14092,680,2026-01-16,Completed,Partner,South
14093,2120,2024-08-22,Completed,Web,West
14094,1304,2024-12-22,Completed,Mobile,East
14095,1378,2025-11-03,Completed,Partner,East
14096,481,2024-03-01,Completed,Partner,West
14097,2264,2026-04-17,Completed,Partner,East
14098,2603,2024-11-08,Completed,Web,East
14099,2701,2024-07-28,Completed,Mobile,West
14100,715,2026-02-08,Cancelled,Mobile,West
14101,1616,2025-08-26,Pending,Partner,East
14102,69,2026-05-19,Cancelled,Web,East
14103,2352,2024-03-17,Completed,Partner,West
14104,306,2024-09-27,Completed,Partner,South
14105,219,2026-08-18,Completed,Mobile,North
14106,1904,2024-04-06,Completed,Mobile,South
14107,2517,2026-02-20,Pending,Partner,North
14108,532,2024-12-04,Completed,Partner,West
14109,2508,2026-02-01,Completed,Web,West
14110,794,2025-06-01,Completed,Web,East
14111,2877,2025-01-04,Completed,Web,West
14112,2693,2025-10-11,Cancelled,Mobile,North
14113,1996,2024-04-01,Completed,Web,West
14114,1691,2024-11-30,Completed,Mobile,South
14115,1961,2024-06-05,Cancelled,Web,East
14116,289,2024-05-20,Completed,Partner,South
14117,744,2024-10-25,Completed,Web,West
14118,188,2026-03-03,Completed,Partner,South
14119,637,2025-06-06,Completed,Partner,North
14120,2365,2025-07-27,Completed,Partner,West
14121,2394,2024-03-03,Pending,Mobile,South
14122,2342,2026-04-29,Completed,Web,South
14123,767,2025-04-15,Completed,Web,South
14124,1282,2026-07-13,Completed,Partner,West
14125,1382,2026-02-25,Completed,Partner,South
14126,2431,2025-02-07,Completed,Partner,West
14127,1414,2025-02-24,Cancelled,Mobile,North
14128,2880,2025-06-13,Completed,Partner,South
14129,2221,2025-04-23,Completed,Partner,South
14130,518,2025-12-05,Completed,Mobile,South
14131,1960,2026-01-25,Completed,Web,East
14132,1842,2024-05-23,Completed,Partner,South
14133,2361,2026-03-17,Completed,Web,West
14134,511,2024-07-05,Completed,Mobile,West
14135,2205,2024-09-08,Completed,Mobile,North
14136,983,2025-10-07,Cancelled,Partner,East
14137,2923,2024-08-15,Completed,Web,North
14138,1422,2024-06-02,Completed,Mobile,North
14139,263,2025-07-14,Completed,Web,South
14140,2318,2024-05-30,Cancelled,Web,East
14141,1890,2025-01-03,Completed,Partner,East
14142,1204,2026-07-02,Completed,Mobile,North
14143,1714,2025-04-23,Completed,Mobile,South
14144,927,2024-06-21,Completed,Web,North
14145,2666,2026-08-04,Completed,Web,South
14146,1005,2024-08-06,Cancelled,Mobile,North
14147,462,2024-11-18,Completed,Mobile,East
14148,738,2024-03-15,Completed,Partner,East
14149,2211,2026-08-27,Completed,Web,South
14150,2461,2026-04-10,Completed,Partner,South
14151,2200,2024-08-19,Completed,Web,North
14152,2008,2025-06-27,Completed,Mobile,East
14153,1673,2025-03-22,Completed,Partner,South
14154,607,2024-07-29,Completed,Web,East
14155,1600,2026-07-06,Completed,Mobile,East
14156,2732,2024-05-11,Completed,Web,East
14157,934,2026-03-23,Completed,Partner,North
14158,1238,2025-07-30,Completed,Mobile,South
14159,141,2024-04-19,Completed,Partner,South
14160,1617,2025-01-23,Cancelled,Mobile,North
14161,196,2024-06-21,Completed,Web,East
14162,1047,2024-03-07,Completed,Partner,East
14163,140,2026-08-15,Completed,Partner,West
14164,512,2024-04-17,Completed,Web,East
14165,1354,2024-10-02,Completed,Web,East
14166,752,2025-03-16,Completed,Partner,South
14167,320,2025-02-03,Completed,Mobile,West
14168,1061,2026-05-10,Completed,Partner,West
14169,2936,2024-10-12,Completed,Mobile,East
14170,1654,2024-02-12,Completed,Mobile,West
14171,2195,2026-01-20,Completed,Partner,East
14172,58,2025-03-07,Completed,Partner,West
14173,2132,2025-03-17,Completed,Mobile,East
14174,777,2025-08-11,Completed,Mobile,South
14175,1347,2026-06-06,Cancelled,Mobile,North
14176,407,2026-04-07,Completed,Partner,East
14177,2457,2026-03-13,Completed,Web,West
14178,1906,2024-04-05,Completed,Mobile,South
14179,1031,2026-07-06,Completed,Partner,West
14180,573,2026-02-23,Completed,Partner,South
14181,2826,2025-08-17,Completed,Partner,West
14182,2096,2024-05-21,Cancelled,Partner,West
14183,1941,2025-05-12,Completed,Web,East
14184,1016,2024-12-05,Cancelled,Web,East
14185,250,2026-05-14,Completed,Web,East
14186,2075,2025-09-20,Completed,Partner,West
14187,990,2026-05-01,Cancelled,Mobile,East
14188,2056,2024-07-11,Completed,Partner,North
14189,2898,2026-01-13,Cancelled,Partner,South
14190,1845,2024-08-04,Completed,Partner,West
14191,1360,2024-12-28,Completed,Web,North
14192,1100,2025-10-10,Completed,Mobile,South
14193,915,2024-11-11,Completed,Partner,East
14194,1953,2025-03-09,Completed,Web,North
14195,80,2024-06-08,Completed,Web,East
14196,2781,2024-03-10,Completed,Mobile,East
14197,556,2025-12-31,Cancelled,Web,North
14198,1830,2026-05-20,Completed,Mobile,North
14199,1932,2025-11-10,Completed,Mobile,West
14200,1482,2025-02-24,Completed,Mobile,East
14201,358,2024-02-05,Completed,Mobile,West
14202,2903,2024-02-11,Completed,Mobile,South
14203,2599,2024-06-23,Completed,Mobile,North
14204,422,2025-09-04,Completed,Web,South
14205,2129,2026-03-03,Pending,Mobile,South
14206,164,2025-08-13,Completed,Partner,South
14207,742,2026-06-30,Completed,Mobile,North
14208,1402,2026-06-24,Completed,Web,East
14209,121,2026-05-21,Completed,Partner,North
14210,130,2026-02-09,Completed,Web,West
14211,262,2026-08-11,Completed,Mobile,East
14212,911,2025-07-17,Completed,Mobile,North
14213,1355,2025-10-29,Completed,Partner,North
14214,1912,2026-01-06,Completed,Web,North
14215,87,2024-05-07,Completed,Web,South
14216,460,2024-01-03,Pending,Web,South
14217,458,2025-11-10,Completed,Partner,East
14218,1918,2026-03-10,Completed,Partner,North
14219,340,2024-05-29,Completed,Mobile,North
14220,2615,2026-08-14,Completed,Web,North
14221,242,2024-01-01,Cancelled,Mobile,East
14222,543,2025-11-29,Completed,Mobile,South
14223,2218,2025-02-23,Cancelled,Web,East
14224,2054,2024-11-05,Completed,Mobile,East
14225,2295,2024-12-24,Completed,Mobile,West
14226,833,2026-07-24,Completed,Mobile,North
14227,2755,2026-04-09,Completed,Mobile,East
14228,2601,2024-09-20,Completed,Mobile,South
14229,1645,2024-11-17,Completed,Mobile,South
14230,73,2025-06-12,Completed,Mobile,North
14231,471,2026-04-11,Completed,Web,South
14232,2237,2026-05-10,Completed,Web,North
14233,146,2024-05-25,Completed,Partner,South
14234,1279,2024-03-28,Completed,Partner,North
14235,1853,2025-01-09,Completed,Partner,West
14236,1717,2024-03-11,Cancelled,Mobile,South
14237,2794,2026-04-20,Completed,Mobile,East
14238,2904,2025-08-09,Completed,Web,East
14239,1887,2024-12-22,Completed,Mobile,North
14240,819,2026-01-25,Completed,Partner,West
14241,910,2024-07-18,Completed,Mobile,North
14242,248,2026-02-02,Completed,Web,North
14243,1590,2025-01-16,Completed,Partner,West
14244,127,2024-12-22,Completed,Partner,West
14245,1925,2024-07-18,Completed,Partner,North
14246,2813,2026-07-27,Completed,Mobile,West
14247,1409,2024-12-12,Completed,Partner,North
14248,2151,2025-01-22,Completed,Web,West
14249,602,2025-11-13,Completed,Web,West
14250,131,2024-07-22,Completed,Mobile,South
14251,372,2024-09-14,Completed,Web,West
14252,42,2026-01-28,Completed,Web,West
14253,1355,2026-01-30,Completed,Web,North
14254,2373,2026-02-03,Completed,Mobile,North
14255,2106,2024-05-27,Pending,Partner,North
14256,346,2024-10-17,Completed,Mobile,North
14257,265,2025-12-24,Completed,Mobile,North
14258,1017,2025-06-21,Completed,Partner,North
14259,46,2025-03-19,Pending,Mobile,North
14260,1381,2024-11-05,Completed,Web,South
14261,100,2024-03-26,Completed,Mobile,West
14262,821,2026-05-15,Completed,Partner,North
14263,2987,2025-10-23,Completed,Partner,South
14264,604,2025-03-16,Cancelled,Web,East
14265,99,2024-01-27,Completed,Partner,South
14266,1178,2025-10-16,Completed,Web,North
14267,1055,2024-12-18,Completed,Web,North
14268,2860,2026-01-12,Completed,Web,North
14269,216,2026-02-19,Completed,Mobile,West
14270,1512,2024-09-12,Completed,Mobile,South
14271,571,2024-12-02,Completed,Mobile,East
14272,480,2025-08-27,Completed,Partner,West
14273,1513,2025-11-06,Completed,Mobile,North
14274,1362,2025-06-23,Completed,Partner,East
14275,841,2026-06-13,Completed,Mobile,North
14276,16,2024-08-03,Completed,Mobile,North
14277,2056,2025-05-26,Completed,Mobile,North
14278,2866,2025-03-08,Completed,Partner,South
14279,1762,2026-04-16,Completed,Web,North
14280,744,2026-03-06,Completed,Web,West
14281,2170,2024-05-23,Completed,Web,South
14282,1242,2024-07-20,Completed,Web,South
14283,2808,2025-12-04,Completed,Partner,East
14284,1079,2026-07-29,Completed,Web,North
14285,978,2024-05-14,Pending,Mobile,North
14286,2344,2025-09-21,Completed,Mobile,South
14287,2686,2026-04-02,Completed,Partner,East
14288,2879,2025-09-13,Cancelled,Partner,South
14289,2006,2025-08-26,Cancelled,Partner,South
14290,1834,2025-01-10,Completed,Partner,West
14291,904,2026-04-17,Completed,Web,South
14292,835,2026-07-17,Completed,Mobile,East
14293,137,2026-03-28,Completed,Mobile,North
14294,1053,2025-05-04,Completed,Mobile,South
14295,883,2025-04-15,Completed,Partner,South
14296,913,2026-07-26,Cancelled,Web,North
14297,387,2025-08-17,Completed,Web,North
14298,662,2026-06-10,Cancelled,Web,East
14299,2220,2026-08-14,Completed,Mobile,South
14300,2247,2026-06-23,Completed,Partner,South
14301,1031,2026-07-12,Completed,Mobile,West
14302,666,2024-03-03,Completed,Mobile,North
14303,2452,2024-12-01,Completed,Partner,East
14304,556,2026-05-03,Completed,Partner,North
14305,1671,2025-01-31,Cancelled,Web,East
14306,789,2026-04-17,Completed,Partner,East
14307,366,2025-07-28,Completed,Mobile,East
14308,1586,2026-02-13,Completed,Mobile,West
14309,660,2026-03-25,Completed,Mobile,South
14310,1985,2026-08-09,Cancelled,Partner,West
14311,2878,2024-10-05,Completed,Partner,South
14312,1529,2025-01-18,Completed,Partner,South
14313,1237,2026-08-26,Completed,Web,South
14314,568,2025-05-04,Cancelled,Partner,East
14315,1232,2026-04-12,Completed,Web,East
14316,452,2024-10-26,Completed,Mobile,South
14317,2337,2024-03-01,Completed,Mobile,South
14318,1418,2025-10-31,Completed,Partner,East
14319,203,2024-01-24,Completed,Web,North
14320,1158,2026-07-06,Pending,Web,West
14321,680,2025-01-01,Cancelled,Web,South
14322,2311,2026-01-02,Completed,Mobile,North
14323,568,2025-03-27,Cancelled,Web,East
14324,476,2025-05-24,Completed,Mobile,West
14325,1049,2025-12-20,Cancelled,Partner,West
14326,626,2024-12-10,Completed,Partner,West
14327,337,2025-05-01,Pending,Web,East
14328,1387,2026-01-03,Completed,Web,North
14329,1113,2026-05-06,Completed,Mobile,North
14330,2081,2025-02-22,Completed,Partner,West
14331,2080,2024-07-04,Completed,Mobile,South
14332,1370,2024-08-19,Completed,Partner,North
14333,2350,2024-05-30,Cancelled,Mobile,South
14334,916,2024-03-11,Completed,Mobile,East
14335,1390,2025-03-31,Completed,Partner,East
14336,2436,2024-09-17,Completed,Web,South
14337,1661,2026-05-29,Completed,Web,West
14338,897,2025-02-22,Completed,Partner,East
14339,335,2026-03-04,Completed,Mobile,North
14340,127,2026-02-12,Completed,Web,West
14341,2973,2024-12-09,Completed,Partner,West
14342,1939,2025-02-18,Pending,Mobile,West
14343,2826,2024-11-24,Completed,Mobile,West
14344,613,2024-11-11,Completed,Mobile,South
14345,2495,2024-03-13,Completed,Web,West
14346,2282,2025-02-05,Completed,Web,North
14347,1369,2025-11-20,Completed,Mobile,West
14348,1726,2025-01-08,Completed,Partner,East
14349,1385,2024-10-30,Completed,Mobile,North
14350,2583,2025-07-19,Completed,Partner,South
14351,2307,2025-11-23,Completed,Partner,South
14352,2178,2024-08-25,Completed,Partner,East
14353,2434,2024-01-05,Completed,Web,West
14354,554,2024-06-20,Completed,Web,North
14355,777,2024-02-10,Completed,Mobile,South
14356,1807,2025-05-01,Completed,Partner,North
14357,1879,2026-06-08,Completed,Web,South
14358,305,2025-12-14,Completed,Web,South
14359,1408,2026-03-24,Completed,Partner,North
14360,1090,2024-03-05,Completed,Web,East
14361,1839,2024-04-28,Completed,Partner,South
14362,2287,2024-09-04,Completed,Mobile,South
14363,1970,2024-05-17,Completed,Web,West
14364,1367,2024-03-15,Completed,Partner,North
14365,525,2024-03-24,Completed,Partner,South
14366,182,2026-06-27,Completed,Mobile,West
14367,1642,2025-05-06,Completed,Web,West
14368,1058,2026-05-23,Completed,Partner,North
14369,2935,2025-12-31,Completed,Partner,West
14370,2866,2024-01-14,Completed,Partner,South
14371,1335,2024-11-15,Completed,Web,West
14372,2900,2025-03-07,Completed,Partner,North
14373,922,2024-02-19,Completed,Partner,South
14374,2616,2024-04-10,Completed,Mobile,South
14375,1314,2025-12-15,Completed,Web,West
14376,1326,2025-04-29,Cancelled,Partner,West
14377,2491,2024-05-11,Completed,Mobile,East
14378,2620,2025-09-21,Completed,Partner,South
14379,2270,2024-08-07,Completed,Partner,West
14380,863,2025-02-24,Completed,Web,South
14381,1603,2026-03-11,Completed,Mobile,East
14382,443,2025-09-04,Completed,Partner,North
14383,2184,2025-12-28,Completed,Partner,East
14384,2332,2024-04-28,Completed,Partner,South
14385,1103,2026-06-03,Completed,Web,West
14386,2163,2025-03-04,Completed,Web,South
14387,909,2024-11-23,Completed,Partner,South
14388,119,2025-06-15,Completed,Mobile,East
14389,541,2025-04-08,Completed,Partner,South
14390,1536,2025-04-03,Cancelled,Partner,South
14391,1278,2025-05-22,Pending,Mobile,North
14392,1098,2024-04-10,Cancelled,Partner,North
14393,2677,2024-11-10,Completed,Partner,West
14394,384,2025-02-21,Cancelled,Partner,South
14395,1130,2024-08-11,Completed,Partner,South
14396,2752,2025-12-09,Completed,Web,West
14397,470,2025-10-10,Completed,Web,West
14398,2559,2024-08-06,Completed,Mobile,East
14399,295,2026-02-08,Cancelled,Web,West
14400,2611,2025-02-24,Completed,Mobile,South
14401,1559,2024-04-27,Pending,Partner,South
14402,1514,2024-09-06,Completed,Web,West
14403,1526,2025-11-03,Completed,Mobile,North
14404,2887,2026-08-13,Completed,Web,East
14405,2066,2024-02-20,Completed,Web,West
14406,1879,2025-01-10,Completed,Web,South
14407,1230,2025-04-26,Completed,Mobile,South
14408,1286,2025-09-25,Completed,Mobile,East
14409,1041,2024-10-19,Completed,Web,South
14410,1059,2024-06-29,Completed,Partner,North
14411,1270,2025-06-07,Cancelled,Web,South
14412,196,2026-04-29,Completed,Mobile,East
14413,1826,2024-07-02,Completed,Partner,East
14414,1200,2024-11-08,Completed,Mobile,North
14415,1083,2026-02-18,Completed,Partner,West
14416,2884,2025-12-26,Completed,Partner,South
14417,2969,2024-08-30,Completed,Partner,West
14418,1971,2026-04-23,Completed,Mobile,South
14419,6,2024-09-05,Completed,Web,North
14420,2784,2025-04-12,Completed,Partner,West
14421,1832,2025-01-20,Completed,Partner,North
14422,2884,2025-04-27,Completed,Mobile,South
14423,434,2024-04-28,Completed,Mobile,West
14424,160,2024-01-22,Completed,Web,West
14425,1162,2024-08-24,Completed,Mobile,East
14426,736,2026-04-06,Completed,Web,North
14427,980,2025-05-17,Completed,Mobile,West
14428,305,2024-05-15,Completed,Partner,South
14429,2455,2025-10-19,Completed,Web,South
14430,169,2025-07-20,Completed,Mobile,West
14431,397,2024-06-30,Completed,Mobile,West
14432,2610,2025-06-19,Completed,Mobile,North
14433,2719,2024-11-29,Completed,Mobile,North
14434,2461,2024-09-27,Completed,Mobile,South
14435,1865,2024-02-08,Completed,Partner,East
14436,1683,2026-01-09,Completed,Web,East
14437,2342,2024-09-16,Completed,Partner,South
14438,1703,2024-05-20,Cancelled,Web,South
14439,2665,2026-08-03,Completed,Mobile,South
14440,1549,2024-02-17,Completed,Mobile,West
14441,2385,2024-10-03,Completed,Web,West
14442,955,2024-07-05,Completed,Mobile,South
14443,1476,2025-01-06,Completed,Partner,North
14444,1338,2025-05-20,Completed,Web,West
14445,1717,2025-06-08,Completed,Mobile,South
14446,106,2025-01-30,Completed,Partner,East
14447,273,2025-03-02,Completed,Web,West
14448,1274,2024-04-18,Completed,Web,East
14449,986,2026-06-05,Cancelled,Web,North
14450,842,2025-01-13,Completed,Web,East
14451,17,2024-12-01,Cancelled,Partner,East
14452,113,2025-06-29,Completed,Partner,East
14453,2995,2024-06-11,Completed,Mobile,South
14454,416,2025-10-12,Completed,Web,South
14455,1618,2026-04-21,Cancelled,Partner,North
14456,2385,2024-01-16,Completed,Partner,West
14457,2122,2024-07-10,Pending,Mobile,North
14458,1522,2024-08-05,Completed,Mobile,East
14459,610,2025-04-02,Completed,Mobile,North
14460,1659,2026-07-04,Completed,Partner,North
14461,1312,2025-05-07,Completed,Mobile,South
14462,2917,2026-08-16,Completed,Web,North
14463,2236,2026-06-17,Pending,Web,West
14464,2114,2024-01-25,Completed,Partner,South
14465,758,2026-06-28,Completed,Mobile,East
14466,2026,2026-01-22,Completed,Mobile,South
14467,1719,2025-04-18,Cancelled,Mobile,North
14468,2802,2025-11-29,Completed,Web,South
14469,2634,2024-01-26,Completed,Partner,North
14470,1790,2025-01-31,Completed,Partner,East
14471,2154,2026-06-21,Completed,Partner,North
14472,2869,2024-05-06,Completed,Mobile,North
14473,1775,2024-01-08,Completed,Mobile,East
14474,2363,2026-03-21,Completed,Mobile,South
14475,1303,2025-04-13,Completed,Mobile,West
14476,200,2025-02-27,Completed,Mobile,East
14477,2216,2024-12-23,Completed,Partner,East
14478,1969,2024-03-20,Pending,Web,South
14479,2743,2026-02-28,Completed,Web,West
14480,1072,2026-04-06,Completed,Mobile,South
14481,1624,2025-03-25,Completed,Mobile,North
14482,370,2025-03-12,Cancelled,Partner,East
14483,2550,2024-03-01,Completed,Partner,South
14484,1767,2025-04-11,Completed,Partner,South
14485,2395,2026-01-27,Completed,Web,South
14486,2114,2025-09-07,Completed,Mobile,South
14487,2971,2024-11-12,Completed,Web,West
14488,1041,2026-03-03,Completed,Web,South
14489,583,2025-04-27,Completed,Mobile,East
14490,1795,2024-08-11,Completed,Partner,East
14491,1867,2024-10-04,Completed,Partner,East
14492,1809,2025-05-18,Completed,Mobile,South
14493,1364,2026-05-31,Completed,Web,South
14494,2740,2024-08-02,Completed,Partner,East
14495,809,2026-05-02,Completed,Web,West
14496,1738,2026-01-01,Completed,Mobile,East
14497,2691,2024-07-12,Completed,Partner,North
14498,1958,2026-05-31,Completed,Partner,East
14499,778,2024-09-05,Completed,Partner,South
14500,1069,2025-12-05,Completed,Web,North
14501,258,2024-02-20,Completed,Mobile,West
14502,2064,2025-08-08,Completed,Mobile,East
14503,2170,2025-11-05,Completed,Mobile,South
14504,1163,2024-03-26,Completed,Mobile,South
14505,1079,2025-08-06,Completed,Web,North
14506,2190,2025-08-03,Completed,Web,West
14507,2328,2026-03-21,Completed,Partner,North
14508,2555,2026-03-11,Completed,Partner,East
14509,505,2024-10-06,Cancelled,Mobile,South
14510,608,2024-02-05,Completed,Mobile,West
14511,2548,2026-08-23,Cancelled,Mobile,West
14512,823,2026-01-04,Completed,Web,West
14513,900,2026-01-08,Completed,Mobile,North
14514,2300,2026-05-22,Completed,Partner,East
14515,2632,2024-02-01,Completed,Web,North
14516,2269,2024-05-04,Completed,Web,East
14517,791,2025-03-06,Completed,Partner,South
14518,2939,2025-01-31,Completed,Partner,South
14519,761,2026-02-18,Cancelled,Web,North
14520,1466,2025-12-19,Completed,Mobile,East
14521,2380,2025-12-01,Completed,Mobile,South
14522,243,2024-05-22,Completed,Mobile,South
14523,281,2026-07-13,Completed,Web,East
14524,1638,2024-08-17,Completed,Web,South
14525,902,2024-06-03,Completed,Web,East
14526,1750,2025-10-16,Completed,Web,East
14527,44,2024-11-12,Completed,Mobile,East
14528,1482,2024-06-23,Completed,Partner,East
14529,1017,2026-03-15,Completed,Mobile,North
14530,2253,2024-09-27,Completed,Web,South
14531,715,2026-01-31,Completed,Mobile,West
14532,1947,2024-03-05,Completed,Mobile,West
14533,747,2025-08-09,Completed,Mobile,North
14534,135,2025-09-12,Completed,Partner,South
14535,347,2025-08-23,Completed,Web,South
14536,686,2025-10-26,Completed,Web,East
14537,1162,2024-10-20,Completed,Web,East
14538,192,2025-07-09,Completed,Web,South
14539,2879,2026-01-19,Completed,Partner,South
14540,890,2024-10-21,Cancelled,Partner,South
14541,2401,2024-11-29,Pending,Web,East
14542,20,2025-10-08,Completed,Partner,East
14543,1923,2024-09-22,Completed,Mobile,South
14544,745,2026-03-23,Completed,Partner,East
14545,1719,2024-07-10,Completed,Partner,North
14546,1321,2024-01-26,Completed,Mobile,West
14547,2492,2024-12-05,Completed,Web,North
14548,88,2026-05-03,Completed,Mobile,West
14549,2300,2024-07-25,Completed,Web,East
14550,900,2025-11-30,Completed,Partner,North
14551,2475,2025-04-22,Completed,Mobile,East
14552,1528,2024-03-31,Completed,Web,West
14553,2759,2025-03-28,Completed,Web,South
14554,1191,2025-12-26,Completed,Mobile,East
14555,757,2024-12-28,Cancelled,Partner,South
14556,2425,2025-01-28,Completed,Partner,South
14557,1311,2026-02-18,Completed,Mobile,West
14558,1948,2024-12-26,Completed,Web,South
14559,452,2025-03-18,Completed,Partner,South
14560,2256,2024-09-18,Completed,Mobile,South
14561,2649,2025-07-11,Completed,Web,West
14562,1257,2024-08-12,Completed,Web,East
14563,1823,2024-02-11,Completed,Web,South
14564,771,2025-08-02,Cancelled,Mobile,East
14565,1991,2024-10-08,Completed,Web,South
14566,786,2025-04-15,Completed,Mobile,North
14567,671,2024-01-18,Completed,Mobile,West
14568,2242,2026-03-17,Completed,Web,West
14569,2106,2024-03-18,Completed,Mobile,North
14570,162,2025-04-09,Completed,Partner,West
14571,2411,2024-06-30,Completed,Web,South
14572,625,2026-06-21,Completed,Mobile,South
14573,274,2025-06-20,Completed,Mobile,South
14574,688,2026-01-26,Completed,Partner,South
14575,1326,2026-06-27,Completed,Mobile,West
14576,937,2025-10-12,Completed,Partner,North
14577,2481,2026-06-09,Completed,Web,South
14578,1069,2026-06-10,Completed,Web,North
14579,2126,2025-05-20,Cancelled,Web,West
14580,120,2026-08-18,Completed,Web,South
14581,832,2026-06-25,Completed,Web,South
14582,27,2026-06-03,Completed,Mobile,West
14583,2217,2026-05-29,Pending,Web,West
14584,1086,2025-03-22,Pending,Partner,North
14585,428,2025-12-30,Completed,Mobile,East
14586,2395,2025-04-06,Completed,Partner,South
14587,67,2024-09-16,Pending,Partner,East
14588,2623,2026-03-14,Completed,Partner,West
14589,991,2024-02-28,Cancelled,Mobile,East
14590,2018,2026-08-09,Completed,Mobile,South
14591,2282,2025-02-25,Completed,Partner,North
14592,1455,2024-10-15,Completed,Partner,West
14593,26,2024-05-19,Completed,Partner,West
14594,2769,2024-07-02,Completed,Partner,West
14595,2560,2026-06-30,Completed,Web,East
14596,1239,2026-04-06,Pending,Web,North
14597,1984,2024-04-30,Completed,Web,South
14598,416,2026-04-12,Completed,Mobile,South
14599,948,2024-03-19,Completed,Partner,North
14600,1816,2024-05-04,Completed,Mobile,North
14601,1169,2024-06-25,Completed,Partner,West
14602,674,2024-11-04,Completed,Web,South
14603,2444,2026-01-22,Completed,Partner,South
14604,1759,2026-04-07,Pending,Partner,South
14605,2024,2025-08-21,Completed,Partner,East
14606,1813,2024-06-09,Completed,Mobile,South
14607,666,2024-09-08,Completed,Partner,North
14608,921,2026-05-01,Completed,Web,North
14609,244,2026-05-03,Completed,Partner,South
14610,722,2026-03-11,Completed,Web,South
14611,2151,2025-08-11,Completed,Partner,West
14612,149,2026-01-22,Completed,Web,West
14613,534,2025-09-10,Completed,Partner,East
14614,2988,2025-05-04,Completed,Web,West
14615,2007,2024-11-21,Completed,Partner,West
14616,2913,2026-08-04,Completed,Partner,South
14617,2026,2026-04-23,Completed,Partner,South
14618,2476,2025-08-02,Completed,Web,North
14619,857,2024-06-18,Pending,Partner,North
14620,2300,2025-09-24,Completed,Web,East
14621,598,2025-04-07,Completed,Partner,West
14622,2749,2025-05-29,Completed,Partner,West
14623,1381,2024-05-13,Completed,Partner,South
14624,2533,2024-09-29,Completed,Partner,East
14625,2918,2025-09-30,Cancelled,Partner,West
14626,2942,2025-12-29,Completed,Partner,South
14627,1101,2024-01-01,Completed,Mobile,North
14628,1233,2025-08-23,Completed,Mobile,West
14629,2669,2024-05-18,Completed,Web,East
14630,1514,2024-11-26,Completed,Mobile,West
14631,2982,2026-04-01,Completed,Web,East
14632,1340,2025-07-27,Completed,Web,South
14633,2909,2025-06-24,Completed,Web,East
14634,774,2026-08-23,Completed,Partner,West
14635,235,2025-03-18,Cancelled,Partner,East
14636,2800,2024-06-08,Completed,Mobile,South
14637,2842,2026-06-17,Completed,Partner,West
14638,2472,2025-09-12,Completed,Mobile,West
14639,2808,2024-05-06,Completed,Partner,East
14640,611,2024-01-24,Cancelled,Web,East
14641,1798,2026-07-09,Completed,Mobile,North
14642,2084,2024-06-28,Completed,Partner,North
14643,825,2025-07-27,Completed,Partner,South
14644,496,2026-03-30,Cancelled,Partner,North
14645,1286,2025-01-06,Completed,Mobile,East
14646,2759,2025-08-10,Completed,Mobile,South
14647,510,2025-12-07,Completed,Web,South
14648,493,2024-03-25,Completed,Web,South
14649,419,2026-08-08,Completed,Partner,West
14650,1722,2024-05-05,Completed,Mobile,West
14651,1169,2025-12-17,Pending,Web,West
14652,1116,2025-02-05,Cancelled,Mobile,South
14653,2339,2026-06-16,Completed,Mobile,North
14654,1808,2024-10-12,Completed,Partner,South
14655,13,2024-01-02,Completed,Web,West
14656,2685,2025-10-24,Completed,Web,South
14657,1432,2026-03-02,Pending,Mobile,North
14658,151,2026-05-07,Completed,Web,East
14659,147,2025-08-12,Completed,Partner,East
14660,2335,2026-03-16,Completed,Web,South
14661,2236,2024-01-25,Completed,Web,West
14662,2931,2024-08-28,Completed,Web,South
14663,2780,2026-03-23,Completed,Web,West
14664,666,2024-08-07,Completed,Partner,North
14665,721,2025-09-20,Completed,Web,South
14666,1203,2024-06-18,Completed,Partner,West
14667,565,2026-07-25,Completed,Web,South
14668,379,2024-07-20,Pending,Web,North
14669,2578,2024-01-13,Completed,Web,West
14670,453,2024-07-20,Completed,Partner,West
14671,2498,2025-05-27,Completed,Web,North
14672,1172,2025-06-04,Completed,Web,West
14673,2880,2026-06-16,Completed,Partner,South
14674,489,2025-01-04,Completed,Mobile,West
14675,651,2026-01-24,Completed,Web,North
14676,703,2024-06-26,Completed,Web,South
14677,2981,2025-10-31,Cancelled,Mobile,South
14678,741,2024-05-25,Completed,Web,West
14679,1371,2026-08-06,Completed,Mobile,North
14680,67,2024-05-23,Completed,Partner,East
14681,789,2025-05-20,Completed,Partner,East
14682,2962,2025-08-22,Completed,Partner,East
14683,776,2026-02-15,Completed,Web,East
14684,2396,2024-03-21,Completed,Web,East
14685,1634,2026-08-25,Completed,Mobile,South
14686,755,2025-12-06,Completed,Web,West
14687,2090,2025-08-03,Completed,Partner,South
14688,1687,2025-10-11,Completed,Mobile,North
14689,2359,2024-01-19,Completed,Web,South
14690,814,2024-11-16,Completed,Web,East
14691,2213,2024-03-13,Completed,Partner,South
14692,611,2025-08-13,Completed,Web,East
14693,1983,2024-01-28,Completed,Web,South
14694,1137,2025-04-07,Completed,Partner,East
14695,2060,2024-10-27,Completed,Mobile,South
14696,2679,2025-10-27,Completed,Web,North
14697,2244,2024-11-09,Completed,Web,West
14698,1530,2024-09-27,Completed,Mobile,South
14699,2371,2025-04-19,Completed,Partner,North
14700,1170,2026-06-18,Completed,Partner,West
14701,2014,2026-03-15,Completed,Partner,West
14702,1615,2026-03-06,Completed,Partner,North
14703,2287,2024-06-22,Completed,Partner,South
14704,413,2026-05-08,Completed,Web,North
14705,2877,2025-08-23,Completed,Web,West
14706,2875,2025-09-02,Completed,Web,North
14707,1118,2024-01-14,Cancelled,Mobile,North
14708,2998,2024-12-13,Completed,Web,South
14709,328,2024-08-27,Completed,Mobile,East
14710,659,2025-03-10,Completed,Mobile,South
14711,2411,2025-08-07,Completed,Web,South
14712,1010,2024-02-08,Completed,Mobile,East
14713,490,2024-10-27,Completed,Partner,North
14714,296,2025-05-23,Completed,Web,East
14715,86,2025-03-22,Completed,Partner,West
14716,2686,2026-07-12,Completed,Web,East
14717,2606,2025-06-27,Completed,Partner,East
14718,1597,2025-11-27,Completed,Mobile,North
14719,101,2026-04-29,Completed,Partner,West
14720,2979,2024-12-04,Completed,Partner,West
14721,41,2024-06-05,Pending,Partner,East
14722,2421,2025-09-02,Completed,Partner,North
14723,400,2025-12-02,Completed,Partner,East
14724,1191,2024-02-28,Completed,Mobile,East
14725,1330,2025-04-04,Cancelled,Mobile,West
14726,2440,2024-03-16,Completed,Partner,South
14727,183,2026-02-21,Completed,Partner,South
14728,883,2024-07-01,Completed,Partner,South
14729,743,2026-08-12,Completed,Web,South
14730,2453,2026-05-03,Completed,Web,North
14731,2934,2024-08-29,Completed,Partner,West
14732,2790,2025-05-22,Completed,Mobile,West
14733,990,2024-02-19,Completed,Web,East
14734,455,2026-01-28,Completed,Partner,North
14735,2154,2025-12-09,Completed,Partner,North
14736,381,2025-06-22,Completed,Partner,West
14737,2500,2025-09-01,Completed,Web,East
14738,995,2026-03-13,Cancelled,Mobile,South
14739,2345,2024-03-04,Completed,Mobile,West
14740,2611,2024-12-17,Completed,Web,South
14741,1831,2025-09-04,Completed,Mobile,North
14742,2665,2025-07-15,Completed,Mobile,South
14743,1097,2025-01-19,Completed,Mobile,West
14744,2961,2026-01-04,Completed,Partner,South
14745,2836,2025-02-09,Completed,Mobile,West
14746,2680,2025-12-20,Completed,Partner,West
14747,533,2025-04-26,Completed,Web,South
14748,2080,2024-11-23,Completed,Mobile,South
14749,269,2025-11-17,Completed,Mobile,North
14750,1871,2024-07-24,Completed,Partner,East
14751,1960,2026-03-14,Completed,Web,East
14752,1883,2025-04-04,Completed,Web,West
14753,2168,2024-07-24,Completed,Partner,North
14754,745,2025-10-25,Completed,Web,East
14755,1612,2025-05-07,Completed,Web,East
14756,1916,2024-01-31,Completed,Web,East
14757,2090,2024-08-25,Completed,Web,South
14758,2252,2024-02-06,Completed,Web,North
14759,1914,2024-09-06,Completed,Web,South
14760,1487,2026-01-08,Completed,Partner,West
14761,2598,2024-12-07,Completed,Mobile,North
14762,2968,2024-03-08,Completed,Mobile,West
14763,302,2024-07-20,Completed,Mobile,North
14764,1891,2024-03-31,Completed,Web,East
14765,2560,2024-09-09,Completed,Partner,East
14766,2973,2025-12-14,Completed,Partner,West
14767,733,2024-07-10,Completed,Web,South
14768,2826,2024-01-30,Completed,Partner,West
14769,2148,2025-09-03,Completed,Web,North
14770,1045,2025-06-23,Completed,Web,West
14771,2273,2026-08-15,Completed,Mobile,South
14772,2371,2026-02-25,Completed,Mobile,North
14773,483,2024-11-11,Completed,Partner,North
14774,2741,2025-07-06,Pending,Mobile,South
14775,1066,2024-04-11,Completed,Partner,West
14776,2044,2024-01-10,Completed,Web,East
14777,2204,2024-03-21,Completed,Partner,South
14778,2621,2025-04-19,Completed,Mobile,North
14779,851,2026-02-07,Completed,Web,South
14780,1632,2025-12-15,Completed,Web,East
14781,1803,2024-04-20,Completed,Mobile,South
14782,1220,2025-03-22,Completed,Mobile,North
14783,225,2025-10-06,Completed,Partner,East
14784,682,2026-05-29,Completed,Partner,South
14785,2843,2026-08-14,Completed,Web,West
14786,2402,2024-04-15,Completed,Mobile,South
14787,964,2025-10-23,Completed,Partner,West
14788,1897,2025-10-16,Completed,Mobile,West
14789,1564,2024-11-25,Completed,Mobile,South
14790,1817,2026-03-29,Completed,Web,East
14791,1755,2025-05-02,Completed,Partner,West
14792,800,2024-02-12,Completed,Partner,North
14793,214,2026-04-30,Completed,Partner,West
14794,2775,2026-02-23,Completed,Mobile,North
14795,1504,2025-12-22,Completed,Partner,West
14796,2016,2025-04-20,Completed,Partner,South
14797,2391,2024-10-19,Completed,Mobile,West
14798,2852,2025-04-20,Completed,Mobile,East
14799,1414,2025-03-18,Completed,Web,North
14800,2996,2024-08-19,Completed,Web,North
14801,998,2026-04-18,Completed,Web,North
14802,1230,2024-05-14,Completed,Mobile,South
14803,795,2025-12-29,Completed,Partner,West
14804,1744,2026-08-28,Cancelled,Partner,North
14805,2547,2024-06-15,Completed,Mobile,South
14806,353,2026-02-21,Cancelled,Partner,South
14807,651,2026-04-02,Completed,Partner,North
14808,697,2025-11-05,Completed,Web,East
14809,60,2025-01-14,Completed,Partner,West
14810,2856,2024-04-05,Completed,Mobile,North
14811,804,2025-07-19,Pending,Web,South
14812,2865,2024-06-11,Completed,Partner,East
14813,1677,2025-01-08,Completed,Mobile,North
14814,2516,2025-07-31,Cancelled,Web,South
14815,1210,2024-10-30,Completed,Web,North
14816,1026,2026-06-08,Completed,Partner,East
14817,2346,2026-02-27,Cancelled,Mobile,South
14818,2410,2025-04-03,Completed,Web,North
14819,1460,2026-07-18,Completed,Web,East
14820,940,2026-03-06,Completed,Mobile,East
14821,730,2026-03-26,Completed,Partner,North
14822,2096,2026-01-06,Completed,Mobile,West
14823,2791,2025-10-13,Completed,Mobile,North
14824,1440,2025-11-12,Completed,Mobile,West
14825,2950,2025-01-27,Completed,Mobile,South
14826,1835,2025-11-12,Completed,Web,West
14827,1513,2026-01-29,Completed,Web,North
14828,1269,2025-05-31,Completed,Web,South
14829,1442,2025-11-13,Completed,Partner,East
14830,2856,2025-04-04,Completed,Web,North
14831,2517,2024-11-06,Completed,Mobile,North
14832,1907,2025-01-28,Completed,Partner,West
14833,2161,2026-08-09,Completed,Partner,North
14834,908,2026-04-17,Completed,Web,East
14835,1772,2024-08-13,Completed,Partner,South
14836,907,2024-09-24,Completed,Web,South
14837,1989,2024-05-02,Completed,Partner,West
14838,523,2025-10-26,Cancelled,Mobile,West
14839,1593,2025-07-16,Cancelled,Mobile,West
14840,833,2025-02-17,Completed,Partner,North
14841,1215,2024-06-19,Completed,Mobile,West
14842,2074,2024-03-27,Cancelled,Mobile,South
14843,1150,2026-04-03,Completed,Partner,West
14844,1267,2024-10-02,Completed,Web,East
14845,2738,2025-05-15,Completed,Mobile,West
14846,1712,2025-03-16,Pending,Mobile,East
14847,877,2025-03-06,Completed,Web,North
14848,562,2024-06-17,Completed,Mobile,North
14849,1428,2026-02-07,Completed,Mobile,North
14850,2063,2024-05-12,Completed,Mobile,East
14851,414,2025-06-11,Completed,Mobile,South
14852,1809,2024-10-20,Completed,Web,South
14853,1692,2024-12-08,Completed,Partner,North
14854,2634,2024-02-19,Completed,Partner,North
14855,328,2026-08-06,Completed,Mobile,East
14856,1922,2025-04-09,Cancelled,Partner,North
14857,559,2024-05-10,Cancelled,Partner,West
14858,228,2025-07-25,Completed,Web,South
14859,1406,2024-04-09,Completed,Web,South
14860,935,2024-04-16,Cancelled,Web,West
14861,1406,2024-07-25,Cancelled,Partner,South
14862,2048,2025-09-02,Completed,Mobile,West
14863,1284,2025-10-11,Completed,Mobile,North
14864,1741,2024-05-27,Completed,Mobile,West
14865,1894,2024-07-17,Completed,Web,East
14866,2218,2026-01-28,Completed,Partner,East
14867,2801,2026-08-06,Completed,Web,East
14868,1498,2025-11-26,Completed,Web,South
14869,1321,2024-10-17,Completed,Web,West
14870,295,2024-08-16,Pending,Mobile,West
14871,902,2024-06-24,Completed,Partner,East
14872,2410,2025-10-28,Completed,Partner,North
14873,2889,2025-05-05,Completed,Web,East
14874,2869,2025-06-05,Completed,Web,North
14875,569,2026-08-21,Completed,Partner,South
14876,2276,2025-11-24,Completed,Web,North
14877,4,2025-04-13,Completed,Web,North
14878,1686,2025-02-02,Completed,Mobile,West
14879,916,2024-12-09,Pending,Web,East
14880,1127,2025-05-03,Completed,Partner,North
14881,652,2025-06-25,Completed,Web,East
14882,1749,2026-06-14,Completed,Partner,South
14883,2352,2025-07-06,Completed,Mobile,West
14884,1558,2026-02-01,Completed,Mobile,South
14885,2376,2025-08-09,Completed,Mobile,North
14886,115,2024-09-17,Completed,Web,East
14887,1448,2026-05-05,Completed,Partner,East
14888,1060,2025-06-03,Completed,Partner,North
14889,2102,2026-05-05,Completed,Partner,North
14890,2750,2025-06-22,Completed,Partner,West
14891,1350,2024-11-18,Completed,Web,South
14892,891,2025-10-06,Completed,Partner,North
14893,116,2025-01-31,Completed,Partner,East
14894,1387,2024-11-11,Cancelled,Web,North
14895,1833,2024-04-10,Completed,Partner,West
14896,57,2024-03-10,Completed,Mobile,East
14897,2817,2024-11-24,Completed,Web,East
14898,2797,2026-06-19,Completed,Partner,South
14899,1767,2024-09-12,Pending,Web,South
14900,751,2025-02-06,Cancelled,Web,East
14901,814,2024-09-11,Completed,Mobile,East
14902,2207,2024-12-07,Pending,Partner,North
14903,979,2024-03-27,Completed,Mobile,East
14904,1080,2024-08-02,Completed,Mobile,South
14905,2076,2024-09-12,Completed,Partner,North
14906,793,2026-01-30,Cancelled,Mobile,East
14907,796,2025-07-27,Completed,Partner,West
14908,645,2024-06-12,Completed,Mobile,South
14909,1432,2026-08-09,Cancelled,Web,North
14910,1578,2024-10-05,Pending,Mobile,North
14911,194,2026-05-02,Completed,Partner,West
14912,908,2024-04-08,Completed,Mobile,East
14913,2237,2026-06-13,Completed,Web,North
14914,641,2025-03-04,Completed,Partner,West
14915,1803,2025-09-13,Completed,Mobile,South
14916,657,2026-07-22,Completed,Partner,West
14917,1167,2025-08-11,Completed,Mobile,North
14918,1079,2025-07-21,Completed,Partner,North
14919,1162,2024-12-19,Completed,Web,East
14920,2633,2024-12-04,Completed,Mobile,South
14921,2050,2025-08-10,Pending,Mobile,South
14922,1472,2024-01-02,Pending,Web,South
14923,1275,2025-03-02,Completed,Partner,North
14924,1409,2026-01-02,Completed,Partner,North
14925,2320,2024-01-07,Cancelled,Mobile,South
14926,851,2026-06-18,Completed,Mobile,South
14927,1538,2024-10-14,Cancelled,Partner,South
14928,1049,2024-02-27,Completed,Partner,West
14929,2535,2025-08-19,Cancelled,Mobile,East
14930,27,2025-02-01,Completed,Mobile,West
14931,862,2025-09-29,Completed,Mobile,West
14932,2832,2024-10-10,Cancelled,Mobile,North
14933,1358,2025-09-12,Completed,Mobile,North
14934,2531,2026-07-13,Completed,Mobile,North
14935,776,2024-06-13,Completed,Partner,East
14936,756,2025-03-08,Cancelled,Partner,West
14937,1100,2025-04-17,Completed,Mobile,South
14938,2815,2024-09-15,Completed,Partner,East
14939,2281,2026-08-09,Completed,Partner,South
14940,1788,2024-12-21,Completed,Partner,South
14941,2218,2026-02-16,Completed,Mobile,East
14942,2916,2024-06-13,Pending,Mobile,North
14943,416,2024-01-08,Completed,Mobile,South
14944,2280,2026-03-27,Completed,Partner,East
14945,99,2026-01-12,Cancelled,Web,South
14946,1886,2025-05-22,Pending,Mobile,East
14947,1941,2025-06-21,Completed,Partner,East
14948,223,2025-06-19,Completed,Partner,East
14949,2380,2025-12-15,Cancelled,Web,South
14950,672,2026-02-16,Completed,Mobile,West
14951,1993,2026-06-22,Completed,Mobile,South
14952,2956,2026-05-28,Cancelled,Mobile,South
14953,1374,2026-06-03,Completed,Mobile,North
14954,2025,2025-11-06,Completed,Mobile,North
14955,236,2026-07-21,Completed,Mobile,South
14956,1544,2026-06-14,Completed,Partner,North
14957,1956,2025-05-15,Completed,Web,East
14958,1753,2026-06-24,Pending,Partner,West
14959,671,2025-07-30,Completed,Mobile,West
14960,518,2025-04-22,Cancelled,Mobile,South
14961,1658,2025-08-16,Completed,Mobile,North
14962,702,2026-07-04,Completed,Partner,East
14963,2760,2024-08-04,Completed,Partner,South
14964,2541,2024-04-24,Completed,Mobile,North
14965,2216,2025-10-04,Cancelled,Partner,East
14966,1951,2026-02-15,Completed,Mobile,North
14967,5,2026-04-03,Completed,Web,North
14968,2466,2024-01-25,Completed,Mobile,East
14969,1082,2026-01-05,Completed,Web,South
14970,1883,2026-03-01,Completed,Partner,West
14971,1938,2025-12-07,Completed,Partner,North
14972,406,2025-01-26,Completed,Partner,North
14973,1143,2025-05-14,Completed,Web,East
14974,695,2024-02-15,Cancelled,Web,South
14975,2646,2026-04-21,Completed,Web,South
14976,1573,2025-08-25,Completed,Web,North
14977,2121,2024-11-15,Completed,Mobile,South
14978,2960,2025-10-25,Completed,Partner,West
14979,1644,2024-07-27,Completed,Mobile,North
14980,1700,2025-08-03,Completed,Web,East
14981,2983,2025-09-16,Pending,Partner,West
14982,2527,2025-05-22,Cancelled,Mobile,North
14983,2657,2025-10-03,Completed,Mobile,East
14984,2445,2024-03-24,Cancelled,Partner,East
14985,1687,2025-08-04,Completed,Partner,North
14986,749,2025-09-25,Completed,Web,West
14987,440,2026-06-30,Completed,Web,East
14988,2660,2026-05-31,Completed,Mobile,East
14989,727,2024-02-05,Completed,Web,North
14990,217,2024-12-21,Completed,Web,North
14991,598,2025-01-06,Completed,Web,West
14992,2346,2024-03-26,Completed,Web,South
14993,2732,2026-05-27,Completed,Partner,East
14994,158,2024-12-18,Completed,Mobile,East
14995,2213,2024-09-04,Completed,Partner,South
14996,2850,2024-06-21,Cancelled,Web,South
14997,916,2026-08-14,Completed,Web,East
14998,1221,2024-12-22,Completed,Mobile,West
14999,1621,2024-07-30,Completed,Partner,South
15000,1808,2025-03-07,Pending,Web,South
15001,1443,2025-10-20,Completed,Partner,South
15002,1530,2024-09-28,Completed,Partner,South
15003,1220,2025-12-04,Completed,Mobile,North
15004,984,2025-11-26,Completed,Partner,West
15005,683,2026-01-21,Completed,Web,South
15006,1487,2024-07-22,Completed,Partner,West
15007,1162,2024-07-04,Completed,Partner,East
15008,70,2024-02-21,Cancelled,Partner,West
15009,1669,2024-01-27,Completed,Mobile,North
15010,684,2024-06-14,Pending,Partner,East
15011,288,2024-07-01,Pending,Web,West
15012,1870,2025-10-23,Completed,Mobile,East
15013,648,2026-02-12,Completed,Web,South
15014,1087,2025-10-23,Completed,Partner,South
15015,115,2025-06-14,Completed,Web,East
15016,1435,2026-04-18,Completed,Partner,North
15017,1218,2025-03-17,Pending,Web,South
15018,2690,2026-03-20,Completed,Partner,North
15019,2114,2026-08-11,Completed,Partner,South
15020,1683,2025-02-16,Completed,Web,East
15021,1424,2025-05-19,Completed,Partner,South
15022,1489,2024-07-04,Completed,Web,East
15023,1347,2024-07-14,Completed,Partner,North
15024,816,2024-02-26,Completed,Web,South
15025,1296,2024-03-20,Completed,Mobile,South
15026,67,2025-10-28,Completed,Mobile,East
15027,1606,2024-07-23,Completed,Web,West
15028,504,2026-04-17,Completed,Mobile,South
15029,397,2024-05-19,Completed,Mobile,West
15030,155,2026-01-05,Completed,Mobile,East
15031,452,2024-01-31,Completed,Mobile,South
15032,630,2025-12-29,Completed,Web,North
15033,2880,2026-03-07,Completed,Web,South
15034,1969,2025-08-07,Completed,Partner,South
15035,2639,2024-02-17,Completed,Partner,West
15036,2190,2026-05-01,Completed,Web,West
15037,1361,2025-10-11,Completed,Mobile,South
15038,1469,2024-12-23,Completed,Web,East
15039,935,2024-12-28,Completed,Mobile,West
15040,773,2025-06-10,Completed,Mobile,North
15041,1135,2025-03-26,Pending,Web,East
15042,847,2025-08-22,Completed,Web,West
15043,2952,2025-01-29,Completed,Mobile,West
15044,2545,2025-06-22,Completed,Partner,South
15045,1976,2026-06-07,Completed,Mobile,South
15046,491,2026-03-10,Completed,Partner,North
15047,2384,2025-03-16,Completed,Web,East
15048,286,2026-07-05,Completed,Partner,East
15049,349,2025-12-30,Completed,Mobile,East
15050,806,2024-05-16,Completed,Mobile,North
15051,395,2025-08-14,Completed,Mobile,North
15052,1645,2024-12-30,Completed,Mobile,South
15053,2152,2025-08-03,Completed,Partner,South
15054,1441,2024-06-03,Completed,Partner,South
15055,315,2026-07-08,Completed,Partner,North
15056,2493,2026-02-25,Completed,Web,West
15057,2190,2025-08-29,Completed,Web,West
15058,2271,2026-01-02,Completed,Web,North
15059,228,2024-08-14,Completed,Mobile,South
15060,1561,2024-05-19,Completed,Web,North
15061,537,2026-03-31,Completed,Partner,East
15062,1221,2024-08-28,Completed,Mobile,West
15063,138,2024-02-16,Completed,Web,East
15064,2502,2026-07-11,Completed,Mobile,East
15065,603,2024-07-21,Completed,Web,East
15066,1507,2025-01-22,Completed,Web,West
15067,2226,2024-07-03,Completed,Partner,East
15068,1619,2024-11-19,Completed,Web,West
15069,1478,2024-09-12,Completed,Mobile,East
15070,2572,2024-05-28,Cancelled,Web,West
15071,1184,2024-10-13,Completed,Mobile,North
15072,2801,2024-12-03,Completed,Web,East
15073,2746,2024-05-18,Completed,Partner,North
15074,2898,2025-04-24,Completed,Partner,South
15075,400,2025-05-24,Completed,Partner,East
15076,2273,2024-05-04,Completed,Partner,South
15077,2128,2025-06-16,Completed,Web,South
15078,1225,2026-08-17,Completed,Mobile,North
15079,289,2024-08-20,Completed,Mobile,South
15080,387,2026-04-15,Completed,Mobile,North
15081,1839,2024-05-23,Completed,Mobile,South
15082,452,2026-05-05,Completed,Mobile,South
15083,1205,2026-06-24,Completed,Web,East
15084,1965,2024-11-30,Cancelled,Mobile,North
15085,2700,2024-01-22,Completed,Mobile,West
15086,556,2025-01-03,Cancelled,Mobile,North
15087,2066,2024-12-30,Completed,Mobile,West
15088,293,2025-10-15,Completed,Partner,East
15089,612,2026-02-08,Completed,Partner,North
15090,671,2025-10-01,Completed,Mobile,West
15091,2583,2025-12-18,Completed,Web,South
15092,297,2025-10-25,Completed,Mobile,North
15093,2782,2026-06-15,Completed,Partner,North
15094,1567,2026-07-22,Completed,Web,West
15095,1501,2026-05-20,Completed,Mobile,North
15096,1360,2024-07-06,Completed,Web,North
15097,786,2025-11-01,Completed,Web,North
15098,1981,2025-05-21,Completed,Partner,West
15099,850,2024-02-21,Completed,Mobile,East
15100,2637,2024-12-17,Completed,Mobile,North
15101,60,2024-05-13,Completed,Mobile,West
15102,679,2025-04-20,Completed,Web,East
15103,452,2024-07-24,Completed,Partner,South
15104,2687,2025-10-22,Completed,Mobile,South
15105,2384,2026-05-01,Completed,Mobile,East
15106,263,2024-04-28,Completed,Partner,South
15107,1824,2024-03-16,Completed,Mobile,North
15108,1855,2024-05-22,Completed,Partner,South
15109,462,2024-12-14,Completed,Partner,East
15110,1208,2025-01-01,Completed,Web,West
15111,704,2025-12-09,Completed,Mobile,West
15112,1257,2025-11-28,Completed,Partner,East
15113,1056,2025-03-08,Completed,Partner,North
15114,187,2026-06-04,Completed,Mobile,West
15115,894,2025-10-06,Completed,Mobile,North
15116,31,2025-07-24,Completed,Partner,West
15117,547,2024-02-09,Completed,Partner,East
15118,2055,2026-06-23,Completed,Partner,North
15119,2506,2025-11-28,Cancelled,Mobile,North
15120,2820,2024-08-17,Completed,Mobile,West
15121,2684,2025-12-14,Completed,Web,West
15122,2576,2026-06-18,Completed,Partner,North
15123,2493,2024-01-04,Completed,Web,West
15124,978,2025-04-30,Cancelled,Mobile,North
15125,851,2025-07-21,Completed,Partner,South
15126,101,2026-06-18,Completed,Partner,West
15127,1925,2026-01-30,Completed,Partner,North
15128,1080,2025-11-05,Completed,Mobile,South
15129,3,2026-01-22,Completed,Mobile,South
15130,1862,2025-02-26,Completed,Mobile,West
15131,924,2024-07-27,Completed,Web,East
15132,1844,2025-06-30,Completed,Partner,South
15133,2778,2024-01-11,Completed,Mobile,East
15134,1031,2024-02-09,Pending,Web,West
15135,3000,2024-07-26,Completed,Partner,South
15136,1828,2024-03-15,Completed,Partner,South
15137,1091,2024-08-31,Completed,Mobile,South
15138,82,2024-11-26,Completed,Partner,North
15139,1406,2025-12-13,Completed,Mobile,South
15140,2168,2024-08-29,Completed,Web,North
15141,1553,2026-06-17,Completed,Mobile,North
15142,1834,2024-04-18,Completed,Partner,West
15143,878,2026-03-04,Completed,Partner,West
15144,125,2026-06-30,Completed,Mobile,West
15145,764,2024-12-18,Completed,Web,South
15146,2374,2025-12-26,Completed,Partner,South
15147,2410,2025-05-15,Completed,Partner,North
15148,680,2025-06-14,Completed,Partner,South
15149,2188,2025-07-14,Completed,Web,South
15150,1718,2025-12-22,Completed,Mobile,North
15151,1231,2025-03-16,Completed,Partner,South
15152,165,2024-06-17,Completed,Web,East
15153,914,2025-03-24,Completed,Web,West
15154,2038,2025-05-20,Completed,Web,East
15155,2566,2026-03-07,Pending,Mobile,South
15156,1392,2024-03-09,Completed,Web,West
15157,2293,2025-09-01,Completed,Partner,North
15158,1687,2024-09-09,Pending,Mobile,North
15159,1455,2024-11-19,Completed,Mobile,West
15160,2203,2026-04-09,Cancelled,Partner,East
15161,2137,2024-09-28,Completed,Web,West
15162,933,2026-07-03,Completed,Mobile,West
15163,2747,2024-05-09,Completed,Mobile,West
15164,770,2025-05-30,Completed,Partner,East
15165,2526,2024-05-29,Completed,Partner,East
15166,1440,2026-04-04,Completed,Web,West
15167,2052,2025-02-25,Completed,Partner,South
15168,898,2025-06-03,Completed,Web,South
15169,881,2026-08-20,Pending,Partner,South
15170,1996,2025-07-11,Completed,Partner,West
15171,473,2024-02-21,Completed,Web,East
15172,1605,2026-07-19,Completed,Web,East
15173,2232,2025-12-03,Cancelled,Web,West
15174,721,2026-03-11,Completed,Mobile,South
15175,2258,2026-03-23,Pending,Mobile,North
15176,1772,2025-03-28,Completed,Mobile,South
15177,881,2024-03-22,Completed,Partner,South
15178,1587,2025-04-06,Completed,Web,West
15179,1150,2024-04-21,Completed,Web,West
15180,365,2024-03-10,Pending,Partner,South
15181,1002,2025-02-14,Completed,Mobile,East
15182,1429,2026-01-16,Completed,Mobile,South
15183,1967,2026-03-24,Completed,Partner,North
15184,848,2025-11-25,Completed,Mobile,West
15185,1723,2025-09-23,Completed,Mobile,North
15186,1658,2024-10-20,Completed,Web,North
15187,2153,2025-06-03,Cancelled,Partner,North
15188,1097,2026-03-22,Completed,Web,West
15189,1055,2024-11-25,Cancelled,Mobile,North
15190,2954,2026-05-02,Completed,Web,West
15191,2108,2026-06-04,Completed,Partner,East
15192,2978,2025-03-25,Completed,Partner,East
15193,732,2026-08-22,Cancelled,Partner,South
15194,425,2026-06-04,Completed,Web,South
15195,2337,2024-05-24,Completed,Web,South
15196,1727,2026-03-16,Completed,Mobile,West
15197,1353,2024-08-28,Completed,Mobile,South
15198,1693,2024-10-06,Completed,Mobile,North
15199,1102,2026-03-16,Completed,Web,North
15200,2289,2025-07-31,Completed,Web,North
15201,381,2024-01-09,Completed,Web,West
15202,2191,2024-08-06,Completed,Mobile,East
15203,1496,2026-04-27,Completed,Web,East
15204,2937,2024-06-11,Completed,Partner,South
15205,2436,2025-03-25,Completed,Mobile,South
15206,1953,2025-12-17,Completed,Web,North
15207,226,2024-10-31,Completed,Mobile,East
15208,910,2024-04-10,Completed,Partner,North
15209,1158,2024-11-04,Completed,Mobile,West
15210,1630,2026-01-20,Completed,Mobile,East
15211,571,2024-09-03,Completed,Partner,East
15212,1735,2024-07-01,Pending,Mobile,West
15213,1519,2026-03-07,Completed,Mobile,East
15214,1361,2024-12-23,Completed,Mobile,South
15215,1785,2025-09-16,Completed,Web,North
15216,674,2026-04-01,Completed,Partner,South
15217,2659,2024-05-16,Completed,Mobile,East
15218,1486,2026-01-25,Completed,Partner,South
15219,2684,2024-12-16,Completed,Mobile,West
15220,1561,2024-03-05,Completed,Mobile,North
15221,2732,2026-01-02,Completed,Partner,East
15222,2096,2024-07-21,Completed,Partner,West
15223,1624,2025-09-18,Completed,Mobile,North
15224,2970,2024-01-02,Completed,Web,South
15225,924,2024-01-12,Completed,Web,East
15226,477,2024-12-18,Completed,Partner,North
15227,1839,2026-07-28,Pending,Mobile,South
15228,1040,2024-02-11,Completed,Mobile,East
15229,582,2025-11-08,Completed,Mobile,East
15230,2942,2025-07-15,Completed,Mobile,South
15231,705,2024-12-31,Completed,Web,West
15232,2841,2025-08-23,Completed,Mobile,East
15233,1580,2026-07-21,Completed,Web,West
15234,2183,2025-05-13,Completed,Mobile,South
15235,1505,2026-03-16,Completed,Web,South
15236,264,2026-01-24,Cancelled,Partner,West
15237,57,2026-08-12,Completed,Mobile,East
15238,2583,2026-01-17,Cancelled,Partner,South
15239,308,2025-03-06,Pending,Partner,South
15240,840,2026-03-30,Completed,Mobile,West
15241,2148,2024-04-01,Completed,Web,North
15242,2721,2026-04-19,Completed,Partner,East
15243,2458,2025-06-07,Completed,Mobile,North
15244,523,2024-04-15,Completed,Partner,West
15245,22,2025-06-02,Completed,Mobile,West
15246,493,2026-06-14,Completed,Web,South
15247,1809,2024-08-31,Completed,Web,South
15248,1206,2025-01-04,Completed,Web,South
15249,2770,2024-10-23,Completed,Web,East
15250,1918,2025-08-03,Completed,Mobile,North
15251,1401,2026-05-15,Completed,Partner,South
15252,2497,2025-12-18,Completed,Web,East
15253,1905,2025-02-22,Completed,Web,North
15254,2070,2025-10-07,Cancelled,Partner,East
15255,2652,2026-03-14,Completed,Mobile,South
15256,2770,2025-01-23,Completed,Mobile,East
15257,2559,2024-08-06,Pending,Partner,East
15258,2121,2025-09-20,Completed,Partner,South
15259,1017,2026-01-10,Pending,Web,North
15260,2720,2026-05-23,Completed,Partner,East
15261,1927,2024-08-19,Completed,Partner,North
15262,1057,2024-07-26,Completed,Mobile,South
15263,2208,2026-01-19,Pending,Mobile,East
15264,2056,2026-06-18,Cancelled,Web,North
15265,415,2025-03-06,Completed,Partner,West
15266,2824,2024-11-13,Completed,Partner,West
15267,2232,2024-08-25,Pending,Web,West
15268,315,2025-04-24,Completed,Partner,North
15269,2104,2024-04-16,Completed,Partner,South
15270,1271,2025-02-26,Completed,Partner,East
15271,1414,2026-08-24,Completed,Partner,North
15272,281,2024-03-18,Completed,Mobile,East
15273,958,2025-01-15,Completed,Partner,East
15274,330,2024-01-10,Completed,Partner,North
15275,909,2025-11-09,Completed,Partner,South
15276,2277,2025-12-20,Completed,Web,West
15277,2086,2024-02-03,Completed,Mobile,East
15278,244,2024-09-25,Completed,Partner,South
15279,406,2024-01-19,Cancelled,Mobile,North
15280,2202,2024-11-30,Completed,Partner,West
15281,2473,2024-07-05,Completed,Mobile,North
15282,2947,2026-08-22,Completed,Web,West
15283,2369,2026-01-11,Completed,Mobile,North
15284,2482,2025-07-17,Pending,Mobile,East
15285,1870,2024-05-30,Completed,Web,East
15286,523,2025-10-05,Completed,Mobile,West
15287,2929,2025-09-18,Completed,Mobile,West
15288,2885,2024-08-14,Completed,Web,East
15289,1317,2024-10-20,Completed,Partner,North
15290,332,2026-01-26,Completed,Partner,North
15291,979,2026-01-31,Completed,Partner,East
15292,1902,2026-03-07,Completed,Web,North
15293,576,2025-08-16,Cancelled,Mobile,West
15294,2347,2024-03-14,Pending,Partner,South
15295,1608,2026-03-21,Completed,Mobile,West
15296,997,2025-11-20,Completed,Mobile,East
15297,646,2025-03-06,Completed,Partner,South
15298,983,2025-01-06,Completed,Web,East
15299,712,2026-05-28,Pending,Web,East
15300,1614,2025-03-11,Completed,Web,South
15301,1114,2025-06-20,Cancelled,Mobile,North
15302,2590,2025-05-27,Completed,Partner,North
15303,120,2025-12-11,Completed,Web,South
15304,1619,2024-04-07,Completed,Partner,West
15305,496,2025-08-13,Completed,Web,North
15306,301,2024-04-26,Completed,Web,West
15307,2830,2024-03-31,Cancelled,Mobile,South
15308,1359,2026-02-24,Completed,Partner,West
15309,2372,2025-05-29,Completed,Partner,South
15310,2123,2026-03-05,Completed,Partner,West
15311,643,2025-10-13,Completed,Web,South
15312,1064,2026-07-24,Completed,Web,East
15313,1517,2024-09-25,Completed,Mobile,South
15314,305,2025-11-09,Completed,Partner,South
15315,2395,2024-01-25,Completed,Mobile,South
15316,1994,2026-05-28,Cancelled,Partner,East
15317,2427,2024-04-19,Completed,Web,South
15318,1751,2026-05-17,Completed,Web,West
15319,216,2026-08-16,Completed,Web,West
15320,1833,2024-07-25,Completed,Web,West
15321,460,2025-03-02,Pending,Web,South
15322,798,2025-07-30,Completed,Mobile,West
15323,734,2024-06-15,Completed,Web,South
15324,2837,2026-01-29,Completed,Web,West
15325,2810,2024-02-24,Pending,Mobile,West
15326,151,2026-01-07,Completed,Web,East
15327,703,2025-10-22,Completed,Mobile,South
15328,2475,2024-10-14,Completed,Web,East
15329,1764,2026-02-19,Cancelled,Mobile,East
15330,2904,2024-10-31,Cancelled,Web,East
15331,1709,2026-06-15,Completed,Mobile,South
15332,2984,2024-12-19,Completed,Web,North
15333,100,2024-02-23,Completed,Partner,West
15334,2568,2025-12-02,Completed,Web,North
15335,1988,2026-01-13,Completed,Mobile,South
15336,183,2025-06-26,Completed,Partner,South
15337,2247,2024-09-09,Pending,Mobile,South
15338,1081,2025-04-24,Completed,Mobile,South
15339,287,2025-01-14,Cancelled,Web,East
15340,204,2024-04-01,Completed,Partner,North
15341,2409,2025-04-15,Completed,Web,East
15342,1174,2025-04-10,Completed,Mobile,West
15343,648,2025-04-02,Completed,Partner,South
15344,2413,2024-09-30,Completed,Mobile,West
15345,816,2024-07-20,Completed,Partner,South
15346,1506,2024-08-11,Pending,Web,North
15347,1761,2024-08-09,Completed,Mobile,North
15348,483,2026-01-28,Completed,Partner,North
15349,1537,2026-04-12,Completed,Mobile,North
15350,2906,2026-01-21,Completed,Partner,West
15351,2945,2025-01-24,Completed,Web,North
15352,1411,2024-11-23,Completed,Partner,East
15353,694,2024-12-12,Completed,Web,South
15354,1862,2025-05-19,Completed,Web,West
15355,496,2024-12-23,Completed,Mobile,North
15356,182,2024-07-24,Completed,Mobile,West
15357,2840,2024-02-07,Completed,Partner,South
15358,1449,2024-02-23,Completed,Mobile,West
15359,1078,2024-04-23,Completed,Mobile,South
15360,1796,2025-10-13,Completed,Web,West
15361,1108,2026-06-18,Completed,Mobile,South
15362,1821,2025-02-26,Completed,Mobile,North
15363,1392,2025-08-20,Cancelled,Web,West
15364,2150,2024-02-29,Completed,Mobile,East
15365,1203,2026-08-14,Completed,Partner,West
15366,2103,2024-11-18,Completed,Web,South
15367,1297,2025-03-03,Completed,Mobile,North
15368,909,2025-02-20,Cancelled,Partner,South
15369,2862,2025-01-07,Completed,Mobile,West
15370,2871,2025-05-29,Completed,Partner,East
15371,1919,2024-09-19,Completed,Web,North
15372,443,2025-03-03,Pending,Partner,North
15373,1674,2025-12-10,Completed,Web,North
15374,2343,2026-07-16,Completed,Web,North
15375,1228,2024-10-09,Completed,Web,West
15376,261,2026-02-06,Completed,Mobile,West
15377,1833,2025-04-29,Completed,Web,West
15378,1398,2026-05-23,Completed,Web,East
15379,2360,2024-03-21,Pending,Partner,West
15380,531,2026-02-25,Completed,Mobile,West
15381,2344,2024-03-29,Completed,Web,South
15382,489,2026-08-26,Completed,Mobile,West
15383,754,2026-07-11,Completed,Partner,East
15384,1781,2025-05-08,Completed,Partner,East
15385,1416,2025-11-28,Cancelled,Web,South
15386,2886,2024-12-09,Completed,Mobile,South
15387,482,2026-04-04,Completed,Mobile,North
15388,1113,2024-02-25,Completed,Partner,North
15389,2986,2025-05-17,Completed,Mobile,West
15390,319,2025-06-24,Cancelled,Partner,North
15391,745,2024-07-19,Completed,Mobile,East
15392,1000,2024-01-22,Pending,Web,North
15393,2988,2025-08-12,Completed,Mobile,West
15394,787,2025-02-20,Pending,Web,West
15395,2111,2024-01-20,Pending,Partner,West
15396,190,2026-05-18,Completed,Partner,West
15397,1962,2026-07-04,Completed,Mobile,West
15398,2059,2026-05-21,Completed,Partner,South
15399,2497,2026-04-24,Completed,Mobile,East
15400,1203,2025-06-12,Completed,Web,West
15401,1612,2025-06-25,Pending,Web,East
15402,2000,2025-04-22,Completed,Web,South
15403,1973,2024-10-28,Completed,Mobile,West
15404,1795,2025-05-13,Completed,Web,East
15405,1689,2024-03-30,Completed,Web,East
15406,4,2025-01-09,Completed,Web,North
15407,1714,2024-01-31,Pending,Web,South
15408,756,2026-04-16,Completed,Mobile,West
15409,2580,2024-09-05,Completed,Mobile,South
15410,412,2026-07-22,Completed,Mobile,North
15411,55,2026-02-20,Completed,Web,South
15412,2429,2026-02-10,Completed,Web,West
15413,1262,2025-04-23,Completed,Mobile,East
15414,1316,2025-08-06,Completed,Partner,North
15415,905,2025-02-22,Completed,Partner,North
15416,323,2024-01-21,Completed,Mobile,East
15417,2760,2025-10-06,Completed,Partner,South
15418,1010,2024-12-20,Completed,Mobile,East
15419,875,2025-07-05,Completed,Mobile,South
15420,2726,2024-01-08,Completed,Web,South
15421,82,2026-04-11,Completed,Mobile,North
15422,2213,2024-04-25,Completed,Partner,South
15423,1234,2024-08-02,Cancelled,Web,East
15424,2629,2026-06-07,Completed,Mobile,West
15425,956,2024-12-01,Completed,Partner,South
15426,1002,2025-06-19,Completed,Partner,East
15427,1414,2024-12-26,Completed,Partner,North
15428,1426,2024-05-09,Completed,Partner,North
15429,1610,2025-12-01,Completed,Web,West
15430,1887,2024-07-04,Completed,Mobile,North
15431,2172,2025-03-04,Completed,Partner,South
15432,675,2026-03-19,Cancelled,Mobile,South
15433,1305,2024-03-19,Completed,Mobile,East
15434,1853,2024-10-08,Completed,Web,West
15435,358,2024-01-01,Completed,Mobile,West
15436,1321,2024-02-02,Completed,Mobile,West
15437,2396,2024-05-15,Completed,Mobile,East
15438,2926,2024-02-10,Completed,Partner,West
15439,1336,2026-01-20,Pending,Partner,West
15440,163,2026-08-12,Completed,Web,East
15441,16,2026-01-14,Completed,Mobile,North
15442,515,2025-03-21,Completed,Web,North
15443,2771,2024-09-24,Completed,Mobile,South
15444,1813,2026-05-09,Completed,Web,South
15445,2281,2025-07-02,Completed,Partner,South
15446,1394,2026-01-02,Completed,Mobile,West
15447,2158,2024-03-12,Completed,Mobile,West
15448,1348,2025-01-20,Cancelled,Mobile,East
15449,2592,2026-04-23,Completed,Web,West
15450,568,2024-05-22,Completed,Partner,East
15451,2902,2025-04-03,Completed,Partner,South
15452,1177,2025-09-18,Completed,Web,West
15453,851,2025-01-31,Completed,Mobile,South
15454,2348,2025-07-04,Completed,Web,East
15455,662,2024-05-21,Completed,Partner,East
15456,1522,2025-01-03,Cancelled,Mobile,East
15457,2057,2024-04-02,Completed,Partner,West
15458,1703,2024-04-24,Completed,Web,South
15459,376,2026-04-15,Completed,Web,West
15460,1794,2026-02-24,Completed,Mobile,East
15461,1672,2026-07-04,Cancelled,Web,West
15462,247,2025-09-17,Completed,Mobile,South
15463,2013,2025-01-04,Completed,Partner,North
15464,541,2025-12-30,Cancelled,Partner,South
15465,1465,2024-07-27,Cancelled,Mobile,South
15466,1290,2024-11-28,Pending,Web,East
15467,6,2024-07-29,Completed,Mobile,North
15468,836,2025-01-15,Completed,Web,North
15469,742,2026-08-18,Completed,Partner,North
15470,1311,2024-09-17,Cancelled,Web,West
15471,10,2025-06-13,Completed,Partner,South
15472,2951,2025-02-27,Pending,Partner,South
15473,1137,2026-08-26,Pending,Web,East
15474,610,2024-02-22,Completed,Web,North
15475,1635,2026-05-23,Cancelled,Web,South
15476,2526,2025-12-16,Completed,Mobile,East
15477,1487,2025-01-23,Completed,Mobile,West
15478,1867,2024-06-07,Completed,Web,East
15479,1143,2024-06-07,Completed,Partner,East
15480,955,2024-01-26,Completed,Web,South
15481,1376,2024-09-11,Completed,Partner,East
15482,1457,2024-03-09,Completed,Web,North
15483,1222,2024-07-11,Completed,Partner,East
15484,2903,2025-11-08,Completed,Mobile,South
15485,2058,2025-12-25,Completed,Web,West
15486,1560,2024-10-14,Completed,Partner,East
15487,2770,2025-10-31,Completed,Mobile,East
15488,2997,2024-09-17,Completed,Mobile,South
15489,1428,2024-07-06,Completed,Partner,North
15490,1547,2024-03-29,Completed,Web,East
15491,1760,2025-07-25,Completed,Mobile,West
15492,1668,2025-11-06,Cancelled,Partner,East
15493,403,2024-12-17,Completed,Web,North
15494,2642,2024-10-09,Completed,Web,North
15495,707,2025-03-13,Completed,Web,West
15496,2736,2024-11-01,Completed,Web,West
15497,379,2025-04-10,Completed,Web,North
15498,2618,2025-12-21,Completed,Mobile,North
15499,2428,2026-04-06,Pending,Web,South
15500,2532,2026-06-18,Completed,Mobile,North
15501,1062,2024-01-25,Completed,Mobile,East
15502,2279,2024-01-03,Completed,Partner,South
15503,2898,2025-10-08,Completed,Partner,South
15504,1046,2026-07-09,Completed,Mobile,North
15505,401,2025-01-18,Completed,Web,North
15506,576,2025-07-11,Completed,Partner,West
15507,100,2026-07-01,Completed,Mobile,West
15508,2772,2025-10-12,Completed,Web,South
15509,2379,2024-07-30,Completed,Mobile,South
15510,1345,2025-06-25,Completed,Web,West
15511,1088,2026-01-02,Completed,Web,West
15512,2448,2024-12-18,Completed,Web,West
15513,1775,2025-08-19,Completed,Partner,East
15514,2480,2025-10-30,Completed,Mobile,North
15515,179,2025-12-13,Completed,Mobile,West
15516,2251,2024-12-21,Completed,Partner,South
15517,423,2025-11-22,Completed,Web,South
15518,2640,2024-08-25,Completed,Partner,South
15519,2666,2024-10-11,Completed,Partner,South
15520,2527,2025-01-31,Completed,Web,North
15521,1089,2025-11-24,Pending,Web,North
15522,1289,2025-05-15,Cancelled,Mobile,South
15523,518,2025-10-11,Completed,Mobile,South
15524,2508,2024-07-30,Completed,Web,West
15525,1320,2025-02-07,Completed,Partner,South
15526,2191,2026-06-29,Completed,Web,East
15527,1658,2025-03-05,Completed,Web,North
15528,160,2026-07-23,Completed,Web,West
15529,2497,2026-03-16,Cancelled,Mobile,East
15530,2004,2026-07-20,Pending,Web,West
15531,2581,2026-02-03,Pending,Web,South
15532,2245,2026-04-22,Completed,Mobile,North
15533,936,2025-05-11,Completed,Web,South
15534,452,2024-11-15,Completed,Mobile,South
15535,2954,2026-07-18,Completed,Partner,West
15536,2396,2025-12-03,Completed,Web,East
15537,421,2025-03-21,Completed,Partner,East
15538,253,2024-04-24,Pending,Partner,South
15539,388,2024-06-12,Completed,Mobile,West
15540,1161,2026-04-02,Cancelled,Partner,South
15541,2111,2025-02-10,Completed,Web,West
15542,985,2025-11-22,Completed,Web,South
15543,1878,2024-04-28,Completed,Partner,East
15544,904,2025-11-10,Completed,Partner,South
15545,2881,2024-12-25,Completed,Mobile,South
15546,201,2024-11-24,Completed,Web,West
15547,624,2025-12-24,Completed,Web,South
15548,1150,2025-05-03,Completed,Partner,West
15549,2077,2025-01-21,Completed,Mobile,South
15550,2501,2026-02-18,Completed,Web,South
15551,1016,2025-11-14,Completed,Partner,East
15552,1016,2024-09-24,Completed,Mobile,East
15553,880,2025-04-08,Completed,Web,West
15554,2615,2024-01-27,Completed,Partner,North
15555,2504,2025-10-13,Completed,Web,East
15556,1970,2025-05-25,Completed,Web,West
15557,2660,2025-04-07,Completed,Web,East
15558,2745,2024-02-29,Completed,Web,West
15559,1758,2025-10-17,Completed,Mobile,East
15560,107,2025-09-05,Completed,Partner,South
15561,2912,2024-02-19,Completed,Mobile,West
15562,1378,2025-06-01,Completed,Mobile,East
15563,936,2026-07-14,Completed,Partner,South
15564,1853,2024-12-04,Completed,Partner,West
15565,336,2025-05-19,Pending,Mobile,North
15566,2502,2025-04-06,Completed,Partner,East
15567,189,2026-03-12,Completed,Partner,North
15568,1921,2026-04-12,Completed,Partner,East
15569,354,2026-06-02,Pending,Mobile,North
15570,1867,2024-04-27,Pending,Web,East
15571,137,2024-11-29,Pending,Mobile,North
15572,843,2024-09-13,Completed,Web,North
15573,199,2025-10-05,Completed,Web,East
15574,363,2024-05-31,Completed,Partner,East
15575,2956,2025-07-13,Completed,Partner,South
15576,2364,2025-07-12,Completed,Web,West
15577,802,2026-07-17,Completed,Partner,East
15578,1597,2024-10-25,Completed,Web,North
15579,2525,2024-08-06,Completed,Web,South
15580,208,2024-01-02,Completed,Web,West
15581,1748,2025-05-09,Completed,Web,North
15582,788,2026-06-27,Completed,Partner,North
15583,1548,2024-09-11,Pending,Partner,East
15584,1764,2026-08-11,Cancelled,Web,East
15585,1953,2025-05-06,Completed,Partner,North
15586,1959,2026-01-06,Completed,Partner,East
15587,1708,2024-08-10,Completed,Web,North
15588,1915,2025-12-19,Completed,Mobile,East
15589,2552,2025-03-27,Completed,Partner,South
15590,2372,2026-05-09,Completed,Partner,South
15591,2723,2026-02-27,Completed,Web,East
15592,1621,2026-07-13,Completed,Mobile,South
15593,1402,2026-03-10,Completed,Web,East
15594,1754,2024-01-24,Completed,Mobile,South
15595,317,2026-07-03,Completed,Partner,West
15596,1334,2024-11-25,Completed,Web,East
15597,1833,2025-02-26,Completed,Mobile,West
15598,455,2026-08-08,Completed,Mobile,North
15599,305,2025-11-12,Completed,Mobile,South
15600,894,2025-01-05,Completed,Partner,North
15601,777,2024-02-22,Completed,Mobile,South
15602,978,2026-02-24,Pending,Web,North
15603,1351,2024-09-08,Completed,Mobile,West
15604,621,2024-04-27,Pending,Partner,North
15605,17,2025-10-05,Completed,Partner,East
15606,336,2026-08-28,Pending,Partner,North
15607,2168,2025-06-26,Completed,Mobile,North
15608,954,2024-03-25,Completed,Mobile,West
15609,2053,2026-03-11,Completed,Mobile,North
15610,209,2025-11-18,Completed,Partner,North
15611,580,2026-01-22,Completed,Partner,West
15612,2404,2026-02-11,Pending,Mobile,North
15613,2565,2026-01-21,Completed,Partner,South
15614,301,2024-09-21,Completed,Mobile,West
15615,2083,2025-07-26,Completed,Web,East
15616,2846,2025-07-02,Completed,Mobile,West
15617,178,2024-08-19,Completed,Mobile,South
15618,1131,2024-05-08,Completed,Mobile,East
15619,106,2024-12-12,Completed,Web,East
15620,1283,2025-03-06,Completed,Mobile,East
15621,1568,2025-11-15,Completed,Mobile,East
15622,693,2025-09-25,Completed,Web,East
15623,219,2025-12-12,Completed,Partner,North
15624,376,2025-12-04,Completed,Partner,West
15625,1150,2025-01-10,Cancelled,Partner,West
15626,2841,2025-10-16,Completed,Mobile,East
15627,1754,2025-02-27,Completed,Mobile,South
15628,912,2026-02-12,Completed,Mobile,East
15629,525,2025-06-26,Completed,Partner,South
15630,2137,2024-02-19,Completed,Partner,West
15631,1509,2026-03-04,Completed,Web,South
15632,2124,2026-05-10,Completed,Mobile,East
15633,866,2026-04-04,Completed,Partner,South
15634,1873,2025-11-13,Completed,Web,South
15635,1167,2025-05-22,Completed,Web,North
15636,2020,2025-02-03,Pending,Partner,South
15637,1213,2026-06-27,Completed,Web,North
15638,2782,2024-02-10,Cancelled,Partner,North
15639,1712,2024-12-20,Completed,Partner,East
15640,2773,2024-03-21,Completed,Partner,West
15641,930,2025-06-02,Completed,Mobile,East
15642,716,2024-10-10,Completed,Partner,South
15643,399,2025-02-17,Completed,Partner,South
15644,712,2025-10-31,Completed,Partner,East
15645,289,2024-10-15,Completed,Web,South
15646,546,2026-06-10,Completed,Partner,East
15647,2746,2024-04-28,Completed,Partner,North
15648,1403,2026-07-12,Completed,Partner,East
15649,2121,2024-08-27,Completed,Web,South
15650,1538,2025-04-26,Pending,Web,South
15651,1071,2024-12-19,Completed,Partner,West
15652,486,2024-10-09,Completed,Web,South
15653,164,2025-10-04,Cancelled,Mobile,South
15654,968,2024-01-28,Completed,Web,East
15655,2925,2024-04-10,Completed,Mobile,West
15656,880,2026-05-06,Completed,Partner,West
15657,1290,2024-07-22,Completed,Mobile,East
15658,2600,2024-02-12,Completed,Web,West
15659,1484,2024-06-23,Cancelled,Partner,North
15660,2415,2025-12-06,Completed,Mobile,East
15661,2974,2025-04-22,Completed,Mobile,West
15662,187,2026-03-13,Completed,Web,West
15663,530,2025-10-24,Completed,Partner,East
15664,1030,2024-01-07,Completed,Mobile,South
15665,183,2026-03-31,Completed,Web,South
15666,691,2024-01-31,Completed,Partner,West
15667,1327,2024-12-12,Pending,Partner,North
15668,1191,2025-10-23,Completed,Web,East
15669,1191,2024-05-11,Completed,Web,East
15670,1718,2024-06-09,Completed,Mobile,North
15671,2463,2024-01-09,Completed,Web,South
15672,1556,2025-04-11,Completed,Partner,East
15673,138,2025-09-01,Completed,Mobile,East
15674,541,2024-05-24,Completed,Mobile,South
15675,2239,2025-07-07,Completed,Web,South
15676,1804,2024-11-27,Completed,Partner,East
15677,1371,2025-01-01,Completed,Partner,North
15678,1161,2025-03-01,Completed,Web,South
15679,2703,2024-07-30,Completed,Partner,West
15680,2435,2024-12-27,Completed,Web,West
15681,459,2026-03-25,Completed,Partner,South
15682,195,2024-02-21,Completed,Partner,West
15683,449,2024-02-25,Completed,Partner,South
15684,1749,2024-02-19,Completed,Partner,South
15685,2849,2025-12-27,Completed,Web,South
15686,1573,2025-07-31,Completed,Web,North
15687,1351,2026-05-22,Pending,Web,West
15688,1730,2026-01-29,Completed,Mobile,North
15689,531,2024-05-30,Completed,Web,West
15690,542,2025-08-31,Cancelled,Mobile,East
15691,2002,2026-03-11,Completed,Web,North
15692,2387,2026-06-07,Completed,Web,West
15693,1541,2024-12-10,Pending,Web,West
15694,2470,2025-06-02,Completed,Partner,North
15695,1831,2024-09-03,Cancelled,Web,North
15696,1413,2026-06-10,Pending,Web,North
15697,165,2024-06-23,Completed,Mobile,East
15698,116,2024-09-22,Completed,Partner,East
15699,2064,2024-11-05,Completed,Partner,East
15700,249,2025-06-04,Completed,Mobile,East
15701,1791,2026-07-29,Completed,Partner,North
15702,2397,2025-03-04,Completed,Web,West
15703,2502,2024-07-19,Completed,Mobile,East
15704,1141,2024-12-15,Completed,Web,West
15705,2589,2025-06-25,Completed,Partner,West
15706,2572,2025-12-02,Completed,Mobile,West
15707,860,2025-03-22,Completed,Web,East
15708,15,2026-02-15,Cancelled,Web,West
15709,2973,2025-03-07,Completed,Mobile,West
15710,1153,2025-12-08,Completed,Web,East
15711,2026,2024-11-17,Completed,Partner,South
15712,1553,2025-02-20,Completed,Web,North
15713,1287,2024-06-06,Pending,Mobile,North
15714,1917,2026-05-05,Completed,Partner,South
15715,2982,2026-05-30,Completed,Partner,East
15716,1275,2025-08-01,Completed,Web,North
15717,2033,2025-12-18,Completed,Partner,South
15718,246,2025-09-22,Completed,Partner,East
15719,1306,2024-02-15,Completed,Partner,South
15720,1958,2024-09-29,Completed,Partner,East
15721,2013,2025-10-31,Completed,Web,North
15722,2826,2024-12-16,Pending,Web,West
15723,1429,2024-09-19,Completed,Web,South
15724,1852,2024-01-17,Completed,Web,North
15725,1969,2024-03-16,Completed,Partner,South
15726,268,2025-03-12,Cancelled,Mobile,South
15727,1307,2026-04-12,Completed,Web,North
15728,867,2025-06-22,Completed,Web,South
15729,327,2026-08-17,Pending,Partner,South
15730,1059,2024-01-07,Completed,Web,North
15731,1669,2025-12-02,Completed,Mobile,North
15732,1531,2025-11-23,Completed,Partner,East
15733,2248,2024-02-05,Completed,Mobile,North
15734,587,2025-09-02,Completed,Partner,South
15735,1420,2024-04-06,Completed,Mobile,West
15736,815,2026-03-30,Completed,Web,North
15737,2142,2025-09-18,Pending,Web,West
15738,969,2025-09-13,Cancelled,Mobile,West
15739,718,2025-09-09,Completed,Partner,West
15740,291,2025-07-10,Cancelled,Partner,East
15741,1496,2024-02-29,Pending,Mobile,East
15742,1674,2026-02-22,Completed,Web,North
15743,974,2026-06-09,Completed,Web,North
15744,1424,2024-12-11,Completed,Partner,South
15745,707,2024-03-19,Completed,Partner,West
15746,2252,2025-03-18,Completed,Web,North
15747,1305,2024-04-21,Cancelled,Web,East
15748,986,2025-09-16,Completed,Partner,North
15749,816,2026-07-16,Completed,Partner,South
15750,2929,2026-01-25,Cancelled,Partner,West
15751,1101,2024-06-29,Completed,Mobile,North
15752,2799,2024-03-26,Cancelled,Web,East
15753,614,2025-09-23,Completed,Mobile,East
15754,190,2025-06-11,Cancelled,Partner,West
15755,1409,2024-05-28,Pending,Partner,North
15756,2430,2025-04-01,Completed,Partner,East
15757,1859,2025-09-24,Completed,Web,South
15758,980,2024-04-25,Completed,Web,West
15759,1027,2025-09-03,Completed,Web,North
15760,756,2024-11-16,Completed,Web,West
15761,1767,2025-08-09,Completed,Partner,South
15762,2070,2024-08-18,Cancelled,Web,East
15763,720,2026-08-27,Completed,Partner,West
15764,652,2025-02-16,Cancelled,Partner,East
15765,362,2024-07-04,Pending,Partner,East
15766,244,2025-08-19,Completed,Mobile,South
15767,361,2024-11-20,Completed,Mobile,South
15768,982,2025-03-20,Completed,Partner,West
15769,1691,2024-04-23,Cancelled,Mobile,South
15770,1049,2025-11-10,Completed,Mobile,West
15771,1389,2025-07-16,Completed,Mobile,South
15772,204,2025-09-20,Completed,Mobile,North
15773,1206,2024-12-23,Completed,Partner,South
15774,1068,2025-05-22,Completed,Web,South
15775,877,2024-05-13,Completed,Partner,North
15776,1113,2025-08-28,Completed,Mobile,North
15777,524,2025-01-04,Completed,Partner,South
15778,2944,2026-04-18,Completed,Partner,South
15779,872,2025-04-04,Completed,Mobile,West
15780,1101,2024-04-08,Completed,Mobile,North
15781,390,2024-11-15,Completed,Mobile,East
15782,228,2026-03-23,Completed,Mobile,South
15783,2437,2026-01-29,Completed,Partner,North
15784,325,2024-12-22,Completed,Web,South
15785,149,2026-06-15,Completed,Web,West
15786,2846,2025-12-15,Completed,Mobile,West
15787,2571,2025-03-16,Completed,Mobile,South
15788,638,2025-07-12,Completed,Mobile,South
15789,1096,2024-07-05,Completed,Partner,East
15790,1538,2024-05-09,Completed,Mobile,South
15791,886,2026-04-04,Cancelled,Partner,North
15792,615,2024-03-31,Completed,Partner,North
15793,2558,2025-02-15,Completed,Partner,East
15794,2517,2024-11-03,Completed,Partner,North
15795,1641,2025-06-16,Completed,Partner,East
15796,1526,2024-11-14,Cancelled,Mobile,North
15797,2354,2025-11-02,Cancelled,Web,West
15798,652,2024-12-10,Completed,Mobile,East
15799,388,2026-01-07,Completed,Partner,West
15800,1352,2025-12-06,Completed,Web,West
15801,1801,2024-12-13,Completed,Partner,North
15802,786,2025-02-04,Completed,Web,North
15803,738,2026-01-25,Completed,Partner,East
15804,2657,2024-07-04,Completed,Mobile,East
15805,641,2024-03-26,Completed,Web,West
15806,1113,2024-02-27,Cancelled,Web,North
15807,1576,2025-12-17,Completed,Mobile,North
15808,2475,2025-12-28,Completed,Mobile,East
15809,32,2024-08-28,Completed,Partner,South
15810,415,2026-04-29,Completed,Partner,West
15811,290,2024-08-19,Completed,Mobile,South
15812,2069,2025-05-02,Completed,Web,East
15813,1069,2025-02-24,Completed,Web,North
15814,1162,2025-11-13,Completed,Web,East
15815,989,2024-05-29,Completed,Mobile,East
15816,755,2026-04-29,Completed,Mobile,West
15817,1982,2025-10-12,Completed,Mobile,West
15818,2949,2024-03-26,Completed,Mobile,West
15819,685,2025-10-30,Completed,Mobile,East
15820,1803,2025-05-29,Completed,Partner,South
15821,119,2024-01-04,Pending,Partner,East
15822,481,2024-05-22,Completed,Partner,West
15823,126,2024-11-29,Completed,Web,South
15824,374,2024-03-31,Completed,Partner,East
15825,884,2024-12-10,Completed,Mobile,East
15826,1856,2026-02-08,Completed,Mobile,West
15827,582,2025-12-09,Completed,Partner,East
15828,2276,2025-04-27,Completed,Web,North
15829,1368,2026-04-05,Completed,Web,South
15830,2706,2024-07-07,Completed,Mobile,North
15831,1983,2025-05-03,Completed,Partner,South
15832,2395,2024-04-11,Cancelled,Mobile,South
15833,463,2025-10-24,Completed,Web,East
15834,1868,2024-12-13,Completed,Mobile,South
15835,361,2026-06-03,Completed,Partner,South
15836,808,2024-02-12,Completed,Mobile,North
15837,2352,2026-01-27,Completed,Partner,West
15838,860,2025-11-26,Pending,Web,East
15839,1973,2025-09-20,Completed,Web,West
15840,1988,2024-09-01,Pending,Web,South
15841,2831,2024-11-11,Completed,Web,East
15842,1822,2024-09-18,Completed,Web,South
15843,264,2026-03-04,Completed,Partner,West
15844,899,2024-09-06,Completed,Partner,West
15845,1653,2025-10-02,Pending,Mobile,South
15846,2977,2024-02-16,Completed,Partner,North
15847,633,2024-05-07,Cancelled,Partner,West
15848,2896,2026-01-11,Completed,Partner,East
15849,1799,2025-09-09,Completed,Partner,East
15850,115,2025-07-23,Completed,Partner,East
15851,918,2026-04-20,Completed,Mobile,South
15852,246,2024-08-21,Completed,Partner,East
15853,2630,2024-09-13,Completed,Web,West
15854,495,2024-08-11,Completed,Web,East
15855,2944,2024-04-23,Completed,Mobile,South
15856,98,2024-07-18,Completed,Mobile,North
15857,891,2026-04-04,Pending,Web,North
15858,41,2025-02-08,Completed,Web,East
15859,1305,2024-01-26,Completed,Web,East
15860,2312,2025-06-26,Completed,Partner,South
15861,1123,2026-01-06,Completed,Web,East
15862,2094,2024-09-16,Cancelled,Partner,South
15863,921,2025-01-20,Completed,Partner,North
15864,304,2025-12-31,Completed,Web,East
15865,1748,2024-08-30,Completed,Partner,North
15866,941,2024-01-15,Completed,Partner,South
15867,2555,2025-10-02,Completed,Mobile,East
15868,798,2024-05-13,Cancelled,Mobile,West
15869,481,2024-08-17,Completed,Mobile,West
15870,361,2026-08-24,Completed,Mobile,South
15871,193,2025-07-20,Completed,Mobile,East
15872,1151,2026-02-17,Completed,Partner,West
15873,2676,2026-02-13,Pending,Mobile,North
15874,1820,2026-08-19,Completed,Partner,East
15875,22,2024-04-24,Completed,Mobile,West
15876,2194,2025-10-12,Completed,Partner,North
15877,930,2024-08-21,Completed,Mobile,East
15878,1104,2025-12-01,Completed,Mobile,East
15879,2015,2025-10-24,Completed,Mobile,North
15880,1992,2024-06-26,Completed,Partner,West
15881,1102,2026-07-14,Completed,Web,North
15882,2718,2025-07-14,Completed,Partner,North
15883,475,2025-10-29,Completed,Web,West
15884,1090,2025-09-25,Completed,Web,East
15885,307,2026-01-04,Completed,Mobile,West
15886,1055,2025-10-21,Completed,Partner,North
15887,2597,2024-04-04,Cancelled,Mobile,South
15888,2114,2025-09-10,Completed,Web,South
15889,2415,2025-05-31,Completed,Partner,East
15890,2211,2024-11-01,Completed,Partner,South
15891,2275,2026-04-29,Cancelled,Partner,East
15892,405,2024-12-21,Completed,Web,East
15893,1345,2026-02-11,Completed,Mobile,West
15894,330,2026-04-23,Completed,Web,North
15895,2357,2026-02-20,Cancelled,Partner,East
15896,899,2025-04-09,Completed,Mobile,West
15897,37,2026-06-20,Completed,Partner,South
15898,2002,2025-01-01,Completed,Partner,North
15899,680,2024-11-15,Pending,Partner,South
15900,690,2024-08-17,Completed,Mobile,East
15901,1503,2024-04-09,Completed,Partner,North
15902,1326,2025-11-14,Completed,Web,West
15903,693,2024-12-21,Completed,Partner,East
15904,2624,2026-01-05,Completed,Mobile,East
15905,896,2025-03-24,Completed,Partner,East
15906,415,2026-03-02,Completed,Web,West
15907,532,2026-08-23,Completed,Partner,West
15908,2276,2025-02-02,Cancelled,Web,North
15909,1154,2026-08-12,Completed,Partner,East
15910,952,2024-06-20,Completed,Web,South
15911,2434,2025-11-21,Completed,Web,West
15912,1326,2024-09-13,Completed,Partner,West
15913,1962,2024-02-04,Completed,Partner,West
15914,1400,2024-11-20,Pending,Partner,East
15915,1143,2024-05-31,Completed,Mobile,East
15916,1532,2025-12-26,Completed,Web,West
15917,1036,2025-01-01,Completed,Partner,South
15918,1232,2025-06-09,Completed,Mobile,East
15919,1941,2024-07-19,Completed,Partner,East
15920,1344,2025-09-02,Completed,Mobile,North
15921,797,2024-12-07,Completed,Web,East
15922,237,2024-04-08,Completed,Partner,South
15923,321,2025-01-27,Cancelled,Mobile,South
15924,1865,2026-06-29,Completed,Web,East
15925,287,2024-12-22,Completed,Mobile,East
15926,2404,2026-04-12,Completed,Mobile,North
15927,1107,2025-08-17,Completed,Web,North
15928,1246,2026-02-28,Completed,Partner,South
15929,99,2026-03-21,Pending,Web,South
15930,2632,2025-05-03,Completed,Web,North
15931,180,2025-01-26,Completed,Partner,North
15932,756,2024-11-12,Cancelled,Web,West
15933,28,2025-03-20,Completed,Partner,East
15934,100,2024-08-15,Completed,Partner,West
15935,370,2024-03-09,Completed,Partner,East
15936,2540,2025-08-27,Completed,Mobile,South
15937,881,2024-05-18,Completed,Partner,South
15938,1456,2025-04-01,Completed,Mobile,South
15939,580,2024-03-20,Completed,Partner,West
15940,1941,2026-08-06,Completed,Web,East
15941,1749,2024-09-30,Completed,Web,South
15942,1134,2024-06-05,Completed,Partner,South
15943,2388,2026-02-11,Completed,Partner,South
15944,2818,2026-02-08,Completed,Partner,West
15945,2557,2026-03-25,Completed,Web,West
15946,327,2025-09-03,Completed,Mobile,South
15947,1932,2025-05-26,Completed,Web,West
15948,327,2024-07-16,Pending,Partner,South
15949,1322,2026-03-31,Completed,Partner,West
15950,1370,2026-02-19,Completed,Web,North
15951,1762,2024-05-26,Completed,Web,North
15952,390,2025-01-02,Completed,Web,East
15953,774,2024-04-27,Cancelled,Partner,West
15954,2860,2025-10-06,Completed,Partner,North
15955,618,2026-08-20,Completed,Web,North
15956,27,2026-04-14,Completed,Partner,West
15957,1138,2024-09-08,Completed,Web,North
15958,2035,2025-07-01,Completed,Web,South
15959,1070,2024-08-03,Completed,Web,North
15960,2442,2024-02-21,Cancelled,Partner,North
15961,2695,2024-01-31,Pending,Mobile,South
15962,714,2025-03-01,Completed,Partner,North
15963,2133,2024-03-04,Completed,Partner,East
15964,861,2025-05-22,Completed,Partner,West
15965,2193,2024-05-01,Completed,Partner,North
15966,52,2026-08-26,Completed,Partner,East
15967,836,2025-12-29,Completed,Partner,North
15968,898,2024-12-27,Completed,Partner,South
15969,2550,2025-07-20,Cancelled,Web,South
15970,328,2026-06-04,Pending,Partner,East
15971,837,2025-04-04,Cancelled,Web,East
15972,334,2025-10-17,Completed,Partner,East
15973,453,2026-01-07,Completed,Mobile,West
15974,315,2025-11-09,Completed,Web,North
15975,1328,2026-05-12,Completed,Mobile,West
15976,1669,2024-07-07,Completed,Web,North
15977,432,2026-02-28,Completed,Mobile,West
15978,1721,2024-05-10,Completed,Mobile,South
15979,510,2026-08-27,Completed,Web,South
15980,639,2025-06-12,Completed,Web,South
15981,1765,2025-06-22,Completed,Web,North
15982,54,2025-07-24,Completed,Web,East
15983,356,2024-06-02,Completed,Web,West
15984,2343,2026-07-20,Completed,Web,North
15985,1551,2025-09-22,Completed,Partner,South
15986,2308,2024-09-16,Completed,Web,East
15987,796,2024-06-30,Completed,Mobile,West
15988,1301,2025-07-14,Completed,Partner,North
15989,1897,2026-01-01,Completed,Mobile,West
15990,1853,2025-02-11,Completed,Partner,West
15991,2621,2026-01-15,Completed,Partner,North
15992,436,2025-03-10,Completed,Partner,North
15993,337,2025-07-25,Completed,Mobile,East
15994,500,2024-07-14,Completed,Web,East
15995,2235,2025-08-09,Completed,Mobile,East
15996,332,2026-02-22,Cancelled,Partner,North
15997,107,2024-05-28,Completed,Web,South
15998,1041,2025-12-17,Completed,Mobile,South
15999,1707,2024-12-04,Completed,Partner,West
16000,2848,2024-03-10,Completed,Web,South
16001,552,2024-10-06,Completed,Web,East
16002,2217,2025-03-23,Completed,Mobile,West
16003,1576,2025-05-29,Completed,Partner,North
16004,340,2024-11-04,Completed,Partner,North
16005,2424,2026-06-24,Pending,Partner,West
16006,1879,2024-10-03,Completed,Partner,South
16007,1600,2026-07-17,Completed,Web,East
16008,390,2024-07-05,Completed,Mobile,East
16009,2352,2025-02-21,Completed,Web,West
16010,2369,2026-08-06,Completed,Web,North
16011,565,2024-05-31,Completed,Mobile,South
16012,1908,2025-05-28,Completed,Web,South
16013,1968,2026-02-17,Completed,Partner,North
16014,649,2025-03-14,Completed,Mobile,North
16015,627,2026-02-26,Completed,Partner,West
16016,658,2024-08-16,Completed,Web,North
16017,172,2024-01-25,Completed,Mobile,North
16018,2827,2026-04-30,Completed,Partner,West
16019,519,2025-12-25,Completed,Web,South
16020,2247,2025-09-01,Completed,Partner,South
16021,2694,2024-03-12,Completed,Web,South
16022,2945,2026-08-02,Completed,Partner,North
16023,2848,2025-06-22,Completed,Partner,South
16024,37,2025-02-08,Completed,Web,South
16025,2780,2025-01-16,Completed,Partner,West
16026,1636,2026-05-26,Completed,Web,South
16027,2128,2026-07-17,Completed,Partner,South
16028,1913,2026-03-02,Completed,Partner,West
16029,2110,2025-07-16,Completed,Web,North
16030,101,2026-03-01,Completed,Web,West
16031,802,2024-06-18,Completed,Mobile,East
16032,725,2025-07-25,Completed,Partner,North
16033,915,2025-08-15,Completed,Mobile,East
16034,2306,2024-11-14,Completed,Web,West
16035,1353,2026-02-23,Completed,Mobile,South
16036,1831,2026-01-15,Completed,Mobile,North
16037,2694,2025-12-19,Completed,Web,South
16038,1508,2025-01-20,Completed,Partner,West
16039,125,2024-11-04,Completed,Mobile,West
16040,1083,2025-12-09,Completed,Web,West
16041,2948,2024-05-17,Completed,Web,East
16042,1563,2025-10-15,Completed,Partner,East
16043,1423,2025-08-20,Pending,Partner,West
16044,177,2024-03-02,Completed,Web,South
16045,1741,2025-07-16,Pending,Mobile,West
16046,2256,2026-03-08,Completed,Web,South
16047,2445,2025-05-17,Completed,Mobile,East
16048,1667,2024-10-08,Completed,Partner,West
16049,2537,2024-11-01,Completed,Partner,West
16050,2146,2025-11-26,Completed,Partner,North
16051,894,2025-03-30,Completed,Mobile,North
16052,2872,2024-10-27,Completed,Web,East
16053,794,2026-08-11,Completed,Mobile,East
16054,2239,2025-10-15,Completed,Web,South
16055,1877,2026-06-07,Completed,Mobile,North
16056,1917,2025-11-20,Completed,Mobile,South
16057,1396,2024-04-26,Completed,Mobile,North
16058,2586,2026-04-29,Pending,Partner,North
16059,1501,2026-02-28,Completed,Mobile,North
16060,165,2026-01-22,Completed,Web,East
16061,2736,2024-05-02,Pending,Web,West
16062,125,2025-12-03,Completed,Web,West
16063,483,2026-01-29,Cancelled,Partner,North
16064,756,2026-02-26,Completed,Mobile,West
16065,154,2025-06-08,Completed,Partner,South
16066,2124,2024-02-24,Completed,Web,East
16067,2303,2025-08-09,Completed,Web,East
16068,649,2024-07-28,Completed,Mobile,North
16069,1584,2026-02-14,Cancelled,Web,West
16070,588,2026-07-19,Completed,Partner,North
16071,2676,2025-04-18,Pending,Partner,North
16072,2901,2026-01-29,Completed,Mobile,North
16073,2545,2025-06-10,Completed,Mobile,South
16074,1967,2025-02-07,Cancelled,Web,North
16075,767,2024-02-16,Completed,Mobile,South
16076,1158,2024-05-11,Pending,Web,West
16077,1191,2025-12-11,Completed,Web,East
16078,2021,2024-07-23,Pending,Mobile,South
16079,2578,2025-07-05,Completed,Web,West
16080,2735,2025-06-27,Completed,Partner,West
16081,1779,2026-08-02,Completed,Web,South
16082,2732,2024-06-21,Completed,Partner,East
16083,1306,2024-07-23,Completed,Mobile,South
16084,459,2024-03-20,Completed,Mobile,South
16085,1793,2024-10-05,Completed,Mobile,North
16086,1709,2025-11-13,Completed,Partner,South
16087,330,2026-01-14,Cancelled,Mobile,North
16088,1292,2025-01-11,Completed,Web,West
16089,196,2024-05-27,Completed,Web,East
16090,1490,2024-09-30,Pending,Partner,East
16091,1723,2026-04-24,Completed,Mobile,North
16092,843,2025-12-26,Completed,Partner,North
16093,162,2024-07-03,Cancelled,Web,West
16094,2610,2024-12-30,Completed,Partner,North
16095,1690,2025-05-28,Completed,Web,East
16096,1389,2024-12-25,Cancelled,Web,South
16097,1922,2024-12-27,Completed,Partner,North
16098,1288,2026-05-12,Completed,Mobile,North
16099,2945,2026-02-19,Completed,Mobile,North
16100,945,2025-07-08,Completed,Mobile,North
16101,1154,2025-08-28,Cancelled,Web,East
16102,1718,2025-01-31,Completed,Partner,North
16103,230,2024-10-28,Completed,Web,North
16104,2694,2024-06-24,Completed,Web,South
16105,2587,2025-04-28,Completed,Web,East
16106,2175,2025-06-10,Completed,Partner,West
16107,2721,2024-09-22,Completed,Partner,East
16108,2642,2025-06-01,Completed,Mobile,North
16109,1695,2025-01-20,Cancelled,Web,South
16110,1278,2024-06-23,Completed,Mobile,North
16111,862,2025-10-15,Completed,Web,West
16112,1961,2025-12-02,Completed,Web,East
16113,2672,2025-11-13,Completed,Web,West
16114,1280,2025-12-20,Completed,Web,West
16115,168,2025-06-13,Completed,Mobile,South
16116,1354,2025-06-04,Completed,Mobile,East
16117,2711,2024-09-14,Completed,Web,North
16118,2085,2025-05-09,Completed,Partner,West
16119,2317,2024-08-16,Completed,Partner,South
16120,2702,2024-02-26,Completed,Mobile,North
16121,2641,2024-05-10,Completed,Partner,West
16122,1900,2025-03-17,Completed,Web,West
16123,1226,2026-01-26,Completed,Partner,North
16124,974,2025-11-21,Completed,Mobile,North
16125,2128,2025-12-23,Completed,Partner,South
16126,2948,2025-03-18,Cancelled,Partner,East
16127,760,2025-02-18,Completed,Mobile,North
16128,2808,2026-04-11,Completed,Partner,East
16129,2348,2025-04-03,Completed,Partner,East
16130,2711,2025-12-08,Completed,Web,North
16131,601,2026-07-31,Completed,Mobile,West
16132,2034,2025-06-27,Completed,Web,North
16133,2653,2025-04-03,Completed,Web,South
16134,2277,2026-08-07,Completed,Web,West
16135,220,2025-12-08,Completed,Web,East
16136,2320,2024-09-10,Pending,Mobile,South
16137,62,2024-09-27,Completed,Web,North
16138,1626,2024-12-15,Completed,Web,South
16139,2453,2025-01-14,Completed,Mobile,North
16140,944,2024-05-11,Completed,Web,South
16141,2334,2024-04-23,Completed,Partner,East
16142,322,2024-07-25,Completed,Partner,North
16143,4,2024-12-14,Pending,Partner,North
16144,901,2024-05-16,Cancelled,Mobile,North
16145,1304,2026-04-25,Cancelled,Web,East
16146,1307,2026-05-23,Completed,Mobile,North
16147,409,2024-04-11,Completed,Web,East
16148,1087,2026-02-24,Completed,Partner,South
16149,809,2024-02-01,Completed,Web,West
16150,541,2024-11-26,Completed,Web,South
16151,1968,2024-09-25,Completed,Mobile,North
16152,2321,2026-05-30,Cancelled,Mobile,West
16153,1172,2025-01-30,Completed,Web,West
16154,1849,2025-02-15,Completed,Partner,West
16155,879,2024-03-04,Completed,Mobile,North
16156,1308,2025-04-30,Completed,Web,South
16157,2928,2026-04-05,Completed,Web,South
16158,2155,2024-12-03,Completed,Web,North
16159,508,2025-09-16,Completed,Partner,North
16160,2742,2024-06-14,Completed,Web,West
16161,1239,2024-12-30,Completed,Partner,North
16162,1257,2026-01-02,Completed,Partner,East
16163,1725,2026-02-14,Completed,Web,West
16164,2906,2025-10-24,Completed,Partner,West
16165,1326,2024-06-08,Completed,Mobile,West
16166,738,2024-09-20,Completed,Mobile,East
16167,459,2025-07-15,Completed,Partner,South
16168,2807,2025-05-08,Completed,Mobile,South
16169,1123,2024-08-04,Completed,Partner,East
16170,1892,2026-03-23,Completed,Mobile,West
16171,360,2024-05-11,Completed,Web,North
16172,1403,2025-07-17,Completed,Web,East
16173,2854,2024-06-01,Completed,Web,East
16174,1377,2024-02-25,Completed,Mobile,West
16175,1661,2025-03-10,Completed,Web,West
16176,284,2024-11-27,Completed,Partner,West
16177,1059,2024-05-25,Completed,Mobile,North
16178,1047,2026-06-19,Completed,Web,East
16179,2479,2024-03-11,Completed,Web,East
16180,1698,2025-08-20,Completed,Mobile,North
16181,1046,2024-11-12,Completed,Web,North
16182,2789,2026-03-23,Completed,Web,East
16183,2898,2024-01-08,Completed,Web,South
16184,2848,2026-08-20,Cancelled,Partner,South
16185,1139,2024-04-04,Completed,Mobile,West
16186,903,2025-12-19,Completed,Partner,West
16187,979,2026-05-08,Completed,Web,East
16188,2364,2025-04-20,Completed,Mobile,West
16189,1490,2024-05-26,Completed,Web,East
16190,2741,2025-08-20,Pending,Mobile,South
16191,2241,2024-01-29,Pending,Mobile,West
16192,632,2025-06-12,Completed,Partner,East
16193,2069,2026-04-24,Completed,Web,East
16194,605,2026-02-18,Completed,Mobile,South
16195,1314,2024-08-04,Completed,Mobile,West
16196,1512,2026-01-08,Completed,Web,South
16197,99,2024-09-30,Completed,Partner,South
16198,647,2024-03-11,Completed,Web,East
16199,922,2024-02-26,Completed,Web,South
16200,2469,2024-02-11,Completed,Partner,East
16201,360,2024-09-27,Completed,Partner,North
16202,404,2025-04-27,Completed,Mobile,West
16203,2410,2025-11-29,Completed,Partner,North
16204,1716,2025-01-30,Completed,Partner,South
16205,678,2025-04-12,Completed,Web,North
16206,2160,2024-11-12,Completed,Mobile,West
16207,1827,2025-02-25,Completed,Web,East
16208,1884,2026-02-25,Completed,Partner,North
16209,2148,2024-07-21,Completed,Mobile,North
16210,2985,2024-03-23,Completed,Web,South
16211,372,2024-02-14,Completed,Partner,West
16212,2596,2024-07-05,Cancelled,Mobile,North
16213,1456,2025-03-18,Completed,Mobile,South
16214,1942,2025-06-21,Completed,Web,South
16215,148,2024-10-23,Completed,Web,East
16216,1244,2026-02-08,Completed,Partner,East
16217,2572,2026-04-23,Completed,Web,West
16218,1628,2026-01-11,Completed,Partner,East
16219,838,2024-12-05,Completed,Web,East
16220,1736,2025-09-01,Completed,Web,South
16221,2074,2024-11-19,Completed,Partner,South
16222,686,2024-01-13,Completed,Mobile,East
16223,1047,2026-07-21,Completed,Partner,East
16224,562,2026-01-01,Completed,Mobile,North
16225,109,2024-06-19,Completed,Partner,West
16226,2540,2025-03-16,Completed,Partner,South
16227,2347,2024-10-05,Cancelled,Mobile,South
16228,180,2025-08-14,Completed,Web,North
16229,359,2025-06-30,Completed,Partner,South
16230,449,2025-04-17,Completed,Mobile,South
16231,612,2024-07-21,Completed,Mobile,North
16232,1255,2024-11-22,Cancelled,Partner,North
16233,2905,2024-03-08,Completed,Partner,East
16234,1666,2025-07-22,Completed,Partner,East
16235,1492,2024-09-24,Completed,Partner,East
16236,2508,2025-06-18,Completed,Partner,West
16237,1844,2024-05-10,Completed,Mobile,South
16238,95,2024-11-21,Completed,Web,West
16239,1314,2026-03-08,Completed,Mobile,West
16240,1096,2026-07-20,Completed,Mobile,East
16241,787,2026-06-17,Completed,Partner,West
16242,2167,2024-06-10,Completed,Partner,West
16243,2444,2026-06-14,Completed,Web,South
16244,1443,2025-09-15,Completed,Mobile,South
16245,2969,2026-08-18,Completed,Partner,West
16246,2226,2026-08-01,Completed,Mobile,East
16247,1931,2025-11-24,Completed,Mobile,South
16248,2347,2025-09-15,Completed,Mobile,South
16249,2007,2025-12-28,Completed,Partner,West
16250,1744,2026-08-18,Completed,Partner,North
16251,1488,2025-12-18,Completed,Partner,South
16252,2969,2025-10-29,Cancelled,Web,West
16253,1655,2025-08-04,Completed,Mobile,South
16254,431,2026-06-20,Completed,Web,North
16255,1556,2025-05-02,Completed,Mobile,East
16256,1073,2024-05-15,Completed,Mobile,East
16257,980,2024-11-07,Completed,Web,West
16258,1510,2025-06-03,Completed,Partner,South
16259,1743,2025-01-18,Pending,Web,North
16260,2545,2024-11-04,Completed,Web,South
16261,122,2026-08-09,Completed,Mobile,West
16262,1698,2025-04-14,Completed,Partner,North
16263,1562,2026-04-11,Pending,Web,South
16264,2316,2024-10-27,Completed,Mobile,East
16265,793,2024-02-23,Completed,Mobile,East
16266,2614,2025-04-27,Completed,Mobile,South
16267,1079,2024-11-14,Cancelled,Web,North
16268,2953,2024-07-23,Completed,Mobile,North
16269,1550,2024-05-29,Completed,Partner,West
16270,2000,2025-10-02,Completed,Partner,South
16271,934,2026-02-10,Completed,Partner,North
16272,2914,2024-04-20,Completed,Web,West
16273,828,2026-06-08,Completed,Web,North
16274,2068,2025-08-29,Completed,Web,North
16275,578,2025-01-18,Cancelled,Web,South
16276,356,2026-04-18,Completed,Mobile,West
16277,708,2024-08-12,Completed,Mobile,North
16278,2535,2026-07-10,Completed,Web,East
16279,292,2025-05-20,Completed,Partner,East
16280,2659,2025-05-20,Completed,Web,East
16281,1210,2024-08-17,Completed,Partner,North
16282,910,2024-10-15,Completed,Partner,North
16283,807,2025-11-11,Completed,Partner,North
16284,469,2024-01-12,Completed,Mobile,West
16285,2144,2024-01-01,Completed,Web,West
16286,1739,2026-03-04,Completed,Mobile,North
16287,2353,2026-07-22,Completed,Web,North
16288,137,2026-06-23,Completed,Mobile,North
16289,134,2025-03-19,Completed,Mobile,East
16290,1256,2025-01-11,Completed,Partner,West
16291,842,2026-08-13,Completed,Mobile,East
16292,887,2025-12-28,Cancelled,Partner,South
16293,678,2024-09-12,Completed,Partner,North
16294,872,2026-08-05,Completed,Web,West
16295,2217,2025-04-21,Completed,Mobile,West
16296,2258,2024-09-27,Completed,Web,North
16297,2335,2025-09-10,Completed,Mobile,South
16298,594,2026-02-15,Completed,Mobile,South
16299,2875,2024-09-01,Completed,Web,North
16300,2016,2024-10-13,Completed,Mobile,South
16301,1253,2026-04-03,Completed,Web,West
16302,1691,2026-07-02,Completed,Partner,South
16303,1337,2026-08-22,Completed,Partner,North
16304,1992,2024-12-31,Cancelled,Partner,West
16305,2012,2024-09-08,Completed,Partner,North
16306,1218,2025-07-07,Cancelled,Partner,South
16307,2744,2026-01-03,Completed,Mobile,North
16308,1164,2024-10-10,Completed,Web,North
16309,2251,2026-04-17,Cancelled,Partner,South
16310,1078,2026-08-18,Pending,Web,South
16311,2759,2025-07-09,Completed,Mobile,South
16312,2040,2025-02-10,Cancelled,Web,South
16313,1378,2026-06-05,Cancelled,Mobile,East
16314,1474,2026-06-21,Completed,Partner,West
16315,1081,2026-07-12,Completed,Mobile,South
16316,1900,2025-09-13,Completed,Partner,West
16317,1065,2024-11-07,Completed,Web,South
16318,1937,2025-09-30,Completed,Partner,West
16319,427,2024-12-26,Completed,Web,East
16320,33,2026-04-24,Completed,Mobile,East
16321,2617,2024-01-21,Completed,Web,West
16322,2021,2026-07-06,Completed,Web,South
16323,1051,2025-01-09,Completed,Mobile,South
16324,1145,2024-09-23,Completed,Partner,West
16325,866,2024-09-08,Completed,Mobile,South
16326,2467,2025-02-05,Completed,Partner,North
16327,1792,2026-01-09,Completed,Mobile,South
16328,642,2026-07-13,Completed,Web,South
16329,2943,2026-01-17,Completed,Web,North
16330,1602,2025-06-05,Completed,Partner,North
16331,2663,2024-11-25,Completed,Web,East
16332,869,2025-07-21,Pending,Web,West
16333,1806,2025-02-17,Completed,Web,South
16334,2088,2026-07-16,Completed,Web,South
16335,184,2025-01-18,Completed,Partner,North
16336,940,2025-06-30,Completed,Web,East
16337,2194,2024-08-16,Pending,Partner,North
16338,2747,2025-07-21,Completed,Web,West
16339,175,2024-01-05,Completed,Mobile,West
16340,2797,2024-03-14,Completed,Web,South
16341,2398,2026-05-05,Completed,Web,North
16342,1087,2024-09-06,Completed,Mobile,South
16343,2223,2026-08-18,Completed,Partner,East
16344,2620,2025-07-09,Cancelled,Partner,South
16345,2281,2024-05-20,Completed,Partner,South
16346,1506,2025-01-23,Completed,Mobile,North
16347,1346,2024-06-02,Completed,Web,South
16348,1801,2026-03-07,Pending,Mobile,North
16349,2592,2024-06-02,Pending,Mobile,West
16350,507,2024-06-22,Completed,Partner,East
16351,1706,2025-04-01,Completed,Partner,North
16352,1886,2025-04-09,Completed,Mobile,East
16353,69,2025-09-18,Completed,Mobile,East
16354,1833,2026-03-28,Completed,Web,West
16355,2995,2024-06-24,Cancelled,Partner,South
16356,2616,2026-05-30,Completed,Mobile,South
16357,1043,2024-12-29,Completed,Mobile,East
16358,300,2025-12-28,Completed,Mobile,North
16359,2635,2026-01-18,Completed,Mobile,North
16360,1722,2024-12-27,Cancelled,Web,West
16361,2831,2024-04-27,Cancelled,Mobile,East
16362,894,2025-12-25,Completed,Partner,North
16363,747,2026-08-18,Completed,Web,North
16364,1573,2025-07-07,Completed,Web,North
16365,167,2025-11-03,Completed,Web,West
16366,978,2025-04-13,Completed,Partner,North
16367,2700,2024-02-29,Pending,Web,West
16368,2781,2024-08-06,Completed,Mobile,East
16369,969,2024-01-31,Completed,Web,West
16370,1360,2025-07-15,Completed,Web,North
16371,2427,2024-02-05,Cancelled,Partner,South
16372,2261,2025-07-09,Completed,Mobile,South
16373,1180,2025-04-06,Completed,Mobile,North
16374,1724,2024-12-28,Completed,Web,South
16375,1379,2025-05-21,Completed,Mobile,West
16376,2659,2025-02-25,Completed,Partner,East
16377,861,2024-05-31,Completed,Partner,West
16378,791,2025-09-01,Completed,Web,South
16379,1694,2024-05-03,Completed,Web,West
16380,782,2025-11-29,Completed,Partner,South
16381,1910,2026-01-24,Completed,Web,North
16382,833,2026-05-11,Completed,Web,North
16383,149,2025-03-28,Completed,Mobile,West
16384,467,2024-08-23,Completed,Web,South
16385,673,2024-04-08,Completed,Web,North
16386,1109,2024-05-04,Completed,Mobile,South
16387,1326,2025-06-13,Completed,Web,West
16388,2904,2025-01-10,Completed,Web,East
16389,2073,2026-03-07,Pending,Mobile,West
16390,355,2024-07-07,Pending,Mobile,North
16391,784,2025-10-13,Completed,Web,East
16392,2342,2024-06-06,Completed,Partner,South
16393,2505,2025-03-17,Completed,Mobile,North
16394,910,2026-01-17,Completed,Partner,North
16395,1643,2026-04-05,Completed,Partner,South
16396,2252,2026-03-29,Completed,Partner,North
16397,2088,2024-03-31,Completed,Web,South
16398,161,2025-10-26,Completed,Web,West
16399,2912,2025-06-13,Completed,Mobile,West
16400,1903,2026-06-26,Completed,Partner,South
16401,574,2024-08-23,Completed,Web,West
16402,622,2026-06-18,Completed,Partner,West
16403,2790,2025-10-19,Pending,Mobile,West
16404,481,2025-07-21,Pending,Partner,West
16405,2991,2025-07-01,Completed,Mobile,West
16406,183,2024-01-12,Completed,Web,South
16407,883,2024-11-17,Completed,Partner,South
16408,1449,2025-01-28,Completed,Mobile,West
16409,2991,2024-07-19,Completed,Mobile,West
16410,1945,2026-01-01,Completed,Mobile,East
16411,1754,2025-07-12,Completed,Web,South
16412,1185,2026-02-28,Completed,Web,South
16413,136,2026-06-02,Cancelled,Web,North
16414,1633,2024-05-29,Completed,Partner,East
16415,1590,2024-05-25,Completed,Mobile,West
16416,46,2025-01-31,Completed,Partner,North
16417,1246,2026-04-19,Completed,Web,South
16418,2325,2026-05-15,Completed,Mobile,East
16419,973,2026-07-26,Pending,Partner,West
16420,1963,2024-10-01,Completed,Mobile,East
16421,2413,2024-11-15,Completed,Web,West
16422,2230,2024-09-18,Completed,Partner,South
16423,1733,2024-02-24,Completed,Partner,North
16424,2947,2025-02-27,Completed,Partner,West
16425,2703,2026-01-22,Completed,Web,West
16426,2146,2024-09-02,Completed,Web,North
16427,2046,2026-07-24,Completed,Mobile,West
16428,2127,2026-07-20,Cancelled,Mobile,North
16429,1050,2024-05-15,Completed,Web,North
16430,840,2024-08-14,Completed,Web,West
16431,1952,2026-07-10,Completed,Mobile,East
16432,1087,2025-06-07,Completed,Mobile,South
16433,1949,2026-03-18,Completed,Partner,East
16434,2294,2026-04-27,Completed,Partner,East
16435,2997,2024-01-11,Completed,Mobile,South
16436,1782,2025-07-20,Completed,Web,South
16437,787,2025-02-19,Completed,Web,West
16438,1953,2024-07-22,Completed,Web,North
16439,2545,2024-07-10,Cancelled,Web,South
16440,1233,2025-06-23,Completed,Partner,West
16441,977,2026-08-26,Completed,Web,East
16442,360,2026-06-13,Completed,Partner,North
16443,212,2025-11-13,Pending,Mobile,East
16444,1746,2025-08-11,Pending,Mobile,South
16445,2603,2025-01-10,Completed,Web,East
16446,949,2026-01-18,Completed,Mobile,North
16447,1726,2024-05-28,Completed,Mobile,East
16448,2828,2024-02-18,Cancelled,Partner,North
16449,1629,2024-06-19,Cancelled,Web,North
16450,1469,2026-05-11,Completed,Mobile,East
16451,2347,2025-09-29,Completed,Partner,South
16452,2331,2024-03-31,Completed,Mobile,West
16453,273,2025-10-09,Cancelled,Mobile,West
16454,1462,2025-03-30,Completed,Web,South
16455,2637,2025-09-08,Completed,Mobile,North
16456,2119,2025-06-09,Completed,Web,East
16457,503,2025-05-19,Completed,Web,South
16458,2122,2025-08-09,Completed,Web,North
16459,424,2024-11-22,Cancelled,Mobile,East
16460,2466,2025-07-07,Completed,Mobile,East
16461,2265,2024-11-05,Completed,Web,East
16462,526,2024-05-22,Completed,Partner,North
16463,1861,2024-01-29,Completed,Web,South
16464,1531,2026-07-05,Completed,Partner,East
16465,1770,2026-02-23,Completed,Web,South
16466,1672,2024-06-05,Completed,Web,West
16467,975,2026-03-04,Completed,Partner,West
16468,1733,2026-06-13,Completed,Web,North
16469,1016,2025-10-01,Completed,Web,East
16470,1640,2026-01-25,Completed,Partner,West
16471,1557,2026-05-26,Pending,Web,West
16472,343,2024-09-11,Completed,Mobile,East
16473,1427,2024-12-13,Completed,Mobile,North
16474,1001,2025-10-20,Completed,Partner,North
16475,1177,2024-03-27,Completed,Web,West
16476,442,2025-12-31,Completed,Partner,North
16477,490,2024-07-15,Cancelled,Partner,North
16478,422,2024-07-19,Completed,Web,South
16479,859,2024-10-03,Completed,Partner,East
16480,1202,2026-04-11,Completed,Partner,East
16481,1903,2024-10-28,Completed,Web,South
16482,232,2026-07-08,Completed,Partner,West
16483,2548,2026-01-30,Cancelled,Mobile,West
16484,452,2024-03-22,Completed,Mobile,South
16485,620,2026-06-22,Completed,Mobile,East
16486,1955,2026-03-16,Completed,Mobile,East
16487,65,2025-12-11,Completed,Web,North
16488,702,2026-04-23,Completed,Web,East
16489,1318,2024-11-18,Completed,Mobile,West
16490,125,2024-02-23,Completed,Partner,West
16491,1891,2024-01-18,Completed,Partner,East
16492,525,2025-08-25,Completed,Web,South
16493,1856,2026-01-11,Completed,Partner,West
16494,72,2025-06-15,Completed,Mobile,North
16495,1995,2026-03-11,Completed,Partner,West
16496,1739,2025-05-25,Completed,Partner,North
16497,2411,2025-12-03,Completed,Mobile,South
16498,561,2025-10-06,Completed,Partner,East
16499,494,2026-01-05,Completed,Partner,South
16500,2533,2024-03-26,Completed,Partner,East
16501,892,2026-07-31,Pending,Mobile,East
16502,839,2026-02-16,Cancelled,Partner,West
16503,2699,2024-02-28,Completed,Mobile,East
16504,2848,2026-03-28,Completed,Mobile,South
16505,2255,2026-01-25,Completed,Partner,North
16506,2278,2024-06-07,Completed,Mobile,South
16507,1672,2025-01-15,Pending,Partner,West
16508,16,2025-10-29,Cancelled,Web,North
16509,2913,2026-07-19,Completed,Mobile,South
16510,1427,2024-02-08,Completed,Web,North
16511,496,2026-04-23,Cancelled,Web,North
16512,1862,2025-02-09,Completed,Partner,West
16513,452,2025-05-12,Completed,Partner,South
16514,1846,2024-10-23,Completed,Mobile,East
16515,943,2025-10-02,Completed,Mobile,South
16516,205,2024-10-20,Cancelled,Web,East
16517,852,2024-03-31,Completed,Partner,West
16518,1109,2024-12-24,Completed,Partner,South
16519,2305,2024-12-29,Completed,Web,East
16520,1220,2026-05-11,Completed,Partner,North
16521,503,2026-03-02,Completed,Mobile,South
16522,2699,2024-03-08,Completed,Web,East
16523,2455,2024-06-07,Completed,Partner,South
16524,55,2026-06-09,Completed,Partner,South
16525,2330,2025-08-11,Completed,Mobile,East
16526,1729,2025-12-29,Completed,Mobile,East
16527,2550,2025-05-08,Completed,Mobile,South
16528,1244,2026-05-03,Cancelled,Web,East
16529,2865,2024-03-28,Completed,Mobile,East
16530,1887,2026-05-07,Completed,Mobile,North
16531,624,2024-07-31,Cancelled,Web,South
16532,840,2026-07-13,Completed,Partner,West
16533,944,2024-05-11,Completed,Mobile,South
16534,2481,2026-08-13,Completed,Mobile,South
16535,795,2025-09-21,Completed,Partner,West
16536,2450,2026-08-04,Completed,Mobile,North
16537,1707,2025-09-04,Completed,Web,West
16538,1459,2025-12-17,Cancelled,Mobile,East
16539,1555,2026-05-05,Completed,Web,West
16540,1847,2025-05-25,Completed,Mobile,East
16541,1305,2024-02-22,Completed,Web,East
16542,2184,2026-06-21,Pending,Mobile,East
16543,2164,2025-04-27,Completed,Web,West
16544,2689,2026-07-10,Completed,Partner,South
16545,1078,2024-08-11,Completed,Web,South
16546,1423,2024-05-16,Completed,Partner,West
16547,1714,2024-08-06,Completed,Partner,South
16548,2857,2024-04-20,Completed,Web,East
16549,1002,2024-07-21,Completed,Web,East
16550,775,2026-02-10,Completed,Partner,North
16551,1648,2024-09-28,Pending,Mobile,South
16552,2696,2026-01-11,Completed,Partner,East
16553,1489,2025-09-28,Completed,Mobile,East
16554,2730,2026-07-21,Completed,Partner,North
16555,424,2025-08-16,Completed,Web,East
16556,1443,2026-01-29,Completed,Partner,South
16557,300,2024-04-08,Completed,Partner,North
16558,1897,2024-03-30,Completed,Partner,West
16559,1724,2025-03-25,Completed,Mobile,South
16560,1280,2026-05-09,Completed,Web,West
16561,1121,2025-02-26,Completed,Mobile,North
16562,1387,2024-03-09,Completed,Mobile,North
16563,1708,2026-04-28,Completed,Web,North
16564,2990,2024-04-06,Completed,Web,North
16565,1851,2025-02-22,Completed,Mobile,East
16566,1720,2024-02-12,Completed,Web,East
16567,1257,2025-08-09,Completed,Mobile,East
16568,1955,2026-04-21,Completed,Mobile,East
16569,2579,2024-08-23,Completed,Partner,West
16570,1543,2026-07-11,Completed,Web,East
16571,428,2025-02-13,Completed,Mobile,East
16572,788,2025-04-02,Completed,Partner,North
16573,1362,2025-03-28,Completed,Mobile,East
16574,1436,2025-12-08,Completed,Web,North
16575,2478,2024-05-21,Cancelled,Partner,East
16576,2386,2024-05-20,Completed,Web,West
16577,344,2024-05-29,Completed,Mobile,East
16578,1801,2024-01-07,Completed,Partner,North
16579,2282,2025-06-07,Pending,Partner,North
16580,395,2026-08-15,Cancelled,Mobile,North
16581,2756,2024-10-08,Completed,Web,West
16582,2483,2024-04-19,Completed,Partner,West
16583,606,2025-06-09,Completed,Web,East
16584,1325,2026-06-30,Completed,Mobile,West
16585,2432,2026-06-15,Pending,Web,South
16586,176,2025-01-05,Completed,Mobile,West
16587,275,2026-07-17,Completed,Partner,West
16588,2869,2025-01-05,Completed,Web,North
16589,2752,2025-08-25,Completed,Mobile,West
16590,1312,2024-10-11,Completed,Web,South
16591,269,2025-04-12,Completed,Mobile,North
16592,707,2024-10-21,Completed,Web,West
16593,691,2026-02-27,Completed,Web,West
16594,2140,2024-02-06,Completed,Partner,West
16595,2498,2026-07-17,Completed,Web,North
16596,946,2024-08-03,Completed,Web,South
16597,2158,2025-04-25,Completed,Web,West
16598,1212,2025-01-25,Completed,Mobile,South
16599,411,2025-11-23,Completed,Web,East
16600,2194,2025-08-22,Completed,Web,North
16601,165,2026-01-06,Completed,Partner,East
16602,1476,2024-11-24,Completed,Web,North
16603,253,2025-02-28,Completed,Mobile,South
16604,1271,2024-10-24,Completed,Partner,East
16605,2491,2024-08-25,Completed,Partner,East
16606,2654,2024-08-17,Completed,Web,North
16607,1044,2026-06-06,Completed,Mobile,East
16608,1627,2024-03-25,Completed,Web,South
16609,2091,2026-03-09,Completed,Web,East
16610,29,2024-06-15,Completed,Mobile,West
16611,2695,2026-07-02,Cancelled,Partner,South
16612,964,2024-10-20,Completed,Partner,West
16613,1873,2024-04-15,Completed,Web,South
16614,2490,2025-06-21,Completed,Partner,North
16615,2194,2026-06-18,Completed,Partner,North
16616,750,2024-04-01,Completed,Partner,North
16617,1369,2025-12-14,Completed,Web,West
16618,1092,2024-01-11,Cancelled,Mobile,West
16619,2578,2025-05-23,Cancelled,Partner,West
16620,773,2026-05-13,Completed,Mobile,North
16621,528,2026-07-06,Completed,Partner,South
16622,2050,2024-11-11,Cancelled,Partner,South
16623,2543,2025-12-12,Completed,Partner,West
16624,166,2024-08-02,Completed,Partner,East
16625,757,2025-10-23,Completed,Partner,South
16626,1278,2025-09-14,Cancelled,Mobile,North
16627,1730,2025-10-13,Completed,Mobile,North
16628,2559,2026-04-06,Completed,Web,East
16629,2461,2024-01-21,Completed,Partner,South
16630,848,2024-05-17,Completed,Web,West
16631,372,2026-02-15,Completed,Web,West
16632,1817,2024-04-15,Completed,Partner,East
16633,1155,2026-08-23,Completed,Mobile,South
16634,1410,2024-09-17,Completed,Mobile,North
16635,2124,2026-01-22,Completed,Mobile,East
16636,1590,2024-01-15,Pending,Mobile,West
16637,1731,2025-12-13,Completed,Mobile,East
16638,2287,2024-08-10,Completed,Partner,South
16639,2509,2025-02-06,Completed,Mobile,East
16640,894,2024-05-26,Completed,Web,North
16641,310,2026-07-07,Completed,Mobile,North
16642,1746,2024-08-05,Cancelled,Mobile,South
16643,1260,2026-06-03,Pending,Web,West
16644,2985,2025-07-30,Completed,Partner,South
16645,2435,2025-02-21,Cancelled,Web,West
16646,2609,2025-02-13,Completed,Partner,North
16647,894,2024-02-17,Completed,Mobile,North
16648,1665,2024-02-29,Completed,Mobile,North
16649,2793,2024-12-14,Completed,Mobile,North
16650,1631,2026-06-26,Completed,Mobile,East
16651,2017,2024-02-17,Completed,Web,West
16652,683,2026-02-12,Completed,Partner,South
16653,936,2024-06-29,Completed,Mobile,South
16654,979,2024-05-02,Completed,Mobile,East
16655,1926,2024-09-27,Completed,Mobile,South
16656,247,2026-07-29,Completed,Web,South
16657,493,2024-05-11,Completed,Partner,South
16658,2947,2026-07-10,Completed,Partner,West
16659,1081,2024-07-06,Completed,Web,South
16660,2946,2025-02-05,Completed,Partner,North
16661,1298,2026-03-09,Completed,Web,South
16662,2366,2024-05-07,Completed,Web,North
16663,1634,2026-07-15,Completed,Partner,South
16664,2073,2024-12-09,Pending,Mobile,West
16665,1161,2025-09-07,Completed,Web,South
16666,959,2025-03-07,Completed,Partner,West
16667,501,2024-02-16,Completed,Mobile,West
16668,478,2025-11-13,Completed,Web,East
16669,2805,2026-02-09,Pending,Partner,South
16670,1715,2024-10-10,Completed,Mobile,South
16671,780,2025-04-16,Completed,Mobile,North
16672,2320,2026-03-11,Completed,Mobile,South
16673,2181,2024-03-30,Completed,Mobile,East
16674,896,2026-03-11,Cancelled,Web,East
16675,1008,2024-06-12,Completed,Mobile,East
16676,359,2024-10-28,Completed,Web,South
16677,541,2024-03-17,Completed,Mobile,South
16678,1068,2025-12-21,Completed,Partner,South
16679,2526,2026-03-19,Completed,Mobile,East
16680,1968,2026-06-29,Cancelled,Mobile,North
16681,1995,2026-08-03,Completed,Web,West
16682,2144,2026-02-10,Completed,Web,West
16683,966,2025-07-11,Completed,Web,South
16684,1069,2024-12-27,Completed,Partner,North
16685,199,2026-06-21,Completed,Web,East
16686,2210,2026-03-03,Completed,Partner,North
16687,1126,2026-04-20,Completed,Partner,West
16688,1042,2025-11-09,Completed,Partner,North
16689,1496,2026-04-28,Completed,Partner,East
16690,115,2026-06-26,Completed,Web,East
16691,2621,2025-08-29,Completed,Mobile,North
16692,2773,2025-04-21,Cancelled,Web,West
16693,92,2026-02-15,Completed,Web,North
16694,509,2026-03-16,Completed,Mobile,North
16695,1217,2024-04-16,Completed,Mobile,North
16696,137,2025-04-19,Cancelled,Partner,North
16697,2247,2026-05-03,Completed,Web,South
16698,1706,2024-05-02,Completed,Web,North
16699,2307,2025-03-13,Completed,Web,South
16700,1557,2025-03-27,Completed,Partner,West
16701,418,2026-05-15,Completed,Mobile,West
16702,263,2025-09-25,Completed,Web,South
16703,2446,2026-08-06,Completed,Partner,West
16704,2728,2024-04-01,Completed,Web,North
16705,2499,2026-04-01,Completed,Mobile,West
16706,2398,2024-10-17,Completed,Mobile,North
16707,864,2024-11-30,Completed,Web,West
16708,960,2024-10-31,Completed,Partner,East
16709,1457,2024-08-26,Completed,Partner,North
16710,993,2025-08-12,Completed,Partner,East
16711,2085,2024-05-27,Completed,Web,West
16712,338,2024-11-05,Completed,Partner,North
16713,1377,2025-11-20,Completed,Partner,West
16714,138,2026-03-24,Completed,Partner,East
16715,2191,2026-03-26,Completed,Web,East
16716,914,2026-02-01,Completed,Web,West
16717,929,2024-11-21,Completed,Partner,East
16718,247,2024-05-20,Completed,Web,South
16719,1388,2024-11-21,Completed,Mobile,East
16720,1577,2024-06-15,Completed,Mobile,East
16721,303,2025-07-08,Completed,Partner,North
16722,2589,2025-05-15,Completed,Mobile,West
16723,2851,2026-04-05,Completed,Web,South
16724,2487,2025-01-21,Completed,Web,North
16725,1168,2024-03-20,Completed,Web,North
16726,42,2026-04-01,Completed,Mobile,West
16727,975,2026-08-12,Completed,Mobile,West
16728,841,2026-01-19,Cancelled,Web,North
16729,1015,2024-06-20,Completed,Mobile,West
16730,1665,2025-08-25,Completed,Web,North
16731,2838,2024-11-27,Completed,Partner,South
16732,1458,2025-10-02,Completed,Web,North
16733,1111,2025-03-13,Completed,Web,East
16734,1742,2025-12-20,Completed,Mobile,West
16735,1925,2024-06-15,Completed,Web,North
16736,1014,2024-06-10,Completed,Partner,West
16737,495,2025-12-15,Completed,Web,East
16738,2946,2024-11-28,Completed,Mobile,North
16739,281,2025-11-28,Completed,Web,East
16740,2455,2026-03-30,Completed,Web,South
16741,2220,2026-05-13,Completed,Partner,South
16742,67,2025-03-19,Completed,Mobile,East
16743,2943,2024-12-03,Pending,Partner,North
16744,1308,2024-07-19,Completed,Partner,South
16745,2672,2026-04-23,Completed,Web,West
16746,1599,2024-08-10,Pending,Web,North
16747,1834,2025-06-01,Completed,Web,West
16748,309,2025-01-14,Completed,Web,South
16749,1062,2026-02-25,Completed,Partner,East
16750,94,2024-12-16,Completed,Web,South
16751,2536,2026-05-22,Completed,Partner,West
16752,1234,2025-02-12,Completed,Web,East
16753,2939,2026-02-23,Completed,Mobile,South
16754,873,2024-07-13,Completed,Mobile,East
16755,2389,2025-07-04,Completed,Partner,South
16756,725,2026-01-04,Completed,Mobile,North
16757,667,2024-12-28,Completed,Mobile,East
16758,1003,2024-09-08,Completed,Partner,West
16759,56,2025-09-06,Completed,Mobile,West
16760,1843,2026-01-03,Cancelled,Mobile,West
16761,706,2025-02-05,Completed,Mobile,North
16762,723,2025-06-28,Completed,Partner,East
16763,820,2024-09-11,Completed,Mobile,East
16764,101,2025-04-05,Cancelled,Partner,West
16765,339,2026-07-15,Completed,Mobile,South
16766,2317,2026-01-16,Completed,Partner,South
16767,1389,2024-06-20,Completed,Mobile,South
16768,220,2025-05-01,Completed,Mobile,East
16769,520,2025-08-18,Completed,Mobile,East
16770,2167,2026-06-19,Completed,Mobile,West
16771,488,2025-08-25,Cancelled,Web,North
16772,1405,2025-10-19,Completed,Mobile,East
16773,1736,2025-08-10,Completed,Mobile,South
16774,2052,2024-11-03,Completed,Partner,South
16775,2012,2025-02-16,Pending,Web,North
16776,2542,2025-04-22,Completed,Partner,South
16777,710,2025-06-04,Completed,Mobile,East
16778,1755,2026-05-14,Completed,Partner,West
16779,880,2024-04-24,Completed,Mobile,West
16780,1597,2026-06-27,Completed,Partner,North
16781,2032,2025-12-24,Completed,Web,South
16782,303,2024-09-20,Completed,Web,North
16783,2255,2026-01-20,Pending,Mobile,North
16784,2433,2024-12-11,Completed,Partner,South
16785,2814,2025-04-05,Completed,Mobile,South
16786,2883,2024-04-18,Completed,Web,East
16787,475,2025-03-21,Completed,Partner,West
16788,138,2026-04-18,Completed,Mobile,East
16789,229,2026-03-04,Cancelled,Web,West
16790,2647,2025-06-18,Completed,Web,North
16791,73,2025-06-18,Completed,Partner,North
16792,1293,2025-07-15,Completed,Partner,North
16793,1904,2024-03-02,Completed,Partner,South
16794,1212,2025-03-18,Completed,Partner,South
16795,2520,2025-12-04,Completed,Partner,South
16796,50,2025-07-03,Completed,Web,South
16797,819,2025-09-08,Completed,Partner,West
16798,1454,2024-10-04,Completed,Mobile,West
16799,2285,2026-03-27,Completed,Web,North
16800,1497,2024-06-12,Completed,Web,South
16801,419,2024-03-27,Completed,Mobile,West
16802,36,2024-06-23,Completed,Partner,West
16803,228,2025-09-27,Completed,Partner,South
16804,776,2025-06-04,Completed,Partner,East
16805,2687,2024-05-02,Completed,Web,South
16806,175,2024-05-24,Completed,Partner,West
16807,1287,2025-12-28,Cancelled,Partner,North
16808,1697,2025-05-14,Completed,Mobile,East
16809,153,2024-12-24,Completed,Web,East
16810,2335,2026-03-23,Completed,Web,South
16811,1002,2026-05-22,Completed,Mobile,East
16812,1091,2026-08-19,Completed,Mobile,South
16813,1375,2024-07-08,Completed,Partner,South
16814,2272,2025-10-05,Completed,Partner,West
16815,1329,2025-02-09,Completed,Web,South
16816,165,2025-07-03,Completed,Web,East
16817,729,2026-07-25,Cancelled,Mobile,North
16818,1384,2025-07-27,Completed,Mobile,North
16819,180,2025-05-12,Completed,Partner,North
16820,1330,2025-02-22,Completed,Web,West
16821,2222,2026-05-25,Completed,Mobile,South
16822,372,2025-05-02,Completed,Mobile,West
16823,1410,2026-04-12,Completed,Mobile,North
16824,887,2026-04-04,Completed,Mobile,South
16825,864,2025-07-20,Completed,Partner,West
16826,606,2024-01-22,Completed,Web,East
16827,30,2025-09-18,Completed,Web,South
16828,1908,2024-06-14,Completed,Web,South
16829,2899,2025-02-06,Completed,Mobile,East
16830,2706,2026-06-18,Pending,Partner,North
16831,1904,2024-04-06,Completed,Mobile,South
16832,1577,2025-01-15,Completed,Partner,East
16833,619,2026-01-20,Completed,Web,East
16834,55,2024-07-21,Completed,Partner,South
16835,19,2025-12-15,Completed,Mobile,West
16836,2958,2024-10-04,Completed,Web,West
16837,1200,2026-06-05,Pending,Partner,North
16838,2808,2025-10-11,Completed,Mobile,East
16839,2507,2025-08-08,Completed,Partner,West
16840,2050,2024-11-29,Cancelled,Web,South
16841,2395,2024-04-19,Completed,Web,South
16842,2327,2024-01-01,Completed,Mobile,East
16843,45,2025-12-17,Completed,Web,North
16844,2747,2025-01-19,Completed,Partner,West
16845,873,2026-01-02,Completed,Web,East
16846,482,2025-08-30,Completed,Mobile,North
16847,744,2025-02-23,Completed,Partner,West
16848,1210,2025-08-02,Completed,Mobile,North
16849,2872,2024-04-28,Pending,Partner,East
16850,2628,2025-07-02,Completed,Mobile,North
16851,535,2025-08-02,Cancelled,Partner,North
16852,865,2026-01-25,Completed,Mobile,East
16853,1665,2025-08-15,Completed,Partner,North
16854,2024,2025-06-17,Cancelled,Mobile,East
16855,647,2024-10-25,Completed,Web,East
16856,1186,2026-07-28,Completed,Partner,West
16857,2573,2025-01-08,Completed,Web,East
16858,504,2025-06-22,Completed,Partner,South
16859,1838,2024-03-08,Cancelled,Web,North
16860,577,2025-10-09,Completed,Partner,South
16861,1765,2025-05-05,Cancelled,Mobile,North
16862,1147,2025-04-23,Completed,Partner,North
16863,1519,2025-06-16,Completed,Mobile,East
16864,2802,2026-05-26,Completed,Mobile,South
16865,2606,2026-02-18,Completed,Partner,East
16866,556,2024-03-02,Completed,Web,North
16867,1770,2024-01-06,Completed,Mobile,South
16868,1963,2025-05-06,Completed,Web,East
16869,1369,2026-02-26,Completed,Mobile,West
16870,1851,2025-05-03,Completed,Mobile,East
16871,915,2024-06-26,Pending,Partner,East
16872,2508,2024-07-28,Completed,Web,West
16873,467,2024-02-20,Completed,Partner,South
16874,383,2025-01-19,Completed,Web,West
16875,1646,2025-08-25,Completed,Mobile,West
16876,303,2026-07-28,Completed,Partner,North
16877,2959,2026-05-27,Completed,Partner,North
16878,2129,2025-04-05,Completed,Partner,South
16879,836,2026-04-08,Completed,Web,North
16880,2617,2025-12-26,Completed,Web,West
16881,854,2026-02-19,Completed,Partner,East
16882,27,2024-02-26,Completed,Web,West
16883,534,2025-03-24,Completed,Partner,East
16884,294,2026-05-20,Completed,Mobile,North
16885,2762,2024-02-15,Completed,Mobile,South
16886,2043,2024-04-20,Completed,Partner,North
16887,1582,2026-08-05,Completed,Partner,West
16888,2507,2024-07-09,Completed,Web,West
16889,777,2026-04-27,Completed,Partner,South
16890,1662,2025-01-15,Completed,Web,South
16891,107,2025-03-09,Completed,Partner,South
16892,559,2025-05-11,Completed,Partner,West
16893,650,2025-02-03,Completed,Mobile,East
16894,1658,2025-08-19,Completed,Partner,North
16895,2249,2026-04-11,Completed,Web,North
16896,39,2026-01-25,Completed,Web,North
16897,2610,2025-03-19,Completed,Partner,North
16898,974,2025-05-12,Completed,Mobile,North
16899,2483,2026-01-11,Completed,Web,West
16900,1978,2024-02-01,Completed,Mobile,East
16901,2348,2025-06-23,Completed,Partner,East
16902,245,2026-02-22,Cancelled,Web,North
16903,2718,2026-03-11,Completed,Mobile,North
16904,297,2024-09-04,Completed,Mobile,North
16905,953,2026-07-23,Completed,Partner,West
16906,2952,2024-05-31,Completed,Web,West
16907,1269,2025-08-13,Completed,Web,South
16908,1922,2024-05-08,Completed,Partner,North
16909,2582,2025-03-26,Completed,Partner,South
16910,2185,2026-05-04,Completed,Web,North
16911,682,2026-04-13,Completed,Partner,South
16912,604,2026-01-30,Cancelled,Web,East
16913,1414,2026-04-27,Completed,Partner,North
16914,2616,2024-12-04,Completed,Web,South
16915,2377,2024-12-14,Completed,Partner,North
16916,55,2025-09-01,Pending,Web,South
16917,2645,2025-03-01,Completed,Partner,West
16918,1426,2025-08-22,Pending,Web,North
16919,2595,2024-02-04,Completed,Web,North
16920,413,2024-05-10,Completed,Web,North
16921,2423,2024-06-11,Completed,Web,North
16922,2074,2026-05-12,Pending,Mobile,South
16923,147,2024-12-17,Completed,Partner,East
16924,101,2025-12-27,Completed,Web,West
16925,1802,2025-06-26,Completed,Partner,North
16926,740,2025-04-30,Completed,Mobile,East
16927,1198,2026-08-07,Completed,Partner,West
16928,2820,2024-04-28,Pending,Partner,West
16929,1167,2025-11-28,Completed,Partner,North
16930,2889,2025-07-22,Completed,Mobile,East
16931,745,2026-05-02,Completed,Web,East
16932,965,2025-07-08,Cancelled,Partner,East
16933,2120,2025-08-17,Completed,Web,West
16934,1960,2025-03-29,Completed,Web,East
16935,2647,2024-03-28,Completed,Web,North
16936,1121,2024-05-20,Completed,Partner,North
16937,1858,2025-04-01,Completed,Web,West
16938,2735,2025-12-07,Completed,Mobile,West
16939,1920,2024-10-20,Pending,Mobile,West
16940,407,2026-08-25,Completed,Partner,East
16941,2918,2024-11-26,Completed,Partner,West
16942,809,2024-03-04,Completed,Partner,West
16943,2148,2025-07-17,Cancelled,Mobile,North
16944,2021,2024-07-13,Pending,Web,South
16945,879,2025-04-07,Completed,Web,North
16946,435,2025-12-12,Completed,Mobile,West
16947,1636,2025-03-21,Completed,Web,South
16948,581,2024-10-26,Completed,Mobile,South
16949,1521,2025-10-11,Cancelled,Mobile,North
16950,2218,2024-12-15,Completed,Mobile,East
16951,2984,2024-01-11,Completed,Partner,North
16952,1613,2024-09-18,Completed,Web,South
16953,1282,2024-03-03,Completed,Mobile,West
16954,437,2025-08-04,Completed,Web,West
16955,10,2024-05-18,Completed,Mobile,South
16956,847,2025-04-02,Completed,Mobile,West
16957,2382,2025-06-22,Completed,Mobile,North
16958,1890,2026-02-16,Cancelled,Web,East
16959,1503,2026-03-22,Completed,Web,North
16960,2569,2025-05-31,Completed,Partner,South
16961,1973,2025-04-10,Completed,Web,West
16962,2691,2025-12-05,Completed,Web,North
16963,1692,2025-06-10,Completed,Partner,North
16964,209,2024-08-23,Completed,Partner,North
16965,2660,2024-08-07,Completed,Mobile,East
16966,2881,2024-09-03,Completed,Mobile,South
16967,1922,2026-05-25,Completed,Mobile,North
16968,135,2024-06-28,Completed,Partner,South
16969,2821,2026-04-06,Completed,Mobile,South
16970,844,2026-07-31,Pending,Mobile,North
16971,2868,2025-03-03,Pending,Web,North
16972,1258,2026-02-06,Completed,Partner,South
16973,613,2024-01-06,Completed,Web,South
16974,1263,2025-10-01,Completed,Mobile,North
16975,535,2024-05-31,Completed,Partner,North
16976,2590,2025-06-09,Completed,Web,North
16977,19,2026-06-11,Completed,Web,West
16978,1401,2024-09-14,Completed,Web,South
16979,2041,2026-03-25,Completed,Mobile,West
16980,2335,2025-08-29,Completed,Partner,South
16981,1851,2025-12-01,Completed,Mobile,East
16982,2398,2026-05-26,Completed,Web,North
16983,1131,2025-11-30,Completed,Partner,East
16984,294,2025-04-07,Completed,Web,North
16985,2469,2025-04-01,Completed,Mobile,East
16986,592,2026-07-08,Completed,Web,West
16987,2430,2024-09-06,Pending,Mobile,East
16988,866,2024-05-22,Completed,Web,South
16989,572,2026-04-15,Pending,Partner,West
16990,734,2025-10-20,Pending,Mobile,South
16991,1505,2025-06-04,Completed,Mobile,South
16992,646,2025-02-25,Completed,Web,South
16993,1574,2026-03-16,Completed,Mobile,East
16994,46,2025-07-07,Completed,Mobile,North
16995,2095,2026-08-17,Completed,Partner,North
16996,93,2024-06-30,Completed,Partner,North
16997,942,2026-01-03,Completed,Web,South
16998,2601,2026-04-28,Completed,Mobile,South
16999,270,2024-04-14,Completed,Mobile,East
17000,174,2025-07-05,Completed,Partner,West
17001,1704,2024-01-29,Completed,Mobile,East
17002,1933,2025-04-26,Completed,Partner,South
17003,1068,2024-06-11,Completed,Partner,South
17004,1074,2024-07-26,Completed,Partner,South
17005,2057,2025-11-07,Completed,Mobile,West
17006,83,2025-07-29,Completed,Mobile,East
17007,352,2026-06-14,Completed,Web,East
17008,1314,2025-01-14,Completed,Partner,West
17009,1078,2024-08-27,Completed,Partner,South
17010,1136,2025-03-14,Completed,Partner,South
17011,2054,2024-12-31,Cancelled,Mobile,East
17012,1477,2026-01-09,Completed,Mobile,South
17013,2136,2025-12-30,Completed,Mobile,North
17014,1871,2024-10-06,Completed,Mobile,East
17015,2552,2025-08-18,Completed,Partner,South
17016,588,2024-07-07,Completed,Mobile,North
17017,746,2025-01-22,Completed,Partner,South
17018,315,2024-07-20,Completed,Mobile,North
17019,141,2025-08-16,Completed,Web,South
17020,1849,2026-07-10,Completed,Partner,West
17021,2076,2025-09-14,Completed,Partner,North
17022,1221,2024-03-16,Completed,Web,West
17023,983,2025-09-25,Completed,Partner,East
17024,2391,2025-06-16,Completed,Mobile,West
17025,1715,2026-06-19,Completed,Partner,South
17026,199,2024-01-08,Completed,Partner,East
17027,2210,2024-02-26,Completed,Partner,North
17028,1756,2024-08-14,Completed,Mobile,West
17029,65,2026-03-13,Completed,Web,North
17030,703,2024-09-19,Completed,Web,South
17031,2494,2024-08-08,Completed,Web,East
17032,2235,2024-07-07,Completed,Mobile,East
17033,903,2026-07-12,Completed,Mobile,West
17034,2061,2024-05-15,Completed,Web,South
17035,2597,2025-08-20,Completed,Partner,South
17036,598,2025-05-15,Completed,Web,West
17037,1568,2025-09-20,Completed,Partner,East
17038,1761,2025-10-25,Cancelled,Web,North
17039,2745,2026-05-08,Completed,Partner,West
17040,2165,2025-03-22,Completed,Mobile,South
17041,1263,2026-08-02,Cancelled,Mobile,North
17042,2254,2026-05-30,Completed,Partner,West
17043,2945,2024-05-15,Completed,Mobile,North
17044,2585,2024-04-16,Completed,Mobile,South
17045,2889,2024-01-04,Completed,Partner,East
17046,1433,2026-08-13,Completed,Mobile,North
17047,2890,2025-01-20,Completed,Mobile,West
17048,1608,2025-03-10,Completed,Web,West
17049,2613,2026-08-23,Completed,Mobile,North
17050,2219,2025-12-13,Completed,Web,North
17051,796,2025-03-29,Pending,Partner,West
17052,140,2025-06-06,Completed,Partner,West
17053,2906,2024-11-15,Completed,Partner,West
17054,2979,2024-10-18,Completed,Web,West
17055,2324,2024-08-01,Completed,Mobile,South
17056,210,2025-08-27,Completed,Web,East
17057,1164,2025-05-11,Completed,Web,North
17058,2502,2025-05-07,Completed,Web,East
17059,134,2025-08-05,Completed,Web,East
17060,177,2025-01-29,Completed,Web,South
17061,564,2024-04-16,Completed,Mobile,East
17062,2772,2026-07-31,Completed,Partner,South
17063,1151,2025-11-08,Completed,Web,West
17064,1481,2026-03-29,Completed,Web,North
17065,1176,2025-12-22,Completed,Mobile,South
17066,389,2025-03-11,Completed,Web,North
17067,939,2025-08-12,Completed,Web,North
17068,1717,2025-10-18,Completed,Mobile,South
17069,1245,2026-03-01,Completed,Web,North
17070,2640,2026-01-29,Cancelled,Web,South
17071,2468,2025-05-30,Completed,Partner,East
17072,2315,2025-01-02,Cancelled,Partner,East
17073,2825,2025-01-14,Completed,Web,South
17074,1347,2024-06-04,Completed,Partner,North
17075,1283,2025-12-15,Completed,Mobile,East
17076,529,2025-10-16,Completed,Web,West
17077,99,2024-11-26,Completed,Web,South
17078,2231,2025-12-14,Completed,Web,South
17079,877,2025-04-11,Completed,Partner,North
17080,741,2025-08-19,Completed,Web,West
17081,2173,2025-11-04,Cancelled,Web,East
17082,78,2024-10-14,Completed,Web,South
17083,1756,2025-01-11,Completed,Partner,West
17084,801,2026-03-15,Completed,Partner,North
17085,1569,2024-04-27,Completed,Partner,West
17086,258,2026-02-21,Completed,Partner,West
17087,1483,2024-07-01,Cancelled,Mobile,East
17088,907,2026-02-14,Completed,Web,South
17089,735,2024-03-03,Completed,Web,South
17090,1518,2024-12-24,Completed,Partner,East
17091,1198,2024-05-20,Completed,Mobile,West
17092,130,2024-05-22,Completed,Web,West
17093,1499,2026-03-01,Cancelled,Web,South
17094,667,2024-03-18,Completed,Mobile,East
17095,502,2026-06-10,Completed,Web,South
17096,1871,2026-05-17,Completed,Web,East
17097,1824,2026-03-13,Completed,Partner,North
17098,2139,2024-06-26,Completed,Web,East
17099,1403,2025-08-08,Completed,Partner,East
17100,124,2024-12-27,Completed,Partner,South
17101,2307,2024-08-17,Completed,Partner,South
17102,429,2025-12-04,Completed,Web,North
17103,316,2026-05-12,Completed,Partner,South
17104,1490,2024-08-23,Completed,Mobile,East
17105,2067,2024-05-24,Completed,Web,East
17106,2968,2024-07-24,Completed,Mobile,West
17107,923,2024-05-24,Completed,Web,North
17108,950,2025-04-21,Completed,Partner,North
17109,2086,2026-04-26,Completed,Partner,East
17110,1856,2025-08-12,Completed,Mobile,West
17111,2975,2026-06-08,Completed,Web,East
17112,497,2024-08-01,Completed,Partner,West
17113,2993,2026-06-24,Completed,Mobile,East
17114,874,2026-04-02,Completed,Mobile,East
17115,697,2024-11-18,Completed,Partner,East
17116,519,2026-06-30,Completed,Mobile,South
17117,1293,2024-08-20,Completed,Partner,North
17118,262,2025-06-30,Completed,Web,East
17119,2266,2026-01-13,Completed,Partner,South
17120,2479,2025-05-23,Completed,Web,East
17121,2711,2026-01-14,Completed,Mobile,North
17122,731,2025-08-26,Cancelled,Partner,North
17123,2005,2024-01-24,Completed,Web,North
17124,2581,2025-08-12,Cancelled,Mobile,South
17125,2114,2025-09-01,Pending,Mobile,South
17126,1481,2026-01-15,Completed,Partner,North
17127,2831,2024-06-25,Completed,Partner,East
17128,2730,2024-06-14,Completed,Web,North
17129,1798,2025-04-01,Completed,Partner,North
17130,2979,2025-02-15,Completed,Mobile,West
17131,1815,2024-03-06,Completed,Mobile,South
17132,481,2026-03-13,Completed,Mobile,West
17133,2987,2024-06-15,Cancelled,Mobile,South
17134,2442,2024-03-10,Completed,Web,North
17135,2336,2025-12-03,Cancelled,Partner,East
17136,1831,2025-12-17,Completed,Partner,North
17137,564,2026-06-17,Completed,Partner,East
17138,882,2024-12-22,Completed,Partner,South
17139,186,2024-05-16,Completed,Partner,North
17140,28,2024-08-16,Cancelled,Web,East
17141,1696,2025-05-17,Completed,Web,North
17142,1742,2025-11-20,Cancelled,Mobile,West
17143,1683,2026-03-04,Completed,Partner,East
17144,1853,2025-05-12,Completed,Mobile,West
17145,70,2026-08-20,Completed,Partner,West
17146,1040,2024-02-15,Completed,Partner,East
17147,23,2025-10-10,Cancelled,Web,East
17148,2194,2025-04-01,Completed,Mobile,North
17149,1711,2026-04-02,Completed,Web,South
17150,51,2024-11-16,Completed,Partner,North
17151,444,2026-05-26,Cancelled,Partner,West
17152,2309,2024-04-14,Completed,Mobile,South
17153,2151,2026-08-19,Completed,Mobile,West
17154,132,2025-06-09,Completed,Partner,North
17155,1110,2024-02-27,Completed,Partner,South
17156,2532,2025-02-02,Completed,Partner,North
17157,87,2025-02-04,Completed,Mobile,South
17158,2208,2024-10-11,Completed,Web,East
17159,2912,2024-08-28,Completed,Mobile,West
17160,2962,2024-06-07,Completed,Partner,East
17161,206,2024-07-22,Completed,Mobile,East
17162,738,2025-07-16,Completed,Mobile,East
17163,2798,2026-03-12,Completed,Web,South
17164,2953,2024-06-02,Completed,Partner,North
17165,488,2026-04-29,Completed,Mobile,North
17166,1862,2025-01-05,Completed,Mobile,West
17167,2546,2025-10-02,Completed,Mobile,West
17168,1933,2026-08-17,Completed,Web,South
17169,1329,2024-05-04,Completed,Partner,South
17170,275,2024-01-23,Completed,Web,West
17171,1084,2025-06-04,Pending,Web,North
17172,482,2024-11-11,Completed,Partner,North
17173,2584,2024-02-03,Completed,Partner,East
17174,639,2026-06-24,Cancelled,Mobile,South
17175,2762,2024-07-14,Completed,Partner,South
17176,243,2025-08-16,Cancelled,Mobile,South
17177,2290,2024-11-03,Completed,Partner,East
17178,2833,2024-09-01,Completed,Mobile,East
17179,2222,2024-09-13,Completed,Mobile,South
17180,1977,2024-12-21,Completed,Partner,East
17181,1177,2026-02-01,Completed,Partner,West
17182,1190,2026-06-01,Completed,Mobile,East
17183,2287,2026-04-12,Pending,Web,South
17184,1369,2026-05-28,Completed,Partner,West
17185,1242,2024-02-27,Completed,Web,South
17186,178,2025-06-20,Completed,Mobile,South
17187,1190,2024-08-22,Completed,Partner,East
17188,73,2024-08-02,Completed,Partner,North
17189,2943,2026-07-21,Completed,Partner,North
17190,1512,2026-03-24,Completed,Web,South
17191,758,2026-06-21,Completed,Partner,East
17192,2033,2025-10-31,Completed,Mobile,South
17193,917,2025-06-26,Completed,Mobile,South
17194,2986,2024-09-29,Completed,Mobile,West
17195,2272,2025-08-27,Completed,Web,West
17196,1702,2024-05-24,Completed,Web,West
17197,678,2026-02-27,Cancelled,Web,North
17198,2745,2026-07-28,Cancelled,Mobile,West
17199,2140,2024-12-16,Completed,Web,West
17200,1047,2026-04-28,Completed,Partner,East
17201,2921,2026-04-11,Completed,Mobile,South
17202,2247,2026-04-18,Completed,Web,South
17203,584,2024-01-03,Completed,Partner,West
17204,2056,2025-03-12,Completed,Partner,North
17205,2074,2024-01-14,Completed,Mobile,South
17206,2930,2025-12-28,Completed,Mobile,East
17207,1483,2025-05-12,Completed,Mobile,East
17208,1085,2026-05-16,Completed,Mobile,West
17209,942,2025-07-17,Cancelled,Partner,South
17210,792,2024-05-12,Completed,Partner,North
17211,1057,2024-04-06,Completed,Web,South
17212,2303,2024-08-08,Completed,Mobile,East
17213,2509,2024-08-06,Completed,Mobile,East
17214,2077,2024-03-04,Completed,Partner,South
17215,2613,2026-06-12,Completed,Mobile,North
17216,2648,2025-06-09,Completed,Partner,West
17217,376,2025-05-20,Completed,Partner,West
17218,851,2026-06-18,Completed,Partner,South
17219,1238,2024-03-15,Completed,Web,South
17220,1000,2025-01-27,Completed,Web,North
17221,2760,2024-04-11,Pending,Partner,South
17222,2925,2025-10-26,Completed,Mobile,West
17223,1727,2024-11-04,Completed,Mobile,West
17224,2748,2024-08-06,Completed,Web,North
17225,320,2024-02-01,Completed,Web,West
17226,2281,2024-08-11,Completed,Web,South
17227,256,2024-01-12,Completed,Partner,East
17228,2328,2026-03-11,Pending,Web,North
17229,479,2026-02-08,Completed,Web,South
17230,2693,2026-07-16,Completed,Web,North
17231,1768,2024-04-30,Cancelled,Mobile,South
17232,1495,2024-07-06,Completed,Partner,North
17233,461,2024-07-21,Completed,Partner,West
17234,2576,2025-12-24,Completed,Mobile,North
17235,79,2026-01-08,Pending,Partner,West
17236,1731,2024-02-02,Completed,Web,East
17237,2374,2026-05-18,Completed,Web,South
17238,672,2025-05-31,Completed,Web,West
17239,1144,2025-05-19,Completed,Partner,North
17240,32,2024-12-02,Completed,Mobile,South
17241,1359,2026-01-19,Completed,Web,West
17242,2172,2024-08-02,Completed,Partner,South
17243,1670,2024-12-28,Completed,Web,South
17244,392,2026-07-12,Completed,Web,East
17245,1027,2025-10-29,Completed,Partner,North
17246,1946,2025-09-06,Completed,Partner,North
17247,2585,2024-09-16,Completed,Mobile,South
17248,1397,2025-01-12,Completed,Mobile,South
17249,1159,2024-06-22,Cancelled,Web,North
17250,2824,2024-05-06,Completed,Partner,West
17251,1475,2025-09-29,Completed,Web,West
17252,100,2025-02-08,Completed,Mobile,West
17253,1532,2026-04-02,Completed,Web,West
17254,1035,2026-04-24,Completed,Mobile,North
17255,349,2025-05-04,Completed,Web,East
17256,254,2025-03-04,Completed,Partner,East
17257,930,2025-09-14,Cancelled,Web,East
17258,657,2024-10-22,Completed,Partner,West
17259,249,2024-01-03,Completed,Mobile,East
17260,562,2025-06-09,Pending,Partner,North
17261,900,2024-08-25,Completed,Web,North
17262,1911,2025-07-10,Completed,Partner,North
17263,609,2025-01-04,Pending,Web,North
17264,2251,2025-07-30,Completed,Partner,South
17265,2610,2025-10-23,Cancelled,Partner,North
17266,2187,2025-10-22,Completed,Web,South
17267,1100,2024-08-07,Completed,Partner,South
17268,2941,2024-03-11,Cancelled,Mobile,South
17269,2041,2025-02-04,Completed,Web,West
17270,372,2024-05-27,Completed,Mobile,West
17271,694,2025-12-05,Completed,Partner,South
17272,2254,2025-08-10,Completed,Partner,West
17273,2755,2025-01-29,Completed,Web,East
17274,1916,2024-12-01,Completed,Mobile,East
17275,2380,2024-01-10,Completed,Mobile,South
17276,1806,2024-05-17,Completed,Web,South
17277,338,2025-06-28,Completed,Web,North
17278,282,2025-02-28,Completed,Mobile,West
17279,2909,2026-07-08,Completed,Partner,East
17280,1968,2024-01-06,Cancelled,Mobile,North
17281,2791,2024-11-06,Completed,Web,North
17282,2714,2025-03-28,Completed,Mobile,North
17283,2923,2024-06-09,Completed,Web,North
17284,2506,2024-08-12,Completed,Mobile,North
17285,431,2026-02-09,Completed,Web,North
17286,151,2024-03-08,Completed,Partner,East
17287,782,2025-04-29,Cancelled,Partner,South
17288,1453,2025-12-28,Completed,Mobile,West
17289,2722,2024-01-29,Completed,Web,South
17290,1876,2025-07-01,Cancelled,Partner,West
17291,653,2024-10-09,Completed,Mobile,North
17292,1531,2024-06-21,Completed,Mobile,East
17293,1937,2025-12-13,Completed,Mobile,West
17294,690,2026-01-12,Pending,Mobile,East
17295,27,2025-11-12,Completed,Mobile,West
17296,382,2024-06-20,Completed,Mobile,South
17297,2804,2025-03-23,Completed,Partner,West
17298,1375,2026-06-29,Completed,Web,South
17299,2921,2025-03-05,Completed,Web,South
17300,506,2024-08-01,Completed,Web,West
17301,2767,2024-04-20,Completed,Mobile,West
17302,818,2024-03-02,Completed,Mobile,South
17303,1258,2025-03-14,Completed,Web,South
17304,2517,2026-03-20,Completed,Partner,North
17305,2796,2026-05-13,Completed,Partner,South
17306,2251,2025-08-26,Completed,Partner,South
17307,2963,2025-05-07,Completed,Web,North
17308,2882,2024-03-26,Pending,Partner,West
17309,358,2026-03-05,Completed,Mobile,West
17310,948,2025-10-12,Completed,Partner,North
17311,2011,2025-09-14,Completed,Mobile,North
17312,1292,2025-02-10,Completed,Mobile,West
17313,1270,2026-07-17,Completed,Web,South
17314,2777,2025-06-04,Completed,Mobile,North
17315,516,2025-11-30,Completed,Mobile,East
17316,1514,2024-02-17,Completed,Partner,West
17317,2036,2025-03-20,Completed,Partner,South
17318,1153,2024-05-29,Cancelled,Web,East
17319,1519,2024-12-27,Completed,Web,East
17320,361,2024-01-26,Completed,Web,South
17321,1691,2025-04-16,Completed,Partner,South
17322,561,2025-11-30,Completed,Mobile,East
17323,2371,2026-03-27,Completed,Mobile,North
17324,27,2024-11-04,Completed,Partner,West
17325,2717,2024-11-27,Completed,Mobile,South
17326,10,2026-03-28,Completed,Partner,South
17327,1959,2025-11-12,Completed,Partner,East
17328,1398,2026-06-08,Pending,Partner,East
17329,350,2025-11-30,Completed,Mobile,North
17330,498,2024-09-22,Completed,Mobile,North
17331,2269,2026-02-04,Pending,Web,East
17332,1292,2024-11-02,Completed,Partner,West
17333,1760,2024-05-31,Completed,Partner,West
17334,1300,2024-10-11,Completed,Mobile,South
17335,2770,2024-04-03,Completed,Mobile,East
17336,1960,2024-12-09,Completed,Web,East
17337,1184,2024-06-22,Completed,Partner,North
17338,1630,2024-04-23,Completed,Web,East
17339,2677,2024-05-29,Completed,Mobile,West
17340,2230,2026-02-07,Completed,Partner,South
17341,1000,2026-01-01,Completed,Mobile,North
17342,2151,2025-09-09,Completed,Mobile,West
17343,1685,2026-03-09,Completed,Partner,West
17344,239,2025-07-21,Completed,Mobile,South
17345,66,2024-03-21,Completed,Mobile,South
17346,746,2024-12-16,Pending,Mobile,South
17347,57,2024-03-28,Completed,Mobile,East
17348,1244,2025-01-12,Completed,Mobile,East
17349,2344,2024-04-04,Cancelled,Web,South
17350,2824,2026-01-07,Completed,Partner,West
17351,2198,2025-04-07,Completed,Web,North
17352,2829,2024-01-23,Cancelled,Mobile,South
17353,1128,2025-03-26,Completed,Partner,North
17354,929,2026-01-31,Completed,Web,East
17355,1484,2025-10-16,Completed,Partner,North
17356,138,2025-12-27,Completed,Mobile,East
17357,27,2025-02-15,Completed,Partner,West
17358,1871,2024-06-08,Completed,Web,East
17359,2799,2024-03-15,Pending,Mobile,East
17360,410,2025-01-12,Completed,Mobile,South
17361,2309,2025-01-06,Completed,Web,South
17362,2077,2026-06-06,Pending,Web,South
17363,2688,2026-07-03,Completed,Web,South
17364,1516,2025-08-08,Completed,Partner,West
17365,1585,2024-12-10,Completed,Web,South
17366,1111,2024-03-14,Completed,Partner,East
17367,1940,2026-05-31,Completed,Partner,West
17368,1711,2026-03-01,Completed,Mobile,South
17369,2072,2024-08-11,Completed,Web,East
17370,284,2026-07-25,Cancelled,Mobile,West
17371,2798,2025-09-27,Completed,Mobile,South
17372,1582,2025-07-17,Completed,Web,West
17373,1367,2025-05-13,Completed,Partner,North
17374,2150,2025-11-05,Completed,Mobile,East
17375,1187,2024-07-30,Completed,Mobile,North
17376,2417,2024-07-29,Completed,Partner,North
17377,2900,2024-08-12,Completed,Mobile,North
17378,2484,2024-09-24,Completed,Partner,North
17379,2655,2025-05-11,Cancelled,Mobile,South
17380,2250,2025-08-11,Completed,Partner,West
17381,1112,2025-04-06,Completed,Mobile,North
17382,1209,2024-03-13,Completed,Partner,West
17383,220,2026-04-08,Completed,Mobile,East
17384,2329,2024-05-09,Cancelled,Partner,East
17385,1785,2024-02-23,Cancelled,Mobile,North
17386,1203,2026-01-30,Completed,Mobile,West
17387,1725,2024-10-11,Completed,Web,West
17388,17,2024-10-12,Completed,Partner,East
17389,2921,2026-04-28,Completed,Mobile,South
17390,2277,2025-01-11,Completed,Web,West
17391,456,2024-01-21,Completed,Web,North
17392,1747,2025-11-13,Completed,Mobile,West
17393,1460,2024-04-25,Completed,Web,East
17394,1126,2025-07-28,Completed,Partner,West
17395,1007,2025-11-21,Completed,Web,West
17396,2622,2025-07-01,Completed,Web,East
17397,2973,2025-10-29,Completed,Web,West
17398,1221,2026-07-22,Completed,Partner,West
17399,248,2026-01-03,Completed,Web,North
17400,2152,2025-03-29,Completed,Mobile,South
17401,2372,2025-09-04,Completed,Partner,South
17402,675,2025-12-08,Completed,Partner,South
17403,1935,2025-12-12,Completed,Web,West
17404,383,2024-01-31,Pending,Mobile,West
17405,722,2025-09-16,Pending,Mobile,South
17406,17,2024-01-12,Pending,Partner,East
17407,59,2024-03-19,Completed,Web,West
17408,1867,2026-01-29,Completed,Partner,East
17409,2780,2024-03-08,Completed,Web,West
17410,770,2025-10-20,Pending,Mobile,East
17411,1632,2025-06-05,Completed,Partner,East
17412,482,2024-01-29,Cancelled,Partner,North
17413,1770,2026-01-04,Completed,Partner,South
17414,1058,2026-05-12,Completed,Web,North
17415,2303,2026-08-21,Completed,Web,East
17416,2188,2026-05-03,Completed,Web,South
17417,1402,2026-04-05,Completed,Mobile,East
17418,1224,2025-12-25,Completed,Web,West
17419,2028,2026-07-08,Completed,Web,East
17420,1906,2024-01-27,Completed,Mobile,South
17421,2601,2025-12-02,Completed,Partner,South
17422,2136,2025-07-18,Completed,Mobile,North
17423,240,2024-06-14,Completed,Partner,West
17424,1913,2024-02-19,Completed,Partner,West
17425,931,2024-08-11,Completed,Partner,East
17426,983,2026-04-18,Completed,Mobile,East
17427,1278,2026-02-22,Completed,Mobile,North
17428,250,2025-09-22,Completed,Web,East
17429,1736,2024-08-20,Completed,Partner,South
17430,1933,2026-02-20,Completed,Partner,South
17431,392,2024-03-26,Completed,Web,East
17432,2141,2026-06-08,Completed,Web,South
17433,2491,2026-04-12,Completed,Partner,East
17434,428,2024-10-25,Completed,Partner,East
17435,2909,2026-03-21,Completed,Partner,East
17436,1073,2024-08-30,Completed,Partner,East
17437,1897,2025-09-29,Completed,Mobile,West
17438,713,2026-07-01,Completed,Web,South
17439,2686,2024-06-29,Completed,Mobile,East
17440,2499,2024-06-24,Completed,Mobile,West
17441,2601,2025-10-28,Cancelled,Mobile,South
17442,2707,2025-11-05,Completed,Partner,West
17443,385,2024-01-24,Completed,Web,South
17444,1623,2024-02-12,Completed,Web,East
17445,478,2025-07-04,Completed,Partner,East
17446,2015,2025-10-04,Completed,Web,North
17447,1791,2025-12-31,Completed,Partner,North
17448,882,2025-03-16,Completed,Mobile,South
17449,2910,2026-06-01,Completed,Web,North
17450,1089,2024-03-08,Completed,Mobile,North
17451,1087,2024-10-21,Completed,Web,South
17452,342,2025-07-19,Completed,Partner,West
17453,1375,2024-12-01,Completed,Web,South
17454,629,2025-01-17,Completed,Partner,West
17455,2256,2025-12-28,Completed,Web,South
17456,2521,2024-02-28,Completed,Mobile,East
17457,2128,2025-04-21,Completed,Mobile,South
17458,2611,2024-08-22,Completed,Mobile,South
17459,1741,2026-07-18,Completed,Partner,West
17460,1830,2026-05-22,Completed,Web,North
17461,596,2024-02-25,Completed,Mobile,West
17462,1520,2026-02-23,Completed,Mobile,East
17463,855,2025-10-09,Completed,Partner,East
17464,2379,2026-06-14,Completed,Web,South
17465,2171,2024-10-04,Completed,Partner,South
17466,1129,2025-11-23,Completed,Mobile,East
17467,1448,2025-09-08,Completed,Web,East
17468,867,2024-12-10,Completed,Web,South
17469,690,2025-09-16,Completed,Mobile,East
17470,1597,2024-02-24,Completed,Mobile,North
17471,458,2026-08-20,Completed,Mobile,East
17472,1771,2025-11-08,Cancelled,Web,South
17473,832,2024-11-18,Pending,Mobile,South
17474,1469,2025-11-03,Completed,Partner,East
17475,1624,2025-06-16,Completed,Mobile,North
17476,1854,2026-02-25,Completed,Mobile,East
17477,939,2024-03-28,Cancelled,Web,North
17478,1980,2025-08-22,Completed,Partner,South
17479,214,2026-01-08,Completed,Web,West
17480,1611,2024-05-24,Completed,Partner,South
17481,1804,2025-08-23,Completed,Web,East
17482,723,2025-06-15,Completed,Mobile,East
17483,253,2026-08-11,Completed,Web,South
17484,1243,2026-02-01,Completed,Mobile,West
17485,1324,2025-03-17,Completed,Mobile,North
17486,1964,2025-09-02,Completed,Mobile,East
17487,1671,2024-10-16,Completed,Mobile,East
17488,2525,2024-11-20,Completed,Partner,South
17489,436,2024-05-17,Completed,Mobile,North
17490,866,2026-07-01,Completed,Web,South
17491,2453,2025-02-16,Completed,Partner,North
17492,85,2024-06-15,Completed,Web,West
17493,2187,2024-07-10,Completed,Mobile,South
17494,2065,2025-08-24,Completed,Mobile,West
17495,2771,2024-06-27,Completed,Mobile,South
17496,1593,2024-11-14,Completed,Partner,West
17497,1063,2024-10-29,Pending,Partner,North
17498,834,2024-03-10,Completed,Web,North
17499,2497,2024-12-18,Completed,Mobile,East
17500,487,2024-02-15,Completed,Partner,South
17501,2549,2024-07-03,Completed,Mobile,East
17502,2418,2025-12-29,Completed,Partner,North
17503,241,2025-11-30,Completed,Web,South
17504,671,2024-10-29,Completed,Partner,West
17505,1826,2024-03-02,Completed,Partner,East
17506,2122,2026-03-06,Completed,Mobile,North
17507,2389,2025-06-30,Completed,Mobile,South
17508,1039,2025-07-31,Completed,Partner,West
17509,2442,2025-08-25,Completed,Web,North
17510,965,2025-08-20,Completed,Mobile,East
17511,394,2025-01-02,Completed,Mobile,West
17512,2442,2025-07-27,Completed,Partner,North
17513,1239,2024-07-10,Completed,Partner,North
17514,1171,2024-08-02,Completed,Web,South
17515,10,2025-06-18,Completed,Web,South
17516,1313,2024-01-31,Completed,Web,South
17517,2953,2024-12-20,Pending,Mobile,North
17518,2700,2025-07-25,Completed,Mobile,West
17519,1808,2024-08-06,Completed,Partner,South
17520,724,2026-05-15,Completed,Mobile,South
17521,353,2025-10-20,Completed,Mobile,South
17522,2869,2024-07-13,Completed,Web,North
17523,2245,2024-01-15,Completed,Web,North
17524,2727,2025-09-16,Completed,Web,South
17525,2556,2025-08-26,Completed,Partner,West
17526,2157,2025-03-15,Completed,Mobile,East
17527,2575,2026-07-08,Completed,Mobile,North
17528,1894,2024-05-19,Completed,Mobile,East
17529,2362,2025-10-07,Completed,Partner,South
17530,361,2025-06-06,Completed,Mobile,South
17531,2089,2024-04-30,Completed,Mobile,North
17532,2481,2025-10-22,Completed,Partner,South
17533,2674,2025-10-01,Pending,Web,South
17534,2796,2026-03-24,Pending,Web,South
17535,2276,2025-05-01,Completed,Mobile,North
17536,2951,2024-09-23,Completed,Partner,South
17537,15,2024-04-26,Completed,Web,West
17538,2363,2026-06-06,Pending,Mobile,South
17539,1693,2025-09-11,Completed,Partner,North
17540,2901,2026-07-16,Completed,Web,North
17541,1423,2025-12-08,Completed,Partner,West
17542,135,2024-05-17,Completed,Mobile,South
17543,1901,2025-03-30,Completed,Web,West
17544,476,2026-08-14,Completed,Partner,West
17545,2415,2024-04-15,Completed,Mobile,East
17546,1067,2024-03-28,Completed,Partner,West
17547,704,2026-03-23,Completed,Mobile,West
17548,1881,2025-04-10,Completed,Partner,South
17549,884,2025-07-04,Cancelled,Mobile,East
17550,1624,2024-05-23,Completed,Mobile,North
17551,2864,2025-07-15,Completed,Partner,South
17552,2197,2024-05-21,Completed,Web,East
17553,2127,2025-11-01,Completed,Mobile,North
17554,2266,2025-10-11,Completed,Mobile,South
17555,564,2026-06-04,Cancelled,Mobile,East
17556,2050,2025-04-26,Completed,Web,South
17557,1933,2024-12-12,Completed,Mobile,South
17558,1259,2025-12-09,Completed,Mobile,East
17559,2781,2024-05-10,Completed,Mobile,East
17560,633,2024-07-25,Pending,Web,West
17561,1476,2025-03-05,Completed,Partner,North
17562,901,2024-04-27,Completed,Partner,North
17563,2784,2025-03-24,Completed,Web,West
17564,726,2025-02-11,Completed,Mobile,West
17565,2481,2024-02-28,Completed,Mobile,South
17566,868,2025-09-01,Completed,Web,East
17567,1447,2025-02-23,Completed,Web,North
17568,2265,2024-07-27,Completed,Web,East
17569,871,2025-04-27,Completed,Web,East
17570,2181,2024-07-07,Completed,Partner,East
17571,1014,2024-09-19,Completed,Mobile,West
17572,2668,2024-06-25,Completed,Web,East
17573,1890,2025-09-08,Completed,Web,East
17574,525,2026-04-30,Completed,Mobile,South
17575,68,2026-07-07,Completed,Mobile,East
17576,2512,2025-01-25,Completed,Web,West
17577,465,2026-05-21,Completed,Web,West
17578,1106,2026-07-09,Completed,Web,West
17579,515,2026-05-13,Completed,Partner,North
17580,2917,2024-03-09,Completed,Web,North
17581,2626,2024-06-06,Completed,Partner,South
17582,2590,2024-03-09,Completed,Partner,North
17583,272,2026-01-30,Cancelled,Mobile,North
17584,1114,2025-09-15,Completed,Partner,North
17585,1820,2024-08-18,Completed,Partner,East
17586,1933,2024-08-26,Pending,Mobile,South
17587,793,2025-07-05,Completed,Mobile,East
17588,625,2026-02-17,Completed,Web,South
17589,2605,2025-07-31,Completed,Mobile,South
17590,1979,2024-04-17,Completed,Web,West
17591,1329,2026-03-19,Completed,Mobile,South
17592,2723,2026-08-14,Completed,Partner,East
17593,963,2026-03-31,Completed,Partner,East
17594,1022,2024-12-29,Completed,Web,North
17595,1068,2026-04-24,Completed,Partner,South
17596,1075,2025-11-17,Completed,Partner,West
17597,1223,2025-05-10,Completed,Partner,North
17598,773,2024-06-18,Completed,Web,North
17599,2457,2024-03-21,Completed,Web,West
17600,2993,2025-11-24,Completed,Web,East
17601,1668,2024-01-06,Completed,Mobile,East
17602,367,2024-09-03,Completed,Mobile,South
17603,373,2024-04-01,Completed,Mobile,West
17604,2325,2025-02-05,Completed,Partner,East
17605,130,2024-05-16,Completed,Web,West
17606,2812,2024-08-30,Pending,Web,East
17607,1063,2026-01-16,Completed,Partner,North
17608,2457,2024-03-04,Completed,Mobile,West
17609,2126,2026-01-11,Completed,Mobile,West
17610,17,2025-04-30,Completed,Mobile,East
17611,326,2024-02-27,Completed,Partner,East
17612,2567,2025-05-10,Completed,Mobile,South
17613,1526,2026-06-13,Completed,Web,North
17614,2632,2024-04-26,Completed,Mobile,North
17615,1453,2024-07-14,Completed,Mobile,West
17616,2937,2026-08-20,Completed,Web,South
17617,286,2024-12-15,Completed,Partner,East
17618,658,2024-09-24,Completed,Mobile,North
17619,1889,2026-06-02,Completed,Mobile,West
17620,2020,2026-07-19,Completed,Web,South
17621,2671,2024-10-26,Cancelled,Mobile,South
17622,2441,2025-06-23,Completed,Web,North
17623,1211,2024-08-15,Completed,Partner,North
17624,1560,2024-07-02,Completed,Mobile,East
17625,587,2025-07-04,Completed,Partner,South
17626,2137,2025-02-13,Completed,Partner,West
17627,2071,2024-02-27,Completed,Partner,North
17628,2081,2026-02-07,Completed,Mobile,West
17629,793,2025-03-12,Completed,Mobile,East
17630,1083,2025-12-28,Completed,Partner,West
17631,2819,2026-01-20,Completed,Partner,South
17632,342,2025-04-27,Completed,Partner,West
17633,1993,2025-07-21,Completed,Web,South
17634,1865,2025-03-28,Completed,Web,East
17635,2994,2024-05-04,Completed,Partner,North
17636,2279,2025-12-11,Completed,Partner,South
17637,2985,2025-02-19,Completed,Partner,South
17638,1687,2025-08-27,Completed,Partner,North
17639,2729,2025-05-29,Cancelled,Mobile,South
17640,2826,2026-07-30,Completed,Web,West
17641,1858,2024-01-07,Completed,Web,West
17642,1398,2026-06-13,Completed,Mobile,East
17643,2510,2025-03-24,Completed,Web,East
17644,897,2025-05-08,Completed,Web,East
17645,2261,2024-06-07,Completed,Web,South
17646,1491,2024-04-26,Completed,Partner,North
17647,1348,2024-02-28,Completed,Partner,East
17648,1801,2024-06-24,Completed,Mobile,North
17649,2348,2025-11-03,Completed,Web,East
17650,1252,2024-06-29,Completed,Partner,South
17651,1794,2024-07-09,Completed,Mobile,East
17652,1859,2026-02-26,Completed,Web,South
17653,2744,2025-03-25,Cancelled,Partner,North
17654,2410,2024-09-26,Completed,Partner,North
17655,2320,2025-01-27,Completed,Web,South
17656,1799,2025-09-18,Completed,Partner,East
17657,1631,2024-07-31,Pending,Mobile,East
17658,2469,2025-11-21,Completed,Mobile,East
17659,423,2024-11-14,Completed,Partner,South
17660,2721,2025-03-15,Completed,Mobile,East
17661,960,2024-11-13,Completed,Partner,East
17662,138,2026-02-19,Completed,Web,East
17663,628,2024-04-03,Completed,Web,South
17664,1027,2026-03-19,Completed,Mobile,North
17665,2360,2024-05-31,Completed,Web,West
17666,1084,2025-09-26,Completed,Partner,North
17667,576,2024-01-07,Completed,Web,West
17668,1223,2024-05-09,Completed,Mobile,North
17669,1528,2025-05-15,Completed,Partner,West
17670,2590,2026-03-10,Pending,Web,North
17671,1540,2024-01-01,Completed,Web,South
17672,1858,2025-10-29,Completed,Mobile,West
17673,2800,2026-01-25,Completed,Mobile,South
17674,2544,2025-12-30,Completed,Partner,West
17675,1162,2024-07-27,Completed,Mobile,East
17676,2246,2024-04-16,Completed,Web,North
17677,1430,2026-03-11,Completed,Web,East
17678,969,2024-10-25,Completed,Partner,West
17679,283,2025-08-19,Completed,Mobile,North
17680,1834,2024-05-21,Completed,Partner,West
17681,1616,2025-11-09,Completed,Partner,East
17682,1852,2025-06-15,Completed,Web,North
17683,280,2025-04-18,Completed,Partner,North
17684,2080,2025-04-26,Completed,Web,South
17685,2056,2026-07-25,Completed,Partner,North
17686,2785,2025-05-16,Completed,Partner,East
17687,1334,2025-01-13,Completed,Web,East
17688,379,2026-02-20,Completed,Mobile,North
17689,600,2024-01-08,Completed,Partner,North
17690,623,2026-07-01,Completed,Mobile,West
17691,2779,2025-07-11,Completed,Mobile,North
17692,305,2026-07-15,Completed,Mobile,South
17693,2818,2026-07-16,Completed,Mobile,West
17694,1548,2024-09-29,Completed,Web,East
17695,951,2025-04-05,Completed,Web,North
17696,2078,2026-01-04,Completed,Web,West
17697,1331,2025-03-18,Completed,Web,North
17698,53,2026-04-16,Completed,Partner,East
17699,2322,2025-11-07,Completed,Partner,West
17700,453,2024-10-23,Completed,Partner,West
17701,2437,2025-11-01,Cancelled,Web,North
17702,38,2025-09-04,Completed,Mobile,North
17703,1489,2025-08-23,Completed,Mobile,East
17704,328,2026-04-09,Completed,Mobile,East
17705,2640,2024-10-23,Cancelled,Mobile,South
17706,2848,2026-07-09,Completed,Web,South
17707,262,2026-01-13,Pending,Mobile,East
17708,1624,2024-01-09,Completed,Mobile,North
17709,5,2025-03-12,Completed,Web,North
17710,1477,2025-05-04,Pending,Web,South
17711,357,2024-02-02,Completed,Mobile,North
17712,1942,2026-01-12,Cancelled,Mobile,South
17713,243,2025-06-30,Completed,Mobile,South
17714,2816,2025-07-04,Cancelled,Partner,South
17715,468,2024-03-18,Cancelled,Mobile,South
17716,973,2025-06-04,Completed,Mobile,West
17717,1413,2025-09-19,Completed,Partner,North
17718,2137,2026-08-09,Completed,Partner,West
17719,61,2025-03-11,Pending,Web,North
17720,1629,2026-06-06,Completed,Mobile,North
17721,1520,2024-04-01,Completed,Partner,East
17722,1837,2024-06-13,Completed,Partner,North
17723,804,2024-11-21,Completed,Web,South
17724,2610,2024-09-28,Completed,Partner,North
17725,1239,2024-06-09,Completed,Web,North
17726,1851,2025-07-04,Pending,Web,East
17727,68,2024-09-02,Completed,Partner,East
17728,2981,2026-04-22,Completed,Web,South
17729,1040,2024-12-25,Completed,Mobile,East
17730,430,2024-11-13,Completed,Partner,East
17731,489,2025-04-27,Completed,Mobile,West
17732,2693,2025-08-14,Completed,Partner,North
17733,1742,2024-01-29,Completed,Partner,West
17734,776,2024-12-04,Completed,Mobile,East
17735,285,2026-04-13,Completed,Web,South
17736,1352,2026-06-28,Completed,Mobile,West
17737,1142,2025-05-08,Completed,Web,North
17738,1155,2025-10-18,Completed,Web,South
17739,2236,2026-06-21,Completed,Partner,West
17740,1371,2025-03-02,Completed,Partner,North
17741,2494,2025-11-03,Completed,Web,East
17742,736,2025-02-19,Completed,Mobile,North
17743,2500,2025-12-30,Completed,Web,East
17744,2953,2024-03-19,Completed,Web,North
17745,2721,2026-07-09,Cancelled,Mobile,East
17746,1875,2024-07-10,Completed,Web,East
17747,571,2025-03-08,Completed,Mobile,East
17748,1093,2024-01-14,Completed,Mobile,South
17749,2264,2025-07-31,Completed,Mobile,East
17750,2862,2024-12-15,Pending,Web,West
17751,1437,2025-08-30,Pending,Mobile,West
17752,460,2026-04-23,Completed,Web,South
17753,2534,2024-05-13,Completed,Web,West
17754,2367,2025-09-10,Completed,Mobile,South
17755,893,2026-04-03,Cancelled,Partner,East
17756,2388,2025-07-20,Completed,Partner,South
17757,351,2024-11-27,Completed,Partner,South
17758,2409,2026-03-19,Completed,Web,East
17759,228,2024-08-29,Completed,Mobile,South
17760,845,2024-11-28,Completed,Mobile,East
17761,715,2025-09-11,Completed,Mobile,West
17762,1691,2024-02-18,Completed,Mobile,South
17763,2839,2025-11-07,Cancelled,Web,North
17764,2967,2025-01-23,Completed,Partner,North
17765,2395,2026-04-09,Completed,Partner,South
17766,206,2024-04-17,Completed,Mobile,East
17767,1300,2024-10-07,Completed,Mobile,South
17768,944,2024-01-10,Completed,Web,South
17769,2610,2024-11-30,Completed,Mobile,North
17770,1528,2025-07-25,Completed,Partner,West
17771,596,2024-03-08,Completed,Partner,West
17772,86,2024-07-25,Completed,Web,West
17773,5,2026-01-14,Completed,Web,North
17774,605,2025-05-30,Completed,Web,South
17775,1745,2024-05-21,Completed,Mobile,West
17776,1761,2025-02-17,Completed,Partner,North
17777,270,2024-08-02,Completed,Web,East
17778,736,2025-12-13,Completed,Partner,North
17779,2509,2026-06-06,Completed,Partner,East
17780,1025,2025-03-09,Pending,Web,South
17781,648,2025-05-05,Completed,Web,South
17782,1843,2024-08-05,Completed,Partner,West
17783,2976,2024-01-03,Completed,Web,South
17784,561,2025-01-31,Completed,Mobile,East
17785,2555,2025-10-29,Completed,Web,East
17786,1516,2025-02-11,Completed,Mobile,West
17787,1555,2026-07-07,Completed,Web,West
17788,2911,2026-04-01,Completed,Mobile,North
17789,2798,2024-07-21,Completed,Partner,South
17790,2667,2026-02-08,Completed,Mobile,East
17791,1765,2026-02-18,Completed,Mobile,North
17792,378,2025-02-15,Completed,Web,West
17793,1570,2025-05-21,Completed,Partner,South
17794,1738,2026-05-28,Completed,Web,East
17795,1918,2024-11-16,Completed,Mobile,North
17796,936,2026-05-20,Completed,Web,South
17797,2244,2024-04-22,Completed,Partner,West
17798,206,2026-06-25,Cancelled,Mobile,East
17799,2176,2026-05-11,Completed,Partner,South
17800,1132,2025-03-01,Completed,Web,West
17801,2873,2024-09-17,Completed,Mobile,South
17802,2507,2026-04-11,Completed,Web,West
17803,2172,2025-02-10,Cancelled,Web,South
17804,267,2026-08-18,Completed,Web,South
17805,210,2026-01-07,Completed,Mobile,East
17806,1401,2024-01-11,Completed,Mobile,South
17807,1966,2025-09-22,Completed,Web,West
17808,175,2024-09-24,Completed,Web,West
17809,2259,2025-01-13,Completed,Partner,South
17810,1201,2025-02-18,Completed,Partner,North
17811,699,2025-06-13,Completed,Mobile,East
17812,1191,2025-07-10,Pending,Partner,East
17813,941,2025-04-18,Completed,Mobile,South
17814,714,2025-02-17,Completed,Web,North
17815,1037,2024-03-29,Completed,Mobile,South
17816,2968,2024-01-03,Completed,Partner,West
17817,782,2026-05-28,Pending,Partner,South
17818,526,2024-01-20,Completed,Mobile,North
17819,2769,2024-02-25,Completed,Mobile,West
17820,405,2025-02-21,Completed,Mobile,East
17821,897,2024-01-29,Completed,Mobile,East
17822,2078,2024-08-01,Completed,Web,West
17823,182,2024-08-27,Completed,Mobile,West
17824,1673,2025-05-23,Completed,Partner,South
17825,1816,2025-10-30,Completed,Mobile,North
17826,1271,2026-03-31,Completed,Web,East
17827,1170,2024-02-28,Completed,Partner,West
17828,162,2026-06-08,Completed,Mobile,West
17829,145,2025-10-15,Completed,Mobile,West
17830,1211,2024-02-21,Completed,Mobile,North
17831,550,2026-03-11,Pending,Partner,North
17832,2087,2025-01-13,Completed,Partner,South
17833,1064,2026-07-15,Completed,Mobile,East
17834,1862,2024-01-10,Completed,Mobile,West
17835,1710,2026-08-17,Completed,Partner,North
17836,2093,2024-06-01,Completed,Mobile,West
17837,2270,2024-07-18,Completed,Partner,West
17838,1306,2026-04-05,Completed,Partner,South
17839,1072,2025-09-28,Completed,Mobile,South
17840,1210,2025-04-03,Completed,Mobile,North
17841,1483,2025-02-10,Completed,Web,East
17842,1767,2026-04-11,Completed,Partner,South
17843,1164,2025-07-10,Cancelled,Partner,North
17844,1845,2025-08-08,Completed,Partner,West
17845,351,2024-02-19,Completed,Web,South
17846,953,2024-09-09,Completed,Mobile,West
17847,2727,2026-07-22,Completed,Partner,South
17848,1771,2026-02-17,Completed,Mobile,South
17849,2443,2025-11-21,Completed,Web,East
17850,2828,2026-03-05,Completed,Partner,North
17851,1971,2026-04-10,Completed,Mobile,South
17852,2644,2025-09-04,Completed,Web,South
17853,1790,2025-11-19,Completed,Partner,East
17854,338,2025-01-09,Cancelled,Mobile,North
17855,1812,2025-05-27,Pending,Web,East
17856,1163,2024-02-18,Completed,Mobile,South
17857,2974,2024-04-17,Completed,Mobile,West
17858,1251,2025-12-11,Completed,Mobile,South
17859,2791,2025-10-17,Completed,Mobile,North
17860,1266,2025-04-05,Completed,Mobile,East
17861,1332,2026-08-12,Completed,Partner,West
17862,1005,2025-01-25,Completed,Mobile,North
17863,1018,2024-03-29,Completed,Mobile,East
17864,788,2025-05-24,Completed,Web,North
17865,2502,2024-05-15,Completed,Web,East
17866,2218,2026-04-01,Completed,Mobile,East
17867,2767,2024-08-15,Completed,Web,West
17868,384,2024-07-28,Completed,Partner,South
17869,986,2025-07-03,Completed,Mobile,North
17870,1418,2025-03-25,Completed,Partner,East
17871,1875,2024-01-13,Cancelled,Mobile,East
17872,1319,2026-05-31,Completed,Mobile,West
17873,2365,2026-06-06,Completed,Mobile,West
17874,645,2024-12-21,Completed,Partner,South
17875,914,2026-02-27,Cancelled,Mobile,West
17876,2089,2025-10-10,Cancelled,Mobile,North
17877,1176,2026-04-29,Completed,Web,South
17878,2652,2026-03-18,Completed,Mobile,South
17879,406,2024-06-13,Completed,Mobile,North
17880,2815,2024-12-20,Completed,Web,East
17881,1591,2026-05-26,Completed,Mobile,South
17882,1594,2024-10-04,Completed,Web,West
17883,1054,2024-08-03,Completed,Mobile,East
17884,129,2024-05-04,Completed,Mobile,South
17885,572,2024-07-11,Completed,Web,West
17886,1376,2024-06-11,Cancelled,Mobile,East
17887,1009,2025-09-23,Completed,Partner,West
17888,1843,2024-11-04,Completed,Mobile,West
17889,76,2025-03-31,Cancelled,Web,West
17890,2293,2024-11-23,Completed,Partner,North
17891,2581,2026-03-31,Completed,Partner,South
17892,1780,2024-06-21,Completed,Mobile,South
17893,2619,2025-03-17,Pending,Web,West
17894,2398,2026-05-11,Completed,Web,North
17895,1806,2024-10-13,Completed,Mobile,South
17896,1667,2024-10-13,Completed,Partner,West
17897,2625,2026-01-27,Completed,Web,East
17898,2289,2025-09-23,Completed,Partner,North
17899,1012,2025-11-16,Completed,Web,West
17900,1236,2026-07-24,Completed,Partner,North
17901,907,2025-09-26,Completed,Partner,South
17902,894,2024-08-20,Completed,Mobile,North
17903,1537,2025-04-03,Completed,Partner,North
17904,1345,2026-04-20,Completed,Partner,West
17905,1490,2024-02-28,Completed,Web,East
17906,498,2025-07-08,Completed,Web,North
17907,34,2024-05-13,Completed,Mobile,North
17908,1680,2026-06-12,Completed,Web,West
17909,2473,2026-08-03,Completed,Web,North
17910,2839,2026-03-03,Completed,Mobile,North
17911,1779,2024-09-20,Completed,Partner,South
17912,664,2026-06-17,Completed,Partner,East
17913,2781,2025-05-16,Completed,Web,East
17914,2600,2026-05-04,Completed,Mobile,West
17915,2583,2024-11-20,Cancelled,Mobile,South
17916,111,2025-12-20,Completed,Mobile,South
17917,1983,2024-05-23,Completed,Web,South
17918,2020,2024-02-24,Completed,Web,South
17919,1108,2024-02-02,Completed,Partner,South
17920,394,2026-07-31,Completed,Mobile,West
17921,1395,2024-02-11,Completed,Mobile,South
17922,152,2026-03-09,Completed,Mobile,East
17923,130,2026-05-04,Completed,Web,West
17924,1806,2024-11-30,Completed,Partner,South
17925,2742,2025-05-10,Completed,Web,West
17926,1265,2025-07-02,Completed,Mobile,East
17927,1906,2026-02-01,Completed,Mobile,South
17928,1325,2026-08-18,Completed,Partner,West
17929,1738,2026-03-06,Completed,Web,East
17930,2539,2026-08-09,Completed,Mobile,North
17931,2627,2026-07-27,Completed,Partner,North
17932,2316,2026-02-27,Completed,Mobile,East
17933,2100,2025-07-07,Completed,Partner,South
17934,1662,2024-04-25,Completed,Web,South
17935,1571,2026-06-09,Completed,Web,South
17936,2422,2024-12-13,Completed,Web,East
17937,1313,2024-11-02,Completed,Web,South
17938,209,2025-10-26,Completed,Web,North
17939,73,2024-09-21,Cancelled,Mobile,North
17940,1198,2024-10-20,Completed,Partner,West
17941,1501,2026-05-25,Cancelled,Partner,North
17942,2374,2024-12-14,Completed,Mobile,South
17943,1777,2025-01-18,Cancelled,Web,North
17944,2294,2026-05-25,Completed,Partner,East
17945,1682,2025-01-26,Completed,Partner,West
17946,26,2024-10-04,Completed,Mobile,West
17947,317,2025-12-04,Pending,Web,West
17948,1643,2024-10-17,Completed,Mobile,South
17949,2395,2024-12-17,Completed,Web,South
17950,2776,2025-01-12,Completed,Web,South
17951,28,2026-04-06,Completed,Mobile,East
17952,2011,2024-02-12,Cancelled,Partner,North
17953,1162,2024-10-04,Completed,Mobile,East
17954,85,2024-01-06,Completed,Mobile,West
17955,2084,2026-07-13,Completed,Mobile,North
17956,357,2025-04-10,Completed,Partner,North
17957,891,2026-07-03,Completed,Mobile,North
17958,2293,2025-04-08,Completed,Mobile,North
17959,2929,2024-06-25,Completed,Web,West
17960,838,2025-03-31,Completed,Partner,East
17961,1367,2026-08-26,Completed,Mobile,North
17962,1030,2026-07-29,Completed,Partner,South
17963,2555,2026-05-25,Completed,Partner,East
17964,13,2024-01-04,Completed,Partner,West
17965,1660,2025-12-27,Completed,Web,West
17966,1895,2025-03-24,Completed,Web,North
17967,1193,2024-07-19,Completed,Web,North
17968,2946,2025-10-08,Completed,Web,North
17969,2702,2025-09-29,Completed,Mobile,North
17970,253,2024-03-10,Cancelled,Web,South
17971,2142,2024-12-09,Completed,Partner,West
17972,363,2024-08-18,Completed,Web,East
17973,2061,2025-05-02,Cancelled,Mobile,South
17974,946,2024-12-26,Completed,Mobile,South
17975,604,2024-06-08,Completed,Web,East
17976,2482,2024-10-23,Completed,Partner,East
17977,2955,2024-07-09,Completed,Mobile,East
17978,1290,2025-10-27,Completed,Mobile,East
17979,2734,2026-06-28,Completed,Partner,North
17980,1343,2024-04-24,Completed,Mobile,North
17981,935,2024-04-28,Cancelled,Partner,West
17982,72,2026-07-23,Completed,Web,North
17983,833,2026-03-17,Completed,Mobile,North
17984,2251,2025-09-21,Completed,Partner,South
17985,1419,2025-07-11,Completed,Mobile,North
17986,2888,2024-01-29,Completed,Mobile,North
17987,22,2025-06-17,Completed,Web,West
17988,561,2025-08-28,Completed,Web,East
17989,926,2026-01-11,Completed,Web,South
17990,1814,2024-12-28,Completed,Mobile,North
17991,1516,2025-04-27,Completed,Web,West
17992,558,2026-08-24,Completed,Web,North
17993,2333,2026-05-04,Cancelled,Partner,South
17994,1992,2025-05-02,Pending,Partner,West
17995,2545,2024-05-31,Completed,Mobile,South
17996,2574,2024-03-04,Completed,Mobile,South
17997,2053,2025-01-07,Completed,Partner,North
17998,2706,2024-01-19,Cancelled,Web,North
17999,1227,2025-06-27,Completed,Partner,West
18000,713,2024-09-19,Completed,Mobile,South
18001,2895,2025-07-25,Completed,Web,North
18002,1071,2026-03-09,Completed,Partner,West
18003,2420,2024-02-05,Completed,Mobile,North
18004,707,2024-07-14,Completed,Mobile,West
18005,297,2025-07-06,Completed,Mobile,North
18006,2190,2025-08-25,Completed,Web,West
18007,2071,2024-09-11,Completed,Web,North
18008,1454,2024-01-26,Completed,Mobile,West
18009,358,2024-01-29,Completed,Mobile,West
18010,2625,2025-07-28,Completed,Partner,East
18011,1901,2026-05-12,Completed,Mobile,West
18012,2549,2024-12-25,Completed,Partner,East
18013,1406,2024-11-06,Completed,Partner,South
18014,2762,2026-03-06,Completed,Partner,South
18015,2641,2025-10-16,Completed,Partner,West
18016,793,2024-08-19,Completed,Mobile,East
18017,1593,2024-08-28,Completed,Web,West
18018,1134,2024-01-02,Completed,Partner,South
18019,747,2025-01-07,Cancelled,Web,North
18020,2320,2024-03-28,Completed,Web,South
18021,1918,2025-10-29,Completed,Mobile,North
18022,2985,2025-03-23,Completed,Partner,South
18023,1755,2026-07-10,Completed,Partner,West
18024,2760,2026-04-30,Completed,Mobile,South
18025,822,2026-07-27,Completed,Partner,East
18026,1248,2024-09-23,Completed,Partner,East
18027,1191,2026-04-24,Completed,Web,East
18028,737,2024-03-14,Completed,Web,East
18029,2752,2024-06-15,Completed,Partner,West
18030,2607,2024-01-13,Completed,Partner,West
18031,1097,2026-03-28,Cancelled,Web,West
18032,2586,2025-05-02,Completed,Partner,North
18033,825,2024-12-09,Completed,Web,South
18034,527,2026-02-06,Completed,Partner,South
18035,2528,2024-09-04,Completed,Partner,East
18036,256,2025-03-02,Pending,Web,East
18037,686,2025-08-16,Completed,Web,East
18038,2412,2024-03-23,Completed,Partner,West
18039,125,2026-05-05,Completed,Mobile,West
18040,558,2025-06-04,Completed,Mobile,North
18041,1769,2025-10-30,Completed,Web,South
18042,1636,2024-10-30,Completed,Partner,South
18043,1236,2026-04-30,Completed,Partner,North
18044,2094,2025-04-03,Completed,Web,South
18045,1678,2026-03-14,Completed,Mobile,West
18046,1999,2026-08-04,Completed,Partner,West
18047,1464,2026-08-12,Completed,Partner,North
18048,826,2025-05-13,Completed,Partner,South
18049,299,2025-05-26,Completed,Mobile,East
18050,1426,2025-12-24,Cancelled,Partner,North
18051,2618,2025-02-24,Pending,Mobile,North
18052,1357,2024-08-21,Completed,Web,East
18053,1894,2024-12-09,Completed,Mobile,East
18054,1487,2025-03-31,Completed,Mobile,West
18055,299,2026-05-19,Completed,Partner,East
18056,2933,2024-03-18,Cancelled,Partner,South
18057,1223,2025-05-11,Completed,Web,North
18058,2772,2024-07-02,Completed,Partner,South
18059,871,2026-02-12,Completed,Web,East
18060,2571,2024-10-07,Completed,Partner,South
18061,1191,2026-02-09,Completed,Web,East
18062,2701,2025-11-26,Completed,Partner,West
18063,176,2026-04-01,Completed,Web,West
18064,524,2025-02-26,Completed,Web,South
18065,565,2026-05-14,Completed,Partner,South
18066,1436,2024-05-19,Completed,Partner,North
18067,1874,2025-11-29,Completed,Partner,South
18068,1768,2026-06-30,Completed,Partner,South
18069,2191,2024-04-28,Completed,Partner,East
18070,95,2026-08-27,Completed,Partner,West
18071,561,2025-11-03,Completed,Web,East
18072,773,2026-08-15,Completed,Mobile,North
18073,2317,2025-08-10,Completed,Web,South
18074,567,2025-10-17,Completed,Mobile,South
18075,283,2024-02-26,Completed,Mobile,North
18076,665,2025-06-12,Completed,Web,East
18077,2723,2024-01-07,Cancelled,Mobile,East
18078,1468,2025-02-19,Completed,Partner,South
18079,2293,2025-09-01,Completed,Web,North
18080,1127,2025-01-27,Completed,Mobile,North
18081,277,2026-08-01,Completed,Partner,West
18082,2027,2024-06-05,Completed,Partner,West
18083,2513,2026-05-26,Completed,Partner,South
18084,2701,2025-10-05,Completed,Web,West
18085,1511,2026-04-29,Completed,Mobile,West
18086,1986,2026-08-16,Completed,Web,South
18087,2510,2025-12-10,Completed,Partner,East
18088,1014,2025-02-27,Completed,Partner,West
18089,2184,2026-01-21,Completed,Mobile,East
18090,195,2026-03-29,Completed,Mobile,West
18091,1492,2024-09-27,Completed,Partner,East
18092,624,2025-10-05,Completed,Web,South
18093,930,2024-02-25,Completed,Web,East
18094,1638,2024-03-04,Completed,Web,South
18095,709,2025-07-06,Completed,Mobile,North
18096,2482,2025-10-04,Completed,Mobile,East
18097,1092,2024-05-31,Completed,Partner,West
18098,746,2026-07-25,Completed,Web,South
18099,2656,2024-05-09,Completed,Web,North
18100,579,2024-01-20,Completed,Mobile,West
18101,1265,2025-02-18,Completed,Partner,East
18102,1401,2026-07-20,Completed,Mobile,South
18103,1896,2024-07-05,Completed,Partner,West
18104,860,2024-01-05,Completed,Mobile,East
18105,434,2026-08-19,Pending,Partner,West
18106,404,2026-07-27,Cancelled,Mobile,West
18107,1431,2024-10-24,Cancelled,Partner,West
18108,159,2025-11-20,Completed,Web,West
18109,2339,2025-08-26,Completed,Mobile,North
18110,1379,2024-03-05,Completed,Web,West
18111,2937,2026-02-21,Completed,Partner,South
18112,2164,2024-03-20,Completed,Web,West
18113,1322,2025-07-06,Cancelled,Partner,West
18114,1652,2025-11-14,Completed,Mobile,South
18115,1867,2026-06-29,Cancelled,Partner,East
18116,1765,2025-05-25,Pending,Partner,North
18117,1413,2024-05-24,Completed,Web,North
18118,1192,2025-02-26,Completed,Web,West
18119,1584,2024-12-25,Pending,Mobile,West
18120,295,2025-08-24,Completed,Web,West
18121,2349,2024-02-14,Completed,Partner,South
18122,1213,2025-10-04,Completed,Partner,North
18123,2959,2024-12-12,Completed,Web,North
18124,2125,2024-12-08,Completed,Web,North
18125,525,2025-08-08,Pending,Mobile,South
18126,2664,2026-03-27,Completed,Partner,West
18127,1759,2024-07-11,Completed,Mobile,South
18128,666,2026-03-05,Cancelled,Partner,North
18129,2707,2024-08-07,Completed,Web,West
18130,1162,2025-05-10,Completed,Web,East
18131,2854,2026-08-10,Completed,Partner,East
18132,2631,2026-01-30,Completed,Partner,North
18133,1700,2026-01-18,Completed,Partner,East
18134,2338,2025-10-07,Pending,Web,North
18135,675,2026-03-04,Completed,Partner,South
18136,1124,2025-06-27,Completed,Partner,East
18137,963,2026-03-28,Completed,Mobile,East
18138,269,2025-01-22,Pending,Mobile,North
18139,269,2026-03-16,Completed,Partner,North
18140,550,2024-11-01,Completed,Web,North
18141,2669,2026-03-25,Completed,Mobile,East
18142,206,2024-07-06,Completed,Partner,East
18143,2034,2024-06-09,Completed,Partner,North
18144,1838,2026-08-21,Cancelled,Web,North
18145,2214,2024-11-04,Completed,Partner,West
18146,2592,2025-06-05,Completed,Mobile,West
18147,2438,2025-07-07,Completed,Web,West
18148,1571,2026-03-22,Completed,Partner,South
18149,176,2026-01-18,Completed,Web,West
18150,202,2024-10-23,Completed,Mobile,North
18151,215,2024-05-04,Completed,Mobile,West
18152,2514,2026-08-27,Completed,Partner,North
18153,1337,2026-01-31,Cancelled,Partner,North
18154,2086,2024-10-21,Pending,Partner,East
18155,325,2024-11-15,Completed,Mobile,South
18156,481,2025-05-22,Completed,Mobile,West
18157,2831,2025-07-28,Completed,Web,East
18158,1091,2025-05-19,Completed,Web,South
18159,1368,2025-02-23,Completed,Mobile,South
18160,708,2025-11-07,Completed,Web,North
18161,2136,2026-02-27,Completed,Web,North
18162,2759,2025-06-20,Completed,Mobile,South
18163,1376,2026-08-23,Completed,Web,East
18164,1397,2026-06-30,Completed,Partner,South
18165,98,2024-09-11,Completed,Web,North
18166,194,2024-11-13,Completed,Partner,West
18167,1626,2025-04-04,Completed,Mobile,South
18168,2249,2024-05-10,Completed,Web,North
18169,1911,2025-03-27,Completed,Partner,North
18170,1505,2026-08-01,Completed,Mobile,South
18171,1421,2025-08-22,Completed,Partner,East
18172,568,2024-12-18,Completed,Partner,East
18173,2805,2024-10-19,Completed,Mobile,South
18174,2600,2026-06-29,Completed,Mobile,West
18175,791,2024-04-15,Completed,Partner,South
18176,1906,2026-06-25,Pending,Partner,South
18177,1282,2025-02-23,Cancelled,Web,West
18178,2074,2025-05-10,Completed,Partner,South
18179,2082,2026-01-12,Completed,Mobile,North
18180,309,2025-03-11,Completed,Mobile,South
18181,1515,2026-01-11,Completed,Web,East
18182,1675,2025-01-28,Completed,Web,West
18183,955,2025-02-27,Completed,Web,South
18184,125,2024-07-19,Completed,Web,West
18185,1812,2025-11-14,Completed,Mobile,East
18186,2716,2024-12-01,Completed,Mobile,West
18187,736,2025-08-25,Cancelled,Partner,North
18188,1144,2025-09-19,Completed,Web,North
18189,541,2026-01-09,Completed,Partner,South
18190,652,2025-04-16,Completed,Web,East
18191,577,2024-10-09,Completed,Web,South
18192,2241,2024-06-02,Completed,Mobile,West
18193,1956,2026-03-10,Completed,Partner,East
18194,780,2025-04-20,Completed,Partner,North
18195,350,2024-06-16,Completed,Web,North
18196,2687,2024-04-05,Completed,Mobile,South
18197,70,2024-12-15,Completed,Web,West
18198,1574,2024-08-28,Cancelled,Mobile,East
18199,2521,2024-07-08,Completed,Mobile,East
18200,2374,2024-04-26,Completed,Web,South
18201,2993,2026-01-01,Completed,Web,East
18202,2879,2024-03-18,Pending,Partner,South
18203,2185,2026-02-04,Cancelled,Mobile,North
18204,990,2025-12-15,Pending,Partner,East
18205,2522,2026-08-05,Completed,Web,East
18206,2879,2025-07-02,Completed,Mobile,South
18207,1719,2026-02-27,Completed,Partner,North
18208,40,2025-01-08,Completed,Mobile,South
18209,2592,2024-10-25,Cancelled,Mobile,West
18210,873,2024-07-09,Completed,Partner,East
18211,1083,2024-10-05,Pending,Partner,West
18212,508,2024-11-12,Completed,Mobile,North
18213,2824,2026-07-11,Completed,Mobile,West
18214,2148,2025-04-18,Completed,Partner,North
18215,1253,2025-09-30,Completed,Web,West
18216,1307,2026-07-21,Pending,Mobile,North
18217,1087,2024-08-06,Completed,Web,South
18218,2914,2024-12-29,Completed,Partner,West
18219,2664,2024-05-13,Completed,Mobile,West
18220,684,2024-03-20,Completed,Partner,East
18221,858,2025-06-02,Completed,Partner,West
18222,623,2025-09-26,Completed,Partner,West
18223,2071,2024-09-01,Pending,Mobile,North
18224,2091,2025-07-05,Completed,Web,East
18225,35,2024-10-08,Completed,Partner,West
18226,2819,2025-03-07,Completed,Partner,South
18227,2057,2025-03-21,Pending,Mobile,West
18228,601,2025-05-14,Completed,Mobile,West
18229,507,2025-02-23,Completed,Partner,East
18230,204,2024-02-05,Completed,Web,North
18231,1215,2026-05-13,Completed,Web,West
18232,2096,2026-06-26,Completed,Mobile,West
18233,2596,2025-12-26,Cancelled,Partner,North
18234,1283,2024-02-26,Completed,Web,East
18235,594,2025-07-06,Completed,Web,South
18236,1412,2024-12-28,Pending,Mobile,North
18237,947,2024-10-13,Completed,Web,South
18238,2924,2026-02-25,Completed,Web,West
18239,782,2026-07-31,Completed,Mobile,South
18240,2022,2025-12-26,Completed,Mobile,West
18241,2745,2025-12-08,Cancelled,Mobile,West
18242,2577,2025-06-08,Completed,Partner,West
18243,118,2025-03-31,Completed,Web,East
18244,1821,2024-04-16,Completed,Web,North
18245,1239,2025-02-08,Completed,Mobile,North
18246,2783,2024-07-29,Completed,Web,West
18247,1979,2026-01-24,Completed,Mobile,West
18248,2420,2025-10-24,Completed,Web,North
18249,2710,2025-07-14,Completed,Web,South
18250,904,2025-01-20,Completed,Web,South
18251,1521,2024-12-26,Completed,Partner,North
18252,1322,2025-06-26,Cancelled,Web,West
18253,286,2026-08-01,Completed,Mobile,East
18254,1508,2024-01-28,Completed,Web,West
18255,2760,2025-09-01,Completed,Mobile,South
18256,322,2026-04-18,Completed,Mobile,North
18257,1733,2024-07-15,Completed,Web,North
18258,2134,2024-01-23,Completed,Web,North
18259,2291,2025-02-12,Completed,Web,East
18260,1057,2025-06-14,Completed,Web,South
18261,789,2026-08-03,Completed,Partner,East
18262,725,2024-04-19,Completed,Partner,North
18263,887,2024-07-31,Completed,Mobile,South
18264,346,2024-06-03,Completed,Mobile,North
18265,514,2025-10-07,Completed,Web,West
18266,1566,2024-02-28,Completed,Partner,West
18267,1365,2026-07-12,Completed,Web,East
18268,1677,2024-10-01,Cancelled,Partner,North
18269,1100,2025-04-23,Completed,Partner,South
18270,328,2026-07-08,Completed,Mobile,East
18271,386,2024-04-03,Completed,Web,West
18272,128,2025-01-04,Completed,Partner,North
18273,102,2024-04-01,Cancelled,Partner,South
18274,1579,2026-03-12,Completed,Partner,East
18275,1281,2026-04-26,Pending,Partner,West
18276,816,2026-07-29,Completed,Mobile,South
18277,819,2024-07-16,Completed,Partner,West
18278,812,2026-02-01,Completed,Partner,East
18279,1956,2024-07-17,Completed,Mobile,East
18280,809,2024-06-06,Completed,Web,West
18281,1290,2026-02-17,Completed,Partner,East
18282,2850,2025-10-05,Cancelled,Mobile,South
18283,1014,2025-11-15,Completed,Partner,West
18284,3000,2026-03-24,Completed,Partner,South
18285,1694,2026-04-11,Completed,Mobile,West
18286,1738,2025-10-25,Completed,Partner,East
18287,2882,2025-01-05,Cancelled,Web,West
18288,390,2024-08-30,Cancelled,Partner,East
18289,2230,2024-11-27,Completed,Mobile,South
18290,1398,2024-08-29,Completed,Partner,East
18291,1069,2026-08-24,Completed,Mobile,North
18292,2418,2025-10-07,Completed,Mobile,North
18293,1172,2026-01-01,Completed,Mobile,West
18294,988,2024-04-02,Completed,Web,North
18295,1396,2024-12-18,Completed,Mobile,North
18296,2771,2025-05-02,Completed,Mobile,South
18297,1514,2025-02-27,Completed,Partner,West
18298,2249,2025-07-05,Cancelled,Web,North
18299,1181,2024-12-14,Completed,Web,North
18300,1940,2025-02-09,Completed,Web,West
18301,271,2026-03-19,Completed,Web,South
18302,1008,2024-03-01,Completed,Mobile,East
18303,1991,2025-12-22,Completed,Mobile,South
18304,2005,2024-12-31,Completed,Web,North
18305,1224,2024-01-12,Completed,Partner,West
18306,1961,2025-02-19,Cancelled,Partner,East
18307,117,2025-04-13,Cancelled,Web,East
18308,416,2026-06-15,Completed,Partner,South
18309,2307,2026-05-23,Pending,Mobile,South
18310,2206,2025-06-06,Completed,Mobile,South
18311,119,2025-07-15,Completed,Web,East
18312,1346,2025-05-27,Completed,Mobile,South
18313,2051,2024-03-27,Completed,Mobile,South
18314,1511,2026-03-18,Completed,Mobile,West
18315,677,2024-06-18,Completed,Partner,West
18316,872,2025-07-27,Completed,Partner,West
18317,2122,2025-11-06,Pending,Mobile,North
18318,120,2025-10-21,Completed,Web,South
18319,2819,2024-01-26,Completed,Mobile,South
18320,1040,2025-02-02,Cancelled,Partner,East
18321,2243,2025-08-15,Completed,Mobile,North
18322,1271,2025-10-12,Completed,Web,East
18323,1917,2024-08-07,Pending,Partner,South
18324,958,2025-01-28,Cancelled,Mobile,East
18325,2397,2025-03-26,Completed,Mobile,West
18326,646,2026-01-16,Completed,Mobile,South
18327,2580,2026-08-12,Completed,Web,South
18328,815,2024-01-22,Completed,Partner,North
18329,2766,2026-05-31,Completed,Mobile,North
18330,220,2024-11-27,Completed,Partner,East
18331,1453,2025-01-29,Cancelled,Mobile,West
18332,1350,2024-04-16,Completed,Mobile,South
18333,2919,2026-05-08,Cancelled,Web,North
18334,2570,2025-07-05,Completed,Mobile,North
18335,1326,2025-12-09,Completed,Mobile,West
18336,467,2024-09-18,Completed,Partner,South
18337,2380,2026-08-25,Completed,Web,South
18338,911,2025-05-22,Completed,Partner,North
18339,294,2025-01-12,Completed,Partner,North
18340,81,2026-07-11,Completed,Mobile,West
18341,2554,2025-11-28,Completed,Partner,North
18342,1088,2025-11-29,Completed,Partner,West
18343,628,2026-04-15,Completed,Mobile,South
18344,1189,2025-05-08,Completed,Mobile,East
18345,1213,2024-03-18,Completed,Web,North
18346,271,2025-11-13,Cancelled,Web,South
18347,2629,2024-10-16,Completed,Partner,West
18348,896,2024-07-13,Completed,Mobile,East
18349,1858,2024-01-30,Completed,Web,West
18350,2001,2024-02-07,Completed,Web,North
18351,521,2025-11-02,Completed,Mobile,East
18352,971,2026-03-04,Completed,Partner,East
18353,2438,2025-11-19,Completed,Web,West
18354,1336,2024-12-17,Completed,Partner,West
18355,2595,2024-10-05,Completed,Partner,North
18356,546,2024-01-03,Completed,Web,East
18357,2127,2026-05-13,Completed,Mobile,North
18358,21,2026-04-07,Completed,Mobile,North
18359,2342,2024-04-12,Completed,Web,South
18360,1911,2024-01-03,Completed,Partner,North
18361,1678,2024-05-11,Cancelled,Mobile,West
18362,1554,2025-05-26,Completed,Mobile,East
18363,1662,2025-04-26,Pending,Partner,South
18364,25,2025-09-02,Completed,Partner,East
18365,2362,2026-06-30,Completed,Mobile,South
18366,897,2025-08-17,Completed,Mobile,East
18367,2815,2024-11-20,Cancelled,Mobile,East
18368,475,2026-02-17,Completed,Mobile,West
18369,938,2024-11-19,Completed,Mobile,West
18370,1647,2024-02-17,Completed,Web,East
18371,2653,2025-01-11,Completed,Partner,South
18372,812,2024-09-21,Completed,Web,East
18373,626,2024-12-26,Pending,Partner,West
18374,1359,2026-07-06,Completed,Partner,West
18375,2114,2024-08-17,Cancelled,Mobile,South
18376,2384,2024-10-28,Completed,Web,East
18377,993,2026-04-27,Completed,Partner,East
18378,2471,2025-02-06,Completed,Web,East
18379,859,2026-01-28,Completed,Partner,East
18380,2979,2026-02-19,Completed,Web,West
18381,1836,2026-05-06,Completed,Partner,North
18382,615,2024-05-24,Completed,Partner,North
18383,1372,2024-01-22,Completed,Partner,West
18384,1547,2026-04-06,Completed,Mobile,East
18385,1206,2026-01-11,Cancelled,Web,South
18386,2262,2025-01-06,Completed,Mobile,West
18387,1961,2024-11-23,Completed,Mobile,East
18388,2539,2026-02-22,Completed,Mobile,North
18389,2157,2024-09-20,Cancelled,Web,East
18390,593,2025-01-05,Completed,Partner,East
18391,2822,2025-01-30,Completed,Partner,North
18392,242,2026-01-11,Completed,Partner,East
18393,2235,2025-04-30,Completed,Mobile,East
18394,838,2025-08-09,Completed,Partner,East
18395,1306,2025-06-06,Completed,Mobile,South
18396,2700,2026-04-07,Completed,Partner,West
18397,2724,2024-05-30,Completed,Partner,South
18398,950,2024-07-21,Completed,Partner,North
18399,681,2024-03-06,Completed,Mobile,North
18400,466,2025-06-22,Completed,Web,North
18401,491,2025-06-09,Completed,Partner,North
18402,2460,2025-10-21,Completed,Partner,South
18403,2963,2026-01-30,Completed,Web,North
18404,962,2025-11-30,Completed,Mobile,East
18405,2115,2024-06-13,Completed,Partner,North
18406,2063,2025-02-26,Completed,Partner,East
18407,2847,2024-04-09,Completed,Mobile,North
18408,2221,2024-09-25,Completed,Web,South
18409,790,2024-01-02,Pending,Mobile,East
18410,1233,2024-11-01,Completed,Partner,West
18411,1938,2026-03-13,Pending,Web,North
18412,817,2025-05-06,Completed,Web,West
18413,1075,2024-02-28,Completed,Partner,West
18414,214,2026-03-31,Cancelled,Mobile,West
18415,2941,2024-05-10,Completed,Partner,South
18416,2865,2024-01-24,Completed,Mobile,East
18417,1011,2026-07-31,Cancelled,Web,West
18418,760,2024-02-01,Completed,Partner,North
18419,2187,2025-03-30,Completed,Web,South
18420,1784,2026-03-16,Completed,Partner,South
18421,1223,2026-04-11,Completed,Web,North
18422,2863,2024-02-07,Completed,Web,North
18423,1312,2025-03-09,Completed,Partner,South
18424,2218,2025-06-16,Completed,Web,East
18425,1039,2025-10-01,Completed,Partner,West
18426,517,2025-06-03,Completed,Mobile,East
18427,209,2025-03-10,Cancelled,Mobile,North
18428,1094,2026-05-05,Cancelled,Mobile,North
18429,1942,2024-11-05,Completed,Web,South
18430,2310,2025-07-28,Completed,Mobile,West
18431,1553,2024-03-21,Pending,Mobile,North
18432,817,2024-02-03,Completed,Mobile,West
18433,2093,2026-06-20,Completed,Mobile,West
18434,2444,2025-03-23,Completed,Partner,South
18435,874,2025-11-26,Completed,Web,East
18436,238,2026-03-25,Completed,Partner,South
18437,638,2024-06-17,Cancelled,Web,South
18438,2269,2026-01-17,Completed,Mobile,East
18439,1976,2026-01-02,Completed,Web,South
18440,2090,2025-08-21,Completed,Web,South
18441,306,2025-01-01,Completed,Mobile,South
18442,1748,2026-03-02,Completed,Partner,North
18443,658,2024-12-23,Completed,Partner,North
18444,1906,2024-07-31,Completed,Partner,South
18445,2777,2025-04-09,Completed,Mobile,North
18446,1911,2024-08-22,Completed,Web,North
18447,1821,2025-02-14,Completed,Partner,North
18448,2864,2025-08-21,Completed,Partner,South
18449,142,2025-04-11,Pending,Mobile,East
18450,2038,2024-08-03,Cancelled,Mobile,East
18451,2277,2025-03-02,Completed,Web,West
18452,1384,2026-07-17,Completed,Web,North
18453,1309,2024-02-18,Completed,Web,North
18454,1096,2024-01-29,Completed,Web,East
18455,1980,2024-02-26,Completed,Mobile,South
18456,1918,2025-04-05,Completed,Partner,North
18457,564,2024-12-24,Completed,Mobile,East
18458,1628,2025-01-26,Completed,Mobile,East
18459,2960,2025-10-21,Completed,Partner,West
18460,2064,2024-03-24,Completed,Mobile,East
18461,198,2026-02-14,Completed,Mobile,North
18462,1777,2024-10-05,Completed,Web,North
18463,1538,2025-03-30,Completed,Web,South
18464,2004,2025-06-24,Completed,Partner,West
18465,1486,2024-09-25,Completed,Web,South
18466,2538,2024-11-12,Completed,Partner,North
18467,1618,2024-07-22,Completed,Mobile,North
18468,419,2025-04-07,Completed,Web,West
18469,307,2024-10-05,Completed,Mobile,West
18470,1506,2024-11-24,Completed,Partner,North
18471,1241,2026-07-09,Cancelled,Mobile,West
18472,1568,2026-05-13,Completed,Web,East
18473,403,2025-02-11,Completed,Web,North
18474,276,2025-06-15,Pending,Mobile,West
18475,1939,2025-02-21,Completed,Web,West
18476,130,2025-12-04,Completed,Mobile,West
18477,2484,2025-06-23,Completed,Web,North
18478,768,2024-01-24,Completed,Mobile,South
18479,1292,2024-10-11,Completed,Partner,West
18480,504,2026-03-04,Completed,Partner,South
18481,2063,2024-07-31,Completed,Partner,East
18482,2497,2024-11-20,Completed,Web,East
18483,5,2024-02-29,Completed,Mobile,North
18484,1539,2025-01-06,Completed,Mobile,South
18485,1329,2025-10-14,Pending,Partner,South
18486,748,2024-11-05,Completed,Mobile,West
18487,2276,2026-01-07,Completed,Partner,North
18488,2189,2024-01-28,Completed,Mobile,East
18489,2193,2024-09-15,Completed,Web,North
18490,303,2024-07-30,Cancelled,Mobile,North
18491,1009,2024-02-18,Completed,Mobile,West
18492,2341,2025-10-06,Completed,Web,West
18493,2847,2024-03-20,Completed,Web,North
18494,2940,2024-08-30,Completed,Web,South
18495,723,2024-04-29,Completed,Mobile,East
18496,327,2024-06-01,Completed,Partner,South
18497,417,2025-10-28,Completed,Partner,North
18498,1176,2024-02-18,Completed,Mobile,South
18499,807,2026-07-30,Completed,Partner,North
18500,1426,2025-09-01,Completed,Partner,North
18501,687,2025-03-05,Completed,Mobile,West
18502,135,2024-04-15,Completed,Mobile,South
18503,2031,2026-01-10,Completed,Web,East
18504,2558,2024-07-03,Completed,Partner,East
18505,926,2024-09-09,Completed,Web,South
18506,2507,2024-07-08,Completed,Mobile,West
18507,1250,2026-04-15,Completed,Web,North
18508,1863,2025-08-27,Completed,Partner,North
18509,1584,2026-05-23,Completed,Web,West
18510,1877,2024-06-14,Completed,Partner,North
18511,104,2026-02-15,Completed,Partner,South
18512,48,2024-11-07,Completed,Web,South
18513,992,2024-03-04,Completed,Partner,West
18514,535,2025-07-16,Completed,Partner,North
18515,48,2024-07-16,Completed,Mobile,South
18516,481,2025-12-18,Completed,Partner,West
18517,802,2024-09-28,Completed,Partner,East
18518,2009,2024-12-06,Completed,Partner,North
18519,277,2024-03-27,Completed,Web,West
18520,1494,2026-06-07,Completed,Web,North
18521,2278,2024-11-01,Pending,Partner,South
18522,2748,2024-03-07,Completed,Mobile,North
18523,285,2025-02-21,Completed,Mobile,South
18524,1788,2024-05-28,Completed,Web,South
18525,858,2024-02-20,Completed,Web,West
18526,1658,2024-10-11,Completed,Partner,North
18527,2513,2026-07-11,Completed,Mobile,South
18528,653,2026-01-20,Cancelled,Partner,North
18529,908,2025-04-22,Completed,Partner,East
18530,1166,2024-04-24,Cancelled,Partner,East
18531,1123,2024-01-24,Completed,Web,East
18532,740,2026-02-24,Pending,Web,East
18533,970,2025-06-22,Completed,Mobile,North
18534,1013,2025-10-02,Cancelled,Mobile,East
18535,773,2025-08-17,Completed,Web,North
18536,1048,2024-06-04,Completed,Web,South
18537,1817,2026-03-05,Completed,Partner,East
18538,2695,2025-12-30,Completed,Partner,South
18539,720,2024-08-14,Completed,Web,West
18540,2046,2025-03-08,Completed,Mobile,West
18541,956,2024-05-08,Completed,Partner,South
18542,1525,2024-05-02,Completed,Partner,South
18543,2149,2025-07-07,Completed,Partner,West
18544,1373,2025-01-02,Completed,Partner,North
18545,2156,2024-05-09,Completed,Web,South
18546,2840,2024-02-13,Completed,Partner,South
18547,1583,2024-02-07,Cancelled,Partner,North
18548,419,2024-04-13,Completed,Mobile,West
18549,1393,2024-12-13,Completed,Partner,West
18550,2839,2025-05-16,Completed,Web,North
18551,1959,2026-02-11,Completed,Partner,East
18552,1685,2025-03-08,Completed,Partner,West
18553,2566,2025-04-30,Completed,Partner,South
18554,2140,2024-09-09,Completed,Partner,West
18555,1323,2025-06-23,Completed,Web,West
18556,229,2024-11-28,Cancelled,Web,West
18557,1842,2026-06-29,Completed,Partner,South
18558,520,2024-07-24,Completed,Partner,East
18559,2499,2026-06-21,Completed,Web,West
18560,2565,2025-05-14,Pending,Web,South
18561,1868,2024-06-11,Completed,Mobile,South
18562,1936,2026-06-06,Completed,Web,West
18563,1624,2024-09-05,Completed,Web,North
18564,853,2026-03-18,Completed,Mobile,South
18565,1363,2024-02-12,Completed,Web,South
18566,1517,2024-03-23,Completed,Web,South
18567,1483,2025-03-29,Completed,Web,East
18568,2953,2026-08-03,Completed,Mobile,North
18569,2182,2025-11-30,Completed,Partner,South
18570,920,2025-05-23,Completed,Partner,South
18571,2786,2026-05-10,Completed,Partner,West
18572,1773,2024-05-16,Completed,Partner,West
18573,755,2024-01-23,Completed,Partner,West
18574,926,2025-04-25,Cancelled,Mobile,South
18575,2998,2026-05-19,Cancelled,Mobile,South
18576,1672,2025-01-13,Completed,Mobile,West
18577,1668,2025-09-28,Completed,Mobile,East
18578,405,2024-02-26,Completed,Mobile,East
18579,544,2025-03-29,Completed,Web,West
18580,1984,2025-06-17,Completed,Web,South
18581,2243,2026-04-23,Completed,Partner,North
18582,2678,2026-08-20,Completed,Partner,East
18583,1985,2024-05-02,Completed,Web,West
18584,110,2025-02-03,Completed,Web,South
18585,587,2024-07-10,Cancelled,Mobile,South
18586,2166,2025-04-21,Completed,Partner,East
18587,2871,2024-07-30,Completed,Partner,East
18588,1277,2024-04-28,Completed,Partner,South
18589,1829,2024-09-26,Completed,Mobile,East
18590,913,2024-12-01,Completed,Web,North
18591,1135,2025-01-09,Completed,Mobile,East
18592,2850,2024-06-02,Completed,Mobile,South
18593,970,2024-08-02,Completed,Mobile,North
18594,815,2024-03-07,Completed,Web,North
18595,1624,2026-08-20,Completed,Partner,North
18596,522,2025-12-30,Completed,Mobile,East
18597,2622,2024-02-02,Completed,Web,East
18598,764,2025-03-31,Completed,Partner,South
18599,2481,2025-10-19,Completed,Mobile,South
18600,1651,2024-04-23,Cancelled,Partner,East
18601,1316,2026-05-20,Completed,Partner,North
18602,404,2025-11-22,Completed,Mobile,West
18603,1467,2025-11-30,Completed,Mobile,East
18604,886,2024-10-05,Completed,Partner,North
18605,841,2024-07-27,Completed,Partner,North
18606,542,2025-01-13,Completed,Mobile,East
18607,1593,2024-08-17,Completed,Mobile,West
18608,509,2024-11-24,Completed,Partner,North
18609,2430,2026-02-06,Completed,Web,East
18610,737,2025-01-01,Cancelled,Mobile,East
18611,1089,2025-03-10,Completed,Web,North
18612,1038,2025-06-15,Completed,Partner,West
18613,156,2025-09-17,Completed,Web,North
18614,823,2025-10-30,Completed,Web,West
18615,2875,2025-02-20,Completed,Mobile,North
18616,2406,2024-04-30,Completed,Mobile,East
18617,1219,2026-01-17,Completed,Partner,South
18618,2000,2024-04-12,Completed,Web,South
18619,1632,2026-01-20,Completed,Mobile,East
18620,798,2025-08-25,Completed,Partner,West
18621,1687,2024-06-11,Completed,Partner,North
18622,1312,2025-09-08,Cancelled,Web,South
18623,2585,2024-01-26,Completed,Web,South
18624,776,2024-06-09,Completed,Web,East
18625,2789,2024-01-05,Completed,Web,East
18626,2410,2025-04-01,Completed,Mobile,North
18627,780,2025-07-02,Completed,Mobile,North
18628,1149,2024-02-24,Completed,Web,East
18629,1964,2024-11-08,Completed,Web,East
18630,506,2024-04-30,Completed,Mobile,West
18631,2677,2024-10-19,Completed,Mobile,West
18632,573,2024-12-14,Completed,Mobile,South
18633,2082,2024-06-05,Completed,Partner,North
18634,1081,2025-06-21,Completed,Partner,South
18635,2076,2026-05-14,Completed,Partner,North
18636,2819,2024-08-14,Completed,Web,South
18637,1970,2025-06-12,Completed,Partner,West
18638,387,2026-04-20,Completed,Partner,North
18639,2821,2024-01-01,Completed,Web,South
18640,100,2026-06-02,Completed,Partner,West
18641,1036,2026-02-07,Pending,Mobile,South
18642,1758,2026-06-28,Cancelled,Partner,East
18643,2520,2025-01-14,Completed,Web,South
18644,250,2025-06-19,Completed,Partner,East
18645,2828,2024-05-25,Completed,Web,North
18646,108,2026-03-14,Completed,Partner,North
18647,1793,2026-06-10,Completed,Mobile,North
18648,1208,2026-07-06,Completed,Mobile,West
18649,1728,2024-01-12,Completed,Mobile,East
18650,2129,2025-06-04,Completed,Partner,South
18651,235,2026-08-04,Completed,Mobile,East
18652,2335,2025-03-04,Completed,Web,South
18653,1304,2024-10-19,Completed,Web,East
18654,2120,2026-08-26,Completed,Web,West
18655,2894,2026-05-12,Completed,Partner,North
18656,2559,2024-03-20,Completed,Web,East
18657,1281,2025-01-02,Completed,Partner,West
18658,622,2025-06-11,Completed,Mobile,West
18659,1871,2026-08-13,Completed,Partner,East
18660,1753,2026-04-29,Completed,Mobile,West
18661,1866,2024-09-29,Completed,Partner,South
18662,83,2025-12-19,Completed,Mobile,East
18663,1519,2024-01-16,Completed,Partner,East
18664,172,2026-05-06,Completed,Partner,North
18665,2406,2024-09-16,Completed,Partner,East
18666,1576,2025-04-03,Completed,Web,North
18667,1744,2025-07-15,Completed,Web,North
18668,917,2024-02-20,Completed,Web,South
18669,235,2025-09-05,Completed,Mobile,East
18670,2958,2024-08-18,Pending,Web,West
18671,1210,2025-01-18,Completed,Mobile,North
18672,2145,2025-03-26,Completed,Partner,North
18673,2012,2025-01-09,Completed,Partner,North
18674,2633,2026-02-14,Completed,Mobile,South
18675,1288,2024-08-13,Completed,Partner,North
18676,1342,2024-08-26,Pending,Web,North
18677,2315,2026-08-22,Completed,Web,East
18678,1492,2024-01-10,Completed,Web,East
18679,1959,2025-04-18,Completed,Web,East
18680,1943,2025-09-18,Completed,Web,East
18681,2583,2025-06-11,Completed,Web,South
18682,628,2024-02-25,Completed,Partner,South
18683,2494,2024-04-12,Completed,Partner,East
18684,1343,2024-01-13,Completed,Web,North
18685,1708,2024-04-08,Completed,Mobile,North
18686,1746,2025-07-22,Completed,Partner,South
18687,2314,2025-04-04,Completed,Mobile,West
18688,2907,2024-01-22,Completed,Mobile,South
18689,2621,2025-09-19,Completed,Partner,North
18690,952,2026-08-01,Completed,Web,South
18691,2478,2026-07-05,Completed,Web,East
18692,953,2024-03-13,Completed,Web,West
18693,1725,2025-02-15,Completed,Mobile,West
18694,1349,2024-04-06,Completed,Web,North
18695,1579,2024-02-26,Completed,Mobile,East
18696,207,2024-12-08,Completed,Mobile,West
18697,1424,2024-05-14,Completed,Web,South
18698,1260,2025-12-16,Pending,Web,West
18699,394,2025-01-29,Completed,Web,West
18700,520,2024-02-17,Completed,Web,East
18701,363,2024-07-14,Completed,Web,East
18702,1224,2026-06-03,Completed,Mobile,West
18703,370,2024-04-30,Completed,Mobile,East
18704,1958,2024-11-04,Completed,Mobile,East
18705,538,2024-08-24,Completed,Web,North
18706,1737,2025-07-27,Completed,Web,West
18707,1011,2026-06-21,Completed,Web,West
18708,857,2025-07-03,Cancelled,Mobile,North
18709,824,2025-05-26,Completed,Partner,West
18710,2175,2026-04-11,Completed,Web,West
18711,2810,2025-07-25,Completed,Partner,West
18712,2000,2025-12-21,Completed,Mobile,South
18713,394,2025-07-30,Cancelled,Partner,West
18714,1889,2024-04-01,Completed,Web,West
18715,2245,2026-05-02,Completed,Web,North
18716,1332,2026-05-12,Completed,Partner,West
18717,206,2024-11-15,Completed,Web,East
18718,2158,2024-02-24,Completed,Partner,West
18719,496,2024-04-12,Completed,Mobile,North
18720,2396,2024-08-16,Completed,Partner,East
18721,472,2026-01-25,Completed,Web,West
18722,2186,2025-11-03,Completed,Web,East
18723,1638,2024-02-20,Completed,Web,South
18724,395,2024-08-23,Completed,Mobile,North
18725,2423,2024-01-09,Completed,Mobile,North
18726,1356,2026-03-20,Completed,Partner,North
18727,1912,2024-03-19,Completed,Partner,North
18728,1548,2025-06-18,Completed,Web,East
18729,536,2025-01-05,Completed,Mobile,North
18730,1157,2024-05-06,Completed,Mobile,East
18731,1315,2026-02-11,Completed,Partner,East
18732,2689,2024-11-14,Completed,Mobile,South
18733,2998,2026-02-02,Completed,Web,South
18734,757,2025-08-17,Completed,Partner,South
18735,740,2025-07-02,Completed,Mobile,East
18736,1408,2026-08-17,Completed,Partner,North
18737,2691,2026-04-24,Completed,Mobile,North
18738,635,2025-12-16,Completed,Web,South
18739,1957,2025-03-23,Completed,Mobile,North
18740,1895,2024-03-11,Pending,Web,North
18741,1234,2024-09-11,Completed,Web,East
18742,1261,2025-09-27,Completed,Mobile,East
18743,721,2024-05-26,Completed,Web,South
18744,1173,2024-11-25,Completed,Mobile,East
18745,129,2024-10-23,Completed,Web,South
18746,2953,2025-09-01,Completed,Partner,North
18747,514,2024-02-15,Completed,Web,West
18748,740,2026-05-02,Completed,Mobile,East
18749,2992,2025-06-07,Completed,Partner,East
18750,1610,2024-05-12,Completed,Partner,West
18751,2078,2026-01-28,Completed,Partner,West
18752,1212,2026-06-23,Completed,Partner,South
18753,2069,2026-05-11,Completed,Mobile,East
18754,2521,2025-03-28,Completed,Web,East
18755,30,2024-10-25,Completed,Web,South
18756,2345,2025-04-07,Completed,Partner,West
18757,2217,2025-09-05,Completed,Partner,West
18758,380,2026-06-08,Completed,Web,South
18759,795,2026-04-23,Completed,Web,West
18760,392,2026-06-30,Completed,Partner,East
18761,1326,2024-04-01,Cancelled,Mobile,West
18762,287,2026-05-12,Completed,Partner,East
18763,1501,2025-10-31,Completed,Partner,North
18764,872,2025-10-23,Completed,Web,West
18765,2569,2026-05-18,Pending,Mobile,South
18766,485,2024-02-21,Completed,Partner,East
18767,952,2024-07-25,Completed,Mobile,South
18768,2542,2024-11-12,Pending,Mobile,South
18769,309,2026-06-06,Cancelled,Mobile,South
18770,1052,2026-07-27,Completed,Web,North
18771,1275,2024-06-03,Completed,Mobile,North
18772,1959,2024-10-02,Completed,Mobile,East
18773,1097,2026-06-18,Completed,Partner,West
18774,1943,2024-05-01,Completed,Mobile,East
18775,2789,2024-02-20,Completed,Partner,East
18776,393,2024-02-07,Completed,Mobile,West
18777,727,2026-04-13,Completed,Web,North
18778,1978,2025-12-29,Completed,Web,East
18779,2316,2026-02-20,Completed,Partner,East
18780,2011,2026-01-25,Completed,Partner,North
18781,1638,2024-02-13,Completed,Web,South
18782,523,2026-03-05,Pending,Partner,West
18783,2301,2024-08-13,Completed,Web,West
18784,35,2024-04-21,Completed,Mobile,West
18785,425,2024-03-10,Completed,Web,South
18786,1642,2024-08-29,Completed,Web,West
18787,1161,2025-05-13,Completed,Partner,South
18788,1610,2025-06-03,Completed,Web,West
18789,1255,2025-06-08,Completed,Partner,North
18790,1524,2025-04-15,Completed,Web,South
18791,2620,2024-03-03,Completed,Partner,South
18792,1213,2024-05-12,Cancelled,Web,North
18793,1003,2024-01-02,Completed,Web,West
18794,1410,2025-05-16,Pending,Partner,North
18795,515,2024-11-11,Completed,Mobile,North
18796,77,2026-07-11,Completed,Mobile,North
18797,1403,2024-10-15,Completed,Web,East
18798,2811,2026-01-29,Completed,Partner,South
18799,988,2026-06-25,Completed,Partner,North
18800,1183,2024-11-11,Completed,Web,West
18801,1226,2025-06-08,Completed,Partner,North
18802,1712,2024-12-05,Completed,Mobile,East
18803,1117,2025-12-05,Completed,Mobile,East
18804,1324,2024-08-05,Completed,Partner,North
18805,2114,2025-10-02,Completed,Web,South
18806,761,2025-02-16,Completed,Web,North
18807,2044,2025-01-23,Completed,Mobile,East
18808,679,2024-11-12,Completed,Mobile,East
18809,2431,2025-11-07,Completed,Mobile,West
18810,2564,2024-10-25,Completed,Mobile,West
18811,1585,2026-07-18,Completed,Mobile,South
18812,2301,2025-05-23,Completed,Mobile,West
18813,808,2024-01-02,Completed,Web,North
18814,2718,2025-01-11,Pending,Partner,North
18815,2561,2025-06-15,Completed,Mobile,South
18816,2489,2024-09-05,Cancelled,Mobile,North
18817,199,2025-12-31,Cancelled,Partner,East
18818,2127,2024-03-15,Completed,Partner,North
18819,513,2024-05-20,Completed,Mobile,East
18820,1574,2024-02-12,Completed,Mobile,East
18821,2236,2024-05-02,Completed,Partner,West
18822,1208,2025-10-04,Completed,Web,West
18823,1853,2025-08-08,Completed,Partner,West
18824,1197,2024-06-23,Completed,Web,South
18825,1821,2026-07-16,Completed,Mobile,North
18826,1174,2026-05-20,Completed,Partner,West
18827,2384,2026-02-10,Completed,Partner,East
18828,1355,2025-07-14,Completed,Web,North
18829,2251,2025-01-30,Completed,Partner,South
18830,310,2026-04-30,Completed,Web,North
18831,2518,2024-06-02,Completed,Mobile,South
18832,2084,2024-10-26,Completed,Mobile,North
18833,132,2025-05-17,Completed,Partner,North
18834,2088,2025-09-19,Completed,Partner,South
18835,1715,2026-05-09,Completed,Mobile,South
18836,1072,2025-08-11,Completed,Web,South
18837,767,2025-03-02,Completed,Mobile,South
18838,2915,2024-09-26,Pending,Web,East
18839,1664,2025-08-11,Completed,Mobile,East
18840,2091,2026-07-14,Completed,Partner,East
18841,1851,2025-10-08,Completed,Mobile,East
18842,489,2024-11-16,Completed,Partner,West
18843,682,2024-01-20,Completed,Mobile,South
18844,2429,2026-03-26,Completed,Web,West
18845,755,2024-01-06,Cancelled,Partner,West
18846,2090,2025-12-23,Completed,Partner,South
18847,504,2024-05-07,Completed,Mobile,South
18848,1511,2025-03-07,Completed,Partner,West
18849,209,2026-04-20,Completed,Mobile,North
18850,2700,2025-10-12,Completed,Web,West
18851,2978,2024-03-17,Completed,Web,East
18852,2938,2024-07-05,Completed,Web,North
18853,1272,2026-08-14,Pending,Mobile,South
18854,141,2024-08-01,Completed,Partner,South
18855,589,2024-01-17,Cancelled,Mobile,West
18856,755,2025-11-23,Completed,Web,West
18857,703,2025-07-20,Completed,Mobile,South
18858,1542,2026-07-25,Completed,Web,East
18859,1920,2026-08-13,Completed,Partner,West
18860,2364,2025-08-07,Completed,Mobile,West
18861,329,2025-03-10,Completed,Web,West
18862,2952,2025-04-05,Completed,Web,West
18863,2008,2026-07-19,Completed,Web,East
18864,492,2025-10-22,Completed,Partner,North
18865,189,2025-06-01,Completed,Mobile,North
18866,678,2025-01-07,Completed,Mobile,North
18867,44,2024-08-19,Completed,Partner,East
18868,431,2026-08-27,Completed,Mobile,North
18869,2431,2024-11-12,Completed,Mobile,West
18870,1609,2024-06-18,Completed,Web,East
18871,701,2025-07-03,Completed,Mobile,West
18872,1161,2025-07-06,Cancelled,Partner,South
18873,1811,2025-02-18,Completed,Partner,East
18874,1040,2025-09-25,Completed,Web,East
18875,896,2024-05-19,Completed,Web,East
18876,738,2026-01-05,Completed,Partner,East
18877,497,2024-12-25,Completed,Mobile,West
18878,1847,2025-02-14,Completed,Web,East
18879,1889,2024-11-10,Completed,Partner,West
18880,680,2024-03-20,Cancelled,Mobile,South
18881,2553,2025-09-24,Completed,Web,East
18882,1226,2024-04-17,Completed,Web,North
18883,1680,2024-06-28,Completed,Partner,West
18884,156,2024-05-27,Completed,Web,North
18885,1745,2024-05-13,Completed,Partner,West
18886,343,2026-01-25,Completed,Mobile,East
18887,2346,2025-02-03,Completed,Partner,South
18888,1100,2026-08-25,Completed,Web,South
18889,2758,2025-06-14,Completed,Web,West
18890,1274,2024-04-02,Pending,Mobile,East
18891,2778,2024-04-05,Completed,Web,East
18892,1531,2025-09-12,Completed,Web,East
18893,1177,2025-04-14,Completed,Web,West
18894,2342,2024-02-18,Completed,Mobile,South
18895,1660,2024-06-02,Completed,Mobile,West
18896,1721,2024-12-19,Completed,Mobile,South
18897,1433,2024-10-04,Completed,Mobile,North
18898,134,2026-03-05,Pending,Mobile,East
18899,1861,2026-08-18,Pending,Mobile,South
18900,711,2026-07-15,Completed,Web,East
18901,2044,2024-01-03,Completed,Mobile,East
18902,1156,2024-11-28,Pending,Web,East
18903,632,2025-01-29,Completed,Web,East
18904,139,2025-10-04,Completed,Mobile,East
18905,876,2024-10-14,Completed,Web,East
18906,2425,2026-04-25,Completed,Partner,South
18907,1802,2024-02-10,Pending,Partner,North
18908,2579,2024-12-04,Completed,Partner,West
18909,2396,2024-01-15,Completed,Web,East
18910,1187,2026-01-16,Completed,Mobile,North
18911,1859,2025-09-01,Cancelled,Mobile,South
18912,2430,2024-01-25,Completed,Partner,East
18913,2381,2025-12-07,Pending,Partner,North
18914,603,2024-03-04,Cancelled,Partner,East
18915,1630,2024-02-07,Completed,Partner,East
18916,1817,2025-10-02,Completed,Mobile,East
18917,2245,2024-04-21,Completed,Mobile,North
18918,1103,2024-01-04,Pending,Mobile,West
18919,405,2025-08-31,Completed,Partner,East
18920,321,2025-06-11,Completed,Mobile,South
18921,1565,2026-02-28,Completed,Mobile,North
18922,1067,2026-02-08,Completed,Web,West
18923,2829,2024-02-20,Completed,Mobile,South
18924,2905,2026-04-19,Completed,Partner,East
18925,2789,2026-01-17,Completed,Mobile,East
18926,2325,2024-02-13,Completed,Mobile,East
18927,1904,2026-04-12,Completed,Partner,South
18928,2729,2025-04-02,Completed,Mobile,South
18929,1595,2024-07-12,Completed,Mobile,South
18930,1748,2025-05-14,Completed,Web,North
18931,1976,2026-08-07,Completed,Mobile,South
18932,1743,2024-03-25,Completed,Mobile,North
18933,2208,2024-10-16,Cancelled,Web,East
18934,1452,2025-12-29,Cancelled,Mobile,West
18935,349,2024-05-02,Completed,Partner,East
18936,2141,2024-12-03,Completed,Mobile,South
18937,1330,2025-10-06,Completed,Mobile,West
18938,628,2025-10-27,Pending,Partner,South
18939,560,2025-07-25,Completed,Partner,North
18940,2880,2024-06-02,Completed,Web,South
18941,1007,2026-03-05,Completed,Web,West
18942,1948,2024-12-22,Completed,Mobile,South
18943,2381,2025-09-14,Completed,Partner,North
18944,2453,2025-11-07,Completed,Mobile,North
18945,393,2026-05-25,Completed,Web,West
18946,2712,2024-07-16,Completed,Partner,South
18947,2968,2025-10-09,Completed,Mobile,West
18948,146,2024-04-14,Pending,Partner,South
18949,1137,2024-05-04,Completed,Mobile,East
18950,1805,2025-02-23,Cancelled,Mobile,South
18951,392,2024-03-18,Completed,Partner,East
18952,2280,2024-05-30,Completed,Partner,East
18953,2050,2025-10-11,Completed,Partner,South
18954,598,2025-08-03,Completed,Web,West
18955,2828,2025-12-03,Completed,Partner,North
18956,2679,2026-02-13,Completed,Partner,North
18957,1734,2025-01-26,Completed,Web,West
18958,2282,2026-06-25,Completed,Partner,North
18959,2332,2026-02-12,Completed,Partner,South
18960,825,2025-02-22,Completed,Mobile,South
18961,1046,2024-10-14,Completed,Mobile,North
18962,2331,2026-07-14,Completed,Mobile,West
18963,2527,2025-03-01,Completed,Mobile,North
18964,1403,2025-09-03,Completed,Partner,East
18965,327,2026-05-29,Completed,Partner,South
18966,411,2025-05-06,Completed,Web,East
18967,938,2026-04-05,Completed,Web,West
18968,1430,2025-03-19,Completed,Partner,East
18969,286,2024-02-04,Completed,Partner,East
18970,755,2024-04-28,Completed,Mobile,West
18971,725,2024-11-13,Completed,Partner,North
18972,35,2026-07-01,Completed,Partner,West
18973,1226,2025-04-13,Pending,Partner,North
18974,2382,2025-02-23,Completed,Web,North
18975,63,2024-05-22,Completed,Web,South
18976,2630,2024-08-18,Completed,Partner,West
18977,2873,2026-06-05,Completed,Web,South
18978,888,2024-07-25,Completed,Mobile,South
18979,2582,2025-09-25,Completed,Mobile,South
18980,16,2025-09-09,Pending,Partner,North
18981,1476,2024-08-30,Completed,Mobile,North
18982,382,2026-03-08,Completed,Mobile,South
18983,2691,2025-05-25,Completed,Web,North
18984,625,2025-06-28,Pending,Web,South
18985,2256,2025-04-17,Completed,Web,South
18986,1656,2025-11-13,Cancelled,Partner,North
18987,2633,2024-09-22,Completed,Partner,South
18988,424,2025-11-10,Cancelled,Partner,East
18989,178,2025-05-07,Completed,Partner,South
18990,595,2025-06-12,Cancelled,Web,East
18991,2247,2025-01-13,Completed,Web,South
18992,1429,2024-05-18,Completed,Partner,South
18993,891,2025-08-13,Completed,Mobile,North
18994,471,2026-06-17,Cancelled,Web,South
18995,1064,2024-04-18,Completed,Mobile,East
18996,780,2025-06-10,Completed,Web,North
18997,936,2025-06-16,Completed,Web,South
18998,1152,2025-10-25,Completed,Web,North
18999,1045,2025-06-18,Completed,Partner,West
19000,2736,2026-01-22,Completed,Partner,West
19001,5,2025-06-14,Completed,Web,North
19002,799,2024-03-28,Completed,Mobile,East
19003,785,2024-09-06,Completed,Web,East
19004,1257,2026-03-20,Completed,Web,East
19005,607,2024-09-30,Completed,Partner,East
19006,1474,2024-04-30,Completed,Web,West
19007,1063,2024-02-06,Completed,Web,North
19008,1677,2025-07-23,Cancelled,Partner,North
19009,1801,2024-06-14,Completed,Partner,North
19010,709,2026-04-24,Completed,Partner,North
19011,1907,2024-10-27,Completed,Partner,West
19012,2269,2024-06-17,Completed,Partner,East
19013,2912,2025-10-25,Completed,Web,West
19014,1066,2026-05-29,Cancelled,Partner,West
19015,2252,2026-08-13,Completed,Partner,North
19016,684,2026-07-10,Completed,Web,East
19017,649,2024-02-04,Completed,Mobile,North
19018,779,2024-07-30,Completed,Partner,East
19019,841,2024-09-09,Completed,Web,North
19020,2158,2024-09-09,Completed,Mobile,West
19021,816,2026-07-29,Pending,Partner,South
19022,684,2024-10-02,Completed,Mobile,East
19023,2907,2025-04-07,Completed,Mobile,South
19024,1748,2024-08-22,Completed,Partner,North
19025,1695,2025-04-16,Completed,Partner,South
19026,1514,2026-04-23,Completed,Web,West
19027,479,2024-02-29,Completed,Web,South
19028,1908,2024-01-08,Completed,Mobile,South
19029,1458,2025-03-22,Completed,Web,North
19030,2071,2024-09-06,Cancelled,Partner,North
19031,409,2024-09-21,Completed,Web,East
19032,375,2024-07-24,Pending,Web,West
19033,485,2024-01-13,Completed,Web,East
19034,2219,2025-10-04,Completed,Mobile,North
19035,1986,2026-01-26,Completed,Partner,South
19036,2314,2024-12-20,Completed,Partner,West
19037,1248,2025-03-12,Cancelled,Partner,East
19038,735,2026-08-24,Completed,Partner,South
19039,887,2025-11-02,Completed,Mobile,South
19040,2503,2025-11-01,Cancelled,Partner,North
19041,2562,2025-04-29,Completed,Partner,West
19042,763,2026-07-08,Cancelled,Web,East
19043,2682,2026-05-03,Completed,Mobile,South
19044,956,2024-05-26,Completed,Partner,South
19045,1228,2024-12-14,Completed,Mobile,West
19046,2345,2026-08-06,Cancelled,Mobile,West
19047,1282,2024-01-25,Cancelled,Partner,West
19048,1644,2025-05-18,Completed,Web,North
19049,1276,2024-09-19,Completed,Partner,West
19050,2191,2026-04-23,Completed,Partner,East
19051,328,2025-11-28,Completed,Partner,East
19052,1596,2025-12-22,Completed,Mobile,South
19053,1792,2024-09-10,Cancelled,Web,South
19054,1976,2024-10-12,Completed,Mobile,South
19055,1210,2026-08-16,Completed,Mobile,North
19056,1728,2024-02-20,Completed,Partner,East
19057,600,2026-05-08,Completed,Web,North
19058,1858,2026-05-11,Completed,Partner,West
19059,942,2024-10-24,Completed,Web,South
19060,452,2026-05-11,Pending,Mobile,South
19061,2349,2026-05-12,Cancelled,Web,South
19062,1540,2024-07-04,Cancelled,Web,South
19063,1642,2026-01-01,Completed,Mobile,West
19064,1542,2026-03-10,Completed,Mobile,East
19065,1015,2026-03-26,Completed,Mobile,West
19066,306,2026-08-05,Completed,Web,South
19067,121,2026-03-23,Completed,Partner,North
19068,2771,2024-04-03,Completed,Mobile,South
19069,151,2025-07-26,Completed,Web,East
19070,1827,2025-10-12,Completed,Web,East
19071,689,2024-09-27,Completed,Partner,West
19072,1241,2025-04-26,Completed,Web,West
19073,1936,2024-09-21,Completed,Partner,West
19074,921,2025-06-12,Completed,Web,North
19075,1273,2025-01-07,Pending,Partner,North
19076,2689,2025-05-10,Completed,Web,South
19077,402,2025-11-06,Completed,Web,East
19078,979,2026-05-03,Completed,Partner,East
19079,2776,2025-08-10,Completed,Web,South
19080,1639,2025-01-27,Completed,Partner,West
19081,777,2025-08-26,Completed,Web,South
19082,703,2026-04-10,Completed,Web,South
19083,2757,2025-12-11,Completed,Partner,South
19084,2467,2025-07-12,Completed,Mobile,North
19085,828,2024-08-21,Completed,Web,North
19086,1260,2026-07-23,Pending,Partner,West
19087,1340,2026-03-07,Completed,Partner,South
19088,20,2025-10-30,Completed,Partner,East
19089,1426,2025-02-07,Completed,Partner,North
19090,2106,2026-07-13,Completed,Web,North
19091,2155,2026-01-23,Completed,Web,North
19092,1522,2024-07-08,Completed,Mobile,East
19093,2095,2025-09-17,Completed,Mobile,North
19094,511,2026-03-21,Completed,Partner,West
19095,1865,2024-06-02,Completed,Mobile,East
19096,1575,2025-08-10,Completed,Web,East
19097,1045,2024-01-20,Completed,Web,West
19098,1200,2026-03-22,Completed,Mobile,North
19099,282,2024-04-25,Cancelled,Web,West
19100,383,2025-03-24,Completed,Partner,West
19101,2636,2024-06-01,Completed,Web,East
19102,1830,2025-06-25,Completed,Partner,North
19103,27,2025-04-21,Completed,Web,West
19104,691,2024-07-13,Completed,Mobile,West
19105,246,2025-12-14,Completed,Partner,East
19106,2248,2024-02-01,Completed,Mobile,North
19107,2977,2025-04-09,Completed,Mobile,North
19108,1163,2024-04-25,Completed,Partner,South
19109,1487,2024-03-26,Completed,Partner,West
19110,2033,2025-08-11,Completed,Web,South
19111,1152,2025-07-14,Pending,Mobile,North
19112,2251,2025-06-28,Completed,Mobile,South
19113,270,2026-05-26,Completed,Mobile,East
19114,67,2024-01-01,Completed,Mobile,East
19115,1946,2024-11-22,Completed,Web,North
19116,200,2026-08-18,Completed,Mobile,East
19117,470,2026-01-17,Completed,Web,West
19118,315,2025-10-14,Completed,Web,North
19119,2204,2025-07-19,Pending,Mobile,South
19120,2249,2025-02-20,Completed,Mobile,North
19121,1110,2024-03-08,Completed,Web,South
19122,2575,2025-09-22,Pending,Web,North
19123,2086,2026-03-17,Completed,Mobile,East
19124,2393,2026-03-25,Cancelled,Partner,East
19125,2376,2026-03-20,Completed,Mobile,North
19126,875,2024-06-30,Completed,Web,South
19127,1088,2025-04-16,Completed,Web,West
19128,1604,2026-02-04,Completed,Web,West
19129,2736,2025-01-15,Completed,Web,West
19130,2672,2025-02-14,Completed,Mobile,West
19131,469,2024-03-17,Completed,Partner,West
19132,565,2026-01-19,Completed,Mobile,South
19133,1559,2026-03-18,Completed,Partner,South
19134,2542,2024-11-03,Completed,Partner,South
19135,1182,2024-02-15,Completed,Web,South
19136,2409,2024-09-10,Completed,Mobile,East
19137,2806,2025-04-23,Cancelled,Mobile,South
19138,1387,2025-12-06,Completed,Web,North
19139,2665,2024-03-27,Completed,Web,South
19140,2209,2025-11-24,Completed,Mobile,East
19141,437,2026-02-10,Completed,Web,West
19142,723,2025-10-08,Cancelled,Web,East
19143,193,2026-07-04,Pending,Web,East
19144,2090,2026-03-22,Completed,Mobile,South
19145,519,2026-04-14,Completed,Web,South
19146,2790,2026-07-15,Completed,Web,West
19147,803,2024-09-18,Completed,Mobile,South
19148,2971,2025-11-30,Completed,Mobile,West
19149,2011,2024-01-02,Cancelled,Web,North
19150,2322,2025-07-07,Completed,Mobile,West
19151,2503,2026-04-29,Completed,Partner,North
19152,1954,2024-07-28,Cancelled,Mobile,East
19153,2474,2025-02-14,Completed,Mobile,South
19154,937,2024-01-14,Completed,Partner,North
19155,109,2026-01-08,Completed,Mobile,West
19156,2387,2025-05-26,Completed,Web,West
19157,1269,2024-07-19,Completed,Partner,South
19158,1267,2025-08-01,Completed,Mobile,East
19159,1751,2026-07-07,Pending,Mobile,West
19160,1206,2026-08-10,Completed,Mobile,South
19161,1707,2026-03-04,Completed,Web,West
19162,2532,2025-09-01,Completed,Web,North
19163,1903,2025-02-18,Completed,Mobile,South
19164,957,2026-04-03,Completed,Partner,South
19165,534,2024-07-26,Completed,Web,East
19166,2035,2025-04-19,Cancelled,Partner,South
19167,1189,2026-06-19,Completed,Mobile,East
19168,129,2024-09-04,Completed,Mobile,South
19169,2126,2026-08-24,Completed,Partner,West
19170,2933,2024-03-21,Completed,Web,South
19171,1154,2024-06-12,Completed,Web,East
19172,764,2025-12-28,Completed,Mobile,South
19173,699,2024-12-04,Completed,Mobile,East
19174,810,2024-10-14,Completed,Web,East
19175,1279,2025-09-13,Cancelled,Mobile,North
19176,177,2024-09-28,Completed,Web,South
19177,564,2026-03-04,Completed,Web,East
19178,2441,2024-11-01,Completed,Partner,North
19179,2024,2024-04-20,Completed,Web,East
19180,66,2024-03-09,Pending,Mobile,South
19181,1625,2024-09-01,Completed,Partner,North
19182,1068,2025-02-19,Completed,Partner,South
19183,1461,2025-07-03,Completed,Mobile,South
19184,1025,2025-03-23,Completed,Web,South
19185,2575,2024-06-27,Completed,Web,North
19186,1186,2026-08-01,Completed,Partner,West
19187,1381,2025-07-21,Completed,Mobile,South
19188,1689,2024-08-21,Completed,Web,East
19189,2640,2025-07-09,Completed,Partner,South
19190,1275,2025-01-02,Completed,Web,North
19191,1326,2025-07-10,Completed,Partner,West
19192,2460,2024-09-30,Completed,Web,South
19193,1090,2025-05-27,Completed,Mobile,East
19194,1614,2024-12-26,Pending,Partner,South
19195,2929,2025-11-07,Completed,Web,West
19196,979,2025-01-23,Completed,Partner,East
19197,2484,2026-06-18,Completed,Mobile,North
19198,1678,2025-03-20,Completed,Mobile,West
19199,1265,2024-08-24,Completed,Web,East
19200,1330,2025-06-03,Completed,Partner,West
19201,797,2026-03-21,Completed,Partner,East
19202,1202,2025-03-11,Completed,Partner,East
19203,152,2026-04-15,Completed,Mobile,East
19204,2981,2025-07-14,Completed,Mobile,South
19205,1514,2024-01-05,Completed,Mobile,West
19206,2335,2026-07-30,Completed,Partner,South
19207,668,2025-11-07,Completed,Web,North
19208,1847,2025-03-18,Completed,Web,East
19209,2363,2024-08-11,Completed,Web,South
19210,427,2026-01-09,Cancelled,Partner,East
19211,337,2025-04-12,Completed,Web,East
19212,1530,2026-07-13,Completed,Partner,South
19213,2372,2025-01-22,Completed,Mobile,South
19214,1875,2024-08-01,Completed,Mobile,East
19215,2819,2025-11-20,Completed,Mobile,South
19216,1454,2024-01-07,Completed,Mobile,West
19217,909,2025-09-09,Pending,Mobile,South
19218,1587,2026-06-19,Completed,Partner,West
19219,2947,2025-02-14,Completed,Web,West
19220,1190,2025-04-02,Completed,Web,East
19221,2503,2026-01-20,Completed,Web,North
19222,1827,2025-11-05,Completed,Web,East
19223,2135,2025-07-31,Completed,Partner,North
19224,517,2024-04-05,Pending,Mobile,East
19225,928,2026-05-03,Completed,Partner,South
19226,1518,2024-02-28,Completed,Web,East
19227,2732,2026-07-31,Completed,Partner,East
19228,1964,2025-04-25,Completed,Web,East
19229,852,2024-03-05,Pending,Partner,West
19230,790,2026-08-09,Completed,Partner,East
19231,1629,2026-08-06,Completed,Partner,North
19232,2773,2024-12-25,Completed,Partner,West
19233,2724,2026-07-03,Completed,Partner,South
19234,2018,2025-08-11,Completed,Web,South
19235,2633,2024-04-08,Completed,Partner,South
19236,1891,2024-08-24,Completed,Partner,East
19237,514,2024-08-21,Completed,Web,West
19238,1295,2024-05-20,Cancelled,Mobile,North
19239,1035,2024-05-01,Completed,Partner,North
19240,1074,2025-10-01,Completed,Web,South
19241,2826,2025-04-04,Pending,Mobile,West
19242,305,2024-06-19,Completed,Partner,South
19243,1174,2024-08-03,Completed,Mobile,West
19244,2514,2024-07-13,Completed,Mobile,North
19245,1615,2026-02-01,Completed,Mobile,North
19246,1784,2024-12-30,Completed,Mobile,South
19247,646,2025-05-13,Completed,Mobile,South
19248,1670,2024-04-16,Completed,Partner,South
19249,1098,2026-02-17,Completed,Partner,North
19250,2699,2024-08-06,Completed,Mobile,East
19251,528,2024-06-26,Completed,Mobile,South
19252,2611,2025-09-10,Completed,Web,South
19253,110,2025-11-10,Completed,Partner,South
19254,2547,2024-07-19,Completed,Web,South
19255,651,2025-09-05,Completed,Partner,North
19256,267,2025-06-06,Completed,Web,South
19257,1175,2025-02-01,Completed,Mobile,South
19258,2679,2024-09-03,Completed,Web,North
19259,2146,2025-03-14,Cancelled,Partner,North
19260,2100,2024-11-30,Completed,Web,South
19261,1233,2025-11-28,Completed,Web,West
19262,2692,2025-04-29,Completed,Mobile,South
19263,1797,2024-11-21,Completed,Mobile,West
19264,2432,2026-05-15,Completed,Web,South
19265,185,2025-08-12,Completed,Partner,North
19266,1689,2024-05-30,Completed,Partner,East
19267,2761,2025-08-28,Completed,Web,West
19268,1740,2026-04-18,Completed,Web,West
19269,168,2024-10-08,Completed,Mobile,South
19270,1352,2024-08-18,Completed,Mobile,West
19271,609,2026-08-17,Completed,Partner,North
19272,2293,2024-06-19,Pending,Partner,North
19273,2934,2026-05-04,Completed,Mobile,West
19274,1627,2026-08-24,Completed,Web,South
19275,2828,2025-11-27,Completed,Mobile,North
19276,285,2025-10-19,Completed,Web,South
19277,1177,2026-06-02,Completed,Mobile,West
19278,1262,2025-04-23,Completed,Web,East
19279,2591,2025-03-01,Completed,Mobile,North
19280,1362,2026-04-30,Cancelled,Mobile,East
19281,2626,2024-10-31,Completed,Partner,South
19282,28,2025-11-21,Completed,Mobile,East
19283,2702,2024-04-26,Completed,Mobile,North
19284,1790,2026-07-01,Cancelled,Web,East
19285,2910,2024-03-24,Completed,Web,North
19286,1526,2025-09-20,Completed,Partner,North
19287,2813,2024-07-12,Cancelled,Partner,West
19288,1858,2024-10-25,Completed,Web,West
19289,1686,2025-07-17,Completed,Partner,West
19290,1473,2024-06-19,Completed,Mobile,North
19291,2957,2025-03-02,Completed,Web,East
19292,2664,2024-11-02,Completed,Web,West
19293,2320,2026-02-03,Completed,Mobile,South
19294,2425,2024-03-21,Completed,Web,South
19295,2695,2024-07-10,Completed,Mobile,South
19296,1974,2024-03-31,Completed,Web,East
19297,1538,2024-06-02,Completed,Mobile,South
19298,1178,2025-02-02,Completed,Mobile,North
19299,1693,2024-08-25,Completed,Mobile,North
19300,1162,2024-11-26,Completed,Partner,East
19301,2168,2025-12-18,Completed,Web,North
19302,810,2024-01-24,Completed,Partner,East
19303,1337,2025-05-06,Completed,Web,North
19304,1914,2026-06-03,Completed,Web,South
19305,1959,2024-08-14,Completed,Partner,East
19306,573,2024-12-15,Completed,Partner,South
19307,907,2024-09-23,Completed,Web,South
19308,1408,2025-08-11,Completed,Mobile,North
19309,2051,2024-03-29,Pending,Web,South
19310,2056,2024-08-02,Completed,Partner,North
19311,2876,2025-12-19,Completed,Mobile,South
19312,2605,2024-10-05,Completed,Web,South
19313,305,2025-06-13,Completed,Partner,South
19314,2355,2025-06-23,Completed,Web,West
19315,2505,2024-09-21,Cancelled,Web,North
19316,2301,2025-11-19,Cancelled,Mobile,West
19317,275,2024-02-04,Completed,Partner,West
19318,2114,2024-12-01,Cancelled,Partner,South
19319,2215,2025-08-18,Pending,Mobile,West
19320,2131,2025-06-25,Completed,Partner,North
19321,2738,2026-06-08,Cancelled,Web,West
19322,1541,2024-01-30,Completed,Mobile,West
19323,1600,2024-06-19,Completed,Partner,East
19324,2714,2024-04-02,Completed,Mobile,North
19325,158,2024-01-22,Completed,Mobile,East
19326,242,2024-11-01,Completed,Web,East
19327,234,2025-06-05,Completed,Mobile,North
19328,1845,2025-07-07,Completed,Web,West
19329,2512,2025-12-08,Completed,Partner,West
19330,2641,2024-06-29,Completed,Partner,West
19331,1258,2024-02-02,Completed,Web,South
19332,1689,2026-07-26,Completed,Web,East
19333,325,2025-04-18,Completed,Web,South
19334,492,2026-08-10,Completed,Web,North
19335,2838,2026-04-14,Completed,Web,South
19336,2871,2025-01-29,Completed,Partner,East
19337,1307,2024-04-07,Cancelled,Partner,North
19338,1291,2026-08-07,Completed,Web,North
19339,2521,2025-11-22,Completed,Mobile,East
19340,1791,2025-10-18,Completed,Web,North
19341,2406,2024-10-06,Completed,Mobile,East
19342,390,2026-06-30,Completed,Mobile,East
19343,915,2026-03-08,Completed,Mobile,East
19344,612,2026-06-20,Completed,Web,North
19345,2786,2025-10-31,Completed,Web,West
19346,2321,2025-02-28,Completed,Partner,West
19347,2785,2026-06-17,Completed,Partner,East
19348,2149,2026-05-20,Completed,Web,West
19349,149,2024-04-25,Completed,Mobile,West
19350,1474,2025-09-02,Completed,Partner,West
19351,1079,2024-04-01,Completed,Web,North
19352,1774,2026-03-21,Completed,Mobile,South
19353,1441,2025-02-03,Completed,Mobile,South
19354,7,2026-06-13,Cancelled,Partner,North
19355,385,2024-05-18,Completed,Partner,South
19356,2897,2024-01-08,Completed,Partner,East
19357,432,2024-10-26,Pending,Partner,West
19358,1064,2025-07-22,Completed,Web,East
19359,2537,2026-01-24,Completed,Mobile,West
19360,2216,2025-02-28,Completed,Mobile,East
19361,1785,2024-12-15,Completed,Web,North
19362,2186,2026-05-15,Completed,Mobile,East
19363,837,2024-09-10,Completed,Mobile,East
19364,2989,2024-07-08,Completed,Partner,South
19365,2612,2026-05-07,Completed,Mobile,East
19366,1843,2025-10-24,Completed,Web,West
19367,2493,2026-03-10,Completed,Web,West
19368,2347,2024-03-06,Completed,Partner,South
19369,1654,2025-04-19,Completed,Web,West
19370,2560,2024-09-30,Completed,Web,East
19371,367,2026-04-13,Completed,Partner,South
19372,2992,2024-12-23,Completed,Partner,East
19373,2867,2026-07-22,Completed,Mobile,East
19374,1044,2026-02-06,Completed,Partner,East
19375,1333,2026-01-05,Completed,Partner,North
19376,15,2024-11-24,Completed,Web,West
19377,928,2026-04-22,Cancelled,Partner,South
19378,542,2025-08-04,Cancelled,Mobile,East
19379,1214,2024-08-26,Completed,Mobile,North
19380,459,2024-01-14,Pending,Web,South
19381,635,2024-02-25,Completed,Mobile,South
19382,2419,2025-01-01,Completed,Web,North
19383,120,2025-01-21,Completed,Mobile,South
19384,820,2025-11-05,Completed,Mobile,East
19385,2096,2024-01-09,Completed,Partner,West
19386,2991,2025-02-03,Completed,Web,West
19387,1967,2025-02-05,Completed,Mobile,North
19388,1564,2025-06-13,Completed,Partner,South
19389,2170,2025-09-28,Completed,Mobile,South
19390,2951,2025-01-27,Completed,Partner,South
19391,1564,2024-08-16,Completed,Partner,South
19392,2105,2024-02-13,Completed,Web,North
19393,632,2024-07-05,Completed,Web,East
19394,1748,2024-01-20,Completed,Mobile,North
19395,831,2025-01-27,Completed,Partner,West
19396,1225,2024-12-15,Completed,Mobile,North
19397,1782,2025-10-17,Completed,Partner,South
19398,2719,2026-01-07,Completed,Partner,North
19399,1976,2025-05-17,Completed,Partner,South
19400,2182,2026-02-11,Completed,Partner,South
19401,2475,2026-01-08,Pending,Mobile,East
19402,762,2025-12-07,Completed,Web,South
19403,2495,2025-01-10,Completed,Web,West
19404,1960,2024-08-03,Completed,Web,East
19405,762,2024-02-24,Completed,Web,South
19406,1167,2025-03-02,Completed,Partner,North
19407,2904,2026-02-28,Completed,Partner,East
19408,1226,2025-05-04,Completed,Partner,North
19409,2137,2025-09-08,Completed,Partner,West
19410,2288,2024-04-30,Completed,Web,North
19411,2702,2025-12-22,Completed,Web,North
19412,384,2025-05-25,Completed,Mobile,South
19413,1920,2025-09-18,Completed,Web,West
19414,521,2026-01-12,Completed,Partner,East
19415,2092,2026-08-07,Completed,Partner,South
19416,1234,2026-08-22,Completed,Mobile,East
19417,1696,2025-09-15,Completed,Web,North
19418,1373,2024-02-12,Completed,Mobile,North
19419,1136,2024-12-12,Completed,Partner,South
19420,2012,2026-05-01,Completed,Mobile,North
19421,2139,2026-07-29,Completed,Mobile,East
19422,2313,2025-08-16,Completed,Web,West
19423,1088,2024-04-26,Completed,Web,West
19424,574,2026-07-20,Completed,Partner,West
19425,1464,2024-07-15,Pending,Mobile,North
19426,29,2025-02-19,Completed,Mobile,West
19427,1120,2024-08-06,Completed,Partner,North
19428,421,2024-04-21,Completed,Partner,East
19429,24,2026-06-03,Completed,Mobile,North
19430,1543,2025-05-19,Completed,Partner,East
19431,359,2026-08-18,Cancelled,Partner,South
19432,825,2024-10-28,Completed,Web,South
19433,1072,2026-04-14,Completed,Mobile,South
19434,1492,2025-02-12,Completed,Mobile,East
19435,2807,2025-09-17,Completed,Web,South
19436,2212,2024-08-20,Completed,Web,South
19437,2749,2025-07-05,Completed,Partner,West
19438,1656,2025-02-27,Completed,Web,North
19439,2657,2024-02-25,Completed,Web,East
19440,164,2024-07-30,Completed,Web,South
19441,844,2025-10-06,Completed,Partner,North
19442,2362,2025-08-27,Pending,Web,South
19443,2786,2024-12-16,Completed,Partner,West
19444,2894,2024-11-02,Completed,Web,North
19445,2985,2024-04-16,Completed,Mobile,South
19446,2178,2024-10-04,Completed,Mobile,East
19447,999,2024-03-23,Completed,Partner,East
19448,1265,2024-03-18,Completed,Mobile,East
19449,627,2024-01-15,Completed,Mobile,West
19450,2513,2024-04-17,Completed,Mobile,South
19451,2377,2025-05-06,Cancelled,Web,North
19452,2795,2025-07-17,Completed,Partner,North
19453,2979,2025-08-11,Completed,Mobile,West
19454,1427,2024-12-25,Completed,Web,North
19455,2574,2026-05-10,Completed,Mobile,South
19456,2568,2026-01-02,Cancelled,Web,North
19457,943,2025-09-28,Pending,Web,South
19458,971,2026-04-10,Completed,Web,East
19459,729,2026-05-22,Completed,Web,North
19460,40,2024-09-20,Completed,Partner,South
19461,78,2025-07-28,Completed,Web,South
19462,303,2024-07-18,Cancelled,Web,North
19463,1893,2025-11-16,Completed,Partner,East
19464,2006,2025-05-13,Completed,Mobile,South
19465,2388,2024-06-23,Completed,Web,South
19466,1366,2024-06-01,Completed,Mobile,South
19467,2008,2024-03-08,Completed,Web,East
19468,2989,2026-02-16,Completed,Web,South
19469,1263,2025-04-05,Completed,Partner,North
19470,748,2026-08-17,Completed,Partner,West
19471,2306,2024-02-17,Completed,Mobile,West
19472,1681,2024-01-28,Completed,Mobile,North
19473,1728,2024-03-25,Completed,Web,East
19474,89,2025-01-10,Pending,Mobile,East
19475,1999,2024-12-23,Completed,Web,West
19476,2502,2024-08-30,Completed,Web,East
19477,609,2026-07-08,Completed,Partner,North
19478,2080,2024-09-25,Completed,Web,South
19479,1553,2024-11-30,Pending,Mobile,North
19480,2114,2024-02-05,Completed,Mobile,South
19481,2326,2025-03-21,Completed,Web,East
19482,786,2024-06-28,Completed,Web,North
19483,249,2025-12-31,Completed,Mobile,East
19484,262,2024-08-05,Completed,Web,East
19485,439,2026-04-05,Completed,Web,North
19486,628,2025-05-25,Completed,Mobile,South
19487,193,2026-06-14,Completed,Partner,East
19488,2418,2025-08-15,Completed,Partner,North
19489,138,2025-11-03,Completed,Web,East
19490,1057,2025-10-29,Completed,Partner,South
19491,638,2026-07-10,Completed,Web,South
19492,1132,2024-12-06,Completed,Partner,West
19493,141,2025-06-26,Completed,Partner,South
19494,926,2025-01-04,Completed,Mobile,South
19495,1094,2025-07-30,Completed,Partner,North
19496,1491,2024-01-13,Completed,Web,North
19497,1864,2025-02-05,Completed,Web,North
19498,2570,2025-11-25,Completed,Mobile,North
19499,2503,2025-07-03,Completed,Partner,North
19500,436,2026-03-30,Completed,Partner,North
19501,2104,2026-05-18,Cancelled,Web,South
19502,1811,2026-02-18,Completed,Mobile,East
19503,1773,2024-06-23,Completed,Partner,West
19504,1812,2024-03-14,Completed,Mobile,East
19505,1572,2025-03-14,Completed,Mobile,North
19506,2389,2026-07-03,Completed,Web,South
19507,379,2026-06-05,Completed,Partner,North
19508,854,2025-11-25,Completed,Partner,East
19509,1293,2024-11-19,Completed,Partner,North
19510,388,2024-09-18,Completed,Partner,West
19511,2080,2024-12-29,Completed,Partner,South
19512,1460,2024-09-20,Completed,Web,East
19513,610,2025-02-26,Completed,Web,North
19514,370,2026-06-28,Completed,Partner,East
19515,1781,2024-12-07,Pending,Web,East
19516,2983,2024-12-28,Completed,Mobile,West
19517,2379,2024-09-08,Completed,Partner,South
19518,1924,2024-07-28,Completed,Web,East
19519,2358,2024-03-15,Completed,Mobile,West
19520,1525,2025-10-31,Completed,Mobile,South
19521,2397,2025-02-22,Completed,Partner,West
19522,1260,2025-03-03,Completed,Web,West
19523,955,2026-07-09,Completed,Mobile,South
19524,1980,2026-01-11,Completed,Mobile,South
19525,1469,2024-08-01,Completed,Partner,East
19526,359,2026-08-17,Cancelled,Partner,South
19527,2092,2024-03-26,Completed,Partner,South
19528,934,2025-01-09,Pending,Mobile,North
19529,2712,2026-05-25,Completed,Mobile,South
19530,1337,2026-01-14,Completed,Partner,North
19531,1465,2024-08-19,Pending,Web,South
19532,1287,2024-04-16,Completed,Partner,North
19533,205,2024-12-05,Completed,Web,East
19534,2545,2024-10-08,Completed,Partner,South
19535,614,2024-01-21,Completed,Web,East
19536,2930,2024-11-16,Completed,Web,East
19537,1553,2025-05-05,Completed,Mobile,North
19538,668,2026-05-15,Completed,Web,North
19539,282,2024-07-04,Completed,Web,West
19540,1293,2026-03-15,Completed,Mobile,North
19541,208,2024-04-22,Completed,Partner,West
19542,712,2025-11-26,Completed,Mobile,East
19543,2171,2026-03-21,Completed,Mobile,South
19544,2637,2025-03-19,Completed,Partner,North
19545,816,2026-08-25,Completed,Partner,South
19546,727,2026-04-18,Completed,Partner,North
19547,1375,2026-03-26,Completed,Web,South
19548,2486,2025-05-08,Completed,Partner,South
19549,2153,2025-06-20,Completed,Mobile,North
19550,2602,2024-05-27,Completed,Web,East
19551,1083,2026-02-27,Completed,Web,West
19552,194,2025-03-01,Completed,Partner,West
19553,964,2024-03-10,Completed,Mobile,West
19554,2375,2024-08-18,Completed,Mobile,South
19555,1254,2024-10-02,Completed,Web,North
19556,161,2026-03-19,Completed,Mobile,West
19557,2703,2025-08-11,Pending,Web,West
19558,2222,2026-03-10,Completed,Web,South
19559,25,2024-10-19,Completed,Partner,East
19560,2114,2024-06-21,Pending,Partner,South
19561,1572,2025-06-24,Completed,Mobile,North
19562,948,2025-08-11,Completed,Web,North
19563,2247,2026-05-17,Completed,Partner,South
19564,807,2024-12-21,Completed,Partner,North
19565,1761,2024-04-27,Completed,Web,North
19566,1513,2024-08-04,Completed,Web,North
19567,520,2026-06-22,Completed,Web,East
19568,2323,2025-04-13,Completed,Mobile,North
19569,476,2025-10-07,Completed,Partner,West
19570,1345,2026-08-11,Completed,Web,West
19571,2251,2026-01-24,Completed,Partner,South
19572,76,2025-07-20,Cancelled,Mobile,West
19573,1809,2025-07-19,Completed,Web,South
19574,1111,2026-04-27,Completed,Web,East
19575,2617,2025-01-11,Cancelled,Mobile,West
19576,2468,2025-04-13,Completed,Web,East
19577,1981,2026-04-10,Completed,Mobile,West
19578,1382,2025-12-31,Completed,Partner,South
19579,376,2026-07-25,Completed,Partner,West
19580,115,2025-09-14,Completed,Web,East
19581,1420,2025-07-12,Completed,Mobile,West
19582,1673,2025-08-13,Completed,Web,South
19583,2274,2026-04-20,Completed,Mobile,South
19584,2798,2026-06-10,Completed,Web,South
19585,2530,2024-11-30,Completed,Partner,East
19586,1744,2025-12-19,Completed,Mobile,North
19587,1173,2026-07-13,Completed,Mobile,East
19588,1092,2025-04-30,Completed,Web,West
19589,607,2025-06-09,Completed,Partner,East
19590,481,2024-05-09,Completed,Mobile,West
19591,34,2025-04-04,Completed,Mobile,North
19592,1137,2024-02-19,Completed,Web,East
19593,297,2025-08-29,Completed,Mobile,North
19594,1482,2024-06-29,Completed,Partner,East
19595,506,2024-07-11,Pending,Mobile,West
19596,1079,2024-06-22,Completed,Web,North
19597,1031,2025-07-31,Cancelled,Partner,West
19598,2542,2024-09-16,Completed,Web,South
19599,1350,2026-05-27,Completed,Partner,South
19600,1025,2024-05-14,Completed,Web,South
19601,294,2024-06-11,Completed,Web,North
19602,1882,2025-10-12,Completed,Mobile,East
19603,127,2025-01-13,Completed,Mobile,West
19604,163,2024-07-25,Completed,Partner,East
19605,2475,2026-03-23,Completed,Web,East
19606,1018,2025-06-08,Completed,Partner,East
19607,610,2025-12-18,Completed,Partner,North
19608,2054,2024-06-15,Cancelled,Partner,East
19609,2687,2026-03-29,Completed,Partner,South
19610,1731,2024-03-26,Completed,Web,East
19611,2302,2025-03-16,Cancelled,Web,North
19612,2662,2024-07-25,Completed,Web,North
19613,1121,2024-03-11,Cancelled,Web,North
19614,2376,2024-08-09,Completed,Partner,North
19615,974,2026-07-10,Completed,Web,North
19616,2024,2025-04-01,Completed,Web,East
19617,2406,2024-07-15,Pending,Mobile,East
19618,2893,2026-04-26,Completed,Web,South
19619,2395,2024-12-07,Completed,Web,South
19620,2753,2025-05-09,Completed,Web,South
19621,691,2026-07-24,Completed,Mobile,West
19622,2035,2026-07-01,Completed,Web,South
19623,1825,2026-05-12,Completed,Web,West
19624,2259,2024-12-20,Completed,Web,South
19625,2524,2024-03-10,Completed,Partner,South
19626,544,2024-05-16,Completed,Web,West
19627,47,2026-05-24,Completed,Mobile,East
19628,564,2024-06-09,Completed,Web,East
19629,1002,2024-10-15,Completed,Partner,East
19630,2973,2024-08-31,Completed,Mobile,West
19631,304,2024-08-15,Completed,Partner,East
19632,67,2024-10-19,Completed,Web,East
19633,328,2025-03-18,Completed,Partner,East
19634,1285,2024-02-24,Completed,Partner,South
19635,1367,2025-02-09,Completed,Partner,North
19636,1531,2024-05-25,Completed,Partner,East
19637,496,2024-02-10,Completed,Mobile,North
19638,2481,2026-08-16,Completed,Web,South
19639,372,2024-02-23,Completed,Mobile,West
19640,221,2025-05-27,Completed,Partner,North
19641,1026,2024-03-19,Completed,Web,East
19642,1095,2024-06-18,Completed,Mobile,South
19643,1173,2024-08-03,Completed,Web,East
19644,898,2025-03-30,Completed,Partner,South
19645,2405,2024-08-05,Completed,Partner,North
19646,1677,2024-11-30,Completed,Mobile,North
19647,2047,2024-11-29,Completed,Partner,North
19648,2420,2025-12-18,Completed,Mobile,North
19649,2260,2026-05-02,Completed,Web,South
19650,1092,2025-01-05,Completed,Mobile,West
19651,219,2024-07-22,Completed,Partner,North
19652,641,2025-06-11,Completed,Mobile,West
19653,1387,2024-10-22,Completed,Partner,North
19654,2768,2024-11-26,Pending,Mobile,East
19655,2792,2026-03-26,Completed,Mobile,West
19656,494,2026-03-04,Completed,Web,South
19657,1491,2025-06-28,Cancelled,Web,North
19658,2651,2026-06-17,Completed,Web,West
19659,2429,2025-02-12,Completed,Partner,West
19660,2620,2024-08-28,Completed,Web,South
19661,399,2026-01-04,Completed,Web,South
19662,1629,2025-07-10,Completed,Web,North
19663,1296,2025-10-14,Completed,Mobile,South
19664,1388,2024-03-23,Completed,Mobile,East
19665,1259,2025-09-29,Completed,Partner,East
19666,657,2025-10-04,Completed,Web,West
19667,1431,2025-05-18,Completed,Mobile,West
19668,967,2024-06-09,Completed,Partner,East
19669,813,2024-05-02,Completed,Mobile,South
19670,1448,2024-08-14,Pending,Partner,East
19671,2221,2024-03-18,Completed,Web,South
19672,2628,2025-11-14,Completed,Partner,North
19673,2507,2026-06-17,Completed,Partner,West
19674,2730,2025-01-22,Cancelled,Web,North
19675,270,2024-12-16,Completed,Partner,East
19676,1314,2025-09-12,Cancelled,Partner,West
19677,2281,2025-07-23,Completed,Partner,South
19678,823,2025-04-29,Completed,Mobile,West
19679,1636,2024-09-03,Cancelled,Partner,South
19680,1041,2025-08-09,Cancelled,Mobile,South
19681,420,2024-08-17,Completed,Partner,East
19682,2312,2026-02-21,Completed,Partner,South
19683,189,2026-02-05,Completed,Mobile,North
19684,574,2024-10-20,Completed,Web,West
19685,2958,2024-03-14,Completed,Partner,West
19686,2551,2025-07-20,Pending,Mobile,West
19687,2749,2025-09-06,Completed,Web,West
19688,777,2025-11-22,Completed,Web,South
19689,1353,2026-05-30,Completed,Web,South
19690,865,2024-04-13,Completed,Partner,East
19691,1753,2025-04-13,Completed,Web,West
19692,2682,2026-01-12,Pending,Partner,South
19693,2847,2025-01-02,Completed,Mobile,North
19694,1219,2024-08-31,Completed,Partner,South
19695,2578,2024-01-25,Completed,Partner,West
19696,1863,2025-10-27,Completed,Partner,North
19697,1043,2026-07-03,Completed,Mobile,East
19698,2175,2025-04-02,Completed,Web,West
19699,916,2024-07-14,Completed,Partner,East
19700,698,2026-08-10,Completed,Mobile,East
19701,1953,2024-06-07,Completed,Mobile,North
19702,2152,2026-06-11,Completed,Mobile,South
19703,343,2025-05-17,Completed,Partner,East
19704,7,2025-01-10,Completed,Mobile,North
19705,1327,2026-03-27,Completed,Web,North
19706,1844,2024-11-04,Completed,Mobile,South
19707,1634,2026-05-03,Completed,Mobile,South
19708,65,2026-02-04,Completed,Web,North
19709,2826,2024-10-03,Completed,Partner,West
19710,2359,2026-02-01,Completed,Mobile,South
19711,1927,2024-01-26,Cancelled,Partner,North
19712,754,2025-02-07,Completed,Web,East
19713,1874,2026-07-05,Completed,Mobile,South
19714,2085,2026-02-13,Completed,Web,West
19715,1604,2025-06-17,Pending,Partner,West
19716,2604,2024-08-14,Completed,Web,North
19717,550,2024-04-19,Completed,Web,North
19718,221,2024-03-23,Completed,Mobile,North
19719,694,2026-08-21,Completed,Partner,South
19720,539,2026-07-26,Cancelled,Mobile,West
19721,229,2025-03-02,Cancelled,Web,West
19722,1840,2024-02-11,Completed,Partner,North
19723,1774,2024-03-17,Cancelled,Web,South
19724,257,2026-06-18,Completed,Web,South
19725,1727,2024-03-08,Completed,Web,West
19726,2667,2026-05-25,Completed,Mobile,East
19727,2907,2025-05-04,Completed,Mobile,South
19728,1348,2025-07-11,Completed,Mobile,East
19729,132,2025-03-06,Completed,Web,North
19730,915,2026-01-28,Completed,Web,East
19731,572,2026-02-02,Completed,Partner,West
19732,2531,2024-10-18,Completed,Mobile,North
19733,2582,2025-05-22,Completed,Web,South
19734,948,2026-01-28,Completed,Partner,North
19735,411,2026-03-27,Completed,Mobile,East
19736,2676,2024-08-21,Completed,Web,North
19737,1277,2024-03-17,Completed,Partner,South
19738,2895,2024-12-21,Completed,Mobile,North
19739,1319,2025-05-02,Completed,Mobile,West
19740,2413,2025-09-30,Completed,Partner,West
19741,1394,2025-07-06,Completed,Mobile,West
19742,66,2024-01-11,Completed,Web,South
19743,2405,2026-06-26,Completed,Web,North
19744,2458,2026-03-20,Completed,Web,North
19745,1885,2026-02-26,Completed,Mobile,West
19746,744,2024-02-27,Completed,Mobile,West
19747,1452,2026-08-05,Completed,Web,West
19748,2933,2025-03-12,Completed,Mobile,South
19749,2289,2024-03-20,Completed,Partner,North
19750,2404,2025-07-31,Completed,Web,North
19751,1719,2025-02-08,Completed,Mobile,North
19752,2110,2025-08-24,Completed,Web,North
19753,161,2024-08-15,Completed,Partner,West
19754,1735,2024-09-26,Completed,Web,West
19755,1827,2025-09-05,Completed,Partner,East
19756,2556,2025-08-23,Completed,Mobile,West
19757,2071,2024-01-18,Completed,Web,North
19758,2663,2024-12-07,Completed,Partner,East
19759,2027,2024-05-12,Completed,Web,West
19760,269,2026-04-22,Completed,Web,North
19761,1794,2026-03-28,Completed,Partner,East
19762,2553,2026-02-10,Completed,Web,East
19763,1640,2025-05-09,Completed,Partner,West
19764,768,2025-12-19,Cancelled,Mobile,South
19765,2687,2024-12-14,Completed,Mobile,South
19766,2539,2025-06-02,Completed,Mobile,North
19767,2595,2026-05-04,Completed,Web,North
19768,1170,2024-02-02,Cancelled,Mobile,West
19769,1954,2026-05-15,Completed,Web,East
19770,12,2026-08-20,Completed,Web,West
19771,1017,2025-01-24,Completed,Mobile,North
19772,1910,2024-02-29,Cancelled,Web,North
19773,1676,2024-01-20,Completed,Mobile,West
19774,1473,2025-11-23,Completed,Web,North
19775,1301,2024-10-28,Completed,Partner,North
19776,1755,2025-02-18,Completed,Web,West
19777,1444,2025-10-29,Completed,Web,South
19778,598,2026-01-30,Completed,Mobile,West
19779,2031,2024-10-05,Completed,Web,East
19780,1878,2025-10-25,Completed,Mobile,East
19781,995,2025-08-10,Completed,Mobile,South
19782,1798,2024-01-30,Completed,Web,North
19783,426,2025-07-10,Completed,Partner,East
19784,523,2024-10-30,Cancelled,Web,West
19785,414,2026-01-24,Completed,Web,South
19786,1099,2025-07-10,Completed,Partner,South
19787,2557,2024-10-21,Completed,Mobile,West
19788,1032,2025-02-24,Completed,Mobile,West
19789,1,2026-02-18,Completed,Partner,South
19790,1233,2026-05-12,Completed,Web,West
19791,1503,2024-07-23,Completed,Web,North
19792,365,2025-01-16,Completed,Web,South
19793,1171,2025-02-15,Completed,Web,South
19794,155,2025-11-07,Completed,Mobile,East
19795,2929,2024-12-16,Completed,Mobile,West
19796,499,2025-10-16,Completed,Web,West
19797,1419,2025-12-27,Pending,Mobile,North
19798,1342,2024-07-10,Completed,Partner,North
19799,676,2025-08-26,Completed,Partner,South
19800,362,2024-03-28,Cancelled,Partner,East
19801,1726,2026-06-28,Completed,Partner,East
19802,465,2026-06-27,Completed,Web,West
19803,2202,2024-08-04,Completed,Partner,West
19804,1406,2025-02-23,Completed,Web,South
19805,1337,2024-01-23,Completed,Partner,North
19806,850,2025-04-19,Completed,Mobile,East
19807,1692,2024-11-16,Completed,Web,North
19808,1974,2026-05-04,Completed,Partner,East
19809,1397,2024-04-03,Completed,Partner,South
19810,865,2024-07-04,Completed,Mobile,East
19811,491,2024-03-27,Completed,Web,North
19812,377,2026-01-19,Completed,Web,South
19813,2998,2024-03-11,Completed,Mobile,South
19814,2790,2024-09-03,Completed,Partner,West
19815,1726,2025-05-13,Completed,Mobile,East
19816,1701,2026-03-18,Completed,Mobile,North
19817,2699,2026-06-08,Completed,Partner,East
19818,2847,2024-12-23,Completed,Mobile,North
19819,2255,2024-11-22,Completed,Mobile,North
19820,1967,2024-10-19,Completed,Partner,North
19821,1003,2026-04-20,Cancelled,Mobile,West
19822,81,2025-11-22,Cancelled,Mobile,West
19823,753,2025-03-10,Completed,Mobile,West
19824,1134,2024-09-15,Completed,Mobile,South
19825,24,2024-07-15,Completed,Web,North
19826,227,2025-11-29,Completed,Web,North
19827,1716,2024-01-21,Cancelled,Partner,South
19828,2687,2025-07-04,Completed,Web,South
19829,1262,2025-01-15,Completed,Partner,East
19830,1720,2024-02-19,Completed,Web,East
19831,1541,2025-04-24,Completed,Web,West
19832,1647,2024-12-12,Pending,Web,East
19833,1068,2025-06-10,Completed,Partner,South
19834,2348,2024-08-16,Completed,Web,East
19835,259,2024-05-16,Cancelled,Partner,East
19836,2463,2026-05-01,Completed,Partner,South
19837,2184,2024-01-16,Completed,Web,East
19838,2392,2024-05-24,Completed,Partner,North
19839,2469,2024-05-15,Completed,Web,East
19840,1566,2025-10-01,Completed,Mobile,West
19841,1420,2024-04-15,Completed,Mobile,West
19842,838,2025-05-30,Cancelled,Mobile,East
19843,1243,2026-08-21,Completed,Partner,West
19844,1917,2025-09-19,Completed,Mobile,South
19845,366,2025-02-05,Completed,Web,East
19846,2845,2024-12-21,Completed,Partner,West
19847,2272,2026-02-17,Completed,Partner,West
19848,761,2026-05-20,Completed,Mobile,North
19849,2994,2024-11-21,Completed,Partner,North
19850,616,2026-04-30,Completed,Mobile,North
19851,372,2026-04-22,Completed,Partner,West
19852,2044,2025-03-01,Completed,Web,East
19853,2773,2026-06-19,Completed,Web,West
19854,2265,2024-01-24,Completed,Mobile,East
19855,953,2025-09-01,Completed,Web,West
19856,2416,2025-01-12,Completed,Web,North
19857,1169,2026-02-10,Completed,Partner,West
19858,1591,2024-08-02,Completed,Web,South
19859,1635,2026-02-07,Completed,Partner,South
19860,654,2026-05-03,Completed,Mobile,West
19861,201,2025-07-15,Completed,Partner,West
19862,314,2025-08-09,Cancelled,Mobile,South
19863,2044,2024-07-21,Completed,Partner,East
19864,1165,2024-10-22,Completed,Partner,East
19865,173,2024-10-08,Completed,Mobile,South
19866,2354,2024-05-25,Completed,Web,West
19867,1623,2025-09-15,Cancelled,Partner,East
19868,2538,2026-07-14,Completed,Web,North
19869,1089,2025-08-05,Completed,Mobile,North
19870,286,2025-12-03,Cancelled,Mobile,East
19871,1444,2024-08-12,Completed,Web,South
19872,2485,2025-05-15,Completed,Mobile,East
19873,711,2024-06-03,Completed,Partner,East
19874,153,2025-10-28,Completed,Partner,East
19875,899,2026-02-14,Completed,Web,West
19876,2703,2024-04-29,Completed,Mobile,West
19877,1168,2024-03-31,Completed,Partner,North
19878,1613,2024-10-24,Completed,Partner,South
19879,2455,2024-07-24,Completed,Partner,South
19880,1377,2026-03-15,Completed,Web,West
19881,1731,2024-03-26,Cancelled,Partner,East
19882,424,2025-08-13,Completed,Partner,East
19883,2737,2024-12-11,Pending,Partner,North
19884,1581,2025-10-19,Pending,Mobile,West
19885,169,2025-12-13,Completed,Web,West
19886,459,2024-04-04,Cancelled,Partner,South
19887,684,2025-08-05,Completed,Partner,East
19888,2809,2024-01-21,Cancelled,Web,North
19889,2597,2025-09-09,Completed,Partner,South
19890,2976,2025-10-25,Completed,Mobile,South
19891,522,2025-07-07,Completed,Web,East
19892,2848,2025-12-06,Pending,Partner,South
19893,1633,2025-12-12,Completed,Web,East
19894,882,2024-08-21,Completed,Mobile,South
19895,1053,2025-10-06,Completed,Web,South
19896,1039,2025-09-09,Completed,Web,West
19897,1197,2024-10-26,Completed,Web,South
19898,81,2025-05-18,Completed,Web,West
19899,1576,2026-07-13,Completed,Web,North
19900,563,2026-02-23,Completed,Web,North
19901,1846,2026-01-08,Completed,Mobile,East
19902,592,2026-05-18,Completed,Mobile,West
19903,1215,2024-12-23,Completed,Partner,West
19904,1284,2024-04-16,Cancelled,Partner,North
19905,176,2024-08-18,Completed,Partner,West
19906,2295,2024-05-29,Completed,Mobile,West
19907,1556,2024-01-07,Completed,Mobile,East
19908,1113,2026-01-15,Completed,Mobile,North
19909,1728,2025-03-29,Completed,Mobile,East
19910,2223,2024-03-29,Completed,Web,East
19911,2652,2025-06-09,Completed,Web,South
19912,596,2025-05-24,Completed,Web,West
19913,2795,2024-09-08,Completed,Partner,North
19914,175,2025-03-02,Cancelled,Mobile,West
19915,2180,2026-05-27,Completed,Mobile,North
19916,2985,2025-09-30,Cancelled,Mobile,South
19917,344,2025-01-04,Cancelled,Partner,East
19918,1222,2026-06-12,Completed,Mobile,East
19919,642,2025-06-25,Completed,Web,South
19920,2727,2025-06-09,Completed,Partner,South
19921,1439,2026-03-09,Completed,Mobile,North
19922,2097,2025-05-12,Completed,Partner,North
19923,1160,2025-03-28,Cancelled,Web,North
19924,1333,2024-01-21,Completed,Mobile,North
19925,902,2024-08-31,Completed,Mobile,East
19926,301,2025-12-26,Completed,Partner,West
19927,1315,2024-09-28,Completed,Partner,East
19928,254,2026-07-26,Pending,Partner,East
19929,2235,2026-02-19,Completed,Partner,East
19930,1455,2024-11-12,Completed,Mobile,West
19931,1358,2026-05-29,Completed,Mobile,North
19932,708,2026-04-17,Pending,Web,North
19933,1689,2024-11-01,Completed,Web,East
19934,2772,2025-09-09,Cancelled,Mobile,South
19935,201,2024-07-15,Completed,Mobile,West
19936,521,2025-12-29,Pending,Partner,East
19937,1608,2026-04-19,Completed,Web,West
19938,2880,2024-03-13,Completed,Web,South
19939,1163,2024-11-01,Completed,Mobile,South
19940,1716,2026-04-08,Cancelled,Partner,South
19941,2783,2025-03-13,Completed,Web,West
19942,62,2025-09-09,Cancelled,Partner,North
19943,2617,2025-04-03,Completed,Web,West
19944,525,2024-03-30,Completed,Partner,South
19945,659,2025-06-28,Completed,Partner,South
19946,1215,2024-06-16,Completed,Partner,West
19947,201,2025-11-11,Cancelled,Partner,West
19948,1467,2024-02-03,Completed,Web,East
19949,878,2024-12-17,Pending,Partner,West
19950,2022,2024-12-24,Completed,Mobile,West
19951,2406,2024-10-08,Completed,Mobile,East
19952,782,2025-12-01,Completed,Web,South
19953,1942,2026-04-14,Completed,Mobile,South
19954,1102,2026-02-27,Completed,Web,North
19955,144,2024-05-26,Cancelled,Web,West
19956,1485,2024-02-08,Completed,Partner,South
19957,613,2024-09-18,Completed,Web,South
19958,2362,2024-01-19,Completed,Mobile,South
19959,190,2026-01-09,Completed,Mobile,West
19960,1122,2024-08-15,Completed,Partner,South
19961,2023,2025-12-19,Completed,Mobile,West
19962,2077,2024-09-29,Completed,Web,South
19963,10,2025-12-21,Completed,Web,South
19964,1647,2026-05-15,Completed,Web,East
19965,776,2024-03-31,Completed,Partner,East
19966,1851,2025-08-10,Completed,Partner,East
19967,778,2024-06-08,Completed,Partner,South
19968,1697,2024-06-04,Completed,Partner,East
19969,977,2025-03-12,Cancelled,Partner,East
19970,1793,2024-06-25,Completed,Web,North
19971,695,2026-06-01,Completed,Mobile,South
19972,1233,2026-01-15,Completed,Partner,West
19973,519,2025-06-08,Completed,Mobile,South
19974,20,2025-12-03,Completed,Mobile,East
19975,2021,2024-11-30,Completed,Partner,South
19976,2649,2025-01-15,Completed,Web,West
19977,1308,2026-04-22,Completed,Mobile,South
19978,1647,2026-07-26,Completed,Mobile,East
19979,1332,2026-03-24,Completed,Web,West
19980,1318,2024-12-08,Pending,Partner,West
19981,2208,2026-04-16,Completed,Mobile,East
19982,2794,2024-01-07,Completed,Web,East
19983,1865,2026-05-24,Completed,Mobile,East
19984,48,2024-08-21,Completed,Web,South
19985,1850,2026-01-16,Completed,Mobile,East
19986,1039,2024-01-21,Completed,Mobile,West
19987,1105,2025-03-17,Completed,Partner,North
19988,2730,2025-07-19,Completed,Mobile,North
19989,2313,2024-09-21,Completed,Mobile,West
19990,2214,2026-06-02,Completed,Mobile,West
19991,1608,2024-08-10,Completed,Web,West
19992,684,2024-11-01,Pending,Partner,East
19993,2083,2025-11-02,Completed,Partner,East
19994,788,2025-09-15,Completed,Partner,North
19995,1640,2026-05-14,Completed,Web,West
19996,2486,2026-06-09,Completed,Web,South
19997,1690,2026-06-06,Completed,Mobile,East
19998,854,2024-01-27,Cancelled,Partner,East
19999,1112,2026-01-04,Cancelled,Mobile,North
20000,54,2026-07-12,Pending,Mobile,East
