payment_id,order_id,payment_date,amount,method,status
1,1,2024-02-05,2325.06,Bank,Paid
2,2,2026-07-20,2125.01,Wallet,Paid
3,3,2024-06-12,2582.72,Card,Paid
4,4,2026-01-31,3976.82,Card,Paid
5,5,2025-11-12,2776.07,Bank,Pending
6,6,2026-05-04,284.33,Card,Paid
7,7,2026-04-06,245.57,Card,Paid
8,8,2024-04-02,6118.2,UPI,Paid
9,9,2026-04-10,7213.04,Bank,Pending
10,10,2025-03-27,2087.13,UPI,Paid
11,11,2025-03-06,703.1,Bank,Paid
12,12,2026-08-17,2294.53,UPI,Paid
13,13,2026-05-16,1177.68,Wallet,Failed
14,14,2025-01-06,1262.24,Wallet,Failed
15,15,2025-06-11,5357.95,Wallet,Pending
16,16,2024-05-07,2378.16,Wallet,Paid
17,17,2026-07-04,222.01,Bank,Paid
18,18,2026-05-03,4703.15,Wallet,Paid
19,19,2025-05-20,3685.85,Card,Paid
20,20,2026-05-17,5269.66,Bank,Paid
21,21,2024-01-28,7435.33,UPI,Paid
22,22,2024-09-02,469.94,Wallet,Paid
23,23,2024-02-22,578.3,Bank,Paid
24,24,2025-03-13,468.92,Wallet,Paid
25,25,2024-06-18,4023.32,UPI,Paid
26,26,2026-06-26,3087.49,Bank,Paid
27,27,2026-04-28,1936.94,Wallet,Paid
28,28,2026-04-09,2967.57,Bank,Paid
29,29,2025-08-22,2603.12,Bank,Paid
30,30,2024-07-12,4553.19,UPI,Paid
31,31,2025-08-28,6122.36,UPI,Paid
32,32,2024-12-15,2151.93,Wallet,Paid
33,33,2024-12-13,1803.68,UPI,Paid
34,34,2026-03-20,3247.64,Card,Paid
35,35,2025-04-15,1183.72,UPI,Paid
36,36,2025-10-22,1653.27,Bank,Paid
37,37,2026-07-27,899.07,Wallet,Paid
38,38,2025-02-24,1214.83,UPI,Paid
39,39,2025-11-23,5332.32,Wallet,Paid
40,40,2026-08-04,2231.32,UPI,Paid
41,41,2025-11-01,4647.75,UPI,Paid
42,42,2025-09-26,4112.89,Bank,Paid
43,43,2024-05-06,5834.77,Wallet,Paid
44,44,2026-03-19,1324.11,Card,Pending
45,45,2024-05-08,4666.19,Card,Paid
46,46,2025-11-20,2982.23,Bank,Paid
47,47,2025-04-16,2118.02,Bank,Paid
48,48,2025-07-25,1485.52,UPI,Paid
49,49,2024-07-24,4888.85,Wallet,Paid
50,50,2025-07-24,3530.88,Bank,Paid
51,51,2024-04-24,8192.14,Wallet,Paid
52,52,2024-08-13,2833.2,Bank,Pending
53,53,2025-09-04,386.84,Bank,Paid
54,54,2024-03-12,4543.22,Wallet,Paid
55,55,2025-05-24,2861.71,Card,Paid
56,56,2025-05-28,722.07,Bank,Paid
57,57,2026-03-18,757.73,UPI,Paid
58,58,2025-10-01,1767.57,Card,Paid
59,59,2024-08-02,4815.11,Card,Paid
60,60,2026-03-12,971.38,Card,Paid
61,61,2026-01-25,5003.99,Wallet,Paid
62,62,2026-05-30,6058.26,Card,Paid
63,63,2025-01-18,6837.09,Card,Paid
64,64,2025-09-01,2214.75,UPI,Paid
65,65,2024-07-19,3404.43,Bank,Paid
66,66,2026-01-01,786.57,Card,Paid
67,67,2026-03-27,2004.88,Bank,Paid
68,68,2025-12-21,597.1,UPI,Paid
69,69,2025-10-08,3888.06,Bank,Paid
70,70,2024-01-16,1992.32,Card,Paid
71,71,2024-05-06,1816.31,Bank,Paid
72,72,2024-03-16,5963.2,Bank,Paid
73,73,2026-03-27,3463.65,UPI,Failed
74,74,2024-08-16,2965.14,Wallet,Paid
75,75,2026-08-25,835.29,Bank,Paid
76,76,2026-05-18,3868.5,Wallet,Paid
77,77,2025-05-31,1041.54,UPI,Paid
78,78,2025-10-07,4110.3,UPI,Paid
79,79,2024-10-01,2678.72,Bank,Paid
80,80,2026-02-05,212.2,Bank,Paid
81,81,2025-12-12,546.72,Bank,Paid
82,82,2026-04-12,5494.03,Bank,Paid
83,83,2026-06-21,11122.59,UPI,Paid
84,84,2024-03-17,5836.13,Wallet,Paid
85,85,2026-08-02,1594.24,Wallet,Paid
86,86,2025-11-23,6835.5,Bank,Paid
87,87,2025-08-19,383.84,Bank,Pending
88,88,2025-08-24,151.95,Bank,Paid
89,89,2024-06-18,7781.46,Wallet,Paid
90,90,2026-02-10,1944.57,Card,Paid
91,91,2025-10-03,2702.35,Bank,Paid
92,92,2026-04-15,4323.69,Wallet,Paid
93,93,2025-02-12,4300.84,Card,Paid
94,94,2024-05-23,4296.22,Card,Paid
95,95,2025-08-13,4874.62,Card,Paid
96,96,2024-07-25,4390.69,UPI,Paid
97,97,2024-02-29,4920.38,UPI,Paid
98,98,2024-11-01,4664.79,Card,Paid
99,99,2025-03-15,7169.56,UPI,Paid
100,100,2024-07-18,929.82,Card,Paid
101,101,2026-04-16,3331.52,Card,Pending
102,102,2026-07-09,2726.45,UPI,Paid
103,103,2024-12-27,1824.51,UPI,Paid
104,104,2025-11-17,844.11,Card,Pending
105,105,2026-01-04,8604.12,Card,Paid
106,106,2024-01-14,2117.13,Card,Paid
107,107,2025-03-28,3487.13,Wallet,Paid
108,108,2025-07-01,4141.8,Bank,Paid
109,109,2024-06-12,3634.0,Wallet,Paid
110,110,2026-08-15,7016.67,Bank,Paid
111,111,2025-10-20,3514.35,Card,Paid
112,112,2026-01-27,504.07,Bank,Paid
113,113,2026-01-19,1127.88,Wallet,Pending
114,114,2026-04-15,4322.08,UPI,Paid
115,115,2025-06-24,3520.3,Wallet,Paid
116,116,2025-04-12,4433.51,Bank,Paid
117,117,2025-11-12,3224.28,Card,Paid
118,118,2024-10-27,3113.83,Wallet,Paid
119,119,2025-09-10,3994.8,Bank,Paid
120,120,2024-08-18,5057.93,Bank,Paid
121,121,2026-04-20,1884.11,Bank,Paid
122,122,2026-05-31,2976.67,Wallet,Paid
123,123,2024-08-12,1359.13,Card,Pending
124,124,2025-05-01,5822.21,Bank,Paid
125,125,2025-04-19,6937.09,Bank,Paid
126,126,2026-02-10,768.19,Bank,Paid
127,127,2024-12-13,3204.35,Card,Paid
128,128,2025-02-25,3620.34,Bank,Paid
129,129,2025-01-17,1244.95,UPI,Paid
130,130,2024-02-16,1649.12,Bank,Paid
131,131,2024-05-24,296.94,Bank,Paid
132,132,2025-05-20,1199.14,Card,Paid
133,133,2025-10-11,3867.42,UPI,Paid
134,134,2024-05-29,2956.56,Wallet,Paid
135,135,2024-07-09,683.86,UPI,Paid
136,136,2025-10-17,986.1,Bank,Paid
137,137,2025-07-24,3639.14,Wallet,Pending
138,138,2026-01-20,4300.51,Wallet,Paid
139,139,2025-11-20,3183.07,Card,Paid
140,140,2026-04-06,2446.53,Card,Paid
141,141,2025-02-15,4884.15,Wallet,Paid
142,142,2025-12-19,1690.32,UPI,Pending
143,143,2025-06-20,3919.89,UPI,Paid
144,144,2026-04-16,3402.31,UPI,Paid
145,145,2026-01-12,1180.48,Bank,Paid
146,146,2024-05-16,8906.18,Wallet,Paid
147,147,2026-06-27,1725.91,Card,Paid
148,148,2024-03-02,2785.61,Wallet,Paid
149,149,2025-01-24,167.28,Card,Paid
150,150,2025-07-13,3301.13,Bank,Paid
151,151,2025-11-01,1490.15,Wallet,Paid
152,152,2025-04-16,2427.12,Bank,Paid
153,153,2026-04-28,1700.31,UPI,Paid
154,154,2026-07-05,1440.22,Wallet,Failed
155,155,2024-08-30,1323.3,Wallet,Paid
156,156,2026-03-22,2136.15,Wallet,Paid
157,157,2025-07-29,3275.48,Bank,Paid
158,158,2025-10-11,3683.31,UPI,Paid
159,159,2024-07-11,453.11,Wallet,Paid
160,160,2024-10-24,2258.92,Card,Paid
161,161,2024-12-07,1816.87,UPI,Paid
162,162,2025-12-09,1504.34,Bank,Paid
163,163,2025-02-15,908.48,Bank,Paid
164,164,2025-01-26,2583.82,Wallet,Paid
165,165,2024-07-20,4049.34,Bank,Paid
166,166,2025-05-24,4385.0,Card,Paid
167,167,2026-07-31,1440.97,Wallet,Paid
168,168,2025-07-06,4177.31,Bank,Paid
169,169,2026-02-28,2210.92,UPI,Paid
170,170,2025-12-03,6884.19,Card,Paid
171,171,2025-11-15,4414.12,Wallet,Paid
172,172,2025-08-09,11113.45,Card,Paid
173,173,2024-05-05,38.2,Wallet,Paid
174,174,2025-03-14,7453.76,Card,Paid
175,175,2025-08-10,977.01,UPI,Pending
176,176,2025-05-26,4716.85,Bank,Paid
177,177,2025-06-03,1447.48,Wallet,Paid
178,178,2024-04-02,6228.64,Bank,Pending
179,179,2024-10-06,2254.49,UPI,Paid
180,180,2025-12-22,3337.02,Wallet,Paid
181,181,2026-07-18,346.59,Wallet,Paid
182,182,2024-04-14,1129.16,Wallet,Paid
183,183,2025-01-04,2099.85,Wallet,Paid
184,184,2026-06-14,1426.89,Bank,Paid
185,185,2025-09-30,5624.57,Bank,Paid
186,186,2026-03-06,809.82,Bank,Paid
187,187,2024-04-02,1173.51,Bank,Paid
188,188,2024-06-13,2567.53,Card,Paid
189,189,2025-12-17,564.21,Wallet,Paid
190,190,2024-03-02,1475.76,Wallet,Paid
191,191,2025-09-01,617.48,UPI,Paid
192,192,2026-08-09,1768.23,UPI,Paid
193,193,2024-11-18,469.06,Wallet,Paid
194,194,2026-03-02,2867.23,Wallet,Paid
195,195,2025-04-30,1232.32,Bank,Paid
196,196,2024-03-09,1714.85,Wallet,Paid
197,197,2024-09-15,3046.93,Card,Paid
198,198,2025-05-10,4557.98,Card,Paid
199,199,2025-04-24,687.82,Card,Paid
200,200,2024-03-16,5106.79,UPI,Paid
201,201,2025-09-20,422.09,Wallet,Paid
202,202,2025-04-16,3184.8,Wallet,Paid
203,203,2025-02-22,2801.33,UPI,Paid
204,204,2024-11-27,563.78,Card,Paid
205,205,2025-11-24,3504.32,Wallet,Paid
206,206,2024-08-27,5916.27,UPI,Paid
207,207,2024-12-24,1985.51,Wallet,Paid
208,208,2024-06-26,786.05,Wallet,Paid
209,209,2025-07-26,4768.25,Card,Paid
210,210,2025-09-06,2209.51,UPI,Paid
211,211,2025-02-01,561.79,UPI,Paid
212,212,2025-01-08,4291.4,Bank,Paid
213,213,2026-04-14,3905.37,Wallet,Paid
214,214,2025-06-15,2310.27,Bank,Paid
215,215,2026-03-13,3384.43,UPI,Paid
216,216,2025-07-13,5093.56,Card,Paid
217,217,2024-04-18,1875.42,Card,Paid
218,218,2024-03-15,1890.29,UPI,Paid
219,219,2026-03-02,2339.35,Bank,Paid
220,220,2024-11-09,2242.83,Bank,Paid
221,221,2024-11-25,3592.33,Wallet,Paid
222,222,2024-08-15,3341.89,Bank,Paid
223,223,2026-03-23,5082.89,UPI,Paid
224,224,2025-08-05,9189.73,Card,Paid
225,225,2026-04-24,2380.35,Bank,Paid
226,226,2025-03-01,1555.95,Wallet,Paid
227,227,2024-09-21,4678.94,Bank,Paid
228,228,2025-11-01,2267.53,UPI,Paid
229,229,2025-07-13,6746.49,Wallet,Paid
230,230,2024-08-07,743.29,Card,Paid
231,231,2026-04-14,3584.79,Bank,Paid
232,232,2026-03-21,1695.95,Bank,Paid
233,233,2025-07-05,3934.67,UPI,Paid
234,234,2026-02-17,4653.54,Bank,Paid
235,235,2026-04-09,246.61,Wallet,Pending
236,236,2025-05-25,1362.76,Bank,Paid
237,237,2025-08-27,190.75,Bank,Paid
238,238,2024-03-11,2565.7,Card,Paid
239,239,2024-04-20,4091.45,Bank,Paid
240,240,2025-10-31,5834.01,Bank,Paid
241,241,2025-10-04,2854.26,Wallet,Paid
242,242,2025-10-01,5694.03,Card,Paid
243,243,2025-10-10,5909.39,Bank,Paid
244,244,2024-11-08,3329.82,Card,Paid
245,245,2025-12-01,4054.75,Bank,Paid
246,246,2025-09-04,3200.11,UPI,Paid
247,247,2024-01-02,2582.5,Wallet,Failed
248,248,2024-02-17,841.59,UPI,Pending
249,249,2025-08-02,4511.55,UPI,Paid
250,250,2026-04-25,308.92,Wallet,Paid
251,251,2024-03-04,4500.07,Wallet,Paid
252,252,2024-02-10,3312.41,UPI,Paid
253,253,2026-03-23,3322.27,Card,Paid
254,254,2025-07-21,527.67,UPI,Paid
255,255,2025-10-21,3014.78,Wallet,Paid
256,256,2026-01-28,1738.97,Wallet,Paid
257,257,2025-05-12,5274.59,UPI,Paid
258,258,2024-06-12,1914.37,Wallet,Paid
259,259,2025-11-10,805.16,Bank,Paid
260,260,2024-04-01,198.88,Wallet,Paid
261,261,2025-11-10,8001.34,Card,Paid
262,262,2024-11-03,1320.81,Wallet,Paid
263,263,2026-07-16,1726.62,Card,Paid
264,264,2026-04-19,450.81,UPI,Paid
265,265,2024-11-19,5302.1,Bank,Paid
266,266,2024-09-14,3553.99,UPI,Paid
267,267,2024-11-23,4116.26,Wallet,Paid
268,268,2025-12-08,4154.79,Bank,Paid
269,269,2024-01-06,741.16,UPI,Paid
270,270,2024-06-05,3304.38,Wallet,Paid
271,271,2026-08-07,3414.15,Wallet,Paid
272,272,2025-11-23,2951.53,Card,Paid
273,273,2025-08-28,1393.91,Card,Paid
274,274,2025-09-07,2573.75,Wallet,Pending
275,275,2024-01-18,2171.76,Wallet,Paid
276,276,2025-01-30,2229.89,Wallet,Paid
277,277,2025-10-13,1325.18,Card,Paid
278,278,2024-10-19,3400.53,UPI,Paid
279,279,2025-10-23,609.83,Bank,Paid
280,280,2025-03-27,2946.34,Card,Paid
281,281,2024-11-30,3707.16,Wallet,Paid
282,282,2025-10-08,2284.78,Bank,Paid
283,283,2026-03-10,2261.71,Card,Paid
284,284,2025-02-14,3000.39,Wallet,Paid
285,285,2024-01-27,3330.14,UPI,Paid
286,286,2025-03-24,2602.75,Bank,Paid
287,287,2024-12-23,5478.77,UPI,Paid
288,288,2024-12-25,1287.31,Wallet,Paid
289,289,2024-02-28,1932.66,UPI,Paid
290,290,2026-02-22,3425.01,Bank,Paid
291,291,2025-12-03,5700.51,Bank,Paid
292,292,2024-08-28,5682.18,UPI,Paid
293,293,2025-08-30,1320.84,UPI,Failed
294,294,2025-12-22,2637.0,Bank,Paid
295,295,2025-09-26,1192.43,Card,Paid
296,296,2026-07-05,2150.89,UPI,Paid
297,297,2024-03-22,9092.97,Bank,Paid
298,298,2025-10-11,3032.79,Card,Paid
299,299,2026-02-07,2608.49,Wallet,Paid
300,300,2025-08-20,1551.96,UPI,Paid
301,301,2024-03-28,338.68,Bank,Paid
302,302,2026-02-23,6383.48,Bank,Pending
303,303,2024-02-15,6393.43,UPI,Paid
304,304,2026-04-17,872.05,Bank,Paid
305,305,2026-06-08,10400.74,Bank,Paid
306,306,2026-05-04,298.96,Card,Paid
307,307,2026-03-01,2235.44,Card,Paid
308,308,2025-05-19,4022.53,Bank,Paid
309,309,2025-01-09,4929.74,Bank,Paid
310,310,2026-05-08,948.41,Bank,Paid
311,311,2024-10-26,3051.73,UPI,Failed
312,312,2026-01-20,3782.6,Card,Failed
313,313,2024-11-18,3483.49,Bank,Paid
314,314,2025-08-16,4079.34,Bank,Paid
315,315,2025-02-23,1668.6,Bank,Paid
316,316,2024-04-09,1897.82,Card,Paid
317,317,2024-01-15,2853.52,Bank,Paid
318,318,2025-10-18,2575.81,Bank,Paid
319,319,2024-07-21,1798.47,Bank,Paid
320,320,2026-03-05,967.84,Wallet,Paid
321,321,2025-05-10,461.58,Bank,Paid
322,322,2026-01-14,5439.18,Wallet,Paid
323,323,2026-01-04,5328.2,UPI,Paid
324,324,2024-01-17,654.99,Card,Paid
325,325,2025-01-28,3747.33,Card,Paid
326,326,2024-01-11,1835.67,UPI,Paid
327,327,2026-05-30,2332.65,Wallet,Paid
328,328,2024-02-01,4005.53,UPI,Paid
329,329,2025-07-28,1348.65,Bank,Paid
330,330,2025-01-26,1361.22,Bank,Paid
331,331,2024-07-06,371.16,UPI,Paid
332,332,2026-02-02,856.81,Wallet,Paid
333,333,2025-01-18,1951.64,Card,Paid
334,334,2026-05-04,4610.31,Bank,Failed
335,335,2025-04-15,3513.34,Card,Paid
336,336,2025-05-07,6047.68,Card,Paid
337,337,2026-06-22,4320.08,Card,Paid
338,338,2025-12-25,2298.19,UPI,Paid
339,339,2025-01-12,4272.62,Wallet,Paid
340,340,2025-08-05,4105.07,Card,Paid
341,341,2024-05-29,5508.06,Card,Paid
342,342,2024-11-03,2933.27,UPI,Paid
343,343,2025-03-24,644.34,Card,Paid
344,344,2025-03-10,3654.49,Card,Paid
345,345,2024-09-27,2887.36,Card,Paid
346,346,2024-12-23,4314.54,Bank,Paid
347,347,2024-04-06,1071.3,UPI,Paid
348,348,2024-04-19,589.97,Bank,Paid
349,349,2025-01-20,3475.63,Wallet,Paid
350,350,2024-02-15,1211.91,Bank,Paid
351,351,2025-06-17,2467.71,Bank,Paid
352,352,2025-06-23,944.25,UPI,Paid
353,353,2025-07-15,2007.69,UPI,Paid
354,354,2024-10-19,6950.22,Wallet,Paid
355,355,2026-05-04,5921.23,UPI,Failed
356,356,2024-07-27,1635.71,UPI,Paid
357,357,2025-04-16,4499.75,Wallet,Paid
358,358,2025-06-27,2029.81,Bank,Paid
359,359,2025-04-07,2892.36,Wallet,Paid
360,360,2025-09-03,4447.78,Card,Paid
361,361,2026-04-07,284.89,Card,Paid
362,362,2024-09-30,1885.72,Card,Paid
363,363,2024-02-13,857.66,Wallet,Paid
364,364,2025-11-25,1749.18,UPI,Paid
365,365,2026-07-25,994.01,Bank,Pending
366,366,2024-06-04,4725.73,UPI,Paid
367,367,2024-02-17,3321.37,Wallet,Paid
368,368,2026-01-20,2005.8,Wallet,Pending
369,369,2024-08-11,250.6,Bank,Paid
370,370,2025-02-18,2593.99,Card,Paid
371,371,2026-02-08,1266.19,Card,Paid
372,372,2025-07-24,1083.22,Bank,Paid
373,373,2026-08-04,4289.81,Wallet,Paid
374,374,2025-05-09,6010.49,Wallet,Paid
375,375,2024-04-21,3141.34,Bank,Paid
376,376,2024-07-02,5396.01,Wallet,Paid
377,377,2026-05-22,4993.53,Bank,Paid
378,378,2026-06-30,6725.18,UPI,Paid
379,379,2026-03-29,6469.68,Card,Paid
380,380,2025-01-21,4147.57,Bank,Failed
381,381,2024-02-03,4641.74,Wallet,Paid
382,382,2026-06-05,5534.71,Bank,Paid
383,383,2026-03-02,795.76,Bank,Paid
384,384,2026-07-11,2560.95,Card,Paid
385,385,2024-10-05,586.0,Wallet,Failed
386,386,2024-12-12,999.62,Card,Paid
387,387,2025-07-25,1346.4,Card,Paid
388,388,2024-01-03,4941.52,Wallet,Paid
389,389,2025-12-19,1880.06,Bank,Paid
390,390,2025-07-14,3692.22,UPI,Paid
391,391,2026-02-03,8432.0,Bank,Paid
392,392,2026-01-19,498.74,Bank,Paid
393,393,2025-03-12,4833.9,Wallet,Paid
394,394,2024-11-11,2521.57,UPI,Paid
395,395,2025-11-20,3024.87,Card,Paid
396,396,2026-04-22,6559.2,UPI,Paid
397,397,2026-03-18,5134.23,Card,Paid
398,398,2024-05-29,2300.37,Wallet,Paid
399,399,2024-11-08,2468.78,UPI,Paid
400,400,2025-03-31,618.68,Bank,Paid
401,401,2026-04-30,988.51,Card,Paid
402,402,2025-10-16,3044.75,UPI,Paid
403,403,2025-12-20,3915.56,Wallet,Paid
404,404,2026-03-04,5379.04,Bank,Paid
405,405,2024-07-14,3678.14,Card,Paid
406,406,2024-09-23,2425.47,Wallet,Paid
407,407,2024-05-11,2492.33,Card,Paid
408,408,2025-12-19,1214.3,Wallet,Paid
409,409,2024-01-07,1873.39,Wallet,Paid
410,410,2025-09-26,4214.85,Card,Paid
411,411,2025-06-14,2504.16,Bank,Paid
412,412,2025-01-15,1710.46,Bank,Paid
413,413,2025-05-05,3537.6,UPI,Paid
414,414,2026-03-11,3951.54,Card,Paid
415,415,2025-03-18,751.76,Bank,Paid
416,416,2024-06-11,2072.32,Card,Paid
417,417,2024-12-04,3448.46,Wallet,Paid
418,418,2025-07-10,2141.61,Bank,Paid
419,419,2024-05-21,3707.01,Card,Paid
420,420,2024-12-24,198.11,UPI,Paid
421,421,2024-02-11,1961.7,Card,Paid
422,422,2026-03-26,3819.74,UPI,Paid
423,423,2025-01-04,127.51,Wallet,Paid
424,424,2024-09-09,869.13,Card,Paid
425,425,2026-02-26,4265.53,Card,Paid
426,426,2024-09-05,6980.33,Bank,Paid
427,427,2025-06-24,5496.98,Wallet,Paid
428,428,2026-03-04,4954.51,Card,Paid
429,429,2025-11-08,983.31,UPI,Paid
430,430,2026-03-10,4684.43,UPI,Paid
431,431,2025-10-26,1452.0,UPI,Paid
432,432,2024-05-08,273.78,Bank,Paid
433,433,2024-03-17,6322.74,UPI,Paid
434,434,2024-10-16,1502.6,Card,Paid
435,435,2024-03-15,5566.32,Wallet,Paid
436,436,2025-07-18,698.48,Card,Paid
437,437,2026-04-17,1263.0,UPI,Paid
438,438,2026-02-02,377.31,Bank,Paid
439,439,2024-01-03,2551.98,Wallet,Paid
440,440,2026-02-07,4715.9,Wallet,Paid
441,441,2024-10-12,1197.32,UPI,Paid
442,442,2025-02-17,1205.53,Bank,Paid
443,443,2026-06-10,3726.92,Wallet,Paid
444,444,2025-09-11,4155.56,Bank,Paid
445,445,2026-06-07,5741.77,Wallet,Paid
446,446,2024-01-06,5296.36,Wallet,Paid
447,447,2025-07-02,2833.76,Wallet,Paid
448,448,2024-10-06,513.41,Bank,Pending
449,449,2024-12-25,2298.46,Bank,Paid
450,450,2024-09-11,5476.46,Bank,Paid
451,451,2026-06-19,314.39,Wallet,Paid
452,452,2025-08-12,4324.59,Card,Paid
453,453,2026-05-09,3577.18,Wallet,Paid
454,454,2024-02-10,185.38,Wallet,Paid
455,455,2026-04-06,3194.24,Bank,Paid
456,456,2026-07-21,2007.69,Card,Paid
457,457,2025-01-26,972.15,UPI,Paid
458,458,2026-05-31,2594.2,Wallet,Failed
459,459,2024-02-06,1315.81,Card,Paid
460,460,2025-01-08,1387.42,Wallet,Paid
461,461,2026-01-19,1169.47,Bank,Paid
462,462,2024-08-09,3561.11,Wallet,Paid
463,463,2026-02-09,71.1,Wallet,Paid
464,464,2024-09-10,1604.64,Bank,Paid
465,465,2025-12-07,2741.24,Wallet,Paid
466,466,2024-05-06,2750.71,UPI,Paid
467,467,2026-01-17,2033.7,Wallet,Paid
468,468,2025-07-21,4066.42,Card,Pending
469,469,2026-02-20,2869.43,Bank,Paid
470,470,2026-05-26,2692.24,Bank,Paid
471,471,2026-08-22,4881.35,Card,Paid
472,472,2024-10-08,495.52,Bank,Paid
473,473,2024-07-09,1476.78,Wallet,Paid
474,474,2026-08-19,2831.97,Card,Paid
475,475,2024-10-20,3259.66,Wallet,Paid
476,476,2025-01-08,6904.25,Bank,Paid
477,477,2024-10-23,3833.01,UPI,Paid
478,478,2024-12-12,1568.28,UPI,Pending
479,479,2026-03-20,4676.35,UPI,Paid
480,480,2025-05-07,1511.15,Card,Paid
481,481,2024-09-09,94.94,UPI,Paid
482,482,2025-01-17,5153.41,Wallet,Paid
483,483,2025-03-17,6864.18,Wallet,Paid
484,484,2025-08-24,3102.69,Bank,Paid
485,485,2024-07-31,3321.23,UPI,Paid
486,486,2024-04-24,405.85,UPI,Paid
487,487,2025-01-10,1505.94,Bank,Paid
488,488,2025-05-23,3247.16,Card,Paid
489,489,2026-02-06,3080.6,UPI,Paid
490,490,2026-05-03,6063.61,Card,Paid
491,491,2026-06-05,1467.26,Card,Paid
492,492,2025-07-21,1162.45,Wallet,Paid
493,493,2025-04-25,3775.44,Wallet,Paid
494,494,2026-08-06,1126.33,UPI,Paid
495,495,2025-11-16,3010.49,UPI,Paid
496,496,2026-07-24,6176.26,Wallet,Paid
497,497,2025-07-02,1538.48,Wallet,Paid
498,498,2026-06-18,3978.33,Card,Paid
499,499,2024-10-20,442.18,UPI,Paid
500,500,2025-05-05,2342.56,UPI,Paid
501,501,2024-11-01,1046.7,Wallet,Failed
502,502,2024-04-14,8190.77,Card,Paid
503,503,2026-05-30,567.25,UPI,Paid
504,504,2026-08-16,2665.99,Bank,Paid
505,505,2025-07-17,5031.79,UPI,Paid
506,506,2024-11-27,681.83,UPI,Paid
507,507,2024-04-05,3405.82,UPI,Paid
508,508,2024-02-25,7757.99,Wallet,Paid
509,509,2024-02-19,4716.04,Bank,Paid
510,510,2024-06-13,2257.99,UPI,Paid
511,511,2024-01-05,2030.59,UPI,Paid
512,512,2026-04-09,1376.46,Wallet,Paid
513,513,2024-12-18,5731.5,Wallet,Failed
514,514,2025-05-02,2955.84,UPI,Paid
515,515,2024-11-06,3940.33,Card,Failed
516,516,2025-06-30,92.48,Card,Paid
517,517,2026-04-02,6357.57,UPI,Paid
518,518,2026-08-17,2336.63,UPI,Paid
519,519,2026-01-15,494.89,Card,Paid
520,520,2025-03-25,4583.16,Bank,Paid
521,521,2026-01-29,4772.77,UPI,Paid
522,522,2024-03-06,2195.55,Bank,Paid
523,523,2024-01-11,37.03,Card,Failed
524,524,2024-03-26,1285.86,Card,Paid
525,525,2024-11-01,4591.89,Bank,Paid
526,526,2026-03-15,1440.1,UPI,Failed
527,527,2025-06-21,2196.43,Card,Paid
528,528,2025-06-17,3690.25,UPI,Paid
529,529,2025-04-09,3904.9,Wallet,Paid
530,530,2024-09-05,7868.91,Card,Paid
531,531,2024-04-09,1118.96,Bank,Paid
532,532,2026-01-19,203.14,Wallet,Paid
533,533,2026-03-06,2067.77,Wallet,Paid
534,534,2025-12-07,4046.14,Bank,Paid
535,535,2026-03-16,2966.39,Wallet,Paid
536,536,2024-11-25,2519.39,Wallet,Paid
537,537,2024-03-28,3127.29,UPI,Paid
538,538,2024-06-07,2106.97,UPI,Paid
539,539,2026-02-24,426.61,UPI,Paid
540,540,2026-01-08,1398.08,Card,Paid
541,541,2026-01-16,3648.5,UPI,Paid
542,542,2025-02-12,3652.0,Bank,Paid
543,543,2024-12-10,141.15,Card,Paid
544,544,2025-07-19,4639.28,Card,Paid
545,545,2024-08-10,4304.3,UPI,Paid
546,546,2024-02-09,3670.02,Wallet,Paid
547,547,2024-11-07,1410.87,Bank,Paid
548,548,2024-08-16,2449.11,UPI,Paid
549,549,2026-05-28,173.66,Wallet,Paid
550,550,2025-04-19,3162.92,UPI,Paid
551,551,2025-03-02,8855.21,Card,Pending
552,552,2025-01-15,4821.62,UPI,Paid
553,553,2026-02-24,45.39,UPI,Paid
554,554,2024-04-07,7395.57,Wallet,Paid
555,555,2026-04-28,604.78,Card,Paid
556,556,2025-12-20,3226.23,Card,Paid
557,557,2024-08-19,2583.26,Wallet,Paid
558,558,2025-02-07,4175.63,Bank,Paid
559,559,2026-04-20,90.0,UPI,Paid
560,560,2024-11-21,2811.53,Bank,Paid
561,561,2026-01-13,806.52,Card,Paid
562,562,2024-03-02,4586.2,Card,Paid
563,563,2024-07-15,831.38,Bank,Paid
564,564,2025-08-19,68.1,Bank,Paid
565,565,2024-12-19,734.18,Bank,Paid
566,566,2025-05-05,3299.13,Wallet,Paid
567,567,2025-10-29,1206.91,Card,Pending
568,568,2025-03-31,3636.22,Card,Paid
569,569,2025-02-19,5657.65,Wallet,Paid
570,570,2024-12-15,4794.94,Wallet,Paid
571,571,2024-08-11,3292.16,UPI,Paid
572,572,2025-06-28,6554.94,UPI,Pending
573,573,2024-08-10,3852.62,UPI,Paid
574,574,2024-04-10,954.03,Card,Paid
575,575,2026-04-25,4523.39,Bank,Paid
576,576,2024-09-09,6320.33,Wallet,Pending
577,577,2026-06-27,4116.22,UPI,Pending
578,578,2024-05-15,4139.22,UPI,Paid
579,579,2024-10-24,2481.0,UPI,Paid
580,580,2024-04-29,3938.19,Wallet,Paid
581,581,2026-06-16,2407.99,UPI,Paid
582,582,2026-03-10,299.68,Wallet,Paid
583,583,2025-11-14,1769.1,Card,Paid
584,584,2025-10-15,514.25,Card,Paid
585,585,2025-07-26,5346.45,Wallet,Paid
586,586,2025-11-25,459.44,Wallet,Paid
587,587,2025-09-01,3891.64,Card,Paid
588,588,2024-01-31,4533.87,Wallet,Paid
589,589,2025-12-28,3965.27,Wallet,Paid
590,590,2025-07-27,1068.72,Wallet,Paid
591,591,2025-11-01,281.36,Bank,Paid
592,592,2025-12-29,1937.14,Bank,Paid
593,593,2024-10-04,869.59,Wallet,Paid
594,594,2026-01-09,1347.61,UPI,Paid
595,595,2026-05-20,7660.87,Bank,Paid
596,596,2024-04-05,1162.05,Bank,Paid
597,597,2026-02-13,4516.8,Wallet,Paid
598,598,2024-01-20,306.58,UPI,Paid
599,599,2025-08-08,696.43,Card,Paid
600,600,2025-09-18,2951.19,Bank,Paid
601,601,2024-11-10,1798.91,Wallet,Paid
602,602,2024-03-08,9787.52,Bank,Failed
603,603,2024-12-14,4510.62,UPI,Paid
604,604,2025-02-20,7469.39,UPI,Paid
605,605,2025-01-07,1312.56,Wallet,Paid
606,606,2025-06-21,5141.02,Wallet,Paid
607,607,2026-06-04,2081.51,UPI,Paid
608,608,2024-07-09,3636.7,Card,Paid
609,609,2024-02-04,1358.77,Bank,Paid
610,610,2025-12-31,2664.42,UPI,Paid
611,611,2026-01-12,1960.46,Wallet,Paid
612,612,2024-11-09,5350.49,Wallet,Paid
613,613,2025-01-21,3381.92,Bank,Paid
614,614,2026-04-16,2781.08,Bank,Paid
615,615,2026-04-22,4534.87,Card,Paid
616,616,2025-02-24,4272.33,Bank,Paid
617,617,2026-03-25,1307.86,Card,Paid
618,618,2026-08-24,2629.64,UPI,Pending
619,619,2026-02-07,3645.99,Wallet,Paid
620,620,2025-04-02,1140.4,Wallet,Paid
621,621,2024-06-05,1499.03,Card,Paid
622,622,2025-03-14,4938.21,Wallet,Paid
623,623,2026-06-08,753.86,Bank,Paid
624,624,2024-09-14,3160.5,Wallet,Paid
625,625,2026-01-15,3100.6,Card,Paid
626,626,2024-09-27,5639.69,Wallet,Paid
627,627,2025-12-21,3656.66,Wallet,Paid
628,628,2025-04-11,1337.6,Bank,Paid
629,629,2025-08-11,1333.39,Card,Paid
630,630,2026-04-05,5478.79,Card,Paid
631,631,2024-11-27,5927.23,Card,Paid
632,632,2025-08-21,7314.01,Card,Paid
633,633,2025-05-04,7814.19,Wallet,Paid
634,634,2024-07-27,5979.35,Bank,Paid
635,635,2025-05-06,1555.78,Card,Pending
636,636,2026-05-07,3929.71,Bank,Pending
637,637,2026-06-13,3381.34,Bank,Paid
638,638,2026-08-06,1524.43,UPI,Paid
639,639,2024-12-06,1400.61,Wallet,Paid
640,640,2025-08-29,7598.69,Wallet,Paid
641,641,2024-09-04,1047.17,Wallet,Paid
642,642,2026-06-19,529.21,Wallet,Paid
643,643,2026-07-20,2862.97,Card,Paid
644,644,2025-01-18,447.07,Bank,Paid
645,645,2025-06-14,1476.22,Card,Pending
646,646,2026-07-05,2896.08,Card,Paid
647,647,2024-10-13,787.14,Wallet,Paid
648,648,2024-10-28,4086.29,UPI,Paid
649,649,2026-03-13,2368.32,Card,Paid
650,650,2024-01-31,632.42,Bank,Paid
651,651,2025-01-24,1802.85,Wallet,Paid
652,652,2024-10-28,3182.13,Wallet,Paid
653,653,2025-05-30,8196.45,Wallet,Paid
654,654,2025-08-22,11095.92,Card,Paid
655,655,2025-01-25,4407.92,Bank,Failed
656,656,2024-11-05,2894.08,Card,Paid
657,657,2024-02-29,135.24,UPI,Paid
658,658,2025-11-14,1227.26,Wallet,Paid
659,659,2024-08-27,2725.1,Bank,Paid
660,660,2026-01-26,2619.94,Card,Paid
661,661,2025-06-27,3249.66,UPI,Paid
662,662,2026-03-08,4936.02,Bank,Paid
663,663,2024-06-23,1953.31,Wallet,Paid
664,664,2025-06-07,3762.43,UPI,Paid
665,665,2025-02-10,2063.82,Wallet,Paid
666,666,2026-07-06,6185.5,Card,Paid
667,667,2024-10-10,8330.46,Bank,Paid
668,668,2024-05-21,3639.08,Bank,Paid
669,669,2024-12-16,1935.96,UPI,Paid
670,670,2025-02-04,6837.31,Card,Paid
671,671,2025-03-16,2778.16,UPI,Paid
672,672,2024-04-30,4209.3,Card,Paid
673,673,2025-06-16,5801.31,Wallet,Paid
674,674,2024-09-29,1806.46,UPI,Paid
675,675,2024-01-12,6052.51,UPI,Paid
676,676,2024-08-28,254.26,Wallet,Paid
677,677,2025-02-24,2148.51,UPI,Paid
678,678,2025-12-22,2869.27,Wallet,Paid
679,679,2025-01-24,2092.25,Bank,Paid
680,680,2025-11-12,2528.85,Bank,Paid
681,681,2025-08-10,158.86,Wallet,Paid
682,682,2025-07-21,1985.45,UPI,Pending
683,683,2026-06-04,3492.77,Card,Paid
684,684,2026-06-05,5490.12,Wallet,Paid
685,685,2024-01-20,4149.67,Bank,Paid
686,686,2024-07-05,1200.37,UPI,Failed
687,687,2026-05-18,2857.04,Card,Paid
688,688,2025-08-12,3475.75,Card,Paid
689,689,2025-01-08,5400.98,UPI,Paid
690,690,2025-11-15,1495.29,Card,Paid
691,691,2024-07-23,4143.87,UPI,Paid
692,692,2024-09-25,2183.14,Bank,Paid
693,693,2025-09-01,4259.21,Card,Pending
694,694,2026-05-06,1920.94,Wallet,Paid
695,695,2025-11-19,2897.19,Bank,Paid
696,696,2024-03-05,6413.86,Wallet,Paid
697,697,2026-03-22,828.15,Wallet,Paid
698,698,2025-01-09,842.38,Card,Paid
699,699,2025-05-03,3411.08,Card,Paid
700,700,2025-08-18,243.3,Card,Paid
701,701,2024-05-05,3130.48,Wallet,Paid
702,702,2025-08-30,1164.7,Card,Paid
703,703,2026-06-05,4400.28,Bank,Paid
704,704,2026-04-05,2449.64,Wallet,Failed
705,705,2025-11-11,5140.17,Wallet,Paid
706,706,2024-06-12,1725.84,UPI,Paid
707,707,2024-04-21,2478.1,Card,Paid
708,708,2026-06-14,3140.96,UPI,Paid
709,709,2025-11-05,4025.87,Card,Paid
710,710,2025-08-02,7084.0,UPI,Paid
711,711,2026-06-11,5751.23,Bank,Paid
712,712,2025-10-28,3146.72,Bank,Paid
713,713,2026-03-27,1641.11,Bank,Paid
714,714,2024-01-19,1722.74,Bank,Failed
715,715,2024-05-10,3100.52,Card,Paid
716,716,2026-03-09,2161.93,Wallet,Paid
717,717,2025-08-23,3074.37,UPI,Paid
718,718,2025-08-21,4657.97,UPI,Paid
719,719,2024-09-11,1198.99,Bank,Failed
720,720,2026-04-21,1825.28,Wallet,Paid
721,721,2024-01-25,1074.35,Card,Paid
722,722,2026-01-10,2979.36,Card,Paid
723,723,2024-12-06,2305.27,Bank,Paid
724,724,2025-05-03,2899.55,Wallet,Paid
725,725,2025-08-12,8463.91,Wallet,Paid
726,726,2024-10-02,5553.06,Bank,Paid
727,727,2024-07-15,3502.52,Wallet,Paid
728,728,2024-10-24,2994.94,Card,Paid
729,729,2026-05-10,4288.81,Wallet,Paid
730,730,2024-10-06,791.44,Bank,Paid
731,731,2024-10-31,3985.93,Card,Pending
732,732,2024-03-25,2980.11,Card,Paid
733,733,2026-08-16,2419.92,Bank,Failed
734,734,2026-05-31,5904.69,Bank,Paid
735,735,2025-11-02,4342.31,UPI,Paid
736,736,2026-06-25,1668.74,UPI,Paid
737,737,2026-03-25,325.11,Wallet,Paid
738,738,2025-04-11,347.98,Bank,Paid
739,739,2024-05-29,3524.97,Card,Paid
740,740,2025-02-11,593.72,Bank,Paid
741,741,2024-01-31,140.96,Wallet,Paid
742,742,2026-02-01,2178.05,UPI,Paid
743,743,2024-05-28,3653.38,UPI,Paid
744,744,2025-10-24,634.91,Bank,Paid
745,745,2025-11-26,1734.26,Wallet,Failed
746,746,2025-07-04,652.17,Card,Paid
747,747,2025-02-17,1622.55,Bank,Pending
748,748,2025-10-29,980.61,Card,Paid
749,749,2026-02-17,2119.77,Wallet,Paid
750,750,2025-10-27,8742.31,Wallet,Paid
751,751,2024-03-03,4358.31,Card,Paid
752,752,2024-05-13,814.52,Wallet,Paid
753,753,2026-03-20,3356.38,Bank,Paid
754,754,2026-02-10,3522.87,Wallet,Paid
755,755,2024-08-11,361.61,Card,Paid
756,756,2024-09-04,6402.91,Card,Paid
757,757,2024-08-16,563.92,Wallet,Paid
758,758,2025-01-30,7402.32,UPI,Paid
759,759,2025-09-02,176.4,Bank,Paid
760,760,2024-09-06,1711.66,UPI,Paid
761,761,2025-05-20,6517.6,UPI,Paid
762,762,2026-02-09,4763.53,Wallet,Paid
763,763,2026-04-11,3722.27,Wallet,Pending
764,764,2024-01-22,5708.43,Wallet,Paid
765,765,2025-02-27,554.18,Card,Paid
766,766,2026-03-14,5550.52,Wallet,Paid
767,767,2026-05-02,4356.27,UPI,Paid
768,768,2024-09-09,850.98,UPI,Paid
769,769,2024-06-30,4009.87,Bank,Paid
770,770,2025-09-02,3297.43,Card,Paid
771,771,2026-05-28,426.33,UPI,Paid
772,772,2025-04-23,2730.45,Bank,Paid
773,773,2024-08-26,4242.89,Card,Paid
774,774,2025-10-30,264.61,Wallet,Paid
775,775,2025-01-18,1644.6,Card,Paid
776,776,2024-12-07,3903.15,Wallet,Paid
777,777,2026-06-14,217.48,UPI,Paid
778,778,2024-12-06,5686.62,UPI,Paid
779,779,2025-12-01,119.32,UPI,Failed
780,780,2024-03-18,4864.5,UPI,Paid
781,781,2024-02-06,3533.65,Card,Paid
782,782,2026-08-06,2605.9,Card,Paid
783,783,2024-07-22,5077.37,Bank,Failed
784,784,2026-05-06,914.23,Wallet,Paid
785,785,2025-08-07,4619.27,Card,Paid
786,786,2025-05-19,5958.53,Card,Paid
787,787,2026-07-01,103.76,Bank,Paid
788,788,2024-12-07,4538.5,Wallet,Failed
789,789,2026-05-20,3600.57,UPI,Paid
790,790,2024-02-24,1402.37,UPI,Paid
791,791,2024-10-24,1687.3,UPI,Paid
792,792,2024-11-12,1961.47,Bank,Paid
793,793,2026-03-04,1020.99,Wallet,Paid
794,794,2025-04-01,1319.86,UPI,Paid
795,795,2024-02-17,7293.5,Card,Paid
796,796,2025-03-18,2895.7,Bank,Pending
797,797,2024-09-26,5823.79,Wallet,Failed
798,798,2025-06-16,4922.25,Card,Paid
799,799,2025-08-22,4784.84,UPI,Paid
800,800,2024-08-11,2196.27,Card,Pending
801,801,2024-06-23,4052.28,Bank,Paid
802,802,2025-05-17,3127.78,Card,Paid
803,803,2024-04-30,8997.1,Card,Paid
804,804,2024-12-11,645.63,UPI,Paid
805,805,2025-03-26,1353.42,Card,Paid
806,806,2026-05-05,816.35,Wallet,Paid
807,807,2024-01-01,4228.79,Wallet,Paid
808,808,2025-04-29,832.62,UPI,Paid
809,809,2026-03-01,556.37,UPI,Pending
810,810,2025-04-03,3810.38,UPI,Pending
811,811,2025-03-11,1694.89,UPI,Paid
812,812,2025-04-09,4321.39,Wallet,Paid
813,813,2024-06-10,5725.94,Bank,Paid
814,814,2025-07-14,777.58,Wallet,Paid
815,815,2024-04-07,1208.12,Bank,Paid
816,816,2024-08-22,3363.98,Wallet,Paid
817,817,2024-12-27,2330.53,Card,Paid
818,818,2026-03-31,1651.32,UPI,Paid
819,819,2025-04-13,7135.66,Wallet,Paid
820,820,2024-08-29,3296.07,UPI,Paid
821,821,2026-05-26,3261.42,UPI,Paid
822,822,2024-12-25,1349.32,Bank,Paid
823,823,2025-06-05,815.6,Wallet,Paid
824,824,2025-09-06,1216.33,Wallet,Paid
825,825,2024-03-13,3384.22,Wallet,Paid
826,826,2024-12-03,3862.73,Card,Paid
827,827,2025-03-10,7648.95,Card,Paid
828,828,2026-07-05,1288.77,Card,Paid
829,829,2026-03-14,6155.96,Wallet,Paid
830,830,2024-12-28,2427.57,Card,Paid
831,831,2024-06-27,4073.09,Wallet,Paid
832,832,2024-09-03,776.62,Bank,Paid
833,833,2024-11-17,28.95,UPI,Paid
834,834,2024-05-03,2448.05,UPI,Paid
835,835,2026-08-23,243.46,Card,Paid
836,836,2024-03-25,3394.56,Bank,Paid
837,837,2026-05-21,2956.25,Bank,Paid
838,838,2026-06-04,5184.21,Wallet,Paid
839,839,2026-06-10,4026.37,Wallet,Paid
840,840,2026-04-18,3968.2,Wallet,Paid
841,841,2024-10-30,1880.5,Wallet,Paid
842,842,2026-03-01,229.7,Wallet,Paid
843,843,2024-06-05,2062.54,UPI,Paid
844,844,2024-04-08,538.15,Bank,Paid
845,845,2024-05-09,1132.28,UPI,Paid
846,846,2026-05-20,483.08,UPI,Paid
847,847,2024-04-06,3786.86,Wallet,Paid
848,848,2024-02-09,5263.35,Bank,Paid
849,849,2025-02-26,4387.02,Bank,Paid
850,850,2025-03-21,8306.62,UPI,Paid
851,851,2026-08-03,3296.53,Card,Paid
852,852,2024-01-04,484.37,Bank,Paid
853,853,2025-08-21,308.24,UPI,Paid
854,854,2024-07-27,2303.7,Card,Paid
855,855,2026-08-14,6597.01,UPI,Paid
856,856,2024-03-13,4669.77,Wallet,Paid
857,857,2024-11-14,328.92,Card,Failed
858,858,2024-07-29,174.42,UPI,Paid
859,859,2024-09-16,4819.15,UPI,Paid
860,860,2026-04-14,722.98,UPI,Paid
861,861,2025-05-30,3848.73,Card,Paid
862,862,2024-04-07,1011.29,Bank,Paid
863,863,2024-05-18,6085.05,Card,Paid
864,864,2024-03-03,6526.62,Wallet,Paid
865,865,2024-04-26,3702.81,Bank,Paid
866,866,2024-07-17,5659.75,Wallet,Paid
867,867,2026-04-19,3746.26,Wallet,Paid
868,868,2026-03-28,3151.24,Wallet,Pending
869,869,2024-02-03,2432.55,Bank,Paid
870,870,2026-01-30,2081.75,Card,Paid
871,871,2024-09-15,4812.55,UPI,Paid
872,872,2024-06-01,5560.69,Bank,Paid
873,873,2024-05-02,3784.06,Bank,Failed
874,874,2026-04-25,2702.83,Wallet,Paid
875,875,2025-02-21,4907.29,Card,Paid
876,876,2026-03-03,3372.61,Wallet,Paid
877,877,2024-01-16,664.99,UPI,Pending
878,878,2024-06-17,1220.05,Bank,Paid
879,879,2025-07-16,4095.4,Card,Paid
880,880,2026-04-17,1106.69,Wallet,Paid
881,881,2025-06-21,1981.5,Wallet,Paid
882,882,2025-03-28,4925.73,Wallet,Paid
883,883,2024-09-25,2031.45,Wallet,Paid
884,884,2024-09-30,1031.48,UPI,Paid
885,885,2025-03-28,3038.33,Wallet,Paid
886,886,2024-08-22,4372.59,Card,Failed
887,887,2026-08-11,4604.75,Card,Paid
888,888,2024-10-26,6519.66,Card,Paid
889,889,2024-08-18,3629.59,Wallet,Paid
890,890,2024-05-23,4121.71,Bank,Paid
891,891,2024-12-14,2100.06,UPI,Paid
892,892,2024-07-04,3657.99,UPI,Paid
893,893,2025-01-23,3108.52,Card,Paid
894,894,2026-02-20,1376.6,Bank,Paid
895,895,2024-06-02,1601.04,Bank,Paid
896,896,2024-01-29,2389.69,UPI,Paid
897,897,2025-06-16,5303.24,Wallet,Paid
898,898,2026-07-21,723.58,Bank,Paid
899,899,2026-01-23,4784.74,Bank,Paid
900,900,2026-03-29,5164.26,Wallet,Paid
901,901,2024-04-17,4256.02,Wallet,Paid
902,902,2026-07-11,5030.05,Wallet,Pending
903,903,2024-11-02,1665.23,Wallet,Failed
904,904,2024-09-21,1287.23,Bank,Paid
905,905,2026-01-02,3475.71,Wallet,Paid
906,906,2024-07-27,1188.66,Card,Paid
907,907,2026-08-19,4011.07,Card,Paid
908,908,2024-04-19,267.12,Bank,Paid
909,909,2026-02-25,2156.27,Bank,Paid
910,910,2024-09-02,2678.68,Wallet,Paid
911,911,2024-08-12,2515.41,Bank,Paid
912,912,2024-10-11,3008.78,Card,Paid
913,913,2024-12-26,3414.44,UPI,Paid
914,914,2024-12-12,174.24,Wallet,Paid
915,915,2025-10-25,5175.65,Bank,Paid
916,916,2026-08-23,608.25,Bank,Paid
917,917,2024-05-15,2892.73,Wallet,Paid
918,918,2026-04-21,2080.7,Bank,Pending
919,919,2025-12-12,4458.73,Card,Paid
920,920,2024-11-08,2426.8,Bank,Failed
921,921,2026-04-18,2028.89,Card,Paid
922,922,2024-06-19,115.4,Wallet,Paid
923,923,2025-10-22,7015.42,Wallet,Paid
924,924,2024-07-29,3496.88,Wallet,Paid
925,925,2025-02-18,3092.15,Bank,Paid
926,926,2024-11-19,1501.61,Wallet,Paid
927,927,2024-08-18,1741.04,Bank,Paid
928,928,2024-12-07,6544.48,Card,Paid
929,929,2025-02-08,1206.16,Bank,Paid
930,930,2025-09-26,1338.99,Wallet,Paid
931,931,2025-06-25,2908.62,Wallet,Paid
932,932,2024-02-21,648.78,Card,Paid
933,933,2024-04-21,1924.51,UPI,Paid
934,934,2025-12-23,1210.63,UPI,Paid
935,935,2024-01-31,1043.73,Wallet,Paid
936,936,2026-07-06,2542.09,Wallet,Paid
937,937,2026-01-19,649.3,Bank,Paid
938,938,2025-11-25,6581.01,Wallet,Paid
939,939,2025-01-09,4560.23,Card,Paid
940,940,2024-03-19,3981.69,Bank,Paid
941,941,2024-01-29,9113.48,Bank,Paid
942,942,2025-03-19,4076.92,Wallet,Paid
943,943,2024-03-18,6898.55,Bank,Paid
944,944,2026-07-08,3146.91,Bank,Paid
945,945,2026-01-13,856.33,UPI,Paid
946,946,2024-06-29,1657.93,Card,Paid
947,947,2026-01-12,2135.47,Bank,Paid
948,948,2024-09-27,8845.63,Card,Paid
949,949,2024-08-13,1300.04,UPI,Paid
950,950,2024-05-24,5141.82,Wallet,Paid
951,951,2026-02-04,851.86,Card,Paid
952,952,2025-08-27,1404.77,Bank,Paid
953,953,2025-07-02,2942.48,Bank,Paid
954,954,2025-10-08,445.89,Wallet,Paid
955,955,2026-02-28,3763.85,Bank,Paid
956,956,2025-02-27,767.69,Card,Paid
957,957,2025-04-30,3918.18,UPI,Paid
958,958,2025-06-11,2077.81,UPI,Paid
959,959,2024-01-15,6776.25,Bank,Paid
960,960,2024-12-05,5131.59,Bank,Paid
961,961,2026-07-28,523.7,Wallet,Paid
962,962,2025-07-12,1673.62,Bank,Paid
963,963,2025-01-20,3676.11,UPI,Paid
964,964,2026-04-15,917.91,Card,Paid
965,965,2026-08-18,4477.79,Card,Paid
966,966,2025-03-23,711.58,Card,Paid
967,967,2025-02-11,521.86,Wallet,Paid
968,968,2024-08-20,1453.77,UPI,Paid
969,969,2024-07-06,4134.0,Bank,Paid
970,970,2024-03-06,4905.37,Bank,Paid
971,971,2025-11-03,1601.19,UPI,Paid
972,972,2024-03-16,4045.92,UPI,Paid
973,973,2026-02-09,413.87,Bank,Failed
974,974,2025-10-12,6281.9,UPI,Paid
975,975,2024-07-09,3746.97,Card,Paid
976,976,2024-11-07,819.47,Card,Paid
977,977,2025-07-08,1185.18,Card,Paid
978,978,2026-02-02,708.39,Wallet,Paid
979,979,2024-05-20,139.19,Wallet,Paid
980,980,2025-06-30,4198.38,Wallet,Paid
981,981,2025-01-12,2009.39,UPI,Paid
982,982,2026-04-27,3711.31,UPI,Paid
983,983,2026-01-09,3007.06,Card,Paid
984,984,2024-01-24,4739.48,Wallet,Paid
985,985,2026-02-06,2090.45,Card,Paid
986,986,2025-07-01,1791.41,UPI,Paid
987,987,2025-12-14,4414.7,Bank,Paid
988,988,2025-10-29,264.47,UPI,Paid
989,989,2025-08-10,4875.77,Card,Failed
990,990,2026-02-22,3510.24,Wallet,Paid
991,991,2024-07-17,136.63,UPI,Paid
992,992,2024-07-31,5310.92,Card,Paid
993,993,2024-04-25,4760.27,Card,Paid
994,994,2024-10-14,6919.14,Card,Paid
995,995,2024-07-19,2876.28,Wallet,Paid
996,996,2026-05-05,2331.95,UPI,Failed
997,997,2024-07-05,5116.33,Bank,Paid
998,998,2025-09-17,1688.54,Wallet,Paid
999,999,2025-12-18,6491.18,UPI,Paid
1000,1000,2025-05-19,6373.78,UPI,Paid
1001,1001,2024-01-12,3428.94,Wallet,Failed
1002,1002,2024-03-21,566.78,Bank,Failed
1003,1003,2026-05-01,5959.82,Bank,Paid
1004,1004,2026-07-08,2584.85,Bank,Paid
1005,1005,2025-08-09,1017.7,Bank,Paid
1006,1006,2024-10-18,3312.77,Wallet,Pending
1007,1007,2024-07-18,4081.35,Card,Paid
1008,1008,2025-11-10,2364.58,UPI,Paid
1009,1009,2026-07-24,428.13,Bank,Paid
1010,1010,2026-04-05,2132.18,Wallet,Paid
1011,1011,2024-03-21,2209.52,Wallet,Paid
1012,1012,2024-05-08,5900.38,Bank,Paid
1013,1013,2024-12-04,4704.67,Card,Paid
1014,1014,2026-04-05,5077.98,Bank,Paid
1015,1015,2024-07-24,1389.08,Card,Paid
1016,1016,2024-08-04,1099.07,Wallet,Pending
1017,1017,2026-04-08,3906.17,Bank,Paid
1018,1018,2025-03-06,2408.1,Card,Paid
1019,1019,2025-11-09,1834.72,UPI,Paid
1020,1020,2024-05-22,3749.93,Card,Paid
1021,1021,2026-04-12,1100.62,Wallet,Paid
1022,1022,2025-03-21,215.36,Bank,Paid
1023,1023,2026-02-24,3872.76,Bank,Paid
1024,1024,2026-01-12,799.72,Wallet,Paid
1025,1025,2024-04-30,4299.09,Wallet,Paid
1026,1026,2024-08-06,5458.13,Wallet,Paid
1027,1027,2026-02-09,1438.52,Bank,Paid
1028,1028,2025-11-15,6210.43,Card,Paid
1029,1029,2024-03-14,5279.03,Bank,Paid
1030,1030,2024-08-31,542.66,UPI,Paid
1031,1031,2025-12-21,2515.78,UPI,Paid
1032,1032,2025-09-05,486.1,Wallet,Paid
1033,1033,2026-06-29,1914.12,UPI,Paid
1034,1034,2025-05-16,11370.56,Card,Paid
1035,1035,2026-07-23,4471.43,Bank,Paid
1036,1036,2024-12-26,4550.88,UPI,Pending
1037,1037,2025-10-17,4072.54,Card,Paid
1038,1038,2026-07-30,4982.74,Bank,Paid
1039,1039,2024-10-25,4115.26,UPI,Paid
1040,1040,2024-02-01,1560.77,Wallet,Failed
1041,1041,2026-01-26,3455.1,UPI,Pending
1042,1042,2024-09-02,68.39,UPI,Paid
1043,1043,2025-10-03,1847.93,UPI,Paid
1044,1044,2024-06-08,438.95,Card,Paid
1045,1045,2026-04-24,977.35,Wallet,Paid
1046,1046,2026-02-17,1716.37,Card,Paid
1047,1047,2025-03-31,10580.31,Bank,Paid
1048,1048,2024-01-15,716.79,Wallet,Paid
1049,1049,2025-11-27,952.64,Wallet,Paid
1050,1050,2024-06-18,4274.23,Bank,Paid
1051,1051,2024-06-13,4235.12,Wallet,Pending
1052,1052,2024-07-11,124.35,Bank,Paid
1053,1053,2026-05-19,8521.7,UPI,Paid
1054,1054,2025-09-30,952.33,UPI,Paid
1055,1055,2025-03-03,7561.13,Wallet,Paid
1056,1056,2024-01-04,4629.77,UPI,Paid
1057,1057,2024-01-22,5621.29,Wallet,Paid
1058,1058,2024-06-22,10163.64,Wallet,Paid
1059,1059,2024-12-25,2181.72,UPI,Paid
1060,1060,2026-05-26,6711.12,Card,Paid
1061,1061,2025-12-05,3927.24,UPI,Paid
1062,1062,2026-05-13,3579.77,Wallet,Paid
1063,1063,2024-01-12,1677.98,UPI,Paid
1064,1064,2026-01-21,1602.04,UPI,Paid
1065,1065,2026-04-18,1796.46,Bank,Paid
1066,1066,2026-05-21,5076.66,Wallet,Paid
1067,1067,2026-05-23,726.99,Wallet,Paid
1068,1068,2026-03-21,1501.37,Card,Paid
1069,1069,2024-03-07,2006.31,Card,Paid
1070,1070,2024-12-28,1068.81,Card,Paid
1071,1071,2024-03-30,634.25,Card,Failed
1072,1072,2025-02-17,6355.59,Wallet,Paid
1073,1073,2025-10-12,2423.74,UPI,Pending
1074,1074,2024-12-26,2429.06,UPI,Paid
1075,1075,2025-10-08,652.47,Card,Paid
1076,1076,2024-06-13,2471.86,Card,Paid
1077,1077,2026-04-21,214.91,Bank,Pending
1078,1078,2024-06-09,6520.47,Card,Paid
1079,1079,2025-09-21,1275.4,Wallet,Paid
1080,1080,2025-10-09,179.6,Bank,Paid
1081,1081,2026-04-20,1377.87,Bank,Paid
1082,1082,2026-07-29,4707.02,Bank,Paid
1083,1083,2024-04-24,2839.25,Bank,Failed
1084,1084,2024-10-02,3719.34,UPI,Paid
1085,1085,2025-06-28,4611.2,Card,Paid
1086,1086,2026-05-21,917.4,Bank,Paid
1087,1087,2025-07-22,2000.15,Card,Paid
1088,1088,2026-07-18,1710.73,UPI,Pending
1089,1089,2025-08-19,1196.1,Bank,Paid
1090,1090,2026-02-05,1449.97,Bank,Paid
1091,1091,2024-12-20,2556.61,Bank,Paid
1092,1092,2025-10-25,4175.18,Wallet,Paid
1093,1093,2024-07-08,1522.73,UPI,Failed
1094,1094,2025-06-14,2837.28,Wallet,Failed
1095,1095,2025-02-17,2836.6,Card,Paid
1096,1096,2024-03-19,2601.33,Wallet,Paid
1097,1097,2024-06-02,5903.7,Card,Paid
1098,1098,2024-06-05,1162.39,Wallet,Paid
1099,1099,2025-11-01,602.33,Card,Paid
1100,1100,2025-04-23,435.57,UPI,Paid
1101,1101,2024-10-07,2943.01,Wallet,Paid
1102,1102,2024-05-30,6337.17,Wallet,Paid
1103,1103,2025-07-25,1698.35,Card,Paid
1104,1104,2025-07-07,3006.56,Wallet,Paid
1105,1105,2025-10-04,6243.64,Bank,Paid
1106,1106,2025-12-30,5792.83,Card,Paid
1107,1107,2025-08-13,4891.51,Wallet,Paid
1108,1108,2025-07-05,2812.02,UPI,Paid
1109,1109,2025-01-23,373.02,UPI,Paid
1110,1110,2026-05-17,1303.05,UPI,Paid
1111,1111,2024-07-16,3378.52,Bank,Paid
1112,1112,2026-04-13,3715.72,Bank,Paid
1113,1113,2024-09-23,1623.56,UPI,Paid
1114,1114,2024-11-27,1601.79,Bank,Paid
1115,1115,2025-11-05,2114.46,Card,Failed
1116,1116,2025-02-15,4663.61,UPI,Paid
1117,1117,2025-03-20,1808.19,Card,Paid
1118,1118,2024-06-04,3611.53,Card,Paid
1119,1119,2024-09-05,2547.92,Bank,Pending
1120,1120,2025-05-03,2154.7,Bank,Paid
1121,1121,2024-08-15,1660.57,Bank,Paid
1122,1122,2026-05-27,1707.26,UPI,Paid
1123,1123,2024-06-16,3292.34,Card,Paid
1124,1124,2025-11-22,4261.52,Bank,Paid
1125,1125,2026-04-23,5760.94,Card,Paid
1126,1126,2024-03-14,2268.78,Card,Failed
1127,1127,2024-11-25,5733.9,Wallet,Paid
1128,1128,2025-04-16,4217.41,Wallet,Pending
1129,1129,2025-01-18,3752.77,UPI,Paid
1130,1130,2025-11-04,603.14,Card,Paid
1131,1131,2026-01-31,5411.62,UPI,Paid
1132,1132,2026-01-30,1599.96,Wallet,Paid
1133,1133,2026-05-27,2059.96,Wallet,Paid
1134,1134,2024-07-16,1437.28,Bank,Paid
1135,1135,2025-04-11,1330.41,UPI,Paid
1136,1136,2026-04-27,4260.18,Wallet,Paid
1137,1137,2026-02-20,6273.07,Card,Paid
1138,1138,2024-06-25,359.95,Bank,Paid
1139,1139,2025-02-17,6904.94,Bank,Paid
1140,1140,2025-10-26,529.34,UPI,Paid
1141,1141,2024-11-01,5516.46,Bank,Paid
1142,1142,2025-12-31,4230.98,Bank,Pending
1143,1143,2026-05-28,905.53,UPI,Paid
1144,1144,2025-07-07,96.01,UPI,Paid
1145,1145,2026-01-17,3053.13,Bank,Paid
1146,1146,2024-08-14,5846.16,UPI,Paid
1147,1147,2025-05-19,5506.38,Card,Paid
1148,1148,2026-08-08,2894.29,Card,Paid
1149,1149,2026-01-14,2655.41,UPI,Paid
1150,1150,2025-09-17,2623.92,Card,Paid
1151,1151,2024-04-16,1147.82,Wallet,Paid
1152,1152,2024-12-29,3397.43,Card,Paid
1153,1153,2025-01-29,2733.69,Wallet,Paid
1154,1154,2025-11-11,2590.86,Wallet,Paid
1155,1155,2024-08-28,5443.89,Wallet,Paid
1156,1156,2025-02-20,4256.24,Bank,Paid
1157,1157,2024-07-29,5490.96,UPI,Paid
1158,1158,2025-08-28,4085.87,Card,Paid
1159,1159,2025-05-08,4748.17,Wallet,Failed
1160,1160,2025-09-04,5551.68,Bank,Paid
1161,1161,2024-01-06,7636.86,Wallet,Paid
1162,1162,2024-05-26,2209.79,Bank,Paid
1163,1163,2026-03-07,3322.34,UPI,Paid
1164,1164,2026-03-23,1756.09,UPI,Paid
1165,1165,2025-03-18,2414.13,Card,Failed
1166,1166,2026-04-30,2923.81,UPI,Paid
1167,1167,2025-05-21,2699.49,UPI,Paid
1168,1168,2024-06-07,2469.56,Card,Paid
1169,1169,2024-04-10,10155.42,Card,Paid
1170,1170,2024-01-26,3020.94,Bank,Paid
1171,1171,2026-07-25,439.47,Wallet,Paid
1172,1172,2024-06-27,2083.93,Wallet,Paid
1173,1173,2025-01-21,233.13,Card,Paid
1174,1174,2025-07-31,328.14,Card,Paid
1175,1175,2025-04-12,970.4,Card,Paid
1176,1176,2024-06-20,2102.79,Card,Paid
1177,1177,2026-01-23,74.69,Bank,Pending
1178,1178,2024-08-26,4686.87,Wallet,Paid
1179,1179,2024-09-13,2732.95,UPI,Paid
1180,1180,2025-06-27,3114.96,Wallet,Paid
1181,1181,2025-08-22,2134.21,UPI,Paid
1182,1182,2025-02-23,4982.08,UPI,Paid
1183,1183,2025-09-17,3174.61,Bank,Paid
1184,1184,2025-12-21,2060.31,Bank,Paid
1185,1185,2025-02-03,2331.2,Wallet,Paid
1186,1186,2026-07-20,2831.56,Card,Paid
1187,1187,2024-10-23,1639.23,Bank,Paid
1188,1188,2025-03-03,516.82,Wallet,Paid
1189,1189,2024-08-16,3370.5,Bank,Paid
1190,1190,2026-06-19,6472.24,Wallet,Paid
1191,1191,2025-02-21,1489.17,Card,Paid
1192,1192,2025-08-25,2103.98,Bank,Paid
1193,1193,2025-11-10,1593.79,Card,Paid
1194,1194,2025-02-12,5333.65,Wallet,Paid
1195,1195,2025-02-15,5826.59,Card,Paid
1196,1196,2024-11-26,527.86,Wallet,Paid
1197,1197,2025-05-31,1405.76,UPI,Paid
1198,1198,2024-08-05,3491.19,Card,Paid
1199,1199,2024-02-23,794.63,Wallet,Paid
1200,1200,2025-04-14,3127.46,Card,Paid
1201,1201,2025-10-19,2690.58,UPI,Paid
1202,1202,2024-01-03,1934.14,UPI,Paid
1203,1203,2025-01-03,4003.65,UPI,Paid
1204,1204,2026-08-10,775.44,UPI,Paid
1205,1205,2024-06-16,3637.02,Bank,Paid
1206,1206,2024-12-11,2433.23,Card,Paid
1207,1207,2026-03-09,660.77,UPI,Paid
1208,1208,2025-08-21,781.15,Wallet,Paid
1209,1209,2024-01-28,674.22,Bank,Paid
1210,1210,2025-03-25,3613.3,Wallet,Failed
1211,1211,2025-03-21,7283.98,Card,Paid
1212,1212,2024-02-29,5334.98,Bank,Paid
1213,1213,2025-01-03,2616.62,Wallet,Paid
1214,1214,2025-08-22,2575.47,Card,Paid
1215,1215,2024-07-05,3967.17,Bank,Paid
1216,1216,2025-08-28,2556.78,UPI,Paid
1217,1217,2025-06-08,1656.48,Wallet,Paid
1218,1218,2025-09-06,5825.45,Card,Paid
1219,1219,2024-06-02,3650.06,Bank,Paid
1220,1220,2026-01-07,1827.38,Wallet,Pending
1221,1221,2025-04-30,2362.33,UPI,Paid
1222,1222,2025-08-28,4639.82,Wallet,Paid
1223,1223,2024-07-23,3884.49,Card,Paid
1224,1224,2024-01-25,1987.17,Bank,Paid
1225,1225,2024-01-31,1731.72,Card,Paid
1226,1226,2025-01-03,5302.97,Card,Paid
1227,1227,2024-08-02,2262.99,Bank,Paid
1228,1228,2025-06-07,5759.01,Bank,Pending
1229,1229,2024-07-05,1434.4,Bank,Failed
1230,1230,2025-07-23,3257.23,Wallet,Paid
1231,1231,2024-10-26,1547.96,Bank,Paid
1232,1232,2024-02-06,5264.96,UPI,Paid
1233,1233,2025-05-04,344.76,Wallet,Paid
1234,1234,2024-07-22,761.63,Wallet,Paid
1235,1235,2026-04-16,2774.13,Wallet,Pending
1236,1236,2025-12-08,2759.43,Bank,Paid
1237,1237,2024-02-19,3206.18,UPI,Paid
1238,1238,2025-07-27,3143.71,Wallet,Paid
1239,1239,2026-06-07,2339.62,UPI,Paid
1240,1240,2025-11-10,4479.08,Card,Paid
1241,1241,2024-11-12,867.17,UPI,Paid
1242,1242,2026-02-02,3075.8,UPI,Paid
1243,1243,2024-07-12,490.01,Card,Paid
1244,1244,2024-10-31,6979.66,Bank,Paid
1245,1245,2026-04-20,4123.24,Card,Paid
1246,1246,2026-02-09,1090.39,Wallet,Paid
1247,1247,2025-06-16,1010.02,Wallet,Paid
1248,1248,2025-09-11,6131.23,Card,Paid
1249,1249,2025-11-28,639.54,Wallet,Paid
1250,1250,2024-11-09,1235.81,Bank,Paid
1251,1251,2024-04-09,1050.22,Bank,Paid
1252,1252,2025-11-19,7418.26,Wallet,Paid
1253,1253,2024-02-19,7838.31,Bank,Paid
1254,1254,2026-06-20,3252.05,UPI,Paid
1255,1255,2024-08-19,1540.73,Card,Paid
1256,1256,2024-08-02,2820.55,Bank,Paid
1257,1257,2024-08-22,1384.81,UPI,Failed
1258,1258,2026-01-17,2456.82,Bank,Paid
1259,1259,2025-09-15,3282.08,Wallet,Failed
1260,1260,2024-03-20,4969.19,UPI,Paid
1261,1261,2025-01-23,265.96,Card,Paid
1262,1262,2024-05-16,3245.95,Card,Paid
1263,1263,2025-04-09,4105.99,UPI,Paid
1264,1264,2025-12-29,4801.66,Bank,Paid
1265,1265,2025-12-09,739.48,Card,Paid
1266,1266,2025-08-10,1723.18,UPI,Pending
1267,1267,2026-01-24,734.01,UPI,Paid
1268,1268,2024-06-25,3939.7,Wallet,Paid
1269,1269,2025-12-28,500.05,Card,Paid
1270,1270,2025-01-26,188.74,Wallet,Paid
1271,1271,2026-02-24,4749.15,Card,Paid
1272,1272,2024-06-13,3404.67,Wallet,Paid
1273,1273,2025-05-05,4169.39,Card,Pending
1274,1274,2026-03-21,304.62,Card,Paid
1275,1275,2026-05-23,36.76,Card,Paid
1276,1276,2026-03-17,2169.65,Wallet,Paid
1277,1277,2025-08-14,1931.77,UPI,Paid
1278,1278,2024-08-29,2020.63,Card,Failed
1279,1279,2024-06-05,1069.43,Card,Paid
1280,1280,2026-06-07,4060.81,Wallet,Paid
1281,1281,2024-05-19,2415.32,Card,Paid
1282,1282,2026-04-21,1950.22,Bank,Paid
1283,1283,2026-04-02,503.53,Wallet,Paid
1284,1284,2024-01-06,2559.45,Bank,Paid
1285,1285,2026-02-04,3503.47,UPI,Paid
1286,1286,2025-08-21,3840.47,UPI,Paid
1287,1287,2024-01-28,4926.37,UPI,Failed
1288,1288,2026-04-09,1446.59,UPI,Paid
1289,1289,2025-01-03,435.1,Bank,Paid
1290,1290,2026-06-25,6768.54,Bank,Paid
1291,1291,2026-07-29,6102.98,Card,Failed
1292,1292,2025-08-07,2174.43,UPI,Paid
1293,1293,2026-05-29,582.97,Card,Paid
1294,1294,2025-08-27,1244.96,Card,Paid
1295,1295,2025-06-24,3932.21,Wallet,Paid
1296,1296,2025-03-10,1655.69,Wallet,Paid
1297,1297,2026-03-21,9328.42,Card,Paid
1298,1298,2025-02-09,4139.56,UPI,Pending
1299,1299,2025-05-10,3266.53,Wallet,Paid
1300,1300,2024-04-02,3233.73,UPI,Failed
1301,1301,2025-07-08,4381.5,Bank,Paid
1302,1302,2024-01-19,5686.57,Wallet,Paid
1303,1303,2024-10-04,3375.62,UPI,Paid
1304,1304,2025-05-17,2899.63,Wallet,Paid
1305,1305,2024-12-07,4515.94,Bank,Paid
1306,1306,2026-06-19,7678.3,UPI,Paid
1307,1307,2024-03-28,1515.35,Wallet,Paid
1308,1308,2025-04-13,1619.95,UPI,Paid
1309,1309,2024-11-20,7283.2,UPI,Paid
1310,1310,2025-10-08,6889.04,Card,Paid
1311,1311,2024-08-19,1355.88,Wallet,Paid
1312,1312,2024-04-29,2828.06,Bank,Paid
1313,1313,2025-12-16,1671.58,Bank,Pending
1314,1314,2025-01-12,1090.29,Bank,Paid
1315,1315,2025-05-14,5281.67,Wallet,Paid
1316,1316,2024-10-16,315.62,UPI,Paid
1317,1317,2024-08-05,17.32,Card,Paid
1318,1318,2024-05-08,777.44,UPI,Paid
1319,1319,2026-07-15,3015.77,UPI,Paid
1320,1320,2025-02-05,2243.36,UPI,Paid
1321,1321,2024-08-18,436.49,UPI,Paid
1322,1322,2025-02-03,1952.21,Bank,Paid
1323,1323,2025-03-09,3940.05,Card,Paid
1324,1324,2025-03-26,3160.83,Card,Paid
1325,1325,2025-01-25,1451.47,UPI,Paid
1326,1326,2024-03-26,2364.36,Bank,Paid
1327,1327,2025-06-20,5301.65,UPI,Paid
1328,1328,2025-11-24,2345.29,Wallet,Paid
1329,1329,2024-07-03,1607.06,Bank,Failed
1330,1330,2025-05-29,2119.43,Bank,Paid
1331,1331,2024-11-27,8245.81,UPI,Paid
1332,1332,2025-08-09,5359.22,Wallet,Paid
1333,1333,2025-02-03,2336.94,Wallet,Paid
1334,1334,2025-08-20,80.99,UPI,Paid
1335,1335,2024-08-30,5675.65,Bank,Pending
1336,1336,2024-01-25,2840.41,Bank,Paid
1337,1337,2024-12-03,2271.59,Wallet,Paid
1338,1338,2026-08-19,3398.02,Card,Paid
1339,1339,2025-04-15,3805.24,Wallet,Paid
1340,1340,2026-06-20,7438.93,Card,Paid
1341,1341,2024-11-08,3508.42,UPI,Paid
1342,1342,2024-06-09,3746.72,Card,Paid
1343,1343,2026-01-19,5058.06,Card,Paid
1344,1344,2024-02-01,143.33,UPI,Paid
1345,1345,2024-07-17,832.28,Card,Paid
1346,1346,2024-01-25,989.41,Card,Pending
1347,1347,2024-08-09,1699.83,Card,Paid
1348,1348,2024-10-28,1638.34,Card,Paid
1349,1349,2024-08-22,1413.14,Card,Paid
1350,1350,2026-02-15,243.35,UPI,Failed
1351,1351,2026-08-10,900.62,UPI,Paid
1352,1352,2024-02-26,6365.59,Bank,Paid
1353,1353,2024-02-13,702.25,Card,Paid
1354,1354,2025-06-15,3439.19,Bank,Paid
1355,1355,2025-05-26,3525.87,UPI,Paid
1356,1356,2025-02-07,6323.95,Wallet,Paid
1357,1357,2024-09-19,2275.57,Bank,Paid
1358,1358,2026-05-09,5652.66,UPI,Paid
1359,1359,2026-08-24,7842.33,UPI,Paid
1360,1360,2024-11-24,6081.32,Wallet,Paid
1361,1361,2025-11-03,140.03,Card,Paid
1362,1362,2024-12-24,5094.4,Card,Paid
1363,1363,2024-09-22,866.14,Wallet,Paid
1364,1364,2026-04-28,4425.3,Wallet,Paid
1365,1365,2026-01-21,914.14,UPI,Paid
1366,1366,2025-03-22,2243.7,Wallet,Paid
1367,1367,2026-04-21,977.25,Bank,Failed
1368,1368,2025-04-29,2750.31,UPI,Paid
1369,1369,2026-01-29,3120.76,Card,Pending
1370,1370,2024-08-19,5830.48,Wallet,Paid
1371,1371,2025-07-22,935.25,Card,Paid
1372,1372,2026-05-26,146.34,UPI,Pending
1373,1373,2025-01-18,1816.96,Card,Paid
1374,1374,2025-07-06,1959.39,Card,Paid
1375,1375,2025-01-17,187.93,UPI,Paid
1376,1376,2026-04-27,1098.41,UPI,Paid
1377,1377,2024-05-19,5127.26,Bank,Paid
1378,1378,2024-11-10,4519.64,UPI,Paid
1379,1379,2025-06-15,145.78,Card,Paid
1380,1380,2024-05-30,1516.85,Bank,Paid
1381,1381,2026-02-26,2526.7,Bank,Paid
1382,1382,2026-02-25,5778.87,Bank,Paid
1383,1383,2024-06-30,6579.87,UPI,Pending
1384,1384,2026-01-26,4807.47,Bank,Paid
1385,1385,2026-08-01,2113.7,UPI,Paid
1386,1386,2024-05-25,4953.57,UPI,Paid
1387,1387,2024-12-28,1512.55,UPI,Paid
1388,1388,2026-07-02,2361.31,Card,Failed
1389,1389,2025-07-12,5901.93,Wallet,Paid
1390,1390,2026-04-19,554.23,UPI,Paid
1391,1391,2024-07-23,5142.1,Wallet,Failed
1392,1392,2024-02-20,8331.06,Bank,Paid
1393,1393,2026-08-23,3933.9,Bank,Paid
1394,1394,2025-06-20,2536.36,Wallet,Paid
1395,1395,2026-03-15,219.9,Card,Paid
1396,1396,2024-09-22,2617.32,Bank,Paid
1397,1397,2024-10-30,1356.6,UPI,Pending
1398,1398,2025-02-09,3359.12,Card,Paid
1399,1399,2026-07-29,2996.37,Bank,Paid
1400,1400,2024-09-16,1268.72,Wallet,Paid
1401,1401,2024-11-12,4720.07,UPI,Paid
1402,1402,2025-09-30,419.82,Bank,Failed
1403,1403,2025-02-20,176.59,UPI,Paid
1404,1404,2025-09-04,4214.85,UPI,Paid
1405,1405,2026-02-14,2710.67,Card,Paid
1406,1406,2024-08-26,4467.11,Wallet,Paid
1407,1407,2024-09-25,1708.29,Card,Paid
1408,1408,2024-05-02,3453.39,UPI,Paid
1409,1409,2025-04-28,6039.6,Wallet,Paid
1410,1410,2026-02-11,2247.64,Card,Paid
1411,1411,2025-07-01,7872.74,Wallet,Paid
1412,1412,2024-12-21,4214.95,UPI,Paid
1413,1413,2026-01-22,5377.13,Card,Pending
1414,1414,2025-08-13,2814.91,Card,Paid
1415,1415,2024-10-26,1850.4,Wallet,Paid
1416,1416,2024-12-08,3825.2,Bank,Paid
1417,1417,2024-07-16,5621.3,Wallet,Paid
1418,1418,2025-11-16,4873.08,Card,Paid
1419,1419,2025-05-22,2198.49,Bank,Paid
1420,1420,2025-10-31,5880.65,Wallet,Paid
1421,1421,2025-02-08,1717.8,Bank,Paid
1422,1422,2025-07-30,8646.97,UPI,Paid
1423,1423,2025-03-25,7973.22,Wallet,Paid
1424,1424,2025-09-25,6978.65,Bank,Paid
1425,1425,2025-02-28,3809.75,UPI,Paid
1426,1426,2026-02-07,2455.52,UPI,Failed
1427,1427,2025-09-13,590.99,Card,Paid
1428,1428,2024-06-02,862.64,Card,Paid
1429,1429,2026-07-24,2263.92,Bank,Paid
1430,1430,2025-11-03,2079.34,Wallet,Paid
1431,1431,2026-01-10,2227.62,Bank,Paid
1432,1432,2025-05-04,541.74,Wallet,Paid
1433,1433,2024-04-21,2785.15,Wallet,Paid
1434,1434,2025-09-10,4956.93,Wallet,Paid
1435,1435,2025-12-31,1183.27,Bank,Paid
1436,1436,2025-04-05,5341.86,Bank,Paid
1437,1437,2024-03-25,3880.04,UPI,Paid
1438,1438,2024-10-13,859.72,UPI,Paid
1439,1439,2026-06-13,6377.36,UPI,Paid
1440,1440,2024-03-26,1395.31,UPI,Paid
1441,1441,2026-07-29,576.14,Card,Paid
1442,1442,2025-12-25,654.34,Card,Paid
1443,1443,2024-05-16,4000.25,UPI,Paid
1444,1444,2024-03-31,2451.52,Bank,Paid
1445,1445,2026-06-27,857.3,Wallet,Paid
1446,1446,2024-06-06,4355.89,UPI,Paid
1447,1447,2026-07-30,2968.61,Wallet,Paid
1448,1448,2025-01-05,1342.37,UPI,Paid
1449,1449,2025-10-08,2686.99,Bank,Paid
1450,1450,2025-02-11,2387.51,Wallet,Paid
1451,1451,2025-01-06,4085.99,Wallet,Paid
1452,1452,2026-07-22,3947.9,Bank,Paid
1453,1453,2025-11-19,854.15,Card,Paid
1454,1454,2026-01-27,5361.7,Bank,Paid
1455,1455,2026-05-21,5447.34,UPI,Paid
1456,1456,2025-07-07,5511.77,Bank,Paid
1457,1457,2026-01-31,1195.62,Card,Paid
1458,1458,2024-01-30,5825.08,Bank,Paid
1459,1459,2024-05-02,3591.08,Bank,Paid
1460,1460,2025-06-25,7212.05,Bank,Paid
1461,1461,2025-03-23,689.43,Bank,Failed
1462,1462,2024-07-23,3693.5,UPI,Paid
1463,1463,2026-04-03,1147.74,Wallet,Pending
1464,1464,2025-06-08,1833.6,UPI,Paid
1465,1465,2025-06-29,1928.97,Wallet,Paid
1466,1466,2026-05-21,2650.78,Card,Paid
1467,1467,2024-05-08,4885.23,Bank,Paid
1468,1468,2025-10-05,2001.86,Card,Paid
1469,1469,2025-09-28,2417.28,UPI,Paid
1470,1470,2025-04-11,683.81,UPI,Paid
1471,1471,2026-01-18,2886.12,Bank,Paid
1472,1472,2025-11-23,1630.84,Wallet,Paid
1473,1473,2024-07-27,2761.45,Card,Paid
1474,1474,2024-04-10,360.41,Wallet,Paid
1475,1475,2025-04-16,2660.9,Card,Paid
1476,1476,2025-08-11,693.18,Wallet,Paid
1477,1477,2025-03-14,5674.05,Bank,Paid
1478,1478,2025-12-18,4875.29,UPI,Paid
1479,1479,2024-02-21,11401.1,Card,Paid
1480,1480,2025-12-04,2582.62,Wallet,Paid
1481,1481,2025-07-07,1107.56,Wallet,Paid
1482,1482,2026-05-17,4874.84,Bank,Paid
1483,1483,2024-07-14,7108.18,UPI,Paid
1484,1484,2024-03-16,3598.49,Bank,Paid
1485,1485,2026-01-02,8941.68,UPI,Paid
1486,1486,2026-06-11,4178.87,Card,Paid
1487,1487,2024-09-28,978.37,Wallet,Paid
1488,1488,2025-09-20,297.35,UPI,Paid
1489,1489,2025-09-20,2572.13,Card,Paid
1490,1490,2025-02-01,4587.65,Bank,Paid
1491,1491,2024-11-07,2023.5,Bank,Paid
1492,1492,2024-09-18,973.08,Wallet,Paid
1493,1493,2025-06-30,2286.97,Bank,Paid
1494,1494,2025-03-08,1970.48,Bank,Paid
1495,1495,2026-03-06,4748.09,Bank,Paid
1496,1496,2024-11-03,2746.39,Card,Paid
1497,1497,2025-05-14,1395.6,Bank,Paid
1498,1498,2024-08-01,4261.32,Card,Paid
1499,1499,2025-05-01,1629.97,Bank,Paid
1500,1500,2025-07-25,1830.33,UPI,Paid
1501,1501,2025-07-08,810.6,Wallet,Paid
1502,1502,2024-10-30,3770.05,Bank,Paid
1503,1503,2025-11-27,1593.2,Card,Paid
1504,1504,2025-07-02,8689.09,Wallet,Paid
1505,1505,2025-12-01,4312.97,Card,Paid
1506,1506,2024-11-17,3815.89,Card,Paid
1507,1507,2024-08-18,3607.21,Card,Paid
1508,1508,2024-06-30,1906.08,UPI,Paid
1509,1509,2024-03-06,1745.08,Bank,Paid
1510,1510,2024-10-01,1371.39,Wallet,Paid
1511,1511,2024-05-12,4693.89,Bank,Paid
1512,1512,2025-01-31,6751.76,Card,Paid
1513,1513,2026-02-08,6362.46,Bank,Paid
1514,1514,2024-11-06,353.28,Bank,Paid
1515,1515,2026-06-05,1476.39,Bank,Paid
1516,1516,2024-12-10,2336.47,UPI,Paid
1517,1517,2024-08-06,3043.34,Card,Paid
1518,1518,2026-08-21,2778.14,Bank,Paid
1519,1519,2026-05-11,442.0,Bank,Paid
1520,1520,2024-11-27,2343.06,UPI,Paid
1521,1521,2026-08-26,7389.27,Bank,Paid
1522,1522,2026-02-13,2665.65,Card,Paid
1523,1523,2025-05-08,4285.28,Bank,Paid
1524,1524,2025-08-29,2260.62,UPI,Paid
1525,1525,2026-05-30,4816.77,Card,Paid
1526,1526,2025-10-09,1556.74,Card,Paid
1527,1527,2024-03-21,88.16,Wallet,Paid
1528,1528,2025-02-23,901.77,Bank,Failed
1529,1529,2024-02-03,4181.35,Bank,Paid
1530,1530,2025-10-11,178.84,Wallet,Paid
1531,1531,2024-01-21,8378.82,Card,Failed
1532,1532,2024-01-12,2573.64,UPI,Paid
1533,1533,2026-04-09,6726.2,UPI,Pending
1534,1534,2024-05-19,7723.1,Card,Paid
1535,1535,2025-05-27,1835.19,Card,Paid
1536,1536,2026-06-02,5079.7,Card,Pending
1537,1537,2024-04-28,7384.95,Card,Paid
1538,1538,2026-07-14,6110.21,Card,Paid
1539,1539,2026-07-06,2979.32,Bank,Paid
1540,1540,2026-08-17,1043.47,UPI,Paid
1541,1541,2025-12-02,6803.83,UPI,Paid
1542,1542,2025-05-08,1745.13,Wallet,Paid
1543,1543,2024-01-29,3571.78,Card,Paid
1544,1544,2026-05-15,4665.71,Bank,Paid
1545,1545,2026-05-02,937.94,Card,Paid
1546,1546,2026-07-14,6525.97,UPI,Paid
1547,1547,2025-07-04,2777.33,Bank,Paid
1548,1548,2025-01-17,7162.78,UPI,Failed
1549,1549,2024-08-06,1009.09,Card,Paid
1550,1550,2025-08-06,4554.61,Card,Pending
1551,1551,2026-05-25,1827.32,Card,Paid
1552,1552,2025-10-21,2690.22,Wallet,Paid
1553,1553,2024-04-11,2307.61,Bank,Paid
1554,1554,2026-06-10,2513.87,Wallet,Paid
1555,1555,2026-05-10,4855.44,Bank,Paid
1556,1556,2025-10-15,1472.98,UPI,Paid
1557,1557,2024-01-19,2961.31,UPI,Paid
1558,1558,2024-01-19,2627.14,Wallet,Paid
1559,1559,2024-02-02,2504.81,Wallet,Paid
1560,1560,2024-03-16,1572.05,Card,Paid
1561,1561,2026-06-04,87.42,Bank,Paid
1562,1562,2025-12-17,4211.78,Card,Paid
1563,1563,2024-07-11,458.94,Bank,Paid
1564,1564,2025-05-06,3731.88,Card,Paid
1565,1565,2024-11-07,2107.92,Bank,Paid
1566,1566,2024-11-12,2267.12,Bank,Paid
1567,1567,2026-01-09,3896.38,UPI,Paid
1568,1568,2025-03-04,3765.94,Bank,Paid
1569,1569,2026-07-19,889.68,Bank,Paid
1570,1570,2024-01-16,2681.3,UPI,Paid
1571,1571,2025-06-09,412.5,Wallet,Paid
1572,1572,2024-09-26,5688.81,Card,Paid
1573,1573,2025-04-20,555.92,Card,Paid
1574,1574,2026-02-09,2119.95,Bank,Paid
1575,1575,2024-07-26,3001.83,Wallet,Paid
1576,1576,2026-04-13,846.84,Bank,Paid
1577,1577,2025-02-01,3882.46,Bank,Paid
1578,1578,2024-10-26,3782.8,UPI,Paid
1579,1579,2024-03-05,1849.21,UPI,Paid
1580,1580,2024-07-07,1173.11,Wallet,Pending
1581,1581,2025-05-17,2599.24,Card,Paid
1582,1582,2025-03-08,6882.76,UPI,Paid
1583,1583,2025-02-01,8328.76,UPI,Paid
1584,1584,2024-04-27,1487.84,Card,Paid
1585,1585,2024-07-31,3900.61,Bank,Paid
1586,1586,2026-08-23,1874.04,UPI,Paid
1587,1587,2025-03-16,3113.75,Bank,Paid
1588,1588,2024-11-24,2221.2,Card,Paid
1589,1589,2026-05-19,3903.18,Wallet,Paid
1590,1590,2026-02-18,2103.88,Wallet,Paid
1591,1591,2025-09-19,5770.77,Card,Paid
1592,1592,2024-11-07,7768.11,UPI,Paid
1593,1593,2025-09-23,7387.0,Wallet,Paid
1594,1594,2026-08-21,4446.7,Wallet,Paid
1595,1595,2024-08-29,1559.58,Wallet,Paid
1596,1596,2026-07-13,2300.81,Card,Paid
1597,1597,2026-02-01,4285.79,Wallet,Paid
1598,1598,2024-05-23,3906.31,Card,Paid
1599,1599,2025-01-21,3438.11,Card,Paid
1600,1600,2026-06-05,1645.42,Wallet,Paid
1601,1601,2025-01-12,1496.07,UPI,Paid
1602,1602,2024-02-27,4072.52,Bank,Paid
1603,1603,2026-05-13,130.46,Wallet,Paid
1604,1604,2024-02-06,1670.88,Wallet,Paid
1605,1605,2024-09-13,5555.29,Card,Paid
1606,1606,2024-11-28,6182.57,Wallet,Paid
1607,1607,2025-02-16,3663.22,Bank,Paid
1608,1608,2024-08-07,1240.84,Card,Paid
1609,1609,2024-09-14,1164.69,UPI,Paid
1610,1610,2024-11-18,5388.01,UPI,Paid
1611,1611,2025-01-02,852.68,Bank,Paid
1612,1612,2024-02-01,2446.51,UPI,Paid
1613,1613,2025-02-20,4782.26,Wallet,Paid
1614,1614,2024-01-14,1305.43,Bank,Paid
1615,1615,2025-12-05,3551.19,UPI,Paid
1616,1616,2025-11-09,3234.22,Wallet,Paid
1617,1617,2026-05-30,1970.23,UPI,Paid
1618,1618,2024-04-06,3611.16,Wallet,Paid
1619,1619,2026-04-13,2440.94,UPI,Paid
1620,1620,2026-08-15,155.31,Wallet,Paid
1621,1621,2026-05-03,9976.87,Card,Paid
1622,1622,2026-06-07,2245.73,Wallet,Paid
1623,1623,2024-03-30,1182.87,Wallet,Paid
1624,1624,2025-06-03,976.41,UPI,Paid
1625,1625,2025-03-10,4330.61,Card,Paid
1626,1626,2026-01-31,4355.26,Card,Failed
1627,1627,2026-05-03,2567.18,Wallet,Paid
1628,1628,2024-09-06,3003.22,UPI,Paid
1629,1629,2025-05-02,2263.16,Card,Paid
1630,1630,2024-04-01,5920.23,Card,Paid
1631,1631,2024-06-14,1610.79,Wallet,Paid
1632,1632,2024-05-02,4739.07,Bank,Paid
1633,1633,2024-01-05,5265.65,Card,Paid
1634,1634,2026-07-01,1428.56,Bank,Paid
1635,1635,2026-02-28,3612.33,UPI,Paid
1636,1636,2024-04-01,650.34,UPI,Paid
1637,1637,2025-11-26,80.98,Bank,Paid
1638,1638,2024-03-23,326.45,Wallet,Paid
1639,1639,2025-07-06,2089.56,Card,Paid
1640,1640,2026-02-12,6730.82,Bank,Paid
1641,1641,2026-08-11,3139.35,Card,Paid
1642,1642,2026-06-30,3170.97,UPI,Paid
1643,1643,2024-12-19,1724.94,Card,Paid
1644,1644,2024-07-23,748.03,Wallet,Paid
1645,1645,2025-04-17,3339.42,Wallet,Paid
1646,1646,2026-06-07,6408.93,Wallet,Paid
1647,1647,2024-12-23,374.71,Card,Paid
1648,1648,2026-08-16,93.35,UPI,Paid
1649,1649,2025-12-31,2532.8,UPI,Paid
1650,1650,2026-08-02,218.55,Card,Paid
1651,1651,2024-01-06,5806.51,UPI,Paid
1652,1652,2024-04-27,307.91,Wallet,Paid
1653,1653,2026-04-25,1991.1,Card,Paid
1654,1654,2024-05-07,2880.93,Bank,Pending
1655,1655,2024-09-11,1019.96,Wallet,Paid
1656,1656,2026-02-21,1804.12,Bank,Paid
1657,1657,2025-02-21,1638.96,Wallet,Pending
1658,1658,2025-09-27,2516.71,Card,Paid
1659,1659,2026-06-19,1600.28,UPI,Paid
1660,1660,2025-05-10,1412.19,Wallet,Paid
1661,1661,2024-02-15,2069.36,UPI,Paid
1662,1662,2024-04-05,4038.43,Wallet,Paid
1663,1663,2026-04-03,4746.91,UPI,Failed
1664,1664,2024-10-14,4262.95,Bank,Paid
1665,1665,2025-06-18,722.92,UPI,Failed
1666,1666,2024-09-17,2580.83,UPI,Paid
1667,1667,2025-03-04,505.13,UPI,Paid
1668,1668,2025-12-12,1298.2,Card,Paid
1669,1669,2024-11-25,869.09,Wallet,Paid
1670,1670,2025-11-17,6035.47,Bank,Pending
1671,1671,2024-03-18,810.41,UPI,Failed
1672,1672,2024-04-12,4129.06,Wallet,Paid
1673,1673,2024-04-14,4360.34,Card,Paid
1674,1674,2025-02-25,3538.29,Wallet,Paid
1675,1675,2025-07-07,6010.12,Wallet,Paid
1676,1676,2025-06-27,735.99,Bank,Paid
1677,1677,2025-07-25,2624.52,Wallet,Paid
1678,1678,2025-06-06,3581.89,Bank,Paid
1679,1679,2024-08-16,3088.39,Wallet,Paid
1680,1680,2025-01-15,1158.47,Bank,Failed
1681,1681,2024-01-29,4697.44,UPI,Paid
1682,1682,2024-03-13,406.44,Bank,Failed
1683,1683,2025-12-05,2644.68,Card,Paid
1684,1684,2024-06-07,1702.7,UPI,Paid
1685,1685,2026-04-25,382.35,Card,Paid
1686,1686,2024-05-11,1319.7,Wallet,Paid
1687,1687,2025-11-13,5356.41,Wallet,Paid
1688,1688,2026-07-23,645.32,UPI,Paid
1689,1689,2024-10-15,2651.44,Wallet,Failed
1690,1690,2025-01-24,3462.28,Wallet,Paid
1691,1691,2026-04-04,6955.42,Card,Paid
1692,1692,2026-08-04,3549.48,Wallet,Paid
1693,1693,2025-06-18,2703.25,UPI,Paid
1694,1694,2024-12-18,2256.9,Card,Paid
1695,1695,2025-09-12,3998.15,Card,Paid
1696,1696,2026-08-05,4763.76,Bank,Paid
1697,1697,2025-09-18,1118.22,Wallet,Paid
1698,1698,2024-07-14,2915.76,Card,Paid
1699,1699,2026-06-13,5911.04,Card,Paid
1700,1700,2024-06-29,5322.18,UPI,Paid
1701,1701,2025-12-21,1651.28,Wallet,Paid
1702,1702,2024-01-17,7394.58,Card,Paid
1703,1703,2024-08-28,8152.93,Bank,Paid
1704,1704,2024-10-19,1130.39,Bank,Paid
1705,1705,2026-01-03,5956.19,Wallet,Paid
1706,1706,2024-06-30,2444.85,Bank,Paid
1707,1707,2026-04-13,5071.09,Bank,Paid
1708,1708,2026-01-27,4665.24,UPI,Paid
1709,1709,2025-01-07,4506.39,UPI,Paid
1710,1710,2024-10-16,2203.75,Bank,Paid
1711,1711,2024-12-10,2853.85,UPI,Paid
1712,1712,2024-04-20,2328.45,UPI,Paid
1713,1713,2025-11-30,1522.36,Card,Paid
1714,1714,2025-11-24,4013.0,UPI,Paid
1715,1715,2024-01-06,4356.54,Bank,Paid
1716,1716,2026-02-03,553.06,Bank,Paid
1717,1717,2025-09-23,476.19,Card,Paid
1718,1718,2026-08-27,1968.97,Wallet,Paid
1719,1719,2024-07-17,109.57,Card,Paid
1720,1720,2024-08-04,688.38,Card,Failed
1721,1721,2026-03-23,1453.12,Card,Pending
1722,1722,2024-10-10,433.12,Wallet,Paid
1723,1723,2025-10-23,3104.22,Bank,Paid
1724,1724,2025-09-06,6411.49,Card,Paid
1725,1725,2024-06-29,2827.89,Card,Paid
1726,1726,2024-03-08,4865.82,Bank,Paid
1727,1727,2025-06-04,127.84,Bank,Paid
1728,1728,2025-09-24,2653.23,Wallet,Paid
1729,1729,2024-01-18,1952.79,Bank,Pending
1730,1730,2026-05-02,6649.24,Bank,Paid
1731,1731,2025-08-12,3996.17,Bank,Paid
1732,1732,2025-12-26,6703.68,Card,Paid
1733,1733,2026-08-06,1333.38,Wallet,Paid
1734,1734,2024-05-19,6102.03,UPI,Paid
1735,1735,2024-09-01,7035.69,Card,Paid
1736,1736,2024-02-18,567.57,Card,Paid
1737,1737,2024-04-20,6153.1,UPI,Paid
1738,1738,2026-03-26,3696.55,Bank,Paid
1739,1739,2025-10-28,1941.26,Bank,Paid
1740,1740,2026-02-19,61.18,Card,Paid
1741,1741,2025-01-19,6440.83,Wallet,Paid
1742,1742,2025-03-09,1083.61,Card,Paid
1743,1743,2026-07-17,5059.41,Bank,Paid
1744,1744,2024-07-27,824.91,Wallet,Paid
1745,1745,2024-10-23,4345.85,Card,Paid
1746,1746,2025-07-05,1683.17,Card,Paid
1747,1747,2025-10-09,582.78,Bank,Paid
1748,1748,2026-08-16,458.22,Card,Paid
1749,1749,2024-04-03,583.67,Wallet,Paid
1750,1750,2025-07-22,2057.19,UPI,Paid
1751,1751,2025-02-26,8291.21,UPI,Paid
1752,1752,2026-08-16,1180.37,Wallet,Paid
1753,1753,2024-02-14,3115.7,Bank,Paid
1754,1754,2024-09-26,1875.48,Card,Paid
1755,1755,2024-11-05,838.2,UPI,Paid
1756,1756,2025-03-10,6869.23,Bank,Paid
1757,1757,2025-01-27,691.0,Card,Paid
1758,1758,2025-05-25,6200.36,Wallet,Pending
1759,1759,2026-03-16,2326.91,Wallet,Paid
1760,1760,2025-09-08,536.6,UPI,Paid
1761,1761,2024-02-21,6634.76,Bank,Paid
1762,1762,2025-07-30,4385.65,Bank,Paid
1763,1763,2026-06-30,815.13,Card,Paid
1764,1764,2024-11-15,335.05,Card,Paid
1765,1765,2025-08-29,4425.52,UPI,Paid
1766,1766,2024-08-20,3086.61,UPI,Paid
1767,1767,2025-10-05,1751.85,Wallet,Paid
1768,1768,2025-10-01,5824.76,Card,Paid
1769,1769,2024-03-13,1605.86,Wallet,Paid
1770,1770,2025-08-04,5593.65,UPI,Paid
1771,1771,2025-08-26,2700.94,UPI,Paid
1772,1772,2026-04-17,8418.34,Bank,Paid
1773,1773,2025-09-21,1788.26,Card,Paid
1774,1774,2025-06-06,1557.08,UPI,Paid
1775,1775,2026-05-15,6586.51,UPI,Paid
1776,1776,2024-07-28,5721.51,UPI,Paid
1777,1777,2026-01-11,4906.92,UPI,Paid
1778,1778,2026-01-27,1496.31,UPI,Paid
1779,1779,2025-03-06,5908.26,UPI,Failed
1780,1780,2024-05-05,1496.32,Wallet,Paid
1781,1781,2024-06-26,3749.02,Wallet,Paid
1782,1782,2024-07-10,3759.57,Card,Paid
1783,1783,2024-04-10,512.2,UPI,Paid
1784,1784,2026-03-26,2575.64,Bank,Paid
1785,1785,2025-01-01,315.49,Card,Paid
1786,1786,2025-05-30,2319.37,UPI,Failed
1787,1787,2024-08-13,2558.36,Card,Failed
1788,1788,2025-01-29,4156.17,Wallet,Paid
1789,1789,2024-05-03,7230.41,Wallet,Paid
1790,1790,2026-04-17,861.59,Bank,Paid
1791,1791,2024-03-12,2753.18,Card,Failed
1792,1792,2024-04-02,5462.66,UPI,Paid
1793,1793,2025-08-28,1876.93,Card,Paid
1794,1794,2024-08-21,6750.29,Card,Paid
1795,1795,2026-06-26,434.28,Card,Paid
1796,1796,2026-07-28,3353.65,UPI,Paid
1797,1797,2024-05-22,1736.39,Bank,Paid
1798,1798,2025-09-16,2539.65,Wallet,Paid
1799,1799,2024-02-22,3323.02,UPI,Paid
1800,1800,2024-01-26,7131.34,Card,Paid
1801,1801,2025-11-19,351.02,Card,Paid
1802,1802,2024-09-27,905.13,Bank,Paid
1803,1803,2026-02-21,4026.63,UPI,Paid
1804,1804,2025-02-13,2279.0,Wallet,Paid
1805,1805,2025-10-03,1229.64,Bank,Paid
1806,1806,2024-06-03,1302.57,UPI,Paid
1807,1807,2024-03-22,4359.86,Wallet,Paid
1808,1808,2026-03-19,1459.52,Bank,Paid
1809,1809,2026-02-14,1819.13,Card,Paid
1810,1810,2025-01-10,1999.4,Wallet,Paid
1811,1811,2024-01-04,1066.33,Bank,Pending
1812,1812,2026-05-18,1842.85,Card,Paid
1813,1813,2026-08-09,5467.77,Bank,Paid
1814,1814,2025-11-11,3807.73,Card,Paid
1815,1815,2025-01-26,2428.71,Wallet,Paid
1816,1816,2026-03-28,1725.54,Wallet,Paid
1817,1817,2024-03-02,6015.35,Bank,Failed
1818,1818,2026-06-06,5242.41,UPI,Paid
1819,1819,2025-05-08,896.79,Wallet,Paid
1820,1820,2025-12-14,803.04,UPI,Paid
1821,1821,2025-12-25,8046.38,Bank,Paid
1822,1822,2024-01-04,3157.33,Card,Paid
1823,1823,2024-03-14,3578.59,Card,Paid
1824,1824,2026-03-07,5789.3,Wallet,Paid
1825,1825,2026-05-18,1665.79,UPI,Paid
1826,1826,2024-08-31,1656.21,Bank,Paid
1827,1827,2024-04-30,1352.65,Bank,Paid
1828,1828,2026-04-26,3014.43,Bank,Paid
1829,1829,2025-01-06,740.47,UPI,Failed
1830,1830,2024-11-28,2529.65,UPI,Paid
1831,1831,2025-08-13,1604.7,Card,Paid
1832,1832,2026-05-02,1573.83,Card,Paid
1833,1833,2025-12-19,5364.77,Wallet,Paid
1834,1834,2024-03-30,2770.11,Bank,Paid
1835,1835,2024-09-25,258.81,Card,Paid
1836,1836,2025-10-15,2289.49,Bank,Paid
1837,1837,2024-10-14,6457.4,Bank,Paid
1838,1838,2025-03-20,3588.38,Wallet,Pending
1839,1839,2026-04-10,606.84,Bank,Paid
1840,1840,2024-02-23,2964.8,Card,Paid
1841,1841,2026-05-15,801.68,Wallet,Paid
1842,1842,2025-04-13,3618.52,Card,Paid
1843,1843,2026-02-12,2729.63,Bank,Paid
1844,1844,2026-03-21,4517.78,Bank,Paid
1845,1845,2025-12-03,7222.42,Bank,Paid
1846,1846,2026-02-06,878.11,Wallet,Paid
1847,1847,2025-03-18,5194.72,Card,Paid
1848,1848,2025-05-14,4497.19,Card,Paid
1849,1849,2024-07-14,834.81,Wallet,Paid
1850,1850,2024-08-06,562.44,Card,Paid
1851,1851,2026-07-19,879.09,Card,Paid
1852,1852,2026-03-14,3004.98,UPI,Paid
1853,1853,2024-12-25,3746.74,Bank,Paid
1854,1854,2025-09-02,3168.83,Wallet,Paid
1855,1855,2025-02-16,1857.13,Bank,Paid
1856,1856,2024-07-22,6906.91,Card,Paid
1857,1857,2024-12-06,7167.51,UPI,Paid
1858,1858,2025-08-12,2366.34,UPI,Paid
1859,1859,2024-09-17,5111.72,Wallet,Paid
1860,1860,2025-09-17,1646.07,UPI,Paid
1861,1861,2025-11-27,5274.75,UPI,Paid
1862,1862,2026-01-04,2442.0,Bank,Paid
1863,1863,2026-02-07,3602.08,UPI,Paid
1864,1864,2024-04-06,1410.18,Card,Paid
1865,1865,2026-05-25,1899.98,Wallet,Paid
1866,1866,2025-02-04,6345.43,Bank,Paid
1867,1867,2024-05-22,2246.96,UPI,Paid
1868,1868,2025-05-30,1347.97,Bank,Paid
1869,1869,2025-04-25,2472.84,Wallet,Paid
1870,1870,2024-04-04,4933.12,Bank,Paid
1871,1871,2024-03-02,2132.94,Bank,Paid
1872,1872,2024-05-08,4639.89,Bank,Paid
1873,1873,2026-04-11,3303.43,Bank,Pending
1874,1874,2024-05-13,4042.28,Card,Paid
1875,1875,2025-12-09,4708.94,Bank,Paid
1876,1876,2024-10-10,3084.03,UPI,Pending
1877,1877,2026-08-07,6234.61,Bank,Paid
1878,1878,2024-10-17,867.83,Card,Paid
1879,1879,2024-08-20,1952.9,Card,Pending
1880,1880,2026-08-27,351.15,Bank,Paid
1881,1881,2025-11-29,6026.36,Bank,Paid
1882,1882,2025-07-06,10355.69,Card,Paid
1883,1883,2025-02-03,715.51,Wallet,Paid
1884,1884,2024-09-10,5562.79,Wallet,Paid
1885,1885,2024-07-27,3804.23,UPI,Paid
1886,1886,2025-06-22,7731.04,UPI,Paid
1887,1887,2024-05-13,6070.26,Wallet,Paid
1888,1888,2026-01-24,800.8,Bank,Paid
1889,1889,2025-09-02,5924.96,Bank,Failed
1890,1890,2024-11-29,2340.05,UPI,Paid
1891,1891,2025-07-04,741.81,Card,Paid
1892,1892,2026-07-05,8135.52,Wallet,Paid
1893,1893,2024-01-05,2562.82,Bank,Paid
1894,1894,2025-10-14,5755.49,Wallet,Paid
1895,1895,2025-11-29,2469.91,Bank,Paid
1896,1896,2025-03-23,2624.08,UPI,Paid
1897,1897,2025-03-29,4998.45,Wallet,Pending
1898,1898,2025-09-24,6397.79,UPI,Paid
1899,1899,2026-02-20,5848.77,UPI,Paid
1900,1900,2026-02-21,1842.14,Wallet,Paid
1901,1901,2024-03-10,2993.13,Bank,Failed
1902,1902,2025-10-01,407.96,Bank,Paid
1903,1903,2024-03-11,4465.1,Bank,Paid
1904,1904,2026-08-12,2738.19,Card,Paid
1905,1905,2025-12-20,55.13,Wallet,Paid
1906,1906,2025-12-24,3910.72,UPI,Pending
1907,1907,2024-05-12,4509.05,UPI,Paid
1908,1908,2026-04-06,1173.37,Wallet,Paid
1909,1909,2024-05-05,4383.48,Bank,Paid
1910,1910,2026-02-23,4763.98,Card,Paid
1911,1911,2025-02-20,7461.25,Bank,Paid
1912,1912,2025-08-15,3879.11,Wallet,Pending
1913,1913,2024-08-24,6536.88,Card,Paid
1914,1914,2024-10-27,3744.8,Bank,Pending
1915,1915,2026-04-19,426.9,Card,Paid
1916,1916,2026-08-13,1147.17,Card,Paid
1917,1917,2026-07-29,4102.41,Wallet,Paid
1918,1918,2024-03-11,2445.44,Bank,Paid
1919,1919,2024-11-25,1543.02,Bank,Paid
1920,1920,2024-01-17,4876.32,UPI,Paid
1921,1921,2025-12-30,11781.22,Bank,Paid
1922,1922,2025-03-16,3150.43,Card,Paid
1923,1923,2025-12-13,1581.02,UPI,Paid
1924,1924,2025-01-18,648.75,Wallet,Paid
1925,1925,2024-10-12,4363.57,Card,Paid
1926,1926,2026-04-10,1743.09,UPI,Paid
1927,1927,2024-02-07,4066.29,UPI,Paid
1928,1928,2025-04-08,5387.3,UPI,Paid
1929,1929,2026-05-26,4069.29,UPI,Paid
1930,1930,2024-01-29,996.69,Bank,Paid
1931,1931,2025-06-11,4663.02,Wallet,Paid
1932,1932,2026-03-18,1040.46,Wallet,Paid
1933,1933,2026-04-06,2794.61,Bank,Paid
1934,1934,2025-12-10,3516.12,UPI,Paid
1935,1935,2026-02-03,1489.87,Bank,Paid
1936,1936,2025-02-03,1507.47,Card,Paid
1937,1937,2025-11-10,2129.34,Card,Paid
1938,1938,2024-12-04,677.14,UPI,Paid
1939,1939,2024-10-12,3151.84,Card,Paid
1940,1940,2025-10-11,4492.22,UPI,Paid
1941,1941,2024-12-16,2903.46,Bank,Failed
1942,1942,2026-02-17,3662.18,UPI,Paid
1943,1943,2026-06-21,4466.75,UPI,Paid
1944,1944,2026-07-27,6170.98,Card,Paid
1945,1945,2024-04-24,1239.98,UPI,Paid
1946,1946,2025-04-11,2660.8,Wallet,Paid
1947,1947,2025-02-18,2962.05,Bank,Paid
1948,1948,2025-03-26,2320.44,Card,Paid
1949,1949,2024-12-31,7444.18,Wallet,Failed
1950,1950,2025-05-19,2182.51,Card,Pending
1951,1951,2024-05-24,1834.69,Wallet,Paid
1952,1952,2024-08-14,2584.81,Card,Paid
1953,1953,2024-06-16,882.44,Wallet,Paid
1954,1954,2025-04-27,3045.46,Card,Paid
1955,1955,2025-04-28,610.47,Bank,Paid
1956,1956,2024-06-18,1633.88,Card,Paid
1957,1957,2025-08-26,5397.54,Wallet,Paid
1958,1958,2026-04-19,1334.11,Bank,Paid
1959,1959,2026-08-15,957.92,Card,Paid
1960,1960,2026-07-16,6540.67,Wallet,Paid
1961,1961,2026-05-27,91.56,Bank,Paid
1962,1962,2025-12-20,2397.88,Bank,Failed
1963,1963,2025-02-14,2902.96,Bank,Paid
1964,1964,2025-06-08,1285.92,Card,Paid
1965,1965,2026-07-04,2187.74,Card,Paid
1966,1966,2026-06-05,4763.61,Card,Paid
1967,1967,2025-11-30,1599.16,UPI,Paid
1968,1968,2024-10-27,1951.06,UPI,Paid
1969,1969,2025-12-15,4165.8,Bank,Paid
1970,1970,2024-05-29,3135.46,UPI,Paid
1971,1971,2026-04-02,1281.07,Card,Paid
1972,1972,2024-02-05,1441.36,UPI,Failed
1973,1973,2025-07-04,922.27,UPI,Paid
1974,1974,2026-05-24,7989.4,UPI,Paid
1975,1975,2025-08-07,597.52,Card,Paid
1976,1976,2025-12-11,772.1,Wallet,Paid
1977,1977,2026-08-26,2027.71,Bank,Paid
1978,1978,2024-03-03,1606.47,Bank,Paid
1979,1979,2025-03-05,1846.57,Card,Paid
1980,1980,2026-07-19,1949.18,UPI,Paid
1981,1981,2025-08-09,4239.18,Card,Paid
1982,1982,2025-10-08,6422.2,Bank,Paid
1983,1983,2024-06-01,5614.66,Wallet,Paid
1984,1984,2025-04-01,5880.4,UPI,Paid
1985,1985,2026-07-08,1137.58,Card,Paid
1986,1986,2024-08-08,2719.84,Card,Paid
1987,1987,2025-07-17,2413.93,Wallet,Paid
1988,1988,2024-03-19,770.5,Bank,Paid
1989,1989,2025-07-25,3547.98,Wallet,Paid
1990,1990,2026-08-14,3845.75,Wallet,Paid
1991,1991,2025-08-05,3428.22,Card,Paid
1992,1992,2024-08-31,2736.98,Bank,Paid
1993,1993,2026-02-10,2588.9,Wallet,Paid
1994,1994,2026-07-06,3196.19,Bank,Paid
1995,1995,2025-05-07,2285.4,Card,Failed
1996,1996,2026-01-03,833.08,Bank,Paid
1997,1997,2025-03-15,3493.69,Bank,Pending
1998,1998,2024-10-31,1099.58,Card,Paid
1999,1999,2025-06-16,2416.6,Wallet,Paid
2000,2000,2026-01-08,501.31,Card,Paid
2001,2001,2025-04-24,3203.92,Wallet,Paid
2002,2002,2024-08-27,3011.91,Bank,Paid
2003,2003,2025-07-17,3289.47,Bank,Paid
2004,2004,2024-10-17,4404.98,Wallet,Paid
2005,2005,2024-01-01,1648.72,Card,Paid
2006,2006,2024-01-10,2715.06,Bank,Paid
2007,2007,2025-06-14,5667.34,Bank,Paid
2008,2008,2026-02-03,783.65,Card,Paid
2009,2009,2026-08-01,1106.12,Bank,Paid
2010,2010,2025-06-11,4617.71,Wallet,Paid
2011,2011,2025-04-01,4777.91,Card,Paid
2012,2012,2025-11-08,2836.14,UPI,Paid
2013,2013,2026-07-31,2432.87,Card,Paid
2014,2014,2025-04-22,1514.79,Card,Failed
2015,2015,2025-02-14,4203.34,UPI,Paid
2016,2016,2026-06-21,687.54,UPI,Paid
2017,2017,2024-08-07,2449.29,Wallet,Failed
2018,2018,2025-05-14,4898.96,Bank,Paid
2019,2019,2024-10-27,5025.6,Bank,Paid
2020,2020,2025-12-20,3565.55,Bank,Paid
2021,2021,2025-01-14,7868.53,Bank,Paid
2022,2022,2024-09-21,1676.73,Bank,Pending
2023,2023,2025-02-06,2535.07,UPI,Paid
2024,2024,2024-04-07,2838.2,Bank,Paid
2025,2025,2026-04-09,3069.67,Wallet,Paid
2026,2026,2025-02-01,2682.3,UPI,Paid
2027,2027,2026-02-24,1783.66,Bank,Paid
2028,2028,2026-03-26,3330.58,Bank,Paid
2029,2029,2025-08-09,3385.59,Card,Paid
2030,2030,2025-11-03,460.22,Wallet,Paid
2031,2031,2025-11-12,257.54,UPI,Failed
2032,2032,2025-08-02,3317.17,Bank,Paid
2033,2033,2025-04-08,4615.8,Card,Paid
2034,2034,2026-05-12,1975.25,Wallet,Paid
2035,2035,2024-05-29,176.18,Card,Paid
2036,2036,2026-06-03,2813.74,Bank,Failed
2037,2037,2025-06-25,4475.61,Bank,Paid
2038,2038,2025-11-30,2085.26,Card,Paid
2039,2039,2025-07-24,2894.47,Wallet,Paid
2040,2040,2025-07-10,4043.47,Wallet,Paid
2041,2041,2024-04-15,2480.33,Bank,Paid
2042,2042,2024-10-21,2542.76,Bank,Pending
2043,2043,2025-05-08,849.45,Card,Paid
2044,2044,2024-01-20,928.97,UPI,Pending
2045,2045,2024-11-08,4632.75,Bank,Paid
2046,2046,2024-01-08,7419.87,Card,Paid
2047,2047,2025-02-03,3483.28,UPI,Paid
2048,2048,2026-06-30,2457.72,Card,Failed
2049,2049,2026-06-24,7277.14,UPI,Paid
2050,2050,2026-02-20,3118.23,Bank,Paid
2051,2051,2024-09-06,340.98,Wallet,Paid
2052,2052,2026-08-21,5222.28,Card,Failed
2053,2053,2025-12-20,2337.57,Wallet,Paid
2054,2054,2024-02-06,267.71,Bank,Paid
2055,2055,2024-10-14,3536.1,UPI,Paid
2056,2056,2024-05-22,2091.26,Card,Paid
2057,2057,2026-03-08,2498.66,Bank,Paid
2058,2058,2024-07-24,2533.36,Wallet,Paid
2059,2059,2026-04-26,6304.81,Card,Paid
2060,2060,2024-07-02,3335.25,Wallet,Paid
2061,2061,2025-10-29,3764.75,UPI,Paid
2062,2062,2025-03-05,1368.32,UPI,Failed
2063,2063,2026-03-09,2515.79,Wallet,Paid
2064,2064,2025-10-25,1885.97,Card,Paid
2065,2065,2025-09-03,4845.85,Bank,Paid
2066,2066,2025-04-18,646.28,Bank,Paid
2067,2067,2024-04-24,2922.62,Card,Failed
2068,2068,2025-08-11,4491.34,Card,Paid
2069,2069,2024-10-19,2562.65,Bank,Paid
2070,2070,2026-07-04,1249.83,Wallet,Failed
2071,2071,2025-01-11,3981.37,Card,Paid
2072,2072,2026-03-11,3565.62,Wallet,Paid
2073,2073,2025-09-25,1885.5,Bank,Paid
2074,2074,2024-01-02,2747.35,UPI,Paid
2075,2075,2026-03-19,4574.13,UPI,Paid
2076,2076,2024-11-25,2513.14,Wallet,Paid
2077,2077,2025-04-29,6410.78,UPI,Paid
2078,2078,2026-06-30,3559.86,Card,Paid
2079,2079,2025-08-20,917.98,Card,Paid
2080,2080,2025-01-25,3674.46,Card,Paid
2081,2081,2024-10-24,5761.77,Wallet,Paid
2082,2082,2024-03-14,7779.19,Card,Paid
2083,2083,2025-01-01,148.77,UPI,Paid
2084,2084,2026-04-20,3979.78,Wallet,Failed
2085,2085,2025-03-03,2511.36,Wallet,Paid
2086,2086,2025-02-14,5888.12,UPI,Paid
2087,2087,2025-08-13,218.01,Wallet,Paid
2088,2088,2025-02-16,2008.67,Card,Paid
2089,2089,2025-06-17,7423.54,Wallet,Paid
2090,2090,2025-07-22,5394.73,Bank,Paid
2091,2091,2025-07-04,3288.65,Bank,Paid
2092,2092,2024-04-25,6451.29,Wallet,Paid
2093,2093,2025-02-22,2897.07,UPI,Pending
2094,2094,2026-01-29,293.87,Bank,Paid
2095,2095,2025-02-16,3351.79,Bank,Paid
2096,2096,2026-02-14,4164.76,Wallet,Paid
2097,2097,2024-10-29,2699.39,UPI,Paid
2098,2098,2026-02-18,2609.73,Bank,Paid
2099,2099,2024-05-09,3566.65,UPI,Pending
2100,2100,2024-04-24,144.06,Wallet,Failed
2101,2101,2024-07-04,6127.48,UPI,Paid
2102,2102,2025-04-11,4361.61,Wallet,Paid
2103,2103,2024-08-05,5910.58,Bank,Paid
2104,2104,2026-07-21,2678.51,UPI,Pending
2105,2105,2026-05-03,3753.28,Bank,Paid
2106,2106,2026-08-18,113.78,UPI,Paid
2107,2107,2024-04-27,2610.96,UPI,Paid
2108,2108,2025-01-22,3948.91,Wallet,Paid
2109,2109,2024-02-14,4658.19,UPI,Pending
2110,2110,2024-03-08,3402.11,Card,Paid
2111,2111,2024-11-12,9936.94,Bank,Paid
2112,2112,2024-06-17,536.76,UPI,Paid
2113,2113,2024-12-31,4414.35,Card,Paid
2114,2114,2024-10-02,2752.12,UPI,Paid
2115,2115,2025-06-06,7105.34,Wallet,Paid
2116,2116,2026-08-12,3048.43,UPI,Paid
2117,2117,2026-08-04,1232.77,UPI,Paid
2118,2118,2024-08-14,2099.27,UPI,Paid
2119,2119,2026-04-06,5004.71,Card,Paid
2120,2120,2024-08-10,5074.31,UPI,Paid
2121,2121,2025-09-22,621.87,Wallet,Paid
2122,2122,2025-01-10,4174.79,UPI,Paid
2123,2123,2025-02-09,1948.65,Wallet,Paid
2124,2124,2024-11-11,484.32,Bank,Paid
2125,2125,2025-09-05,5953.41,UPI,Paid
2126,2126,2024-06-11,8031.82,UPI,Paid
2127,2127,2025-08-20,3739.64,UPI,Paid
2128,2128,2025-10-11,162.47,Card,Paid
2129,2129,2025-09-21,3791.86,Bank,Paid
2130,2130,2025-05-29,1189.32,Card,Paid
2131,2131,2025-08-24,5355.75,Bank,Paid
2132,2132,2025-12-19,6404.85,Card,Failed
2133,2133,2025-12-24,3906.67,Bank,Paid
2134,2134,2026-07-10,2306.58,Wallet,Failed
2135,2135,2026-05-23,1593.84,UPI,Paid
2136,2136,2025-01-24,1090.77,Wallet,Paid
2137,2137,2025-04-18,472.63,Wallet,Paid
2138,2138,2024-10-22,4125.57,Wallet,Paid
2139,2139,2025-01-25,1353.08,Card,Paid
2140,2140,2024-06-13,3650.26,Wallet,Pending
2141,2141,2026-03-16,4428.64,Wallet,Paid
2142,2142,2024-02-19,693.55,Bank,Paid
2143,2143,2025-01-23,3633.59,UPI,Paid
2144,2144,2024-07-23,68.12,Card,Paid
2145,2145,2025-12-11,920.9,UPI,Paid
2146,2146,2024-09-03,2858.3,UPI,Paid
2147,2147,2025-05-06,890.84,Bank,Paid
2148,2148,2026-07-29,4850.57,UPI,Paid
2149,2149,2026-06-08,6425.99,UPI,Paid
2150,2150,2025-12-30,6836.02,Wallet,Pending
2151,2151,2026-03-10,1791.12,Bank,Paid
2152,2152,2026-08-24,1648.06,Card,Paid
2153,2153,2026-03-13,3076.38,Wallet,Paid
2154,2154,2024-02-27,4093.45,UPI,Paid
2155,2155,2025-08-15,1677.43,Card,Paid
2156,2156,2025-11-30,7700.82,Card,Paid
2157,2157,2026-02-14,4227.08,Bank,Paid
2158,2158,2024-08-22,1806.55,Card,Failed
2159,2159,2025-12-06,178.96,UPI,Paid
2160,2160,2026-07-21,5418.33,UPI,Paid
2161,2161,2024-01-31,4855.9,Card,Paid
2162,2162,2024-01-10,2275.09,Bank,Paid
2163,2163,2024-01-14,2205.48,Card,Paid
2164,2164,2024-05-09,5112.97,UPI,Paid
2165,2165,2026-02-12,8048.23,Card,Paid
2166,2166,2025-11-26,5861.84,Card,Paid
2167,2167,2025-09-15,5528.6,UPI,Paid
2168,2168,2024-08-13,1297.22,Bank,Paid
2169,2169,2025-07-29,7066.65,Wallet,Paid
2170,2170,2025-11-30,4801.07,Bank,Paid
2171,2171,2025-12-09,6796.31,UPI,Paid
2172,2172,2026-06-04,969.87,Wallet,Paid
2173,2173,2024-11-26,3309.24,UPI,Failed
2174,2174,2025-08-26,1179.77,Card,Paid
2175,2175,2025-07-17,1288.52,UPI,Paid
2176,2176,2025-10-18,610.3,Card,Paid
2177,2177,2025-06-09,1428.26,UPI,Paid
2178,2178,2026-05-25,280.83,UPI,Pending
2179,2179,2025-05-23,5979.66,UPI,Paid
2180,2180,2024-12-17,4651.57,Wallet,Pending
2181,2181,2026-08-11,1907.64,Card,Paid
2182,2182,2024-08-02,3718.83,Wallet,Paid
2183,2183,2025-08-19,1703.07,Bank,Paid
2184,2184,2025-02-05,1942.92,UPI,Paid
2185,2185,2025-01-17,2543.35,Bank,Paid
2186,2186,2026-02-19,3469.11,UPI,Paid
2187,2187,2024-07-07,3443.94,Card,Paid
2188,2188,2026-01-26,7613.89,UPI,Paid
2189,2189,2025-01-12,1778.96,UPI,Paid
2190,2190,2026-04-11,9571.57,UPI,Paid
2191,2191,2025-07-20,2669.18,Bank,Paid
2192,2192,2024-11-22,1327.95,Wallet,Paid
2193,2193,2025-07-24,6933.72,Wallet,Paid
2194,2194,2026-07-28,3006.98,UPI,Paid
2195,2195,2024-02-24,5511.02,Wallet,Paid
2196,2196,2025-12-18,5794.57,Card,Paid
2197,2197,2024-07-05,2431.5,Wallet,Paid
2198,2198,2024-05-09,1607.08,Bank,Paid
2199,2199,2024-04-28,3163.71,Bank,Paid
2200,2200,2024-05-14,3211.62,Card,Paid
2201,2201,2025-08-10,1243.8,Card,Paid
2202,2202,2026-06-09,2513.74,Wallet,Pending
2203,2203,2024-03-15,6264.21,Bank,Paid
2204,2204,2025-04-26,498.4,Bank,Paid
2205,2205,2026-04-02,686.06,Card,Paid
2206,2206,2025-10-19,4944.22,UPI,Paid
2207,2207,2024-02-14,5282.83,UPI,Paid
2208,2208,2024-06-15,1368.06,Wallet,Failed
2209,2209,2024-03-30,341.81,Bank,Pending
2210,2210,2024-12-09,2896.75,UPI,Paid
2211,2211,2026-04-03,1149.91,Card,Paid
2212,2212,2025-01-24,5938.16,UPI,Paid
2213,2213,2024-11-27,2822.71,Bank,Paid
2214,2214,2025-02-21,448.22,Card,Paid
2215,2215,2026-02-02,3001.41,Card,Paid
2216,2216,2026-05-23,1870.85,Card,Paid
2217,2217,2025-02-25,1852.21,Card,Paid
2218,2218,2026-06-21,1240.76,Bank,Paid
2219,2219,2025-10-01,4915.93,UPI,Paid
2220,2220,2024-01-16,4140.22,UPI,Paid
2221,2221,2026-07-02,1222.94,UPI,Paid
2222,2222,2025-02-27,4578.99,Wallet,Paid
2223,2223,2026-03-17,2225.04,Bank,Paid
2224,2224,2024-11-18,1679.5,UPI,Paid
2225,2225,2025-03-29,6002.01,Wallet,Paid
2226,2226,2025-03-11,1439.19,UPI,Paid
2227,2227,2024-08-10,2116.06,Bank,Paid
2228,2228,2024-11-07,3491.4,UPI,Paid
2229,2229,2025-09-29,1627.74,Wallet,Paid
2230,2230,2024-11-03,3301.32,Wallet,Paid
2231,2231,2026-07-12,6421.55,UPI,Paid
2232,2232,2025-10-28,8607.33,Bank,Paid
2233,2233,2025-09-21,129.57,Card,Paid
2234,2234,2025-05-06,3481.45,Card,Paid
2235,2235,2026-07-18,650.33,UPI,Paid
2236,2236,2025-12-25,5224.31,Bank,Paid
2237,2237,2026-03-11,9000.98,UPI,Paid
2238,2238,2025-12-17,343.72,Bank,Paid
2239,2239,2024-09-15,3371.19,Card,Paid
2240,2240,2024-01-25,1916.61,Wallet,Paid
2241,2241,2025-02-11,3822.46,Wallet,Pending
2242,2242,2025-03-13,1195.49,Wallet,Paid
2243,2243,2025-01-26,556.45,Bank,Paid
2244,2244,2026-06-20,3617.0,Card,Paid
2245,2245,2024-02-08,4402.95,UPI,Paid
2246,2246,2025-04-26,2507.6,UPI,Paid
2247,2247,2026-07-11,5168.9,UPI,Paid
2248,2248,2025-01-06,1209.31,Wallet,Paid
2249,2249,2025-10-02,3524.18,Card,Paid
2250,2250,2024-05-10,598.62,Card,Paid
2251,2251,2024-01-11,4956.41,Bank,Failed
2252,2252,2025-02-13,2568.46,Bank,Paid
2253,2253,2024-03-03,2622.35,Wallet,Paid
2254,2254,2025-09-05,946.34,Wallet,Paid
2255,2255,2025-07-22,2952.02,Bank,Paid
2256,2256,2026-08-23,1052.31,Wallet,Paid
2257,2257,2026-04-09,3804.18,Wallet,Paid
2258,2258,2024-05-20,6993.17,Card,Paid
2259,2259,2024-10-11,520.0,UPI,Paid
2260,2260,2026-08-26,2504.02,UPI,Paid
2261,2261,2026-01-19,959.58,Card,Paid
2262,2262,2024-01-01,179.45,Card,Paid
2263,2263,2026-07-07,6799.12,Wallet,Paid
2264,2264,2025-10-27,4025.74,UPI,Paid
2265,2265,2024-05-20,852.17,Card,Paid
2266,2266,2026-07-06,2691.51,Card,Paid
2267,2267,2025-08-20,4908.25,Wallet,Paid
2268,2268,2024-12-03,430.19,Wallet,Paid
2269,2269,2026-06-16,85.47,UPI,Paid
2270,2270,2025-05-06,1817.18,UPI,Paid
2271,2271,2026-01-31,1395.71,Card,Paid
2272,2272,2026-03-12,7188.16,Bank,Paid
2273,2273,2024-11-19,1459.33,UPI,Paid
2274,2274,2026-01-29,4634.66,Bank,Paid
2275,2275,2025-01-27,1825.19,Card,Paid
2276,2276,2026-01-04,835.41,UPI,Paid
2277,2277,2025-05-15,6912.03,UPI,Paid
2278,2278,2024-06-13,4037.66,Bank,Paid
2279,2279,2025-10-19,7433.63,UPI,Paid
2280,2280,2024-04-10,3828.78,Wallet,Paid
2281,2281,2024-11-18,350.01,Bank,Paid
2282,2282,2025-05-25,1430.13,Wallet,Paid
2283,2283,2025-09-08,7446.75,Wallet,Paid
2284,2284,2025-04-01,4043.23,UPI,Paid
2285,2285,2026-04-18,2162.72,Bank,Paid
2286,2286,2025-07-31,4620.78,Card,Paid
2287,2287,2026-01-31,1134.11,Wallet,Paid
2288,2288,2024-02-20,1301.14,Wallet,Pending
2289,2289,2026-05-19,1725.22,UPI,Paid
2290,2290,2025-08-25,2602.89,Card,Paid
2291,2291,2026-05-02,2741.5,Wallet,Paid
2292,2292,2026-05-23,3890.74,Bank,Paid
2293,2293,2026-03-18,3157.41,Card,Paid
2294,2294,2025-12-26,3351.78,Wallet,Paid
2295,2295,2025-05-03,5241.48,Bank,Paid
2296,2296,2025-11-03,4062.39,UPI,Paid
2297,2297,2026-07-28,1092.46,Card,Paid
2298,2298,2026-06-14,6146.55,Wallet,Paid
2299,2299,2024-04-06,7171.94,Card,Paid
2300,2300,2024-02-28,5001.65,Wallet,Paid
2301,2301,2026-03-02,1425.79,Card,Paid
2302,2302,2024-08-07,4187.63,Wallet,Paid
2303,2303,2025-08-07,3936.46,Wallet,Paid
2304,2304,2026-03-20,2958.74,Card,Paid
2305,2305,2024-07-31,861.01,UPI,Paid
2306,2306,2025-04-03,3834.46,Card,Failed
2307,2307,2025-02-10,4931.65,UPI,Paid
2308,2308,2025-09-20,1219.17,UPI,Paid
2309,2309,2026-06-15,399.23,Wallet,Paid
2310,2310,2025-09-09,1528.83,Card,Paid
2311,2311,2025-03-28,6141.39,Bank,Paid
2312,2312,2024-01-10,7639.24,Bank,Paid
2313,2313,2025-04-09,865.03,UPI,Paid
2314,2314,2024-03-23,7593.45,Card,Paid
2315,2315,2025-11-07,272.56,Card,Paid
2316,2316,2025-11-02,2492.01,UPI,Paid
2317,2317,2026-06-08,4372.45,UPI,Paid
2318,2318,2026-05-19,2457.11,UPI,Failed
2319,2319,2024-08-15,964.43,Bank,Failed
2320,2320,2024-03-08,484.74,Wallet,Paid
2321,2321,2025-01-13,2804.35,Wallet,Paid
2322,2322,2025-05-19,9967.26,Wallet,Paid
2323,2323,2024-05-01,2937.22,UPI,Paid
2324,2324,2025-10-28,1490.79,Wallet,Paid
2325,2325,2024-06-20,537.24,UPI,Paid
2326,2326,2025-12-18,5509.27,UPI,Paid
2327,2327,2024-01-19,4791.35,Wallet,Paid
2328,2328,2025-03-29,5337.23,UPI,Paid
2329,2329,2025-05-21,3316.07,UPI,Paid
2330,2330,2025-07-28,1694.92,Wallet,Paid
2331,2331,2024-09-04,2129.78,Wallet,Paid
2332,2332,2024-08-20,3235.97,UPI,Paid
2333,2333,2024-04-05,59.12,Card,Paid
2334,2334,2026-06-17,2448.53,Bank,Paid
2335,2335,2026-08-12,10623.35,Card,Paid
2336,2336,2026-02-08,5307.21,Card,Paid
2337,2337,2024-09-29,6938.76,UPI,Paid
2338,2338,2025-05-13,2301.97,Wallet,Paid
2339,2339,2025-12-25,1025.89,Wallet,Paid
2340,2340,2024-08-14,472.63,Wallet,Paid
2341,2341,2025-11-06,9512.47,UPI,Paid
2342,2342,2024-08-12,1445.94,Wallet,Paid
2343,2343,2025-07-30,3281.94,Card,Paid
2344,2344,2025-08-05,2103.56,Card,Paid
2345,2345,2024-04-09,840.04,UPI,Paid
2346,2346,2024-11-24,1214.36,UPI,Paid
2347,2347,2026-02-19,436.38,Card,Paid
2348,2348,2025-02-09,5504.84,UPI,Paid
2349,2349,2024-07-20,4262.08,Card,Paid
2350,2350,2024-04-18,438.31,Bank,Pending
2351,2351,2025-12-31,2164.41,Wallet,Paid
2352,2352,2024-06-15,2298.8,Bank,Paid
2353,2353,2024-11-15,4803.07,Wallet,Paid
2354,2354,2024-02-20,1348.73,Card,Paid
2355,2355,2024-12-12,2016.04,UPI,Paid
2356,2356,2025-02-21,7261.82,Wallet,Paid
2357,2357,2025-09-30,6100.6,Card,Paid
2358,2358,2025-02-14,5229.37,Wallet,Paid
2359,2359,2025-05-14,2028.78,Card,Paid
2360,2360,2025-09-28,1498.63,UPI,Paid
2361,2361,2024-12-23,4613.92,UPI,Paid
2362,2362,2024-10-28,4426.71,Card,Paid
2363,2363,2025-01-04,1347.22,Wallet,Paid
2364,2364,2024-09-27,4168.33,Card,Paid
2365,2365,2024-02-29,625.82,Card,Paid
2366,2366,2025-05-08,4493.11,Card,Pending
2367,2367,2025-03-28,1735.53,Card,Failed
2368,2368,2025-01-31,6082.47,Bank,Paid
2369,2369,2024-01-23,6229.96,Card,Paid
2370,2370,2025-03-24,1414.29,Wallet,Paid
2371,2371,2024-08-17,412.99,Wallet,Paid
2372,2372,2026-02-25,1064.18,Card,Paid
2373,2373,2024-10-30,422.83,Bank,Paid
2374,2374,2024-04-22,3939.87,Card,Paid
2375,2375,2024-01-08,321.16,UPI,Paid
2376,2376,2025-07-04,7240.46,Card,Paid
2377,2377,2025-03-19,3317.18,UPI,Paid
2378,2378,2025-01-25,19.07,Bank,Paid
2379,2379,2026-01-04,743.04,UPI,Paid
2380,2380,2026-04-29,530.62,Bank,Paid
2381,2381,2025-03-07,2785.54,Card,Paid
2382,2382,2025-05-07,2313.24,UPI,Failed
2383,2383,2024-12-22,6399.23,Bank,Paid
2384,2384,2026-05-29,2526.12,Bank,Paid
2385,2385,2024-10-13,2355.57,Bank,Paid
2386,2386,2024-08-04,5553.15,Bank,Paid
2387,2387,2025-08-19,2170.32,Card,Paid
2388,2388,2025-12-15,4756.09,Card,Paid
2389,2389,2025-08-18,2556.49,Card,Paid
2390,2390,2025-10-21,1833.62,UPI,Paid
2391,2391,2025-03-30,5046.88,Wallet,Paid
2392,2392,2024-06-17,1412.66,UPI,Paid
2393,2393,2025-09-11,2264.19,Wallet,Paid
2394,2394,2026-05-28,4333.16,UPI,Paid
2395,2395,2024-11-27,11417.43,Card,Paid
2396,2396,2024-07-05,5122.48,Card,Paid
2397,2397,2024-06-29,1273.93,Bank,Paid
2398,2398,2024-11-24,9738.55,Wallet,Paid
2399,2399,2026-06-09,2212.81,Card,Paid
2400,2400,2024-02-02,5762.86,Bank,Paid
2401,2401,2026-05-14,495.23,Card,Paid
2402,2402,2024-05-12,8274.79,UPI,Paid
2403,2403,2024-08-03,818.84,UPI,Paid
2404,2404,2025-10-01,5354.97,Card,Paid
2405,2405,2025-03-15,5576.4,UPI,Paid
2406,2406,2026-05-27,6649.26,Card,Paid
2407,2407,2026-06-05,4501.89,Bank,Paid
2408,2408,2025-09-28,443.78,Bank,Paid
2409,2409,2025-12-01,1652.29,UPI,Paid
2410,2410,2025-07-16,1010.84,Bank,Paid
2411,2411,2026-04-28,3920.07,UPI,Paid
2412,2412,2026-08-04,1502.74,Card,Paid
2413,2413,2025-01-13,177.16,Card,Paid
2414,2414,2024-07-18,4114.98,Card,Paid
2415,2415,2024-10-11,4072.42,UPI,Paid
2416,2416,2026-07-11,10423.22,UPI,Paid
2417,2417,2024-10-02,1567.0,UPI,Paid
2418,2418,2026-02-26,2728.66,Card,Paid
2419,2419,2024-02-06,3328.77,Bank,Paid
2420,2420,2026-08-11,2361.82,Bank,Failed
2421,2421,2025-05-21,2171.76,Card,Paid
2422,2422,2025-09-28,6208.0,Card,Paid
2423,2423,2025-02-14,2046.28,Wallet,Paid
2424,2424,2024-07-25,796.7,Bank,Paid
2425,2425,2024-09-24,92.15,Card,Paid
2426,2426,2024-07-26,2631.67,Wallet,Paid
2427,2427,2024-01-21,983.32,Card,Paid
2428,2428,2026-04-03,2904.37,Card,Paid
2429,2429,2026-02-28,4693.0,Bank,Paid
2430,2430,2025-11-09,552.62,Card,Paid
2431,2431,2026-05-31,401.94,Bank,Paid
2432,2432,2024-01-16,2705.91,UPI,Paid
2433,2433,2024-05-24,7323.25,Card,Paid
2434,2434,2025-06-14,2632.2,Card,Paid
2435,2435,2025-11-29,1288.94,UPI,Paid
2436,2436,2024-12-12,1571.84,Wallet,Paid
2437,2437,2025-09-01,5036.54,Wallet,Paid
2438,2438,2024-07-13,869.33,Card,Paid
2439,2439,2026-04-07,323.56,UPI,Paid
2440,2440,2025-04-23,7504.97,Wallet,Paid
2441,2441,2026-04-09,1457.26,UPI,Paid
2442,2442,2025-06-08,4869.82,Wallet,Paid
2443,2443,2024-12-21,140.78,Card,Paid
2444,2444,2024-09-05,10465.72,Bank,Paid
2445,2445,2025-04-27,2376.81,Wallet,Paid
2446,2446,2024-06-27,4292.13,Wallet,Paid
2447,2447,2024-07-17,1326.22,Card,Paid
2448,2448,2024-11-16,3137.17,Card,Paid
2449,2449,2024-08-10,3742.44,Card,Paid
2450,2450,2025-08-18,1494.63,Bank,Paid
2451,2451,2024-12-19,2325.22,Card,Paid
2452,2452,2024-11-18,6712.27,Card,Paid
2453,2453,2024-05-06,428.06,Bank,Paid
2454,2454,2025-09-15,1731.19,UPI,Paid
2455,2455,2025-12-24,4735.0,Bank,Paid
2456,2456,2025-02-17,4230.88,Wallet,Paid
2457,2457,2024-06-09,713.46,Card,Paid
2458,2458,2025-05-25,3529.67,Wallet,Paid
2459,2459,2025-09-15,5456.9,Wallet,Failed
2460,2460,2025-11-26,4822.99,Card,Pending
2461,2461,2025-09-08,4569.24,Wallet,Failed
2462,2462,2026-07-07,2778.0,Card,Pending
2463,2463,2024-03-15,3908.26,UPI,Paid
2464,2464,2025-06-27,2821.73,Bank,Paid
2465,2465,2024-06-10,8096.86,UPI,Paid
2466,2466,2024-05-27,4527.21,UPI,Paid
2467,2467,2025-07-02,1787.21,UPI,Paid
2468,2468,2025-02-04,2170.23,Wallet,Paid
2469,2469,2024-04-30,602.5,Wallet,Paid
2470,2470,2025-06-18,2942.76,Wallet,Paid
2471,2471,2024-02-06,4230.21,Wallet,Paid
2472,2472,2026-01-07,1124.63,UPI,Paid
2473,2473,2024-09-16,983.08,Bank,Paid
2474,2474,2025-12-07,2323.78,UPI,Paid
2475,2475,2024-06-15,3342.08,Card,Paid
2476,2476,2025-11-26,6574.39,Card,Paid
2477,2477,2026-07-05,2880.59,Wallet,Paid
2478,2478,2025-01-16,6478.46,Card,Paid
2479,2479,2025-03-05,5193.4,Card,Paid
2480,2480,2026-03-06,2397.41,UPI,Paid
2481,2481,2024-12-01,2440.51,Wallet,Failed
2482,2482,2024-01-17,1474.31,Card,Pending
2483,2483,2025-10-26,3596.09,Card,Failed
2484,2484,2025-06-12,4071.09,Wallet,Paid
2485,2485,2024-02-07,172.35,UPI,Paid
2486,2486,2026-01-19,3461.95,Bank,Paid
2487,2487,2025-02-05,540.93,UPI,Paid
2488,2488,2025-10-13,5210.19,Bank,Paid
2489,2489,2024-05-06,980.91,Card,Paid
2490,2490,2024-05-19,7511.4,UPI,Paid
2491,2491,2025-08-30,4168.1,Wallet,Paid
2492,2492,2026-04-04,409.12,Card,Paid
2493,2493,2026-03-06,529.04,Wallet,Failed
2494,2494,2025-11-17,2688.61,Bank,Paid
2495,2495,2025-08-12,2002.35,Card,Paid
2496,2496,2024-02-11,5284.85,Card,Paid
2497,2497,2024-04-15,2373.7,UPI,Paid
2498,2498,2024-08-19,734.01,Wallet,Paid
2499,2499,2024-03-29,3366.22,Wallet,Paid
2500,2500,2026-05-22,3348.15,UPI,Paid
2501,2501,2025-10-10,1819.31,Wallet,Paid
2502,2502,2024-07-12,4962.06,Wallet,Paid
2503,2503,2026-04-07,7256.02,Wallet,Paid
2504,2504,2024-12-05,3559.16,Bank,Paid
2505,2505,2025-08-09,4601.98,Card,Paid
2506,2506,2025-02-14,3026.65,Wallet,Paid
2507,2507,2026-05-25,8758.88,Wallet,Paid
2508,2508,2024-02-11,6758.58,UPI,Paid
2509,2509,2024-12-14,1421.33,Wallet,Paid
2510,2510,2025-07-04,4290.29,UPI,Paid
2511,2511,2026-07-07,2132.19,UPI,Paid
2512,2512,2024-11-25,227.55,Wallet,Paid
2513,2513,2024-03-30,1130.53,UPI,Paid
2514,2514,2024-11-04,2016.93,Card,Paid
2515,2515,2026-02-13,493.06,Card,Paid
2516,2516,2025-02-13,1679.22,Wallet,Paid
2517,2517,2024-05-29,1773.77,UPI,Failed
2518,2518,2024-07-01,2257.04,Bank,Paid
2519,2519,2024-02-24,3181.81,UPI,Pending
2520,2520,2024-03-20,2992.5,UPI,Paid
2521,2521,2025-12-06,2043.29,Card,Paid
2522,2522,2024-03-06,1579.28,UPI,Paid
2523,2523,2025-01-04,4069.85,Bank,Pending
2524,2524,2024-01-23,3095.73,UPI,Paid
2525,2525,2024-04-21,3655.12,Wallet,Paid
2526,2526,2024-07-28,6030.24,UPI,Paid
2527,2527,2026-08-23,4760.04,UPI,Paid
2528,2528,2026-08-01,6546.96,UPI,Paid
2529,2529,2025-01-13,2900.69,UPI,Paid
2530,2530,2025-07-18,6028.9,Wallet,Paid
2531,2531,2025-11-26,1524.3,Bank,Paid
2532,2532,2026-04-01,4638.63,Bank,Paid
2533,2533,2026-03-11,983.12,Wallet,Paid
2534,2534,2024-05-20,245.48,Wallet,Paid
2535,2535,2024-03-24,2085.95,Bank,Paid
2536,2536,2024-11-19,2014.01,Bank,Paid
2537,2537,2026-04-05,5200.57,UPI,Paid
2538,2538,2025-09-03,1029.82,Card,Paid
2539,2539,2024-01-27,7294.17,Wallet,Paid
2540,2540,2024-06-06,5062.82,Wallet,Paid
2541,2541,2025-04-09,2342.53,Card,Paid
2542,2542,2025-06-05,9960.18,UPI,Paid
2543,2543,2026-04-29,7169.84,Wallet,Failed
2544,2544,2025-01-06,4010.07,Bank,Paid
2545,2545,2024-11-05,3563.87,Card,Failed
2546,2546,2026-04-27,5848.66,Bank,Paid
2547,2547,2024-06-26,1219.01,UPI,Paid
2548,2548,2026-02-22,6084.37,Card,Paid
2549,2549,2025-06-19,6934.18,Wallet,Paid
2550,2550,2025-10-17,348.97,UPI,Paid
2551,2551,2026-01-09,3953.95,Card,Paid
2552,2552,2024-06-06,6027.86,UPI,Paid
2553,2553,2025-09-09,7183.72,UPI,Paid
2554,2554,2024-04-02,2392.32,Card,Paid
2555,2555,2026-02-21,1912.21,Card,Paid
2556,2556,2026-05-17,620.96,Wallet,Paid
2557,2557,2024-11-26,250.67,Card,Paid
2558,2558,2026-06-03,3236.91,UPI,Paid
2559,2559,2026-07-07,28.39,Card,Paid
2560,2560,2024-09-19,2746.09,Wallet,Paid
2561,2561,2024-04-08,3820.44,UPI,Paid
2562,2562,2025-08-20,551.32,UPI,Paid
2563,2563,2024-04-26,4053.1,Wallet,Pending
2564,2564,2025-09-18,1392.98,Wallet,Paid
2565,2565,2024-07-31,2899.68,Wallet,Pending
2566,2566,2024-11-15,6329.11,Wallet,Paid
2567,2567,2024-06-22,3625.38,UPI,Paid
2568,2568,2025-01-12,8439.08,Bank,Failed
2569,2569,2025-08-24,2659.01,Bank,Paid
2570,2570,2026-04-15,4923.07,UPI,Paid
2571,2571,2024-09-12,4598.55,UPI,Paid
2572,2572,2025-03-31,1964.27,Card,Paid
2573,2573,2025-01-12,2856.64,Card,Pending
2574,2574,2025-05-16,1402.08,UPI,Paid
2575,2575,2026-04-05,1937.86,Card,Paid
2576,2576,2026-08-03,3778.19,UPI,Failed
2577,2577,2025-01-04,2535.76,Bank,Paid
2578,2578,2024-01-12,1992.69,UPI,Paid
2579,2579,2025-07-14,379.94,Bank,Paid
2580,2580,2024-07-29,3918.33,UPI,Paid
2581,2581,2026-08-15,4896.7,Bank,Paid
2582,2582,2024-11-21,407.09,UPI,Failed
2583,2583,2025-07-16,2208.55,Card,Paid
2584,2584,2025-01-17,7504.16,Card,Paid
2585,2585,2024-02-25,3175.8,Bank,Paid
2586,2586,2025-03-15,663.96,Bank,Paid
2587,2587,2026-03-26,4504.59,UPI,Paid
2588,2588,2025-11-09,6216.96,Card,Paid
2589,2589,2024-02-19,4167.66,Card,Paid
2590,2590,2024-07-09,1783.88,Wallet,Paid
2591,2591,2024-08-03,4683.81,UPI,Paid
2592,2592,2026-07-17,926.93,Card,Paid
2593,2593,2026-01-09,8421.82,Bank,Failed
2594,2594,2025-08-03,775.47,UPI,Paid
2595,2595,2025-06-09,1091.51,Bank,Paid
2596,2596,2026-04-06,2014.21,Card,Paid
2597,2597,2024-07-12,2694.69,UPI,Paid
2598,2598,2024-07-08,7469.91,Card,Paid
2599,2599,2024-06-05,1917.96,Card,Paid
2600,2600,2025-09-19,7154.12,UPI,Paid
2601,2601,2025-09-28,366.38,UPI,Paid
2602,2602,2025-05-23,2982.58,Card,Paid
2603,2603,2024-01-10,3370.61,Bank,Paid
2604,2604,2024-08-25,2271.67,Wallet,Paid
2605,2605,2026-07-05,7467.75,Bank,Paid
2606,2606,2024-10-07,190.17,UPI,Paid
2607,2607,2024-04-20,1687.37,Wallet,Paid
2608,2608,2025-09-04,5957.91,Bank,Paid
2609,2609,2024-04-05,2916.89,Wallet,Paid
2610,2610,2024-11-05,4665.88,Bank,Paid
2611,2611,2025-10-21,2464.16,Bank,Paid
2612,2612,2024-08-29,881.49,Card,Paid
2613,2613,2024-09-10,6426.37,Card,Paid
2614,2614,2024-12-20,4057.21,Wallet,Paid
2615,2615,2024-09-11,631.55,Bank,Paid
2616,2616,2025-07-15,5755.69,Card,Paid
2617,2617,2026-03-11,179.18,Wallet,Paid
2618,2618,2026-06-06,1274.47,Wallet,Paid
2619,2619,2024-12-13,1037.08,UPI,Paid
2620,2620,2025-11-05,4443.83,Card,Paid
2621,2621,2026-03-01,1768.82,Bank,Paid
2622,2622,2024-08-05,1008.52,Wallet,Paid
2623,2623,2025-03-11,1254.91,Card,Paid
2624,2624,2025-04-12,445.41,Card,Paid
2625,2625,2026-08-19,8361.97,Card,Paid
2626,2626,2025-04-15,4915.78,Card,Paid
2627,2627,2025-02-16,3795.52,Bank,Paid
2628,2628,2024-02-18,4884.93,Bank,Paid
2629,2629,2026-04-14,4862.17,Card,Paid
2630,2630,2025-08-04,2818.85,Card,Paid
2631,2631,2025-06-09,1272.62,UPI,Paid
2632,2632,2024-04-24,3491.58,Card,Paid
2633,2633,2026-03-28,3198.86,Bank,Paid
2634,2634,2024-07-19,5360.81,Bank,Paid
2635,2635,2024-09-10,4054.04,Wallet,Paid
2636,2636,2025-01-02,887.08,Card,Paid
2637,2637,2024-05-15,6263.28,Card,Paid
2638,2638,2026-06-29,4293.23,UPI,Paid
2639,2639,2026-07-18,485.71,Wallet,Failed
2640,2640,2024-04-12,3302.74,Wallet,Paid
2641,2641,2026-03-01,3517.75,Wallet,Paid
2642,2642,2025-09-22,335.83,Bank,Paid
2643,2643,2024-11-06,358.54,Card,Paid
2644,2644,2024-03-13,2100.44,UPI,Paid
2645,2645,2024-09-14,7690.42,Card,Paid
2646,2646,2025-09-20,6486.42,UPI,Pending
2647,2647,2025-01-09,770.98,Bank,Paid
2648,2648,2024-01-29,3352.62,UPI,Paid
2649,2649,2024-10-08,4663.59,Wallet,Paid
2650,2650,2024-12-23,2827.54,UPI,Paid
2651,2651,2024-10-05,3413.63,Bank,Paid
2652,2652,2024-05-19,3942.6,UPI,Paid
2653,2653,2026-08-01,2623.53,Wallet,Paid
2654,2654,2025-10-20,4237.89,Wallet,Paid
2655,2655,2026-08-28,3566.17,Wallet,Paid
2656,2656,2025-01-15,3422.29,UPI,Failed
2657,2657,2025-02-27,2066.46,Wallet,Paid
2658,2658,2024-01-26,1709.85,Bank,Paid
2659,2659,2025-06-01,2255.96,Wallet,Paid
2660,2660,2026-07-26,2904.91,Wallet,Paid
2661,2661,2025-07-13,7779.4,Wallet,Paid
2662,2662,2024-11-20,6661.01,Wallet,Pending
2663,2663,2025-04-14,3338.03,Card,Paid
2664,2664,2026-08-19,5468.24,Card,Paid
2665,2665,2024-02-12,3022.58,Card,Paid
2666,2666,2025-06-21,6216.61,Card,Failed
2667,2667,2024-12-02,2223.32,Bank,Paid
2668,2668,2025-11-04,217.9,Bank,Paid
2669,2669,2024-12-07,786.2,Card,Paid
2670,2670,2025-12-14,7646.11,Wallet,Paid
2671,2671,2024-03-31,8475.4,Wallet,Paid
2672,2672,2025-03-29,1254.33,Wallet,Paid
2673,2673,2025-01-03,252.73,Wallet,Paid
2674,2674,2026-03-06,5698.56,Bank,Paid
2675,2675,2026-02-03,78.48,Bank,Paid
2676,2676,2026-02-09,656.17,Card,Paid
2677,2677,2024-12-11,1839.74,Card,Paid
2678,2678,2025-01-24,2788.57,Wallet,Paid
2679,2679,2025-05-22,4720.74,Bank,Paid
2680,2680,2026-03-07,978.1,Card,Paid
2681,2681,2024-03-05,3570.99,Bank,Paid
2682,2682,2024-04-17,5651.61,Bank,Paid
2683,2683,2026-07-11,3352.96,Card,Paid
2684,2684,2024-07-25,3529.48,Bank,Paid
2685,2685,2026-08-22,5609.24,Card,Paid
2686,2686,2024-02-26,4511.75,UPI,Paid
2687,2687,2024-11-11,4782.52,Wallet,Paid
2688,2688,2026-07-05,282.08,Bank,Paid
2689,2689,2024-01-09,3913.2,Bank,Paid
2690,2690,2024-09-20,8038.83,Card,Paid
2691,2691,2024-02-14,4792.92,UPI,Paid
2692,2692,2024-05-31,826.98,Wallet,Paid
2693,2693,2025-07-02,1114.43,Card,Paid
2694,2694,2026-04-18,4617.73,UPI,Paid
2695,2695,2026-03-25,1312.25,Wallet,Paid
2696,2696,2025-03-30,4199.78,Card,Paid
2697,2697,2025-04-23,3098.32,UPI,Pending
2698,2698,2024-08-05,6249.98,Wallet,Paid
2699,2699,2024-11-17,268.06,Card,Paid
2700,2700,2026-06-10,2115.75,Card,Paid
2701,2701,2026-03-22,743.24,UPI,Paid
2702,2702,2024-04-19,4207.22,Card,Paid
2703,2703,2025-02-13,3213.38,Card,Paid
2704,2704,2025-11-11,5913.23,UPI,Paid
2705,2705,2024-05-28,5696.2,Bank,Pending
2706,2706,2025-09-21,6160.88,Wallet,Paid
2707,2707,2024-06-21,6302.75,Card,Paid
2708,2708,2024-11-20,5576.44,UPI,Paid
2709,2709,2024-08-03,5045.53,Bank,Paid
2710,2710,2024-08-06,5616.72,Card,Paid
2711,2711,2025-05-20,780.49,Card,Paid
2712,2712,2024-09-18,320.57,Bank,Paid
2713,2713,2025-11-30,739.5,Wallet,Paid
2714,2714,2025-02-07,1152.22,Card,Paid
2715,2715,2024-10-20,2939.91,Card,Pending
2716,2716,2025-01-18,5424.96,Bank,Paid
2717,2717,2026-03-18,511.31,Wallet,Paid
2718,2718,2026-08-14,3066.15,Wallet,Paid
2719,2719,2026-03-24,3867.19,Bank,Paid
2720,2720,2026-05-28,3888.01,Wallet,Paid
2721,2721,2024-06-07,2189.52,Card,Paid
2722,2722,2025-10-11,8025.77,Bank,Paid
2723,2723,2025-04-19,4924.95,UPI,Paid
2724,2724,2024-01-21,1842.4,UPI,Paid
2725,2725,2026-04-26,370.14,Wallet,Paid
2726,2726,2025-03-29,1107.01,Card,Paid
2727,2727,2025-07-25,2486.49,Bank,Paid
2728,2728,2025-07-07,3027.21,Card,Paid
2729,2729,2025-12-12,4715.89,UPI,Pending
2730,2730,2024-12-02,2501.79,Wallet,Paid
2731,2731,2026-08-06,1189.09,Wallet,Paid
2732,2732,2025-02-02,11237.77,Card,Paid
2733,2733,2025-08-30,360.17,Wallet,Paid
2734,2734,2025-05-09,4570.85,Card,Paid
2735,2735,2024-04-19,2161.15,Card,Failed
2736,2736,2024-08-13,4094.66,Bank,Paid
2737,2737,2025-08-02,1098.64,UPI,Paid
2738,2738,2024-08-15,2896.32,UPI,Paid
2739,2739,2024-07-17,5629.84,Wallet,Paid
2740,2740,2026-04-07,2981.69,Card,Paid
2741,2741,2025-03-27,1762.56,Wallet,Paid
2742,2742,2026-05-24,1194.38,Card,Paid
2743,2743,2024-06-03,4848.41,Bank,Paid
2744,2744,2026-04-11,6549.19,UPI,Paid
2745,2745,2025-11-20,1541.17,Bank,Paid
2746,2746,2026-01-30,1248.35,Bank,Paid
2747,2747,2025-10-17,1541.21,Card,Paid
2748,2748,2025-12-08,1101.81,Card,Paid
2749,2749,2025-05-10,452.88,Wallet,Paid
2750,2750,2026-06-27,1496.39,UPI,Paid
2751,2751,2024-03-21,3457.15,Card,Paid
2752,2752,2025-08-12,104.26,UPI,Paid
2753,2753,2025-12-30,4285.22,UPI,Paid
2754,2754,2024-12-25,1973.87,Bank,Paid
2755,2755,2026-07-21,5986.38,Bank,Paid
2756,2756,2025-04-28,8758.47,Card,Paid
2757,2757,2024-05-17,5478.98,Bank,Paid
2758,2758,2025-03-29,4982.94,UPI,Paid
2759,2759,2025-02-26,1332.82,Card,Paid
2760,2760,2025-05-08,1051.13,Card,Paid
2761,2761,2024-11-19,3673.5,Card,Paid
2762,2762,2025-07-15,1618.36,Wallet,Paid
2763,2763,2025-06-14,1745.49,Wallet,Paid
2764,2764,2025-10-04,6550.69,Bank,Paid
2765,2765,2026-01-29,1994.59,Bank,Paid
2766,2766,2024-02-17,1051.82,Bank,Paid
2767,2767,2026-05-05,4463.71,Bank,Paid
2768,2768,2024-02-24,2815.92,UPI,Paid
2769,2769,2024-06-17,105.99,Card,Pending
2770,2770,2025-04-20,3911.52,Card,Paid
2771,2771,2026-03-18,2524.73,Wallet,Paid
2772,2772,2025-04-12,4762.42,UPI,Paid
2773,2773,2026-08-26,3711.06,Wallet,Paid
2774,2774,2026-03-17,1920.18,Card,Paid
2775,2775,2025-05-29,6304.76,Bank,Paid
2776,2776,2025-07-16,1875.94,Card,Paid
2777,2777,2026-05-10,2024.21,UPI,Paid
2778,2778,2025-02-11,168.34,Card,Paid
2779,2779,2025-01-07,3166.57,Bank,Paid
2780,2780,2026-06-02,6751.7,Card,Paid
2781,2781,2024-10-11,4602.75,Bank,Paid
2782,2782,2024-07-05,4171.16,Wallet,Paid
2783,2783,2026-05-17,2968.32,Bank,Pending
2784,2784,2024-05-30,2243.61,UPI,Paid
2785,2785,2025-11-14,2108.76,Bank,Paid
2786,2786,2025-10-13,2146.28,Wallet,Paid
2787,2787,2026-01-22,3527.34,Wallet,Paid
2788,2788,2025-10-28,1956.93,Wallet,Paid
2789,2789,2025-06-05,4997.69,Wallet,Paid
2790,2790,2026-08-21,1428.21,Bank,Paid
2791,2791,2026-06-28,2565.52,UPI,Paid
2792,2792,2026-03-02,1039.1,Wallet,Paid
2793,2793,2026-07-15,2699.92,Bank,Paid
2794,2794,2025-10-17,1939.73,UPI,Failed
2795,2795,2026-03-13,1063.1,Card,Paid
2796,2796,2026-01-08,3246.46,UPI,Paid
2797,2797,2024-06-06,5049.49,Bank,Paid
2798,2798,2024-05-12,5317.82,Wallet,Paid
2799,2799,2026-07-24,3115.55,Bank,Failed
2800,2800,2024-12-13,581.13,Wallet,Failed
2801,2801,2025-12-12,210.14,UPI,Paid
2802,2802,2025-09-13,1900.17,Wallet,Paid
2803,2803,2025-03-27,6327.77,Bank,Paid
2804,2804,2026-05-22,1004.02,Bank,Paid
2805,2805,2025-12-29,4422.63,Bank,Paid
2806,2806,2024-06-01,2455.09,UPI,Paid
2807,2807,2025-11-09,2914.6,Wallet,Paid
2808,2808,2026-01-07,3477.09,UPI,Paid
2809,2809,2024-07-24,5150.65,UPI,Paid
2810,2810,2024-04-22,5128.12,UPI,Paid
2811,2811,2026-04-23,613.88,Wallet,Paid
2812,2812,2026-06-26,986.35,UPI,Paid
2813,2813,2024-04-24,1143.16,Wallet,Pending
2814,2814,2025-07-19,2151.69,Card,Paid
2815,2815,2024-05-10,1911.14,Wallet,Paid
2816,2816,2025-10-03,1019.3,UPI,Paid
2817,2817,2025-07-13,71.16,Wallet,Paid
2818,2818,2025-08-12,8141.97,Card,Paid
2819,2819,2024-01-09,414.97,Wallet,Paid
2820,2820,2025-09-18,3192.17,UPI,Paid
2821,2821,2025-07-03,6405.9,Card,Paid
2822,2822,2026-08-24,1928.39,Card,Paid
2823,2823,2025-01-20,1835.39,UPI,Paid
2824,2824,2025-10-28,1177.61,Card,Paid
2825,2825,2024-12-30,3151.02,Wallet,Paid
2826,2826,2024-11-08,3110.27,Card,Paid
2827,2827,2025-09-30,2054.3,Bank,Failed
2828,2828,2024-05-22,2505.32,Wallet,Paid
2829,2829,2024-05-25,3785.67,Card,Paid
2830,2830,2025-01-14,5462.89,Wallet,Paid
2831,2831,2026-02-25,4006.43,Bank,Paid
2832,2832,2025-10-06,1640.79,Card,Paid
2833,2833,2024-08-29,69.76,Card,Paid
2834,2834,2025-08-20,7804.49,Wallet,Paid
2835,2835,2024-02-18,2406.3,Card,Paid
2836,2836,2024-03-21,352.31,UPI,Paid
2837,2837,2026-04-07,5776.91,Card,Paid
2838,2838,2025-08-24,5921.57,Wallet,Paid
2839,2839,2026-08-03,196.49,Bank,Paid
2840,2840,2025-05-14,4336.48,Wallet,Failed
2841,2841,2024-10-11,2418.87,UPI,Paid
2842,2842,2025-08-23,4368.2,Bank,Paid
2843,2843,2024-01-31,3728.41,Card,Paid
2844,2844,2025-04-15,4792.77,Wallet,Paid
2845,2845,2024-12-11,2704.0,Bank,Paid
2846,2846,2024-06-18,5639.52,UPI,Paid
2847,2847,2024-07-14,4489.5,Card,Paid
2848,2848,2026-07-22,837.18,Card,Paid
2849,2849,2025-06-17,2358.81,Bank,Paid
2850,2850,2025-05-21,7612.23,UPI,Paid
2851,2851,2026-04-18,443.9,Bank,Paid
2852,2852,2024-07-11,3593.69,Card,Paid
2853,2853,2026-06-15,3643.59,Wallet,Paid
2854,2854,2025-05-06,2976.24,Card,Paid
2855,2855,2025-04-21,4973.64,Bank,Paid
2856,2856,2025-12-21,1968.14,Bank,Paid
2857,2857,2024-04-12,1824.55,Wallet,Paid
2858,2858,2025-01-07,2634.38,Card,Paid
2859,2859,2024-03-12,1717.76,Wallet,Paid
2860,2860,2024-08-14,4244.03,UPI,Paid
2861,2861,2026-08-13,5014.49,Card,Paid
2862,2862,2024-09-04,3901.86,Wallet,Paid
2863,2863,2024-03-15,243.34,Bank,Paid
2864,2864,2024-05-02,1113.78,UPI,Paid
2865,2865,2026-07-05,3075.31,Wallet,Paid
2866,2866,2026-03-20,5069.18,UPI,Paid
2867,2867,2024-08-07,3948.19,Wallet,Paid
2868,2868,2025-04-28,406.45,Wallet,Paid
2869,2869,2024-04-21,1290.48,Wallet,Paid
2870,2870,2024-12-23,757.17,Card,Paid
2871,2871,2026-02-01,1699.23,Card,Paid
2872,2872,2026-04-16,124.32,Bank,Paid
2873,2873,2025-02-14,1115.83,Wallet,Paid
2874,2874,2025-04-07,2698.03,Wallet,Paid
2875,2875,2024-03-21,616.19,Wallet,Paid
2876,2876,2024-03-03,3278.32,UPI,Paid
2877,2877,2026-08-15,4918.08,Bank,Paid
2878,2878,2024-06-29,127.95,Card,Paid
2879,2879,2025-12-10,9051.08,UPI,Paid
2880,2880,2025-06-25,4061.19,UPI,Paid
2881,2881,2025-09-09,1757.79,UPI,Failed
2882,2882,2024-02-05,2783.49,Wallet,Pending
2883,2883,2024-07-17,3855.32,Bank,Paid
2884,2884,2024-08-25,2965.21,UPI,Paid
2885,2885,2024-02-21,3020.27,Card,Paid
2886,2886,2024-01-12,4123.72,Bank,Pending
2887,2887,2024-03-27,1885.78,UPI,Paid
2888,2888,2024-10-25,4609.14,Bank,Paid
2889,2889,2025-06-28,716.93,Wallet,Paid
2890,2890,2026-02-02,3639.47,Bank,Failed
2891,2891,2024-01-23,6876.36,Wallet,Paid
2892,2892,2025-07-26,2639.1,UPI,Paid
2893,2893,2026-03-23,506.15,Wallet,Paid
2894,2894,2026-05-22,9890.09,UPI,Paid
2895,2895,2025-07-05,3574.55,Bank,Paid
2896,2896,2024-06-15,6193.55,Bank,Paid
2897,2897,2024-08-01,765.17,Wallet,Paid
2898,2898,2025-05-13,5112.93,UPI,Paid
2899,2899,2024-01-30,5153.77,Bank,Paid
2900,2900,2024-12-09,7134.93,UPI,Failed
2901,2901,2025-06-14,726.51,Bank,Paid
2902,2902,2025-12-07,2026.07,Card,Paid
2903,2903,2024-05-20,5365.71,UPI,Paid
2904,2904,2024-06-25,7966.88,UPI,Paid
2905,2905,2024-02-06,4988.61,Card,Paid
2906,2906,2024-11-06,5099.48,Wallet,Paid
2907,2907,2024-02-17,3345.06,Bank,Paid
2908,2908,2026-08-16,429.3,Bank,Paid
2909,2909,2025-07-06,402.37,Wallet,Paid
2910,2910,2024-04-12,244.02,Wallet,Paid
2911,2911,2024-04-26,1764.34,Bank,Paid
2912,2912,2026-02-19,518.92,Wallet,Paid
2913,2913,2026-07-14,1063.25,UPI,Paid
2914,2914,2026-05-26,2125.85,Wallet,Pending
2915,2915,2024-10-25,4556.73,UPI,Paid
2916,2916,2024-10-05,6863.19,Wallet,Paid
2917,2917,2025-10-11,1871.01,Card,Paid
2918,2918,2024-05-22,2375.04,Card,Paid
2919,2919,2026-04-02,6325.85,Wallet,Paid
2920,2920,2025-11-24,3222.92,Wallet,Pending
2921,2921,2024-03-29,1326.75,Card,Paid
2922,2922,2024-08-09,1223.22,Card,Paid
2923,2923,2024-12-25,2827.71,UPI,Pending
2924,2924,2025-09-25,3228.43,Bank,Paid
2925,2925,2025-05-15,321.36,UPI,Paid
2926,2926,2024-01-04,2812.99,Card,Paid
2927,2927,2025-08-21,1900.47,Card,Paid
2928,2928,2024-04-27,2192.43,UPI,Paid
2929,2929,2026-01-05,36.88,Wallet,Failed
2930,2930,2025-06-14,2716.34,Bank,Paid
2931,2931,2024-12-02,860.81,UPI,Paid
2932,2932,2026-02-18,1438.04,Card,Paid
2933,2933,2025-01-21,4787.6,Wallet,Paid
2934,2934,2025-08-30,3467.28,Wallet,Paid
2935,2935,2025-08-04,5207.49,Bank,Paid
2936,2936,2024-10-31,2591.43,Bank,Paid
2937,2937,2025-07-09,6281.66,Card,Paid
2938,2938,2024-01-30,1059.97,Wallet,Failed
2939,2939,2024-06-25,5006.61,Wallet,Paid
2940,2940,2025-05-24,6499.76,UPI,Paid
2941,2941,2025-10-06,4238.12,Bank,Paid
2942,2942,2024-12-24,578.6,Card,Paid
2943,2943,2024-11-30,1702.45,UPI,Paid
2944,2944,2024-06-14,1780.76,Card,Paid
2945,2945,2026-01-05,195.83,Wallet,Paid
2946,2946,2025-08-19,1611.91,Bank,Pending
2947,2947,2025-03-30,182.4,UPI,Paid
2948,2948,2025-03-16,6698.66,Bank,Paid
2949,2949,2025-02-24,124.4,Wallet,Paid
2950,2950,2025-11-08,318.56,Bank,Pending
2951,2951,2024-09-28,5104.51,UPI,Paid
2952,2952,2025-01-23,1854.05,UPI,Paid
2953,2953,2025-04-14,3396.47,Wallet,Paid
2954,2954,2024-05-12,3891.33,Bank,Paid
2955,2955,2026-06-15,1402.05,Bank,Paid
2956,2956,2026-05-21,434.74,Wallet,Paid
2957,2957,2024-02-27,1100.7,UPI,Paid
2958,2958,2025-05-25,1128.5,Bank,Failed
2959,2959,2024-06-10,483.27,Wallet,Paid
2960,2960,2025-09-22,7118.32,Bank,Paid
2961,2961,2026-04-07,1407.48,Card,Paid
2962,2962,2025-05-01,3691.95,Wallet,Paid
2963,2963,2024-02-20,1327.36,Wallet,Paid
2964,2964,2026-04-24,1324.3,Wallet,Paid
2965,2965,2026-06-12,6860.26,UPI,Paid
2966,2966,2026-01-14,2250.17,Bank,Paid
2967,2967,2025-11-01,1886.85,Bank,Paid
2968,2968,2026-04-29,4539.95,Card,Paid
2969,2969,2026-05-31,8112.88,Bank,Paid
2970,2970,2024-01-19,6940.02,Bank,Paid
2971,2971,2025-01-15,1452.77,Wallet,Failed
2972,2972,2025-09-07,1655.61,UPI,Pending
2973,2973,2025-12-05,4156.66,Wallet,Paid
2974,2974,2024-06-08,2255.81,Bank,Paid
2975,2975,2025-06-26,3274.41,Bank,Paid
2976,2976,2024-02-29,7565.31,Card,Failed
2977,2977,2025-09-15,647.66,Card,Paid
2978,2978,2025-01-09,2538.63,Bank,Paid
2979,2979,2025-09-25,6940.88,Bank,Paid
2980,2980,2025-03-14,2830.81,Wallet,Paid
2981,2981,2026-05-02,1859.81,Card,Paid
2982,2982,2025-02-24,5066.24,Bank,Paid
2983,2983,2026-08-20,252.24,Card,Paid
2984,2984,2025-06-05,564.35,UPI,Pending
2985,2985,2025-01-23,6389.62,Bank,Paid
2986,2986,2024-03-11,2165.92,Bank,Failed
2987,2987,2024-03-22,1644.83,Bank,Paid
2988,2988,2025-01-06,3264.19,UPI,Paid
2989,2989,2025-08-19,1419.86,Bank,Paid
2990,2990,2026-01-15,2899.57,Bank,Paid
2991,2991,2024-03-10,5274.5,UPI,Failed
2992,2992,2025-04-25,175.33,Card,Paid
2993,2993,2025-10-03,1270.51,UPI,Paid
2994,2994,2024-10-06,1107.34,UPI,Paid
2995,2995,2026-08-01,5469.49,UPI,Paid
2996,2996,2026-07-26,8045.82,Card,Paid
2997,2997,2026-02-18,5736.2,Bank,Paid
2998,2998,2026-01-11,6210.59,Wallet,Paid
2999,2999,2024-04-22,1737.42,Card,Paid
3000,3000,2025-12-30,790.78,UPI,Paid
3001,3001,2026-05-15,6341.62,UPI,Paid
3002,3002,2025-10-19,5025.49,UPI,Paid
3003,3003,2025-06-09,517.67,Card,Paid
3004,3004,2026-04-16,261.02,Bank,Paid
3005,3005,2026-08-25,1598.64,Bank,Paid
3006,3006,2026-04-29,759.54,Wallet,Paid
3007,3007,2024-01-20,2338.81,UPI,Paid
3008,3008,2026-02-20,3039.12,Wallet,Paid
3009,3009,2024-01-25,1744.46,UPI,Paid
3010,3010,2024-07-11,1602.06,Card,Paid
3011,3011,2025-09-03,1575.3,Wallet,Paid
3012,3012,2024-02-14,1717.89,Bank,Paid
3013,3013,2024-04-16,3322.52,Card,Failed
3014,3014,2026-03-19,1556.74,UPI,Paid
3015,3015,2025-05-18,3939.34,Bank,Paid
3016,3016,2025-10-26,524.86,Card,Paid
3017,3017,2024-11-25,462.39,UPI,Paid
3018,3018,2024-11-18,2312.95,Card,Paid
3019,3019,2024-07-07,4685.41,Wallet,Paid
3020,3020,2025-08-11,8685.12,Card,Paid
3021,3021,2025-05-29,6644.0,UPI,Paid
3022,3022,2026-02-26,1764.89,UPI,Paid
3023,3023,2024-12-30,1722.09,Bank,Paid
3024,3024,2024-08-12,6226.1,Bank,Paid
3025,3025,2025-07-17,2488.19,Wallet,Pending
3026,3026,2025-03-11,5336.47,Card,Paid
3027,3027,2026-07-28,1484.14,Card,Paid
3028,3028,2024-07-03,3783.19,UPI,Paid
3029,3029,2026-08-24,2948.83,Wallet,Paid
3030,3030,2025-07-31,187.73,Card,Paid
3031,3031,2024-04-01,7066.25,UPI,Paid
3032,3032,2024-04-30,3939.83,Card,Paid
3033,3033,2024-09-10,535.21,Wallet,Failed
3034,3034,2025-07-06,3971.61,Card,Paid
3035,3035,2025-09-12,4805.96,Bank,Paid
3036,3036,2026-04-15,2663.25,Bank,Paid
3037,3037,2026-05-19,1687.28,Bank,Paid
3038,3038,2025-04-28,3491.2,Card,Paid
3039,3039,2024-07-30,1113.5,Bank,Paid
3040,3040,2025-10-09,521.48,UPI,Paid
3041,3041,2024-09-30,7217.47,Wallet,Failed
3042,3042,2026-04-23,1061.95,Card,Paid
3043,3043,2024-04-20,631.14,Wallet,Paid
3044,3044,2024-07-16,2668.18,UPI,Paid
3045,3045,2024-10-20,1122.55,Wallet,Paid
3046,3046,2025-12-23,3830.86,UPI,Paid
3047,3047,2025-10-03,5793.32,UPI,Paid
3048,3048,2024-07-06,3878.09,UPI,Paid
3049,3049,2024-06-10,3066.28,Bank,Paid
3050,3050,2024-03-31,4321.87,Card,Paid
3051,3051,2025-07-13,707.9,UPI,Paid
3052,3052,2025-01-10,2378.39,Card,Failed
3053,3053,2024-02-18,6612.64,Wallet,Failed
3054,3054,2026-06-09,3647.36,UPI,Paid
3055,3055,2024-03-18,6537.46,Bank,Paid
3056,3056,2024-02-26,2710.32,Bank,Paid
3057,3057,2024-08-21,113.17,Wallet,Paid
3058,3058,2025-06-18,339.57,Bank,Paid
3059,3059,2024-06-14,5942.06,Wallet,Paid
3060,3060,2024-11-01,711.71,Wallet,Paid
3061,3061,2024-03-12,3401.69,Wallet,Paid
3062,3062,2026-02-06,4930.44,Bank,Paid
3063,3063,2025-06-06,4825.49,Wallet,Paid
3064,3064,2026-08-10,4627.31,UPI,Paid
3065,3065,2025-02-04,1268.89,Card,Paid
3066,3066,2025-01-24,5422.1,Card,Paid
3067,3067,2024-09-08,4392.84,Bank,Paid
3068,3068,2024-03-23,814.98,Bank,Paid
3069,3069,2026-05-11,4738.12,Wallet,Paid
3070,3070,2026-03-24,8135.79,Wallet,Paid
3071,3071,2025-06-16,6706.35,Card,Paid
3072,3072,2024-09-17,3348.41,UPI,Paid
3073,3073,2026-01-29,1737.16,Bank,Paid
3074,3074,2024-10-16,5473.51,Bank,Paid
3075,3075,2024-10-08,7874.82,Card,Paid
3076,3076,2025-10-11,1375.01,Bank,Paid
3077,3077,2025-05-27,2514.88,Card,Paid
3078,3078,2025-12-10,1352.28,Card,Paid
3079,3079,2024-12-14,1478.03,Bank,Paid
3080,3080,2025-03-25,145.68,Card,Paid
3081,3081,2025-12-27,3222.73,UPI,Paid
3082,3082,2025-07-01,5508.23,Bank,Paid
3083,3083,2024-04-19,1968.38,Bank,Paid
3084,3084,2025-12-30,738.09,UPI,Paid
3085,3085,2024-01-27,2206.61,UPI,Paid
3086,3086,2025-09-04,943.99,Card,Paid
3087,3087,2024-05-11,4695.3,Card,Paid
3088,3088,2024-11-16,1194.34,Card,Paid
3089,3089,2026-01-24,4470.58,UPI,Paid
3090,3090,2024-05-27,5863.08,Wallet,Paid
3091,3091,2024-01-31,2265.68,Card,Paid
3092,3092,2026-04-19,1111.69,UPI,Paid
3093,3093,2026-04-20,3712.63,Card,Paid
3094,3094,2026-07-10,818.0,Wallet,Paid
3095,3095,2025-10-07,3746.05,UPI,Failed
3096,3096,2024-10-09,4712.17,Wallet,Pending
3097,3097,2026-04-16,3363.15,Card,Paid
3098,3098,2025-06-23,2649.89,Wallet,Paid
3099,3099,2026-04-19,1927.58,Card,Paid
3100,3100,2024-08-10,1692.4,Card,Paid
3101,3101,2024-12-07,2780.48,Card,Paid
3102,3102,2025-10-11,2345.57,Card,Paid
3103,3103,2025-09-25,2876.98,UPI,Paid
3104,3104,2024-06-03,2029.14,Bank,Paid
3105,3105,2026-01-31,2422.9,Card,Paid
3106,3106,2024-01-21,795.03,Card,Paid
3107,3107,2025-09-09,1488.76,Wallet,Paid
3108,3108,2026-08-14,928.38,Wallet,Paid
3109,3109,2024-04-16,4488.61,UPI,Paid
3110,3110,2026-01-19,1680.93,Bank,Paid
3111,3111,2025-09-21,5558.7,Bank,Paid
3112,3112,2024-10-18,6439.84,Wallet,Paid
3113,3113,2024-05-09,670.68,UPI,Paid
3114,3114,2025-03-15,1053.67,Card,Paid
3115,3115,2025-04-30,8663.42,UPI,Paid
3116,3116,2024-10-15,3377.96,UPI,Paid
3117,3117,2025-10-11,3395.13,Card,Paid
3118,3118,2024-12-02,1887.64,UPI,Paid
3119,3119,2025-01-22,2102.76,Wallet,Paid
3120,3120,2025-09-06,2781.71,Bank,Paid
3121,3121,2025-07-13,1066.09,UPI,Paid
3122,3122,2026-04-07,1943.99,Wallet,Paid
3123,3123,2025-11-20,1969.54,Wallet,Paid
3124,3124,2026-02-14,5802.17,UPI,Paid
3125,3125,2025-02-23,138.91,Bank,Paid
3126,3126,2024-04-13,7614.43,Card,Paid
3127,3127,2024-06-05,1692.12,Wallet,Pending
3128,3128,2026-08-21,4141.64,Bank,Paid
3129,3129,2025-04-30,4361.63,Wallet,Failed
3130,3130,2026-05-20,4204.75,Card,Paid
3131,3131,2024-04-14,1944.84,Card,Paid
3132,3132,2025-10-06,2134.51,Wallet,Paid
3133,3133,2025-09-18,5479.7,UPI,Paid
3134,3134,2024-11-05,3608.69,UPI,Paid
3135,3135,2024-11-29,8318.7,UPI,Paid
3136,3136,2025-04-25,3251.4,Card,Paid
3137,3137,2024-10-28,1115.33,Card,Paid
3138,3138,2025-11-11,559.32,Card,Paid
3139,3139,2024-02-09,2307.21,UPI,Paid
3140,3140,2025-10-25,1404.83,Wallet,Failed
3141,3141,2026-06-27,3832.42,Card,Paid
3142,3142,2025-08-02,4210.12,UPI,Paid
3143,3143,2026-03-23,735.93,Wallet,Paid
3144,3144,2026-01-21,4447.05,Bank,Paid
3145,3145,2024-07-12,1764.15,Wallet,Paid
3146,3146,2024-09-17,605.55,UPI,Paid
3147,3147,2024-05-09,5266.89,Card,Paid
3148,3148,2024-12-24,5843.48,UPI,Paid
3149,3149,2026-06-25,4489.46,Wallet,Pending
3150,3150,2025-01-14,3783.8,Wallet,Pending
3151,3151,2026-01-04,2988.28,Card,Paid
3152,3152,2024-12-26,4500.16,Card,Paid
3153,3153,2024-09-13,9714.28,Wallet,Pending
3154,3154,2025-06-13,3853.07,Wallet,Paid
3155,3155,2024-11-27,1159.71,UPI,Paid
3156,3156,2024-03-24,730.69,Bank,Paid
3157,3157,2025-10-21,1767.57,Card,Paid
3158,3158,2026-02-03,866.99,UPI,Paid
3159,3159,2024-02-15,3569.15,Bank,Paid
3160,3160,2025-01-27,11855.89,Bank,Pending
3161,3161,2025-05-07,6349.65,Bank,Paid
3162,3162,2024-08-30,3886.19,UPI,Paid
3163,3163,2025-04-29,1199.08,Wallet,Paid
3164,3164,2026-06-12,2290.73,Wallet,Paid
3165,3165,2025-07-24,2990.16,Bank,Paid
3166,3166,2024-03-27,6033.88,UPI,Paid
3167,3167,2025-01-14,1605.57,Card,Paid
3168,3168,2025-03-03,1200.13,Bank,Paid
3169,3169,2025-08-22,2059.58,Card,Paid
3170,3170,2026-03-15,5209.37,UPI,Paid
3171,3171,2025-03-03,1867.45,Wallet,Paid
3172,3172,2024-01-04,3765.27,Card,Paid
3173,3173,2025-02-15,2210.38,Card,Pending
3174,3174,2026-05-12,1989.08,Wallet,Paid
3175,3175,2025-04-21,5815.82,Bank,Paid
3176,3176,2024-04-12,2871.97,Bank,Paid
3177,3177,2025-12-29,1048.9,Wallet,Paid
3178,3178,2024-03-08,3502.92,UPI,Paid
3179,3179,2024-06-18,8306.73,Bank,Paid
3180,3180,2024-01-19,3179.32,Card,Paid
3181,3181,2025-10-01,7735.23,Wallet,Paid
3182,3182,2025-08-10,7734.87,Card,Paid
3183,3183,2025-06-04,314.55,Bank,Paid
3184,3184,2026-04-28,3021.99,Bank,Paid
3185,3185,2025-08-02,2307.49,Card,Paid
3186,3186,2024-12-04,3897.53,UPI,Paid
3187,3187,2026-08-18,658.42,Card,Paid
3188,3188,2025-04-29,6315.32,Bank,Paid
3189,3189,2025-12-24,924.36,Bank,Paid
3190,3190,2025-04-04,1736.32,UPI,Paid
3191,3191,2024-10-20,804.21,Card,Paid
3192,3192,2026-04-27,11330.8,Card,Paid
3193,3193,2026-02-21,1838.88,Wallet,Paid
3194,3194,2026-04-16,1391.62,Wallet,Paid
3195,3195,2024-04-11,3256.45,Card,Paid
3196,3196,2025-04-26,7879.47,UPI,Paid
3197,3197,2025-11-13,1033.17,UPI,Paid
3198,3198,2024-04-17,2027.37,Wallet,Paid
3199,3199,2025-11-01,5009.61,Bank,Paid
3200,3200,2025-03-24,1814.75,UPI,Paid
3201,3201,2026-03-08,3571.18,Bank,Paid
3202,3202,2024-12-03,3317.53,Wallet,Paid
3203,3203,2025-04-27,5480.36,UPI,Paid
3204,3204,2024-05-15,583.62,Bank,Paid
3205,3205,2025-12-02,3900.66,Bank,Paid
3206,3206,2024-12-11,5800.07,Bank,Paid
3207,3207,2025-03-12,3983.43,Wallet,Paid
3208,3208,2025-03-20,5930.79,Card,Paid
3209,3209,2024-03-11,3661.1,Bank,Paid
3210,3210,2024-04-01,2775.06,UPI,Paid
3211,3211,2025-08-02,4256.7,Wallet,Paid
3212,3212,2026-08-13,4681.48,Bank,Paid
3213,3213,2026-05-15,3472.79,Card,Paid
3214,3214,2024-02-10,2423.2,Wallet,Paid
3215,3215,2026-07-02,1295.04,Wallet,Paid
3216,3216,2024-10-16,6005.28,Bank,Paid
3217,3217,2026-03-01,1944.16,Card,Paid
3218,3218,2025-06-19,1599.09,UPI,Paid
3219,3219,2024-10-02,2397.54,UPI,Paid
3220,3220,2024-02-10,4164.67,UPI,Paid
3221,3221,2024-10-19,9042.95,UPI,Paid
3222,3222,2025-09-24,1945.35,Bank,Paid
3223,3223,2026-08-28,2348.39,Card,Paid
3224,3224,2024-08-16,6179.71,UPI,Paid
3225,3225,2026-06-16,3176.87,UPI,Paid
3226,3226,2026-04-26,1246.17,Card,Paid
3227,3227,2024-09-19,4886.53,UPI,Paid
3228,3228,2024-03-24,5314.89,Wallet,Paid
3229,3229,2025-04-07,3202.26,Bank,Paid
3230,3230,2025-03-29,5215.08,UPI,Paid
3231,3231,2024-01-18,1121.59,UPI,Paid
3232,3232,2025-04-26,3482.86,Bank,Paid
3233,3233,2025-06-01,230.42,Wallet,Paid
3234,3234,2024-11-05,267.79,UPI,Paid
3235,3235,2025-04-20,697.76,Card,Failed
3236,3236,2025-03-16,5225.77,UPI,Paid
3237,3237,2026-07-14,1634.28,Card,Paid
3238,3238,2026-06-04,2738.1,UPI,Paid
3239,3239,2024-12-03,7089.99,Card,Paid
3240,3240,2025-06-04,983.73,Bank,Paid
3241,3241,2025-04-21,6361.84,UPI,Paid
3242,3242,2024-09-01,3101.61,Bank,Paid
3243,3243,2026-08-16,1771.2,UPI,Paid
3244,3244,2026-06-26,813.41,Card,Paid
3245,3245,2024-06-15,2199.65,UPI,Paid
3246,3246,2024-10-13,2360.45,UPI,Pending
3247,3247,2025-06-27,216.3,Bank,Paid
3248,3248,2025-03-03,2509.13,Card,Paid
3249,3249,2026-04-04,4899.68,UPI,Paid
3250,3250,2024-12-05,1942.55,Wallet,Paid
3251,3251,2025-08-15,1627.36,Bank,Paid
3252,3252,2025-02-16,5715.49,Card,Paid
3253,3253,2024-12-13,4168.61,Wallet,Paid
3254,3254,2024-06-25,10476.51,Card,Paid
3255,3255,2025-09-06,3326.75,Wallet,Paid
3256,3256,2026-03-23,114.72,Wallet,Paid
3257,3257,2026-03-23,2750.64,UPI,Paid
3258,3258,2025-06-11,6899.93,Wallet,Paid
3259,3259,2026-03-06,3132.05,Bank,Paid
3260,3260,2025-11-29,2694.01,Wallet,Paid
3261,3261,2025-07-25,31.04,Wallet,Paid
3262,3262,2025-05-27,8722.8,Card,Paid
3263,3263,2024-01-30,1161.55,UPI,Paid
3264,3264,2024-01-17,1439.4,Bank,Paid
3265,3265,2024-12-13,3592.14,Card,Paid
3266,3266,2024-02-19,4044.3,Card,Paid
3267,3267,2025-02-05,787.81,Wallet,Paid
3268,3268,2026-01-30,2547.14,Card,Paid
3269,3269,2025-02-26,4421.52,UPI,Paid
3270,3270,2026-03-24,3329.16,Bank,Paid
3271,3271,2026-06-21,1207.62,Bank,Paid
3272,3272,2024-03-25,1309.45,UPI,Failed
3273,3273,2024-11-17,1801.69,UPI,Paid
3274,3274,2026-02-05,5138.93,UPI,Paid
3275,3275,2026-04-30,7362.86,UPI,Paid
3276,3276,2024-05-22,2020.84,UPI,Paid
3277,3277,2026-02-02,6017.59,UPI,Paid
3278,3278,2026-07-31,2951.66,UPI,Paid
3279,3279,2026-07-14,243.39,Bank,Paid
3280,3280,2025-03-25,4894.91,Wallet,Paid
3281,3281,2024-10-03,5992.24,Card,Failed
3282,3282,2024-02-29,1236.23,Card,Pending
3283,3283,2026-03-26,2495.31,Card,Paid
3284,3284,2024-07-07,2497.21,Wallet,Paid
3285,3285,2026-02-25,2550.38,Bank,Paid
3286,3286,2025-11-13,1913.13,Card,Paid
3287,3287,2024-10-01,1145.37,UPI,Paid
3288,3288,2024-01-13,8819.32,UPI,Paid
3289,3289,2024-09-03,8188.44,Wallet,Paid
3290,3290,2024-12-02,4154.48,Bank,Paid
3291,3291,2024-03-20,1108.01,UPI,Paid
3292,3292,2025-10-10,4044.97,Card,Paid
3293,3293,2025-04-28,6086.55,UPI,Paid
3294,3294,2024-01-15,2364.88,UPI,Paid
3295,3295,2025-08-08,3109.62,Card,Paid
3296,3296,2025-11-06,126.47,UPI,Paid
3297,3297,2024-09-12,4561.69,Bank,Paid
3298,3298,2026-04-24,4134.56,Wallet,Paid
3299,3299,2024-05-03,5276.7,UPI,Paid
3300,3300,2024-11-05,6183.09,UPI,Paid
3301,3301,2024-05-14,5107.21,Bank,Paid
3302,3302,2025-06-12,3681.14,Card,Paid
3303,3303,2024-06-03,1770.08,Wallet,Paid
3304,3304,2024-09-24,4943.82,UPI,Failed
3305,3305,2025-01-03,4948.89,Wallet,Paid
3306,3306,2024-09-19,1548.9,UPI,Paid
3307,3307,2025-01-11,2376.07,Bank,Paid
3308,3308,2025-01-03,357.74,Card,Failed
3309,3309,2024-07-08,312.62,Bank,Paid
3310,3310,2026-03-10,6166.35,UPI,Failed
3311,3311,2024-08-01,3179.3,Card,Paid
3312,3312,2025-05-01,1314.17,Card,Paid
3313,3313,2024-11-19,2249.46,Card,Paid
3314,3314,2026-01-11,3678.61,UPI,Paid
3315,3315,2024-07-29,4129.56,Bank,Failed
3316,3316,2026-07-19,341.19,Wallet,Paid
3317,3317,2024-02-27,2291.41,Wallet,Paid
3318,3318,2026-07-25,4408.14,Card,Paid
3319,3319,2025-10-17,3736.8,Bank,Paid
3320,3320,2024-09-30,4027.29,Wallet,Paid
3321,3321,2025-01-19,3809.96,UPI,Paid
3322,3322,2024-09-23,3351.83,Bank,Paid
3323,3323,2024-01-11,6389.47,Bank,Paid
3324,3324,2026-07-19,2358.44,Bank,Paid
3325,3325,2025-06-16,4431.11,UPI,Paid
3326,3326,2025-06-21,2081.0,Wallet,Pending
3327,3327,2024-06-07,2117.2,UPI,Paid
3328,3328,2024-07-08,1004.32,UPI,Paid
3329,3329,2026-08-28,2681.29,UPI,Paid
3330,3330,2026-08-17,1905.68,Bank,Paid
3331,3331,2025-02-20,5780.94,UPI,Failed
3332,3332,2024-09-01,4052.64,UPI,Failed
3333,3333,2025-05-30,667.77,Bank,Paid
3334,3334,2024-01-15,7069.09,Card,Paid
3335,3335,2024-09-29,1958.82,Card,Paid
3336,3336,2026-01-29,963.67,Card,Paid
3337,3337,2026-07-18,2299.25,Bank,Paid
3338,3338,2024-12-29,3399.61,UPI,Paid
3339,3339,2026-02-15,4461.81,Card,Paid
3340,3340,2024-10-24,480.32,Bank,Pending
3341,3341,2024-07-10,619.68,Card,Paid
3342,3342,2026-08-09,3511.54,Wallet,Paid
3343,3343,2026-08-23,294.72,Wallet,Paid
3344,3344,2026-05-02,5170.68,Wallet,Paid
3345,3345,2024-02-20,609.79,UPI,Paid
3346,3346,2026-06-13,363.3,Card,Paid
3347,3347,2025-02-04,177.98,Card,Pending
3348,3348,2024-01-04,8488.3,Bank,Paid
3349,3349,2025-03-07,1273.46,Wallet,Paid
3350,3350,2026-04-09,6392.91,Wallet,Paid
3351,3351,2026-02-20,3326.45,Wallet,Paid
3352,3352,2025-12-31,197.58,Bank,Paid
3353,3353,2026-08-21,2020.04,Bank,Paid
3354,3354,2024-09-20,3188.67,Bank,Paid
3355,3355,2024-11-18,3164.53,Card,Paid
3356,3356,2025-08-06,2578.14,Card,Paid
3357,3357,2024-05-05,1611.16,Wallet,Paid
3358,3358,2024-09-15,4915.32,UPI,Paid
3359,3359,2024-02-03,4015.03,Bank,Paid
3360,3360,2024-02-29,2707.3,UPI,Paid
3361,3361,2024-10-05,5493.92,Wallet,Paid
3362,3362,2026-06-26,3777.41,Wallet,Paid
3363,3363,2025-07-08,6463.04,Bank,Paid
3364,3364,2024-09-27,2180.36,Card,Paid
3365,3365,2024-10-15,4115.89,Card,Pending
3366,3366,2026-04-27,4128.73,Wallet,Paid
3367,3367,2024-03-20,2073.08,UPI,Paid
3368,3368,2025-06-26,1243.77,Card,Failed
3369,3369,2026-01-05,282.35,Card,Paid
3370,3370,2026-04-30,1685.84,Bank,Paid
3371,3371,2026-04-29,2446.91,UPI,Paid
3372,3372,2025-12-03,942.15,UPI,Paid
3373,3373,2026-05-04,508.89,Bank,Paid
3374,3374,2026-06-03,241.43,Card,Paid
3375,3375,2026-06-12,7023.08,Wallet,Paid
3376,3376,2025-03-30,1761.8,Bank,Paid
3377,3377,2025-08-08,3334.23,Wallet,Paid
3378,3378,2025-07-16,1398.01,Card,Paid
3379,3379,2024-01-29,783.85,Card,Paid
3380,3380,2024-12-16,4171.05,UPI,Paid
3381,3381,2024-05-15,692.32,Bank,Paid
3382,3382,2025-01-03,7453.36,Wallet,Paid
3383,3383,2025-12-22,1774.92,Wallet,Paid
3384,3384,2024-08-18,4779.2,UPI,Paid
3385,3385,2025-09-26,438.48,Bank,Paid
3386,3386,2024-05-10,3127.92,Wallet,Paid
3387,3387,2024-10-01,4601.71,Wallet,Pending
3388,3388,2026-02-12,578.15,Wallet,Paid
3389,3389,2026-03-30,690.9,Bank,Paid
3390,3390,2025-11-11,4408.15,Bank,Paid
3391,3391,2026-01-14,7589.43,Bank,Paid
3392,3392,2025-09-08,4534.74,Card,Pending
3393,3393,2025-11-11,2165.14,UPI,Paid
3394,3394,2026-03-08,416.59,UPI,Paid
3395,3395,2025-12-05,2755.61,UPI,Paid
3396,3396,2025-08-03,242.82,Card,Paid
3397,3397,2026-01-22,3308.91,Bank,Paid
3398,3398,2025-11-02,7449.84,Card,Paid
3399,3399,2026-07-30,998.72,UPI,Paid
3400,3400,2026-07-06,4512.94,Bank,Paid
3401,3401,2024-08-15,3215.61,UPI,Pending
3402,3402,2026-06-06,2461.81,Bank,Paid
3403,3403,2024-04-09,1809.36,UPI,Paid
3404,3404,2025-01-14,3313.74,Wallet,Paid
3405,3405,2024-01-09,2098.06,Bank,Paid
3406,3406,2025-04-20,4606.08,UPI,Paid
3407,3407,2024-04-01,7089.73,Card,Paid
3408,3408,2026-05-13,4119.06,UPI,Paid
3409,3409,2024-02-21,3006.54,Wallet,Paid
3410,3410,2024-04-28,2375.06,Wallet,Failed
3411,3411,2026-03-30,4646.76,UPI,Paid
3412,3412,2024-10-19,5204.26,UPI,Paid
3413,3413,2024-11-15,6718.47,UPI,Paid
3414,3414,2024-03-27,1778.15,UPI,Paid
3415,3415,2025-01-16,6736.54,UPI,Paid
3416,3416,2026-04-22,922.22,Card,Paid
3417,3417,2025-02-25,5488.95,UPI,Paid
3418,3418,2024-12-03,3178.78,Card,Paid
3419,3419,2026-02-17,2238.74,UPI,Paid
3420,3420,2024-02-07,1443.76,Card,Paid
3421,3421,2024-02-11,3995.69,UPI,Paid
3422,3422,2025-02-06,3800.75,Wallet,Pending
3423,3423,2025-02-14,7496.84,UPI,Paid
3424,3424,2025-12-27,832.2,Card,Paid
3425,3425,2024-03-26,4580.84,Wallet,Paid
3426,3426,2026-05-09,1056.23,Card,Paid
3427,3427,2024-05-26,3072.01,UPI,Paid
3428,3428,2025-11-03,1857.38,Bank,Paid
3429,3429,2025-03-02,3862.32,UPI,Paid
3430,3430,2026-03-08,1099.24,Card,Paid
3431,3431,2025-02-02,2627.9,Bank,Pending
3432,3432,2024-08-10,1066.12,Wallet,Paid
3433,3433,2025-08-13,3916.97,UPI,Paid
3434,3434,2025-09-19,4141.1,Bank,Paid
3435,3435,2024-11-19,2190.13,Bank,Paid
3436,3436,2024-09-25,224.06,Wallet,Paid
3437,3437,2025-03-14,1393.74,Wallet,Failed
3438,3438,2024-08-11,1007.94,Bank,Failed
3439,3439,2025-02-07,2940.95,Wallet,Paid
3440,3440,2026-05-21,341.85,UPI,Paid
3441,3441,2026-01-19,2986.39,Wallet,Paid
3442,3442,2024-01-02,6089.78,UPI,Paid
3443,3443,2024-01-24,3374.26,UPI,Paid
3444,3444,2024-11-03,3528.98,Bank,Paid
3445,3445,2024-06-11,3028.22,Wallet,Paid
3446,3446,2024-08-15,5437.79,Wallet,Pending
3447,3447,2024-11-14,1907.49,Wallet,Paid
3448,3448,2026-07-17,2754.57,Wallet,Paid
3449,3449,2024-03-31,716.89,Bank,Paid
3450,3450,2025-03-14,1731.39,UPI,Paid
3451,3451,2026-02-23,768.77,Bank,Paid
3452,3452,2026-04-01,1242.79,Bank,Paid
3453,3453,2025-10-23,2904.61,UPI,Paid
3454,3454,2026-01-05,915.95,Bank,Paid
3455,3455,2026-01-03,2965.46,Card,Paid
3456,3456,2025-10-15,5343.4,Bank,Paid
3457,3457,2024-04-19,607.42,Bank,Paid
3458,3458,2025-01-03,1450.73,UPI,Paid
3459,3459,2024-04-19,5133.31,Card,Paid
3460,3460,2025-08-01,2304.03,UPI,Failed
3461,3461,2025-08-02,4211.31,Card,Paid
3462,3462,2026-08-05,221.98,Wallet,Failed
3463,3463,2025-05-09,905.25,Bank,Paid
3464,3464,2024-09-01,3321.73,UPI,Paid
3465,3465,2026-08-03,5805.91,UPI,Paid
3466,3466,2024-02-06,1337.45,UPI,Paid
3467,3467,2025-03-19,2024.89,Card,Pending
3468,3468,2025-04-20,549.56,Wallet,Paid
3469,3469,2025-02-03,3616.17,Bank,Paid
3470,3470,2025-02-24,7594.6,Wallet,Paid
3471,3471,2026-08-26,1677.89,UPI,Paid
3472,3472,2026-06-08,4554.38,Card,Paid
3473,3473,2025-01-22,1996.97,UPI,Paid
3474,3474,2024-04-18,1149.83,Bank,Paid
3475,3475,2026-03-21,5289.79,Wallet,Pending
3476,3476,2024-08-03,119.64,Bank,Paid
3477,3477,2025-11-15,2889.26,Wallet,Paid
3478,3478,2024-12-07,6518.87,Wallet,Paid
3479,3479,2025-08-28,3754.54,Bank,Paid
3480,3480,2026-07-04,1816.64,Card,Paid
3481,3481,2024-11-07,381.46,Bank,Paid
3482,3482,2024-08-11,1666.08,Card,Paid
3483,3483,2024-02-24,4017.36,Bank,Paid
3484,3484,2025-07-11,764.41,UPI,Paid
3485,3485,2026-03-19,2321.02,Card,Paid
3486,3486,2024-03-11,1779.14,UPI,Paid
3487,3487,2024-07-23,571.96,Wallet,Paid
3488,3488,2024-05-16,226.58,Wallet,Paid
3489,3489,2025-01-25,1525.79,Wallet,Paid
3490,3490,2025-08-17,3054.09,Card,Paid
3491,3491,2025-05-22,8682.44,UPI,Paid
3492,3492,2025-07-28,666.14,Card,Paid
3493,3493,2024-06-18,2469.6,UPI,Paid
3494,3494,2024-03-12,3465.64,UPI,Paid
3495,3495,2025-04-12,2858.46,Bank,Paid
3496,3496,2025-07-04,6981.83,UPI,Failed
3497,3497,2026-04-07,1587.41,Wallet,Pending
3498,3498,2025-03-03,3413.86,UPI,Failed
3499,3499,2024-04-28,1579.91,Card,Paid
3500,3500,2026-04-16,33.82,UPI,Paid
3501,3501,2025-09-15,2174.01,Card,Pending
3502,3502,2026-04-01,117.39,UPI,Paid
3503,3503,2025-03-03,2756.33,Bank,Paid
3504,3504,2025-02-11,3099.02,UPI,Paid
3505,3505,2025-06-29,1682.22,Wallet,Paid
3506,3506,2024-05-14,4991.14,Bank,Paid
3507,3507,2024-04-23,8157.91,Card,Paid
3508,3508,2025-04-16,3357.7,UPI,Paid
3509,3509,2024-04-08,3882.58,Wallet,Paid
3510,3510,2026-04-01,6219.88,Bank,Paid
3511,3511,2025-07-23,5426.02,UPI,Paid
3512,3512,2026-08-25,1527.22,Wallet,Paid
3513,3513,2025-10-09,5394.33,Bank,Paid
3514,3514,2024-08-27,1938.11,UPI,Paid
3515,3515,2026-01-20,3899.06,Wallet,Paid
3516,3516,2026-06-09,681.29,Wallet,Paid
3517,3517,2025-10-14,4945.56,UPI,Paid
3518,3518,2025-09-23,2258.83,Card,Paid
3519,3519,2024-09-14,905.29,Wallet,Paid
3520,3520,2024-01-31,109.21,Card,Paid
3521,3521,2026-05-26,96.51,Wallet,Paid
3522,3522,2025-07-07,4650.8,Bank,Paid
3523,3523,2025-03-03,749.35,Bank,Paid
3524,3524,2025-06-21,3347.2,Wallet,Paid
3525,3525,2024-05-01,3961.11,Card,Paid
3526,3526,2025-02-23,3323.82,Card,Paid
3527,3527,2024-07-01,1472.67,Bank,Failed
3528,3528,2026-07-29,5257.29,UPI,Paid
3529,3529,2025-12-13,2280.73,Bank,Paid
3530,3530,2024-02-29,2058.87,Card,Paid
3531,3531,2024-08-02,5492.74,Wallet,Paid
3532,3532,2024-11-18,1478.85,Bank,Paid
3533,3533,2025-02-14,2343.15,Wallet,Paid
3534,3534,2025-08-19,4569.14,Bank,Paid
3535,3535,2025-06-17,4986.89,Bank,Pending
3536,3536,2025-01-03,619.02,UPI,Paid
3537,3537,2024-12-11,866.27,UPI,Paid
3538,3538,2024-09-01,589.84,UPI,Paid
3539,3539,2026-07-18,3281.79,Wallet,Pending
3540,3540,2025-09-20,1787.32,UPI,Paid
3541,3541,2026-02-13,3205.34,Bank,Paid
3542,3542,2024-03-21,5329.93,UPI,Paid
3543,3543,2024-04-06,3406.99,Wallet,Paid
3544,3544,2024-02-14,4929.84,Wallet,Paid
3545,3545,2026-04-17,3934.37,Wallet,Paid
3546,3546,2024-01-23,871.89,Bank,Paid
3547,3547,2024-12-25,4397.96,Card,Paid
3548,3548,2024-11-11,4269.24,UPI,Failed
3549,3549,2024-09-30,1447.15,UPI,Paid
3550,3550,2025-05-01,2634.64,Bank,Paid
3551,3551,2024-01-17,1738.13,Card,Paid
3552,3552,2025-01-14,2405.99,Bank,Paid
3553,3553,2024-05-26,407.2,Bank,Paid
3554,3554,2024-05-18,3444.49,Card,Paid
3555,3555,2024-01-25,308.17,Wallet,Paid
3556,3556,2025-05-26,3870.0,Card,Paid
3557,3557,2024-10-20,6913.81,Bank,Paid
3558,3558,2024-08-09,1408.97,Card,Paid
3559,3559,2024-08-11,3772.96,Card,Paid
3560,3560,2024-02-29,2697.32,Card,Paid
3561,3561,2026-01-09,544.99,Card,Paid
3562,3562,2024-03-26,3028.5,Card,Failed
3563,3563,2024-05-04,2854.4,Card,Paid
3564,3564,2025-08-01,1912.37,Bank,Paid
3565,3565,2025-07-24,1542.71,Card,Paid
3566,3566,2025-02-11,7475.87,UPI,Paid
3567,3567,2026-07-28,3614.0,Bank,Paid
3568,3568,2025-09-26,1257.58,Card,Paid
3569,3569,2025-07-23,2844.25,Bank,Paid
3570,3570,2025-07-07,5078.4,UPI,Paid
3571,3571,2024-04-08,2110.1,Card,Paid
3572,3572,2024-02-03,7218.22,UPI,Paid
3573,3573,2024-04-22,770.73,Wallet,Paid
3574,3574,2025-10-28,1909.99,Card,Paid
3575,3575,2024-10-12,4295.97,UPI,Paid
3576,3576,2025-11-06,505.41,Wallet,Paid
3577,3577,2025-10-05,801.54,Card,Paid
3578,3578,2024-09-08,652.03,UPI,Paid
3579,3579,2026-05-14,6036.79,Bank,Paid
3580,3580,2025-04-30,90.38,Wallet,Paid
3581,3581,2025-09-12,236.85,Bank,Paid
3582,3582,2026-06-03,1457.4,Bank,Paid
3583,3583,2025-09-29,4698.13,Card,Paid
3584,3584,2025-05-21,5374.24,Bank,Pending
3585,3585,2026-06-08,4758.84,UPI,Paid
3586,3586,2025-08-25,3296.27,Wallet,Paid
3587,3587,2026-05-31,816.28,Card,Paid
3588,3588,2024-05-24,7488.12,Wallet,Paid
3589,3589,2024-09-15,896.07,Wallet,Paid
3590,3590,2025-04-22,2009.22,Wallet,Paid
3591,3591,2025-05-14,968.2,UPI,Paid
3592,3592,2025-05-25,2379.35,Wallet,Paid
3593,3593,2024-01-20,2379.47,Card,Paid
3594,3594,2026-04-30,2202.2,Wallet,Paid
3595,3595,2025-03-19,5167.63,UPI,Paid
3596,3596,2025-07-02,2015.64,Card,Failed
3597,3597,2025-04-19,6025.97,Bank,Paid
3598,3598,2025-05-27,2155.69,UPI,Paid
3599,3599,2024-08-17,2101.58,UPI,Failed
3600,3600,2026-07-04,3828.07,Bank,Paid
3601,3601,2025-09-21,5691.89,Wallet,Paid
3602,3602,2026-01-05,7580.84,Card,Paid
3603,3603,2024-11-25,687.19,Wallet,Paid
3604,3604,2025-12-10,1263.4,Card,Paid
3605,3605,2025-08-25,4044.6,Bank,Paid
3606,3606,2025-07-05,5774.17,UPI,Paid
3607,3607,2025-02-13,4772.69,Bank,Paid
3608,3608,2025-12-14,637.26,Wallet,Paid
3609,3609,2026-02-02,3429.97,Bank,Paid
3610,3610,2026-05-15,479.84,Card,Paid
3611,3611,2026-06-27,2346.23,Wallet,Paid
3612,3612,2025-05-08,10192.1,Card,Paid
3613,3613,2024-07-16,3371.14,UPI,Paid
3614,3614,2024-01-23,3110.2,Card,Paid
3615,3615,2024-05-03,7521.67,Bank,Paid
3616,3616,2025-11-18,6559.98,Wallet,Paid
3617,3617,2026-02-17,753.43,UPI,Paid
3618,3618,2025-09-19,4070.98,UPI,Paid
3619,3619,2025-08-07,2764.79,UPI,Paid
3620,3620,2025-05-28,929.76,Wallet,Paid
3621,3621,2025-03-19,6159.5,Bank,Paid
3622,3622,2024-05-19,4372.44,Card,Paid
3623,3623,2026-05-13,3090.48,Card,Paid
3624,3624,2024-05-14,1837.28,Bank,Paid
3625,3625,2024-08-17,1313.99,Wallet,Failed
3626,3626,2024-01-15,2377.44,Wallet,Pending
3627,3627,2025-03-21,5475.24,Card,Paid
3628,3628,2024-07-23,4211.07,Wallet,Paid
3629,3629,2025-05-15,5856.45,Wallet,Paid
3630,3630,2024-05-31,1938.72,Wallet,Paid
3631,3631,2024-01-26,4289.83,UPI,Paid
3632,3632,2025-11-05,690.12,Bank,Paid
3633,3633,2024-10-05,4937.94,Bank,Paid
3634,3634,2026-04-05,4677.39,Wallet,Paid
3635,3635,2024-01-28,264.05,Card,Paid
3636,3636,2024-07-24,765.5,Card,Paid
3637,3637,2025-10-07,4494.38,UPI,Paid
3638,3638,2025-12-19,747.95,Wallet,Failed
3639,3639,2025-12-12,3392.49,Wallet,Paid
3640,3640,2025-05-09,3254.33,Wallet,Paid
3641,3641,2025-01-11,865.58,Bank,Paid
3642,3642,2026-05-06,1844.21,Bank,Paid
3643,3643,2024-07-31,1197.69,UPI,Paid
3644,3644,2026-05-01,3092.25,Card,Paid
3645,3645,2025-08-19,1703.49,UPI,Paid
3646,3646,2026-06-12,326.77,Card,Paid
3647,3647,2024-04-18,1102.57,Wallet,Paid
3648,3648,2025-11-23,3316.9,Wallet,Paid
3649,3649,2025-07-25,4024.88,Card,Paid
3650,3650,2025-01-31,842.87,Wallet,Paid
3651,3651,2024-02-05,3064.41,UPI,Paid
3652,3652,2024-11-30,2019.83,Wallet,Paid
3653,3653,2024-04-11,1526.87,Card,Paid
3654,3654,2026-06-30,1867.0,Bank,Paid
3655,3655,2025-11-18,3125.45,Wallet,Paid
3656,3656,2025-03-26,128.83,Card,Paid
3657,3657,2025-11-23,354.07,UPI,Paid
3658,3658,2025-12-30,4096.45,Wallet,Paid
3659,3659,2025-02-08,1601.65,UPI,Paid
3660,3660,2025-04-29,1979.82,UPI,Paid
3661,3661,2024-12-03,2833.85,Wallet,Paid
3662,3662,2025-06-26,2640.67,UPI,Paid
3663,3663,2024-12-04,1406.92,Card,Paid
3664,3664,2026-06-16,712.35,UPI,Pending
3665,3665,2024-06-21,908.01,Card,Paid
3666,3666,2025-05-28,1360.95,UPI,Paid
3667,3667,2024-09-10,2119.65,Card,Paid
3668,3668,2025-04-07,2838.12,UPI,Pending
3669,3669,2025-05-17,2261.31,Card,Paid
3670,3670,2024-04-29,1500.48,UPI,Paid
3671,3671,2024-04-15,1202.91,UPI,Paid
3672,3672,2024-05-06,1658.93,Card,Paid
3673,3673,2024-04-21,5599.9,Card,Paid
3674,3674,2026-05-31,3201.11,Wallet,Paid
3675,3675,2026-01-19,1565.62,Bank,Paid
3676,3676,2025-07-26,7024.43,Bank,Paid
3677,3677,2024-04-05,1795.83,Wallet,Paid
3678,3678,2026-07-20,3455.43,Bank,Paid
3679,3679,2026-08-25,2167.62,Card,Pending
3680,3680,2025-09-01,4241.89,UPI,Paid
3681,3681,2024-03-26,5582.11,Wallet,Paid
3682,3682,2026-01-13,7143.44,UPI,Paid
3683,3683,2025-09-15,2274.76,Wallet,Failed
3684,3684,2024-08-24,4136.68,Bank,Paid
3685,3685,2024-10-18,76.82,Bank,Paid
3686,3686,2025-11-11,1360.26,Card,Paid
3687,3687,2026-05-17,484.84,UPI,Paid
3688,3688,2024-09-24,4707.66,Card,Paid
3689,3689,2026-01-24,2296.27,Card,Failed
3690,3690,2026-04-13,5908.99,Card,Paid
3691,3691,2024-02-16,4714.57,Wallet,Paid
3692,3692,2025-11-22,3383.85,Wallet,Paid
3693,3693,2025-05-23,3019.3,Card,Paid
3694,3694,2026-06-07,1855.92,Bank,Paid
3695,3695,2024-11-16,6343.68,Card,Paid
3696,3696,2024-08-04,3166.17,UPI,Paid
3697,3697,2026-01-18,5330.48,Bank,Paid
3698,3698,2025-08-15,7092.42,Bank,Paid
3699,3699,2026-03-28,3014.12,UPI,Paid
3700,3700,2025-12-06,1565.8,Wallet,Paid
3701,3701,2024-03-04,2842.69,Card,Paid
3702,3702,2025-02-01,4297.77,UPI,Paid
3703,3703,2024-06-20,4332.68,Wallet,Paid
3704,3704,2024-06-25,1504.42,Bank,Paid
3705,3705,2026-03-10,7546.35,Wallet,Paid
3706,3706,2025-11-19,4876.07,Wallet,Failed
3707,3707,2025-06-30,5471.5,Wallet,Paid
3708,3708,2024-09-26,5700.98,UPI,Paid
3709,3709,2026-03-31,5200.5,Card,Paid
3710,3710,2024-06-26,2693.82,Wallet,Paid
3711,3711,2024-11-07,2557.27,Wallet,Paid
3712,3712,2024-08-11,405.68,Bank,Paid
3713,3713,2025-01-22,439.98,Wallet,Failed
3714,3714,2025-10-26,3483.09,UPI,Paid
3715,3715,2025-06-23,1541.41,UPI,Paid
3716,3716,2025-08-12,3274.63,Bank,Paid
3717,3717,2026-05-14,718.48,Card,Paid
3718,3718,2024-11-22,3067.94,Bank,Paid
3719,3719,2025-06-26,1723.35,UPI,Failed
3720,3720,2026-05-17,8017.31,Card,Paid
3721,3721,2024-12-12,2709.07,Wallet,Paid
3722,3722,2025-01-04,2286.87,Bank,Paid
3723,3723,2025-01-10,723.4,UPI,Paid
3724,3724,2026-01-07,1472.0,Bank,Paid
3725,3725,2025-05-03,2361.44,Card,Pending
3726,3726,2024-06-27,4576.72,Wallet,Paid
3727,3727,2026-04-11,2803.21,Bank,Pending
3728,3728,2025-12-24,3862.23,Bank,Paid
3729,3729,2024-08-09,5032.7,Card,Paid
3730,3730,2025-01-28,3627.47,Card,Paid
3731,3731,2025-10-01,468.52,Wallet,Paid
3732,3732,2025-01-10,776.67,Wallet,Paid
3733,3733,2025-06-12,2552.3,UPI,Paid
3734,3734,2025-07-30,1713.8,Bank,Paid
3735,3735,2025-01-04,5949.97,Wallet,Paid
3736,3736,2024-07-25,5422.56,Wallet,Paid
3737,3737,2024-06-11,681.15,Wallet,Paid
3738,3738,2024-12-21,6042.44,Wallet,Paid
3739,3739,2025-03-11,1198.0,Wallet,Paid
3740,3740,2024-09-30,1155.94,Card,Paid
3741,3741,2024-10-06,1817.42,Wallet,Paid
3742,3742,2024-01-19,2378.94,Card,Paid
3743,3743,2024-04-07,1374.51,Card,Paid
3744,3744,2024-05-17,1817.28,Wallet,Paid
3745,3745,2024-12-19,2363.09,UPI,Paid
3746,3746,2024-06-27,9241.07,Card,Paid
3747,3747,2024-06-02,3488.85,Bank,Paid
3748,3748,2025-04-27,1339.52,Wallet,Paid
3749,3749,2024-01-23,2848.62,UPI,Paid
3750,3750,2024-08-29,2354.17,Card,Pending
3751,3751,2026-05-28,3389.6,Card,Failed
3752,3752,2024-12-06,774.38,Wallet,Paid
3753,3753,2025-11-20,5537.45,Wallet,Paid
3754,3754,2026-07-29,2729.89,Card,Paid
3755,3755,2024-06-20,2408.39,UPI,Paid
3756,3756,2025-04-24,3330.13,Bank,Paid
3757,3757,2024-08-19,6497.74,Card,Pending
3758,3758,2024-08-10,5236.04,Card,Paid
3759,3759,2024-12-07,2444.3,UPI,Pending
3760,3760,2026-04-06,982.47,Bank,Paid
3761,3761,2024-03-08,3163.55,Card,Paid
3762,3762,2024-04-06,4671.24,Bank,Paid
3763,3763,2024-03-01,3966.57,Bank,Paid
3764,3764,2025-07-12,7547.97,Wallet,Paid
3765,3765,2026-02-06,2560.45,UPI,Paid
3766,3766,2025-06-21,4416.18,Card,Paid
3767,3767,2025-02-19,10217.9,Wallet,Paid
3768,3768,2024-01-30,190.91,UPI,Paid
3769,3769,2024-11-08,6035.34,UPI,Paid
3770,3770,2025-02-12,3832.95,Card,Paid
3771,3771,2025-06-07,219.71,Bank,Paid
3772,3772,2025-10-01,668.2,UPI,Paid
3773,3773,2024-04-07,4790.93,UPI,Paid
3774,3774,2026-01-26,2921.04,Wallet,Paid
3775,3775,2026-06-06,6198.13,Wallet,Paid
3776,3776,2026-06-24,4154.75,Card,Paid
3777,3777,2026-01-28,1479.05,Wallet,Paid
3778,3778,2024-05-29,3167.59,Card,Paid
3779,3779,2024-07-05,5359.45,Card,Paid
3780,3780,2026-04-06,1796.48,Bank,Paid
3781,3781,2024-06-02,1461.81,Card,Paid
3782,3782,2025-01-11,263.09,Card,Paid
3783,3783,2026-08-01,6926.33,Wallet,Paid
3784,3784,2025-12-21,2949.16,UPI,Paid
3785,3785,2026-03-21,3374.53,Wallet,Paid
3786,3786,2025-10-03,3103.13,Card,Paid
3787,3787,2025-02-19,806.46,Bank,Paid
3788,3788,2026-06-10,901.9,UPI,Paid
3789,3789,2026-02-22,3991.68,Bank,Pending
3790,3790,2024-11-18,3962.44,Bank,Paid
3791,3791,2025-12-06,5656.5,Wallet,Paid
3792,3792,2026-08-23,3637.26,Card,Paid
3793,3793,2025-11-07,133.63,Wallet,Paid
3794,3794,2025-08-06,4708.82,Bank,Paid
3795,3795,2026-04-22,331.61,Card,Paid
3796,3796,2026-05-01,2021.34,UPI,Paid
3797,3797,2026-06-25,2442.74,Bank,Paid
3798,3798,2025-08-09,4328.59,Card,Paid
3799,3799,2025-05-03,3790.07,Card,Paid
3800,3800,2025-03-18,481.22,Card,Paid
3801,3801,2026-01-22,6219.4,Card,Paid
3802,3802,2025-04-22,2049.55,UPI,Paid
3803,3803,2025-05-07,6547.55,Card,Paid
3804,3804,2024-07-08,3207.08,Wallet,Paid
3805,3805,2025-06-10,6429.28,UPI,Paid
3806,3806,2025-06-28,3520.51,Card,Paid
3807,3807,2024-09-29,3508.1,Card,Paid
3808,3808,2024-10-31,5860.12,Bank,Failed
3809,3809,2026-02-14,5340.17,Bank,Paid
3810,3810,2026-06-18,5973.88,Bank,Paid
3811,3811,2025-10-11,3987.34,Bank,Paid
3812,3812,2026-07-28,4803.56,Bank,Failed
3813,3813,2025-07-18,1503.27,Card,Paid
3814,3814,2025-04-05,2781.95,Bank,Paid
3815,3815,2026-04-15,3883.57,Wallet,Paid
3816,3816,2024-07-14,4353.8,Card,Failed
3817,3817,2025-09-28,597.1,Wallet,Paid
3818,3818,2025-06-21,4857.36,UPI,Paid
3819,3819,2025-09-26,731.79,Wallet,Paid
3820,3820,2025-12-18,5206.0,Card,Paid
3821,3821,2026-02-27,957.63,UPI,Paid
3822,3822,2025-05-19,491.63,UPI,Paid
3823,3823,2025-10-04,3809.67,Card,Paid
3824,3824,2024-06-24,5451.42,UPI,Paid
3825,3825,2025-07-10,2221.13,UPI,Paid
3826,3826,2026-01-14,704.65,Wallet,Paid
3827,3827,2024-05-06,2783.09,Bank,Paid
3828,3828,2025-12-25,3453.53,Wallet,Paid
3829,3829,2024-05-30,4108.05,Card,Paid
3830,3830,2025-06-07,3933.84,Card,Paid
3831,3831,2026-03-06,764.48,Card,Paid
3832,3832,2025-12-08,2808.9,Card,Paid
3833,3833,2024-02-19,6273.93,Wallet,Paid
3834,3834,2025-03-21,142.98,Bank,Paid
3835,3835,2024-06-21,7164.57,Wallet,Paid
3836,3836,2026-04-02,762.87,UPI,Paid
3837,3837,2025-12-22,1027.42,Bank,Paid
3838,3838,2024-12-28,7262.1,Wallet,Paid
3839,3839,2025-05-29,1712.14,UPI,Paid
3840,3840,2025-04-10,4027.17,Wallet,Paid
3841,3841,2025-10-29,4829.92,UPI,Failed
3842,3842,2026-08-27,3283.97,Wallet,Paid
3843,3843,2026-03-27,3427.13,Wallet,Paid
3844,3844,2025-03-25,2553.76,UPI,Failed
3845,3845,2026-05-06,1076.43,UPI,Paid
3846,3846,2025-10-23,2788.09,UPI,Paid
3847,3847,2026-03-06,134.91,Bank,Paid
3848,3848,2024-07-10,5359.43,Card,Paid
3849,3849,2024-04-10,1907.42,Card,Paid
3850,3850,2025-04-29,4157.18,UPI,Paid
3851,3851,2025-04-23,1246.49,Card,Paid
3852,3852,2024-07-09,1624.06,Bank,Paid
3853,3853,2025-07-22,1357.75,Wallet,Paid
3854,3854,2024-09-06,2019.67,Card,Paid
3855,3855,2025-01-05,179.68,UPI,Paid
3856,3856,2024-04-04,1884.48,Card,Paid
3857,3857,2024-09-19,4291.11,Bank,Paid
3858,3858,2024-12-19,4492.02,Bank,Paid
3859,3859,2026-05-23,1374.54,Card,Paid
3860,3860,2026-03-08,2301.31,Card,Paid
3861,3861,2024-06-21,4185.63,UPI,Paid
3862,3862,2024-01-17,140.91,UPI,Paid
3863,3863,2024-01-22,5602.08,Bank,Pending
3864,3864,2024-11-04,56.07,Card,Pending
3865,3865,2026-01-13,4248.58,Wallet,Paid
3866,3866,2024-01-14,6378.72,Bank,Paid
3867,3867,2024-05-08,1981.66,Wallet,Paid
3868,3868,2024-12-27,5098.53,Bank,Paid
3869,3869,2024-08-21,2516.35,UPI,Paid
3870,3870,2026-06-16,6159.97,Bank,Paid
3871,3871,2024-10-14,2984.87,Bank,Paid
3872,3872,2024-01-23,458.69,UPI,Paid
3873,3873,2024-03-01,2313.86,Wallet,Paid
3874,3874,2024-04-24,3237.0,UPI,Paid
3875,3875,2024-11-02,311.52,Wallet,Paid
3876,3876,2024-12-07,7810.76,Card,Paid
3877,3877,2025-11-20,566.07,Bank,Paid
3878,3878,2024-02-13,36.27,Card,Paid
3879,3879,2024-03-25,6234.53,UPI,Paid
3880,3880,2025-04-20,332.17,Wallet,Pending
3881,3881,2024-12-19,5166.3,Wallet,Paid
3882,3882,2026-02-12,4042.84,Wallet,Paid
3883,3883,2024-12-20,2065.61,Bank,Paid
3884,3884,2026-05-28,1699.15,UPI,Paid
3885,3885,2024-06-29,2635.55,Card,Paid
3886,3886,2025-05-08,1106.94,UPI,Paid
3887,3887,2025-11-22,3001.63,Wallet,Paid
3888,3888,2026-02-28,1070.77,UPI,Paid
3889,3889,2024-11-10,5024.15,Card,Paid
3890,3890,2025-04-09,954.12,UPI,Paid
3891,3891,2026-03-03,2364.33,Card,Paid
3892,3892,2025-12-01,4611.18,UPI,Paid
3893,3893,2024-11-15,2058.38,UPI,Paid
3894,3894,2024-11-23,5084.52,Wallet,Paid
3895,3895,2024-09-24,2863.05,Card,Paid
3896,3896,2026-01-14,3105.85,UPI,Paid
3897,3897,2024-06-05,1623.83,Card,Paid
3898,3898,2024-06-30,5019.06,UPI,Paid
3899,3899,2025-07-22,6663.07,Bank,Paid
3900,3900,2024-05-16,1156.31,Bank,Paid
3901,3901,2026-04-22,3910.64,Card,Paid
3902,3902,2025-02-24,1301.03,Bank,Paid
3903,3903,2026-08-10,2444.74,Card,Paid
3904,3904,2026-05-12,4131.43,Wallet,Paid
3905,3905,2024-11-28,8620.05,UPI,Paid
3906,3906,2024-06-14,208.93,UPI,Paid
3907,3907,2025-07-02,2307.07,Wallet,Paid
3908,3908,2024-08-01,2020.75,UPI,Paid
3909,3909,2024-05-18,2123.33,Bank,Paid
3910,3910,2026-02-01,4877.66,Card,Paid
3911,3911,2026-07-10,1808.99,Wallet,Paid
3912,3912,2025-03-08,475.29,Card,Paid
3913,3913,2025-02-21,3109.75,UPI,Paid
3914,3914,2024-12-06,2526.79,Wallet,Paid
3915,3915,2024-08-31,4975.43,UPI,Paid
3916,3916,2026-03-10,3372.07,Bank,Paid
3917,3917,2024-11-28,2588.34,Wallet,Paid
3918,3918,2025-07-15,747.7,UPI,Paid
3919,3919,2024-05-12,60.32,Wallet,Paid
3920,3920,2024-09-21,446.46,UPI,Paid
3921,3921,2025-02-28,4139.9,UPI,Paid
3922,3922,2024-05-14,535.71,Wallet,Paid
3923,3923,2025-01-04,3682.77,Bank,Paid
3924,3924,2024-07-20,83.57,Wallet,Paid
3925,3925,2026-05-25,1274.31,UPI,Paid
3926,3926,2024-10-08,3381.71,Wallet,Paid
3927,3927,2024-11-08,4128.79,UPI,Paid
3928,3928,2025-07-05,946.03,Card,Paid
3929,3929,2024-01-17,3822.14,Card,Paid
3930,3930,2024-01-24,5970.41,Bank,Paid
3931,3931,2024-07-10,3160.39,Wallet,Paid
3932,3932,2026-06-23,4612.01,UPI,Paid
3933,3933,2026-04-01,650.96,Bank,Paid
3934,3934,2026-02-15,4138.25,UPI,Pending
3935,3935,2025-06-09,1072.24,Card,Paid
3936,3936,2026-04-16,564.3,Card,Paid
3937,3937,2024-03-13,328.13,UPI,Paid
3938,3938,2024-03-16,4131.4,Bank,Paid
3939,3939,2025-10-07,1606.54,Wallet,Pending
3940,3940,2024-06-24,4027.45,Wallet,Paid
3941,3941,2025-08-15,4050.34,UPI,Paid
3942,3942,2024-02-28,2701.5,UPI,Paid
3943,3943,2025-12-28,3674.55,Bank,Paid
3944,3944,2024-03-05,3076.85,Wallet,Paid
3945,3945,2025-08-01,1036.75,UPI,Paid
3946,3946,2025-06-03,2629.8,Wallet,Paid
3947,3947,2026-04-19,3660.44,UPI,Paid
3948,3948,2024-04-01,10872.76,Wallet,Paid
3949,3949,2025-10-29,2470.2,Card,Paid
3950,3950,2024-06-27,6460.29,UPI,Paid
3951,3951,2024-12-22,4721.29,Wallet,Paid
3952,3952,2024-01-22,316.72,Bank,Failed
3953,3953,2025-06-18,3821.0,UPI,Paid
3954,3954,2026-03-11,7045.67,Card,Paid
3955,3955,2025-08-06,472.92,Bank,Paid
3956,3956,2025-03-22,662.24,Card,Paid
3957,3957,2025-05-07,3973.62,Wallet,Paid
3958,3958,2025-12-15,666.16,Bank,Paid
3959,3959,2026-02-16,3758.78,Card,Paid
3960,3960,2025-05-29,1160.78,Bank,Paid
3961,3961,2025-12-12,2426.26,Card,Failed
3962,3962,2025-04-17,1448.12,Bank,Paid
3963,3963,2026-06-29,3345.46,Bank,Paid
3964,3964,2024-12-16,487.99,Card,Paid
3965,3965,2025-12-19,3492.71,Card,Paid
3966,3966,2025-12-20,7655.12,UPI,Paid
3967,3967,2026-03-31,502.98,UPI,Failed
3968,3968,2025-02-17,3208.7,Card,Paid
3969,3969,2024-01-05,2070.97,UPI,Paid
3970,3970,2024-03-13,2447.88,Wallet,Paid
3971,3971,2024-04-28,2381.55,Card,Paid
3972,3972,2024-07-11,8078.87,Bank,Paid
3973,3973,2024-02-10,5703.45,Wallet,Paid
3974,3974,2025-06-02,3865.02,UPI,Paid
3975,3975,2025-09-21,2892.49,Bank,Paid
3976,3976,2024-04-10,2398.39,Bank,Paid
3977,3977,2026-01-17,194.91,UPI,Paid
3978,3978,2024-01-04,871.06,Wallet,Paid
3979,3979,2024-08-25,4129.45,Card,Paid
3980,3980,2024-12-03,1198.65,Bank,Paid
3981,3981,2024-11-12,7515.98,Wallet,Failed
3982,3982,2025-03-05,4796.45,Bank,Paid
3983,3983,2026-08-06,2100.82,UPI,Paid
3984,3984,2026-08-23,2123.76,UPI,Paid
3985,3985,2025-05-16,1449.83,UPI,Paid
3986,3986,2025-02-01,5872.77,Card,Paid
3987,3987,2025-02-01,1636.42,Card,Paid
3988,3988,2026-01-11,2222.75,Wallet,Paid
3989,3989,2025-07-14,1888.47,Wallet,Paid
3990,3990,2024-07-17,4206.66,Card,Pending
3991,3991,2026-02-05,1842.37,Wallet,Paid
3992,3992,2025-11-03,5943.43,Wallet,Failed
3993,3993,2026-04-01,1299.76,UPI,Paid
3994,3994,2025-10-02,691.12,Wallet,Paid
3995,3995,2024-08-19,6627.32,UPI,Paid
3996,3996,2025-09-28,699.04,Bank,Paid
3997,3997,2024-05-03,1110.87,Bank,Paid
3998,3998,2024-06-26,64.89,Wallet,Paid
3999,3999,2025-05-16,1718.44,UPI,Paid
4000,4000,2024-06-01,4345.92,Wallet,Pending
4001,4001,2024-01-10,6099.88,Bank,Paid
4002,4002,2024-11-27,2601.65,UPI,Paid
4003,4003,2025-06-08,2314.41,Bank,Paid
4004,4004,2024-04-15,282.64,UPI,Paid
4005,4005,2026-06-18,2224.64,UPI,Paid
4006,4006,2024-11-10,3243.02,UPI,Paid
4007,4007,2024-07-04,4425.05,Wallet,Paid
4008,4008,2025-07-23,3279.33,Card,Paid
4009,4009,2024-07-31,6318.53,Wallet,Paid
4010,4010,2026-04-01,862.18,Wallet,Paid
4011,4011,2025-02-18,5257.1,Bank,Failed
4012,4012,2024-09-24,2510.0,Card,Paid
4013,4013,2025-03-28,2205.3,UPI,Failed
4014,4014,2024-12-21,2573.3,Bank,Paid
4015,4015,2025-09-22,4650.3,Card,Paid
4016,4016,2025-12-13,3063.36,Wallet,Paid
4017,4017,2024-05-30,5333.86,Card,Paid
4018,4018,2025-03-03,5528.2,UPI,Paid
4019,4019,2025-10-23,3907.76,UPI,Paid
4020,4020,2025-07-17,5232.64,Bank,Paid
4021,4021,2026-05-31,38.82,UPI,Failed
4022,4022,2025-08-07,2735.17,UPI,Paid
4023,4023,2025-02-19,4251.69,UPI,Paid
4024,4024,2025-01-30,5688.32,UPI,Paid
4025,4025,2026-01-14,828.6,Wallet,Paid
4026,4026,2024-02-01,776.02,UPI,Paid
4027,4027,2025-12-05,1178.45,UPI,Paid
4028,4028,2026-06-14,288.99,UPI,Paid
4029,4029,2025-07-26,7209.17,Card,Paid
4030,4030,2026-06-28,670.04,Wallet,Paid
4031,4031,2026-01-12,1221.22,Wallet,Paid
4032,4032,2025-10-28,4690.17,UPI,Paid
4033,4033,2026-06-15,2994.23,UPI,Paid
4034,4034,2024-09-13,3098.63,Card,Paid
4035,4035,2025-06-19,508.59,Card,Paid
4036,4036,2026-06-30,5923.41,Wallet,Paid
4037,4037,2025-06-08,237.58,UPI,Paid
4038,4038,2025-05-09,4742.88,Bank,Paid
4039,4039,2026-02-24,784.72,UPI,Paid
4040,4040,2025-08-03,3269.57,Card,Paid
4041,4041,2025-10-13,1914.01,Wallet,Paid
4042,4042,2026-07-17,2624.64,Card,Paid
4043,4043,2026-07-18,2307.4,Card,Paid
4044,4044,2026-08-26,2679.56,Card,Paid
4045,4045,2024-12-20,702.8,UPI,Paid
4046,4046,2024-08-17,3067.23,Card,Paid
4047,4047,2025-03-04,1261.57,Wallet,Paid
4048,4048,2024-11-14,4499.68,UPI,Paid
4049,4049,2024-04-28,1363.14,Bank,Paid
4050,4050,2024-03-14,1417.26,Bank,Paid
4051,4051,2024-06-23,3248.79,UPI,Paid
4052,4052,2025-01-12,2702.6,Bank,Paid
4053,4053,2025-03-07,7732.11,UPI,Paid
4054,4054,2025-02-20,5059.62,UPI,Paid
4055,4055,2024-03-09,4631.49,Wallet,Paid
4056,4056,2026-06-24,1620.81,UPI,Paid
4057,4057,2025-10-22,117.51,Bank,Paid
4058,4058,2025-04-16,4278.35,Bank,Paid
4059,4059,2024-11-25,4488.63,UPI,Paid
4060,4060,2024-09-29,1900.98,Card,Failed
4061,4061,2024-07-29,4155.8,UPI,Paid
4062,4062,2024-12-01,433.08,Bank,Paid
4063,4063,2024-02-18,3921.51,UPI,Paid
4064,4064,2025-08-19,639.34,Card,Paid
4065,4065,2025-04-03,4735.51,UPI,Paid
4066,4066,2024-09-08,3687.47,UPI,Paid
4067,4067,2024-03-23,1344.91,Card,Paid
4068,4068,2024-09-17,948.36,UPI,Paid
4069,4069,2025-04-23,4493.87,Bank,Paid
4070,4070,2026-05-09,1945.05,Wallet,Paid
4071,4071,2025-09-29,2629.3,Bank,Paid
4072,4072,2026-04-08,170.23,Wallet,Paid
4073,4073,2026-06-15,3230.18,Wallet,Paid
4074,4074,2025-12-27,5633.77,Bank,Paid
4075,4075,2024-01-26,3509.53,UPI,Paid
4076,4076,2026-07-09,1187.46,Wallet,Paid
4077,4077,2025-02-05,1676.69,Card,Paid
4078,4078,2024-08-25,2490.81,Card,Paid
4079,4079,2026-08-09,6314.44,UPI,Paid
4080,4080,2025-01-06,4036.46,Card,Paid
4081,4081,2025-04-29,1150.78,UPI,Paid
4082,4082,2026-01-27,5448.89,Card,Paid
4083,4083,2026-03-29,1333.41,Card,Failed
4084,4084,2024-07-15,9435.35,Card,Paid
4085,4085,2025-07-05,6447.09,Bank,Paid
4086,4086,2024-11-16,3978.05,Wallet,Paid
4087,4087,2025-02-12,3288.22,Wallet,Paid
4088,4088,2024-04-03,5774.13,UPI,Paid
4089,4089,2024-03-26,2644.61,Bank,Paid
4090,4090,2024-07-21,2139.23,Wallet,Paid
4091,4091,2025-09-06,3257.06,Wallet,Paid
4092,4092,2026-08-15,520.02,Wallet,Paid
4093,4093,2025-08-15,98.95,Bank,Paid
4094,4094,2025-09-02,2297.01,Bank,Paid
4095,4095,2024-12-26,3075.17,Wallet,Paid
4096,4096,2026-07-18,7107.07,Wallet,Paid
4097,4097,2025-11-10,1474.11,Bank,Failed
4098,4098,2025-10-01,3717.13,Wallet,Paid
4099,4099,2024-09-22,164.76,UPI,Paid
4100,4100,2024-10-12,5148.46,Bank,Pending
4101,4101,2026-05-08,7182.21,Card,Paid
4102,4102,2026-08-22,241.3,Bank,Paid
4103,4103,2024-04-03,672.39,UPI,Paid
4104,4104,2026-08-10,3198.14,Card,Paid
4105,4105,2024-03-27,850.91,UPI,Paid
4106,4106,2024-05-29,3347.29,UPI,Paid
4107,4107,2026-03-02,5329.4,Bank,Paid
4108,4108,2024-02-19,5228.34,Wallet,Paid
4109,4109,2024-08-17,9437.2,Card,Paid
4110,4110,2026-01-13,344.77,UPI,Paid
4111,4111,2025-05-24,2685.91,Card,Paid
4112,4112,2024-11-24,4930.82,Wallet,Paid
4113,4113,2025-06-11,4790.92,Wallet,Paid
4114,4114,2025-05-04,4414.58,Bank,Paid
4115,4115,2024-09-15,2610.5,Bank,Paid
4116,4116,2026-07-03,4282.63,Card,Paid
4117,4117,2024-07-21,1716.81,Wallet,Paid
4118,4118,2025-04-26,3381.88,Card,Paid
4119,4119,2026-06-06,4014.8,Card,Failed
4120,4120,2025-09-06,1633.99,UPI,Paid
4121,4121,2025-06-08,3679.78,Wallet,Failed
4122,4122,2025-05-25,1608.84,Wallet,Paid
4123,4123,2024-07-12,5955.56,Bank,Paid
4124,4124,2024-08-03,6535.68,Card,Paid
4125,4125,2024-05-06,3282.14,Card,Paid
4126,4126,2026-04-19,223.73,Wallet,Paid
4127,4127,2026-04-07,1411.57,Bank,Paid
4128,4128,2025-02-03,2643.36,Bank,Paid
4129,4129,2025-02-08,4314.36,Card,Paid
4130,4130,2025-11-13,1929.57,Wallet,Paid
4131,4131,2026-03-01,4304.43,Card,Paid
4132,4132,2025-07-20,5445.78,Card,Paid
4133,4133,2025-02-28,2420.82,Bank,Paid
4134,4134,2025-02-12,852.0,UPI,Paid
4135,4135,2026-06-10,2014.67,Wallet,Paid
4136,4136,2024-12-31,2654.24,UPI,Paid
4137,4137,2025-05-14,4460.08,Wallet,Paid
4138,4138,2025-06-10,2106.46,Card,Paid
4139,4139,2025-09-10,1925.09,Bank,Paid
4140,4140,2025-01-16,4287.84,Bank,Paid
4141,4141,2025-08-06,4748.79,Bank,Paid
4142,4142,2024-09-11,7219.71,UPI,Paid
4143,4143,2025-06-28,3899.37,Wallet,Paid
4144,4144,2025-07-30,2211.63,Card,Paid
4145,4145,2025-09-24,1835.77,UPI,Paid
4146,4146,2025-09-03,2536.21,UPI,Paid
4147,4147,2025-05-25,3939.62,Wallet,Paid
4148,4148,2025-06-01,4996.24,Card,Paid
4149,4149,2026-07-27,1519.96,UPI,Paid
4150,4150,2025-11-05,7225.62,Card,Paid
4151,4151,2026-04-16,1189.35,Card,Paid
4152,4152,2025-11-03,1556.16,UPI,Paid
4153,4153,2024-02-12,401.08,UPI,Paid
4154,4154,2025-08-01,4454.95,UPI,Pending
4155,4155,2024-05-17,2639.38,Bank,Paid
4156,4156,2026-07-25,2350.04,Bank,Paid
4157,4157,2025-11-06,2660.78,Card,Paid
4158,4158,2026-03-22,7872.85,Wallet,Paid
4159,4159,2024-03-14,667.94,UPI,Paid
4160,4160,2026-07-17,1041.03,Wallet,Pending
4161,4161,2025-03-18,513.68,Wallet,Paid
4162,4162,2024-04-12,4861.91,UPI,Failed
4163,4163,2026-07-14,3219.82,UPI,Paid
4164,4164,2025-07-29,2548.1,UPI,Paid
4165,4165,2025-12-11,360.32,Wallet,Failed
4166,4166,2025-09-18,4531.15,Bank,Paid
4167,4167,2024-06-01,1599.02,Bank,Paid
4168,4168,2024-09-26,2726.96,Card,Paid
4169,4169,2025-05-10,1840.47,UPI,Paid
4170,4170,2026-02-27,1173.34,Bank,Paid
4171,4171,2024-03-07,1324.55,UPI,Paid
4172,4172,2025-12-14,2653.83,Bank,Paid
4173,4173,2026-06-22,1939.28,UPI,Paid
4174,4174,2026-06-30,5226.03,UPI,Paid
4175,4175,2024-03-11,4440.64,Bank,Paid
4176,4176,2025-09-09,307.12,Card,Paid
4177,4177,2026-04-29,2221.54,Wallet,Paid
4178,4178,2025-05-15,2008.91,Wallet,Paid
4179,4179,2024-07-11,216.58,Wallet,Paid
4180,4180,2026-05-08,4930.52,Wallet,Paid
4181,4181,2025-03-01,4262.56,Card,Paid
4182,4182,2024-09-25,1524.26,UPI,Pending
4183,4183,2025-12-10,2932.62,UPI,Paid
4184,4184,2026-08-14,5810.04,Wallet,Paid
4185,4185,2024-11-22,3289.29,UPI,Paid
4186,4186,2025-08-26,2707.01,Card,Paid
4187,4187,2024-11-04,3740.36,UPI,Paid
4188,4188,2026-08-15,4814.25,UPI,Paid
4189,4189,2026-06-28,2116.42,Bank,Paid
4190,4190,2024-05-21,451.8,Bank,Paid
4191,4191,2026-04-18,3674.36,Card,Paid
4192,4192,2024-11-30,4371.8,Card,Paid
4193,4193,2026-01-07,709.52,Bank,Paid
4194,4194,2024-02-25,5299.0,Wallet,Paid
4195,4195,2025-02-11,3565.49,UPI,Paid
4196,4196,2026-04-04,3462.69,Wallet,Paid
4197,4197,2026-07-20,1433.06,Card,Paid
4198,4198,2026-02-20,166.02,Card,Paid
4199,4199,2026-04-15,1743.85,Card,Paid
4200,4200,2024-11-08,95.1,UPI,Paid
4201,4201,2025-01-23,2240.63,Bank,Paid
4202,4202,2025-11-29,837.58,Wallet,Paid
4203,4203,2025-10-31,2634.05,Card,Paid
4204,4204,2024-05-06,2072.16,Card,Paid
4205,4205,2025-01-01,5458.61,Card,Paid
4206,4206,2026-05-07,6847.83,Card,Paid
4207,4207,2025-09-16,3922.75,Wallet,Paid
4208,4208,2025-09-13,3741.02,Card,Paid
4209,4209,2024-01-20,2344.62,Wallet,Paid
4210,4210,2024-10-04,4283.23,Bank,Paid
4211,4211,2025-05-09,5359.77,Card,Paid
4212,4212,2025-09-24,3055.88,Wallet,Paid
4213,4213,2024-09-29,5974.57,Bank,Pending
4214,4214,2025-12-27,7644.69,Wallet,Paid
4215,4215,2025-06-18,1713.51,Card,Paid
4216,4216,2025-08-23,1629.15,Wallet,Paid
4217,4217,2025-03-18,1556.25,Card,Paid
4218,4218,2024-12-06,5417.96,UPI,Paid
4219,4219,2025-03-13,9121.19,Wallet,Paid
4220,4220,2024-10-24,4280.94,Wallet,Paid
4221,4221,2024-12-29,2523.81,Bank,Pending
4222,4222,2026-07-18,424.59,Wallet,Paid
4223,4223,2025-06-06,6004.39,Wallet,Pending
4224,4224,2026-03-07,6055.04,Bank,Paid
4225,4225,2025-07-25,3238.12,Card,Paid
4226,4226,2024-11-10,2087.8,Card,Paid
4227,4227,2024-11-15,2950.43,Wallet,Paid
4228,4228,2026-02-14,160.5,Bank,Paid
4229,4229,2026-04-23,1708.9,UPI,Paid
4230,4230,2026-06-04,3173.42,UPI,Paid
4231,4231,2025-03-19,505.12,Wallet,Paid
4232,4232,2025-08-20,158.25,Bank,Paid
4233,4233,2025-04-13,4865.28,Wallet,Paid
4234,4234,2025-08-23,2515.13,Wallet,Paid
4235,4235,2025-07-12,3076.96,UPI,Paid
4236,4236,2024-06-07,819.24,UPI,Paid
4237,4237,2025-09-11,90.06,Card,Paid
4238,4238,2025-12-07,5679.05,Bank,Failed
4239,4239,2024-03-13,692.1,Wallet,Paid
4240,4240,2025-05-04,2360.7,UPI,Paid
4241,4241,2024-07-21,2937.48,UPI,Paid
4242,4242,2026-01-09,3030.4,UPI,Paid
4243,4243,2025-09-09,2662.7,Wallet,Paid
4244,4244,2024-02-15,5034.55,UPI,Paid
4245,4245,2025-11-30,8598.13,Bank,Paid
4246,4246,2024-10-01,6157.65,UPI,Paid
4247,4247,2024-10-06,3066.78,Wallet,Paid
4248,4248,2024-10-08,5049.15,UPI,Paid
4249,4249,2024-09-16,3014.97,Wallet,Paid
4250,4250,2024-10-31,1466.94,Bank,Failed
4251,4251,2025-01-10,5115.28,UPI,Paid
4252,4252,2026-07-14,840.09,UPI,Paid
4253,4253,2026-08-07,3679.03,Card,Paid
4254,4254,2024-05-11,1271.78,UPI,Paid
4255,4255,2025-01-01,5778.1,Wallet,Paid
4256,4256,2025-12-09,1215.69,Wallet,Paid
4257,4257,2024-11-30,657.32,Card,Paid
4258,4258,2026-04-13,975.92,UPI,Paid
4259,4259,2026-01-15,4621.26,Card,Failed
4260,4260,2024-11-27,3325.21,UPI,Paid
4261,4261,2025-09-26,185.67,Wallet,Paid
4262,4262,2025-01-24,6106.57,UPI,Paid
4263,4263,2024-08-22,4218.57,Bank,Paid
4264,4264,2026-06-12,1661.58,Bank,Paid
4265,4265,2024-11-06,1582.78,Wallet,Paid
4266,4266,2025-02-08,3997.06,UPI,Paid
4267,4267,2026-07-16,2968.64,Card,Paid
4268,4268,2025-04-10,6440.62,Bank,Paid
4269,4269,2025-11-11,865.96,Bank,Paid
4270,4270,2026-01-12,573.72,Wallet,Paid
4271,4271,2025-10-28,3721.15,Wallet,Paid
4272,4272,2025-04-10,3675.84,UPI,Paid
4273,4273,2026-07-22,381.57,Card,Paid
4274,4274,2025-12-23,4365.79,UPI,Paid
4275,4275,2026-06-23,6247.77,Card,Paid
4276,4276,2025-02-01,4059.55,UPI,Paid
4277,4277,2025-12-14,400.17,Card,Pending
4278,4278,2025-08-31,5322.78,UPI,Paid
4279,4279,2026-05-05,3249.44,UPI,Pending
4280,4280,2025-03-25,7044.88,Wallet,Paid
4281,4281,2026-07-30,4477.46,Card,Paid
4282,4282,2025-05-11,608.35,Wallet,Paid
4283,4283,2024-03-23,4200.07,Wallet,Paid
4284,4284,2024-06-27,1505.38,Card,Paid
4285,4285,2026-07-03,3613.48,Card,Paid
4286,4286,2025-09-07,3030.26,Wallet,Paid
4287,4287,2025-04-27,6499.99,Bank,Pending
4288,4288,2024-07-25,2637.7,Bank,Paid
4289,4289,2025-08-15,1814.1,UPI,Paid
4290,4290,2026-03-16,3307.31,Bank,Paid
4291,4291,2025-05-03,2392.24,Wallet,Paid
4292,4292,2024-11-30,2660.68,Bank,Paid
4293,4293,2024-11-30,5186.11,Bank,Paid
4294,4294,2025-05-07,1803.28,Card,Paid
4295,4295,2025-03-30,1096.41,UPI,Paid
4296,4296,2024-01-01,1104.81,Card,Paid
4297,4297,2026-07-16,6426.6,UPI,Paid
4298,4298,2025-05-18,3401.44,UPI,Failed
4299,4299,2026-03-25,103.81,Wallet,Paid
4300,4300,2024-02-10,3700.24,Bank,Paid
4301,4301,2024-01-02,3693.26,Wallet,Paid
4302,4302,2025-10-14,2082.65,UPI,Paid
4303,4303,2026-07-01,1652.78,UPI,Paid
4304,4304,2024-12-24,6714.77,Card,Paid
4305,4305,2025-02-27,3905.29,UPI,Paid
4306,4306,2025-08-23,3671.69,Bank,Paid
4307,4307,2025-01-09,1435.09,UPI,Paid
4308,4308,2025-12-09,1257.47,Card,Paid
4309,4309,2026-08-16,3209.63,UPI,Paid
4310,4310,2026-03-04,5475.54,Wallet,Paid
4311,4311,2026-05-16,2838.86,Wallet,Paid
4312,4312,2025-06-20,2229.54,UPI,Paid
4313,4313,2025-07-16,5074.2,Wallet,Paid
4314,4314,2024-12-16,94.07,Bank,Paid
4315,4315,2026-04-06,5168.16,Wallet,Paid
4316,4316,2026-05-20,2116.9,Wallet,Paid
4317,4317,2026-06-04,10383.49,Card,Paid
4318,4318,2026-08-14,310.37,Wallet,Paid
4319,4319,2024-06-06,3751.2,Wallet,Paid
4320,4320,2025-07-24,3757.18,Bank,Paid
4321,4321,2024-03-18,2925.06,Bank,Paid
4322,4322,2024-02-26,2673.27,Bank,Failed
4323,4323,2025-02-21,6808.74,Card,Paid
4324,4324,2024-06-14,3726.43,Card,Paid
4325,4325,2026-01-29,5181.89,Card,Paid
4326,4326,2024-11-22,3762.23,Wallet,Paid
4327,4327,2024-08-10,1020.46,Wallet,Paid
4328,4328,2024-04-14,5862.05,Wallet,Paid
4329,4329,2025-02-25,6312.51,Bank,Paid
4330,4330,2026-03-13,1121.47,UPI,Paid
4331,4331,2024-04-10,1404.37,Card,Paid
4332,4332,2026-04-06,4519.52,UPI,Paid
4333,4333,2026-07-21,1035.25,Wallet,Paid
4334,4334,2025-11-17,3035.85,UPI,Paid
4335,4335,2025-07-03,128.53,Wallet,Paid
4336,4336,2024-06-29,334.11,UPI,Paid
4337,4337,2025-02-13,3995.68,Bank,Paid
4338,4338,2024-05-27,3194.26,Bank,Paid
4339,4339,2025-02-26,2268.22,Bank,Paid
4340,4340,2025-10-17,605.32,UPI,Paid
4341,4341,2025-04-29,3083.05,Wallet,Paid
4342,4342,2026-07-11,2038.72,Bank,Paid
4343,4343,2024-01-12,5497.01,Wallet,Paid
4344,4344,2025-02-07,4552.63,Bank,Paid
4345,4345,2024-10-04,1957.25,Bank,Paid
4346,4346,2024-04-02,1813.56,Bank,Paid
4347,4347,2024-06-23,1924.66,Wallet,Paid
4348,4348,2024-11-17,159.46,UPI,Paid
4349,4349,2024-08-25,268.68,Bank,Paid
4350,4350,2025-07-05,2505.95,Bank,Paid
4351,4351,2024-05-27,4606.98,Wallet,Paid
4352,4352,2025-02-05,89.26,Bank,Paid
4353,4353,2025-07-04,732.74,UPI,Paid
4354,4354,2026-01-03,3966.52,Bank,Paid
4355,4355,2024-01-17,371.27,UPI,Paid
4356,4356,2026-01-29,6081.73,Bank,Paid
4357,4357,2025-12-03,7407.84,Bank,Paid
4358,4358,2024-12-13,887.2,Bank,Paid
4359,4359,2025-12-26,578.69,Card,Paid
4360,4360,2024-09-11,552.25,Card,Paid
4361,4361,2026-02-12,1473.26,Card,Paid
4362,4362,2026-01-20,6817.75,UPI,Paid
4363,4363,2026-02-03,5852.06,Card,Paid
4364,4364,2024-10-04,1840.37,UPI,Paid
4365,4365,2026-01-27,2822.59,Bank,Paid
4366,4366,2026-07-26,7658.22,Wallet,Paid
4367,4367,2026-06-23,3725.57,Bank,Paid
4368,4368,2025-06-08,2973.42,Wallet,Paid
4369,4369,2025-03-30,774.16,Card,Paid
4370,4370,2024-01-28,3032.37,Wallet,Paid
4371,4371,2025-10-09,2730.73,Wallet,Paid
4372,4372,2024-06-27,2845.07,UPI,Paid
4373,4373,2024-03-05,4918.24,UPI,Paid
4374,4374,2024-04-10,1612.59,Bank,Paid
4375,4375,2025-06-30,3952.54,Card,Paid
4376,4376,2025-10-25,4974.85,Card,Paid
4377,4377,2025-03-23,283.38,Card,Failed
4378,4378,2025-09-27,2072.6,Bank,Pending
4379,4379,2025-03-27,2661.83,Bank,Paid
4380,4380,2025-06-04,165.85,Wallet,Paid
4381,4381,2026-04-23,3857.47,Card,Paid
4382,4382,2025-09-04,2436.05,UPI,Pending
4383,4383,2026-05-07,1704.61,Bank,Paid
4384,4384,2026-07-01,2811.19,UPI,Paid
4385,4385,2024-06-16,2516.7,Wallet,Paid
4386,4386,2024-11-25,1670.06,Wallet,Paid
4387,4387,2025-11-22,2248.36,Card,Paid
4388,4388,2024-09-03,1541.72,Wallet,Paid
4389,4389,2026-04-15,5544.96,Bank,Paid
4390,4390,2025-12-24,2577.66,Wallet,Paid
4391,4391,2025-01-16,5018.22,Bank,Paid
4392,4392,2025-04-15,978.72,Card,Paid
4393,4393,2025-09-09,2481.6,Wallet,Paid
4394,4394,2026-01-26,1410.59,Card,Paid
4395,4395,2024-02-05,899.99,Wallet,Paid
4396,4396,2025-09-05,5419.9,Wallet,Paid
4397,4397,2024-02-11,3980.88,UPI,Paid
4398,4398,2024-11-19,1016.75,Card,Paid
4399,4399,2024-04-17,3257.89,Bank,Paid
4400,4400,2026-08-25,1957.64,UPI,Paid
4401,4401,2026-04-26,1082.24,UPI,Paid
4402,4402,2025-01-13,6865.31,Card,Paid
4403,4403,2025-04-30,2017.49,Card,Paid
4404,4404,2025-10-28,3383.44,UPI,Paid
4405,4405,2026-05-29,3069.66,UPI,Paid
4406,4406,2025-07-13,2274.14,Bank,Failed
4407,4407,2026-05-21,7371.86,Wallet,Paid
4408,4408,2024-01-27,2751.06,Wallet,Failed
4409,4409,2026-07-16,6083.79,Card,Paid
4410,4410,2025-11-26,9351.24,Card,Paid
4411,4411,2025-06-23,613.6,Bank,Paid
4412,4412,2025-10-14,3070.05,Card,Paid
4413,4413,2025-10-12,1338.06,Bank,Paid
4414,4414,2026-01-13,5952.08,Bank,Paid
4415,4415,2026-04-16,86.62,Card,Paid
4416,4416,2025-09-04,1544.84,Card,Paid
4417,4417,2025-09-20,4284.08,Wallet,Paid
4418,4418,2026-05-30,2782.0,Card,Paid
4419,4419,2024-11-12,3158.81,UPI,Paid
4420,4420,2025-12-06,5437.67,UPI,Paid
4421,4421,2026-05-19,2119.68,Wallet,Paid
4422,4422,2025-02-10,494.86,Bank,Paid
4423,4423,2025-02-08,1605.27,Card,Paid
4424,4424,2025-12-03,6105.24,Bank,Failed
4425,4425,2024-04-13,2866.33,Card,Paid
4426,4426,2025-06-26,1491.47,UPI,Paid
4427,4427,2024-07-20,5955.16,Bank,Pending
4428,4428,2025-09-28,1611.82,UPI,Paid
4429,4429,2025-08-29,2506.46,Wallet,Paid
4430,4430,2025-04-30,4529.09,Card,Paid
4431,4431,2026-02-17,650.04,Bank,Paid
4432,4432,2024-10-31,2582.98,Card,Paid
4433,4433,2024-01-15,1022.99,Wallet,Paid
4434,4434,2026-03-03,4983.36,UPI,Paid
4435,4435,2025-09-20,3211.75,UPI,Paid
4436,4436,2025-02-15,6128.54,Wallet,Paid
4437,4437,2025-02-17,1320.95,UPI,Paid
4438,4438,2025-01-01,1378.27,Wallet,Paid
4439,4439,2025-12-12,242.26,Bank,Paid
4440,4440,2025-04-16,3755.46,Bank,Paid
4441,4441,2025-03-05,1645.1,Wallet,Paid
4442,4442,2024-03-03,2493.6,Wallet,Paid
4443,4443,2025-04-05,5411.79,Bank,Paid
4444,4444,2024-10-10,487.1,UPI,Paid
4445,4445,2026-06-22,6139.87,UPI,Paid
4446,4446,2024-02-21,5457.86,Wallet,Paid
4447,4447,2025-12-03,158.46,UPI,Paid
4448,4448,2025-04-25,2298.79,Card,Paid
4449,4449,2025-07-13,1253.12,Bank,Paid
4450,4450,2026-07-12,1389.93,UPI,Paid
4451,4451,2026-04-30,508.53,UPI,Paid
4452,4452,2024-08-22,1643.95,Card,Paid
4453,4453,2024-08-25,3759.97,Wallet,Paid
4454,4454,2024-10-29,3680.69,Wallet,Paid
4455,4455,2024-09-27,1144.57,Bank,Paid
4456,4456,2025-09-01,6983.72,UPI,Failed
4457,4457,2024-06-18,415.99,Card,Paid
4458,4458,2026-05-17,3838.21,Bank,Paid
4459,4459,2025-01-23,92.92,Bank,Paid
4460,4460,2025-01-14,586.9,UPI,Paid
4461,4461,2025-07-08,635.91,UPI,Paid
4462,4462,2025-04-28,2201.7,UPI,Paid
4463,4463,2024-08-17,2248.44,UPI,Failed
4464,4464,2024-08-30,769.59,Bank,Paid
4465,4465,2024-04-30,4918.28,Wallet,Paid
4466,4466,2026-07-20,7981.89,Card,Paid
4467,4467,2025-11-05,5746.58,Bank,Paid
4468,4468,2024-10-25,3557.03,Wallet,Paid
4469,4469,2026-08-09,2034.21,Bank,Paid
4470,4470,2025-08-11,2480.44,UPI,Pending
4471,4471,2024-02-21,1904.62,Wallet,Paid
4472,4472,2024-03-14,4168.24,Wallet,Paid
4473,4473,2025-12-27,2963.82,Bank,Paid
4474,4474,2025-06-16,1930.68,Card,Paid
4475,4475,2024-06-10,1121.68,UPI,Paid
4476,4476,2025-05-21,1799.71,Wallet,Paid
4477,4477,2025-10-22,4624.68,UPI,Paid
4478,4478,2025-01-18,3686.91,Bank,Failed
4479,4479,2025-05-16,4806.24,UPI,Paid
4480,4480,2025-08-25,1958.05,Bank,Paid
4481,4481,2026-05-14,192.32,Card,Paid
4482,4482,2025-10-13,3500.57,Bank,Paid
4483,4483,2024-07-22,1663.25,Card,Paid
4484,4484,2025-04-10,1011.39,Card,Paid
4485,4485,2026-08-10,4505.84,Bank,Paid
4486,4486,2026-05-15,2671.88,UPI,Paid
4487,4487,2025-02-12,1285.69,Card,Pending
4488,4488,2025-07-28,5978.57,Wallet,Paid
4489,4489,2025-06-11,2284.2,Wallet,Paid
4490,4490,2024-12-21,801.46,Wallet,Paid
4491,4491,2025-02-05,459.48,UPI,Paid
4492,4492,2026-01-24,2283.54,Bank,Paid
4493,4493,2026-06-10,5091.05,Bank,Failed
4494,4494,2026-04-18,4412.38,Wallet,Paid
4495,4495,2024-05-31,5840.11,Card,Paid
4496,4496,2025-06-02,562.16,Wallet,Paid
4497,4497,2024-01-08,6785.04,Bank,Paid
4498,4498,2024-08-02,2426.84,Wallet,Paid
4499,4499,2024-09-02,547.72,Card,Paid
4500,4500,2026-05-25,4597.02,Wallet,Paid
4501,4501,2025-08-28,4240.36,Card,Paid
4502,4502,2025-10-24,5052.74,Wallet,Paid
4503,4503,2025-08-21,3502.8,Card,Paid
4504,4504,2024-08-09,4458.06,UPI,Paid
4505,4505,2025-07-22,3407.9,Wallet,Paid
4506,4506,2024-02-03,3062.98,Card,Pending
4507,4507,2024-04-21,447.52,Bank,Paid
4508,4508,2026-01-16,3240.11,UPI,Pending
4509,4509,2025-03-13,823.21,Wallet,Paid
4510,4510,2024-01-27,1361.52,Bank,Paid
4511,4511,2025-03-28,6669.61,Card,Paid
4512,4512,2024-06-26,2615.5,Wallet,Paid
4513,4513,2026-07-10,2048.9,Card,Paid
4514,4514,2025-10-02,496.89,UPI,Paid
4515,4515,2025-04-28,1248.17,UPI,Paid
4516,4516,2026-02-16,3340.24,Card,Paid
4517,4517,2024-12-25,747.42,Wallet,Paid
4518,4518,2025-05-31,2117.71,Wallet,Paid
4519,4519,2025-09-26,1319.8,UPI,Paid
4520,4520,2025-10-15,2972.22,Bank,Paid
4521,4521,2024-04-25,3944.2,Wallet,Paid
4522,4522,2026-06-13,2251.68,Wallet,Paid
4523,4523,2025-05-26,2407.74,UPI,Paid
4524,4524,2025-03-29,4149.81,Wallet,Paid
4525,4525,2025-07-10,847.03,Wallet,Paid
4526,4526,2024-05-10,1928.13,Bank,Paid
4527,4527,2026-04-21,1882.12,Wallet,Paid
4528,4528,2024-08-11,2455.12,UPI,Paid
4529,4529,2025-01-17,2159.94,Bank,Paid
4530,4530,2024-08-01,3425.1,Card,Paid
4531,4531,2025-01-21,1851.01,Bank,Paid
4532,4532,2025-12-19,4082.61,Bank,Paid
4533,4533,2026-01-22,288.74,UPI,Paid
4534,4534,2025-02-04,3150.04,Card,Paid
4535,4535,2024-08-18,7366.2,Bank,Paid
4536,4536,2025-10-25,5552.65,Bank,Paid
4537,4537,2026-06-12,2391.41,Wallet,Paid
4538,4538,2025-12-23,618.77,Wallet,Paid
4539,4539,2026-06-04,127.14,Wallet,Paid
4540,4540,2025-10-20,4143.84,UPI,Pending
4541,4541,2025-02-28,4837.49,Bank,Paid
4542,4542,2024-10-23,5583.87,Bank,Paid
4543,4543,2025-07-04,1239.16,Card,Paid
4544,4544,2024-09-08,496.91,Wallet,Paid
4545,4545,2026-07-19,1830.73,Wallet,Paid
4546,4546,2025-05-18,1626.75,UPI,Paid
4547,4547,2024-12-13,8264.82,Card,Paid
4548,4548,2024-08-12,1598.55,UPI,Paid
4549,4549,2026-05-09,3579.61,Wallet,Paid
4550,4550,2026-05-21,4328.91,Bank,Paid
4551,4551,2026-05-12,8101.3,Bank,Paid
4552,4552,2026-02-11,4281.25,Bank,Paid
4553,4553,2025-03-18,218.56,Wallet,Paid
4554,4554,2025-04-30,7851.52,Bank,Paid
4555,4555,2024-08-06,3812.75,Bank,Pending
4556,4556,2026-05-22,3778.39,Bank,Paid
4557,4557,2025-04-29,10948.61,UPI,Paid
4558,4558,2024-07-10,1389.35,Wallet,Paid
4559,4559,2024-08-21,5771.38,Wallet,Paid
4560,4560,2025-12-22,4119.05,UPI,Paid
4561,4561,2024-06-07,684.13,Bank,Paid
4562,4562,2026-06-08,2396.13,Card,Paid
4563,4563,2024-03-04,5463.64,Bank,Paid
4564,4564,2024-07-27,5160.18,Wallet,Paid
4565,4565,2024-11-07,410.64,Wallet,Paid
4566,4566,2024-03-08,438.14,Card,Paid
4567,4567,2026-04-25,7095.9,Card,Pending
4568,4568,2025-11-26,2961.65,UPI,Paid
4569,4569,2024-09-01,2790.08,UPI,Paid
4570,4570,2024-05-01,1558.96,Bank,Paid
4571,4571,2024-10-31,1967.68,Card,Paid
4572,4572,2025-02-27,174.41,Card,Paid
4573,4573,2024-05-27,3985.38,Bank,Paid
4574,4574,2024-04-27,1589.78,Wallet,Paid
4575,4575,2024-07-26,656.35,Card,Paid
4576,4576,2025-05-07,641.27,Wallet,Paid
4577,4577,2025-09-14,2974.73,Bank,Paid
4578,4578,2024-04-10,6065.02,UPI,Paid
4579,4579,2024-02-11,1682.5,Wallet,Paid
4580,4580,2024-06-30,1454.3,Card,Paid
4581,4581,2026-03-05,1644.75,UPI,Paid
4582,4582,2024-11-03,3271.15,Wallet,Paid
4583,4583,2026-05-06,2914.79,UPI,Paid
4584,4584,2025-06-16,5529.48,Bank,Paid
4585,4585,2026-02-27,4173.34,UPI,Paid
4586,4586,2024-07-02,484.07,Wallet,Paid
4587,4587,2024-05-31,648.65,Wallet,Paid
4588,4588,2025-03-07,6665.43,UPI,Paid
4589,4589,2026-03-01,7934.14,Card,Paid
4590,4590,2024-08-23,5861.86,UPI,Paid
4591,4591,2025-12-11,3218.4,Bank,Paid
4592,4592,2024-07-14,169.24,Wallet,Paid
4593,4593,2026-05-24,5775.39,Wallet,Pending
4594,4594,2025-11-12,6284.1,Bank,Paid
4595,4595,2025-03-28,3308.66,Wallet,Paid
4596,4596,2024-06-16,1951.11,UPI,Paid
4597,4597,2024-02-03,661.47,Bank,Paid
4598,4598,2026-05-10,659.6,Wallet,Paid
4599,4599,2025-09-30,1165.04,Card,Paid
4600,4600,2025-12-01,1219.29,UPI,Paid
4601,4601,2025-11-22,1589.36,Wallet,Paid
4602,4602,2026-03-30,1857.83,Card,Paid
4603,4603,2025-05-21,1140.88,Card,Paid
4604,4604,2024-01-30,1704.98,Card,Paid
4605,4605,2026-05-05,3384.29,Card,Paid
4606,4606,2025-11-23,4882.39,UPI,Paid
4607,4607,2024-09-19,2116.56,Bank,Paid
4608,4608,2024-03-05,3280.16,Card,Paid
4609,4609,2025-06-01,7178.15,Card,Paid
4610,4610,2026-02-06,6915.85,Card,Paid
4611,4611,2026-04-24,5897.78,Card,Paid
4612,4612,2026-07-25,3952.33,Bank,Paid
4613,4613,2026-07-23,6341.36,UPI,Paid
4614,4614,2025-10-08,5173.99,Card,Paid
4615,4615,2024-07-20,4846.83,Card,Paid
4616,4616,2024-02-13,1809.54,UPI,Paid
4617,4617,2026-03-11,1380.16,Bank,Paid
4618,4618,2026-05-08,6607.66,Card,Paid
4619,4619,2025-03-07,374.49,Bank,Paid
4620,4620,2024-09-25,2240.67,UPI,Paid
4621,4621,2026-08-22,549.3,Bank,Pending
4622,4622,2025-03-14,3212.96,UPI,Paid
4623,4623,2025-02-12,700.73,Card,Paid
4624,4624,2024-04-07,1824.09,Bank,Paid
4625,4625,2026-01-09,1113.9,Card,Paid
4626,4626,2025-01-19,3173.6,Card,Paid
4627,4627,2024-06-05,4976.62,Card,Paid
4628,4628,2025-05-09,1633.1,Bank,Paid
4629,4629,2024-10-12,5043.9,UPI,Paid
4630,4630,2024-04-16,2547.66,UPI,Paid
4631,4631,2025-02-07,3843.01,Card,Paid
4632,4632,2025-10-27,5232.23,Card,Paid
4633,4633,2024-06-20,6540.37,Bank,Paid
4634,4634,2026-06-19,489.73,Bank,Paid
4635,4635,2025-03-21,5598.77,Wallet,Failed
4636,4636,2025-04-29,1217.51,Wallet,Paid
4637,4637,2024-04-17,520.53,Bank,Paid
4638,4638,2025-01-19,1845.6,Wallet,Paid
4639,4639,2025-08-01,2239.7,Wallet,Paid
4640,4640,2025-10-20,5239.95,Wallet,Paid
4641,4641,2026-02-04,599.42,UPI,Paid
4642,4642,2026-02-06,443.13,Wallet,Paid
4643,4643,2024-07-03,2143.17,Card,Paid
4644,4644,2025-02-20,2316.97,UPI,Paid
4645,4645,2024-02-02,4567.3,Card,Paid
4646,4646,2026-05-05,4913.23,Bank,Paid
4647,4647,2025-11-09,275.82,Bank,Paid
4648,4648,2024-08-20,1851.72,UPI,Paid
4649,4649,2024-06-02,3384.66,Card,Failed
4650,4650,2025-02-22,3239.92,Bank,Paid
4651,4651,2025-12-03,2231.48,Wallet,Paid
4652,4652,2025-08-04,8029.49,Wallet,Paid
4653,4653,2024-04-19,1618.24,Bank,Paid
4654,4654,2026-04-05,3056.65,UPI,Paid
4655,4655,2025-05-31,5233.31,Wallet,Pending
4656,4656,2025-12-02,2609.96,Bank,Paid
4657,4657,2025-12-05,1792.4,Card,Pending
4658,4658,2024-11-18,4060.53,Card,Paid
4659,4659,2024-01-30,1062.57,Wallet,Paid
4660,4660,2025-12-18,4441.0,Card,Paid
4661,4661,2026-04-28,1214.93,Bank,Paid
4662,4662,2025-05-18,1568.4,UPI,Paid
4663,4663,2025-08-26,6239.64,UPI,Paid
4664,4664,2024-05-31,2116.36,UPI,Paid
4665,4665,2025-12-07,6055.05,Wallet,Paid
4666,4666,2024-02-22,1006.88,UPI,Paid
4667,4667,2024-09-16,4940.52,Bank,Paid
4668,4668,2025-04-05,3669.42,UPI,Paid
4669,4669,2025-07-11,3156.61,Card,Paid
4670,4670,2025-06-22,3087.92,Wallet,Paid
4671,4671,2024-05-22,827.36,Card,Paid
4672,4672,2024-11-20,3343.82,Bank,Paid
4673,4673,2025-06-20,5034.65,Card,Paid
4674,4674,2025-07-29,1331.41,Card,Paid
4675,4675,2025-01-07,2131.8,UPI,Paid
4676,4676,2026-03-30,5355.38,UPI,Paid
4677,4677,2025-02-09,2690.73,Bank,Failed
4678,4678,2026-08-04,6305.15,Card,Paid
4679,4679,2025-12-15,2645.33,UPI,Failed
4680,4680,2025-06-12,1022.51,Card,Paid
4681,4681,2024-11-21,1830.56,UPI,Paid
4682,4682,2026-08-16,4527.65,Card,Failed
4683,4683,2024-04-11,861.04,UPI,Paid
4684,4684,2025-09-27,3663.89,Wallet,Failed
4685,4685,2026-03-04,5742.66,Bank,Paid
4686,4686,2026-02-03,84.77,UPI,Paid
4687,4687,2025-05-02,8127.92,Card,Paid
4688,4688,2024-01-04,3606.11,Bank,Paid
4689,4689,2026-08-15,1091.4,UPI,Paid
4690,4690,2026-07-11,3711.92,UPI,Paid
4691,4691,2025-06-13,979.18,Card,Paid
4692,4692,2026-07-18,114.12,Bank,Paid
4693,4693,2025-05-25,3120.28,UPI,Paid
4694,4694,2025-05-28,1905.97,Wallet,Paid
4695,4695,2025-06-07,6430.94,UPI,Failed
4696,4696,2026-06-17,3026.88,Wallet,Paid
4697,4697,2024-11-08,5637.75,Wallet,Paid
4698,4698,2025-03-11,3130.3,Wallet,Paid
4699,4699,2025-01-26,269.83,UPI,Paid
4700,4700,2026-03-19,5597.39,Wallet,Paid
4701,4701,2024-10-16,338.23,Bank,Paid
4702,4702,2026-06-01,211.6,Card,Paid
4703,4703,2026-02-02,2476.58,Wallet,Paid
4704,4704,2025-12-27,3680.35,Wallet,Paid
4705,4705,2025-04-17,5216.88,Card,Paid
4706,4706,2026-05-21,1629.04,Bank,Paid
4707,4707,2024-12-01,2362.53,Wallet,Paid
4708,4708,2024-05-27,2626.05,UPI,Pending
4709,4709,2026-07-12,2324.51,UPI,Paid
4710,4710,2025-04-11,208.15,Card,Paid
4711,4711,2024-11-13,598.38,Card,Paid
4712,4712,2026-05-11,1397.16,Card,Paid
4713,4713,2026-05-17,6223.1,Wallet,Paid
4714,4714,2024-08-21,824.75,Card,Paid
4715,4715,2026-01-02,3043.17,Card,Paid
4716,4716,2024-05-05,892.59,Card,Paid
4717,4717,2024-06-22,5520.02,Wallet,Paid
4718,4718,2024-07-04,487.02,UPI,Paid
4719,4719,2025-07-19,1392.43,Card,Paid
4720,4720,2024-03-11,294.5,UPI,Paid
4721,4721,2026-01-10,9704.78,Bank,Paid
4722,4722,2025-02-23,882.65,UPI,Paid
4723,4723,2026-04-11,4529.93,Bank,Paid
4724,4724,2025-10-30,5777.48,Card,Pending
4725,4725,2024-11-06,377.19,Wallet,Paid
4726,4726,2024-08-22,1010.67,Wallet,Paid
4727,4727,2024-06-25,1450.05,Bank,Paid
4728,4728,2025-02-04,1525.05,Bank,Paid
4729,4729,2025-02-01,4495.87,Bank,Paid
4730,4730,2026-03-22,5884.25,Card,Paid
4731,4731,2025-07-02,3499.09,Bank,Paid
4732,4732,2025-08-07,3311.63,Bank,Paid
4733,4733,2024-02-23,1903.03,Card,Paid
4734,4734,2025-10-22,5852.52,Wallet,Paid
4735,4735,2025-12-23,98.41,Wallet,Paid
4736,4736,2025-04-09,2307.45,UPI,Paid
4737,4737,2024-01-24,3687.55,Bank,Paid
4738,4738,2024-02-26,3328.5,Wallet,Paid
4739,4739,2025-12-16,1634.02,Wallet,Paid
4740,4740,2026-02-26,2335.57,UPI,Paid
4741,4741,2024-05-08,3034.18,Wallet,Pending
4742,4742,2026-04-23,2402.54,Wallet,Paid
4743,4743,2024-10-05,2050.38,UPI,Paid
4744,4744,2025-10-07,1522.09,Bank,Paid
4745,4745,2025-07-12,3133.53,UPI,Paid
4746,4746,2024-04-03,5219.1,Bank,Failed
4747,4747,2024-08-19,4467.23,Bank,Failed
4748,4748,2024-01-21,2327.11,Card,Paid
4749,4749,2024-09-16,1309.58,Card,Pending
4750,4750,2025-06-03,4781.98,Card,Paid
4751,4751,2025-07-03,631.8,Card,Paid
4752,4752,2025-07-06,168.21,Card,Paid
4753,4753,2026-06-20,1392.37,UPI,Paid
4754,4754,2026-01-12,1464.21,Wallet,Failed
4755,4755,2025-02-03,1788.48,Wallet,Paid
4756,4756,2025-06-29,1489.58,UPI,Paid
4757,4757,2026-02-28,946.67,Card,Paid
4758,4758,2024-05-22,1655.22,Bank,Paid
4759,4759,2025-12-20,6166.31,Card,Paid
4760,4760,2024-11-07,958.41,Card,Paid
4761,4761,2025-10-31,3345.28,Card,Paid
4762,4762,2025-06-24,2185.82,UPI,Pending
4763,4763,2024-11-11,6995.82,Card,Paid
4764,4764,2025-12-19,5866.53,UPI,Paid
4765,4765,2026-05-07,997.56,UPI,Paid
4766,4766,2026-07-17,162.14,UPI,Paid
4767,4767,2024-05-14,9884.64,UPI,Paid
4768,4768,2025-07-20,3531.04,Bank,Paid
4769,4769,2026-01-26,5203.47,Bank,Paid
4770,4770,2026-03-22,2481.58,Wallet,Paid
4771,4771,2026-07-17,1701.51,Card,Paid
4772,4772,2024-03-14,4334.22,Bank,Paid
4773,4773,2024-06-23,1026.08,Wallet,Paid
4774,4774,2024-05-15,2419.43,Card,Failed
4775,4775,2025-12-19,2169.08,Card,Failed
4776,4776,2025-04-09,4468.9,Wallet,Paid
4777,4777,2024-12-25,3500.66,UPI,Paid
4778,4778,2025-07-12,2345.07,Card,Pending
4779,4779,2025-08-25,4419.65,Card,Paid
4780,4780,2025-10-21,7196.41,Card,Paid
4781,4781,2026-01-23,2947.81,UPI,Paid
4782,4782,2025-09-19,7298.67,Wallet,Paid
4783,4783,2025-09-10,5584.78,Wallet,Paid
4784,4784,2025-10-04,3181.05,UPI,Paid
4785,4785,2025-04-29,1500.49,Bank,Paid
4786,4786,2024-08-12,2432.45,Bank,Paid
4787,4787,2024-09-12,757.36,Wallet,Paid
4788,4788,2025-11-25,3981.46,Card,Paid
4789,4789,2024-09-27,3393.81,UPI,Paid
4790,4790,2026-07-30,419.25,Bank,Paid
4791,4791,2024-03-27,2664.88,UPI,Paid
4792,4792,2024-07-23,133.01,Bank,Paid
4793,4793,2025-12-15,3955.57,Card,Paid
4794,4794,2025-10-20,1226.94,Card,Paid
4795,4795,2025-07-29,2728.48,Card,Failed
4796,4796,2025-10-01,2247.5,Bank,Paid
4797,4797,2026-04-20,3310.17,Bank,Paid
4798,4798,2025-11-25,3234.11,UPI,Paid
4799,4799,2026-04-16,4658.04,Card,Paid
4800,4800,2024-01-24,522.84,Card,Paid
4801,4801,2024-02-12,3056.57,UPI,Paid
4802,4802,2024-07-30,6538.25,Wallet,Pending
4803,4803,2024-06-03,3822.63,Card,Paid
4804,4804,2025-05-14,5556.03,Bank,Paid
4805,4805,2025-10-24,1991.47,Wallet,Paid
4806,4806,2024-10-28,778.11,Wallet,Paid
4807,4807,2026-04-11,4278.08,Wallet,Paid
4808,4808,2025-07-21,5551.81,UPI,Paid
4809,4809,2024-03-29,893.15,Card,Paid
4810,4810,2024-12-27,1739.39,Bank,Failed
4811,4811,2025-01-07,770.46,Bank,Paid
4812,4812,2024-03-13,4454.56,Card,Pending
4813,4813,2026-04-14,4172.09,Card,Paid
4814,4814,2024-05-15,3353.52,Bank,Paid
4815,4815,2025-01-21,6437.15,Card,Paid
4816,4816,2026-05-11,5429.79,UPI,Paid
4817,4817,2024-01-22,4871.99,Wallet,Failed
4818,4818,2024-08-09,2038.28,Card,Paid
4819,4819,2024-09-01,490.0,Card,Paid
4820,4820,2024-04-29,971.94,UPI,Paid
4821,4821,2025-07-07,3754.0,Card,Paid
4822,4822,2024-01-08,5541.25,UPI,Paid
4823,4823,2025-10-17,1098.6,Bank,Failed
4824,4824,2025-07-01,4948.25,Bank,Paid
4825,4825,2024-03-20,3221.21,UPI,Paid
4826,4826,2024-10-09,1594.82,Card,Paid
4827,4827,2026-01-23,3811.31,UPI,Paid
4828,4828,2024-08-07,107.86,Bank,Paid
4829,4829,2024-02-04,517.03,UPI,Paid
4830,4830,2024-07-27,210.44,Wallet,Paid
4831,4831,2024-03-30,3069.79,Wallet,Paid
4832,4832,2026-05-25,7821.65,Wallet,Paid
4833,4833,2026-03-17,4513.23,Wallet,Pending
4834,4834,2026-05-30,10970.5,Bank,Paid
4835,4835,2024-06-09,2680.66,Bank,Pending
4836,4836,2024-12-20,3696.99,Wallet,Paid
4837,4837,2024-03-25,663.88,UPI,Paid
4838,4838,2025-05-31,988.19,Bank,Paid
4839,4839,2026-08-18,2208.89,UPI,Paid
4840,4840,2024-08-23,1641.51,Card,Paid
4841,4841,2025-01-23,3666.43,Card,Paid
4842,4842,2025-01-08,2561.57,Bank,Paid
4843,4843,2025-06-09,2293.52,Bank,Paid
4844,4844,2025-12-10,3697.16,Card,Paid
4845,4845,2026-04-07,4909.88,Bank,Paid
4846,4846,2026-03-06,455.59,UPI,Paid
4847,4847,2024-12-20,5003.85,Bank,Paid
4848,4848,2024-01-31,3647.55,Bank,Paid
4849,4849,2026-02-17,1469.85,Bank,Paid
4850,4850,2026-07-18,4051.54,Wallet,Paid
4851,4851,2026-04-24,2090.75,Card,Paid
4852,4852,2025-02-21,5876.78,Wallet,Paid
4853,4853,2024-12-23,242.39,Card,Paid
4854,4854,2025-01-25,8680.68,Wallet,Paid
4855,4855,2024-08-06,8458.6,Bank,Paid
4856,4856,2024-11-14,2073.66,UPI,Paid
4857,4857,2025-06-13,1486.92,Bank,Paid
4858,4858,2026-07-18,3112.27,Bank,Paid
4859,4859,2024-11-02,879.67,Card,Paid
4860,4860,2024-10-28,5733.35,Bank,Paid
4861,4861,2025-04-06,330.11,Wallet,Failed
4862,4862,2025-01-07,2337.1,Wallet,Paid
4863,4863,2026-01-07,6948.57,Wallet,Paid
4864,4864,2025-01-29,2151.81,UPI,Paid
4865,4865,2024-04-19,2570.42,Card,Paid
4866,4866,2025-03-27,3950.41,Wallet,Paid
4867,4867,2024-08-20,1819.1,Card,Paid
4868,4868,2025-07-26,1600.29,Wallet,Paid
4869,4869,2026-01-04,3017.29,UPI,Paid
4870,4870,2025-10-19,6826.32,UPI,Paid
4871,4871,2025-11-08,4229.1,UPI,Paid
4872,4872,2026-02-13,3950.28,Wallet,Paid
4873,4873,2025-12-18,3768.16,Bank,Paid
4874,4874,2024-01-07,2284.84,Wallet,Paid
4875,4875,2025-11-30,4728.51,Wallet,Paid
4876,4876,2025-10-11,6558.82,UPI,Paid
4877,4877,2024-09-10,4332.24,Wallet,Paid
4878,4878,2026-01-19,3026.6,Bank,Pending
4879,4879,2024-08-09,1712.37,UPI,Pending
4880,4880,2025-10-26,1577.04,Wallet,Paid
4881,4881,2025-08-15,2107.49,Bank,Paid
4882,4882,2024-02-26,1066.37,Bank,Paid
4883,4883,2024-11-16,2777.91,UPI,Paid
4884,4884,2026-06-23,3337.97,Bank,Paid
4885,4885,2024-12-13,630.11,Bank,Paid
4886,4886,2026-08-21,1956.39,UPI,Paid
4887,4887,2025-05-11,7715.73,UPI,Pending
4888,4888,2025-09-22,2544.67,Wallet,Paid
4889,4889,2024-02-03,2382.03,Card,Paid
4890,4890,2024-01-19,739.84,Wallet,Paid
4891,4891,2025-07-06,4364.6,Bank,Paid
4892,4892,2026-03-11,5769.43,UPI,Paid
4893,4893,2024-10-26,530.13,UPI,Paid
4894,4894,2025-03-13,2432.9,Wallet,Paid
4895,4895,2024-10-05,3268.64,Bank,Paid
4896,4896,2025-05-27,1669.71,Bank,Failed
4897,4897,2025-03-26,1359.42,Bank,Paid
4898,4898,2026-08-13,1077.63,Wallet,Paid
4899,4899,2024-07-02,7125.76,Wallet,Paid
4900,4900,2024-08-16,1769.35,Bank,Paid
4901,4901,2026-01-08,3183.8,Bank,Paid
4902,4902,2026-01-07,3303.11,Card,Paid
4903,4903,2026-02-23,3272.13,Bank,Paid
4904,4904,2025-06-07,430.98,Card,Paid
4905,4905,2026-04-10,2231.92,UPI,Pending
4906,4906,2025-08-13,5439.47,Bank,Paid
4907,4907,2025-04-02,2339.59,Bank,Paid
4908,4908,2026-06-03,822.2,Wallet,Paid
4909,4909,2024-07-12,2397.85,UPI,Paid
4910,4910,2024-05-08,4064.17,UPI,Paid
4911,4911,2025-12-27,3026.34,UPI,Paid
4912,4912,2024-10-29,5575.67,Bank,Paid
4913,4913,2024-10-10,1388.31,Wallet,Paid
4914,4914,2025-10-26,5695.91,Wallet,Paid
4915,4915,2025-01-31,6551.76,Wallet,Paid
4916,4916,2024-05-16,146.01,UPI,Paid
4917,4917,2026-01-06,4104.74,Wallet,Paid
4918,4918,2024-06-01,826.11,UPI,Failed
4919,4919,2025-06-22,8356.59,Card,Paid
4920,4920,2024-11-16,3139.21,UPI,Paid
4921,4921,2024-05-29,729.4,Bank,Paid
4922,4922,2024-09-15,1281.76,Wallet,Paid
4923,4923,2026-01-07,580.84,Bank,Paid
4924,4924,2026-06-02,5881.38,Bank,Paid
4925,4925,2026-03-21,2652.01,Bank,Paid
4926,4926,2025-10-13,1643.78,Card,Pending
4927,4927,2026-01-14,2744.73,Wallet,Paid
4928,4928,2024-06-17,617.0,UPI,Paid
4929,4929,2025-07-28,1986.45,Bank,Paid
4930,4930,2024-03-14,3640.24,Card,Paid
4931,4931,2026-03-18,8201.14,Card,Paid
4932,4932,2025-06-11,2517.91,Bank,Paid
4933,4933,2025-07-22,5701.65,Bank,Paid
4934,4934,2025-04-20,370.57,Wallet,Paid
4935,4935,2026-05-25,4806.27,Bank,Paid
4936,4936,2026-06-01,1686.81,Bank,Paid
4937,4937,2025-06-26,3512.69,Card,Paid
4938,4938,2026-03-25,809.11,Wallet,Paid
4939,4939,2025-03-06,2746.73,Card,Paid
4940,4940,2026-04-22,2164.27,Bank,Paid
4941,4941,2025-11-16,8239.07,UPI,Paid
4942,4942,2025-02-17,4198.06,UPI,Failed
4943,4943,2026-05-14,2765.58,Wallet,Paid
4944,4944,2026-02-27,782.37,Card,Pending
4945,4945,2024-03-03,6092.09,Wallet,Paid
4946,4946,2025-04-28,4784.51,Wallet,Failed
4947,4947,2026-06-23,2135.73,Card,Paid
4948,4948,2025-09-20,3212.91,Card,Paid
4949,4949,2024-05-06,3182.45,Bank,Paid
4950,4950,2024-05-01,1227.0,Card,Paid
4951,4951,2025-05-27,4157.79,UPI,Paid
4952,4952,2026-06-14,736.37,UPI,Paid
4953,4953,2025-04-16,3721.55,Bank,Paid
4954,4954,2025-08-28,2944.04,Card,Pending
4955,4955,2024-06-26,8697.45,Card,Paid
4956,4956,2026-04-12,435.32,UPI,Paid
4957,4957,2024-05-22,538.22,Bank,Paid
4958,4958,2024-10-02,5054.8,Wallet,Paid
4959,4959,2024-01-29,4400.18,Card,Paid
4960,4960,2024-04-24,8363.68,UPI,Paid
4961,4961,2026-06-29,4676.9,UPI,Paid
4962,4962,2024-01-08,2663.69,Wallet,Pending
4963,4963,2024-08-14,7469.93,Bank,Paid
4964,4964,2025-03-24,3039.86,UPI,Pending
4965,4965,2025-02-25,4382.94,Card,Paid
4966,4966,2024-07-26,5528.8,Bank,Paid
4967,4967,2025-08-26,3760.53,UPI,Pending
4968,4968,2025-08-25,5525.44,UPI,Paid
4969,4969,2026-03-18,3617.39,Card,Paid
4970,4970,2026-04-05,3418.25,Bank,Paid
4971,4971,2025-08-10,5055.92,Bank,Paid
4972,4972,2024-08-30,7945.7,Card,Paid
4973,4973,2024-06-11,2856.13,Card,Paid
4974,4974,2025-12-24,4711.25,Wallet,Paid
4975,4975,2025-02-17,5295.91,Wallet,Paid
4976,4976,2024-01-29,7026.88,Card,Paid
4977,4977,2026-03-04,10659.36,Card,Paid
4978,4978,2025-01-07,2305.59,Card,Paid
4979,4979,2025-09-23,974.25,Bank,Paid
4980,4980,2024-09-10,2635.9,UPI,Failed
4981,4981,2024-05-31,3681.09,Card,Paid
4982,4982,2025-03-05,3671.52,Wallet,Paid
4983,4983,2024-05-29,1010.33,Bank,Paid
4984,4984,2026-04-01,7069.77,Bank,Paid
4985,4985,2026-01-26,1194.54,UPI,Paid
4986,4986,2024-01-09,3023.35,UPI,Paid
4987,4987,2025-09-21,7685.99,Wallet,Paid
4988,4988,2024-11-24,5192.1,Wallet,Paid
4989,4989,2025-05-25,1731.47,Wallet,Paid
4990,4990,2026-08-21,3970.76,Card,Paid
4991,4991,2024-03-11,1192.36,UPI,Failed
4992,4992,2026-08-06,4308.43,Wallet,Paid
4993,4993,2024-02-13,4384.14,UPI,Paid
4994,4994,2026-02-10,3090.5,Wallet,Paid
4995,4995,2025-07-07,2674.05,Bank,Paid
4996,4996,2025-01-02,4662.42,UPI,Paid
4997,4997,2025-04-13,1395.03,Bank,Paid
4998,4998,2025-03-16,2360.15,UPI,Paid
4999,4999,2024-08-11,382.36,UPI,Paid
5000,5000,2025-02-06,3845.92,Wallet,Failed
5001,5001,2025-04-02,4231.88,UPI,Paid
5002,5002,2026-04-20,917.41,UPI,Paid
5003,5003,2025-07-31,590.23,Card,Paid
5004,5004,2024-04-29,1889.27,UPI,Paid
5005,5005,2024-12-05,495.9,Bank,Paid
5006,5006,2024-02-27,621.94,Card,Paid
5007,5007,2025-04-08,7026.08,UPI,Pending
5008,5008,2025-01-10,5025.12,Wallet,Paid
5009,5009,2026-04-16,1666.09,Bank,Paid
5010,5010,2024-08-15,2043.44,UPI,Paid
5011,5011,2025-08-23,4556.6,Card,Paid
5012,5012,2024-04-29,1261.56,Wallet,Paid
5013,5013,2025-03-19,2726.73,Wallet,Paid
5014,5014,2024-02-07,4863.91,Bank,Paid
5015,5015,2024-11-14,4745.32,Bank,Paid
5016,5016,2024-12-27,548.01,UPI,Paid
5017,5017,2025-02-20,1444.65,Wallet,Paid
5018,5018,2024-10-01,865.45,Wallet,Paid
5019,5019,2026-06-27,7280.51,Card,Paid
5020,5020,2026-08-24,5796.68,Bank,Paid
5021,5021,2024-09-15,457.01,Card,Paid
5022,5022,2024-04-24,1611.33,Bank,Paid
5023,5023,2025-01-11,1107.39,Bank,Paid
5024,5024,2026-02-12,5953.45,Bank,Paid
5025,5025,2024-05-24,5418.63,Card,Paid
5026,5026,2025-03-20,3568.92,Wallet,Paid
5027,5027,2024-01-24,214.0,UPI,Paid
5028,5028,2025-03-05,6617.03,Card,Paid
5029,5029,2024-11-13,2429.84,Card,Paid
5030,5030,2025-03-12,796.22,Card,Paid
5031,5031,2025-04-02,2152.65,Wallet,Paid
5032,5032,2024-08-23,408.84,UPI,Paid
5033,5033,2024-03-15,1616.8,Wallet,Paid
5034,5034,2025-10-03,2634.26,Bank,Paid
5035,5035,2025-05-12,2851.33,UPI,Paid
5036,5036,2025-07-09,4412.8,Card,Paid
5037,5037,2025-04-27,2740.76,Bank,Pending
5038,5038,2024-10-01,592.21,UPI,Paid
5039,5039,2026-02-12,2691.91,UPI,Paid
5040,5040,2024-07-18,3402.07,Bank,Paid
5041,5041,2024-11-10,3536.36,Bank,Paid
5042,5042,2024-11-10,150.51,Wallet,Paid
5043,5043,2024-03-18,2466.38,Bank,Pending
5044,5044,2025-08-16,2467.57,Card,Paid
5045,5045,2026-06-25,3944.96,Wallet,Paid
5046,5046,2024-01-25,1205.21,Card,Pending
5047,5047,2024-03-30,756.99,UPI,Failed
5048,5048,2026-08-15,3627.89,UPI,Paid
5049,5049,2024-10-11,321.64,Wallet,Paid
5050,5050,2025-06-13,3084.63,Bank,Paid
5051,5051,2026-08-04,7898.39,Bank,Paid
5052,5052,2025-02-08,5626.97,Bank,Paid
5053,5053,2026-08-20,1996.91,UPI,Paid
5054,5054,2026-04-02,2381.07,UPI,Paid
5055,5055,2026-08-07,5239.43,Wallet,Paid
5056,5056,2025-12-05,6394.58,Card,Paid
5057,5057,2025-07-21,3708.99,UPI,Paid
5058,5058,2026-07-20,3950.89,Wallet,Paid
5059,5059,2026-07-30,2335.51,UPI,Paid
5060,5060,2024-09-22,1637.47,Bank,Paid
5061,5061,2024-02-02,2494.02,UPI,Paid
5062,5062,2024-02-12,6750.72,Bank,Paid
5063,5063,2025-09-26,6160.95,UPI,Paid
5064,5064,2024-04-18,2364.14,Card,Paid
5065,5065,2024-03-18,2717.18,UPI,Paid
5066,5066,2024-11-10,2798.04,Bank,Paid
5067,5067,2026-01-09,1869.47,Bank,Paid
5068,5068,2025-04-05,1545.69,Wallet,Paid
5069,5069,2024-10-15,1866.23,UPI,Paid
5070,5070,2025-01-27,4355.22,Wallet,Pending
5071,5071,2024-03-12,94.04,Wallet,Paid
5072,5072,2026-06-26,3944.18,Bank,Paid
5073,5073,2025-12-24,6073.69,Wallet,Paid
5074,5074,2026-02-20,5661.87,Bank,Paid
5075,5075,2024-09-11,118.96,Bank,Paid
5076,5076,2025-01-27,4489.23,Bank,Paid
5077,5077,2025-02-03,1940.31,UPI,Paid
5078,5078,2024-09-23,1701.44,Wallet,Paid
5079,5079,2024-02-12,3830.37,Bank,Paid
5080,5080,2025-11-06,121.54,Wallet,Paid
5081,5081,2026-07-31,2631.66,Card,Paid
5082,5082,2025-12-13,5037.01,Bank,Paid
5083,5083,2025-09-20,5216.26,UPI,Paid
5084,5084,2025-01-14,293.43,Bank,Paid
5085,5085,2024-11-24,1345.08,UPI,Paid
5086,5086,2024-02-01,4665.77,Card,Paid
5087,5087,2025-10-08,2170.1,Bank,Paid
5088,5088,2024-08-30,4671.54,UPI,Paid
5089,5089,2026-02-19,7898.44,Card,Paid
5090,5090,2026-03-26,297.43,Card,Paid
5091,5091,2026-02-07,7183.12,UPI,Paid
5092,5092,2025-10-10,3559.98,Bank,Paid
5093,5093,2026-06-13,1925.79,Card,Pending
5094,5094,2026-01-15,3312.91,Card,Paid
5095,5095,2025-09-02,1553.0,Card,Pending
5096,5096,2025-11-28,5234.63,Bank,Paid
5097,5097,2024-01-01,1416.18,Wallet,Paid
5098,5098,2024-08-10,2153.12,UPI,Paid
5099,5099,2024-02-01,205.85,UPI,Paid
5100,5100,2024-10-25,1803.14,UPI,Paid
5101,5101,2024-11-04,532.67,UPI,Paid
5102,5102,2024-10-12,3349.86,Wallet,Paid
5103,5103,2026-04-13,3094.09,Card,Paid
5104,5104,2026-02-13,9874.74,Card,Paid
5105,5105,2026-02-05,1175.53,UPI,Paid
5106,5106,2026-03-12,319.77,Bank,Pending
5107,5107,2024-04-03,650.6,Card,Paid
5108,5108,2024-08-28,1991.74,Card,Paid
5109,5109,2025-10-20,3367.25,Wallet,Paid
5110,5110,2026-02-11,1062.72,Wallet,Paid
5111,5111,2024-07-19,739.71,Wallet,Paid
5112,5112,2024-03-19,610.35,UPI,Paid
5113,5113,2026-01-11,5083.67,Card,Paid
5114,5114,2026-05-12,4721.36,UPI,Pending
5115,5115,2025-01-13,7433.84,Card,Paid
5116,5116,2024-02-12,300.18,Card,Paid
5117,5117,2024-12-09,677.78,Bank,Paid
5118,5118,2024-03-12,2609.15,UPI,Paid
5119,5119,2024-10-30,315.86,UPI,Paid
5120,5120,2026-02-06,3205.57,Wallet,Pending
5121,5121,2025-11-22,2111.85,Card,Paid
5122,5122,2025-08-31,3479.87,Card,Paid
5123,5123,2024-05-18,5962.64,Wallet,Paid
5124,5124,2025-02-12,3068.39,UPI,Failed
5125,5125,2025-04-26,1566.06,Card,Paid
5126,5126,2025-02-01,1044.53,Wallet,Paid
5127,5127,2024-06-02,7860.46,UPI,Failed
5128,5128,2025-10-06,3651.17,Wallet,Paid
5129,5129,2025-06-28,703.19,Card,Paid
5130,5130,2025-07-10,6203.37,Card,Paid
5131,5131,2025-12-10,4648.16,Wallet,Paid
5132,5132,2025-08-29,631.41,Wallet,Paid
5133,5133,2026-08-20,1426.63,Card,Paid
5134,5134,2026-03-24,1399.34,Bank,Paid
5135,5135,2026-01-19,7120.6,UPI,Paid
5136,5136,2025-10-20,1298.0,Bank,Paid
5137,5137,2025-12-22,1709.26,Wallet,Paid
5138,5138,2026-04-09,179.95,Wallet,Paid
5139,5139,2025-04-14,2190.19,Bank,Paid
5140,5140,2025-05-08,3367.84,Wallet,Paid
5141,5141,2026-04-08,8998.82,Bank,Paid
5142,5142,2024-11-11,3729.24,Card,Paid
5143,5143,2024-09-26,2300.98,Card,Paid
5144,5144,2025-07-03,2607.26,Bank,Paid
5145,5145,2026-02-11,6579.31,UPI,Paid
5146,5146,2025-07-24,274.05,UPI,Paid
5147,5147,2025-04-30,1706.77,Wallet,Paid
5148,5148,2025-08-09,4282.74,Card,Paid
5149,5149,2026-02-11,809.29,Card,Paid
5150,5150,2025-07-02,2984.33,Bank,Paid
5151,5151,2026-04-13,2563.78,Wallet,Paid
5152,5152,2024-03-21,5503.86,Wallet,Paid
5153,5153,2024-01-30,7926.12,Card,Paid
5154,5154,2026-03-08,5900.74,Card,Paid
5155,5155,2025-12-05,4128.64,Card,Pending
5156,5156,2025-10-28,4626.5,Card,Paid
5157,5157,2024-07-26,2177.57,Wallet,Paid
5158,5158,2024-07-24,4207.96,Wallet,Failed
5159,5159,2025-01-25,3945.97,Wallet,Pending
5160,5160,2025-02-05,1306.16,UPI,Paid
5161,5161,2025-03-12,413.41,Card,Paid
5162,5162,2024-05-13,3233.95,Card,Paid
5163,5163,2025-01-23,4951.14,Wallet,Paid
5164,5164,2026-06-06,5529.78,UPI,Paid
5165,5165,2025-09-01,1335.43,Bank,Paid
5166,5166,2026-06-22,1781.26,Bank,Paid
5167,5167,2024-05-30,2171.47,Wallet,Paid
5168,5168,2026-03-03,3806.15,Wallet,Paid
5169,5169,2026-05-24,99.63,Bank,Paid
5170,5170,2025-08-31,1764.08,UPI,Paid
5171,5171,2024-12-09,3373.73,Card,Paid
5172,5172,2024-02-28,3460.97,Wallet,Paid
5173,5173,2025-11-02,2442.78,Card,Paid
5174,5174,2024-03-18,1181.27,Wallet,Paid
5175,5175,2024-07-13,4696.77,Wallet,Pending
5176,5176,2025-06-13,3879.42,Card,Paid
5177,5177,2025-09-18,1205.41,UPI,Paid
5178,5178,2026-01-11,2563.1,UPI,Paid
5179,5179,2025-06-01,8609.41,Bank,Paid
5180,5180,2024-01-05,3737.23,Wallet,Pending
5181,5181,2025-04-07,2839.74,UPI,Paid
5182,5182,2026-02-08,5613.19,UPI,Paid
5183,5183,2025-04-11,1921.24,Card,Paid
5184,5184,2024-01-24,9504.43,Wallet,Paid
5185,5185,2026-01-10,3665.72,UPI,Paid
5186,5186,2026-04-12,2590.54,Wallet,Paid
5187,5187,2026-02-12,600.97,Wallet,Pending
5188,5188,2025-01-08,834.7,Wallet,Paid
5189,5189,2024-03-21,121.14,Card,Paid
5190,5190,2026-08-12,2900.58,Bank,Paid
5191,5191,2024-08-22,1100.2,Wallet,Paid
5192,5192,2024-07-15,3407.33,UPI,Paid
5193,5193,2024-10-30,5255.98,UPI,Paid
5194,5194,2025-07-28,695.62,Bank,Failed
5195,5195,2025-02-17,1183.45,UPI,Paid
5196,5196,2024-10-10,1101.95,UPI,Paid
5197,5197,2024-12-07,4323.61,Wallet,Paid
5198,5198,2024-06-11,3411.13,UPI,Failed
5199,5199,2025-10-04,4932.2,Card,Paid
5200,5200,2026-07-08,595.73,UPI,Paid
5201,5201,2026-02-05,1800.42,Wallet,Paid
5202,5202,2024-05-01,3790.45,Bank,Paid
5203,5203,2026-06-02,955.14,Bank,Paid
5204,5204,2026-03-15,1896.04,Card,Pending
5205,5205,2025-01-13,1025.11,Wallet,Paid
5206,5206,2024-01-20,5687.0,Card,Paid
5207,5207,2026-05-13,2719.49,Wallet,Paid
5208,5208,2025-08-27,7889.74,Bank,Paid
5209,5209,2025-06-10,4415.26,Card,Paid
5210,5210,2024-02-14,4213.99,Wallet,Paid
5211,5211,2025-10-11,2514.45,Wallet,Paid
5212,5212,2024-10-03,2052.64,UPI,Paid
5213,5213,2026-02-16,4770.34,Bank,Paid
5214,5214,2025-07-04,1285.76,Card,Paid
5215,5215,2025-09-06,4604.62,Bank,Paid
5216,5216,2024-09-27,4190.01,Wallet,Paid
5217,5217,2026-05-14,1248.6,Wallet,Paid
5218,5218,2026-08-03,651.03,UPI,Paid
5219,5219,2026-01-24,1169.72,Bank,Paid
5220,5220,2025-12-18,2260.63,UPI,Paid
5221,5221,2026-08-08,4219.57,Wallet,Paid
5222,5222,2024-09-28,1457.26,Bank,Paid
5223,5223,2025-05-10,186.53,Card,Paid
5224,5224,2025-12-15,3106.62,Card,Paid
5225,5225,2025-09-30,1484.6,UPI,Paid
5226,5226,2024-08-06,3479.47,UPI,Paid
5227,5227,2026-04-06,3716.23,UPI,Paid
5228,5228,2025-10-27,1545.5,Bank,Paid
5229,5229,2026-06-27,944.9,UPI,Paid
5230,5230,2024-11-18,4993.79,Card,Paid
5231,5231,2024-04-18,5273.47,Card,Pending
5232,5232,2026-07-20,6729.93,UPI,Paid
5233,5233,2026-01-04,8527.57,Bank,Paid
5234,5234,2026-07-26,4129.89,Card,Paid
5235,5235,2025-07-06,1651.04,Wallet,Paid
5236,5236,2026-05-05,4522.47,UPI,Paid
5237,5237,2025-09-07,691.92,Bank,Paid
5238,5238,2024-06-07,2644.13,Bank,Paid
5239,5239,2026-01-12,2495.03,Card,Paid
5240,5240,2025-02-27,2133.28,Bank,Paid
5241,5241,2024-05-16,4490.01,Bank,Paid
5242,5242,2025-03-19,115.67,Bank,Paid
5243,5243,2025-09-10,2934.42,Bank,Paid
5244,5244,2024-04-16,1481.1,Card,Paid
5245,5245,2025-01-23,696.73,Wallet,Paid
5246,5246,2024-12-14,1681.35,UPI,Paid
5247,5247,2024-06-02,479.62,Wallet,Paid
5248,5248,2026-06-06,5729.22,Wallet,Failed
5249,5249,2025-02-23,2921.84,Bank,Paid
5250,5250,2025-05-09,1995.71,Card,Paid
5251,5251,2024-05-03,694.19,UPI,Paid
5252,5252,2026-07-23,6867.82,Bank,Paid
5253,5253,2024-12-22,6862.39,Bank,Paid
5254,5254,2024-09-13,656.75,UPI,Paid
5255,5255,2025-03-25,3231.93,Wallet,Paid
5256,5256,2026-08-25,4215.38,UPI,Paid
5257,5257,2024-07-08,2222.1,Bank,Paid
5258,5258,2026-03-06,972.01,Bank,Paid
5259,5259,2026-06-13,512.36,Wallet,Paid
5260,5260,2025-01-11,2423.43,UPI,Failed
5261,5261,2025-06-08,251.17,Bank,Paid
5262,5262,2026-05-23,556.94,Bank,Paid
5263,5263,2025-03-16,4114.12,UPI,Paid
5264,5264,2025-06-30,9993.85,Bank,Paid
5265,5265,2024-06-25,3404.41,UPI,Paid
5266,5266,2025-06-20,1493.56,UPI,Paid
5267,5267,2026-05-28,4933.06,UPI,Paid
5268,5268,2026-04-16,254.1,Card,Paid
5269,5269,2024-10-06,4603.24,Wallet,Paid
5270,5270,2024-03-15,1228.63,UPI,Paid
5271,5271,2026-02-08,1683.97,Wallet,Paid
5272,5272,2024-05-04,171.35,Bank,Paid
5273,5273,2025-05-16,655.15,Card,Paid
5274,5274,2025-01-01,4846.48,Wallet,Paid
5275,5275,2025-11-30,2770.48,Bank,Paid
5276,5276,2026-05-12,7219.22,Card,Paid
5277,5277,2024-11-30,1556.39,Bank,Paid
5278,5278,2024-08-10,2381.12,Bank,Paid
5279,5279,2024-08-07,3256.97,Wallet,Paid
5280,5280,2026-01-22,4686.01,Bank,Paid
5281,5281,2025-03-11,2684.53,Bank,Failed
5282,5282,2024-06-13,3925.86,UPI,Paid
5283,5283,2025-07-26,3965.69,UPI,Failed
5284,5284,2024-11-13,318.19,Card,Paid
5285,5285,2026-06-29,2663.75,Wallet,Paid
5286,5286,2025-01-07,245.89,Wallet,Paid
5287,5287,2026-05-04,1721.24,Wallet,Paid
5288,5288,2024-07-12,4738.33,Wallet,Paid
5289,5289,2025-07-28,3220.29,Wallet,Paid
5290,5290,2024-10-02,9399.61,Wallet,Paid
5291,5291,2024-01-07,787.33,Wallet,Paid
5292,5292,2024-04-07,2398.1,Card,Paid
5293,5293,2024-07-06,2000.1,Bank,Paid
5294,5294,2024-10-25,792.88,UPI,Paid
5295,5295,2026-02-16,1725.42,UPI,Paid
5296,5296,2025-06-23,3768.78,Wallet,Paid
5297,5297,2026-04-20,2265.6,Bank,Paid
5298,5298,2025-08-15,1876.52,Card,Paid
5299,5299,2026-02-16,3044.67,Card,Paid
5300,5300,2025-01-31,4143.31,Card,Paid
5301,5301,2025-01-18,578.46,UPI,Pending
5302,5302,2024-06-14,2162.16,Wallet,Paid
5303,5303,2026-03-02,2661.47,Card,Paid
5304,5304,2024-12-22,2677.96,Card,Failed
5305,5305,2024-10-06,2555.59,UPI,Paid
5306,5306,2024-07-22,5720.07,UPI,Paid
5307,5307,2026-01-12,6304.79,Bank,Paid
5308,5308,2025-03-19,1422.64,Card,Paid
5309,5309,2025-06-20,2526.16,UPI,Paid
5310,5310,2024-07-08,4094.56,Bank,Paid
5311,5311,2026-08-25,618.82,Wallet,Paid
5312,5312,2026-08-03,426.52,UPI,Paid
5313,5313,2026-04-24,767.15,Bank,Paid
5314,5314,2026-06-22,4154.9,Wallet,Paid
5315,5315,2025-03-04,2701.83,Wallet,Paid
5316,5316,2025-03-23,5278.17,Bank,Paid
5317,5317,2025-11-24,3517.57,UPI,Paid
5318,5318,2024-07-27,4331.72,UPI,Paid
5319,5319,2026-04-30,2738.92,Card,Pending
5320,5320,2024-12-12,2616.35,UPI,Paid
5321,5321,2025-03-17,2477.0,Bank,Paid
5322,5322,2024-04-08,5927.52,Card,Paid
5323,5323,2025-09-22,528.81,Bank,Paid
5324,5324,2025-08-02,4188.78,Wallet,Failed
5325,5325,2025-03-12,1444.36,Card,Paid
5326,5326,2026-05-04,1766.73,Bank,Paid
5327,5327,2024-10-16,6339.85,Wallet,Paid
5328,5328,2024-01-19,3416.43,Card,Paid
5329,5329,2025-05-14,335.82,Card,Paid
5330,5330,2026-03-09,4624.55,Bank,Pending
5331,5331,2026-03-17,2011.2,Card,Paid
5332,5332,2024-05-16,4955.55,UPI,Paid
5333,5333,2024-05-20,1394.57,UPI,Paid
5334,5334,2024-12-23,1782.56,UPI,Pending
5335,5335,2025-05-17,1039.41,Bank,Paid
5336,5336,2025-06-05,4114.11,UPI,Paid
5337,5337,2025-07-02,2007.69,Wallet,Paid
5338,5338,2026-05-17,5792.94,Bank,Paid
5339,5339,2024-07-29,3125.55,Wallet,Paid
5340,5340,2025-08-06,5940.09,Wallet,Paid
5341,5341,2024-12-13,814.46,UPI,Paid
5342,5342,2024-02-26,8127.58,Wallet,Paid
5343,5343,2026-03-07,5597.22,UPI,Pending
5344,5344,2024-02-05,2004.57,Card,Paid
5345,5345,2025-12-30,3455.81,Wallet,Paid
5346,5346,2024-04-12,5611.83,Card,Paid
5347,5347,2025-03-05,3768.7,UPI,Paid
5348,5348,2025-08-29,4601.05,Card,Failed
5349,5349,2025-07-03,802.52,UPI,Paid
5350,5350,2026-04-20,917.04,Wallet,Paid
5351,5351,2026-04-30,3807.47,UPI,Paid
5352,5352,2025-04-17,3527.77,UPI,Paid
5353,5353,2025-02-27,1439.45,Wallet,Paid
5354,5354,2025-11-13,977.34,Wallet,Paid
5355,5355,2025-08-08,526.2,Bank,Paid
5356,5356,2025-10-10,1621.63,Bank,Paid
5357,5357,2024-04-21,5288.29,Bank,Paid
5358,5358,2025-08-05,1187.17,Bank,Paid
5359,5359,2024-05-29,457.34,UPI,Paid
5360,5360,2025-07-17,3292.15,UPI,Paid
5361,5361,2024-03-25,2190.54,Wallet,Failed
5362,5362,2026-01-21,5146.29,UPI,Paid
5363,5363,2025-12-07,2640.48,Wallet,Paid
5364,5364,2025-02-02,4188.99,Card,Paid
5365,5365,2025-08-21,612.04,Card,Paid
5366,5366,2025-01-08,942.83,Wallet,Paid
5367,5367,2025-08-29,983.13,Card,Paid
5368,5368,2024-02-25,3762.08,Card,Paid
5369,5369,2024-02-22,2812.22,Wallet,Paid
5370,5370,2025-04-28,1541.4,Card,Paid
5371,5371,2024-11-12,3255.48,UPI,Paid
5372,5372,2024-12-31,2839.87,Bank,Paid
5373,5373,2026-05-14,4868.32,Card,Paid
5374,5374,2024-06-26,3457.35,Card,Paid
5375,5375,2025-09-28,3621.13,UPI,Paid
5376,5376,2024-01-09,6089.36,Wallet,Paid
5377,5377,2024-01-29,2531.23,Wallet,Paid
5378,5378,2024-02-05,4743.92,UPI,Paid
5379,5379,2024-08-12,3066.98,Bank,Paid
5380,5380,2025-07-06,1997.6,Bank,Pending
5381,5381,2024-10-11,4397.22,Wallet,Paid
5382,5382,2026-02-20,7663.95,Bank,Paid
5383,5383,2025-07-08,950.02,UPI,Paid
5384,5384,2025-04-09,4524.12,Card,Paid
5385,5385,2025-11-12,1525.88,Bank,Paid
5386,5386,2025-03-27,1808.77,Bank,Paid
5387,5387,2025-03-10,6116.21,Card,Paid
5388,5388,2025-05-31,2379.83,Card,Paid
5389,5389,2026-08-03,2239.32,Card,Paid
5390,5390,2025-11-20,5929.48,Card,Paid
5391,5391,2024-09-27,2973.51,Bank,Paid
5392,5392,2026-02-22,716.36,Wallet,Paid
5393,5393,2025-08-19,6226.93,Bank,Failed
5394,5394,2025-08-26,2026.08,UPI,Paid
5395,5395,2025-10-04,750.58,Card,Paid
5396,5396,2024-11-23,2752.97,Wallet,Paid
5397,5397,2026-03-22,1140.15,Card,Paid
5398,5398,2024-01-29,5981.06,UPI,Paid
5399,5399,2025-01-20,3472.61,Card,Paid
5400,5400,2025-12-25,4025.67,Card,Paid
5401,5401,2024-04-10,1213.61,Bank,Paid
5402,5402,2024-04-29,67.41,Card,Paid
5403,5403,2025-08-27,2626.67,Bank,Paid
5404,5404,2026-04-26,6313.54,UPI,Paid
5405,5405,2024-10-17,1961.75,UPI,Paid
5406,5406,2024-04-03,3568.86,Wallet,Paid
5407,5407,2026-03-22,2212.17,Bank,Paid
5408,5408,2025-05-11,1627.95,UPI,Paid
5409,5409,2025-05-20,5948.24,Card,Paid
5410,5410,2026-01-26,1466.73,Wallet,Paid
5411,5411,2024-08-29,61.6,Card,Paid
5412,5412,2025-09-10,6231.25,Card,Paid
5413,5413,2025-07-01,2538.04,UPI,Paid
5414,5414,2026-06-22,3420.26,Bank,Paid
5415,5415,2025-12-23,1278.13,UPI,Paid
5416,5416,2026-06-19,843.93,Card,Paid
5417,5417,2025-01-29,2321.56,Card,Paid
5418,5418,2024-03-19,666.05,UPI,Paid
5419,5419,2024-05-03,698.09,Bank,Failed
5420,5420,2026-04-27,3967.83,UPI,Paid
5421,5421,2025-06-16,6577.84,Wallet,Paid
5422,5422,2024-03-31,3445.53,Bank,Failed
5423,5423,2026-07-12,294.46,Wallet,Paid
5424,5424,2026-05-22,3318.76,UPI,Paid
5425,5425,2025-09-12,3256.08,Wallet,Paid
5426,5426,2025-03-19,4017.76,Bank,Paid
5427,5427,2024-04-20,3848.47,Card,Paid
5428,5428,2026-04-16,3965.38,Bank,Paid
5429,5429,2024-04-03,9179.27,Wallet,Paid
5430,5430,2024-06-30,1162.8,Bank,Paid
5431,5431,2026-05-12,2881.19,UPI,Paid
5432,5432,2026-04-09,2956.45,Bank,Paid
5433,5433,2024-08-03,7342.32,Wallet,Paid
5434,5434,2024-06-09,6473.66,UPI,Paid
5435,5435,2026-05-09,4223.81,Card,Paid
5436,5436,2026-07-11,451.55,Wallet,Paid
5437,5437,2026-01-09,1092.09,UPI,Paid
5438,5438,2024-01-23,1629.45,Card,Paid
5439,5439,2025-10-30,3783.32,Card,Paid
5440,5440,2025-02-08,591.31,UPI,Paid
5441,5441,2025-01-30,2647.12,UPI,Paid
5442,5442,2026-03-02,2410.55,UPI,Paid
5443,5443,2025-10-08,615.76,Bank,Paid
5444,5444,2026-08-25,1839.24,UPI,Paid
5445,5445,2026-08-25,2708.56,Card,Paid
5446,5446,2026-04-13,6053.17,UPI,Paid
5447,5447,2025-07-15,214.91,UPI,Paid
5448,5448,2025-05-30,1538.49,Bank,Paid
5449,5449,2024-03-25,1844.33,Card,Paid
5450,5450,2026-06-28,3289.74,Wallet,Pending
5451,5451,2025-01-01,530.14,Wallet,Paid
5452,5452,2025-05-24,4230.88,Wallet,Paid
5453,5453,2025-11-13,2206.43,Bank,Paid
5454,5454,2024-11-10,199.07,Bank,Paid
5455,5455,2024-09-18,4160.54,Card,Paid
5456,5456,2024-05-19,3848.62,UPI,Paid
5457,5457,2024-08-19,3565.86,Bank,Pending
5458,5458,2026-01-25,2817.85,Bank,Paid
5459,5459,2024-04-02,5458.05,Bank,Paid
5460,5460,2025-11-30,673.51,Wallet,Paid
5461,5461,2024-09-13,1447.37,Wallet,Pending
5462,5462,2024-08-01,3285.28,Wallet,Paid
5463,5463,2024-05-16,3444.35,UPI,Paid
5464,5464,2026-01-04,1494.94,Wallet,Paid
5465,5465,2024-07-18,5640.89,Wallet,Paid
5466,5466,2025-12-02,7519.54,UPI,Paid
5467,5467,2025-08-11,7710.42,Bank,Paid
5468,5468,2026-01-22,459.84,Card,Paid
5469,5469,2024-12-21,2906.41,Card,Paid
5470,5470,2026-02-25,5375.06,Bank,Paid
5471,5471,2024-11-09,9306.33,Bank,Paid
5472,5472,2025-03-09,1340.8,UPI,Paid
5473,5473,2024-06-23,2598.54,Wallet,Paid
5474,5474,2024-07-25,7002.48,Bank,Paid
5475,5475,2024-10-10,5675.4,Card,Paid
5476,5476,2026-06-10,3160.86,UPI,Paid
5477,5477,2024-04-04,3596.39,Bank,Paid
5478,5478,2025-05-18,1959.31,Card,Paid
5479,5479,2024-03-20,493.5,Bank,Paid
5480,5480,2025-07-30,6093.34,Wallet,Paid
5481,5481,2025-08-06,5324.57,UPI,Paid
5482,5482,2024-03-10,2272.96,Bank,Paid
5483,5483,2026-05-20,30.68,Card,Paid
5484,5484,2024-02-03,2779.79,UPI,Paid
5485,5485,2026-03-11,3584.29,UPI,Paid
5486,5486,2024-12-23,2364.87,Card,Paid
5487,5487,2026-03-03,5062.46,UPI,Paid
5488,5488,2025-07-20,682.54,UPI,Paid
5489,5489,2025-06-17,3130.36,UPI,Paid
5490,5490,2026-02-07,4115.99,Card,Paid
5491,5491,2024-11-03,280.0,Wallet,Paid
5492,5492,2025-04-18,7746.43,Bank,Paid
5493,5493,2024-05-15,4011.64,Bank,Paid
5494,5494,2026-07-02,3047.49,Bank,Paid
5495,5495,2026-02-01,2148.91,Wallet,Paid
5496,5496,2024-12-16,930.68,Wallet,Pending
5497,5497,2025-07-07,5283.4,Wallet,Paid
5498,5498,2025-09-05,4079.07,Wallet,Paid
5499,5499,2024-10-08,1709.99,Card,Paid
5500,5500,2025-12-13,949.06,Bank,Paid
5501,5501,2024-02-19,2361.53,UPI,Paid
5502,5502,2025-10-31,1062.28,Wallet,Paid
5503,5503,2025-09-12,2559.08,UPI,Paid
5504,5504,2026-02-10,2315.27,Bank,Paid
5505,5505,2024-08-22,2712.23,Bank,Paid
5506,5506,2026-02-18,1864.49,Wallet,Paid
5507,5507,2025-01-22,530.46,Wallet,Pending
5508,5508,2024-12-02,6402.01,Wallet,Paid
5509,5509,2026-01-10,1942.39,Card,Paid
5510,5510,2024-01-09,3576.46,Card,Paid
5511,5511,2025-10-27,1670.57,Wallet,Paid
5512,5512,2025-01-31,1474.74,Wallet,Paid
5513,5513,2024-04-26,1355.93,UPI,Paid
5514,5514,2024-10-14,5874.43,Bank,Paid
5515,5515,2024-11-01,2017.9,UPI,Paid
5516,5516,2024-11-29,1079.01,Wallet,Paid
5517,5517,2024-07-24,3300.06,Card,Paid
5518,5518,2026-04-05,2388.0,UPI,Paid
5519,5519,2025-08-03,1794.31,UPI,Paid
5520,5520,2026-02-21,2470.4,Bank,Paid
5521,5521,2026-04-27,3881.87,Card,Paid
5522,5522,2026-03-14,3003.51,UPI,Paid
5523,5523,2026-06-15,2984.2,Wallet,Paid
5524,5524,2025-08-07,2537.81,Wallet,Paid
5525,5525,2026-07-18,3126.08,Wallet,Paid
5526,5526,2026-02-21,5031.98,Card,Paid
5527,5527,2024-06-22,2286.31,Bank,Paid
5528,5528,2026-03-15,479.21,Bank,Paid
5529,5529,2025-12-14,276.94,Wallet,Paid
5530,5530,2026-07-10,5726.15,Bank,Paid
5531,5531,2026-03-09,5379.14,UPI,Paid
5532,5532,2024-09-03,897.32,Wallet,Failed
5533,5533,2025-01-27,1111.21,UPI,Paid
5534,5534,2026-05-28,4880.99,UPI,Paid
5535,5535,2025-05-01,3081.22,Bank,Paid
5536,5536,2025-01-05,1282.23,UPI,Paid
5537,5537,2026-02-18,4607.84,Bank,Paid
5538,5538,2025-10-31,2185.84,Bank,Paid
5539,5539,2024-12-12,6469.83,Bank,Paid
5540,5540,2025-02-26,4033.37,Bank,Paid
5541,5541,2024-03-17,4727.63,Card,Paid
5542,5542,2025-02-23,1510.36,Card,Paid
5543,5543,2024-07-27,672.93,Wallet,Paid
5544,5544,2025-02-01,3563.94,Wallet,Paid
5545,5545,2024-12-13,3652.1,Card,Paid
5546,5546,2025-08-26,4378.94,Wallet,Paid
5547,5547,2025-12-02,3128.94,UPI,Paid
5548,5548,2024-07-25,1819.15,Card,Paid
5549,5549,2024-03-10,5606.31,Bank,Paid
5550,5550,2024-12-05,5040.35,UPI,Pending
5551,5551,2026-04-29,5407.61,Card,Paid
5552,5552,2024-03-13,981.77,Bank,Paid
5553,5553,2024-10-21,2248.83,UPI,Failed
5554,5554,2024-11-05,6526.79,Card,Paid
5555,5555,2025-12-25,3555.2,Wallet,Paid
5556,5556,2024-02-14,3073.61,Card,Paid
5557,5557,2024-03-17,3223.21,Bank,Paid
5558,5558,2025-10-09,2424.77,Card,Paid
5559,5559,2025-06-20,3448.47,Bank,Paid
5560,5560,2025-11-20,724.34,UPI,Paid
5561,5561,2025-04-24,684.88,UPI,Paid
5562,5562,2024-06-12,5321.86,Card,Paid
5563,5563,2024-07-20,477.98,UPI,Paid
5564,5564,2024-02-27,8682.78,Wallet,Paid
5565,5565,2024-08-13,564.03,Bank,Paid
5566,5566,2024-08-26,1920.34,Card,Paid
5567,5567,2024-06-10,4057.49,Bank,Paid
5568,5568,2025-12-11,198.31,Bank,Paid
5569,5569,2024-08-28,6093.78,Bank,Paid
5570,5570,2025-06-20,303.27,Wallet,Paid
5571,5571,2026-06-28,651.03,Card,Paid
5572,5572,2025-03-19,1711.7,UPI,Failed
5573,5573,2025-11-24,8681.37,UPI,Paid
5574,5574,2025-06-13,4870.75,Card,Paid
5575,5575,2024-12-06,2417.5,Wallet,Paid
5576,5576,2025-08-03,2368.91,Card,Paid
5577,5577,2026-07-28,2100.53,Wallet,Failed
5578,5578,2024-01-19,3906.38,Bank,Paid
5579,5579,2025-05-28,179.96,Wallet,Paid
5580,5580,2026-07-16,1562.62,Bank,Paid
5581,5581,2026-07-15,5198.2,Bank,Paid
5582,5582,2025-10-24,2281.17,Wallet,Pending
5583,5583,2025-01-29,6904.84,Wallet,Paid
5584,5584,2024-05-07,3414.4,Card,Paid
5585,5585,2025-05-05,121.04,Bank,Paid
5586,5586,2026-03-04,1602.2,UPI,Paid
5587,5587,2026-01-20,3110.21,UPI,Paid
5588,5588,2024-11-23,552.06,Wallet,Paid
5589,5589,2024-04-21,893.96,Card,Paid
5590,5590,2024-12-23,1211.96,UPI,Paid
5591,5591,2026-03-24,299.72,Card,Paid
5592,5592,2026-06-08,2573.7,UPI,Paid
5593,5593,2025-12-27,1376.62,UPI,Paid
5594,5594,2025-10-22,1623.15,Bank,Paid
5595,5595,2025-10-19,1361.55,Card,Paid
5596,5596,2024-05-06,284.43,Card,Paid
5597,5597,2025-08-19,4357.34,Bank,Paid
5598,5598,2025-05-14,3804.99,UPI,Paid
5599,5599,2024-12-09,3055.29,Wallet,Paid
5600,5600,2024-01-12,1877.58,UPI,Paid
5601,5601,2026-03-08,5113.73,Wallet,Paid
5602,5602,2024-11-05,1803.62,Card,Paid
5603,5603,2024-07-01,3436.01,Wallet,Paid
5604,5604,2025-04-06,3433.34,Bank,Paid
5605,5605,2025-03-08,2098.6,Bank,Paid
5606,5606,2024-04-08,810.15,UPI,Paid
5607,5607,2026-01-17,5239.19,Bank,Paid
5608,5608,2026-04-10,2744.77,Wallet,Paid
5609,5609,2024-09-16,4078.77,UPI,Paid
5610,5610,2025-03-07,5349.13,Wallet,Paid
5611,5611,2024-11-14,3533.21,Bank,Paid
5612,5612,2025-04-09,527.12,Bank,Paid
5613,5613,2024-04-17,4225.07,Bank,Paid
5614,5614,2025-05-21,2042.53,Bank,Paid
5615,5615,2026-04-30,4471.84,Card,Paid
5616,5616,2025-05-17,2500.58,Bank,Paid
5617,5617,2026-02-02,3580.93,UPI,Paid
5618,5618,2026-02-07,3271.75,UPI,Paid
5619,5619,2024-11-14,2718.35,Wallet,Paid
5620,5620,2025-02-02,5703.12,Bank,Failed
5621,5621,2025-01-02,7378.21,UPI,Paid
5622,5622,2024-06-27,6484.39,UPI,Paid
5623,5623,2026-02-25,1180.22,UPI,Failed
5624,5624,2026-04-11,1731.18,Bank,Paid
5625,5625,2024-07-22,6091.37,Card,Paid
5626,5626,2025-11-16,2980.92,Card,Paid
5627,5627,2026-01-27,4154.65,UPI,Paid
5628,5628,2024-02-28,7777.61,Card,Paid
5629,5629,2025-11-27,3171.88,UPI,Paid
5630,5630,2024-06-18,6457.24,Wallet,Paid
5631,5631,2026-06-03,1834.25,Bank,Paid
5632,5632,2024-01-11,914.78,Card,Paid
5633,5633,2024-06-01,462.68,Card,Paid
5634,5634,2024-01-07,10259.2,Bank,Pending
5635,5635,2024-12-03,1250.22,Bank,Failed
5636,5636,2025-05-12,783.39,Card,Paid
5637,5637,2025-08-15,5727.43,Wallet,Paid
5638,5638,2026-04-27,3020.6,Card,Paid
5639,5639,2024-06-17,1548.79,Wallet,Paid
5640,5640,2024-07-12,796.89,Bank,Paid
5641,5641,2026-07-14,4949.73,Bank,Paid
5642,5642,2024-11-10,3497.07,Wallet,Paid
5643,5643,2025-03-07,2835.09,UPI,Paid
5644,5644,2024-04-14,508.08,Bank,Paid
5645,5645,2024-01-25,3924.75,Wallet,Paid
5646,5646,2026-06-30,6333.32,Card,Paid
5647,5647,2025-03-17,357.56,Card,Paid
5648,5648,2024-11-05,5472.47,Wallet,Paid
5649,5649,2026-04-29,3881.12,UPI,Paid
5650,5650,2026-08-04,2096.1,UPI,Failed
5651,5651,2026-08-08,6013.32,Wallet,Paid
5652,5652,2025-11-13,2154.64,Card,Paid
5653,5653,2026-04-30,1033.23,Wallet,Paid
5654,5654,2025-09-03,1217.63,Wallet,Paid
5655,5655,2025-12-29,1937.81,Bank,Paid
5656,5656,2024-01-31,1318.06,UPI,Paid
5657,5657,2025-11-23,3124.92,Card,Paid
5658,5658,2025-04-05,1987.92,Wallet,Paid
5659,5659,2024-12-08,5833.28,Bank,Paid
5660,5660,2025-05-10,2851.95,Bank,Paid
5661,5661,2024-02-28,1402.69,Wallet,Paid
5662,5662,2026-03-10,6256.46,Bank,Paid
5663,5663,2024-05-30,2570.95,Wallet,Paid
5664,5664,2025-08-22,4228.37,Card,Pending
5665,5665,2024-09-17,5382.89,Bank,Paid
5666,5666,2026-05-03,3481.67,Wallet,Paid
5667,5667,2025-02-03,7151.58,Wallet,Paid
5668,5668,2025-05-17,2233.81,Card,Paid
5669,5669,2025-12-13,1090.92,Wallet,Paid
5670,5670,2024-12-16,6541.62,Bank,Paid
5671,5671,2026-03-28,1453.21,UPI,Paid
5672,5672,2025-09-15,2179.76,UPI,Paid
5673,5673,2026-05-17,3570.4,UPI,Paid
5674,5674,2024-05-14,5351.48,Card,Paid
5675,5675,2026-02-07,3022.04,Card,Paid
5676,5676,2024-04-24,4924.9,Bank,Paid
5677,5677,2024-11-04,2659.03,Wallet,Paid
5678,5678,2026-06-20,4370.22,UPI,Paid
5679,5679,2026-02-10,652.0,Bank,Paid
5680,5680,2025-02-10,1979.22,Bank,Paid
5681,5681,2025-12-05,665.69,Wallet,Paid
5682,5682,2025-11-09,1861.56,Wallet,Paid
5683,5683,2025-05-31,1615.73,UPI,Paid
5684,5684,2026-04-20,419.82,Bank,Paid
5685,5685,2025-04-11,3683.53,Bank,Paid
5686,5686,2026-04-14,2403.89,Bank,Paid
5687,5687,2024-12-30,1447.29,Bank,Paid
5688,5688,2024-01-03,2048.26,Card,Paid
5689,5689,2024-11-09,409.97,UPI,Paid
5690,5690,2024-08-09,5629.89,Wallet,Paid
5691,5691,2025-03-17,9549.57,UPI,Paid
5692,5692,2026-02-08,1060.44,UPI,Paid
5693,5693,2026-02-03,935.08,Card,Paid
5694,5694,2024-05-22,6513.17,Wallet,Failed
5695,5695,2024-10-07,4308.2,Wallet,Paid
5696,5696,2024-09-08,608.78,Bank,Paid
5697,5697,2024-10-12,6898.09,Bank,Paid
5698,5698,2025-05-04,244.37,UPI,Paid
5699,5699,2024-02-01,3819.33,Card,Paid
5700,5700,2025-03-15,525.06,Bank,Paid
5701,5701,2025-05-16,4644.97,Card,Paid
5702,5702,2025-01-08,3812.08,UPI,Paid
5703,5703,2024-11-27,5716.81,Card,Paid
5704,5704,2024-04-07,2556.58,Bank,Paid
5705,5705,2025-04-10,1622.1,UPI,Paid
5706,5706,2025-05-25,2509.88,Bank,Paid
5707,5707,2024-06-15,1609.49,Card,Paid
5708,5708,2024-06-15,1338.94,Card,Paid
5709,5709,2025-06-19,2347.59,Bank,Paid
5710,5710,2026-08-19,1899.0,Bank,Paid
5711,5711,2026-05-20,9643.82,Wallet,Paid
5712,5712,2026-04-22,1507.97,Bank,Paid
5713,5713,2024-08-21,6498.58,Card,Paid
5714,5714,2025-09-21,3819.93,UPI,Paid
5715,5715,2025-06-21,5604.43,Wallet,Paid
5716,5716,2025-05-05,4866.52,UPI,Paid
5717,5717,2024-10-29,5194.27,UPI,Paid
5718,5718,2025-08-04,1247.75,Wallet,Paid
5719,5719,2024-05-29,2815.96,Wallet,Paid
5720,5720,2026-02-17,1596.54,Card,Paid
5721,5721,2024-10-22,2234.95,Wallet,Paid
5722,5722,2025-09-26,782.52,Bank,Failed
5723,5723,2025-09-05,6603.12,UPI,Paid
5724,5724,2026-07-22,4278.75,Bank,Paid
5725,5725,2024-02-17,4291.15,Wallet,Paid
5726,5726,2024-06-10,4028.36,UPI,Paid
5727,5727,2024-08-28,3988.04,Card,Paid
5728,5728,2025-09-07,5016.48,Card,Paid
5729,5729,2024-04-07,1497.31,UPI,Paid
5730,5730,2025-10-21,5452.48,UPI,Paid
5731,5731,2024-05-18,125.49,Bank,Paid
5732,5732,2026-03-12,2163.59,Bank,Paid
5733,5733,2026-02-17,3313.94,Wallet,Paid
5734,5734,2026-03-29,3554.05,Bank,Paid
5735,5735,2025-06-19,2876.26,Wallet,Paid
5736,5736,2025-04-04,2521.81,UPI,Paid
5737,5737,2024-01-08,3720.61,Card,Paid
5738,5738,2025-06-24,411.65,UPI,Paid
5739,5739,2024-02-15,452.76,Card,Paid
5740,5740,2025-08-07,1704.5,Bank,Paid
5741,5741,2024-11-03,3434.42,Bank,Failed
5742,5742,2026-02-13,3387.46,Wallet,Paid
5743,5743,2026-02-06,1084.27,Card,Paid
5744,5744,2024-08-13,3832.51,Bank,Paid
5745,5745,2025-09-07,6986.47,UPI,Paid
5746,5746,2024-04-24,4760.66,Bank,Paid
5747,5747,2024-09-06,1581.05,Wallet,Paid
5748,5748,2025-08-31,6480.54,Bank,Paid
5749,5749,2024-04-08,1516.09,Card,Paid
5750,5750,2025-08-12,1239.92,Bank,Paid
5751,5751,2025-08-01,731.44,Bank,Paid
5752,5752,2026-01-08,883.97,Wallet,Pending
5753,5753,2024-10-09,449.99,Card,Paid
5754,5754,2026-08-26,4768.82,Bank,Paid
5755,5755,2024-05-08,7052.26,Card,Paid
5756,5756,2024-07-17,6904.49,Wallet,Paid
5757,5757,2024-12-13,9895.43,Card,Paid
5758,5758,2024-08-04,3526.5,Card,Paid
5759,5759,2024-06-30,2677.37,Wallet,Paid
5760,5760,2025-02-05,3751.08,Wallet,Pending
5761,5761,2024-10-27,3027.47,Card,Paid
5762,5762,2024-02-21,6688.53,Bank,Paid
5763,5763,2025-09-18,877.93,UPI,Paid
5764,5764,2024-12-19,802.55,Wallet,Paid
5765,5765,2025-12-10,554.57,UPI,Paid
5766,5766,2026-07-30,1366.01,UPI,Paid
5767,5767,2026-07-30,245.44,UPI,Paid
5768,5768,2025-11-30,5932.84,Bank,Paid
5769,5769,2026-01-10,2193.89,UPI,Failed
5770,5770,2025-04-14,1784.82,Wallet,Paid
5771,5771,2024-07-27,882.04,Card,Paid
5772,5772,2025-05-27,2175.32,Wallet,Paid
5773,5773,2026-05-14,498.52,Wallet,Paid
5774,5774,2024-09-16,6986.15,UPI,Paid
5775,5775,2025-05-02,2150.38,Wallet,Paid
5776,5776,2025-04-13,2234.44,UPI,Failed
5777,5777,2025-03-08,6226.11,Wallet,Paid
5778,5778,2026-08-06,5631.84,Bank,Paid
5779,5779,2024-01-18,4197.04,Card,Pending
5780,5780,2024-07-14,4204.99,Bank,Paid
5781,5781,2026-01-18,1137.6,Bank,Paid
5782,5782,2025-07-18,744.34,Wallet,Paid
5783,5783,2025-12-31,3345.64,Bank,Pending
5784,5784,2025-05-29,3413.3,Bank,Paid
5785,5785,2026-05-03,3512.14,UPI,Paid
5786,5786,2024-11-26,3818.74,Wallet,Paid
5787,5787,2026-05-16,7216.67,UPI,Paid
5788,5788,2025-07-07,2564.85,Wallet,Paid
5789,5789,2024-08-21,1958.06,Bank,Paid
5790,5790,2024-01-17,793.78,UPI,Paid
5791,5791,2026-07-04,6104.62,Bank,Failed
5792,5792,2025-04-12,1788.98,Card,Paid
5793,5793,2024-03-22,2313.69,Wallet,Failed
5794,5794,2024-08-16,3831.15,UPI,Paid
5795,5795,2025-05-21,1265.21,Bank,Failed
5796,5796,2025-03-04,6656.22,Card,Paid
5797,5797,2024-03-04,429.38,Card,Paid
5798,5798,2024-03-21,3755.36,Card,Paid
5799,5799,2026-05-23,4858.48,UPI,Paid
5800,5800,2024-01-24,5903.12,Card,Failed
5801,5801,2025-04-06,1878.22,Bank,Paid
5802,5802,2024-03-10,944.12,Wallet,Paid
5803,5803,2025-09-21,1133.9,Wallet,Paid
5804,5804,2025-12-26,2460.16,UPI,Paid
5805,5805,2024-05-22,5982.36,Bank,Paid
5806,5806,2025-11-29,5387.56,Card,Paid
5807,5807,2026-07-26,3087.89,Bank,Paid
5808,5808,2026-01-10,1310.34,Card,Pending
5809,5809,2025-12-21,8477.42,Card,Paid
5810,5810,2026-03-21,1428.65,UPI,Paid
5811,5811,2024-10-12,5384.26,Card,Paid
5812,5812,2026-08-16,1546.88,Card,Paid
5813,5813,2026-06-13,1427.13,UPI,Paid
5814,5814,2025-02-22,311.4,Card,Paid
5815,5815,2025-09-05,1725.89,Wallet,Paid
5816,5816,2024-09-26,686.72,Wallet,Paid
5817,5817,2024-11-16,1966.41,Wallet,Paid
5818,5818,2025-12-07,2238.57,Card,Paid
5819,5819,2024-11-15,932.43,Wallet,Paid
5820,5820,2024-12-30,3818.65,Bank,Failed
5821,5821,2024-06-04,4258.43,Wallet,Paid
5822,5822,2026-07-20,4690.64,UPI,Paid
5823,5823,2024-01-01,1430.8,Wallet,Paid
5824,5824,2024-10-12,4410.29,Bank,Paid
5825,5825,2024-06-16,3380.46,Card,Paid
5826,5826,2025-06-07,2995.98,Bank,Paid
5827,5827,2025-04-14,1157.18,Wallet,Paid
5828,5828,2026-01-21,1562.48,Card,Paid
5829,5829,2025-01-30,1499.37,UPI,Paid
5830,5830,2024-01-27,2912.62,Card,Paid
5831,5831,2024-01-03,4198.26,Card,Paid
5832,5832,2025-11-17,600.97,UPI,Failed
5833,5833,2025-01-23,408.22,Wallet,Paid
5834,5834,2026-08-10,1548.55,UPI,Paid
5835,5835,2024-04-21,3576.88,UPI,Paid
5836,5836,2024-06-08,1551.54,Bank,Paid
5837,5837,2024-09-09,1943.19,UPI,Paid
5838,5838,2025-06-22,3827.12,Card,Paid
5839,5839,2026-05-06,1857.18,UPI,Paid
5840,5840,2025-12-23,3017.01,Wallet,Paid
5841,5841,2026-04-13,5294.27,Bank,Paid
5842,5842,2025-12-16,174.19,Card,Paid
5843,5843,2025-08-20,1021.87,Wallet,Paid
5844,5844,2026-03-10,4878.76,Wallet,Paid
5845,5845,2026-06-18,2415.84,UPI,Paid
5846,5846,2025-12-17,584.6,UPI,Paid
5847,5847,2026-05-02,3609.98,Bank,Pending
5848,5848,2026-07-19,929.05,Bank,Paid
5849,5849,2025-12-31,2257.56,UPI,Paid
5850,5850,2025-11-26,4271.77,Card,Paid
5851,5851,2025-01-17,5162.65,Wallet,Paid
5852,5852,2025-01-26,1309.29,Wallet,Paid
5853,5853,2025-04-21,2459.09,Wallet,Paid
5854,5854,2025-01-30,3105.7,Bank,Paid
5855,5855,2025-01-14,1273.5,Bank,Paid
5856,5856,2026-01-12,6414.84,UPI,Paid
5857,5857,2024-01-07,7856.75,Bank,Paid
5858,5858,2025-08-22,4023.17,Bank,Paid
5859,5859,2024-01-16,529.46,Card,Paid
5860,5860,2026-05-09,2163.06,Wallet,Paid
5861,5861,2025-12-05,2070.45,Bank,Paid
5862,5862,2025-03-12,4852.59,Wallet,Pending
5863,5863,2025-04-13,4426.68,Wallet,Paid
5864,5864,2024-08-11,917.25,Bank,Paid
5865,5865,2025-03-21,2991.72,Card,Paid
5866,5866,2024-06-06,3897.62,Wallet,Paid
5867,5867,2025-03-23,5600.25,Wallet,Paid
5868,5868,2025-02-27,4774.61,Card,Pending
5869,5869,2026-07-06,83.74,Wallet,Paid
5870,5870,2024-10-21,5331.03,Wallet,Paid
5871,5871,2025-09-02,590.13,Wallet,Paid
5872,5872,2026-07-29,2978.79,UPI,Paid
5873,5873,2024-05-03,3872.76,UPI,Paid
5874,5874,2024-02-16,2144.35,Wallet,Paid
5875,5875,2025-03-23,2270.7,Wallet,Paid
5876,5876,2025-03-26,1392.77,Bank,Pending
5877,5877,2024-05-13,2368.53,Card,Paid
5878,5878,2024-12-03,1106.74,UPI,Paid
5879,5879,2025-05-13,368.61,Wallet,Paid
5880,5880,2026-03-19,5406.95,Wallet,Paid
5881,5881,2025-07-26,4569.94,Card,Paid
5882,5882,2026-05-13,3345.62,Wallet,Paid
5883,5883,2025-07-23,4533.04,Bank,Paid
5884,5884,2024-04-26,1846.9,Card,Paid
5885,5885,2026-04-20,990.69,Bank,Paid
5886,5886,2024-03-28,1411.54,UPI,Paid
5887,5887,2025-09-15,1752.66,UPI,Pending
5888,5888,2026-07-16,2167.49,UPI,Paid
5889,5889,2025-05-28,7114.59,Wallet,Paid
5890,5890,2024-01-02,1092.24,Card,Paid
5891,5891,2025-11-20,3466.95,UPI,Paid
5892,5892,2024-05-21,1351.96,Bank,Paid
5893,5893,2025-11-28,6232.58,UPI,Failed
5894,5894,2024-12-05,4854.81,UPI,Paid
5895,5895,2024-05-13,1175.33,UPI,Paid
5896,5896,2025-04-30,4532.24,Wallet,Paid
5897,5897,2024-12-10,4472.49,Bank,Paid
5898,5898,2025-05-26,2033.46,Wallet,Paid
5899,5899,2024-08-03,670.06,UPI,Paid
5900,5900,2026-04-17,3923.93,Bank,Paid
5901,5901,2024-09-28,4099.9,Wallet,Paid
5902,5902,2024-03-22,5116.74,Wallet,Paid
5903,5903,2024-02-22,3792.12,Bank,Paid
5904,5904,2026-04-07,2415.56,Wallet,Paid
5905,5905,2024-12-26,8307.58,Bank,Paid
5906,5906,2024-12-19,793.91,Bank,Paid
5907,5907,2025-10-03,2603.1,Card,Paid
5908,5908,2025-06-25,2445.17,UPI,Paid
5909,5909,2024-09-09,3817.96,Card,Paid
5910,5910,2026-02-09,2891.61,Card,Paid
5911,5911,2026-07-02,594.69,Bank,Paid
5912,5912,2026-03-02,9895.35,UPI,Paid
5913,5913,2025-02-18,3582.14,Bank,Paid
5914,5914,2025-03-24,3576.8,Card,Paid
5915,5915,2025-01-02,4298.59,Bank,Paid
5916,5916,2024-08-28,3749.68,UPI,Paid
5917,5917,2025-09-26,2072.44,Bank,Paid
5918,5918,2025-08-26,6465.29,UPI,Paid
5919,5919,2025-05-15,4548.97,Wallet,Paid
5920,5920,2024-02-03,3694.45,Card,Paid
5921,5921,2026-03-13,3748.84,Wallet,Paid
5922,5922,2024-02-08,4738.34,Bank,Paid
5923,5923,2026-01-31,2395.25,Card,Paid
5924,5924,2024-04-24,8742.74,UPI,Paid
5925,5925,2024-07-26,2269.89,Card,Paid
5926,5926,2024-04-18,1345.7,Bank,Paid
5927,5927,2025-10-08,1980.67,UPI,Paid
5928,5928,2024-06-11,5258.59,Card,Paid
5929,5929,2024-12-30,2138.67,Card,Paid
5930,5930,2026-06-25,1666.73,Wallet,Paid
5931,5931,2024-10-16,3080.15,UPI,Paid
5932,5932,2026-04-28,2226.58,Wallet,Paid
5933,5933,2025-08-29,6519.14,UPI,Paid
5934,5934,2024-04-26,4191.67,Wallet,Paid
5935,5935,2024-09-25,1151.41,Bank,Paid
5936,5936,2024-11-10,3424.82,Bank,Paid
5937,5937,2026-04-25,6764.84,UPI,Paid
5938,5938,2026-06-11,676.47,Card,Paid
5939,5939,2025-05-08,2661.69,Card,Paid
5940,5940,2025-12-02,4369.15,Wallet,Paid
5941,5941,2026-03-03,2450.23,Card,Paid
5942,5942,2026-08-16,3667.88,UPI,Paid
5943,5943,2026-04-13,1750.08,UPI,Paid
5944,5944,2024-06-22,835.99,UPI,Paid
5945,5945,2024-12-14,2938.55,Wallet,Paid
5946,5946,2026-06-17,3427.57,Wallet,Pending
5947,5947,2024-12-12,3846.23,Card,Paid
5948,5948,2025-05-04,5292.58,Wallet,Paid
5949,5949,2025-12-26,2188.26,Bank,Paid
5950,5950,2025-04-06,2770.05,Bank,Paid
5951,5951,2024-09-02,998.59,UPI,Paid
5952,5952,2025-09-24,7191.77,Bank,Paid
5953,5953,2026-05-17,2891.44,Wallet,Paid
5954,5954,2026-05-20,3426.15,Card,Paid
5955,5955,2024-02-04,3217.86,UPI,Paid
5956,5956,2026-03-25,1995.67,Wallet,Paid
5957,5957,2025-04-19,2849.6,Bank,Paid
5958,5958,2024-05-29,1315.65,UPI,Paid
5959,5959,2024-10-03,1582.33,Bank,Paid
5960,5960,2024-07-25,4632.88,Wallet,Paid
5961,5961,2024-10-01,2795.3,Wallet,Failed
5962,5962,2024-02-20,2754.92,UPI,Paid
5963,5963,2026-08-10,1991.22,UPI,Paid
5964,5964,2024-11-20,4698.83,UPI,Paid
5965,5965,2025-11-23,1621.52,UPI,Paid
5966,5966,2024-01-15,4235.45,Bank,Paid
5967,5967,2026-01-17,7068.08,Card,Pending
5968,5968,2024-03-18,1964.79,UPI,Paid
5969,5969,2025-12-06,4287.65,Card,Paid
5970,5970,2024-08-31,1420.09,Wallet,Paid
5971,5971,2025-06-11,7152.58,Card,Paid
5972,5972,2025-05-13,2486.45,Wallet,Paid
5973,5973,2024-08-03,3326.88,UPI,Paid
5974,5974,2026-01-24,2015.96,UPI,Paid
5975,5975,2024-10-06,1554.02,UPI,Failed
5976,5976,2024-06-14,4947.11,UPI,Failed
5977,5977,2026-06-23,433.15,UPI,Paid
5978,5978,2026-05-04,3383.08,UPI,Paid
5979,5979,2025-09-09,3082.93,Wallet,Paid
5980,5980,2024-01-19,2819.72,UPI,Paid
5981,5981,2025-05-11,1174.26,Wallet,Paid
5982,5982,2026-08-04,7970.52,Card,Paid
5983,5983,2024-09-13,4593.24,Bank,Paid
5984,5984,2024-08-14,2385.61,Card,Paid
5985,5985,2025-01-09,6330.34,Card,Paid
5986,5986,2024-04-07,3311.9,UPI,Paid
5987,5987,2025-06-22,3661.15,Bank,Paid
5988,5988,2024-06-23,1169.33,Card,Paid
5989,5989,2026-01-11,4188.99,Card,Paid
5990,5990,2025-04-20,2787.6,Bank,Paid
5991,5991,2025-02-27,6405.06,Card,Paid
5992,5992,2026-06-19,1173.61,Bank,Paid
5993,5993,2026-03-19,2881.4,Wallet,Paid
5994,5994,2025-02-07,3408.2,Wallet,Paid
5995,5995,2025-06-21,1235.6,Wallet,Paid
5996,5996,2026-01-02,429.08,Bank,Paid
5997,5997,2024-02-24,4690.19,Bank,Paid
5998,5998,2026-05-19,3239.12,Bank,Paid
5999,5999,2025-09-17,654.6,Card,Paid
6000,6000,2025-06-07,1446.7,UPI,Paid
6001,6001,2025-09-04,5172.11,Wallet,Failed
6002,6002,2024-07-23,1425.45,Card,Paid
6003,6003,2024-07-28,967.22,Bank,Paid
6004,6004,2025-05-01,587.93,UPI,Paid
6005,6005,2024-08-29,4809.37,Card,Failed
6006,6006,2025-01-10,3868.72,Card,Paid
6007,6007,2025-05-29,524.34,Wallet,Paid
6008,6008,2024-04-22,178.65,UPI,Paid
6009,6009,2025-06-07,3245.16,UPI,Paid
6010,6010,2026-07-11,4696.85,UPI,Paid
6011,6011,2025-02-27,891.65,Bank,Paid
6012,6012,2024-12-20,1742.18,Card,Paid
6013,6013,2024-12-10,508.73,Card,Paid
6014,6014,2026-06-22,5252.42,UPI,Paid
6015,6015,2025-12-05,3089.93,UPI,Paid
6016,6016,2024-01-06,1338.33,UPI,Paid
6017,6017,2025-08-01,929.52,UPI,Paid
6018,6018,2025-08-22,917.56,Bank,Paid
6019,6019,2025-07-27,5846.64,Bank,Paid
6020,6020,2024-02-01,2335.0,UPI,Paid
6021,6021,2026-05-23,278.94,Wallet,Paid
6022,6022,2025-08-08,4654.89,Bank,Paid
6023,6023,2025-10-30,4385.72,UPI,Paid
6024,6024,2026-03-14,5094.89,Wallet,Paid
6025,6025,2025-03-23,2271.6,UPI,Paid
6026,6026,2024-07-23,1668.75,Bank,Paid
6027,6027,2025-06-04,6267.04,UPI,Paid
6028,6028,2026-03-11,2243.46,Bank,Paid
6029,6029,2025-10-19,4924.13,Wallet,Paid
6030,6030,2024-03-18,4618.27,UPI,Paid
6031,6031,2025-04-24,3828.17,UPI,Paid
6032,6032,2026-01-21,4391.67,Bank,Paid
6033,6033,2026-03-11,820.82,UPI,Paid
6034,6034,2026-02-12,7233.43,Bank,Paid
6035,6035,2025-08-15,4982.31,Card,Paid
6036,6036,2026-07-03,3525.09,Card,Paid
6037,6037,2026-07-29,3302.34,Wallet,Paid
6038,6038,2026-08-24,4987.65,Bank,Paid
6039,6039,2024-11-12,222.65,Card,Paid
6040,6040,2024-04-03,4573.09,Card,Paid
6041,6041,2025-09-19,2960.97,Card,Paid
6042,6042,2025-12-25,2265.02,Bank,Paid
6043,6043,2025-10-22,2040.1,Wallet,Paid
6044,6044,2024-11-24,2640.94,UPI,Paid
6045,6045,2024-03-30,924.46,Card,Paid
6046,6046,2025-04-01,4869.23,Card,Paid
6047,6047,2024-11-10,2349.63,UPI,Pending
6048,6048,2025-02-27,341.9,Bank,Paid
6049,6049,2024-04-26,1633.71,UPI,Pending
6050,6050,2024-03-01,6688.91,Card,Paid
6051,6051,2024-03-29,3573.27,Wallet,Paid
6052,6052,2024-04-12,2108.03,Bank,Paid
6053,6053,2026-08-10,3876.31,UPI,Paid
6054,6054,2026-03-12,2770.6,Bank,Paid
6055,6055,2025-09-01,2958.79,Card,Paid
6056,6056,2025-01-08,5073.08,Bank,Paid
6057,6057,2024-08-30,1677.69,Bank,Paid
6058,6058,2025-10-27,1101.57,Bank,Paid
6059,6059,2024-12-21,2590.23,Bank,Paid
6060,6060,2024-07-01,5408.25,UPI,Paid
6061,6061,2026-03-20,2521.7,UPI,Paid
6062,6062,2025-07-07,3415.66,UPI,Paid
6063,6063,2025-02-21,4037.14,Card,Paid
6064,6064,2025-10-20,2425.03,Card,Paid
6065,6065,2025-02-10,695.17,Card,Paid
6066,6066,2024-12-10,1754.73,UPI,Paid
6067,6067,2025-05-19,7930.63,Wallet,Paid
6068,6068,2026-02-04,3026.35,UPI,Paid
6069,6069,2026-03-16,4422.93,Wallet,Paid
6070,6070,2024-03-05,1019.62,Wallet,Paid
6071,6071,2026-08-20,2311.09,Bank,Paid
6072,6072,2026-07-24,1183.95,Wallet,Paid
6073,6073,2025-05-20,6160.06,Bank,Paid
6074,6074,2025-12-31,984.6,Bank,Paid
6075,6075,2024-07-14,755.18,Wallet,Paid
6076,6076,2024-02-05,4001.62,UPI,Paid
6077,6077,2025-02-06,1430.25,Wallet,Pending
6078,6078,2024-08-28,6211.26,UPI,Paid
6079,6079,2026-04-13,481.12,Wallet,Pending
6080,6080,2026-02-19,5967.07,Card,Paid
6081,6081,2024-06-25,4963.5,UPI,Pending
6082,6082,2024-12-21,3554.95,Card,Paid
6083,6083,2024-05-06,379.79,UPI,Paid
6084,6084,2024-01-31,3392.03,Bank,Paid
6085,6085,2026-04-05,5504.01,UPI,Pending
6086,6086,2024-06-07,4319.95,Bank,Paid
6087,6087,2024-12-21,1125.87,Card,Paid
6088,6088,2025-03-06,1707.97,UPI,Paid
6089,6089,2025-10-02,2784.57,Wallet,Pending
6090,6090,2024-02-02,1105.48,Card,Failed
6091,6091,2024-05-23,4570.75,UPI,Paid
6092,6092,2024-04-15,2013.89,Bank,Paid
6093,6093,2026-02-17,4515.77,Bank,Paid
6094,6094,2025-12-24,2046.53,Wallet,Paid
6095,6095,2025-08-11,708.24,Bank,Paid
6096,6096,2025-01-05,1647.43,Bank,Paid
6097,6097,2025-01-18,291.78,Wallet,Paid
6098,6098,2026-07-25,2421.02,Card,Paid
6099,6099,2024-11-13,3009.01,Wallet,Paid
6100,6100,2025-06-25,3010.13,Card,Paid
6101,6101,2025-10-17,2700.12,UPI,Paid
6102,6102,2025-09-28,2587.13,Wallet,Paid
6103,6103,2024-12-27,3406.44,UPI,Paid
6104,6104,2025-11-24,4346.37,Card,Paid
6105,6105,2026-02-04,3413.34,Bank,Paid
6106,6106,2025-09-11,1903.49,UPI,Paid
6107,6107,2025-10-07,2769.62,Bank,Paid
6108,6108,2024-09-05,1325.7,Wallet,Paid
6109,6109,2024-08-06,3296.9,UPI,Paid
6110,6110,2025-07-15,1398.02,Wallet,Paid
6111,6111,2026-01-08,2873.94,UPI,Paid
6112,6112,2025-09-12,3542.21,Card,Paid
6113,6113,2025-11-02,4201.63,UPI,Paid
6114,6114,2024-01-19,4849.29,Bank,Failed
6115,6115,2025-06-25,4184.84,UPI,Paid
6116,6116,2025-07-22,4726.69,Wallet,Paid
6117,6117,2024-09-24,2565.62,Wallet,Paid
6118,6118,2025-11-13,4266.04,UPI,Paid
6119,6119,2024-02-28,5289.5,Card,Paid
6120,6120,2024-09-15,2863.94,UPI,Paid
6121,6121,2026-06-26,1642.36,Bank,Paid
6122,6122,2025-11-08,1285.13,Card,Paid
6123,6123,2024-04-14,2824.68,Wallet,Paid
6124,6124,2025-03-02,5583.14,Wallet,Paid
6125,6125,2025-09-25,6208.66,UPI,Paid
6126,6126,2024-09-03,1562.89,Card,Paid
6127,6127,2025-10-21,6701.27,Card,Paid
6128,6128,2024-04-01,2735.77,Card,Paid
6129,6129,2024-02-07,6297.71,Bank,Paid
6130,6130,2025-08-24,1397.01,Wallet,Paid
6131,6131,2025-01-04,738.68,UPI,Paid
6132,6132,2025-10-25,3738.06,Wallet,Paid
6133,6133,2024-02-14,3099.44,Card,Paid
6134,6134,2024-08-21,5945.4,Wallet,Paid
6135,6135,2025-06-05,2720.14,UPI,Paid
6136,6136,2025-09-25,1964.34,Wallet,Paid
6137,6137,2024-02-06,3949.54,Card,Paid
6138,6138,2024-08-04,330.09,Bank,Paid
6139,6139,2024-03-20,1869.94,UPI,Paid
6140,6140,2026-01-01,2807.21,Wallet,Paid
6141,6141,2025-11-30,1005.43,Bank,Paid
6142,6142,2024-11-09,2795.83,UPI,Paid
6143,6143,2025-08-21,2523.1,Card,Paid
6144,6144,2024-09-19,2524.5,Bank,Paid
6145,6145,2024-08-04,3881.86,UPI,Paid
6146,6146,2024-10-23,4388.89,UPI,Paid
6147,6147,2024-07-03,3496.98,Wallet,Paid
6148,6148,2025-09-17,3770.34,UPI,Pending
6149,6149,2025-04-15,3439.1,Card,Paid
6150,6150,2024-05-12,3624.35,UPI,Paid
6151,6151,2025-08-11,776.85,Wallet,Failed
6152,6152,2026-07-16,6399.41,UPI,Paid
6153,6153,2026-02-20,3768.7,Card,Paid
6154,6154,2024-08-18,8819.32,Card,Paid
6155,6155,2025-06-15,519.08,Wallet,Paid
6156,6156,2025-03-01,1635.47,Wallet,Paid
6157,6157,2025-07-15,3596.95,Card,Paid
6158,6158,2024-05-08,821.39,UPI,Paid
6159,6159,2024-02-28,2071.61,Bank,Paid
6160,6160,2025-03-30,3729.38,Card,Paid
6161,6161,2025-11-27,6020.03,Card,Paid
6162,6162,2024-07-01,2287.43,Card,Paid
6163,6163,2024-11-24,4035.53,UPI,Paid
6164,6164,2024-04-04,482.67,Bank,Paid
6165,6165,2024-07-03,4684.3,UPI,Paid
6166,6166,2024-09-21,436.1,Bank,Paid
6167,6167,2025-08-08,901.44,Wallet,Paid
6168,6168,2025-10-07,6130.92,UPI,Paid
6169,6169,2025-01-03,3271.89,Bank,Paid
6170,6170,2025-08-29,1213.83,Card,Paid
6171,6171,2026-05-05,6507.39,Wallet,Paid
6172,6172,2024-05-19,665.89,Wallet,Failed
6173,6173,2024-05-09,2066.09,UPI,Failed
6174,6174,2024-01-11,6367.93,UPI,Paid
6175,6175,2025-07-27,2511.03,Bank,Paid
6176,6176,2025-09-17,4441.48,UPI,Paid
6177,6177,2025-07-09,1175.5,UPI,Paid
6178,6178,2024-07-03,3100.73,UPI,Paid
6179,6179,2025-08-19,1882.78,Wallet,Paid
6180,6180,2024-01-24,6313.2,UPI,Paid
6181,6181,2024-07-14,1975.59,Card,Paid
6182,6182,2024-10-12,2099.18,Bank,Paid
6183,6183,2024-01-12,2843.05,Card,Paid
6184,6184,2025-07-14,1741.49,Wallet,Paid
6185,6185,2024-01-03,5327.6,Card,Paid
6186,6186,2024-12-20,3857.13,Bank,Paid
6187,6187,2024-11-06,5715.42,Bank,Paid
6188,6188,2025-01-02,4456.77,UPI,Failed
6189,6189,2025-02-03,5229.25,UPI,Paid
6190,6190,2024-02-07,6900.41,UPI,Pending
6191,6191,2024-08-12,4065.5,UPI,Paid
6192,6192,2025-03-08,3020.1,UPI,Paid
6193,6193,2024-04-06,6591.95,Card,Paid
6194,6194,2026-03-05,1061.75,Card,Paid
6195,6195,2025-10-11,6061.55,Wallet,Paid
6196,6196,2025-10-25,72.05,Card,Paid
6197,6197,2024-02-01,935.69,UPI,Paid
6198,6198,2026-05-31,7246.44,Wallet,Paid
6199,6199,2024-05-31,3666.37,Wallet,Paid
6200,6200,2026-08-02,436.06,Wallet,Paid
6201,6201,2025-05-17,3160.53,Bank,Paid
6202,6202,2026-07-21,3764.31,Card,Paid
6203,6203,2025-12-05,2949.3,Bank,Paid
6204,6204,2024-03-06,1769.73,UPI,Paid
6205,6205,2025-02-08,4474.33,Card,Paid
6206,6206,2024-02-09,4266.06,Bank,Paid
6207,6207,2026-07-09,780.11,Wallet,Paid
6208,6208,2026-07-11,4351.29,UPI,Paid
6209,6209,2025-10-22,2598.77,Wallet,Paid
6210,6210,2024-02-19,3648.23,UPI,Paid
6211,6211,2026-08-20,970.68,UPI,Paid
6212,6212,2024-06-07,246.98,Card,Paid
6213,6213,2024-05-03,4848.09,Wallet,Paid
6214,6214,2025-07-04,2388.97,Bank,Paid
6215,6215,2025-04-26,467.3,Wallet,Paid
6216,6216,2025-05-12,2740.72,Bank,Paid
6217,6217,2024-05-16,5428.47,Bank,Paid
6218,6218,2025-12-10,5528.31,Bank,Paid
6219,6219,2024-01-03,2011.66,Wallet,Paid
6220,6220,2025-11-20,3275.93,Wallet,Paid
6221,6221,2024-11-29,2865.33,Wallet,Paid
6222,6222,2024-05-02,6028.55,Wallet,Paid
6223,6223,2025-06-29,853.66,Card,Paid
6224,6224,2026-07-02,2861.25,UPI,Paid
6225,6225,2026-06-28,2508.15,Card,Paid
6226,6226,2025-06-18,4394.5,UPI,Paid
6227,6227,2024-08-30,3207.58,Card,Paid
6228,6228,2024-08-23,688.28,UPI,Paid
6229,6229,2026-07-01,7871.69,Bank,Paid
6230,6230,2024-06-14,1603.04,Card,Pending
6231,6231,2025-04-14,3683.94,Wallet,Paid
6232,6232,2025-06-26,4363.91,Bank,Paid
6233,6233,2025-03-31,2295.37,Card,Failed
6234,6234,2024-08-12,3674.7,UPI,Paid
6235,6235,2025-07-09,451.85,Card,Paid
6236,6236,2024-11-04,819.3,Wallet,Paid
6237,6237,2024-01-06,9351.75,Bank,Paid
6238,6238,2026-06-16,1777.01,Card,Paid
6239,6239,2024-10-15,6398.41,Card,Paid
6240,6240,2026-01-13,652.23,Bank,Paid
6241,6241,2024-02-14,482.31,Bank,Paid
6242,6242,2024-08-13,2788.03,UPI,Paid
6243,6243,2024-11-03,1319.88,Wallet,Paid
6244,6244,2026-07-29,572.57,Card,Paid
6245,6245,2024-01-06,1454.86,Card,Paid
6246,6246,2024-10-29,3889.0,UPI,Paid
6247,6247,2026-05-25,122.11,Card,Paid
6248,6248,2024-10-11,1084.59,Wallet,Paid
6249,6249,2025-09-05,103.14,Wallet,Paid
6250,6250,2025-03-30,3060.9,UPI,Paid
6251,6251,2025-02-15,3642.24,Bank,Paid
6252,6252,2024-06-29,1909.54,Wallet,Paid
6253,6253,2024-05-15,5690.66,Wallet,Paid
6254,6254,2026-03-23,1514.59,UPI,Paid
6255,6255,2024-11-09,2087.16,Wallet,Paid
6256,6256,2024-09-13,1125.67,Wallet,Pending
6257,6257,2024-09-14,1088.85,Wallet,Paid
6258,6258,2026-04-27,1513.78,UPI,Paid
6259,6259,2025-12-18,3956.06,Bank,Paid
6260,6260,2024-11-27,3605.17,Card,Paid
6261,6261,2025-08-09,1294.43,UPI,Paid
6262,6262,2025-06-10,754.07,Card,Paid
6263,6263,2025-05-30,1849.41,Bank,Paid
6264,6264,2026-06-24,5285.23,Bank,Paid
6265,6265,2026-08-21,3338.39,Wallet,Paid
6266,6266,2024-07-07,3424.59,Bank,Paid
6267,6267,2026-08-02,7878.37,Bank,Paid
6268,6268,2024-01-06,478.5,Bank,Paid
6269,6269,2025-09-16,1542.4,UPI,Paid
6270,6270,2025-03-27,4159.34,Card,Paid
6271,6271,2026-06-26,6973.64,Card,Paid
6272,6272,2026-02-15,4359.66,UPI,Paid
6273,6273,2026-02-23,461.68,Card,Paid
6274,6274,2026-04-26,235.19,Card,Paid
6275,6275,2025-11-13,2706.18,Bank,Pending
6276,6276,2025-02-20,2429.69,Wallet,Paid
6277,6277,2024-12-19,4793.26,Wallet,Paid
6278,6278,2025-08-07,4721.8,Card,Failed
6279,6279,2025-11-22,2570.27,Wallet,Paid
6280,6280,2025-05-30,2844.15,UPI,Paid
6281,6281,2025-05-31,5536.67,Wallet,Paid
6282,6282,2025-05-14,127.16,Wallet,Paid
6283,6283,2025-06-04,3859.95,Wallet,Paid
6284,6284,2026-05-16,4184.07,UPI,Failed
6285,6285,2024-06-08,3433.62,Card,Paid
6286,6286,2024-08-22,2250.9,Wallet,Paid
6287,6287,2026-07-02,7447.04,Bank,Paid
6288,6288,2025-02-02,1533.39,Card,Paid
6289,6289,2026-07-31,3224.72,UPI,Paid
6290,6290,2026-08-26,1039.9,Wallet,Paid
6291,6291,2025-10-07,4082.83,Wallet,Paid
6292,6292,2026-07-12,2717.61,UPI,Paid
6293,6293,2024-01-10,570.49,Wallet,Failed
6294,6294,2025-07-30,1872.79,UPI,Paid
6295,6295,2025-12-13,5972.08,UPI,Paid
6296,6296,2025-03-29,1171.08,UPI,Paid
6297,6297,2024-09-26,624.25,Wallet,Paid
6298,6298,2024-01-17,3544.24,Card,Paid
6299,6299,2025-01-18,6329.45,Wallet,Paid
6300,6300,2024-11-24,7447.42,Card,Paid
6301,6301,2024-07-04,4417.34,UPI,Paid
6302,6302,2026-02-24,862.23,Card,Pending
6303,6303,2024-05-19,5499.56,Card,Paid
6304,6304,2024-12-04,1657.38,Card,Paid
6305,6305,2026-02-21,4419.17,Bank,Paid
6306,6306,2024-09-26,3885.76,Wallet,Paid
6307,6307,2026-03-27,2994.45,UPI,Paid
6308,6308,2024-07-06,1808.33,Card,Paid
6309,6309,2026-08-16,2324.61,Bank,Paid
6310,6310,2025-10-22,4056.11,Bank,Paid
6311,6311,2025-08-22,2669.33,Card,Paid
6312,6312,2024-01-12,2769.48,Bank,Paid
6313,6313,2026-03-14,56.19,Bank,Paid
6314,6314,2025-08-10,3194.42,Card,Paid
6315,6315,2025-06-14,2887.65,UPI,Paid
6316,6316,2024-08-15,4345.55,Wallet,Paid
6317,6317,2025-11-20,2736.86,UPI,Paid
6318,6318,2026-04-07,1961.2,Wallet,Paid
6319,6319,2025-02-26,4425.86,Bank,Paid
6320,6320,2026-04-10,3571.67,Wallet,Paid
6321,6321,2025-12-14,5141.38,Card,Paid
6322,6322,2025-05-17,5770.99,Card,Paid
6323,6323,2024-10-11,5066.07,Card,Paid
6324,6324,2024-03-21,1961.34,Card,Paid
6325,6325,2024-07-08,665.01,Bank,Paid
6326,6326,2024-09-30,1670.85,UPI,Paid
6327,6327,2024-11-27,5989.5,Wallet,Paid
6328,6328,2026-05-02,787.6,Wallet,Paid
6329,6329,2024-01-27,1156.27,Card,Paid
6330,6330,2024-10-11,7062.25,Card,Paid
6331,6331,2025-05-27,3429.39,UPI,Pending
6332,6332,2025-07-29,1960.48,Wallet,Pending
6333,6333,2025-01-09,958.65,Wallet,Paid
6334,6334,2026-05-14,341.39,Card,Paid
6335,6335,2024-04-25,3178.47,Bank,Paid
6336,6336,2026-02-20,253.5,Wallet,Paid
6337,6337,2025-02-17,3250.07,Card,Paid
6338,6338,2025-03-10,2661.83,Bank,Paid
6339,6339,2025-07-22,4935.17,UPI,Paid
6340,6340,2025-05-31,1978.9,Card,Paid
6341,6341,2026-06-15,1487.59,Bank,Paid
6342,6342,2024-07-31,684.78,Card,Paid
6343,6343,2025-10-02,3952.14,Bank,Paid
6344,6344,2024-09-24,579.2,Wallet,Paid
6345,6345,2025-11-20,865.89,UPI,Paid
6346,6346,2024-05-20,1822.41,Bank,Paid
6347,6347,2025-08-18,6123.92,Wallet,Paid
6348,6348,2024-03-04,10244.37,UPI,Paid
6349,6349,2025-02-13,350.86,UPI,Paid
6350,6350,2026-04-03,525.82,Card,Paid
6351,6351,2026-01-19,3398.35,UPI,Pending
6352,6352,2025-03-17,3086.8,Wallet,Paid
6353,6353,2026-06-23,5501.63,Bank,Paid
6354,6354,2024-06-29,924.55,Bank,Paid
6355,6355,2024-03-11,4151.62,Card,Paid
6356,6356,2025-02-18,445.06,UPI,Paid
6357,6357,2025-12-26,769.82,Card,Paid
6358,6358,2026-08-16,7703.2,Wallet,Paid
6359,6359,2026-04-20,6315.8,Card,Paid
6360,6360,2025-02-17,5615.13,Card,Paid
6361,6361,2026-05-17,1170.09,UPI,Paid
6362,6362,2025-10-08,3720.27,Wallet,Paid
6363,6363,2024-01-22,734.17,Bank,Paid
6364,6364,2025-02-27,6118.13,Card,Paid
6365,6365,2025-02-27,1701.63,Bank,Paid
6366,6366,2026-01-13,1414.36,Card,Paid
6367,6367,2024-09-01,1147.28,Card,Paid
6368,6368,2025-08-27,1972.5,Bank,Paid
6369,6369,2024-04-05,4650.1,Bank,Paid
6370,6370,2025-08-06,5338.19,Bank,Paid
6371,6371,2026-02-06,318.81,UPI,Paid
6372,6372,2026-04-07,5105.2,Wallet,Paid
6373,6373,2024-07-13,1990.94,Card,Pending
6374,6374,2026-03-11,986.96,Card,Paid
6375,6375,2025-12-30,2133.46,UPI,Paid
6376,6376,2024-10-23,7110.43,Wallet,Paid
6377,6377,2025-11-16,3460.7,Bank,Paid
6378,6378,2024-11-25,389.78,UPI,Paid
6379,6379,2026-02-06,1547.76,UPI,Paid
6380,6380,2025-05-04,2570.74,Card,Paid
6381,6381,2025-10-12,2446.9,UPI,Paid
6382,6382,2024-07-04,1841.3,Wallet,Paid
6383,6383,2025-07-20,5222.52,Wallet,Paid
6384,6384,2024-12-07,2036.87,Wallet,Paid
6385,6385,2026-05-15,703.02,Bank,Paid
6386,6386,2025-02-24,1522.66,Card,Paid
6387,6387,2026-02-02,5664.54,Card,Paid
6388,6388,2025-01-05,3596.91,Bank,Paid
6389,6389,2024-01-28,665.66,Bank,Pending
6390,6390,2025-01-18,1975.89,Bank,Paid
6391,6391,2024-07-19,59.91,UPI,Paid
6392,6392,2025-05-14,1092.47,Card,Paid
6393,6393,2024-03-31,4311.86,Bank,Paid
6394,6394,2024-04-30,2810.36,Bank,Paid
6395,6395,2024-01-28,569.66,Card,Paid
6396,6396,2024-07-08,5834.92,Card,Paid
6397,6397,2026-03-14,4483.85,Card,Paid
6398,6398,2026-06-28,2750.44,UPI,Paid
6399,6399,2025-03-25,5389.81,Bank,Paid
6400,6400,2025-03-21,5878.84,Bank,Paid
6401,6401,2024-11-18,5473.27,Wallet,Paid
6402,6402,2026-07-16,3966.25,Bank,Paid
6403,6403,2024-08-17,3897.8,Bank,Paid
6404,6404,2024-10-27,1436.41,Bank,Paid
6405,6405,2025-11-01,3868.07,Card,Paid
6406,6406,2025-05-21,527.85,Card,Paid
6407,6407,2025-08-03,2401.61,UPI,Paid
6408,6408,2026-04-27,2818.19,Wallet,Paid
6409,6409,2025-01-09,1772.05,UPI,Paid
6410,6410,2024-07-30,2906.13,Bank,Failed
6411,6411,2025-04-25,1292.45,UPI,Paid
6412,6412,2024-04-11,2271.42,Bank,Paid
6413,6413,2026-06-19,3176.27,Bank,Paid
6414,6414,2024-12-06,1995.34,UPI,Paid
6415,6415,2024-06-25,2957.86,Wallet,Paid
6416,6416,2024-10-28,4851.22,UPI,Paid
6417,6417,2026-07-23,180.46,Wallet,Paid
6418,6418,2025-03-31,724.3,Bank,Paid
6419,6419,2025-01-04,2522.09,Wallet,Paid
6420,6420,2026-04-28,3316.82,UPI,Paid
6421,6421,2025-11-09,498.1,UPI,Paid
6422,6422,2026-06-18,2247.28,Card,Paid
6423,6423,2024-10-24,5245.78,Bank,Paid
6424,6424,2026-02-19,750.94,Wallet,Paid
6425,6425,2024-06-21,1208.24,Wallet,Paid
6426,6426,2026-01-16,2930.28,Card,Paid
6427,6427,2024-01-10,2188.76,UPI,Paid
6428,6428,2024-05-15,4589.64,Wallet,Paid
6429,6429,2024-11-06,8133.17,Wallet,Paid
6430,6430,2024-08-24,8525.8,Card,Paid
6431,6431,2025-01-06,5419.96,Bank,Paid
6432,6432,2025-09-07,2902.97,Bank,Paid
6433,6433,2026-04-21,3987.78,Bank,Paid
6434,6434,2025-12-08,3527.17,Bank,Paid
6435,6435,2024-06-07,1284.31,Wallet,Paid
6436,6436,2025-03-26,2716.49,Bank,Paid
6437,6437,2025-04-09,2176.44,Card,Paid
6438,6438,2024-07-13,2473.45,UPI,Paid
6439,6439,2025-02-16,3606.66,Bank,Paid
6440,6440,2024-10-13,5755.61,Wallet,Paid
6441,6441,2026-04-30,1935.94,Card,Pending
6442,6442,2026-08-08,6893.82,Bank,Paid
6443,6443,2024-09-11,3460.58,UPI,Paid
6444,6444,2025-09-24,4935.05,Card,Paid
6445,6445,2025-12-09,2562.47,Card,Paid
6446,6446,2025-02-05,6159.39,Bank,Paid
6447,6447,2025-08-20,3217.13,Card,Paid
6448,6448,2026-05-25,399.71,UPI,Paid
6449,6449,2024-02-25,4703.75,Card,Paid
6450,6450,2025-06-19,1872.1,Card,Paid
6451,6451,2024-08-14,1393.84,Wallet,Paid
6452,6452,2025-09-10,3882.86,UPI,Paid
6453,6453,2024-09-13,2896.49,Wallet,Paid
6454,6454,2026-08-07,284.31,Wallet,Failed
6455,6455,2025-04-11,4779.75,Wallet,Paid
6456,6456,2024-08-08,2316.66,Wallet,Paid
6457,6457,2026-01-20,2177.63,Bank,Paid
6458,6458,2026-06-06,3318.74,UPI,Paid
6459,6459,2025-07-02,4606.42,Card,Paid
6460,6460,2026-03-05,2220.13,UPI,Paid
6461,6461,2026-07-31,4371.02,Card,Paid
6462,6462,2024-05-16,1702.55,UPI,Paid
6463,6463,2025-01-02,3090.03,Card,Failed
6464,6464,2024-06-27,3344.53,UPI,Failed
6465,6465,2026-05-11,3959.41,Wallet,Paid
6466,6466,2026-04-07,604.05,UPI,Paid
6467,6467,2026-03-02,2961.43,Wallet,Paid
6468,6468,2024-08-05,1548.25,Wallet,Paid
6469,6469,2025-12-28,1486.79,UPI,Paid
6470,6470,2024-06-27,2828.67,UPI,Failed
6471,6471,2025-10-24,457.91,Bank,Paid
6472,6472,2025-03-30,2329.62,Card,Paid
6473,6473,2025-10-04,2599.54,Bank,Paid
6474,6474,2025-05-12,5396.87,Bank,Paid
6475,6475,2025-07-30,1743.48,Card,Paid
6476,6476,2026-05-30,2121.24,Bank,Paid
6477,6477,2026-05-05,249.53,UPI,Paid
6478,6478,2026-08-19,4003.35,Wallet,Paid
6479,6479,2024-02-07,2724.37,Bank,Paid
6480,6480,2024-08-17,71.28,Card,Paid
6481,6481,2024-10-14,4239.47,UPI,Paid
6482,6482,2026-01-05,3618.95,Card,Paid
6483,6483,2025-06-19,1050.16,Wallet,Paid
6484,6484,2024-07-18,3404.48,Card,Paid
6485,6485,2026-04-23,2207.03,Bank,Paid
6486,6486,2024-06-30,6036.96,Bank,Paid
6487,6487,2026-04-30,3790.85,Card,Paid
6488,6488,2024-06-07,4103.7,Wallet,Paid
6489,6489,2024-04-05,938.19,Card,Paid
6490,6490,2024-01-10,4456.84,Card,Paid
6491,6491,2025-10-25,5543.03,Wallet,Paid
6492,6492,2024-06-27,5493.9,Card,Paid
6493,6493,2025-03-31,6977.71,Wallet,Paid
6494,6494,2025-08-23,77.27,Wallet,Paid
6495,6495,2026-06-14,1125.37,Wallet,Paid
6496,6496,2024-12-19,2981.22,Card,Paid
6497,6497,2024-08-03,5122.73,Card,Paid
6498,6498,2026-06-04,2111.35,Card,Paid
6499,6499,2025-05-04,6116.36,Card,Paid
6500,6500,2025-08-29,2527.9,Bank,Paid
6501,6501,2024-10-04,360.9,UPI,Failed
6502,6502,2025-02-23,2163.86,Bank,Paid
6503,6503,2024-03-19,3538.81,UPI,Paid
6504,6504,2024-06-24,2358.23,Wallet,Paid
6505,6505,2025-06-25,3767.21,Bank,Paid
6506,6506,2025-06-22,3386.32,Wallet,Paid
6507,6507,2024-09-26,579.8,Wallet,Paid
6508,6508,2024-11-19,5521.69,UPI,Paid
6509,6509,2025-07-18,2616.92,UPI,Paid
6510,6510,2026-08-01,4914.21,UPI,Paid
6511,6511,2026-06-18,8120.61,Wallet,Paid
6512,6512,2026-05-31,5153.06,Bank,Paid
6513,6513,2025-11-15,1669.39,Card,Paid
6514,6514,2024-05-03,6082.67,UPI,Paid
6515,6515,2025-05-26,4171.81,Wallet,Paid
6516,6516,2026-06-14,695.72,UPI,Pending
6517,6517,2025-08-21,2900.94,Card,Paid
6518,6518,2026-01-01,1574.8,Card,Paid
6519,6519,2025-03-29,1850.01,UPI,Paid
6520,6520,2026-07-15,527.0,Wallet,Paid
6521,6521,2026-05-02,4632.26,Wallet,Paid
6522,6522,2025-07-05,4129.37,UPI,Paid
6523,6523,2024-11-17,3251.23,UPI,Paid
6524,6524,2025-12-02,7639.64,Card,Paid
6525,6525,2024-06-07,3266.7,Wallet,Paid
6526,6526,2024-10-22,6179.27,Card,Paid
6527,6527,2026-04-24,2913.18,Bank,Paid
6528,6528,2026-01-16,1882.99,Wallet,Paid
6529,6529,2024-04-17,616.14,UPI,Paid
6530,6530,2026-08-27,1842.01,Card,Paid
6531,6531,2025-04-09,5324.5,Bank,Paid
6532,6532,2024-05-17,333.74,Card,Paid
6533,6533,2026-07-10,4793.3,Bank,Paid
6534,6534,2026-02-18,558.52,Card,Paid
6535,6535,2025-03-16,1542.15,UPI,Paid
6536,6536,2025-05-05,5806.29,UPI,Paid
6537,6537,2025-04-13,4706.37,Wallet,Paid
6538,6538,2024-05-13,4863.75,Bank,Paid
6539,6539,2024-05-04,1933.91,Bank,Paid
6540,6540,2026-07-19,735.32,UPI,Paid
6541,6541,2025-05-09,3512.22,Wallet,Paid
6542,6542,2025-12-01,6441.84,Card,Paid
6543,6543,2024-12-31,2010.96,Wallet,Paid
6544,6544,2026-07-23,362.27,Card,Pending
6545,6545,2025-06-12,2463.22,Bank,Paid
6546,6546,2025-04-24,2794.43,UPI,Paid
6547,6547,2025-03-27,819.33,UPI,Paid
6548,6548,2024-11-23,2836.55,Card,Paid
6549,6549,2025-03-10,1390.02,Wallet,Paid
6550,6550,2025-03-17,2116.49,Bank,Paid
6551,6551,2026-04-14,2293.96,UPI,Paid
6552,6552,2024-11-11,1799.58,Card,Paid
6553,6553,2024-10-26,1339.56,Bank,Paid
6554,6554,2026-04-10,4694.12,Card,Paid
6555,6555,2024-07-14,1552.87,Bank,Paid
6556,6556,2025-10-11,5800.69,Card,Paid
6557,6557,2025-08-14,7646.12,Bank,Paid
6558,6558,2024-03-09,363.32,Wallet,Paid
6559,6559,2026-05-27,7427.28,Bank,Paid
6560,6560,2025-11-01,1618.2,UPI,Paid
6561,6561,2026-05-02,52.57,UPI,Paid
6562,6562,2026-06-05,3944.54,UPI,Paid
6563,6563,2024-02-03,5735.83,Bank,Paid
6564,6564,2025-11-04,7808.99,UPI,Paid
6565,6565,2026-05-18,4318.84,UPI,Paid
6566,6566,2026-02-17,2758.79,Card,Paid
6567,6567,2026-07-12,1992.95,Bank,Paid
6568,6568,2024-12-17,960.73,Card,Paid
6569,6569,2025-03-29,7321.5,UPI,Paid
6570,6570,2024-09-21,2321.65,Card,Paid
6571,6571,2025-12-25,3405.19,Bank,Paid
6572,6572,2024-08-12,3143.79,Wallet,Paid
6573,6573,2024-03-01,4489.85,Wallet,Failed
6574,6574,2024-12-28,7118.34,Wallet,Paid
6575,6575,2024-10-08,3160.96,Wallet,Paid
6576,6576,2025-07-31,3190.0,UPI,Paid
6577,6577,2025-07-09,2703.82,Bank,Paid
6578,6578,2025-03-09,5960.98,Card,Paid
6579,6579,2026-04-20,3316.22,Bank,Paid
6580,6580,2026-08-14,6373.09,Card,Paid
6581,6581,2024-03-31,5036.78,Wallet,Paid
6582,6582,2025-02-26,3310.57,Wallet,Paid
6583,6583,2024-11-26,5349.98,Wallet,Paid
6584,6584,2024-06-11,2833.1,Wallet,Paid
6585,6585,2026-07-10,4123.92,Card,Paid
6586,6586,2024-03-31,5697.46,Card,Failed
6587,6587,2025-02-06,5766.52,Card,Pending
6588,6588,2024-12-14,1550.77,Bank,Paid
6589,6589,2024-10-30,3544.74,Wallet,Paid
6590,6590,2026-07-04,3738.14,Wallet,Paid
6591,6591,2025-09-21,1564.76,UPI,Paid
6592,6592,2025-10-18,336.2,Wallet,Paid
6593,6593,2024-01-26,4191.84,UPI,Paid
6594,6594,2024-10-31,1547.06,UPI,Paid
6595,6595,2025-08-31,8290.87,Wallet,Paid
6596,6596,2024-05-28,1423.09,Wallet,Paid
6597,6597,2024-02-27,9136.03,Card,Paid
6598,6598,2026-06-27,2951.17,UPI,Paid
6599,6599,2025-04-02,3316.75,Wallet,Pending
6600,6600,2025-01-23,4709.34,Bank,Paid
6601,6601,2026-08-06,1527.21,Bank,Paid
6602,6602,2025-03-27,2526.82,Wallet,Paid
6603,6603,2024-09-15,3598.43,Bank,Paid
6604,6604,2025-08-05,497.28,Bank,Paid
6605,6605,2025-07-28,7994.81,UPI,Paid
6606,6606,2026-02-25,2988.41,Bank,Paid
6607,6607,2025-09-02,6502.49,UPI,Paid
6608,6608,2024-09-13,2260.52,UPI,Paid
6609,6609,2026-08-01,3289.64,UPI,Paid
6610,6610,2024-02-11,4879.73,UPI,Paid
6611,6611,2024-11-27,3137.42,UPI,Paid
6612,6612,2026-07-26,2332.53,Card,Paid
6613,6613,2024-08-30,1811.75,Bank,Paid
6614,6614,2025-05-25,2708.01,UPI,Paid
6615,6615,2026-04-02,5503.74,Bank,Paid
6616,6616,2024-07-11,2005.51,Bank,Paid
6617,6617,2026-02-28,5775.2,Card,Paid
6618,6618,2025-11-14,1833.36,UPI,Paid
6619,6619,2025-04-10,193.7,Card,Paid
6620,6620,2024-04-28,4091.65,Bank,Paid
6621,6621,2024-11-14,3381.98,Wallet,Paid
6622,6622,2024-01-17,4297.61,Card,Paid
6623,6623,2026-07-07,3778.27,Bank,Paid
6624,6624,2025-02-02,2902.57,Wallet,Paid
6625,6625,2026-07-20,1500.3,Wallet,Paid
6626,6626,2025-09-06,673.57,Bank,Paid
6627,6627,2024-11-21,2394.07,Bank,Paid
6628,6628,2024-09-04,3509.9,Card,Paid
6629,6629,2024-11-25,1682.75,Wallet,Paid
6630,6630,2024-02-13,3238.76,Bank,Paid
6631,6631,2025-10-23,4199.6,Card,Failed
6632,6632,2025-02-10,5457.66,Bank,Paid
6633,6633,2026-05-18,315.3,Bank,Paid
6634,6634,2024-05-11,2361.08,UPI,Paid
6635,6635,2024-03-05,3929.64,UPI,Paid
6636,6636,2025-09-10,3019.79,UPI,Paid
6637,6637,2024-10-17,9415.83,Wallet,Paid
6638,6638,2026-08-15,122.04,Wallet,Paid
6639,6639,2025-05-11,7774.7,Card,Paid
6640,6640,2026-02-23,3815.25,UPI,Paid
6641,6641,2025-08-13,7196.41,Wallet,Paid
6642,6642,2026-06-20,572.13,UPI,Paid
6643,6643,2026-02-20,3875.44,UPI,Paid
6644,6644,2026-01-14,603.29,Bank,Paid
6645,6645,2024-04-11,552.51,Bank,Paid
6646,6646,2024-05-19,906.7,Card,Paid
6647,6647,2024-05-27,2207.65,Wallet,Paid
6648,6648,2026-08-15,6873.69,UPI,Paid
6649,6649,2025-08-23,429.67,UPI,Paid
6650,6650,2025-04-22,3424.47,Bank,Paid
6651,6651,2025-01-27,6100.88,Card,Paid
6652,6652,2026-08-04,601.25,Wallet,Paid
6653,6653,2024-06-01,6470.91,UPI,Paid
6654,6654,2026-06-30,1952.56,UPI,Paid
6655,6655,2024-02-08,3383.74,Wallet,Paid
6656,6656,2025-04-03,4242.93,Bank,Paid
6657,6657,2026-03-23,3017.31,Bank,Paid
6658,6658,2026-06-08,2635.31,Wallet,Paid
6659,6659,2025-03-12,5801.05,Card,Paid
6660,6660,2026-08-28,4912.41,UPI,Paid
6661,6661,2025-03-02,3238.32,Wallet,Paid
6662,6662,2026-01-10,3725.09,UPI,Paid
6663,6663,2025-05-05,4538.12,Bank,Pending
6664,6664,2025-04-25,1389.47,Wallet,Paid
6665,6665,2025-03-04,3024.08,UPI,Paid
6666,6666,2025-09-30,5216.86,UPI,Paid
6667,6667,2024-11-12,3887.91,UPI,Paid
6668,6668,2024-04-27,5257.98,Wallet,Paid
6669,6669,2026-04-26,970.22,UPI,Paid
6670,6670,2024-02-22,1880.31,Card,Failed
6671,6671,2024-06-12,421.85,Bank,Paid
6672,6672,2026-05-09,6126.96,UPI,Paid
6673,6673,2024-08-19,4068.47,UPI,Paid
6674,6674,2025-04-05,6295.93,UPI,Paid
6675,6675,2026-01-18,6982.44,Wallet,Paid
6676,6676,2024-02-28,821.31,Bank,Failed
6677,6677,2024-07-25,2901.1,Wallet,Paid
6678,6678,2026-02-24,4264.63,Wallet,Paid
6679,6679,2024-12-23,1282.73,Wallet,Paid
6680,6680,2025-09-14,3811.44,Card,Paid
6681,6681,2024-06-05,2945.09,Bank,Paid
6682,6682,2025-02-14,95.6,UPI,Paid
6683,6683,2026-03-20,1177.84,Card,Paid
6684,6684,2024-12-01,673.61,UPI,Paid
6685,6685,2024-03-22,2597.64,Bank,Paid
6686,6686,2024-04-20,5344.2,Wallet,Paid
6687,6687,2024-02-17,512.35,UPI,Paid
6688,6688,2024-03-09,4354.56,UPI,Paid
6689,6689,2026-05-18,431.44,UPI,Paid
6690,6690,2025-10-25,2328.98,Card,Paid
6691,6691,2026-06-06,234.33,Wallet,Paid
6692,6692,2025-10-08,1467.78,Wallet,Paid
6693,6693,2024-03-22,4005.22,Wallet,Pending
6694,6694,2024-12-23,4136.78,Wallet,Pending
6695,6695,2024-04-05,5324.07,Card,Paid
6696,6696,2025-04-05,3789.06,Wallet,Paid
6697,6697,2026-07-08,9094.2,Bank,Paid
6698,6698,2025-07-18,1445.25,UPI,Paid
6699,6699,2026-08-13,2975.81,Wallet,Paid
6700,6700,2025-04-24,799.75,Card,Paid
6701,6701,2026-04-10,7195.54,Bank,Paid
6702,6702,2026-08-05,3710.96,UPI,Paid
6703,6703,2025-05-21,8291.27,Card,Paid
6704,6704,2026-06-01,497.28,Card,Paid
6705,6705,2026-03-09,2741.29,Wallet,Paid
6706,6706,2025-03-16,1384.08,Bank,Paid
6707,6707,2026-06-25,4412.72,Card,Paid
6708,6708,2026-06-25,4493.23,UPI,Paid
6709,6709,2026-05-05,1476.19,Wallet,Paid
6710,6710,2024-11-10,3882.2,Wallet,Failed
6711,6711,2024-06-23,2102.67,Bank,Paid
6712,6712,2025-06-16,775.06,Wallet,Paid
6713,6713,2024-02-15,834.44,Wallet,Paid
6714,6714,2024-09-07,38.45,Bank,Paid
6715,6715,2026-02-19,3317.41,Wallet,Paid
6716,6716,2026-06-21,1002.03,Card,Paid
6717,6717,2024-08-12,508.13,Wallet,Paid
6718,6718,2024-10-05,1775.56,Bank,Paid
6719,6719,2025-07-05,1619.95,Wallet,Paid
6720,6720,2024-02-18,3105.76,Card,Failed
6721,6721,2024-08-09,6304.03,UPI,Paid
6722,6722,2026-03-02,1141.83,Card,Paid
6723,6723,2026-01-22,986.63,Card,Paid
6724,6724,2025-07-19,2113.45,Card,Paid
6725,6725,2024-09-20,2760.97,Card,Paid
6726,6726,2024-05-07,5356.17,Card,Paid
6727,6727,2025-02-09,3545.1,Bank,Paid
6728,6728,2025-10-22,1347.02,Bank,Paid
6729,6729,2024-06-27,4744.81,Wallet,Paid
6730,6730,2024-12-07,2507.56,Card,Pending
6731,6731,2025-11-14,3215.68,Bank,Paid
6732,6732,2026-07-20,3592.07,Wallet,Paid
6733,6733,2024-03-23,718.55,Bank,Paid
6734,6734,2025-09-05,1755.84,Card,Pending
6735,6735,2025-02-03,3318.95,Card,Paid
6736,6736,2025-06-15,5788.42,Card,Paid
6737,6737,2026-03-11,4876.49,Wallet,Paid
6738,6738,2025-01-03,704.95,Bank,Paid
6739,6739,2025-03-21,1092.26,Wallet,Paid
6740,6740,2026-05-15,5368.46,Wallet,Paid
6741,6741,2026-05-13,1714.65,Bank,Pending
6742,6742,2026-03-11,1694.63,Bank,Pending
6743,6743,2024-08-03,1187.45,UPI,Paid
6744,6744,2026-07-24,1644.86,Wallet,Paid
6745,6745,2025-04-24,3984.62,Bank,Paid
6746,6746,2024-06-12,5387.03,Wallet,Paid
6747,6747,2024-10-25,2341.84,Bank,Paid
6748,6748,2026-04-26,8696.8,Wallet,Paid
6749,6749,2026-03-05,1794.21,Bank,Paid
6750,6750,2026-01-05,518.07,Card,Paid
6751,6751,2026-06-03,3435.89,UPI,Paid
6752,6752,2025-06-18,4919.11,Wallet,Paid
6753,6753,2025-03-03,7846.68,Bank,Failed
6754,6754,2024-07-11,5302.57,UPI,Paid
6755,6755,2024-09-20,7270.93,Card,Paid
6756,6756,2025-10-02,2431.78,UPI,Paid
6757,6757,2025-05-14,3816.09,Bank,Paid
6758,6758,2024-01-14,2221.16,Bank,Paid
6759,6759,2026-06-25,4780.12,Wallet,Pending
6760,6760,2026-01-12,916.87,UPI,Paid
6761,6761,2025-08-14,2241.15,Card,Paid
6762,6762,2024-09-22,2659.23,Wallet,Paid
6763,6763,2024-12-29,1789.63,UPI,Paid
6764,6764,2026-02-02,4599.61,Card,Paid
6765,6765,2025-04-13,7927.97,Wallet,Pending
6766,6766,2025-11-02,5327.78,Bank,Pending
6767,6767,2026-03-25,678.88,Card,Paid
6768,6768,2024-07-27,6794.19,UPI,Paid
6769,6769,2026-03-11,600.82,Bank,Paid
6770,6770,2024-01-25,462.12,Bank,Paid
6771,6771,2026-08-14,4015.4,Wallet,Paid
6772,6772,2024-05-16,1795.04,Bank,Paid
6773,6773,2024-07-29,1131.97,Card,Paid
6774,6774,2025-12-04,1444.79,Bank,Paid
6775,6775,2024-03-01,3992.81,Wallet,Pending
6776,6776,2024-02-24,1295.2,UPI,Paid
6777,6777,2025-10-03,8045.56,Card,Paid
6778,6778,2025-06-21,3928.72,Bank,Pending
6779,6779,2025-08-26,8743.63,Card,Paid
6780,6780,2025-04-22,2975.37,Bank,Paid
6781,6781,2025-08-01,8239.89,Bank,Paid
6782,6782,2024-07-22,6461.48,Wallet,Paid
6783,6783,2026-08-09,3530.75,Bank,Paid
6784,6784,2025-06-25,6021.3,Card,Paid
6785,6785,2026-03-07,560.61,Bank,Paid
6786,6786,2024-11-26,3191.98,UPI,Paid
6787,6787,2026-03-05,2650.73,Bank,Paid
6788,6788,2026-04-27,5603.42,Wallet,Paid
6789,6789,2025-12-02,254.28,Wallet,Paid
6790,6790,2025-04-24,5360.97,UPI,Paid
6791,6791,2024-10-15,3280.54,Wallet,Pending
6792,6792,2025-08-30,3871.77,Card,Paid
6793,6793,2025-09-29,2671.86,UPI,Failed
6794,6794,2024-06-29,5470.79,Wallet,Paid
6795,6795,2025-12-04,1822.73,UPI,Paid
6796,6796,2024-03-12,5649.5,Card,Paid
6797,6797,2025-03-20,465.41,UPI,Paid
6798,6798,2024-05-27,2630.03,Bank,Paid
6799,6799,2026-07-11,3987.71,UPI,Paid
6800,6800,2025-06-13,2982.42,Wallet,Paid
6801,6801,2026-06-29,2900.22,Card,Paid
6802,6802,2025-01-15,5468.68,Card,Paid
6803,6803,2026-06-01,257.2,Card,Paid
6804,6804,2026-03-14,5013.31,Bank,Paid
6805,6805,2026-02-09,2363.9,UPI,Paid
6806,6806,2024-11-28,6607.32,UPI,Paid
6807,6807,2024-03-18,4769.01,Wallet,Paid
6808,6808,2026-04-07,6097.98,UPI,Paid
6809,6809,2026-08-19,1167.58,Card,Pending
6810,6810,2024-02-13,6595.76,Wallet,Paid
6811,6811,2024-01-17,3400.24,Card,Paid
6812,6812,2026-02-04,10231.79,Card,Paid
6813,6813,2025-03-03,1573.12,UPI,Paid
6814,6814,2026-02-02,2655.86,Wallet,Paid
6815,6815,2024-05-03,3917.58,UPI,Paid
6816,6816,2024-07-29,3257.81,UPI,Paid
6817,6817,2025-04-28,4440.85,Card,Paid
6818,6818,2026-08-04,774.34,Bank,Failed
6819,6819,2024-07-14,3622.95,Card,Paid
6820,6820,2026-03-09,330.35,Wallet,Paid
6821,6821,2026-07-06,2379.95,Wallet,Paid
6822,6822,2025-08-08,4807.58,Card,Paid
6823,6823,2024-11-25,2270.49,UPI,Paid
6824,6824,2025-08-12,249.17,Wallet,Paid
6825,6825,2026-02-24,5537.23,UPI,Paid
6826,6826,2026-03-19,5224.61,Wallet,Paid
6827,6827,2025-01-06,2799.3,UPI,Paid
6828,6828,2025-12-22,8116.49,Wallet,Paid
6829,6829,2024-01-14,2285.83,Bank,Paid
6830,6830,2025-04-30,1643.55,Wallet,Pending
6831,6831,2025-02-01,2573.06,Card,Paid
6832,6832,2025-04-05,432.87,Card,Paid
6833,6833,2024-11-07,5556.09,Wallet,Paid
6834,6834,2024-02-04,4569.6,Card,Paid
6835,6835,2025-11-27,4886.99,Wallet,Paid
6836,6836,2025-05-07,8916.31,Card,Paid
6837,6837,2026-05-27,269.34,Wallet,Paid
6838,6838,2024-08-19,5130.66,Wallet,Paid
6839,6839,2024-04-08,2642.49,Bank,Paid
6840,6840,2026-04-27,55.65,UPI,Paid
6841,6841,2025-06-12,1774.43,Card,Paid
6842,6842,2025-01-27,2259.5,UPI,Paid
6843,6843,2024-03-08,5383.12,Card,Paid
6844,6844,2025-01-30,3322.51,UPI,Paid
6845,6845,2025-10-20,4507.75,Wallet,Paid
6846,6846,2024-12-02,4966.02,Bank,Paid
6847,6847,2025-06-18,3432.52,UPI,Paid
6848,6848,2025-06-06,2952.74,Card,Paid
6849,6849,2025-12-30,1617.99,UPI,Paid
6850,6850,2026-01-25,760.34,Bank,Pending
6851,6851,2024-03-01,1382.81,Card,Paid
6852,6852,2024-02-01,2823.03,Wallet,Paid
6853,6853,2024-12-30,3700.41,Wallet,Paid
6854,6854,2024-10-03,182.95,Card,Paid
6855,6855,2024-02-22,2470.66,Card,Paid
6856,6856,2025-06-11,6576.03,Card,Paid
6857,6857,2026-05-16,3735.95,Wallet,Paid
6858,6858,2025-06-28,2019.4,Card,Paid
6859,6859,2025-07-13,4124.18,Bank,Failed
6860,6860,2026-04-07,2116.16,Bank,Paid
6861,6861,2024-02-08,482.44,Wallet,Paid
6862,6862,2026-01-01,2955.96,Bank,Paid
6863,6863,2026-05-26,7378.8,Wallet,Failed
6864,6864,2024-04-02,3574.94,Card,Paid
6865,6865,2024-06-20,1693.6,Wallet,Paid
6866,6866,2024-07-29,1601.67,UPI,Paid
6867,6867,2026-08-09,2916.87,UPI,Paid
6868,6868,2024-03-07,6338.93,UPI,Paid
6869,6869,2024-06-12,2481.09,UPI,Paid
6870,6870,2024-07-25,1205.26,UPI,Paid
6871,6871,2026-03-10,1045.41,Bank,Paid
6872,6872,2024-06-20,2287.99,Bank,Paid
6873,6873,2025-04-08,8245.43,Bank,Paid
6874,6874,2025-03-09,395.1,Card,Failed
6875,6875,2024-03-09,3219.86,Wallet,Paid
6876,6876,2025-11-13,440.29,Card,Paid
6877,6877,2025-09-14,833.96,Card,Paid
6878,6878,2025-02-23,398.69,UPI,Paid
6879,6879,2024-09-08,834.49,Bank,Paid
6880,6880,2026-04-23,798.17,Wallet,Paid
6881,6881,2026-07-15,366.16,Wallet,Pending
6882,6882,2026-03-20,4306.91,Bank,Paid
6883,6883,2024-03-25,3687.3,Card,Paid
6884,6884,2025-10-11,5451.03,UPI,Paid
6885,6885,2025-12-18,2584.99,Bank,Paid
6886,6886,2026-06-09,5617.77,UPI,Paid
6887,6887,2024-11-14,3486.64,Wallet,Paid
6888,6888,2024-01-24,2396.47,UPI,Paid
6889,6889,2024-06-23,5657.48,Card,Paid
6890,6890,2025-08-25,6796.19,Card,Paid
6891,6891,2026-01-26,3996.53,Card,Paid
6892,6892,2025-06-02,2777.8,Wallet,Paid
6893,6893,2025-01-02,4316.76,Card,Paid
6894,6894,2026-02-12,3444.11,Bank,Paid
6895,6895,2024-08-29,2555.49,UPI,Paid
6896,6896,2024-04-15,8221.22,Wallet,Paid
6897,6897,2024-05-04,5480.9,Bank,Paid
6898,6898,2026-04-12,1485.53,Bank,Paid
6899,6899,2024-05-07,1976.51,Bank,Pending
6900,6900,2024-07-09,2230.39,UPI,Paid
6901,6901,2026-03-15,1307.38,Card,Paid
6902,6902,2024-07-11,4447.59,Card,Paid
6903,6903,2024-06-13,3482.99,Wallet,Paid
6904,6904,2024-10-18,4749.96,UPI,Paid
6905,6905,2024-05-31,3162.32,UPI,Paid
6906,6906,2026-05-06,344.69,Card,Paid
6907,6907,2024-12-26,1015.0,UPI,Paid
6908,6908,2025-02-18,3819.15,Wallet,Paid
6909,6909,2024-04-23,5743.87,Wallet,Paid
6910,6910,2026-07-30,4066.69,Card,Failed
6911,6911,2024-12-20,1417.01,Bank,Paid
6912,6912,2025-09-24,3894.35,UPI,Paid
6913,6913,2025-07-09,1259.51,Bank,Paid
6914,6914,2025-11-06,242.1,Wallet,Paid
6915,6915,2026-02-21,1524.35,Bank,Paid
6916,6916,2026-02-20,2167.49,UPI,Failed
6917,6917,2026-08-13,5361.44,Bank,Paid
6918,6918,2025-03-18,4035.78,Card,Paid
6919,6919,2025-05-04,2927.82,UPI,Paid
6920,6920,2024-02-03,702.35,Card,Paid
6921,6921,2025-02-11,5410.95,UPI,Paid
6922,6922,2025-06-23,5774.79,UPI,Paid
6923,6923,2026-07-23,1974.8,UPI,Paid
6924,6924,2024-07-27,5552.66,Bank,Paid
6925,6925,2026-03-15,2844.54,Bank,Failed
6926,6926,2025-10-18,2160.1,Bank,Paid
6927,6927,2026-01-21,3426.74,Card,Paid
6928,6928,2026-04-27,4857.91,Card,Paid
6929,6929,2026-05-01,5120.05,Wallet,Failed
6930,6930,2026-05-19,3898.49,Bank,Paid
6931,6931,2025-04-30,3815.73,Bank,Paid
6932,6932,2025-05-24,2913.69,Card,Paid
6933,6933,2026-08-04,1911.71,Bank,Paid
6934,6934,2026-03-19,1988.78,UPI,Paid
6935,6935,2024-03-10,3759.73,UPI,Paid
6936,6936,2026-07-11,2051.76,Wallet,Paid
6937,6937,2026-08-17,172.35,UPI,Paid
6938,6938,2024-01-27,3259.88,Card,Paid
6939,6939,2025-06-05,1486.04,Bank,Paid
6940,6940,2026-04-03,5084.36,UPI,Paid
6941,6941,2024-07-09,5467.13,Card,Paid
6942,6942,2026-07-17,3962.52,Bank,Paid
6943,6943,2026-04-14,2312.01,UPI,Paid
6944,6944,2025-09-18,3122.76,UPI,Paid
6945,6945,2025-03-18,2292.25,UPI,Paid
6946,6946,2024-05-09,4288.54,Card,Paid
6947,6947,2026-08-14,2926.59,Card,Paid
6948,6948,2025-07-27,3627.93,Bank,Paid
6949,6949,2026-01-07,779.1,Bank,Paid
6950,6950,2024-08-05,5593.5,UPI,Paid
6951,6951,2024-01-15,300.41,Bank,Paid
6952,6952,2026-07-29,1485.59,Card,Paid
6953,6953,2024-05-19,4303.0,Wallet,Paid
6954,6954,2024-02-20,2166.32,Card,Paid
6955,6955,2026-02-07,831.55,UPI,Paid
6956,6956,2025-03-08,1142.45,Card,Pending
6957,6957,2024-05-23,3778.81,UPI,Paid
6958,6958,2026-01-04,2324.75,Wallet,Paid
6959,6959,2025-09-09,3004.34,Bank,Paid
6960,6960,2025-05-10,863.24,Wallet,Paid
6961,6961,2025-07-27,636.96,UPI,Paid
6962,6962,2024-09-27,429.56,Card,Paid
6963,6963,2024-03-18,1756.12,Bank,Paid
6964,6964,2024-10-17,1992.49,Bank,Paid
6965,6965,2024-03-05,2489.33,Card,Paid
6966,6966,2025-06-27,2783.19,Bank,Paid
6967,6967,2024-01-24,5417.06,UPI,Pending
6968,6968,2025-05-04,1392.52,UPI,Paid
6969,6969,2024-09-09,2243.21,Wallet,Paid
6970,6970,2024-02-14,4047.28,Card,Paid
6971,6971,2024-06-19,4971.54,UPI,Paid
6972,6972,2026-06-05,564.98,Wallet,Paid
6973,6973,2024-03-13,5884.3,Card,Paid
6974,6974,2026-01-23,1428.45,Card,Paid
6975,6975,2024-12-11,4197.68,Wallet,Paid
6976,6976,2026-05-14,1452.35,UPI,Paid
6977,6977,2024-02-26,4357.61,Card,Paid
6978,6978,2026-02-12,6351.75,Bank,Paid
6979,6979,2024-10-06,7764.66,Bank,Paid
6980,6980,2025-01-26,1264.36,Bank,Paid
6981,6981,2024-05-03,3323.33,Card,Paid
6982,6982,2025-08-21,1756.34,UPI,Paid
6983,6983,2025-02-15,275.21,Wallet,Failed
6984,6984,2026-08-15,6679.13,UPI,Failed
6985,6985,2025-03-30,5188.38,Card,Paid
6986,6986,2026-05-03,3919.4,Bank,Paid
6987,6987,2026-03-28,4957.83,UPI,Paid
6988,6988,2024-04-21,1932.85,UPI,Paid
6989,6989,2026-05-15,1163.7,Bank,Paid
6990,6990,2024-12-21,359.79,UPI,Paid
6991,6991,2026-02-06,1024.01,Wallet,Paid
6992,6992,2025-03-29,2082.16,Wallet,Paid
6993,6993,2026-01-03,399.59,UPI,Paid
6994,6994,2026-06-09,1608.75,UPI,Paid
6995,6995,2026-04-28,4252.31,Card,Paid
6996,6996,2026-03-26,5635.6,UPI,Paid
6997,6997,2024-02-21,2315.61,UPI,Paid
6998,6998,2026-03-12,1199.64,UPI,Paid
6999,6999,2024-10-29,6223.39,Card,Paid
7000,7000,2026-05-13,5600.01,UPI,Paid
7001,7001,2024-05-18,4034.41,Bank,Paid
7002,7002,2026-05-27,2679.17,UPI,Failed
7003,7003,2024-03-05,4200.54,Bank,Paid
7004,7004,2026-07-28,8309.61,Bank,Paid
7005,7005,2025-04-04,3911.8,Bank,Paid
7006,7006,2024-01-28,3695.67,Card,Paid
7007,7007,2026-01-18,5448.94,Wallet,Paid
7008,7008,2026-05-18,5942.53,Wallet,Paid
7009,7009,2025-07-26,1570.73,Wallet,Paid
7010,7010,2025-01-30,5523.13,UPI,Paid
7011,7011,2026-08-17,3349.25,Bank,Paid
7012,7012,2026-04-17,4145.67,Card,Pending
7013,7013,2025-05-27,5425.8,Card,Paid
7014,7014,2024-04-25,2089.3,Bank,Paid
7015,7015,2026-03-19,488.12,UPI,Pending
7016,7016,2025-04-26,4978.62,Bank,Paid
7017,7017,2024-01-29,4549.2,Bank,Paid
7018,7018,2025-11-12,990.04,Wallet,Paid
7019,7019,2025-01-10,4170.32,Bank,Paid
7020,7020,2026-08-06,2445.59,UPI,Paid
7021,7021,2024-09-23,3431.01,Card,Paid
7022,7022,2026-08-09,10445.93,Bank,Paid
7023,7023,2024-05-31,214.21,Card,Paid
7024,7024,2024-04-03,3395.2,Wallet,Paid
7025,7025,2025-12-16,277.99,UPI,Paid
7026,7026,2024-08-03,4400.88,UPI,Paid
7027,7027,2024-12-19,5690.5,Card,Paid
7028,7028,2025-06-24,686.62,Bank,Paid
7029,7029,2026-08-02,1345.74,Bank,Paid
7030,7030,2026-07-29,280.99,Card,Paid
7031,7031,2025-03-31,673.5,Bank,Paid
7032,7032,2024-01-06,3927.89,Wallet,Paid
7033,7033,2025-06-21,2580.81,Card,Paid
7034,7034,2024-03-17,530.14,UPI,Paid
7035,7035,2024-10-15,1358.99,Bank,Paid
7036,7036,2025-02-06,4937.66,Card,Paid
7037,7037,2026-04-15,4289.62,UPI,Paid
7038,7038,2025-12-14,2154.89,Bank,Paid
7039,7039,2024-11-28,7457.89,Card,Paid
7040,7040,2024-04-17,1271.7,Wallet,Paid
7041,7041,2024-12-12,126.27,Bank,Paid
7042,7042,2024-02-01,6269.64,UPI,Paid
7043,7043,2025-04-22,2879.59,Card,Paid
7044,7044,2025-03-13,3305.58,Card,Paid
7045,7045,2025-02-22,5768.55,UPI,Paid
7046,7046,2025-08-02,4257.46,Wallet,Paid
7047,7047,2024-06-30,802.13,Bank,Paid
7048,7048,2024-05-16,387.36,UPI,Paid
7049,7049,2026-07-03,3835.93,Card,Paid
7050,7050,2024-05-07,3588.16,Bank,Paid
7051,7051,2024-05-25,4049.96,Bank,Paid
7052,7052,2024-01-29,351.88,UPI,Failed
7053,7053,2025-01-06,2626.41,Card,Pending
7054,7054,2026-02-20,586.68,Wallet,Paid
7055,7055,2025-08-28,6380.06,Bank,Paid
7056,7056,2024-01-28,5643.24,Wallet,Paid
7057,7057,2025-10-10,233.13,Bank,Paid
7058,7058,2026-03-01,4592.5,Card,Paid
7059,7059,2024-03-29,858.98,Card,Paid
7060,7060,2024-07-25,3177.83,Bank,Paid
7061,7061,2024-09-27,2937.04,Bank,Paid
7062,7062,2024-06-18,3022.62,Wallet,Paid
7063,7063,2026-07-12,3870.82,Bank,Paid
7064,7064,2025-02-13,692.32,Bank,Paid
7065,7065,2024-01-24,5372.66,UPI,Paid
7066,7066,2024-08-04,6283.69,Card,Failed
7067,7067,2025-01-10,3702.97,Wallet,Paid
7068,7068,2025-12-12,780.73,UPI,Paid
7069,7069,2024-12-06,2768.84,Bank,Paid
7070,7070,2025-10-18,1784.66,Card,Paid
7071,7071,2026-04-25,165.09,UPI,Paid
7072,7072,2026-05-05,768.08,Wallet,Paid
7073,7073,2026-03-21,543.17,Wallet,Paid
7074,7074,2025-11-09,3801.62,Card,Failed
7075,7075,2024-06-12,2490.8,Wallet,Paid
7076,7076,2026-05-16,1561.34,UPI,Paid
7077,7077,2025-02-24,7360.64,Bank,Paid
7078,7078,2026-07-20,8231.72,Card,Paid
7079,7079,2024-05-23,168.53,Wallet,Paid
7080,7080,2024-05-13,3829.18,Card,Failed
7081,7081,2024-12-21,390.36,Card,Failed
7082,7082,2025-01-28,2133.65,Bank,Paid
7083,7083,2025-11-30,3805.76,Wallet,Paid
7084,7084,2025-03-11,3720.29,Bank,Paid
7085,7085,2026-05-12,5494.64,Wallet,Paid
7086,7086,2026-08-08,3267.15,UPI,Paid
7087,7087,2025-09-19,2933.34,Card,Paid
7088,7088,2025-04-26,2683.13,UPI,Pending
7089,7089,2026-02-08,4110.79,UPI,Paid
7090,7090,2024-05-04,7895.97,UPI,Paid
7091,7091,2025-02-18,1501.63,UPI,Paid
7092,7092,2026-07-27,7906.88,UPI,Paid
7093,7093,2025-08-15,4459.31,UPI,Paid
7094,7094,2025-07-27,1977.0,UPI,Paid
7095,7095,2026-04-09,4028.79,Wallet,Paid
7096,7096,2024-03-14,610.63,Card,Paid
7097,7097,2026-08-21,2871.36,Bank,Failed
7098,7098,2025-05-02,84.79,Wallet,Paid
7099,7099,2024-12-28,3365.22,Wallet,Paid
7100,7100,2026-01-18,1568.6,Bank,Paid
7101,7101,2024-05-11,567.11,UPI,Paid
7102,7102,2025-05-30,2550.62,Bank,Paid
7103,7103,2026-08-26,4088.29,Wallet,Paid
7104,7104,2024-01-18,869.24,Wallet,Paid
7105,7105,2025-12-24,3880.14,Card,Paid
7106,7106,2025-08-30,1808.59,Card,Paid
7107,7107,2025-04-01,891.82,UPI,Paid
7108,7108,2026-06-03,5655.25,Bank,Paid
7109,7109,2024-10-10,3568.83,UPI,Paid
7110,7110,2024-05-11,638.04,Wallet,Pending
7111,7111,2024-03-16,263.42,Card,Paid
7112,7112,2024-07-19,6151.98,Wallet,Paid
7113,7113,2025-08-04,2582.83,Bank,Paid
7114,7114,2026-08-24,289.7,Card,Pending
7115,7115,2024-03-30,271.94,Bank,Paid
7116,7116,2024-10-08,4443.22,Wallet,Paid
7117,7117,2024-02-24,2379.29,UPI,Paid
7118,7118,2024-11-21,3453.44,Bank,Paid
7119,7119,2025-03-17,4869.49,UPI,Paid
7120,7120,2024-06-02,2634.39,Card,Paid
7121,7121,2025-10-15,1877.61,Card,Paid
7122,7122,2026-04-22,361.07,Wallet,Paid
7123,7123,2024-04-19,3746.47,Bank,Paid
7124,7124,2025-07-16,2808.47,Card,Paid
7125,7125,2024-10-10,169.33,UPI,Paid
7126,7126,2025-05-30,642.55,Bank,Paid
7127,7127,2025-11-22,330.22,Wallet,Paid
7128,7128,2026-02-18,590.93,Card,Pending
7129,7129,2024-12-23,4130.0,Bank,Paid
7130,7130,2025-05-29,890.98,Card,Paid
7131,7131,2025-05-18,6126.28,Card,Paid
7132,7132,2025-09-26,1938.38,Wallet,Paid
7133,7133,2025-02-08,1735.57,Bank,Failed
7134,7134,2025-11-19,2814.98,Card,Paid
7135,7135,2026-03-13,7380.57,Wallet,Paid
7136,7136,2025-10-29,859.93,Wallet,Paid
7137,7137,2026-08-20,405.81,Bank,Paid
7138,7138,2026-04-06,1508.45,Bank,Paid
7139,7139,2024-03-11,3035.46,Wallet,Paid
7140,7140,2025-04-08,3688.86,Bank,Paid
7141,7141,2024-12-20,3629.4,Bank,Paid
7142,7142,2024-06-16,6804.72,Bank,Paid
7143,7143,2024-07-08,1998.08,Wallet,Pending
7144,7144,2024-09-16,268.2,Card,Paid
7145,7145,2026-01-02,2399.79,Bank,Paid
7146,7146,2024-08-26,1398.46,Card,Paid
7147,7147,2024-12-08,5064.28,Wallet,Paid
7148,7148,2025-03-06,5453.98,Wallet,Paid
7149,7149,2024-10-09,3972.24,UPI,Paid
7150,7150,2025-08-03,5421.02,Bank,Paid
7151,7151,2025-12-20,787.25,UPI,Failed
7152,7152,2025-12-20,2160.18,UPI,Paid
7153,7153,2025-03-30,1711.89,Wallet,Paid
7154,7154,2024-03-22,3494.04,Wallet,Paid
7155,7155,2026-06-08,8716.36,Bank,Paid
7156,7156,2026-08-21,1906.45,Bank,Paid
7157,7157,2026-03-25,7736.15,Wallet,Paid
7158,7158,2025-07-14,1745.27,Wallet,Paid
7159,7159,2026-07-22,5437.48,UPI,Paid
7160,7160,2024-10-25,7571.41,Bank,Paid
7161,7161,2025-04-06,1627.9,Bank,Paid
7162,7162,2025-02-06,2398.54,Wallet,Paid
7163,7163,2024-09-09,2403.94,Card,Paid
7164,7164,2025-05-03,3623.39,Card,Paid
7165,7165,2025-08-25,609.51,Bank,Failed
7166,7166,2026-07-20,737.13,Wallet,Paid
7167,7167,2025-08-22,457.67,Bank,Paid
7168,7168,2026-01-18,652.17,Bank,Paid
7169,7169,2026-07-27,2882.56,Card,Paid
7170,7170,2025-04-24,6876.71,Bank,Paid
7171,7171,2026-07-09,721.85,Wallet,Paid
7172,7172,2024-12-13,428.23,Bank,Paid
7173,7173,2025-07-05,2768.72,Bank,Paid
7174,7174,2024-05-16,461.54,UPI,Paid
7175,7175,2025-10-11,8082.2,Bank,Paid
7176,7176,2026-03-19,5156.61,Card,Failed
7177,7177,2025-06-06,68.86,Wallet,Paid
7178,7178,2024-04-20,2396.52,Wallet,Paid
7179,7179,2024-03-16,2187.33,UPI,Failed
7180,7180,2024-02-17,4064.26,Card,Paid
7181,7181,2024-05-13,1711.28,UPI,Paid
7182,7182,2025-08-11,1417.54,Wallet,Paid
7183,7183,2024-05-14,1906.91,UPI,Pending
7184,7184,2026-08-09,2536.5,Wallet,Paid
7185,7185,2026-03-20,2981.99,Bank,Paid
7186,7186,2026-07-11,3086.32,Card,Paid
7187,7187,2025-06-17,1363.16,Bank,Paid
7188,7188,2026-07-17,1204.86,UPI,Paid
7189,7189,2024-10-09,4496.82,Bank,Paid
7190,7190,2026-01-25,2908.33,Bank,Paid
7191,7191,2024-10-26,625.53,Card,Paid
7192,7192,2026-05-24,441.76,Wallet,Paid
7193,7193,2025-04-11,6638.04,Wallet,Paid
7194,7194,2026-01-21,434.79,Card,Paid
7195,7195,2025-06-21,898.0,Bank,Paid
7196,7196,2025-12-01,3123.38,UPI,Paid
7197,7197,2025-01-30,3900.77,UPI,Paid
7198,7198,2026-02-23,3954.79,Bank,Paid
7199,7199,2026-04-24,5773.78,Card,Paid
7200,7200,2024-02-25,263.36,UPI,Paid
7201,7201,2025-04-25,1670.98,Bank,Paid
7202,7202,2026-07-28,4064.57,Card,Paid
7203,7203,2026-03-21,5270.9,Card,Paid
7204,7204,2026-02-21,4761.2,UPI,Paid
7205,7205,2024-11-02,5568.89,Card,Paid
7206,7206,2025-12-18,460.25,Card,Paid
7207,7207,2025-07-05,5206.92,Wallet,Pending
7208,7208,2025-03-09,3391.78,Wallet,Paid
7209,7209,2025-09-18,1024.12,Bank,Paid
7210,7210,2025-01-15,2573.27,Card,Paid
7211,7211,2026-06-12,1124.85,UPI,Failed
7212,7212,2025-02-05,9916.86,Bank,Paid
7213,7213,2024-11-30,586.6,Wallet,Paid
7214,7214,2025-01-28,3841.89,UPI,Paid
7215,7215,2025-08-24,2102.88,Card,Paid
7216,7216,2024-04-13,1145.88,UPI,Paid
7217,7217,2024-01-03,2029.81,Card,Paid
7218,7218,2024-08-19,5611.15,UPI,Paid
7219,7219,2024-08-12,283.61,Card,Paid
7220,7220,2024-03-26,5921.26,Card,Paid
7221,7221,2025-03-12,2830.54,Wallet,Paid
7222,7222,2024-01-10,5638.28,Card,Paid
7223,7223,2026-06-01,7237.8,Bank,Paid
7224,7224,2024-02-26,158.39,Wallet,Paid
7225,7225,2024-11-07,1678.68,Bank,Paid
7226,7226,2025-09-24,5395.74,Wallet,Paid
7227,7227,2025-11-15,3955.26,Wallet,Paid
7228,7228,2024-07-30,3324.2,Card,Paid
7229,7229,2026-07-20,782.59,Bank,Paid
7230,7230,2026-07-19,3485.86,Bank,Paid
7231,7231,2025-12-22,6471.3,Card,Paid
7232,7232,2025-06-09,453.94,UPI,Paid
7233,7233,2025-03-19,6146.13,Bank,Paid
7234,7234,2025-08-11,2617.83,Wallet,Paid
7235,7235,2026-07-22,3447.55,Bank,Paid
7236,7236,2025-11-17,4698.51,Card,Paid
7237,7237,2025-08-08,4922.07,Bank,Paid
7238,7238,2026-02-10,3816.8,Bank,Failed
7239,7239,2026-05-15,4887.27,UPI,Pending
7240,7240,2024-10-25,1986.85,Card,Paid
7241,7241,2024-03-17,5279.8,Bank,Failed
7242,7242,2026-02-07,706.87,Bank,Pending
7243,7243,2026-07-01,2576.08,Bank,Pending
7244,7244,2026-02-28,704.28,Wallet,Paid
7245,7245,2026-02-06,2007.37,Bank,Paid
7246,7246,2024-07-06,2487.26,Wallet,Paid
7247,7247,2025-08-03,4636.84,UPI,Paid
7248,7248,2025-05-13,4308.64,UPI,Paid
7249,7249,2024-01-21,1820.87,Bank,Paid
7250,7250,2024-12-21,2746.32,UPI,Paid
7251,7251,2025-04-19,1035.9,UPI,Paid
7252,7252,2024-02-12,826.23,Wallet,Paid
7253,7253,2024-12-13,4487.11,Card,Paid
7254,7254,2026-04-23,5623.69,UPI,Paid
7255,7255,2026-04-13,5353.52,Wallet,Paid
7256,7256,2024-12-25,1595.98,Bank,Paid
7257,7257,2025-07-18,2327.03,Bank,Paid
7258,7258,2026-08-25,3275.03,Card,Paid
7259,7259,2025-12-24,1221.23,Card,Paid
7260,7260,2024-02-26,6293.97,Card,Paid
7261,7261,2024-01-11,885.89,Card,Paid
7262,7262,2024-12-01,2775.7,Wallet,Paid
7263,7263,2024-01-05,3635.55,UPI,Paid
7264,7264,2024-02-28,4790.8,Card,Paid
7265,7265,2025-08-05,6925.53,UPI,Paid
7266,7266,2025-07-29,3752.81,Bank,Paid
7267,7267,2026-07-17,7196.78,UPI,Paid
7268,7268,2025-06-01,5776.89,Card,Paid
7269,7269,2026-07-05,566.38,Bank,Paid
7270,7270,2024-03-30,3579.8,Card,Paid
7271,7271,2025-01-28,1467.57,Card,Paid
7272,7272,2024-05-13,785.69,Bank,Paid
7273,7273,2025-09-06,2891.9,UPI,Pending
7274,7274,2025-02-23,3182.84,UPI,Paid
7275,7275,2025-07-04,3595.95,UPI,Paid
7276,7276,2025-11-06,6202.42,Card,Paid
7277,7277,2025-08-06,1025.81,Wallet,Paid
7278,7278,2025-06-01,3381.5,Bank,Paid
7279,7279,2025-09-28,555.28,Wallet,Paid
7280,7280,2025-08-11,2469.61,Card,Paid
7281,7281,2025-04-05,5194.47,Card,Paid
7282,7282,2025-10-15,5092.23,UPI,Paid
7283,7283,2025-04-13,3404.45,UPI,Paid
7284,7284,2024-09-04,1466.33,Card,Paid
7285,7285,2025-03-24,1244.53,Card,Paid
7286,7286,2024-12-12,3838.28,Wallet,Paid
7287,7287,2026-05-05,57.66,UPI,Paid
7288,7288,2024-07-08,3695.38,Card,Paid
7289,7289,2025-12-29,3437.0,Card,Paid
7290,7290,2025-01-25,1053.12,Card,Paid
7291,7291,2025-03-30,287.6,UPI,Paid
7292,7292,2024-07-25,1443.36,Card,Paid
7293,7293,2025-10-24,5858.51,Wallet,Failed
7294,7294,2025-06-29,1214.85,Wallet,Paid
7295,7295,2026-05-14,3414.23,Wallet,Paid
7296,7296,2025-01-02,3616.27,Wallet,Paid
7297,7297,2025-01-27,1468.39,Bank,Paid
7298,7298,2025-03-05,129.27,Card,Paid
7299,7299,2025-06-25,4532.79,UPI,Paid
7300,7300,2024-11-10,5172.1,Bank,Paid
7301,7301,2025-04-26,1390.98,Wallet,Paid
7302,7302,2026-06-17,3194.4,Wallet,Paid
7303,7303,2024-06-11,2372.46,Wallet,Paid
7304,7304,2025-10-07,872.58,Bank,Paid
7305,7305,2025-03-28,9760.51,UPI,Paid
7306,7306,2024-10-05,5280.01,Bank,Paid
7307,7307,2024-04-18,5391.06,Card,Paid
7308,7308,2024-02-14,6327.14,Card,Paid
7309,7309,2026-07-01,2697.41,Bank,Pending
7310,7310,2024-05-25,2411.87,Wallet,Paid
7311,7311,2025-06-12,1126.34,Wallet,Pending
7312,7312,2026-02-05,2215.79,Card,Paid
7313,7313,2026-01-12,2850.93,Wallet,Paid
7314,7314,2024-09-07,960.96,Card,Paid
7315,7315,2025-06-08,1432.11,Wallet,Pending
7316,7316,2024-09-22,2487.36,UPI,Paid
7317,7317,2024-12-17,4748.23,Card,Failed
7318,7318,2026-03-04,4099.69,Bank,Paid
7319,7319,2026-04-30,2861.96,Bank,Paid
7320,7320,2025-06-30,6522.44,Card,Paid
7321,7321,2024-05-21,5624.12,Bank,Paid
7322,7322,2024-11-02,8069.54,Card,Paid
7323,7323,2025-02-13,1162.32,Card,Paid
7324,7324,2024-08-28,3662.63,Wallet,Paid
7325,7325,2024-08-11,1961.77,UPI,Paid
7326,7326,2024-01-31,4854.96,UPI,Pending
7327,7327,2025-05-14,6530.03,UPI,Paid
7328,7328,2024-02-23,4564.21,Card,Paid
7329,7329,2024-02-12,1911.93,UPI,Paid
7330,7330,2026-01-05,5256.12,Wallet,Paid
7331,7331,2025-05-06,3743.32,Wallet,Paid
7332,7332,2026-03-18,2691.74,Wallet,Paid
7333,7333,2026-08-28,1165.54,Wallet,Paid
7334,7334,2024-10-31,428.83,UPI,Paid
7335,7335,2025-04-04,419.86,UPI,Paid
7336,7336,2025-11-03,980.62,Wallet,Pending
7337,7337,2024-12-15,1964.01,Bank,Paid
7338,7338,2024-10-27,1395.93,Card,Paid
7339,7339,2025-01-30,3410.58,UPI,Paid
7340,7340,2025-02-08,723.28,Card,Paid
7341,7341,2024-10-25,442.35,Wallet,Paid
7342,7342,2025-10-25,72.96,Card,Paid
7343,7343,2024-04-03,5599.35,Wallet,Paid
7344,7344,2026-03-18,522.86,Bank,Paid
7345,7345,2025-01-25,1336.25,Bank,Paid
7346,7346,2024-05-06,7013.2,Bank,Failed
7347,7347,2024-12-25,6802.35,UPI,Paid
7348,7348,2025-05-01,425.37,Bank,Paid
7349,7349,2026-02-26,5608.02,Card,Paid
7350,7350,2025-11-09,2248.06,UPI,Paid
7351,7351,2025-12-31,1814.77,Wallet,Paid
7352,7352,2024-03-19,3013.91,UPI,Paid
7353,7353,2025-07-18,2716.78,UPI,Paid
7354,7354,2024-01-03,3209.46,Bank,Pending
7355,7355,2024-01-31,1751.71,Card,Paid
7356,7356,2026-04-12,10757.36,Bank,Paid
7357,7357,2025-09-19,550.45,Wallet,Paid
7358,7358,2025-04-21,3173.74,Bank,Paid
7359,7359,2024-06-23,3029.42,Card,Paid
7360,7360,2024-12-05,5405.19,UPI,Paid
7361,7361,2025-04-24,7924.87,Wallet,Paid
7362,7362,2025-10-21,2108.01,Card,Paid
7363,7363,2026-05-12,548.77,Bank,Paid
7364,7364,2024-05-01,1943.64,Card,Paid
7365,7365,2024-12-11,6352.03,Wallet,Paid
7366,7366,2024-10-12,1495.12,Card,Paid
7367,7367,2025-07-25,211.8,Card,Paid
7368,7368,2024-10-19,3394.91,UPI,Paid
7369,7369,2026-08-16,9144.95,Wallet,Paid
7370,7370,2024-08-15,4883.97,Bank,Paid
7371,7371,2026-05-21,224.25,Wallet,Paid
7372,7372,2024-07-19,8386.95,Card,Pending
7373,7373,2024-07-18,1294.41,Wallet,Paid
7374,7374,2025-07-16,3036.54,Wallet,Paid
7375,7375,2025-10-20,3221.18,Bank,Paid
7376,7376,2024-06-05,1993.52,UPI,Failed
7377,7377,2024-05-15,6853.5,UPI,Paid
7378,7378,2025-04-12,1392.6,Card,Paid
7379,7379,2026-05-01,587.76,Bank,Paid
7380,7380,2024-07-29,3055.46,Wallet,Paid
7381,7381,2025-02-18,5335.25,Bank,Paid
7382,7382,2024-02-28,1457.13,Wallet,Paid
7383,7383,2024-12-11,74.14,UPI,Paid
7384,7384,2025-06-18,441.71,Wallet,Paid
7385,7385,2026-01-09,1854.03,Wallet,Paid
7386,7386,2026-01-04,4046.66,Bank,Paid
7387,7387,2024-07-02,2410.91,Wallet,Failed
7388,7388,2025-09-03,1307.25,Card,Paid
7389,7389,2024-09-07,1809.64,Card,Paid
7390,7390,2026-02-08,4960.09,UPI,Paid
7391,7391,2025-02-25,1739.53,Wallet,Paid
7392,7392,2026-01-01,4508.31,UPI,Paid
7393,7393,2025-05-17,1896.29,UPI,Paid
7394,7394,2024-04-24,7165.71,Bank,Paid
7395,7395,2025-12-03,979.51,Bank,Paid
7396,7396,2024-01-16,5655.88,Wallet,Paid
7397,7397,2026-08-02,4921.36,UPI,Paid
7398,7398,2024-09-12,350.59,UPI,Paid
7399,7399,2024-08-17,935.82,Bank,Paid
7400,7400,2024-02-09,792.37,Wallet,Paid
7401,7401,2025-03-06,3526.54,Wallet,Paid
7402,7402,2025-12-18,6321.5,UPI,Paid
7403,7403,2024-11-07,4188.16,Card,Paid
7404,7404,2026-08-22,9275.58,UPI,Pending
7405,7405,2024-02-09,489.8,Bank,Failed
7406,7406,2025-01-20,2065.91,UPI,Paid
7407,7407,2025-06-29,4374.83,Bank,Paid
7408,7408,2024-04-05,475.14,Wallet,Pending
7409,7409,2024-02-05,5283.08,UPI,Paid
7410,7410,2024-07-05,2480.55,UPI,Pending
7411,7411,2026-02-14,3978.64,Bank,Paid
7412,7412,2024-08-31,7860.05,UPI,Paid
7413,7413,2025-05-09,1464.12,Card,Pending
7414,7414,2025-09-05,2419.78,Card,Paid
7415,7415,2025-08-27,3302.41,UPI,Paid
7416,7416,2025-02-03,2625.21,Bank,Paid
7417,7417,2024-12-07,8019.4,Wallet,Paid
7418,7418,2026-06-23,1833.1,Wallet,Paid
7419,7419,2024-05-11,4885.29,Bank,Paid
7420,7420,2026-07-29,1648.88,Card,Paid
7421,7421,2024-11-06,3547.69,Wallet,Paid
7422,7422,2024-02-18,797.18,Bank,Paid
7423,7423,2025-07-24,4386.21,Card,Paid
7424,7424,2024-12-23,5313.91,Bank,Pending
7425,7425,2026-08-25,3594.33,UPI,Paid
7426,7426,2024-05-12,1002.05,Bank,Paid
7427,7427,2024-08-01,1766.28,Wallet,Paid
7428,7428,2025-09-05,5510.36,Card,Paid
7429,7429,2025-04-10,9214.0,Bank,Paid
7430,7430,2026-07-08,170.68,Wallet,Paid
7431,7431,2024-12-14,2797.85,Wallet,Paid
7432,7432,2025-11-14,4852.74,UPI,Paid
7433,7433,2024-02-24,8761.4,UPI,Paid
7434,7434,2025-11-07,5575.46,Card,Paid
7435,7435,2025-05-15,2128.36,Bank,Paid
7436,7436,2025-12-29,4127.22,Wallet,Pending
7437,7437,2026-07-05,4484.76,Card,Paid
7438,7438,2025-11-18,5623.54,Bank,Paid
7439,7439,2024-02-07,6640.01,Bank,Paid
7440,7440,2025-06-06,1626.03,Bank,Paid
7441,7441,2024-12-18,1364.99,Bank,Paid
7442,7442,2025-11-30,2091.3,Bank,Paid
7443,7443,2026-06-01,5741.27,Wallet,Paid
7444,7444,2024-02-22,4001.83,Bank,Paid
7445,7445,2024-04-09,4537.67,Wallet,Paid
7446,7446,2026-02-23,1208.71,Card,Paid
7447,7447,2024-02-16,3024.05,Bank,Paid
7448,7448,2026-02-23,3306.82,Bank,Paid
7449,7449,2026-06-14,2307.19,Wallet,Paid
7450,7450,2026-05-09,1461.9,Card,Paid
7451,7451,2024-06-11,3296.29,Bank,Paid
7452,7452,2025-05-24,3410.13,Card,Paid
7453,7453,2025-04-02,3018.92,Bank,Paid
7454,7454,2025-06-17,7293.12,UPI,Failed
7455,7455,2024-06-13,1400.79,UPI,Paid
7456,7456,2025-03-22,2139.41,Bank,Paid
7457,7457,2025-08-29,2457.72,Bank,Paid
7458,7458,2024-01-12,4518.04,Card,Failed
7459,7459,2024-06-15,745.99,Wallet,Paid
7460,7460,2025-10-19,2623.9,Wallet,Paid
7461,7461,2024-04-04,2693.17,Card,Paid
7462,7462,2026-01-02,2342.62,UPI,Paid
7463,7463,2025-05-13,1757.96,UPI,Paid
7464,7464,2024-04-19,6361.09,Wallet,Paid
7465,7465,2026-08-08,4210.75,Card,Paid
7466,7466,2026-08-18,486.75,Card,Paid
7467,7467,2026-03-04,5967.46,Wallet,Paid
7468,7468,2024-07-26,2219.35,Wallet,Paid
7469,7469,2025-11-26,3683.5,Card,Paid
7470,7470,2025-07-11,3888.26,UPI,Paid
7471,7471,2025-07-06,3109.75,Card,Paid
7472,7472,2024-01-10,112.12,UPI,Paid
7473,7473,2026-01-28,2573.44,Bank,Pending
7474,7474,2024-07-07,3922.31,UPI,Paid
7475,7475,2026-01-29,1489.56,Card,Paid
7476,7476,2024-06-18,2189.96,Wallet,Paid
7477,7477,2024-05-06,633.75,UPI,Paid
7478,7478,2026-08-25,1149.76,UPI,Paid
7479,7479,2025-07-24,832.58,Bank,Paid
7480,7480,2025-11-09,1821.15,Wallet,Pending
7481,7481,2026-03-14,264.88,Bank,Paid
7482,7482,2024-02-11,1288.28,UPI,Paid
7483,7483,2024-11-10,6549.28,Bank,Paid
7484,7484,2026-08-17,7474.21,Bank,Paid
7485,7485,2025-03-28,5191.48,Wallet,Paid
7486,7486,2025-03-22,4490.85,Bank,Pending
7487,7487,2025-10-08,2482.51,UPI,Paid
7488,7488,2025-11-07,1863.73,Wallet,Paid
7489,7489,2026-05-16,2921.68,UPI,Paid
7490,7490,2026-04-30,3616.09,UPI,Paid
7491,7491,2025-06-13,3766.98,Bank,Paid
7492,7492,2025-07-16,4445.96,Bank,Paid
7493,7493,2025-02-19,6634.84,UPI,Paid
7494,7494,2024-08-25,3494.97,Card,Paid
7495,7495,2024-01-16,5463.44,Bank,Paid
7496,7496,2024-10-31,1614.2,Card,Failed
7497,7497,2026-05-18,3042.22,UPI,Paid
7498,7498,2025-02-05,4565.08,Wallet,Paid
7499,7499,2025-06-01,2368.75,Bank,Paid
7500,7500,2026-08-16,4565.65,UPI,Paid
7501,7501,2024-09-27,6734.35,UPI,Paid
7502,7502,2024-12-06,4027.37,Wallet,Paid
7503,7503,2025-05-03,6397.36,UPI,Paid
7504,7504,2025-03-16,2993.48,Wallet,Paid
7505,7505,2026-01-29,4271.01,Wallet,Paid
7506,7506,2025-01-27,6352.83,Card,Failed
7507,7507,2026-06-05,3022.35,Card,Paid
7508,7508,2025-10-05,277.82,Card,Paid
7509,7509,2025-06-02,505.87,Bank,Paid
7510,7510,2024-04-09,3358.25,Card,Paid
7511,7511,2026-03-26,1811.62,Wallet,Paid
7512,7512,2026-06-22,5536.86,Card,Paid
7513,7513,2026-03-07,8385.66,Card,Paid
7514,7514,2026-01-20,976.66,Bank,Paid
7515,7515,2025-06-23,4693.23,Card,Paid
7516,7516,2024-12-20,434.68,Card,Paid
7517,7517,2025-01-09,703.19,Bank,Paid
7518,7518,2025-03-23,3163.32,UPI,Paid
7519,7519,2024-11-27,3084.06,Card,Paid
7520,7520,2026-06-10,3708.46,Bank,Paid
7521,7521,2026-03-28,7401.26,UPI,Paid
7522,7522,2025-03-09,114.66,UPI,Paid
7523,7523,2026-05-05,8629.54,Card,Paid
7524,7524,2026-05-26,3618.11,UPI,Paid
7525,7525,2025-12-07,894.79,Bank,Paid
7526,7526,2026-04-16,5770.71,Card,Failed
7527,7527,2025-04-15,580.66,UPI,Paid
7528,7528,2025-09-22,4000.8,Wallet,Paid
7529,7529,2024-01-28,547.94,Bank,Paid
7530,7530,2024-10-25,1311.98,Bank,Paid
7531,7531,2025-07-19,6152.16,Card,Paid
7532,7532,2024-01-23,1952.11,Wallet,Paid
7533,7533,2026-03-08,187.24,UPI,Paid
7534,7534,2025-01-19,1202.09,Bank,Paid
7535,7535,2024-01-07,6983.95,Card,Failed
7536,7536,2026-06-07,11014.34,UPI,Paid
7537,7537,2025-05-10,2661.44,UPI,Pending
7538,7538,2024-03-08,4198.86,UPI,Paid
7539,7539,2024-07-06,5939.11,Bank,Failed
7540,7540,2025-10-25,211.45,UPI,Paid
7541,7541,2024-07-25,6348.87,UPI,Paid
7542,7542,2024-05-10,761.46,UPI,Pending
7543,7543,2026-07-19,4396.66,Wallet,Paid
7544,7544,2026-03-05,894.97,Card,Paid
7545,7545,2024-12-16,856.21,Wallet,Paid
7546,7546,2024-03-18,3172.14,Bank,Paid
7547,7547,2026-04-27,510.58,Card,Paid
7548,7548,2024-09-21,1016.64,UPI,Paid
7549,7549,2025-04-11,6992.49,Card,Pending
7550,7550,2025-11-03,2733.01,Bank,Paid
7551,7551,2026-05-10,4946.95,Card,Paid
7552,7552,2025-01-09,867.25,Card,Paid
7553,7553,2026-03-07,2915.85,Bank,Paid
7554,7554,2025-05-27,441.07,UPI,Pending
7555,7555,2024-09-26,9119.78,Wallet,Paid
7556,7556,2024-01-12,1229.61,Card,Paid
7557,7557,2024-12-08,2749.95,UPI,Paid
7558,7558,2024-09-23,1066.96,Card,Paid
7559,7559,2026-05-01,6642.9,UPI,Paid
7560,7560,2026-07-17,347.5,Wallet,Paid
7561,7561,2025-08-30,547.03,UPI,Paid
7562,7562,2026-07-03,4194.95,Bank,Paid
7563,7563,2026-07-14,1096.81,Bank,Paid
7564,7564,2026-08-03,4330.07,Card,Paid
7565,7565,2026-07-17,5568.34,Wallet,Failed
7566,7566,2026-01-16,4356.11,UPI,Paid
7567,7567,2025-07-13,4170.8,Card,Paid
7568,7568,2024-03-17,2294.44,UPI,Paid
7569,7569,2025-11-21,2755.87,Wallet,Paid
7570,7570,2024-07-08,1394.1,Wallet,Paid
7571,7571,2024-05-04,1547.07,UPI,Paid
7572,7572,2025-02-27,2599.21,Bank,Pending
7573,7573,2024-01-28,3783.44,Bank,Failed
7574,7574,2024-07-28,2791.83,Card,Paid
7575,7575,2025-11-27,2732.06,Wallet,Paid
7576,7576,2025-06-05,2429.97,Bank,Paid
7577,7577,2024-12-14,3479.28,Bank,Paid
7578,7578,2026-04-29,5222.66,Wallet,Paid
7579,7579,2024-09-26,3326.63,Card,Failed
7580,7580,2026-04-18,3369.63,Wallet,Paid
7581,7581,2024-11-30,9167.25,UPI,Paid
7582,7582,2026-03-10,2363.88,Wallet,Paid
7583,7583,2026-06-20,1671.8,Bank,Paid
7584,7584,2026-07-11,1990.27,Wallet,Paid
7585,7585,2026-04-04,629.11,UPI,Paid
7586,7586,2026-06-24,1821.56,Bank,Paid
7587,7587,2026-01-27,3880.29,Bank,Paid
7588,7588,2024-05-30,1347.92,UPI,Paid
7589,7589,2025-01-11,1874.6,Card,Paid
7590,7590,2024-02-10,5640.76,Card,Paid
7591,7591,2025-11-29,3472.26,Card,Paid
7592,7592,2024-02-24,9498.31,Card,Paid
7593,7593,2026-02-22,1051.09,Card,Paid
7594,7594,2025-03-17,1143.04,Wallet,Paid
7595,7595,2024-03-05,2741.56,UPI,Paid
7596,7596,2024-01-18,818.11,UPI,Paid
7597,7597,2025-09-29,4518.37,Bank,Paid
7598,7598,2024-09-28,5739.26,UPI,Paid
7599,7599,2024-05-11,6375.43,Wallet,Failed
7600,7600,2024-04-14,868.64,UPI,Paid
7601,7601,2024-11-23,4498.74,Card,Paid
7602,7602,2025-02-13,2923.63,Card,Pending
7603,7603,2024-05-26,139.07,UPI,Paid
7604,7604,2024-03-06,2309.94,Wallet,Failed
7605,7605,2026-07-08,1239.31,Card,Paid
7606,7606,2025-11-16,4086.84,Bank,Paid
7607,7607,2024-09-22,1767.07,Wallet,Paid
7608,7608,2026-04-17,1653.41,Card,Pending
7609,7609,2026-06-28,2866.26,Wallet,Paid
7610,7610,2026-02-15,3222.25,Wallet,Paid
7611,7611,2024-03-08,2295.07,UPI,Failed
7612,7612,2024-10-15,2776.08,Card,Paid
7613,7613,2024-07-26,798.54,Card,Paid
7614,7614,2024-07-08,856.77,Card,Paid
7615,7615,2025-07-27,1064.04,Wallet,Paid
7616,7616,2024-05-05,1761.59,UPI,Paid
7617,7617,2024-01-22,5515.17,Bank,Paid
7618,7618,2024-04-13,2608.09,Card,Paid
7619,7619,2026-08-24,232.24,Bank,Paid
7620,7620,2026-02-26,1228.79,UPI,Paid
7621,7621,2026-01-05,908.16,Bank,Failed
7622,7622,2025-08-31,35.54,UPI,Paid
7623,7623,2024-03-14,5023.62,UPI,Paid
7624,7624,2024-06-23,3977.17,Bank,Paid
7625,7625,2025-06-30,6328.6,Wallet,Paid
7626,7626,2024-05-26,7719.24,Bank,Paid
7627,7627,2025-09-01,1164.21,Wallet,Paid
7628,7628,2025-09-24,5027.69,Card,Paid
7629,7629,2026-05-14,1281.33,Card,Paid
7630,7630,2024-12-30,1101.99,UPI,Paid
7631,7631,2024-01-23,1151.33,UPI,Paid
7632,7632,2024-02-15,7284.07,Card,Paid
7633,7633,2026-05-31,2997.72,Card,Paid
7634,7634,2025-01-06,5489.58,Bank,Paid
7635,7635,2025-03-08,92.72,UPI,Paid
7636,7636,2024-08-22,3679.95,Bank,Paid
7637,7637,2025-08-28,790.19,Wallet,Pending
7638,7638,2024-06-28,2949.57,UPI,Paid
7639,7639,2026-03-07,983.47,Wallet,Paid
7640,7640,2025-09-17,6890.29,Wallet,Paid
7641,7641,2025-04-27,4058.41,Bank,Paid
7642,7642,2025-01-09,2801.69,UPI,Paid
7643,7643,2024-01-19,1515.7,Bank,Paid
7644,7644,2025-12-27,278.42,Bank,Paid
7645,7645,2025-02-15,3216.35,UPI,Paid
7646,7646,2024-09-26,1706.87,UPI,Paid
7647,7647,2024-07-27,7463.62,Bank,Failed
7648,7648,2024-09-29,3038.61,UPI,Paid
7649,7649,2026-01-09,504.28,Bank,Paid
7650,7650,2025-07-30,4859.91,Card,Paid
7651,7651,2026-06-30,668.49,Bank,Paid
7652,7652,2025-11-28,4732.27,UPI,Paid
7653,7653,2024-07-15,2840.71,Bank,Paid
7654,7654,2025-04-22,3479.15,Card,Paid
7655,7655,2026-02-16,5930.16,UPI,Failed
7656,7656,2025-09-15,701.29,Wallet,Paid
7657,7657,2026-08-08,7107.96,Wallet,Paid
7658,7658,2025-10-08,825.9,UPI,Paid
7659,7659,2025-08-01,630.21,UPI,Paid
7660,7660,2024-12-23,2344.87,Card,Paid
7661,7661,2026-03-30,3300.94,Wallet,Paid
7662,7662,2025-11-02,4883.17,UPI,Paid
7663,7663,2025-04-06,967.43,Bank,Failed
7664,7664,2026-02-05,2921.14,Bank,Paid
7665,7665,2025-01-11,1898.25,UPI,Paid
7666,7666,2024-05-29,158.83,UPI,Paid
7667,7667,2025-07-17,2134.91,Wallet,Pending
7668,7668,2026-07-21,3435.2,UPI,Paid
7669,7669,2025-04-19,833.55,Card,Paid
7670,7670,2024-10-19,3261.85,Card,Paid
7671,7671,2024-02-05,2487.21,Card,Paid
7672,7672,2026-02-07,676.24,Card,Paid
7673,7673,2024-01-21,1349.09,Card,Paid
7674,7674,2026-06-11,4139.74,UPI,Paid
7675,7675,2024-08-05,3729.92,Bank,Failed
7676,7676,2025-03-30,3571.62,Wallet,Paid
7677,7677,2024-12-07,4025.17,Wallet,Pending
7678,7678,2025-01-22,851.67,UPI,Paid
7679,7679,2026-04-25,1385.97,Wallet,Paid
7680,7680,2024-12-04,751.11,Wallet,Paid
7681,7681,2025-12-31,4965.78,Wallet,Paid
7682,7682,2024-07-26,7249.79,UPI,Paid
7683,7683,2024-12-01,5559.86,Wallet,Paid
7684,7684,2024-08-11,2895.55,Card,Paid
7685,7685,2024-10-15,4557.35,Wallet,Paid
7686,7686,2025-07-03,5131.22,UPI,Paid
7687,7687,2024-12-13,6387.47,Bank,Paid
7688,7688,2024-08-02,6041.32,UPI,Paid
7689,7689,2025-01-22,2768.96,Bank,Paid
7690,7690,2026-01-24,6664.14,UPI,Paid
7691,7691,2024-01-17,9007.59,UPI,Paid
7692,7692,2024-01-05,2291.25,Card,Paid
7693,7693,2025-11-13,2014.53,Card,Pending
7694,7694,2025-05-06,2982.56,UPI,Pending
7695,7695,2024-09-06,1278.24,Bank,Paid
7696,7696,2026-08-01,1623.21,Card,Paid
7697,7697,2024-07-25,3324.81,Wallet,Paid
7698,7698,2025-06-25,1201.38,UPI,Paid
7699,7699,2024-04-14,539.54,UPI,Paid
7700,7700,2025-11-09,6949.31,Wallet,Paid
7701,7701,2026-06-24,784.15,Card,Paid
7702,7702,2024-07-30,1573.4,Card,Paid
7703,7703,2024-09-14,1476.72,Bank,Pending
7704,7704,2025-02-26,1873.49,Bank,Paid
7705,7705,2024-09-04,4873.8,UPI,Paid
7706,7706,2025-12-10,4552.65,Card,Paid
7707,7707,2024-08-12,2571.48,Wallet,Paid
7708,7708,2026-04-28,3300.67,UPI,Paid
7709,7709,2024-02-26,804.68,UPI,Paid
7710,7710,2026-06-23,841.14,Wallet,Paid
7711,7711,2024-11-09,2754.74,Card,Paid
7712,7712,2026-05-07,650.35,UPI,Paid
7713,7713,2024-03-03,3902.04,Card,Paid
7714,7714,2026-06-05,8645.93,Card,Paid
7715,7715,2024-11-13,5921.19,Wallet,Pending
7716,7716,2025-09-08,3754.06,Card,Paid
7717,7717,2025-02-18,7351.41,Card,Paid
7718,7718,2024-12-06,2559.82,Wallet,Paid
7719,7719,2025-07-04,1629.27,Wallet,Paid
7720,7720,2025-04-16,287.41,Bank,Paid
7721,7721,2025-06-10,379.37,UPI,Paid
7722,7722,2024-12-24,1311.41,UPI,Paid
7723,7723,2024-12-21,6316.18,Wallet,Paid
7724,7724,2025-03-27,3994.38,UPI,Paid
7725,7725,2026-07-05,814.68,Card,Paid
7726,7726,2025-12-12,2804.61,Wallet,Pending
7727,7727,2024-04-21,4338.29,Card,Paid
7728,7728,2025-04-18,284.28,Wallet,Paid
7729,7729,2024-11-20,1788.78,Bank,Paid
7730,7730,2026-03-14,1909.6,UPI,Paid
7731,7731,2025-11-28,2171.87,UPI,Paid
7732,7732,2024-01-13,5054.72,Wallet,Failed
7733,7733,2024-03-24,3328.15,Wallet,Paid
7734,7734,2024-02-04,574.19,Bank,Paid
7735,7735,2024-04-25,2196.48,UPI,Paid
7736,7736,2024-12-13,1939.5,Card,Paid
7737,7737,2024-04-27,5219.2,UPI,Paid
7738,7738,2024-06-19,1314.72,UPI,Paid
7739,7739,2025-03-06,5759.05,UPI,Paid
7740,7740,2025-04-22,234.31,Bank,Paid
7741,7741,2025-04-07,1375.95,Wallet,Paid
7742,7742,2026-06-16,2562.28,Bank,Paid
7743,7743,2024-02-21,167.25,UPI,Paid
7744,7744,2026-04-10,1310.62,UPI,Paid
7745,7745,2026-06-29,4883.97,Bank,Paid
7746,7746,2025-03-30,3814.34,Bank,Paid
7747,7747,2024-09-22,4028.37,UPI,Paid
7748,7748,2025-08-25,383.85,UPI,Paid
7749,7749,2025-07-15,5219.74,UPI,Paid
7750,7750,2024-10-08,2143.4,UPI,Pending
7751,7751,2024-01-05,5625.03,Card,Paid
7752,7752,2024-08-18,7162.52,Bank,Paid
7753,7753,2024-02-29,2916.02,Wallet,Failed
7754,7754,2024-05-30,386.78,Card,Paid
7755,7755,2026-03-15,5462.92,Wallet,Paid
7756,7756,2026-08-13,5382.96,Bank,Paid
7757,7757,2026-07-08,128.25,Wallet,Paid
7758,7758,2026-06-13,9086.48,UPI,Pending
7759,7759,2025-05-01,275.64,Wallet,Paid
7760,7760,2026-06-23,3811.86,Wallet,Paid
7761,7761,2025-10-30,5274.89,Bank,Paid
7762,7762,2024-01-17,236.06,UPI,Paid
7763,7763,2026-08-12,2914.18,Wallet,Paid
7764,7764,2024-04-16,453.43,Wallet,Paid
7765,7765,2024-12-27,2444.43,Bank,Paid
7766,7766,2024-11-21,548.57,UPI,Paid
7767,7767,2026-07-11,3224.73,Card,Paid
7768,7768,2025-06-15,2310.37,Wallet,Paid
7769,7769,2026-04-16,543.32,UPI,Paid
7770,7770,2024-04-11,3269.07,Bank,Paid
7771,7771,2024-03-18,7316.98,Bank,Paid
7772,7772,2024-07-09,4027.59,UPI,Paid
7773,7773,2024-02-08,1613.29,UPI,Paid
7774,7774,2025-12-04,2066.95,UPI,Paid
7775,7775,2024-03-02,2725.89,Card,Failed
7776,7776,2025-10-23,360.54,UPI,Paid
7777,7777,2025-08-13,1135.23,UPI,Paid
7778,7778,2024-04-21,2729.52,UPI,Paid
7779,7779,2024-06-07,86.24,UPI,Paid
7780,7780,2025-04-07,6842.06,Bank,Paid
7781,7781,2026-03-05,3949.41,Bank,Paid
7782,7782,2025-08-01,1530.84,Wallet,Paid
7783,7783,2025-03-18,1324.17,Bank,Paid
7784,7784,2024-03-20,3314.96,UPI,Paid
7785,7785,2026-05-04,4528.85,UPI,Paid
7786,7786,2025-05-19,2543.12,Wallet,Paid
7787,7787,2026-04-27,4197.37,Wallet,Paid
7788,7788,2025-08-02,3572.28,UPI,Paid
7789,7789,2025-04-07,1820.72,UPI,Paid
7790,7790,2025-01-11,1236.5,UPI,Paid
7791,7791,2024-01-04,2741.19,UPI,Paid
7792,7792,2026-08-10,9775.54,UPI,Paid
7793,7793,2024-11-13,4625.46,Wallet,Paid
7794,7794,2026-05-28,1786.92,Card,Paid
7795,7795,2025-07-15,2214.12,Wallet,Failed
7796,7796,2026-01-14,4384.62,UPI,Paid
7797,7797,2024-11-05,2878.3,Card,Paid
7798,7798,2025-11-15,3313.16,UPI,Paid
7799,7799,2025-04-03,423.95,UPI,Paid
7800,7800,2025-01-02,5081.25,Wallet,Paid
7801,7801,2024-08-11,3514.36,Bank,Paid
7802,7802,2024-07-08,5103.08,Card,Paid
7803,7803,2025-11-02,2443.52,UPI,Paid
7804,7804,2025-09-17,1650.42,UPI,Paid
7805,7805,2025-09-13,161.83,Wallet,Paid
7806,7806,2026-05-14,1649.92,Wallet,Paid
7807,7807,2025-10-13,1086.33,Bank,Paid
7808,7808,2024-07-07,1655.04,Wallet,Paid
7809,7809,2025-09-01,2764.6,Card,Paid
7810,7810,2026-07-18,827.98,Card,Paid
7811,7811,2024-08-20,3650.29,Wallet,Paid
7812,7812,2026-07-08,3736.47,Wallet,Paid
7813,7813,2025-02-23,3225.01,Bank,Paid
7814,7814,2024-04-20,3175.77,Wallet,Failed
7815,7815,2024-08-18,455.18,Card,Paid
7816,7816,2025-03-17,1003.75,Card,Failed
7817,7817,2025-01-04,7666.08,Bank,Paid
7818,7818,2025-09-12,9153.65,Wallet,Failed
7819,7819,2025-08-03,1074.92,Bank,Paid
7820,7820,2025-01-23,4713.79,Card,Paid
7821,7821,2026-01-25,4337.77,UPI,Paid
7822,7822,2025-07-19,3475.67,UPI,Paid
7823,7823,2024-07-13,2587.15,Card,Paid
7824,7824,2026-03-21,1802.38,Wallet,Paid
7825,7825,2024-09-06,5026.31,Wallet,Paid
7826,7826,2026-05-12,1557.58,Wallet,Paid
7827,7827,2026-01-15,5106.38,Card,Paid
7828,7828,2026-04-01,3135.72,UPI,Paid
7829,7829,2025-02-24,7433.38,Card,Paid
7830,7830,2024-03-02,5105.04,UPI,Paid
7831,7831,2026-04-27,5128.92,Bank,Paid
7832,7832,2025-10-03,2670.99,UPI,Paid
7833,7833,2026-01-30,3584.92,Wallet,Paid
7834,7834,2024-02-20,6389.77,Card,Paid
7835,7835,2026-01-21,2695.2,Wallet,Paid
7836,7836,2026-01-11,2578.08,Bank,Paid
7837,7837,2025-12-02,4125.26,Card,Paid
7838,7838,2026-07-07,3180.87,UPI,Paid
7839,7839,2024-02-05,709.18,Wallet,Paid
7840,7840,2026-01-16,1169.8,Bank,Paid
7841,7841,2024-08-08,751.76,UPI,Paid
7842,7842,2025-10-25,4842.96,Bank,Paid
7843,7843,2026-04-28,1974.44,Bank,Paid
7844,7844,2026-03-31,6085.12,Bank,Failed
7845,7845,2026-06-16,7432.64,UPI,Paid
7846,7846,2024-04-07,2870.31,Card,Paid
7847,7847,2024-11-17,5198.89,UPI,Paid
7848,7848,2024-03-29,3415.64,Card,Paid
7849,7849,2025-06-11,3142.87,Wallet,Paid
7850,7850,2025-09-20,4637.32,Wallet,Paid
7851,7851,2025-10-14,1290.15,Wallet,Paid
7852,7852,2025-05-13,1712.64,Wallet,Paid
7853,7853,2024-02-21,1920.17,Bank,Paid
7854,7854,2024-10-15,5403.04,Card,Paid
7855,7855,2024-08-24,2780.64,Wallet,Paid
7856,7856,2024-02-08,8446.93,UPI,Paid
7857,7857,2026-07-04,3318.22,UPI,Paid
7858,7858,2024-07-30,87.55,Wallet,Paid
7859,7859,2025-02-11,1792.37,Card,Paid
7860,7860,2025-03-10,3742.8,Card,Paid
7861,7861,2024-10-30,3459.13,Bank,Paid
7862,7862,2025-01-20,1054.66,UPI,Paid
7863,7863,2025-07-01,1052.34,Bank,Paid
7864,7864,2026-06-23,1695.35,Bank,Paid
7865,7865,2024-12-27,4243.83,Wallet,Paid
7866,7866,2025-10-18,665.64,UPI,Paid
7867,7867,2024-05-31,1502.15,Wallet,Paid
7868,7868,2025-05-17,182.95,Card,Paid
7869,7869,2025-01-05,5969.74,UPI,Paid
7870,7870,2024-09-09,5377.18,UPI,Failed
7871,7871,2024-09-15,2232.75,UPI,Paid
7872,7872,2024-05-03,6303.2,UPI,Pending
7873,7873,2024-04-08,4174.94,Bank,Paid
7874,7874,2025-10-25,1881.34,Bank,Paid
7875,7875,2024-09-11,3166.12,Card,Paid
7876,7876,2024-07-12,4738.79,Card,Paid
7877,7877,2025-10-18,7220.6,Bank,Paid
7878,7878,2025-10-03,455.97,UPI,Paid
7879,7879,2026-07-10,423.24,Bank,Paid
7880,7880,2025-08-03,3862.31,Card,Pending
7881,7881,2026-06-11,594.58,Wallet,Failed
7882,7882,2024-06-10,6188.94,Card,Pending
7883,7883,2026-03-02,1179.5,Card,Paid
7884,7884,2026-01-23,4711.34,UPI,Pending
7885,7885,2024-11-24,2665.64,UPI,Pending
7886,7886,2026-07-29,3821.22,Wallet,Paid
7887,7887,2026-04-09,5843.41,UPI,Paid
7888,7888,2026-05-17,3482.73,Wallet,Paid
7889,7889,2024-12-21,863.35,UPI,Paid
7890,7890,2024-01-06,6397.45,Card,Paid
7891,7891,2025-02-03,2354.88,UPI,Paid
7892,7892,2024-06-19,5695.41,UPI,Paid
7893,7893,2025-06-21,2449.53,Bank,Paid
7894,7894,2024-02-21,1923.44,Card,Paid
7895,7895,2025-12-11,2955.56,Wallet,Paid
7896,7896,2024-05-18,1237.27,Bank,Paid
7897,7897,2024-05-22,1653.79,Bank,Paid
7898,7898,2025-11-27,933.94,Wallet,Pending
7899,7899,2025-04-02,5068.38,Bank,Paid
7900,7900,2024-11-22,1772.4,Bank,Paid
7901,7901,2026-03-11,622.05,Bank,Paid
7902,7902,2025-01-14,1476.63,Card,Failed
7903,7903,2024-05-21,6624.08,Card,Paid
7904,7904,2026-06-25,778.45,Wallet,Paid
7905,7905,2026-06-13,4390.94,Bank,Paid
7906,7906,2025-04-04,4050.67,Card,Paid
7907,7907,2024-08-31,8588.29,Bank,Paid
7908,7908,2025-03-28,2309.21,Bank,Paid
7909,7909,2024-01-12,1698.64,Wallet,Paid
7910,7910,2025-10-21,3103.32,Wallet,Paid
7911,7911,2025-04-22,416.5,Bank,Paid
7912,7912,2026-02-17,6193.12,Card,Paid
7913,7913,2024-05-15,1901.27,Bank,Pending
7914,7914,2026-08-25,3195.35,Bank,Paid
7915,7915,2025-11-21,319.81,UPI,Paid
7916,7916,2026-01-01,1933.43,Card,Paid
7917,7917,2025-12-18,1579.06,Wallet,Paid
7918,7918,2025-08-10,7991.84,UPI,Paid
7919,7919,2025-03-18,1077.33,Wallet,Paid
7920,7920,2025-09-13,1428.37,UPI,Paid
7921,7921,2025-09-16,4053.1,UPI,Paid
7922,7922,2026-01-14,3682.89,Bank,Paid
7923,7923,2024-01-05,6224.55,Bank,Paid
7924,7924,2026-04-13,114.17,Wallet,Paid
7925,7925,2026-08-10,1011.47,Card,Paid
7926,7926,2024-03-30,4002.63,Wallet,Paid
7927,7927,2025-06-21,3123.09,Bank,Paid
7928,7928,2024-06-06,2408.84,Bank,Paid
7929,7929,2024-12-09,1157.88,UPI,Paid
7930,7930,2024-08-08,6359.94,Wallet,Paid
7931,7931,2024-01-27,3325.07,UPI,Paid
7932,7932,2024-10-08,1590.43,Card,Paid
7933,7933,2025-10-22,3603.56,Card,Paid
7934,7934,2026-04-10,4197.78,UPI,Pending
7935,7935,2026-04-10,3366.19,UPI,Paid
7936,7936,2024-09-06,366.46,Bank,Paid
7937,7937,2024-03-22,953.61,UPI,Pending
7938,7938,2024-03-23,4840.38,Bank,Paid
7939,7939,2025-12-13,1626.47,Card,Paid
7940,7940,2024-01-27,620.62,Wallet,Pending
7941,7941,2024-12-02,7152.32,Bank,Paid
7942,7942,2026-08-12,1793.57,Bank,Paid
7943,7943,2025-03-27,416.58,Bank,Paid
7944,7944,2025-04-19,2886.47,Bank,Paid
7945,7945,2024-08-29,1551.61,Bank,Paid
7946,7946,2025-11-03,5303.72,Wallet,Paid
7947,7947,2024-07-05,6353.57,Wallet,Paid
7948,7948,2024-05-25,4745.27,Wallet,Paid
7949,7949,2025-10-12,5175.48,Card,Paid
7950,7950,2024-04-22,4453.11,Bank,Paid
7951,7951,2024-07-13,1530.51,Bank,Paid
7952,7952,2024-03-07,11161.05,UPI,Pending
7953,7953,2024-08-28,2472.68,Bank,Paid
7954,7954,2026-03-21,2878.64,Card,Paid
7955,7955,2024-01-14,3125.91,UPI,Paid
7956,7956,2025-01-20,3948.65,Wallet,Failed
7957,7957,2025-11-26,369.37,Bank,Paid
7958,7958,2025-05-16,2638.29,Bank,Paid
7959,7959,2024-04-11,1618.44,Wallet,Paid
7960,7960,2024-06-02,527.21,Bank,Paid
7961,7961,2025-05-29,3811.33,Wallet,Paid
7962,7962,2025-12-18,4563.27,Bank,Paid
7963,7963,2024-01-19,396.83,UPI,Paid
7964,7964,2024-01-29,4730.78,UPI,Paid
7965,7965,2024-03-27,5406.83,Card,Paid
7966,7966,2024-01-27,241.86,Card,Paid
7967,7967,2025-01-04,274.31,Wallet,Failed
7968,7968,2025-12-28,566.86,Bank,Paid
7969,7969,2025-09-02,2438.55,Bank,Paid
7970,7970,2026-05-31,786.75,Wallet,Paid
7971,7971,2025-06-15,3078.9,Card,Paid
7972,7972,2025-03-29,717.47,UPI,Paid
7973,7973,2024-11-28,150.65,Card,Paid
7974,7974,2024-01-10,5467.24,Card,Paid
7975,7975,2024-11-04,1885.82,Bank,Pending
7976,7976,2024-05-29,3150.3,UPI,Paid
7977,7977,2025-04-12,2453.52,UPI,Paid
7978,7978,2024-10-09,2117.36,UPI,Paid
7979,7979,2026-05-30,2633.06,Bank,Paid
7980,7980,2024-05-31,4376.34,Wallet,Paid
7981,7981,2025-04-29,948.83,UPI,Paid
7982,7982,2024-05-05,4514.08,Bank,Paid
7983,7983,2026-03-20,692.09,Card,Paid
7984,7984,2024-12-03,1599.1,Bank,Paid
7985,7985,2026-01-28,3573.84,Wallet,Paid
7986,7986,2026-04-21,2514.6,Card,Paid
7987,7987,2025-12-01,4365.83,Bank,Paid
7988,7988,2024-01-09,4608.77,UPI,Paid
7989,7989,2024-10-21,5751.06,Card,Paid
7990,7990,2025-09-13,3194.53,Card,Paid
7991,7991,2024-07-09,4122.08,UPI,Paid
7992,7992,2026-02-21,322.49,Card,Failed
7993,7993,2026-08-11,3856.49,Card,Paid
7994,7994,2026-08-27,1559.61,Wallet,Paid
7995,7995,2026-06-06,4251.29,UPI,Paid
7996,7996,2025-11-22,3732.83,Wallet,Failed
7997,7997,2026-04-08,1743.83,Card,Paid
7998,7998,2026-07-29,2119.27,Bank,Paid
7999,7999,2024-01-26,4644.84,Bank,Paid
8000,8000,2024-01-10,3001.9,Bank,Paid
8001,8001,2024-05-09,5648.39,Bank,Paid
8002,8002,2024-07-02,4867.61,Wallet,Paid
8003,8003,2024-06-22,2920.75,UPI,Paid
8004,8004,2026-01-09,4428.11,Card,Paid
8005,8005,2025-11-05,527.3,UPI,Paid
8006,8006,2025-11-30,1896.38,Wallet,Paid
8007,8007,2025-12-24,1248.99,Card,Paid
8008,8008,2026-02-19,4615.03,UPI,Paid
8009,8009,2026-03-30,5270.63,Card,Paid
8010,8010,2026-01-30,3374.53,Wallet,Paid
8011,8011,2024-01-30,5425.47,Bank,Paid
8012,8012,2025-10-21,3058.64,Wallet,Paid
8013,8013,2025-03-01,1330.47,UPI,Paid
8014,8014,2024-11-29,1748.43,Wallet,Paid
8015,8015,2024-04-26,3806.1,Bank,Paid
8016,8016,2024-11-12,724.93,UPI,Paid
8017,8017,2026-08-03,3460.43,Card,Failed
8018,8018,2025-10-18,3413.48,Wallet,Paid
8019,8019,2025-04-04,1196.96,Bank,Paid
8020,8020,2025-08-10,3876.5,Wallet,Paid
8021,8021,2024-02-21,2334.55,Wallet,Failed
8022,8022,2024-04-02,1878.05,Bank,Paid
8023,8023,2026-08-14,2740.42,Bank,Paid
8024,8024,2024-03-21,585.66,Wallet,Paid
8025,8025,2024-07-09,2745.64,Wallet,Paid
8026,8026,2026-05-04,3024.9,Card,Paid
8027,8027,2024-10-12,5757.89,UPI,Paid
8028,8028,2026-04-09,8489.13,Wallet,Paid
8029,8029,2026-03-14,4400.84,Wallet,Pending
8030,8030,2024-04-08,310.27,Bank,Paid
8031,8031,2026-04-16,2705.71,Wallet,Paid
8032,8032,2026-07-04,6684.22,Card,Paid
8033,8033,2024-08-06,5637.77,Card,Paid
8034,8034,2025-01-27,1007.13,Card,Paid
8035,8035,2026-01-20,3412.79,UPI,Paid
8036,8036,2024-08-22,4190.06,Card,Paid
8037,8037,2026-04-12,2074.15,Bank,Paid
8038,8038,2025-08-01,1382.88,Wallet,Paid
8039,8039,2025-06-27,3051.0,UPI,Paid
8040,8040,2024-07-01,5091.74,UPI,Paid
8041,8041,2025-08-03,1216.14,UPI,Paid
8042,8042,2026-04-16,3657.39,Card,Paid
8043,8043,2026-04-06,653.83,Wallet,Paid
8044,8044,2025-04-28,3125.16,Bank,Failed
8045,8045,2025-06-26,10693.35,UPI,Paid
8046,8046,2025-06-03,453.65,Card,Paid
8047,8047,2024-03-12,90.08,Bank,Pending
8048,8048,2024-04-29,2259.05,UPI,Paid
8049,8049,2026-06-14,2591.56,Card,Paid
8050,8050,2026-01-13,4801.77,Card,Paid
8051,8051,2025-03-16,1725.57,UPI,Paid
8052,8052,2024-11-09,5099.71,Card,Paid
8053,8053,2025-08-10,8847.4,Wallet,Paid
8054,8054,2024-08-02,268.06,Card,Paid
8055,8055,2026-02-08,2458.33,Wallet,Paid
8056,8056,2024-05-07,4559.53,Wallet,Paid
8057,8057,2024-01-02,1443.57,Bank,Paid
8058,8058,2025-04-09,3232.75,Wallet,Paid
8059,8059,2026-08-22,1266.77,Wallet,Paid
8060,8060,2024-09-13,592.41,Card,Paid
8061,8061,2024-12-21,6747.83,Card,Paid
8062,8062,2026-05-11,3454.18,UPI,Paid
8063,8063,2025-02-19,550.74,Card,Paid
8064,8064,2025-04-27,4048.98,Wallet,Paid
8065,8065,2024-08-07,1813.79,UPI,Paid
8066,8066,2024-09-19,5546.9,UPI,Paid
8067,8067,2024-03-23,4805.48,UPI,Paid
8068,8068,2026-03-30,3349.36,Card,Paid
8069,8069,2026-01-06,1017.91,Bank,Paid
8070,8070,2024-01-17,3306.86,Wallet,Paid
8071,8071,2024-10-02,1445.96,UPI,Paid
8072,8072,2025-06-22,2328.77,Wallet,Paid
8073,8073,2025-03-05,5178.07,Wallet,Paid
8074,8074,2024-11-08,2568.8,Bank,Paid
8075,8075,2025-04-02,5097.02,UPI,Paid
8076,8076,2024-08-14,3414.03,Wallet,Paid
8077,8077,2025-07-19,5512.03,Bank,Paid
8078,8078,2025-08-20,3774.78,Wallet,Paid
8079,8079,2025-10-14,646.85,Bank,Paid
8080,8080,2025-06-21,711.77,Wallet,Paid
8081,8081,2026-05-20,2984.98,Wallet,Paid
8082,8082,2025-07-21,675.68,Wallet,Paid
8083,8083,2024-02-01,2530.35,Wallet,Paid
8084,8084,2024-01-11,2105.89,Bank,Paid
8085,8085,2024-05-26,3718.28,Bank,Paid
8086,8086,2024-06-04,661.05,UPI,Paid
8087,8087,2024-02-25,4706.0,Bank,Paid
8088,8088,2026-02-07,2465.59,Wallet,Paid
8089,8089,2026-02-13,3986.23,Bank,Paid
8090,8090,2026-03-08,3157.06,Card,Paid
8091,8091,2024-07-17,7358.37,Bank,Paid
8092,8092,2025-07-06,773.16,Bank,Paid
8093,8093,2025-04-15,4785.78,Wallet,Paid
8094,8094,2026-08-07,4615.4,Wallet,Paid
8095,8095,2024-10-25,162.74,UPI,Failed
8096,8096,2026-06-24,1948.61,UPI,Paid
8097,8097,2024-11-10,595.12,Card,Paid
8098,8098,2025-11-09,4613.37,Bank,Paid
8099,8099,2025-09-13,1274.56,UPI,Paid
8100,8100,2025-01-13,7692.19,UPI,Failed
8101,8101,2025-12-25,5811.38,Wallet,Paid
8102,8102,2026-04-12,4948.25,UPI,Paid
8103,8103,2026-08-28,839.02,UPI,Paid
8104,8104,2025-07-31,5746.64,Bank,Paid
8105,8105,2024-02-26,1361.57,UPI,Paid
8106,8106,2025-12-16,3277.6,UPI,Failed
8107,8107,2025-11-20,2107.4,Wallet,Paid
8108,8108,2025-09-11,362.66,UPI,Paid
8109,8109,2024-04-11,1714.45,Wallet,Paid
8110,8110,2024-02-16,8410.17,Card,Paid
8111,8111,2025-02-10,6615.2,Bank,Paid
8112,8112,2025-10-25,2856.54,Card,Paid
8113,8113,2025-08-10,4755.86,UPI,Failed
8114,8114,2026-07-28,4895.74,Wallet,Paid
8115,8115,2024-04-21,4623.72,Wallet,Paid
8116,8116,2025-02-13,925.82,Bank,Paid
8117,8117,2026-06-01,1306.76,Bank,Paid
8118,8118,2024-09-04,2415.79,Card,Paid
8119,8119,2025-02-27,2482.45,Wallet,Paid
8120,8120,2025-01-10,1012.26,UPI,Paid
8121,8121,2025-07-20,256.39,Bank,Paid
8122,8122,2024-12-12,3234.29,UPI,Paid
8123,8123,2025-05-07,154.63,Bank,Paid
8124,8124,2025-02-04,1111.47,Wallet,Paid
8125,8125,2024-01-18,2576.85,Card,Failed
8126,8126,2024-02-10,6148.88,Bank,Paid
8127,8127,2026-07-27,4294.39,Wallet,Paid
8128,8128,2024-03-06,2568.41,Card,Paid
8129,8129,2025-02-21,5815.78,UPI,Pending
8130,8130,2025-01-04,5517.22,Wallet,Failed
8131,8131,2024-12-22,1697.52,UPI,Paid
8132,8132,2026-02-05,4684.57,Bank,Paid
8133,8133,2024-06-23,5164.69,UPI,Paid
8134,8134,2024-01-10,4687.6,Wallet,Paid
8135,8135,2024-12-05,6054.42,Wallet,Pending
8136,8136,2026-02-22,3185.69,Wallet,Paid
8137,8137,2025-03-10,612.75,UPI,Paid
8138,8138,2024-01-03,7663.51,Bank,Paid
8139,8139,2025-08-19,4335.35,Card,Paid
8140,8140,2024-12-28,2016.42,Bank,Pending
8141,8141,2025-03-15,3872.1,Bank,Paid
8142,8142,2025-12-29,2111.51,UPI,Paid
8143,8143,2025-07-27,2416.59,UPI,Paid
8144,8144,2024-01-03,626.89,Wallet,Paid
8145,8145,2026-01-03,6418.56,UPI,Paid
8146,8146,2024-02-01,4117.44,UPI,Paid
8147,8147,2025-02-22,1916.04,Card,Paid
8148,8148,2025-01-03,44.53,UPI,Paid
8149,8149,2025-01-10,6216.01,Card,Paid
8150,8150,2026-07-03,4076.98,Card,Paid
8151,8151,2024-11-17,5804.74,UPI,Paid
8152,8152,2024-09-05,7173.6,Card,Paid
8153,8153,2025-08-09,4885.82,Bank,Paid
8154,8154,2025-04-23,4930.81,UPI,Paid
8155,8155,2025-05-20,4485.44,Bank,Paid
8156,8156,2025-03-17,1371.25,Wallet,Paid
8157,8157,2026-07-28,3176.55,Card,Paid
8158,8158,2026-05-21,2304.0,Wallet,Paid
8159,8159,2024-08-21,860.49,Card,Paid
8160,8160,2024-03-04,4277.61,Bank,Paid
8161,8161,2024-07-09,538.82,Bank,Paid
8162,8162,2024-05-25,1865.82,Card,Paid
8163,8163,2024-09-25,1500.13,UPI,Paid
8164,8164,2024-05-23,1171.07,UPI,Paid
8165,8165,2025-03-01,3791.15,Card,Paid
8166,8166,2025-12-01,6289.66,UPI,Paid
8167,8167,2026-08-21,1259.14,Bank,Failed
8168,8168,2024-10-07,315.69,UPI,Paid
8169,8169,2024-10-20,6312.71,UPI,Paid
8170,8170,2024-04-07,7274.48,Wallet,Paid
8171,8171,2026-07-20,755.45,Card,Paid
8172,8172,2025-12-08,332.29,Bank,Paid
8173,8173,2024-07-27,2847.12,UPI,Paid
8174,8174,2026-04-13,2286.76,Bank,Paid
8175,8175,2025-01-17,5344.0,Bank,Paid
8176,8176,2025-02-17,1699.79,UPI,Paid
8177,8177,2024-01-06,3622.31,Wallet,Pending
8178,8178,2025-04-30,803.36,Wallet,Paid
8179,8179,2026-07-19,2211.96,Wallet,Paid
8180,8180,2025-04-25,8162.04,Bank,Paid
8181,8181,2025-03-22,8389.07,Bank,Paid
8182,8182,2025-03-10,423.58,Wallet,Paid
8183,8183,2025-09-12,2383.81,Bank,Paid
8184,8184,2026-01-02,4618.54,Wallet,Paid
8185,8185,2026-05-27,2548.07,Wallet,Paid
8186,8186,2024-07-06,1463.4,Wallet,Paid
8187,8187,2025-08-14,6987.69,Bank,Paid
8188,8188,2025-09-06,4380.88,Card,Paid
8189,8189,2024-03-21,3852.07,UPI,Paid
8190,8190,2025-08-02,582.52,Wallet,Paid
8191,8191,2025-07-27,6054.04,Card,Paid
8192,8192,2025-08-11,136.0,Bank,Paid
8193,8193,2025-11-23,5021.58,Wallet,Paid
8194,8194,2024-07-28,4384.53,Card,Paid
8195,8195,2024-09-28,740.32,UPI,Paid
8196,8196,2024-07-15,1807.0,Card,Paid
8197,8197,2024-02-10,6630.85,Bank,Paid
8198,8198,2025-03-07,4660.38,UPI,Paid
8199,8199,2025-04-03,6932.67,UPI,Paid
8200,8200,2025-07-11,4589.16,UPI,Paid
8201,8201,2026-06-07,2499.2,Wallet,Paid
8202,8202,2024-02-15,5680.42,Wallet,Paid
8203,8203,2025-10-10,4378.59,Card,Paid
8204,8204,2025-03-18,1304.87,Card,Paid
8205,8205,2024-06-04,2701.52,Wallet,Paid
8206,8206,2024-03-03,1255.16,UPI,Paid
8207,8207,2024-05-29,4276.15,UPI,Paid
8208,8208,2026-02-14,629.55,Card,Paid
8209,8209,2026-07-25,1418.64,Card,Paid
8210,8210,2026-08-15,4456.38,Wallet,Failed
8211,8211,2026-03-21,4000.95,Wallet,Paid
8212,8212,2026-04-23,4792.49,Bank,Paid
8213,8213,2026-08-28,1253.82,Wallet,Paid
8214,8214,2025-11-16,4354.42,Wallet,Paid
8215,8215,2025-07-15,3218.99,UPI,Paid
8216,8216,2024-05-19,8965.87,UPI,Paid
8217,8217,2026-06-03,1905.53,Card,Paid
8218,8218,2026-01-23,2003.18,Bank,Paid
8219,8219,2025-06-09,10740.8,Wallet,Paid
8220,8220,2025-06-23,3882.02,Wallet,Paid
8221,8221,2025-12-31,5593.23,UPI,Paid
8222,8222,2025-07-15,6155.15,Wallet,Paid
8223,8223,2026-03-12,2529.71,Card,Paid
8224,8224,2024-02-07,5449.43,Card,Paid
8225,8225,2025-04-11,5246.35,Wallet,Paid
8226,8226,2024-03-21,1069.43,Card,Paid
8227,8227,2025-09-10,952.21,UPI,Paid
8228,8228,2024-08-03,1475.08,Bank,Paid
8229,8229,2025-12-23,303.01,Wallet,Paid
8230,8230,2024-12-14,1727.81,Bank,Paid
8231,8231,2026-06-29,1276.31,Wallet,Paid
8232,8232,2024-10-13,1243.09,Card,Paid
8233,8233,2025-12-25,1328.98,UPI,Paid
8234,8234,2024-07-05,3125.72,Card,Paid
8235,8235,2026-03-27,285.28,Wallet,Paid
8236,8236,2024-06-17,3157.58,Wallet,Pending
8237,8237,2024-04-10,1226.99,Wallet,Paid
8238,8238,2025-07-15,842.64,Bank,Paid
8239,8239,2026-04-20,670.94,Wallet,Paid
8240,8240,2025-07-07,3396.44,Card,Paid
8241,8241,2025-01-10,157.67,Card,Paid
8242,8242,2026-05-03,1740.4,Card,Pending
8243,8243,2025-11-01,5462.66,Bank,Paid
8244,8244,2024-12-28,412.79,UPI,Paid
8245,8245,2026-05-11,2141.62,UPI,Paid
8246,8246,2024-06-28,387.86,Card,Paid
8247,8247,2024-09-01,1797.03,Card,Paid
8248,8248,2026-05-21,1654.51,Wallet,Failed
8249,8249,2024-02-12,3549.3,UPI,Paid
8250,8250,2026-05-17,2371.57,Wallet,Paid
8251,8251,2025-08-14,632.16,Bank,Paid
8252,8252,2025-05-02,7255.77,Wallet,Paid
8253,8253,2024-05-17,746.87,Bank,Failed
8254,8254,2025-02-04,6516.97,UPI,Paid
8255,8255,2025-03-19,3223.33,UPI,Paid
8256,8256,2024-07-20,3155.63,Wallet,Paid
8257,8257,2024-01-03,6945.93,Wallet,Paid
8258,8258,2024-05-07,4373.83,UPI,Paid
8259,8259,2025-09-27,3247.67,Bank,Failed
8260,8260,2025-10-02,2155.3,Wallet,Paid
8261,8261,2026-01-20,3266.22,UPI,Paid
8262,8262,2024-02-17,2337.37,Bank,Paid
8263,8263,2026-02-24,4588.18,Wallet,Paid
8264,8264,2026-07-18,2496.94,Wallet,Paid
8265,8265,2025-04-16,2057.45,Bank,Paid
8266,8266,2026-02-20,2184.77,Bank,Paid
8267,8267,2024-02-26,1251.03,Wallet,Paid
8268,8268,2024-07-02,82.61,Wallet,Paid
8269,8269,2025-07-06,5261.76,Wallet,Paid
8270,8270,2025-10-11,3491.05,Card,Paid
8271,8271,2024-02-15,5396.98,UPI,Paid
8272,8272,2026-02-28,3563.55,Wallet,Paid
8273,8273,2024-02-04,2376.65,Card,Paid
8274,8274,2024-03-20,8848.98,Card,Paid
8275,8275,2025-12-10,242.32,Wallet,Failed
8276,8276,2024-08-17,2621.55,Bank,Paid
8277,8277,2024-09-18,5153.85,Card,Pending
8278,8278,2026-03-25,1681.85,UPI,Paid
8279,8279,2026-05-28,1917.75,Card,Paid
8280,8280,2025-08-11,1499.12,Card,Paid
8281,8281,2025-10-31,2630.69,Card,Paid
8282,8282,2025-03-24,5477.52,Wallet,Paid
8283,8283,2025-07-17,2692.31,Bank,Paid
8284,8284,2024-01-10,5050.56,Card,Paid
8285,8285,2025-08-09,3859.65,Card,Paid
8286,8286,2025-10-02,7208.51,Wallet,Paid
8287,8287,2024-03-24,2766.09,UPI,Paid
8288,8288,2026-05-05,3997.77,Card,Paid
8289,8289,2025-07-28,4528.54,Bank,Paid
8290,8290,2025-03-10,797.15,Wallet,Paid
8291,8291,2025-10-30,2682.95,Wallet,Paid
8292,8292,2026-06-17,401.21,Card,Paid
8293,8293,2026-04-15,4123.48,UPI,Failed
8294,8294,2026-01-21,4918.48,Bank,Paid
8295,8295,2025-07-27,4839.13,UPI,Pending
8296,8296,2026-01-21,1506.89,Card,Paid
8297,8297,2026-05-15,4114.81,Bank,Paid
8298,8298,2025-09-08,4746.57,Bank,Paid
8299,8299,2025-02-01,2321.72,UPI,Paid
8300,8300,2025-07-26,4298.08,Wallet,Paid
8301,8301,2025-07-25,6676.41,Bank,Paid
8302,8302,2024-01-08,1520.71,UPI,Paid
8303,8303,2026-01-10,7403.79,Wallet,Pending
8304,8304,2025-06-14,642.69,UPI,Paid
8305,8305,2026-04-26,6176.55,Card,Paid
8306,8306,2024-07-05,1340.24,Wallet,Paid
8307,8307,2024-02-26,312.6,UPI,Paid
8308,8308,2024-06-21,4380.87,UPI,Paid
8309,8309,2025-06-28,3059.94,Wallet,Paid
8310,8310,2025-04-19,4515.94,Wallet,Paid
8311,8311,2024-01-28,4893.36,Bank,Paid
8312,8312,2024-05-04,3721.4,Bank,Paid
8313,8313,2024-05-11,1047.3,Wallet,Paid
8314,8314,2025-05-31,1450.11,Wallet,Paid
8315,8315,2026-07-04,3981.63,UPI,Paid
8316,8316,2024-05-19,162.3,UPI,Paid
8317,8317,2026-05-20,4864.76,Card,Paid
8318,8318,2026-04-03,154.51,UPI,Paid
8319,8319,2025-05-23,2949.58,Card,Paid
8320,8320,2025-05-10,1976.82,Card,Paid
8321,8321,2025-03-30,7289.16,Bank,Paid
8322,8322,2024-05-23,1537.97,Wallet,Paid
8323,8323,2025-02-22,1609.71,Wallet,Failed
8324,8324,2025-09-29,1060.09,UPI,Paid
8325,8325,2026-08-03,2849.67,Wallet,Failed
8326,8326,2024-12-16,1428.42,Card,Paid
8327,8327,2024-09-06,717.23,Bank,Paid
8328,8328,2025-03-21,561.75,UPI,Paid
8329,8329,2025-10-20,6240.83,UPI,Paid
8330,8330,2025-11-14,6314.89,UPI,Paid
8331,8331,2024-05-25,3926.55,UPI,Failed
8332,8332,2024-02-19,6396.31,Card,Paid
8333,8333,2024-02-24,4644.0,Card,Paid
8334,8334,2026-04-01,5715.21,Bank,Paid
8335,8335,2025-08-23,2133.66,UPI,Paid
8336,8336,2026-04-12,1131.48,Card,Paid
8337,8337,2025-04-06,2771.06,Card,Paid
8338,8338,2026-08-04,5960.7,Card,Paid
8339,8339,2025-01-16,226.23,Bank,Paid
8340,8340,2025-11-10,4079.8,Card,Paid
8341,8341,2025-07-24,3949.58,Card,Paid
8342,8342,2026-05-03,1688.33,Card,Paid
8343,8343,2024-09-29,783.26,UPI,Paid
8344,8344,2025-10-17,6680.12,Wallet,Paid
8345,8345,2024-01-20,142.01,Wallet,Paid
8346,8346,2025-09-04,1907.94,Card,Paid
8347,8347,2024-06-10,5902.97,UPI,Paid
8348,8348,2024-10-05,1358.94,UPI,Paid
8349,8349,2026-05-25,4645.93,Wallet,Paid
8350,8350,2025-01-02,5803.59,Wallet,Paid
8351,8351,2025-08-31,4125.02,Bank,Pending
8352,8352,2024-06-08,1595.99,Wallet,Paid
8353,8353,2025-12-11,726.74,Bank,Paid
8354,8354,2024-03-30,419.7,UPI,Paid
8355,8355,2024-02-05,9227.18,Card,Paid
8356,8356,2024-04-27,5734.91,UPI,Pending
8357,8357,2026-02-21,5789.7,Bank,Paid
8358,8358,2025-01-17,2249.81,UPI,Paid
8359,8359,2025-07-25,687.13,UPI,Paid
8360,8360,2024-05-10,2470.22,UPI,Paid
8361,8361,2024-10-04,4307.09,Bank,Paid
8362,8362,2026-06-10,5285.33,UPI,Failed
8363,8363,2025-03-07,4253.79,Wallet,Paid
8364,8364,2026-03-20,4201.3,Wallet,Failed
8365,8365,2025-02-15,7100.46,UPI,Paid
8366,8366,2025-06-23,2021.77,UPI,Paid
8367,8367,2026-05-17,2651.23,UPI,Paid
8368,8368,2026-03-20,1729.2,Wallet,Paid
8369,8369,2024-10-25,4796.99,Card,Paid
8370,8370,2024-09-01,4908.29,Card,Paid
8371,8371,2025-04-24,1940.81,UPI,Paid
8372,8372,2025-10-18,2566.35,UPI,Paid
8373,8373,2024-05-20,2342.16,Card,Paid
8374,8374,2024-12-30,2585.68,UPI,Paid
8375,8375,2026-05-19,1750.44,Wallet,Paid
8376,8376,2024-06-10,427.35,Card,Paid
8377,8377,2024-09-23,2168.32,Card,Failed
8378,8378,2026-01-11,4082.09,UPI,Pending
8379,8379,2025-07-24,1656.27,Wallet,Paid
8380,8380,2025-08-02,421.91,Card,Paid
8381,8381,2024-03-15,4325.89,UPI,Paid
8382,8382,2024-08-25,3782.11,Wallet,Paid
8383,8383,2024-02-11,1962.95,UPI,Paid
8384,8384,2026-01-30,6694.04,Bank,Paid
8385,8385,2026-04-30,340.29,Wallet,Paid
8386,8386,2026-08-26,2340.53,Card,Paid
8387,8387,2025-02-03,762.74,Wallet,Paid
8388,8388,2024-07-04,6492.06,UPI,Paid
8389,8389,2025-01-11,1219.32,Bank,Paid
8390,8390,2024-03-24,242.0,Wallet,Paid
8391,8391,2025-08-02,2941.44,Wallet,Failed
8392,8392,2025-12-31,6484.48,Wallet,Paid
8393,8393,2026-02-25,3895.53,UPI,Paid
8394,8394,2026-02-06,1337.76,Wallet,Pending
8395,8395,2025-04-29,4661.77,UPI,Paid
8396,8396,2024-12-21,3229.18,Card,Paid
8397,8397,2026-02-15,4441.8,Bank,Paid
8398,8398,2026-06-23,94.37,Card,Paid
8399,8399,2025-09-25,302.74,Wallet,Paid
8400,8400,2026-01-27,4797.98,Wallet,Paid
8401,8401,2024-05-29,3670.81,Bank,Paid
8402,8402,2024-06-16,518.69,Bank,Paid
8403,8403,2024-01-21,399.95,UPI,Paid
8404,8404,2025-07-22,3906.6,Wallet,Paid
8405,8405,2026-06-14,5760.36,UPI,Paid
8406,8406,2024-02-24,2768.22,Wallet,Paid
8407,8407,2025-08-27,3983.37,Wallet,Paid
8408,8408,2025-05-13,5773.95,Card,Paid
8409,8409,2025-04-03,998.44,Card,Paid
8410,8410,2025-06-17,480.85,Wallet,Paid
8411,8411,2025-08-31,8287.43,Wallet,Paid
8412,8412,2024-09-23,2917.26,Bank,Paid
8413,8413,2024-06-12,3258.94,UPI,Paid
8414,8414,2026-02-17,1586.56,Bank,Paid
8415,8415,2024-11-04,3895.41,Bank,Paid
8416,8416,2026-03-13,8664.54,UPI,Paid
8417,8417,2025-07-22,3996.88,UPI,Paid
8418,8418,2024-09-21,2098.98,Bank,Paid
8419,8419,2024-03-31,1550.71,Wallet,Paid
8420,8420,2024-03-21,3072.01,Card,Paid
8421,8421,2024-12-08,1816.87,Wallet,Paid
8422,8422,2026-08-02,2312.13,UPI,Paid
8423,8423,2025-05-05,795.45,Bank,Paid
8424,8424,2024-09-02,2518.89,UPI,Paid
8425,8425,2025-01-06,5976.95,Bank,Paid
8426,8426,2025-01-06,6198.57,Wallet,Paid
8427,8427,2026-07-12,1045.28,Bank,Paid
8428,8428,2024-05-30,3475.98,Bank,Paid
8429,8429,2024-09-23,1918.28,Wallet,Paid
8430,8430,2025-08-26,4821.67,UPI,Paid
8431,8431,2025-08-23,176.65,Bank,Paid
8432,8432,2024-06-17,8139.23,Bank,Paid
8433,8433,2025-01-07,5020.47,Card,Paid
8434,8434,2025-05-06,3601.39,Bank,Paid
8435,8435,2025-08-03,3401.94,Bank,Paid
8436,8436,2025-12-22,2768.5,Card,Paid
8437,8437,2024-04-06,77.81,UPI,Paid
8438,8438,2025-11-19,3040.18,UPI,Paid
8439,8439,2024-02-17,2489.0,Bank,Paid
8440,8440,2025-10-12,6839.23,Card,Paid
8441,8441,2024-01-02,881.1,Card,Paid
8442,8442,2024-01-01,3717.21,Card,Paid
8443,8443,2024-10-04,3884.71,Card,Paid
8444,8444,2024-01-25,3361.36,Card,Paid
8445,8445,2026-01-01,3728.01,Card,Paid
8446,8446,2025-03-24,8285.47,Card,Paid
8447,8447,2024-11-28,4902.83,Card,Pending
8448,8448,2024-12-20,2719.82,Wallet,Paid
8449,8449,2025-08-03,1510.15,Card,Paid
8450,8450,2024-10-05,2752.35,UPI,Paid
8451,8451,2024-09-30,2573.06,Bank,Paid
8452,8452,2026-05-17,1255.05,Bank,Paid
8453,8453,2024-08-05,1253.58,Card,Paid
8454,8454,2025-08-17,4964.46,Card,Paid
8455,8455,2025-09-21,3940.17,UPI,Paid
8456,8456,2025-04-24,3021.17,Card,Paid
8457,8457,2024-03-21,1681.91,UPI,Paid
8458,8458,2026-01-03,3865.1,Card,Paid
8459,8459,2024-07-17,538.91,UPI,Paid
8460,8460,2024-10-22,338.82,Wallet,Paid
8461,8461,2024-06-17,251.34,UPI,Paid
8462,8462,2026-07-23,2910.73,UPI,Paid
8463,8463,2026-04-01,2409.41,Wallet,Paid
8464,8464,2025-10-23,831.4,Card,Paid
8465,8465,2024-06-29,6573.36,Card,Paid
8466,8466,2024-12-03,2525.3,Wallet,Paid
8467,8467,2026-08-12,857.71,Card,Paid
8468,8468,2025-03-12,9015.09,Wallet,Paid
8469,8469,2025-12-12,6046.96,Wallet,Paid
8470,8470,2025-04-02,831.05,Bank,Paid
8471,8471,2024-07-24,415.9,Card,Pending
8472,8472,2026-07-30,1185.27,Card,Paid
8473,8473,2024-03-24,4019.84,Card,Paid
8474,8474,2025-07-26,1165.83,Wallet,Paid
8475,8475,2024-04-23,2422.61,Wallet,Paid
8476,8476,2025-07-11,2444.99,UPI,Paid
8477,8477,2025-12-14,5018.27,Bank,Paid
8478,8478,2025-02-08,6961.22,UPI,Paid
8479,8479,2025-07-25,3595.7,UPI,Failed
8480,8480,2025-12-08,4361.44,Bank,Paid
8481,8481,2024-01-23,9829.54,Bank,Failed
8482,8482,2025-10-30,4293.8,Card,Paid
8483,8483,2024-05-17,7861.61,Bank,Paid
8484,8484,2026-06-25,1979.83,Wallet,Paid
8485,8485,2026-08-04,1320.37,Card,Paid
8486,8486,2026-04-25,6915.63,Wallet,Paid
8487,8487,2026-01-20,4031.29,Bank,Paid
8488,8488,2025-01-27,1491.07,Card,Paid
8489,8489,2024-11-22,4083.16,Wallet,Paid
8490,8490,2024-10-17,535.83,Card,Paid
8491,8491,2026-07-05,3108.06,Wallet,Paid
8492,8492,2024-03-29,2367.27,Card,Paid
8493,8493,2026-04-01,2919.84,Wallet,Failed
8494,8494,2025-02-24,3821.94,UPI,Paid
8495,8495,2025-01-10,1952.71,Card,Paid
8496,8496,2024-05-31,1168.23,Card,Paid
8497,8497,2024-10-21,7597.03,Card,Failed
8498,8498,2024-09-09,4099.87,Card,Paid
8499,8499,2024-12-03,2867.78,UPI,Paid
8500,8500,2024-03-05,3734.86,Wallet,Paid
8501,8501,2025-04-12,1124.07,Bank,Paid
8502,8502,2025-12-10,1583.36,UPI,Paid
8503,8503,2025-10-16,2545.12,Card,Paid
8504,8504,2025-12-04,3258.45,Card,Paid
8505,8505,2024-09-13,2692.25,Wallet,Failed
8506,8506,2024-01-22,1138.6,UPI,Paid
8507,8507,2024-08-05,2724.18,Card,Paid
8508,8508,2025-08-27,3509.03,Wallet,Paid
8509,8509,2025-02-19,762.36,Card,Paid
8510,8510,2024-03-11,753.31,UPI,Paid
8511,8511,2025-09-02,819.65,UPI,Paid
8512,8512,2024-10-01,4183.47,Bank,Paid
8513,8513,2024-11-17,2255.0,Card,Paid
8514,8514,2026-05-25,2525.82,Wallet,Paid
8515,8515,2025-08-16,1796.65,Bank,Paid
8516,8516,2026-07-01,3624.3,Card,Paid
8517,8517,2024-04-07,991.31,Wallet,Paid
8518,8518,2026-05-05,277.73,Card,Paid
8519,8519,2026-08-08,2774.73,UPI,Paid
8520,8520,2025-01-24,2531.17,UPI,Failed
8521,8521,2025-05-03,4426.51,Bank,Paid
8522,8522,2025-11-18,91.61,Wallet,Paid
8523,8523,2024-03-14,1952.55,Bank,Failed
8524,8524,2024-04-30,4442.22,UPI,Paid
8525,8525,2024-03-20,5643.5,Bank,Paid
8526,8526,2025-08-27,2843.01,Bank,Paid
8527,8527,2026-07-22,6481.26,Bank,Pending
8528,8528,2025-01-20,1477.17,Wallet,Paid
8529,8529,2024-05-28,7014.6,Bank,Paid
8530,8530,2024-11-28,1327.39,Wallet,Paid
8531,8531,2024-01-19,851.74,Bank,Paid
8532,8532,2026-02-21,2717.34,UPI,Paid
8533,8533,2025-12-19,3347.71,UPI,Paid
8534,8534,2025-11-16,5512.87,Wallet,Paid
8535,8535,2024-11-23,479.67,UPI,Paid
8536,8536,2026-08-21,3323.97,Bank,Paid
8537,8537,2024-09-02,544.75,UPI,Paid
8538,8538,2025-06-22,8372.57,Bank,Paid
8539,8539,2024-05-02,266.84,Bank,Paid
8540,8540,2024-12-21,5741.77,Card,Paid
8541,8541,2025-02-16,7420.06,Bank,Paid
8542,8542,2025-02-20,331.09,UPI,Paid
8543,8543,2025-10-24,4101.17,Card,Paid
8544,8544,2024-10-18,1177.74,Bank,Paid
8545,8545,2024-07-17,5592.97,Bank,Paid
8546,8546,2026-03-01,3259.27,Wallet,Paid
8547,8547,2024-03-05,835.7,Wallet,Paid
8548,8548,2025-05-10,3488.56,UPI,Paid
8549,8549,2025-03-19,45.72,Bank,Paid
8550,8550,2024-12-08,335.77,Bank,Paid
8551,8551,2025-05-14,1887.88,Wallet,Paid
8552,8552,2025-05-20,1749.97,Wallet,Paid
8553,8553,2025-08-22,3121.88,Wallet,Paid
8554,8554,2025-10-02,1057.83,Bank,Paid
8555,8555,2026-08-09,2551.37,Card,Paid
8556,8556,2025-09-15,1251.52,Card,Paid
8557,8557,2025-12-06,2254.3,Card,Paid
8558,8558,2024-01-04,4626.98,Wallet,Paid
8559,8559,2024-03-05,4591.63,Wallet,Paid
8560,8560,2025-06-19,3369.71,Bank,Paid
8561,8561,2025-03-05,2979.29,Card,Pending
8562,8562,2026-03-16,1262.66,UPI,Paid
8563,8563,2025-01-23,9864.78,Card,Paid
8564,8564,2025-10-19,84.74,Card,Paid
8565,8565,2026-04-22,3088.78,Wallet,Paid
8566,8566,2025-03-19,3192.63,Wallet,Paid
8567,8567,2026-04-11,4550.35,Bank,Paid
8568,8568,2024-08-27,2120.73,UPI,Paid
8569,8569,2026-01-15,3851.41,Bank,Paid
8570,8570,2025-10-24,2961.58,Bank,Paid
8571,8571,2024-02-04,3280.65,Card,Paid
8572,8572,2025-01-13,8861.4,UPI,Paid
8573,8573,2025-12-11,1510.64,UPI,Paid
8574,8574,2025-05-08,6152.81,Bank,Paid
8575,8575,2025-07-16,2658.69,Card,Paid
8576,8576,2025-02-05,2179.67,Card,Paid
8577,8577,2025-10-15,164.21,Bank,Paid
8578,8578,2026-06-01,434.88,Bank,Failed
8579,8579,2026-06-21,509.66,UPI,Paid
8580,8580,2024-07-29,4046.86,Bank,Paid
8581,8581,2024-03-27,2983.34,Card,Paid
8582,8582,2024-01-26,1129.45,Bank,Paid
8583,8583,2026-03-20,1489.42,UPI,Paid
8584,8584,2026-08-15,5013.08,Wallet,Paid
8585,8585,2025-05-30,2535.39,Card,Paid
8586,8586,2024-12-09,5894.46,Wallet,Paid
8587,8587,2026-07-07,4586.62,Bank,Paid
8588,8588,2024-04-29,622.37,Bank,Paid
8589,8589,2026-05-09,4123.13,UPI,Paid
8590,8590,2026-04-15,2784.29,Card,Paid
8591,8591,2024-10-12,1214.5,Wallet,Paid
8592,8592,2026-04-12,961.76,UPI,Paid
8593,8593,2024-07-09,3436.5,Wallet,Paid
8594,8594,2025-05-02,836.13,Wallet,Paid
8595,8595,2025-01-18,3187.34,Card,Paid
8596,8596,2024-06-17,2846.35,Wallet,Paid
8597,8597,2026-06-28,2349.69,UPI,Paid
8598,8598,2026-02-27,913.94,Wallet,Paid
8599,8599,2025-10-30,3300.61,Bank,Paid
8600,8600,2024-12-19,181.1,Bank,Paid
8601,8601,2025-11-26,6295.12,UPI,Paid
8602,8602,2025-08-04,7000.22,Card,Paid
8603,8603,2024-12-16,3031.25,Card,Paid
8604,8604,2025-03-28,90.08,Wallet,Paid
8605,8605,2026-04-23,3829.1,UPI,Paid
8606,8606,2024-10-06,3927.4,UPI,Pending
8607,8607,2025-07-24,4919.89,Wallet,Paid
8608,8608,2024-12-23,4474.08,Card,Paid
8609,8609,2025-12-22,1561.29,Bank,Paid
8610,8610,2024-08-19,5051.92,Wallet,Paid
8611,8611,2025-10-07,9895.75,UPI,Paid
8612,8612,2024-11-22,3278.03,Card,Paid
8613,8613,2024-12-05,4433.61,Wallet,Paid
8614,8614,2024-07-08,7686.53,Bank,Paid
8615,8615,2025-12-25,4590.19,Card,Paid
8616,8616,2026-01-12,493.58,Bank,Paid
8617,8617,2025-06-19,3327.73,Card,Paid
8618,8618,2026-02-10,975.13,Bank,Paid
8619,8619,2025-11-20,2705.0,Card,Paid
8620,8620,2026-03-21,2653.91,Bank,Paid
8621,8621,2024-04-30,3173.91,Wallet,Paid
8622,8622,2026-07-08,3172.28,Card,Paid
8623,8623,2024-08-31,8949.8,Wallet,Paid
8624,8624,2025-04-29,2345.38,UPI,Paid
8625,8625,2024-11-26,3530.25,Bank,Pending
8626,8626,2025-09-28,1779.13,Bank,Paid
8627,8627,2025-12-21,4773.18,Bank,Paid
8628,8628,2024-02-09,3848.53,UPI,Paid
8629,8629,2025-03-28,5851.48,Card,Paid
8630,8630,2025-06-08,6026.46,Wallet,Paid
8631,8631,2024-07-07,3142.17,Card,Paid
8632,8632,2025-03-03,4524.59,Bank,Paid
8633,8633,2025-08-30,3027.76,Wallet,Paid
8634,8634,2025-01-15,1779.69,Wallet,Paid
8635,8635,2026-03-18,4095.37,Bank,Paid
8636,8636,2026-07-19,6080.2,Card,Paid
8637,8637,2024-01-26,5664.14,Wallet,Paid
8638,8638,2026-08-21,6934.28,UPI,Paid
8639,8639,2026-06-19,438.57,Bank,Paid
8640,8640,2025-02-06,1213.25,Card,Paid
8641,8641,2025-06-14,2490.78,Wallet,Paid
8642,8642,2026-01-07,5310.79,Card,Paid
8643,8643,2024-01-16,2858.73,Bank,Paid
8644,8644,2024-11-16,4823.25,Bank,Paid
8645,8645,2024-03-12,1173.04,UPI,Paid
8646,8646,2026-08-16,2198.96,Wallet,Paid
8647,8647,2024-01-08,4222.12,Wallet,Paid
8648,8648,2024-11-23,1230.5,Bank,Paid
8649,8649,2024-12-30,2630.15,UPI,Paid
8650,8650,2024-01-27,3739.52,Bank,Paid
8651,8651,2024-10-03,6700.86,Card,Paid
8652,8652,2026-03-09,9315.74,Bank,Paid
8653,8653,2025-12-30,1971.13,Wallet,Paid
8654,8654,2024-08-25,7179.46,UPI,Paid
8655,8655,2024-10-01,473.77,Wallet,Paid
8656,8656,2025-04-22,362.42,Card,Paid
8657,8657,2025-09-08,2743.17,Wallet,Paid
8658,8658,2025-03-02,8104.11,Wallet,Paid
8659,8659,2024-06-15,7923.68,Wallet,Paid
8660,8660,2024-11-24,1559.53,Card,Paid
8661,8661,2025-12-05,9988.23,Bank,Paid
8662,8662,2025-02-17,1727.78,Card,Failed
8663,8663,2025-07-10,5161.32,Wallet,Paid
8664,8664,2024-09-14,5855.26,Card,Paid
8665,8665,2026-07-24,1176.65,Wallet,Paid
8666,8666,2025-06-25,8164.75,Card,Failed
8667,8667,2025-10-19,1747.65,UPI,Paid
8668,8668,2026-06-26,1695.3,Wallet,Paid
8669,8669,2025-01-25,3303.92,Bank,Paid
8670,8670,2025-02-10,1563.74,UPI,Paid
8671,8671,2024-01-17,952.4,Card,Paid
8672,8672,2025-06-02,4112.87,UPI,Paid
8673,8673,2025-12-04,3482.76,Bank,Paid
8674,8674,2025-09-09,4673.5,Wallet,Paid
8675,8675,2025-04-19,1647.38,Card,Paid
8676,8676,2026-03-11,2961.01,Wallet,Paid
8677,8677,2026-04-14,3539.8,Wallet,Paid
8678,8678,2025-03-30,2442.7,UPI,Paid
8679,8679,2025-12-26,6048.79,UPI,Paid
8680,8680,2024-08-12,1110.16,Bank,Paid
8681,8681,2024-06-04,3751.24,Bank,Failed
8682,8682,2026-04-16,1584.84,Card,Paid
8683,8683,2025-05-13,4487.55,Bank,Paid
8684,8684,2024-12-18,2845.71,Card,Paid
8685,8685,2025-05-23,2886.91,UPI,Paid
8686,8686,2024-01-18,1803.12,Bank,Paid
8687,8687,2026-08-19,4628.0,Wallet,Paid
8688,8688,2024-01-07,1501.65,UPI,Paid
8689,8689,2026-05-19,753.61,Wallet,Paid
8690,8690,2024-01-06,3108.67,Card,Paid
8691,8691,2025-09-17,9759.44,Bank,Failed
8692,8692,2026-02-13,1176.87,Card,Paid
8693,8693,2024-09-21,3581.1,UPI,Paid
8694,8694,2025-08-02,727.77,Card,Paid
8695,8695,2026-02-01,3208.64,UPI,Paid
8696,8696,2026-03-30,1902.73,Bank,Paid
8697,8697,2024-09-21,5297.6,Wallet,Paid
8698,8698,2026-04-30,59.56,Card,Paid
8699,8699,2026-03-07,530.62,Wallet,Paid
8700,8700,2025-08-13,1246.28,Wallet,Paid
8701,8701,2026-03-30,1603.12,UPI,Paid
8702,8702,2025-12-13,3702.32,Card,Paid
8703,8703,2024-05-02,480.14,Wallet,Paid
8704,8704,2026-02-25,1244.39,UPI,Paid
8705,8705,2025-03-14,2710.76,Card,Paid
8706,8706,2026-06-10,1298.69,UPI,Paid
8707,8707,2026-03-21,2664.56,UPI,Paid
8708,8708,2025-11-27,2296.31,Bank,Paid
8709,8709,2024-01-05,2400.39,Bank,Paid
8710,8710,2026-04-18,1258.88,UPI,Paid
8711,8711,2024-07-18,2818.26,Wallet,Paid
8712,8712,2025-02-15,5699.5,Bank,Paid
8713,8713,2025-03-29,7858.8,Bank,Paid
8714,8714,2025-05-03,5189.36,Card,Paid
8715,8715,2026-07-03,4291.43,Card,Paid
8716,8716,2024-02-17,1176.99,Wallet,Paid
8717,8717,2026-06-24,3958.81,Wallet,Pending
8718,8718,2026-02-04,2329.39,Wallet,Paid
8719,8719,2026-02-13,2767.96,UPI,Paid
8720,8720,2025-03-14,4698.18,Card,Pending
8721,8721,2026-06-05,2356.81,UPI,Failed
8722,8722,2025-10-12,1570.99,Bank,Paid
8723,8723,2025-05-18,4326.44,Card,Paid
8724,8724,2024-01-26,3268.4,Wallet,Paid
8725,8725,2026-08-10,5017.13,Bank,Paid
8726,8726,2024-07-16,637.16,UPI,Failed
8727,8727,2025-05-01,5430.12,Card,Paid
8728,8728,2026-03-16,5818.62,UPI,Pending
8729,8729,2024-04-13,8209.13,Wallet,Paid
8730,8730,2025-01-10,917.22,Card,Paid
8731,8731,2025-06-10,108.78,Wallet,Pending
8732,8732,2025-02-09,2373.64,UPI,Paid
8733,8733,2026-03-23,2057.07,UPI,Paid
8734,8734,2024-03-31,3272.52,UPI,Paid
8735,8735,2024-10-19,6420.15,Wallet,Paid
8736,8736,2025-03-08,2910.34,Bank,Paid
8737,8737,2024-04-25,6324.29,Bank,Paid
8738,8738,2024-06-10,2326.02,UPI,Paid
8739,8739,2025-05-11,3817.19,Card,Paid
8740,8740,2024-01-14,2930.6,UPI,Paid
8741,8741,2024-11-04,8227.82,Wallet,Paid
8742,8742,2024-05-25,6235.49,UPI,Paid
8743,8743,2025-11-13,4595.33,Bank,Paid
8744,8744,2025-08-02,6718.21,Card,Paid
8745,8745,2024-10-16,7157.68,UPI,Paid
8746,8746,2024-10-22,1852.6,Card,Paid
8747,8747,2024-01-20,823.76,UPI,Paid
8748,8748,2024-04-30,1666.42,Bank,Paid
8749,8749,2024-06-16,4054.66,Card,Paid
8750,8750,2025-09-16,293.91,Card,Paid
8751,8751,2024-09-06,2528.62,Card,Paid
8752,8752,2025-02-07,5217.43,Card,Paid
8753,8753,2024-01-03,2611.76,Bank,Paid
8754,8754,2026-01-04,1476.24,Card,Paid
8755,8755,2025-11-26,2180.24,Bank,Paid
8756,8756,2026-02-11,2884.19,UPI,Paid
8757,8757,2024-05-01,7500.12,Bank,Paid
8758,8758,2026-04-20,1508.49,UPI,Paid
8759,8759,2024-07-28,827.9,Card,Paid
8760,8760,2024-11-28,4790.62,Card,Paid
8761,8761,2026-08-21,2499.9,UPI,Paid
8762,8762,2025-04-11,1472.42,Bank,Paid
8763,8763,2026-05-04,3089.41,Bank,Paid
8764,8764,2025-12-19,3172.74,Bank,Paid
8765,8765,2025-05-30,3303.84,Wallet,Paid
8766,8766,2025-08-12,5329.32,Card,Paid
8767,8767,2024-04-20,983.06,Wallet,Paid
8768,8768,2024-08-22,3156.43,UPI,Paid
8769,8769,2024-01-11,2226.91,Card,Paid
8770,8770,2026-08-27,5279.02,UPI,Paid
8771,8771,2024-05-19,9469.32,UPI,Paid
8772,8772,2026-03-21,5208.48,UPI,Paid
8773,8773,2025-04-10,2839.13,Wallet,Paid
8774,8774,2024-10-31,5468.65,Wallet,Paid
8775,8775,2024-05-12,2640.92,UPI,Paid
8776,8776,2025-06-17,6620.7,Wallet,Paid
8777,8777,2025-07-31,2437.8,Bank,Paid
8778,8778,2026-02-15,887.1,Bank,Paid
8779,8779,2024-03-13,6537.7,Bank,Paid
8780,8780,2026-08-20,3117.72,Bank,Paid
8781,8781,2024-10-09,2751.99,Wallet,Paid
8782,8782,2024-01-13,2403.44,Wallet,Pending
8783,8783,2026-08-23,4990.9,UPI,Paid
8784,8784,2025-04-19,432.33,Wallet,Paid
8785,8785,2025-06-19,1690.77,Card,Paid
8786,8786,2024-06-27,2045.84,Wallet,Paid
8787,8787,2026-05-20,4403.65,Wallet,Paid
8788,8788,2026-01-03,2712.63,UPI,Paid
8789,8789,2024-05-04,3067.87,UPI,Paid
8790,8790,2026-04-01,7289.28,UPI,Paid
8791,8791,2025-05-29,4718.06,UPI,Paid
8792,8792,2024-09-11,419.81,Card,Paid
8793,8793,2024-07-01,4542.14,Bank,Paid
8794,8794,2025-05-31,160.46,UPI,Paid
8795,8795,2026-04-16,4155.02,Wallet,Paid
8796,8796,2024-06-26,5150.55,Bank,Paid
8797,8797,2025-02-05,7000.85,Bank,Paid
8798,8798,2026-02-27,2171.48,UPI,Paid
8799,8799,2025-04-11,97.08,Bank,Paid
8800,8800,2026-02-12,3835.02,Wallet,Paid
8801,8801,2024-02-06,2770.71,Bank,Paid
8802,8802,2026-07-26,3988.27,Wallet,Paid
8803,8803,2025-07-20,2766.93,UPI,Paid
8804,8804,2024-06-25,3315.74,Wallet,Paid
8805,8805,2025-04-15,7589.16,Wallet,Paid
8806,8806,2025-10-30,1558.16,UPI,Paid
8807,8807,2026-07-31,5573.28,Wallet,Paid
8808,8808,2024-07-17,1805.35,Wallet,Paid
8809,8809,2026-02-25,3714.09,Bank,Paid
8810,8810,2026-07-02,2821.26,Wallet,Paid
8811,8811,2024-08-18,5465.51,UPI,Paid
8812,8812,2024-05-26,7280.52,UPI,Paid
8813,8813,2026-07-08,4452.8,Bank,Paid
8814,8814,2025-04-20,1719.01,Wallet,Paid
8815,8815,2024-03-01,238.65,Wallet,Paid
8816,8816,2026-04-19,36.07,Card,Paid
8817,8817,2024-12-10,5779.89,Wallet,Paid
8818,8818,2024-05-27,4911.29,Wallet,Paid
8819,8819,2024-03-01,3260.45,Card,Paid
8820,8820,2026-01-22,1667.56,Card,Paid
8821,8821,2024-03-17,4618.28,Card,Paid
8822,8822,2024-07-03,2729.32,Wallet,Paid
8823,8823,2025-03-01,4923.93,Wallet,Paid
8824,8824,2024-05-16,3874.6,Card,Paid
8825,8825,2025-06-03,4080.99,Wallet,Paid
8826,8826,2026-04-21,3972.1,UPI,Paid
8827,8827,2024-07-07,9397.57,UPI,Paid
8828,8828,2026-07-01,1830.82,Card,Paid
8829,8829,2025-03-31,5057.24,Wallet,Paid
8830,8830,2024-03-07,4416.69,UPI,Paid
8831,8831,2024-05-19,6137.24,Card,Paid
8832,8832,2025-11-24,832.07,UPI,Paid
8833,8833,2025-06-05,4269.62,Bank,Paid
8834,8834,2024-02-28,3703.25,Wallet,Paid
8835,8835,2025-11-10,1274.53,Bank,Paid
8836,8836,2025-06-25,5498.52,UPI,Paid
8837,8837,2025-10-06,3640.18,UPI,Paid
8838,8838,2025-07-02,592.05,UPI,Paid
8839,8839,2026-05-25,1919.35,Card,Paid
8840,8840,2024-05-17,2918.45,Wallet,Paid
8841,8841,2024-09-08,4133.31,Wallet,Paid
8842,8842,2026-03-04,653.0,Bank,Paid
8843,8843,2025-01-06,3244.36,Card,Paid
8844,8844,2024-05-14,3969.07,Card,Paid
8845,8845,2024-06-08,476.64,Wallet,Paid
8846,8846,2026-05-20,2416.66,Bank,Paid
8847,8847,2025-02-27,2440.88,Wallet,Paid
8848,8848,2025-04-17,676.24,Card,Paid
8849,8849,2024-06-23,126.27,Wallet,Paid
8850,8850,2025-06-04,945.71,Wallet,Paid
8851,8851,2024-02-01,3717.83,Wallet,Paid
8852,8852,2026-07-24,4252.62,Card,Paid
8853,8853,2026-07-31,1747.55,Bank,Paid
8854,8854,2024-01-21,2240.08,Card,Paid
8855,8855,2025-02-09,2517.22,Bank,Paid
8856,8856,2025-06-29,1395.83,Card,Paid
8857,8857,2025-12-09,3383.32,Wallet,Paid
8858,8858,2026-08-09,6024.77,Bank,Paid
8859,8859,2025-09-27,943.06,Card,Paid
8860,8860,2025-06-22,3863.84,Bank,Paid
8861,8861,2024-03-28,6916.63,Card,Paid
8862,8862,2025-12-21,521.66,Bank,Paid
8863,8863,2025-03-18,4511.08,Card,Paid
8864,8864,2026-01-08,840.5,Bank,Pending
8865,8865,2025-07-16,6361.45,Wallet,Paid
8866,8866,2025-04-04,3323.72,Wallet,Paid
8867,8867,2026-07-12,514.3,UPI,Paid
8868,8868,2025-09-05,2727.15,Card,Paid
8869,8869,2025-01-02,788.75,Card,Paid
8870,8870,2024-03-19,1505.11,UPI,Paid
8871,8871,2025-04-08,7773.4,Card,Paid
8872,8872,2025-09-16,5440.0,Wallet,Paid
8873,8873,2025-04-10,2230.14,Bank,Paid
8874,8874,2025-07-16,2462.36,Card,Paid
8875,8875,2024-09-27,672.37,Wallet,Paid
8876,8876,2024-01-01,2213.15,UPI,Paid
8877,8877,2024-08-01,2472.48,Wallet,Paid
8878,8878,2024-07-17,356.59,Bank,Paid
8879,8879,2025-03-31,1499.62,Bank,Paid
8880,8880,2024-08-03,5722.63,Wallet,Failed
8881,8881,2024-02-01,1518.84,Wallet,Paid
8882,8882,2025-04-17,6368.78,Card,Paid
8883,8883,2024-12-16,3346.98,UPI,Paid
8884,8884,2025-04-16,4593.17,Wallet,Paid
8885,8885,2024-12-07,656.75,UPI,Paid
8886,8886,2025-03-16,5660.33,Card,Paid
8887,8887,2024-01-07,5597.84,Bank,Paid
8888,8888,2026-07-19,266.79,Wallet,Paid
8889,8889,2025-09-17,3025.85,Card,Paid
8890,8890,2024-05-14,618.49,Wallet,Paid
8891,8891,2024-03-23,3756.18,Wallet,Paid
8892,8892,2024-12-16,4090.48,Wallet,Paid
8893,8893,2024-04-25,5690.75,UPI,Pending
8894,8894,2025-03-02,47.77,Wallet,Paid
8895,8895,2024-05-20,1765.93,UPI,Paid
8896,8896,2024-06-28,5222.97,Bank,Paid
8897,8897,2024-04-19,6359.97,Bank,Paid
8898,8898,2026-03-06,4550.92,Wallet,Paid
8899,8899,2025-03-22,1169.27,UPI,Paid
8900,8900,2025-10-20,6362.7,Wallet,Paid
8901,8901,2024-02-10,3376.65,Wallet,Paid
8902,8902,2026-02-19,2387.9,UPI,Paid
8903,8903,2024-08-23,1626.94,UPI,Paid
8904,8904,2025-06-22,4985.99,Wallet,Paid
8905,8905,2026-05-27,2430.31,UPI,Paid
8906,8906,2025-06-28,1425.67,UPI,Paid
8907,8907,2024-10-24,3612.53,Card,Paid
8908,8908,2025-10-02,3749.43,UPI,Paid
8909,8909,2025-10-17,3188.37,UPI,Paid
8910,8910,2024-04-13,2829.98,UPI,Paid
8911,8911,2024-05-10,1984.82,Bank,Failed
8912,8912,2026-03-28,3074.28,Wallet,Paid
8913,8913,2026-07-05,3940.78,UPI,Paid
8914,8914,2024-10-19,2215.44,Bank,Paid
8915,8915,2025-02-18,4560.67,Wallet,Paid
8916,8916,2024-09-20,1418.36,Bank,Paid
8917,8917,2026-03-06,7118.19,Bank,Paid
8918,8918,2025-07-13,4777.94,Wallet,Paid
8919,8919,2025-11-06,2019.86,Card,Paid
8920,8920,2025-12-28,3867.1,UPI,Paid
8921,8921,2025-08-08,5567.14,Bank,Failed
8922,8922,2024-07-27,1912.23,UPI,Paid
8923,8923,2025-04-14,217.22,Card,Paid
8924,8924,2024-10-17,6443.96,Card,Paid
8925,8925,2025-11-13,1492.06,Wallet,Paid
8926,8926,2025-06-17,2272.86,Wallet,Pending
8927,8927,2024-11-13,2976.43,Bank,Paid
8928,8928,2025-07-28,668.59,UPI,Paid
8929,8929,2026-04-02,1680.42,Wallet,Paid
8930,8930,2026-01-26,2263.87,Card,Paid
8931,8931,2026-07-06,5267.03,UPI,Paid
8932,8932,2025-09-19,3494.9,Card,Pending
8933,8933,2026-01-11,5156.51,Bank,Paid
8934,8934,2026-07-15,449.38,Bank,Paid
8935,8935,2024-12-18,7564.45,Card,Paid
8936,8936,2026-08-18,6988.52,Bank,Paid
8937,8937,2024-05-23,3968.4,UPI,Paid
8938,8938,2025-04-11,8642.61,UPI,Paid
8939,8939,2026-07-19,1710.38,UPI,Paid
8940,8940,2024-08-12,5871.97,Card,Paid
8941,8941,2024-07-14,4104.2,Bank,Paid
8942,8942,2024-04-16,746.88,UPI,Failed
8943,8943,2024-10-15,3713.94,Bank,Paid
8944,8944,2024-01-09,2751.85,Bank,Paid
8945,8945,2024-03-29,1708.65,Bank,Paid
8946,8946,2025-06-11,8980.71,UPI,Paid
8947,8947,2026-08-25,3649.84,Bank,Paid
8948,8948,2026-07-11,3142.19,UPI,Paid
8949,8949,2024-02-05,2570.8,UPI,Paid
8950,8950,2025-02-13,5296.36,Bank,Paid
8951,8951,2026-03-24,134.12,Wallet,Paid
8952,8952,2024-09-28,1722.17,Card,Paid
8953,8953,2024-03-17,4002.63,Wallet,Paid
8954,8954,2026-04-17,2367.87,Wallet,Pending
8955,8955,2024-09-05,4426.71,Card,Paid
8956,8956,2025-05-04,603.39,Bank,Paid
8957,8957,2024-07-30,5607.04,Bank,Paid
8958,8958,2025-07-21,3191.87,UPI,Paid
8959,8959,2026-05-08,4205.2,Card,Paid
8960,8960,2025-06-24,846.82,Wallet,Paid
8961,8961,2024-07-02,1028.4,Bank,Paid
8962,8962,2026-02-27,2027.21,Bank,Paid
8963,8963,2024-10-10,4595.69,Card,Paid
8964,8964,2024-09-23,87.0,UPI,Paid
8965,8965,2024-12-27,234.74,Wallet,Pending
8966,8966,2026-05-10,3694.26,Bank,Paid
8967,8967,2024-06-30,4692.04,Card,Paid
8968,8968,2025-11-17,2967.07,UPI,Paid
8969,8969,2026-02-19,2108.83,Card,Paid
8970,8970,2026-02-18,4787.6,Bank,Paid
8971,8971,2025-08-06,10416.19,Card,Paid
8972,8972,2025-07-29,2019.19,Wallet,Paid
8973,8973,2025-07-09,1402.71,Card,Paid
8974,8974,2025-06-01,3084.23,Wallet,Paid
8975,8975,2025-05-17,3107.61,UPI,Paid
8976,8976,2025-05-08,1283.04,UPI,Paid
8977,8977,2024-06-26,4019.82,Card,Paid
8978,8978,2025-03-24,2089.99,Bank,Paid
8979,8979,2025-11-19,3395.72,UPI,Paid
8980,8980,2026-02-20,2587.85,Card,Paid
8981,8981,2026-03-21,3596.96,UPI,Paid
8982,8982,2024-08-18,5507.13,UPI,Paid
8983,8983,2024-02-28,3074.58,Card,Paid
8984,8984,2024-02-15,4502.28,UPI,Paid
8985,8985,2025-03-18,433.41,Bank,Paid
8986,8986,2024-01-17,2080.77,Bank,Paid
8987,8987,2026-07-10,7221.07,UPI,Failed
8988,8988,2025-11-01,6141.0,Bank,Failed
8989,8989,2026-08-24,6157.67,UPI,Paid
8990,8990,2024-04-17,745.17,Bank,Paid
8991,8991,2024-09-17,2983.22,Bank,Paid
8992,8992,2026-05-17,4334.81,UPI,Paid
8993,8993,2025-07-23,493.39,Wallet,Paid
8994,8994,2024-02-13,3427.8,Wallet,Paid
8995,8995,2026-04-17,4329.01,UPI,Paid
8996,8996,2025-10-08,4809.72,Wallet,Paid
8997,8997,2025-04-19,1232.61,Card,Paid
8998,8998,2026-04-17,2898.01,Card,Paid
8999,8999,2025-04-17,681.67,Wallet,Paid
9000,9000,2024-06-12,2895.71,Wallet,Paid
9001,9001,2026-02-22,1408.61,UPI,Paid
9002,9002,2025-09-20,5862.83,Card,Paid
9003,9003,2026-03-30,3745.25,Card,Paid
9004,9004,2026-01-28,3110.3,Card,Paid
9005,9005,2026-05-19,2720.03,Bank,Paid
9006,9006,2024-06-15,2226.39,Card,Paid
9007,9007,2024-04-08,1166.49,Card,Paid
9008,9008,2025-05-25,7192.78,Bank,Paid
9009,9009,2025-10-22,1738.15,Wallet,Paid
9010,9010,2024-05-14,3664.15,Bank,Paid
9011,9011,2025-02-03,3493.16,Card,Paid
9012,9012,2024-03-08,414.08,Bank,Paid
9013,9013,2025-07-04,4912.56,Bank,Paid
9014,9014,2026-07-11,1224.27,UPI,Paid
9015,9015,2024-04-28,4473.66,UPI,Pending
9016,9016,2024-05-25,1367.7,UPI,Paid
9017,9017,2026-05-03,1406.51,Bank,Failed
9018,9018,2026-05-30,4588.47,UPI,Paid
9019,9019,2024-10-14,2437.26,UPI,Paid
9020,9020,2024-03-01,303.74,UPI,Pending
9021,9021,2024-03-25,479.97,UPI,Paid
9022,9022,2025-04-11,2700.02,Card,Paid
9023,9023,2024-01-13,2855.16,UPI,Paid
9024,9024,2024-11-19,6802.18,Wallet,Paid
9025,9025,2025-01-18,1658.46,Wallet,Paid
9026,9026,2025-06-13,1028.49,Bank,Paid
9027,9027,2026-04-01,1088.9,UPI,Paid
9028,9028,2024-02-04,2364.26,Card,Paid
9029,9029,2025-02-08,2466.4,Card,Paid
9030,9030,2026-03-24,5207.69,UPI,Paid
9031,9031,2024-07-20,2787.33,Wallet,Paid
9032,9032,2026-03-30,1412.77,UPI,Paid
9033,9033,2025-02-10,4626.41,Bank,Paid
9034,9034,2026-08-22,3124.97,Bank,Paid
9035,9035,2024-09-04,1099.72,Card,Paid
9036,9036,2026-07-16,4251.03,Bank,Paid
9037,9037,2024-12-25,4174.8,Card,Paid
9038,9038,2025-04-14,842.73,Wallet,Paid
9039,9039,2024-02-09,3061.93,Wallet,Paid
9040,9040,2026-04-18,6650.89,Bank,Paid
9041,9041,2024-02-10,1069.73,Bank,Paid
9042,9042,2026-06-12,4624.06,Wallet,Paid
9043,9043,2026-07-13,208.67,Card,Paid
9044,9044,2024-04-10,4186.47,Card,Paid
9045,9045,2025-11-02,4030.28,UPI,Paid
9046,9046,2025-04-11,7394.08,Card,Paid
9047,9047,2024-10-16,6675.23,Bank,Paid
9048,9048,2025-05-04,5516.92,Wallet,Paid
9049,9049,2025-03-15,5385.03,Card,Paid
9050,9050,2025-03-31,4259.3,Bank,Paid
9051,9051,2024-08-09,5552.99,Bank,Pending
9052,9052,2026-04-12,3624.86,UPI,Paid
9053,9053,2025-05-15,2328.61,Bank,Paid
9054,9054,2024-10-30,3442.4,Wallet,Paid
9055,9055,2024-04-20,2075.22,Bank,Paid
9056,9056,2024-12-19,3729.34,Bank,Pending
9057,9057,2024-06-05,2337.82,Wallet,Pending
9058,9058,2025-12-06,457.9,Wallet,Paid
9059,9059,2024-09-04,1213.86,Wallet,Failed
9060,9060,2025-03-31,2646.54,Bank,Paid
9061,9061,2025-05-21,4759.85,Bank,Paid
9062,9062,2026-02-06,2079.36,UPI,Paid
9063,9063,2025-03-24,5628.77,Bank,Paid
9064,9064,2026-06-18,194.41,Bank,Paid
9065,9065,2024-06-05,6616.05,Card,Paid
9066,9066,2025-11-29,6529.49,Card,Paid
9067,9067,2025-04-06,3930.18,Wallet,Paid
9068,9068,2026-03-30,3629.14,UPI,Paid
9069,9069,2024-07-15,2376.73,Card,Paid
9070,9070,2025-11-06,935.79,UPI,Failed
9071,9071,2024-01-09,5687.54,Wallet,Paid
9072,9072,2024-03-23,4429.12,UPI,Paid
9073,9073,2025-10-23,9205.34,Wallet,Paid
9074,9074,2026-05-21,5906.22,Card,Paid
9075,9075,2024-04-28,3228.77,Card,Paid
9076,9076,2025-02-09,1808.93,Wallet,Failed
9077,9077,2025-03-11,4401.16,Bank,Paid
9078,9078,2026-03-16,3327.41,UPI,Paid
9079,9079,2026-04-18,3380.08,Bank,Paid
9080,9080,2026-02-01,2551.97,UPI,Paid
9081,9081,2024-12-28,3806.11,Wallet,Paid
9082,9082,2025-04-30,4264.32,UPI,Paid
9083,9083,2025-08-16,5232.92,Card,Failed
9084,9084,2025-01-16,5883.26,Bank,Paid
9085,9085,2024-10-24,4450.58,Bank,Paid
9086,9086,2025-03-02,3552.36,UPI,Paid
9087,9087,2024-05-25,2217.05,Bank,Paid
9088,9088,2026-07-12,446.44,Card,Paid
9089,9089,2026-02-10,4322.5,Card,Paid
9090,9090,2025-03-18,7530.04,Wallet,Paid
9091,9091,2024-09-02,6242.79,UPI,Paid
9092,9092,2026-05-02,3442.2,Bank,Paid
9093,9093,2025-03-24,9626.79,UPI,Paid
9094,9094,2026-07-03,196.89,UPI,Paid
9095,9095,2024-09-14,4359.95,Wallet,Paid
9096,9096,2026-06-22,5912.24,Bank,Paid
9097,9097,2025-02-16,1022.13,Bank,Paid
9098,9098,2024-06-29,5508.72,UPI,Paid
9099,9099,2025-06-30,3481.38,Wallet,Paid
9100,9100,2025-07-23,6504.65,UPI,Paid
9101,9101,2024-06-18,3131.83,Card,Paid
9102,9102,2024-08-09,2196.86,Card,Paid
9103,9103,2026-01-01,1595.45,Wallet,Paid
9104,9104,2025-04-14,43.93,Wallet,Paid
9105,9105,2024-09-10,2651.69,UPI,Paid
9106,9106,2024-07-22,2835.15,Card,Pending
9107,9107,2024-02-28,6495.09,Wallet,Paid
9108,9108,2026-02-12,428.08,Bank,Paid
9109,9109,2024-12-31,2003.92,Bank,Paid
9110,9110,2024-11-01,301.6,Wallet,Failed
9111,9111,2024-01-29,270.1,Wallet,Paid
9112,9112,2024-11-27,1949.95,UPI,Paid
9113,9113,2025-01-20,1148.76,Bank,Paid
9114,9114,2026-06-07,145.46,UPI,Failed
9115,9115,2026-08-09,348.98,Bank,Paid
9116,9116,2026-04-11,3171.0,Bank,Paid
9117,9117,2025-10-20,8587.48,Wallet,Pending
9118,9118,2026-03-13,4016.31,Wallet,Paid
9119,9119,2025-06-01,5985.07,Wallet,Paid
9120,9120,2025-10-20,1343.35,Wallet,Failed
9121,9121,2025-11-04,2559.81,UPI,Paid
9122,9122,2024-10-11,6297.31,Wallet,Paid
9123,9123,2025-10-14,986.94,Wallet,Paid
9124,9124,2026-08-15,2708.39,UPI,Paid
9125,9125,2024-11-29,2665.54,Bank,Paid
9126,9126,2024-09-27,3821.09,Wallet,Paid
9127,9127,2026-03-11,5230.69,Card,Paid
9128,9128,2025-11-02,340.71,Card,Paid
9129,9129,2026-04-17,2900.38,UPI,Paid
9130,9130,2026-05-06,29.75,UPI,Paid
9131,9131,2025-02-08,3550.62,Card,Paid
9132,9132,2025-07-13,1711.19,Wallet,Paid
9133,9133,2024-03-06,6491.89,UPI,Paid
9134,9134,2026-04-20,8653.97,Bank,Paid
9135,9135,2025-07-09,8117.47,UPI,Failed
9136,9136,2025-02-24,5620.6,UPI,Pending
9137,9137,2026-01-01,3080.71,Card,Paid
9138,9138,2026-06-19,1327.69,Bank,Paid
9139,9139,2024-08-28,631.21,Bank,Pending
9140,9140,2026-07-13,4285.84,UPI,Paid
9141,9141,2025-10-01,6324.59,Wallet,Paid
9142,9142,2024-03-01,3080.24,Wallet,Paid
9143,9143,2025-12-17,3108.97,Wallet,Paid
9144,9144,2024-08-15,1412.02,Wallet,Paid
9145,9145,2025-04-07,797.23,Bank,Pending
9146,9146,2024-04-18,516.62,Card,Paid
9147,9147,2024-02-02,4630.9,Card,Paid
9148,9148,2024-10-21,713.34,UPI,Paid
9149,9149,2024-01-23,4416.68,Card,Paid
9150,9150,2024-03-10,4329.61,Card,Paid
9151,9151,2025-11-06,928.8,UPI,Paid
9152,9152,2026-08-12,7288.84,Bank,Paid
9153,9153,2025-03-17,2720.52,Bank,Paid
9154,9154,2026-02-22,3640.88,Bank,Paid
9155,9155,2024-04-06,1101.04,UPI,Paid
9156,9156,2024-07-23,2789.87,Card,Paid
9157,9157,2025-09-19,1430.34,Card,Paid
9158,9158,2025-08-17,4770.49,Card,Paid
9159,9159,2025-02-12,3741.94,Bank,Paid
9160,9160,2024-12-11,2799.54,Wallet,Paid
9161,9161,2025-11-01,2389.16,UPI,Paid
9162,9162,2025-11-13,1678.76,UPI,Paid
9163,9163,2025-06-17,6213.82,UPI,Paid
9164,9164,2025-08-01,1337.37,Card,Paid
9165,9165,2025-08-29,717.46,Card,Paid
9166,9166,2025-06-04,6105.44,UPI,Paid
9167,9167,2024-02-07,79.28,Wallet,Paid
9168,9168,2024-12-03,2590.09,Card,Paid
9169,9169,2026-04-13,6264.09,Wallet,Paid
9170,9170,2024-06-18,1377.11,Card,Paid
9171,9171,2024-06-18,2260.41,Card,Paid
9172,9172,2025-12-18,228.05,Wallet,Paid
9173,9173,2024-04-28,5615.14,Bank,Paid
9174,9174,2026-08-21,84.05,UPI,Paid
9175,9175,2025-06-15,1120.15,Bank,Paid
9176,9176,2024-10-10,7396.98,Wallet,Paid
9177,9177,2024-07-19,3990.56,UPI,Failed
9178,9178,2024-05-29,412.66,Bank,Pending
9179,9179,2026-05-09,2492.32,Bank,Paid
9180,9180,2024-02-07,6088.1,Bank,Paid
9181,9181,2025-01-02,8173.38,Bank,Paid
9182,9182,2026-03-02,1467.9,Wallet,Paid
9183,9183,2025-03-31,5021.68,UPI,Paid
9184,9184,2025-05-29,2538.4,UPI,Paid
9185,9185,2025-10-08,1672.13,Wallet,Paid
9186,9186,2025-09-14,1768.9,Card,Paid
9187,9187,2025-12-03,5310.77,UPI,Paid
9188,9188,2024-08-07,1871.53,Bank,Paid
9189,9189,2026-03-02,3704.79,Wallet,Paid
9190,9190,2025-04-16,268.65,UPI,Pending
9191,9191,2024-07-24,1736.79,Card,Paid
9192,9192,2026-08-05,7574.37,Bank,Failed
9193,9193,2025-07-15,2694.36,Wallet,Paid
9194,9194,2024-03-23,3834.22,Bank,Paid
9195,9195,2026-05-22,3697.3,Bank,Paid
9196,9196,2024-02-28,4276.54,Wallet,Paid
9197,9197,2026-03-10,884.13,Wallet,Paid
9198,9198,2025-06-26,4051.97,Card,Paid
9199,9199,2024-03-28,1722.22,Card,Paid
9200,9200,2024-11-02,1979.76,Card,Paid
9201,9201,2026-01-26,1006.34,Wallet,Paid
9202,9202,2025-06-26,5914.71,Wallet,Paid
9203,9203,2026-04-06,1090.13,Wallet,Paid
9204,9204,2025-01-17,2809.53,UPI,Paid
9205,9205,2024-12-01,746.97,Bank,Paid
9206,9206,2024-08-01,6178.45,Card,Paid
9207,9207,2025-11-27,5732.68,UPI,Failed
9208,9208,2024-05-16,1068.71,Card,Paid
9209,9209,2025-05-10,3843.04,Wallet,Paid
9210,9210,2025-06-13,918.75,Wallet,Paid
9211,9211,2026-01-08,980.05,Bank,Paid
9212,9212,2026-07-14,388.28,Bank,Paid
9213,9213,2025-12-05,3829.05,UPI,Paid
9214,9214,2024-09-07,2258.87,UPI,Paid
9215,9215,2024-07-16,56.29,Bank,Paid
9216,9216,2025-05-30,221.16,Bank,Paid
9217,9217,2026-05-01,264.96,Bank,Paid
9218,9218,2024-10-01,4373.66,Bank,Paid
9219,9219,2024-12-25,6389.97,UPI,Paid
9220,9220,2026-07-23,4590.84,Bank,Paid
9221,9221,2026-03-12,3828.68,Bank,Paid
9222,9222,2025-10-06,4255.64,Bank,Paid
9223,9223,2026-04-08,2770.96,Bank,Paid
9224,9224,2024-07-02,483.57,Bank,Paid
9225,9225,2025-01-08,222.56,Card,Paid
9226,9226,2024-06-20,5290.52,UPI,Paid
9227,9227,2026-01-08,3535.35,Wallet,Paid
9228,9228,2026-07-23,2324.91,Wallet,Paid
9229,9229,2024-04-11,2684.94,Card,Paid
9230,9230,2025-09-19,1979.16,Card,Paid
9231,9231,2025-07-07,9071.23,UPI,Paid
9232,9232,2026-05-19,5511.1,Bank,Paid
9233,9233,2025-09-12,638.57,Bank,Paid
9234,9234,2026-01-20,8862.99,UPI,Paid
9235,9235,2025-05-02,5510.09,Card,Paid
9236,9236,2025-11-08,2118.97,Wallet,Pending
9237,9237,2026-05-15,1169.04,Card,Paid
9238,9238,2024-08-22,3399.6,UPI,Paid
9239,9239,2024-04-15,2913.89,Card,Failed
9240,9240,2024-04-11,1865.34,UPI,Paid
9241,9241,2024-01-15,286.96,Wallet,Paid
9242,9242,2024-01-17,731.7,Bank,Paid
9243,9243,2024-04-18,3855.4,Bank,Paid
9244,9244,2024-02-03,3262.59,Wallet,Paid
9245,9245,2026-02-25,4309.11,Bank,Paid
9246,9246,2026-07-09,3254.33,Bank,Paid
9247,9247,2026-04-10,1346.29,Wallet,Paid
9248,9248,2024-04-14,4994.94,Wallet,Paid
9249,9249,2025-01-19,470.32,Card,Paid
9250,9250,2026-05-05,6964.69,Card,Paid
9251,9251,2026-08-26,4418.79,Bank,Paid
9252,9252,2025-02-18,3845.82,Bank,Paid
9253,9253,2025-07-26,409.58,Card,Paid
9254,9254,2025-06-02,4323.63,Card,Paid
9255,9255,2025-08-03,2085.49,Bank,Pending
9256,9256,2026-07-17,1070.91,Card,Paid
9257,9257,2025-12-27,6764.02,UPI,Paid
9258,9258,2024-07-23,1219.69,Wallet,Paid
9259,9259,2025-09-25,1209.49,Wallet,Paid
9260,9260,2024-01-16,586.3,UPI,Paid
9261,9261,2024-09-25,4020.22,Bank,Paid
9262,9262,2024-12-07,6753.04,Bank,Paid
9263,9263,2025-06-13,428.46,Bank,Paid
9264,9264,2025-12-29,4498.72,Wallet,Paid
9265,9265,2025-05-14,3356.74,UPI,Paid
9266,9266,2024-12-01,6931.77,UPI,Paid
9267,9267,2026-08-20,111.79,Card,Paid
9268,9268,2025-12-25,2254.15,Bank,Paid
9269,9269,2026-03-20,2263.91,Wallet,Paid
9270,9270,2025-10-20,3005.61,Card,Paid
9271,9271,2024-05-04,4930.3,UPI,Paid
9272,9272,2025-12-21,697.25,Card,Pending
9273,9273,2024-10-02,3653.21,Wallet,Failed
9274,9274,2024-08-11,5192.61,Card,Paid
9275,9275,2026-06-16,3420.35,UPI,Paid
9276,9276,2025-01-16,833.29,Card,Paid
9277,9277,2024-03-14,919.23,UPI,Paid
9278,9278,2025-11-22,6425.92,Wallet,Paid
9279,9279,2025-01-31,1560.99,Card,Paid
9280,9280,2026-03-06,4137.12,UPI,Pending
9281,9281,2026-04-21,4737.56,Card,Paid
9282,9282,2026-03-04,5656.38,Bank,Paid
9283,9283,2025-07-10,1939.47,Wallet,Paid
9284,9284,2026-02-28,4544.59,Wallet,Paid
9285,9285,2026-04-23,352.76,Wallet,Paid
9286,9286,2025-05-03,4796.4,Card,Paid
9287,9287,2025-02-08,2272.0,Wallet,Paid
9288,9288,2024-01-08,4200.74,Wallet,Paid
9289,9289,2025-07-14,2796.5,UPI,Paid
9290,9290,2025-09-17,4025.16,Wallet,Paid
9291,9291,2024-06-02,648.4,Wallet,Paid
9292,9292,2026-06-03,2026.51,UPI,Paid
9293,9293,2025-10-27,2552.09,Wallet,Paid
9294,9294,2026-01-13,6700.9,Wallet,Paid
9295,9295,2026-04-28,2734.92,UPI,Paid
9296,9296,2026-05-05,1093.86,UPI,Paid
9297,9297,2024-03-05,1403.23,Card,Paid
9298,9298,2025-10-22,3298.21,Card,Paid
9299,9299,2026-03-06,6043.92,UPI,Paid
9300,9300,2024-05-26,7894.8,Bank,Paid
9301,9301,2025-09-07,567.08,UPI,Paid
9302,9302,2024-05-08,2741.73,Card,Paid
9303,9303,2026-03-25,687.07,Bank,Paid
9304,9304,2025-07-30,4130.79,UPI,Paid
9305,9305,2026-03-21,1493.13,UPI,Paid
9306,9306,2025-02-22,274.04,Card,Paid
9307,9307,2026-07-02,4467.0,Card,Paid
9308,9308,2024-10-16,2345.05,Card,Paid
9309,9309,2024-01-31,5906.71,Bank,Paid
9310,9310,2024-10-09,4865.06,Wallet,Paid
9311,9311,2026-02-04,7420.56,UPI,Failed
9312,9312,2024-11-24,4642.08,Wallet,Paid
9313,9313,2026-03-26,5524.12,Wallet,Paid
9314,9314,2026-05-03,1822.17,UPI,Paid
9315,9315,2024-12-28,4262.99,UPI,Paid
9316,9316,2026-06-10,1880.13,Wallet,Paid
9317,9317,2025-12-17,884.73,UPI,Paid
9318,9318,2024-06-02,2209.84,UPI,Paid
9319,9319,2024-08-15,56.45,Wallet,Paid
9320,9320,2026-07-22,419.75,Card,Paid
9321,9321,2025-05-31,774.45,UPI,Paid
9322,9322,2025-03-05,1612.79,UPI,Paid
9323,9323,2024-01-22,4447.13,Wallet,Paid
9324,9324,2025-11-15,5945.11,Bank,Paid
9325,9325,2025-01-30,1882.95,Bank,Paid
9326,9326,2025-03-05,3263.71,Bank,Paid
9327,9327,2024-08-14,3606.47,UPI,Pending
9328,9328,2025-06-13,4317.15,Bank,Paid
9329,9329,2025-12-12,736.67,Bank,Paid
9330,9330,2025-08-06,2242.64,Bank,Paid
9331,9331,2026-03-28,5498.86,UPI,Paid
9332,9332,2025-07-02,1824.54,UPI,Paid
9333,9333,2024-11-09,1425.72,UPI,Paid
9334,9334,2026-01-26,6137.81,Wallet,Paid
9335,9335,2025-04-22,3015.79,UPI,Paid
9336,9336,2024-02-11,2744.56,Card,Paid
9337,9337,2025-09-16,3464.5,UPI,Paid
9338,9338,2024-05-17,5018.75,Wallet,Pending
9339,9339,2025-01-26,1170.37,UPI,Paid
9340,9340,2026-08-19,3820.1,Wallet,Paid
9341,9341,2025-01-26,940.39,Card,Paid
9342,9342,2025-09-09,911.59,Bank,Paid
9343,9343,2024-10-14,2374.32,Bank,Failed
9344,9344,2024-04-08,716.16,Card,Paid
9345,9345,2025-12-06,1749.7,Card,Paid
9346,9346,2025-12-14,3727.27,Card,Paid
9347,9347,2026-06-15,6161.59,UPI,Paid
9348,9348,2025-07-02,3979.44,Bank,Pending
9349,9349,2025-01-27,2041.57,Wallet,Paid
9350,9350,2024-06-07,2906.43,Card,Paid
9351,9351,2025-11-17,5774.03,UPI,Paid
9352,9352,2025-03-21,2106.92,Bank,Paid
9353,9353,2025-12-05,7060.75,Card,Paid
9354,9354,2024-05-27,2830.15,Bank,Paid
9355,9355,2025-07-16,391.53,Wallet,Paid
9356,9356,2024-08-05,370.92,Wallet,Paid
9357,9357,2025-01-26,2853.11,Card,Paid
9358,9358,2024-04-19,1429.81,Bank,Paid
9359,9359,2024-07-09,889.69,Card,Paid
9360,9360,2024-10-08,1015.02,Card,Paid
9361,9361,2025-08-13,428.55,Card,Paid
9362,9362,2024-07-29,206.4,UPI,Paid
9363,9363,2025-02-27,6460.92,Bank,Paid
9364,9364,2024-03-15,3218.09,Bank,Paid
9365,9365,2025-01-06,3385.38,Bank,Paid
9366,9366,2025-02-22,138.54,Bank,Paid
9367,9367,2024-02-14,801.04,Wallet,Paid
9368,9368,2026-02-01,4818.22,Bank,Paid
9369,9369,2024-07-10,501.0,Card,Paid
9370,9370,2026-01-30,3130.14,Wallet,Paid
9371,9371,2025-03-20,3016.94,Bank,Paid
9372,9372,2024-06-28,569.35,Bank,Paid
9373,9373,2025-08-26,2115.09,Card,Paid
9374,9374,2025-01-26,1786.23,Bank,Paid
9375,9375,2025-06-26,2969.37,Wallet,Paid
9376,9376,2025-10-10,1351.86,Card,Paid
9377,9377,2025-01-03,4359.48,Wallet,Paid
9378,9378,2025-04-01,5107.79,Bank,Pending
9379,9379,2024-01-07,4091.71,Bank,Paid
9380,9380,2024-07-04,5255.79,Bank,Paid
9381,9381,2024-07-03,1215.33,Card,Paid
9382,9382,2025-09-29,3496.34,Bank,Paid
9383,9383,2024-12-26,4953.06,Bank,Paid
9384,9384,2026-05-08,616.57,Wallet,Paid
9385,9385,2024-02-11,8579.45,Card,Failed
9386,9386,2026-01-04,444.64,UPI,Paid
9387,9387,2026-03-28,3252.74,Bank,Paid
9388,9388,2026-05-11,1039.43,UPI,Paid
9389,9389,2024-04-17,2234.17,Bank,Paid
9390,9390,2024-05-28,3303.55,Card,Paid
9391,9391,2025-08-30,2577.04,Bank,Paid
9392,9392,2025-01-03,3626.35,Wallet,Paid
9393,9393,2025-08-29,728.57,Wallet,Paid
9394,9394,2025-08-13,4626.92,UPI,Paid
9395,9395,2025-06-30,4259.9,UPI,Paid
9396,9396,2025-04-20,3867.97,Bank,Paid
9397,9397,2025-11-22,100.94,Card,Paid
9398,9398,2026-06-22,629.87,Bank,Paid
9399,9399,2024-07-26,2859.81,Bank,Paid
9400,9400,2024-03-30,3226.26,Card,Paid
9401,9401,2025-02-12,4074.55,Card,Pending
9402,9402,2025-02-01,1596.33,UPI,Paid
9403,9403,2026-07-22,503.63,Wallet,Paid
9404,9404,2026-07-10,2522.36,Wallet,Paid
9405,9405,2024-02-24,3380.8,Bank,Paid
9406,9406,2024-04-23,2336.65,Bank,Paid
9407,9407,2025-09-23,996.49,Wallet,Paid
9408,9408,2026-03-05,3242.28,Card,Paid
9409,9409,2026-07-16,822.32,UPI,Paid
9410,9410,2025-02-03,2906.91,Bank,Paid
9411,9411,2025-12-13,257.35,Wallet,Paid
9412,9412,2024-12-25,1932.87,Card,Paid
9413,9413,2024-10-11,1570.01,Wallet,Paid
9414,9414,2025-12-09,1464.93,Wallet,Paid
9415,9415,2026-01-18,8455.19,Bank,Paid
9416,9416,2025-02-07,5658.64,UPI,Failed
9417,9417,2025-04-18,1419.02,Wallet,Paid
9418,9418,2024-02-18,3043.88,Card,Paid
9419,9419,2025-04-19,1402.99,Card,Paid
9420,9420,2024-06-27,1545.28,UPI,Paid
9421,9421,2025-08-21,6294.04,Card,Paid
9422,9422,2025-02-05,602.68,UPI,Paid
9423,9423,2026-07-06,302.1,Bank,Paid
9424,9424,2025-09-04,4229.44,Wallet,Paid
9425,9425,2024-10-07,5287.96,UPI,Paid
9426,9426,2025-02-24,3199.05,Bank,Failed
9427,9427,2025-10-23,7339.61,Wallet,Paid
9428,9428,2024-10-18,837.98,Wallet,Paid
9429,9429,2026-08-17,501.84,Card,Paid
9430,9430,2024-04-27,3413.12,UPI,Paid
9431,9431,2025-08-23,449.31,Bank,Paid
9432,9432,2025-02-11,3391.4,Bank,Paid
9433,9433,2025-10-21,6014.73,Wallet,Paid
9434,9434,2025-06-07,1705.24,Card,Paid
9435,9435,2025-10-07,146.78,UPI,Paid
9436,9436,2024-11-13,610.74,Bank,Paid
9437,9437,2025-11-29,2104.9,Wallet,Paid
9438,9438,2026-06-18,5030.78,Wallet,Paid
9439,9439,2024-08-26,2419.66,Bank,Paid
9440,9440,2024-06-01,3239.35,Bank,Paid
9441,9441,2024-02-23,3396.84,Bank,Paid
9442,9442,2026-06-27,6754.71,Bank,Paid
9443,9443,2024-08-06,487.93,Card,Paid
9444,9444,2024-08-04,3536.86,Bank,Paid
9445,9445,2026-02-26,2791.33,UPI,Paid
9446,9446,2025-08-02,997.41,Card,Paid
9447,9447,2025-07-28,1307.06,UPI,Paid
9448,9448,2024-12-03,5955.52,Card,Paid
9449,9449,2025-08-22,4071.77,Card,Paid
9450,9450,2025-06-02,3452.12,UPI,Paid
9451,9451,2024-08-23,9589.23,Wallet,Paid
9452,9452,2024-03-29,266.08,Card,Paid
9453,9453,2024-08-25,2294.85,Bank,Paid
9454,9454,2024-09-22,2208.26,Bank,Paid
9455,9455,2025-09-11,135.78,Card,Paid
9456,9456,2025-04-24,3580.29,Wallet,Paid
9457,9457,2024-01-24,933.77,Card,Paid
9458,9458,2025-04-28,474.94,Bank,Paid
9459,9459,2024-12-31,2686.94,UPI,Paid
9460,9460,2024-12-08,2643.5,Wallet,Failed
9461,9461,2024-02-08,422.14,Wallet,Failed
9462,9462,2025-02-14,5802.79,Bank,Paid
9463,9463,2024-12-08,2797.6,Wallet,Paid
9464,9464,2025-01-15,2486.14,Bank,Paid
9465,9465,2024-07-08,2123.42,Bank,Paid
9466,9466,2024-09-15,3765.85,Card,Pending
9467,9467,2026-03-16,2229.88,Bank,Paid
9468,9468,2025-11-26,4495.64,Bank,Paid
9469,9469,2024-02-24,2354.71,Bank,Paid
9470,9470,2025-03-08,2033.48,Bank,Paid
9471,9471,2025-11-29,5645.76,Wallet,Paid
9472,9472,2025-11-19,3268.8,UPI,Paid
9473,9473,2024-06-10,1814.25,Wallet,Paid
9474,9474,2024-07-24,3833.13,Bank,Paid
9475,9475,2024-04-19,3796.87,Wallet,Paid
9476,9476,2025-10-21,4936.39,UPI,Pending
9477,9477,2024-05-28,6082.68,Wallet,Failed
9478,9478,2025-10-13,1314.03,Wallet,Paid
9479,9479,2026-07-08,2225.17,UPI,Paid
9480,9480,2025-04-15,3820.8,Wallet,Paid
9481,9481,2026-01-13,2475.95,Bank,Paid
9482,9482,2024-01-11,1608.54,UPI,Paid
9483,9483,2024-05-19,3714.59,Wallet,Paid
9484,9484,2025-01-29,3456.16,Bank,Paid
9485,9485,2024-07-20,3776.8,Wallet,Paid
9486,9486,2024-03-31,2243.37,Wallet,Pending
9487,9487,2025-12-07,6164.05,Card,Paid
9488,9488,2025-11-09,635.77,UPI,Paid
9489,9489,2024-08-22,6621.61,Bank,Paid
9490,9490,2024-06-28,415.3,Card,Paid
9491,9491,2024-03-01,899.67,UPI,Paid
9492,9492,2024-04-29,2255.31,Bank,Paid
9493,9493,2024-03-17,1624.17,Card,Failed
9494,9494,2025-02-13,6646.13,UPI,Paid
9495,9495,2024-07-20,867.98,Wallet,Paid
9496,9496,2025-04-09,5649.57,Wallet,Paid
9497,9497,2024-02-06,3508.92,UPI,Paid
9498,9498,2025-08-08,1578.07,Card,Paid
9499,9499,2024-12-07,312.7,Bank,Paid
9500,9500,2025-09-05,3967.54,Bank,Paid
9501,9501,2024-05-29,2088.35,Bank,Paid
9502,9502,2025-01-19,78.59,Card,Paid
9503,9503,2024-04-10,3951.54,Bank,Paid
9504,9504,2026-02-28,3128.16,Card,Paid
9505,9505,2026-01-14,2032.46,UPI,Paid
9506,9506,2025-01-19,4058.76,Card,Paid
9507,9507,2024-02-26,986.13,Bank,Paid
9508,9508,2026-05-23,5830.14,UPI,Paid
9509,9509,2024-04-05,2669.34,Bank,Paid
9510,9510,2024-09-05,3365.46,UPI,Paid
9511,9511,2026-08-21,333.06,Card,Paid
9512,9512,2024-12-16,3243.42,Card,Paid
9513,9513,2024-06-17,3785.24,Wallet,Paid
9514,9514,2024-04-13,3164.18,Bank,Paid
9515,9515,2025-11-05,657.53,Bank,Paid
9516,9516,2025-11-28,2053.69,Bank,Pending
9517,9517,2026-03-14,3319.82,Wallet,Paid
9518,9518,2024-09-04,6064.48,Card,Paid
9519,9519,2026-05-11,4154.27,UPI,Paid
9520,9520,2025-03-25,2096.39,Card,Paid
9521,9521,2024-07-20,5333.7,Wallet,Paid
9522,9522,2025-11-25,5247.33,Wallet,Paid
9523,9523,2026-03-13,87.24,Bank,Paid
9524,9524,2026-08-16,4327.64,Card,Paid
9525,9525,2025-12-02,5552.19,Card,Paid
9526,9526,2024-07-07,1665.32,Bank,Paid
9527,9527,2024-09-18,215.31,UPI,Paid
9528,9528,2025-11-01,4628.75,UPI,Paid
9529,9529,2025-07-25,801.17,Wallet,Paid
9530,9530,2025-06-15,974.1,UPI,Pending
9531,9531,2025-01-24,2594.85,UPI,Paid
9532,9532,2026-05-08,7333.01,Wallet,Paid
9533,9533,2024-07-23,2326.87,UPI,Paid
9534,9534,2024-07-14,854.99,Card,Paid
9535,9535,2025-12-07,446.5,Wallet,Paid
9536,9536,2025-07-25,3438.4,Card,Paid
9537,9537,2026-04-04,3116.21,Wallet,Paid
9538,9538,2026-03-08,2359.3,Wallet,Paid
9539,9539,2024-09-02,3329.18,Card,Paid
9540,9540,2024-11-10,279.68,UPI,Paid
9541,9541,2024-09-11,854.55,UPI,Paid
9542,9542,2024-02-18,6554.3,Bank,Paid
9543,9543,2024-02-10,415.94,Bank,Failed
9544,9544,2026-02-18,4995.15,Card,Pending
9545,9545,2026-08-09,6499.69,Bank,Paid
9546,9546,2024-06-14,2437.02,Wallet,Paid
9547,9547,2024-02-25,4463.34,Card,Paid
9548,9548,2025-08-24,3033.01,UPI,Pending
9549,9549,2024-09-08,3970.57,UPI,Paid
9550,9550,2024-10-13,2123.56,Card,Paid
9551,9551,2025-12-11,3436.77,Wallet,Paid
9552,9552,2026-06-16,3385.6,Wallet,Paid
9553,9553,2024-06-09,4321.76,UPI,Paid
9554,9554,2025-01-10,1216.41,Bank,Paid
9555,9555,2026-08-07,1864.61,Wallet,Paid
9556,9556,2026-04-30,3519.23,UPI,Paid
9557,9557,2026-04-15,1791.07,Card,Failed
9558,9558,2025-05-03,643.84,UPI,Paid
9559,9559,2026-01-25,365.6,UPI,Paid
9560,9560,2024-06-05,182.43,Bank,Paid
9561,9561,2024-08-28,6749.95,Card,Paid
9562,9562,2025-08-13,3892.24,Bank,Paid
9563,9563,2026-07-11,6208.81,Wallet,Paid
9564,9564,2026-07-15,5402.14,Wallet,Paid
9565,9565,2025-11-20,926.1,Bank,Failed
9566,9566,2025-05-21,1390.63,UPI,Paid
9567,9567,2025-02-05,1894.6,Wallet,Pending
9568,9568,2025-02-01,4337.48,Wallet,Paid
9569,9569,2026-03-16,441.84,Bank,Paid
9570,9570,2025-07-05,1565.99,UPI,Paid
9571,9571,2025-10-25,1731.11,Card,Paid
9572,9572,2024-06-11,2598.57,Bank,Paid
9573,9573,2024-11-03,1146.11,Wallet,Paid
9574,9574,2024-03-22,1018.62,UPI,Paid
9575,9575,2024-10-05,2978.63,Card,Paid
9576,9576,2025-02-16,1717.48,Card,Paid
9577,9577,2026-02-17,1633.35,UPI,Paid
9578,9578,2026-06-17,4727.95,Wallet,Paid
9579,9579,2024-12-31,1817.45,UPI,Paid
9580,9580,2025-05-09,6595.31,Wallet,Paid
9581,9581,2024-11-21,2859.81,Wallet,Paid
9582,9582,2026-05-19,3740.12,UPI,Pending
9583,9583,2024-05-19,2891.84,Wallet,Paid
9584,9584,2024-09-04,2226.44,Card,Paid
9585,9585,2026-07-29,2387.9,Wallet,Paid
9586,9586,2025-10-13,2834.87,Wallet,Paid
9587,9587,2026-06-28,2668.1,Wallet,Paid
9588,9588,2024-02-24,1886.66,Wallet,Paid
9589,9589,2025-11-01,624.66,Wallet,Paid
9590,9590,2025-11-19,226.92,Card,Paid
9591,9591,2024-03-16,3621.72,UPI,Paid
9592,9592,2025-12-29,597.95,UPI,Paid
9593,9593,2025-03-03,300.41,Wallet,Paid
9594,9594,2026-07-07,6400.89,Wallet,Paid
9595,9595,2024-07-12,4436.98,Card,Paid
9596,9596,2024-11-19,2475.65,Card,Paid
9597,9597,2025-01-13,2471.44,UPI,Paid
9598,9598,2025-06-03,5524.94,Bank,Paid
9599,9599,2024-08-30,3328.39,Card,Failed
9600,9600,2026-04-20,6190.87,Card,Paid
9601,9601,2024-12-22,1196.5,UPI,Paid
9602,9602,2024-09-04,372.86,Bank,Paid
9603,9603,2026-08-09,3258.2,Bank,Paid
9604,9604,2024-10-13,831.83,UPI,Paid
9605,9605,2026-06-23,3850.11,Card,Paid
9606,9606,2025-05-09,525.82,Bank,Paid
9607,9607,2025-01-07,5326.46,UPI,Paid
9608,9608,2025-08-05,602.7,Bank,Paid
9609,9609,2024-11-14,4826.05,Card,Paid
9610,9610,2026-01-11,3536.85,Card,Paid
9611,9611,2026-06-29,959.17,Bank,Paid
9612,9612,2025-02-17,2235.14,Card,Paid
9613,9613,2025-01-10,3545.22,Bank,Paid
9614,9614,2025-10-15,2656.49,UPI,Paid
9615,9615,2026-07-15,2677.68,UPI,Paid
9616,9616,2026-08-01,767.86,UPI,Paid
9617,9617,2026-06-17,999.46,Card,Pending
9618,9618,2024-02-07,414.02,UPI,Paid
9619,9619,2025-12-13,2927.83,Bank,Failed
9620,9620,2024-10-20,286.23,Wallet,Paid
9621,9621,2025-02-27,7215.5,Wallet,Paid
9622,9622,2025-09-03,507.44,UPI,Pending
9623,9623,2025-08-04,456.53,UPI,Paid
9624,9624,2026-05-03,1466.89,Bank,Paid
9625,9625,2024-08-02,3361.28,Bank,Paid
9626,9626,2025-04-27,1594.48,UPI,Paid
9627,9627,2024-02-04,582.76,Wallet,Paid
9628,9628,2026-05-22,735.55,Card,Paid
9629,9629,2024-10-07,1398.49,Bank,Paid
9630,9630,2024-02-08,4814.32,UPI,Paid
9631,9631,2026-07-05,6861.02,Card,Paid
9632,9632,2026-07-14,2310.96,UPI,Paid
9633,9633,2025-09-27,2100.52,Wallet,Paid
9634,9634,2025-05-24,5249.82,Card,Paid
9635,9635,2026-03-17,6218.22,Wallet,Paid
9636,9636,2026-03-02,3521.29,Wallet,Paid
9637,9637,2024-08-03,3340.12,Bank,Paid
9638,9638,2026-05-15,5344.65,Bank,Paid
9639,9639,2026-04-07,383.55,Card,Paid
9640,9640,2024-06-29,1711.84,UPI,Paid
9641,9641,2025-08-12,1683.93,Card,Paid
9642,9642,2025-09-24,4971.11,Wallet,Pending
9643,9643,2024-09-15,5189.74,Card,Paid
9644,9644,2024-10-06,3369.5,Card,Paid
9645,9645,2026-06-17,1307.49,Bank,Paid
9646,9646,2026-03-21,4170.46,Card,Failed
9647,9647,2026-06-02,284.62,Card,Paid
9648,9648,2025-09-09,3568.05,Wallet,Paid
9649,9649,2026-07-17,331.2,Card,Paid
9650,9650,2024-11-09,3969.42,Wallet,Paid
9651,9651,2025-02-05,407.15,Wallet,Paid
9652,9652,2025-03-30,1565.55,Bank,Paid
9653,9653,2026-02-21,2704.55,Card,Paid
9654,9654,2025-03-25,1931.81,Wallet,Paid
9655,9655,2026-05-25,2517.35,UPI,Paid
9656,9656,2026-01-21,5129.84,Card,Paid
9657,9657,2024-04-18,1521.75,Card,Paid
9658,9658,2024-08-02,2814.42,UPI,Paid
9659,9659,2025-08-19,3465.39,Bank,Paid
9660,9660,2025-11-01,854.26,Card,Paid
9661,9661,2024-07-22,2799.04,UPI,Pending
9662,9662,2025-09-19,207.68,Bank,Paid
9663,9663,2026-08-23,5023.71,UPI,Paid
9664,9664,2026-03-06,4736.08,Bank,Paid
9665,9665,2026-02-28,385.42,Card,Paid
9666,9666,2026-04-29,2366.69,UPI,Paid
9667,9667,2025-01-21,9214.88,UPI,Paid
9668,9668,2025-09-11,6499.97,Card,Paid
9669,9669,2024-12-10,6406.33,Wallet,Paid
9670,9670,2024-09-15,4155.25,Bank,Paid
9671,9671,2024-12-29,3173.76,Card,Paid
9672,9672,2024-05-17,1063.81,Card,Paid
9673,9673,2026-07-31,6261.72,Wallet,Failed
9674,9674,2026-03-09,37.82,Card,Paid
9675,9675,2025-11-17,1449.39,UPI,Paid
9676,9676,2026-05-23,1700.15,Bank,Paid
9677,9677,2025-09-22,5797.2,Card,Paid
9678,9678,2025-03-04,3079.41,UPI,Paid
9679,9679,2025-06-22,5422.06,Wallet,Paid
9680,9680,2024-11-06,3805.97,UPI,Paid
9681,9681,2026-07-15,3582.39,UPI,Paid
9682,9682,2025-11-17,3920.28,Card,Paid
9683,9683,2024-11-28,525.65,UPI,Paid
9684,9684,2026-05-12,6809.9,Card,Paid
9685,9685,2024-05-02,6809.34,Bank,Paid
9686,9686,2024-02-04,2380.47,Bank,Paid
9687,9687,2026-03-26,500.78,Card,Paid
9688,9688,2024-10-09,3422.39,Card,Failed
9689,9689,2025-10-06,758.37,Bank,Paid
9690,9690,2025-02-16,2926.16,Wallet,Paid
9691,9691,2024-09-12,3435.11,Bank,Paid
9692,9692,2024-08-09,4111.82,Bank,Paid
9693,9693,2025-08-29,2991.88,UPI,Paid
9694,9694,2026-01-06,1669.77,Wallet,Paid
9695,9695,2025-11-29,4706.74,Wallet,Pending
9696,9696,2024-09-03,5133.87,Card,Paid
9697,9697,2024-05-11,2888.45,Bank,Paid
9698,9698,2025-07-08,2952.13,Bank,Paid
9699,9699,2025-11-29,1221.57,UPI,Paid
9700,9700,2024-05-01,3602.76,Bank,Paid
9701,9701,2024-08-22,2841.03,Bank,Paid
9702,9702,2025-09-01,2634.83,Wallet,Paid
9703,9703,2026-05-22,2763.71,Wallet,Paid
9704,9704,2025-09-26,2476.95,UPI,Paid
9705,9705,2024-11-10,812.31,Wallet,Paid
9706,9706,2024-03-07,1983.39,UPI,Paid
9707,9707,2026-03-29,4569.54,Wallet,Failed
9708,9708,2025-02-26,2913.84,Bank,Paid
9709,9709,2024-07-26,2793.16,Card,Paid
9710,9710,2025-09-04,7441.98,Card,Paid
9711,9711,2024-02-27,6790.39,Card,Paid
9712,9712,2026-01-01,812.1,Wallet,Paid
9713,9713,2025-05-07,272.19,Wallet,Paid
9714,9714,2025-09-11,818.26,Card,Paid
9715,9715,2024-08-06,797.84,UPI,Paid
9716,9716,2024-08-04,1056.74,UPI,Paid
9717,9717,2025-09-05,978.66,Wallet,Paid
9718,9718,2026-08-08,6091.64,Card,Paid
9719,9719,2025-12-20,732.45,Card,Paid
9720,9720,2025-10-18,5821.15,Card,Paid
9721,9721,2026-03-18,5664.95,Bank,Paid
9722,9722,2026-01-28,3743.91,Bank,Pending
9723,9723,2026-04-27,993.78,Card,Paid
9724,9724,2024-10-25,2832.41,UPI,Paid
9725,9725,2024-01-28,3331.38,Card,Paid
9726,9726,2026-06-25,5566.11,Card,Paid
9727,9727,2024-11-24,5314.28,Card,Paid
9728,9728,2026-08-01,2016.08,UPI,Failed
9729,9729,2025-07-31,2179.82,Wallet,Paid
9730,9730,2025-06-30,1149.41,Bank,Paid
9731,9731,2026-02-19,4010.66,Bank,Paid
9732,9732,2025-12-04,99.94,UPI,Paid
9733,9733,2026-01-03,1998.81,Card,Paid
9734,9734,2024-01-15,2152.16,UPI,Failed
9735,9735,2024-01-22,3852.09,Card,Paid
9736,9736,2024-05-09,492.48,UPI,Paid
9737,9737,2025-04-05,1977.2,UPI,Paid
9738,9738,2026-08-23,1386.58,UPI,Paid
9739,9739,2024-05-29,1885.35,Card,Paid
9740,9740,2024-12-28,2857.43,UPI,Paid
9741,9741,2024-02-19,1963.56,UPI,Failed
9742,9742,2026-04-19,6188.24,Wallet,Paid
9743,9743,2024-07-03,2863.62,Bank,Pending
9744,9744,2025-06-24,4785.29,Card,Paid
9745,9745,2025-07-08,4400.16,UPI,Paid
9746,9746,2025-06-13,3989.56,Wallet,Paid
9747,9747,2026-03-29,3085.71,Card,Failed
9748,9748,2024-10-30,1158.6,Bank,Paid
9749,9749,2025-06-03,1404.21,Wallet,Pending
9750,9750,2025-10-14,1196.27,UPI,Paid
9751,9751,2026-02-22,6921.68,UPI,Paid
9752,9752,2025-06-08,2027.61,UPI,Paid
9753,9753,2025-02-26,2075.02,Bank,Paid
9754,9754,2025-01-26,6772.73,Card,Failed
9755,9755,2026-04-12,6487.8,Wallet,Paid
9756,9756,2024-01-23,4584.9,Wallet,Paid
9757,9757,2025-03-02,10353.24,Card,Paid
9758,9758,2024-11-29,2869.23,Bank,Paid
9759,9759,2024-09-18,172.5,Wallet,Pending
9760,9760,2025-02-17,2985.23,Card,Paid
9761,9761,2025-02-20,6453.76,Wallet,Paid
9762,9762,2024-11-12,875.5,Bank,Paid
9763,9763,2024-03-12,318.07,Card,Pending
9764,9764,2026-02-08,8392.12,Card,Paid
9765,9765,2024-05-01,2855.08,Bank,Paid
9766,9766,2025-10-14,2022.12,Wallet,Paid
9767,9767,2024-04-02,2667.83,Bank,Paid
9768,9768,2026-04-07,1321.13,Bank,Paid
9769,9769,2024-10-12,3094.71,Wallet,Paid
9770,9770,2024-10-25,825.88,Wallet,Paid
9771,9771,2024-09-14,5121.02,UPI,Paid
9772,9772,2025-08-15,6409.69,Bank,Paid
9773,9773,2024-11-09,9349.24,Card,Paid
9774,9774,2026-03-31,6026.21,UPI,Paid
9775,9775,2026-07-08,8288.92,Card,Paid
9776,9776,2025-11-15,3543.6,Bank,Paid
9777,9777,2024-08-15,2489.56,Card,Paid
9778,9778,2025-07-01,4065.89,Wallet,Paid
9779,9779,2025-02-12,2203.02,Bank,Paid
9780,9780,2025-05-09,373.6,UPI,Paid
9781,9781,2025-09-12,912.02,Bank,Paid
9782,9782,2024-07-01,822.38,Wallet,Paid
9783,9783,2025-07-22,380.48,UPI,Paid
9784,9784,2025-06-17,4217.86,UPI,Paid
9785,9785,2024-03-20,3163.51,Bank,Paid
9786,9786,2026-03-05,939.37,Bank,Paid
9787,9787,2025-06-26,4820.43,Card,Paid
9788,9788,2026-05-07,3865.48,Card,Paid
9789,9789,2026-08-17,626.45,UPI,Paid
9790,9790,2025-02-08,1602.93,UPI,Paid
9791,9791,2025-10-11,1750.78,Card,Paid
9792,9792,2026-01-27,1558.6,Bank,Pending
9793,9793,2025-11-09,3079.08,Wallet,Paid
9794,9794,2025-09-03,2993.67,Wallet,Paid
9795,9795,2026-03-26,2587.25,UPI,Paid
9796,9796,2026-04-11,2006.05,Bank,Pending
9797,9797,2025-09-08,6812.04,Bank,Paid
9798,9798,2026-04-18,4966.02,Bank,Paid
9799,9799,2026-05-13,9496.69,Wallet,Paid
9800,9800,2025-02-07,3611.94,UPI,Paid
9801,9801,2024-12-05,2751.11,Wallet,Paid
9802,9802,2025-03-08,2139.77,Bank,Paid
9803,9803,2024-07-19,2289.39,Card,Failed
9804,9804,2025-04-11,3296.9,Card,Paid
9805,9805,2024-09-17,7797.62,UPI,Paid
9806,9806,2026-03-30,4183.11,UPI,Paid
9807,9807,2026-03-04,4190.82,UPI,Paid
9808,9808,2026-05-19,1467.13,UPI,Paid
9809,9809,2024-06-16,1403.01,Wallet,Paid
9810,9810,2024-09-02,1755.74,Card,Paid
9811,9811,2024-08-12,3632.66,UPI,Paid
9812,9812,2024-02-12,127.81,Wallet,Paid
9813,9813,2026-05-08,7073.8,Wallet,Paid
9814,9814,2024-01-07,4195.18,Bank,Paid
9815,9815,2025-02-05,4622.34,Wallet,Paid
9816,9816,2026-04-16,226.26,Card,Paid
9817,9817,2025-08-11,1633.47,Card,Paid
9818,9818,2024-08-21,2847.3,Card,Paid
9819,9819,2025-07-02,1301.1,Wallet,Paid
9820,9820,2025-06-22,688.75,UPI,Paid
9821,9821,2024-04-25,2429.34,UPI,Paid
9822,9822,2026-02-08,4770.07,Wallet,Paid
9823,9823,2024-09-02,7915.38,Card,Paid
9824,9824,2024-07-26,5940.47,Wallet,Paid
9825,9825,2024-02-01,295.77,Bank,Paid
9826,9826,2024-01-15,6752.8,Card,Paid
9827,9827,2024-11-13,2765.84,UPI,Paid
9828,9828,2026-06-12,5011.24,UPI,Paid
9829,9829,2025-07-22,1278.42,Card,Paid
9830,9830,2024-08-07,1986.19,Wallet,Paid
9831,9831,2025-12-05,1870.94,Bank,Paid
9832,9832,2024-08-19,2167.31,Card,Paid
9833,9833,2024-01-26,1155.77,Card,Failed
9834,9834,2024-05-17,2624.07,UPI,Paid
9835,9835,2024-11-21,4496.34,UPI,Paid
9836,9836,2025-07-09,6010.08,Bank,Paid
9837,9837,2025-04-12,2544.17,Wallet,Pending
9838,9838,2026-06-25,8241.5,Bank,Paid
9839,9839,2026-06-18,3527.61,Bank,Failed
9840,9840,2025-03-31,1878.81,Card,Paid
9841,9841,2025-05-09,5036.32,Bank,Paid
9842,9842,2025-06-12,6575.15,UPI,Pending
9843,9843,2025-03-20,2477.91,Card,Paid
9844,9844,2026-01-10,2336.63,Bank,Paid
9845,9845,2024-11-17,3086.39,Card,Paid
9846,9846,2026-05-04,2592.46,Wallet,Paid
9847,9847,2025-12-09,412.87,Bank,Paid
9848,9848,2025-06-13,261.74,Bank,Paid
9849,9849,2024-02-05,2731.2,Bank,Paid
9850,9850,2024-10-17,1424.62,Card,Paid
9851,9851,2026-04-20,314.52,Bank,Paid
9852,9852,2024-07-23,1202.91,Card,Paid
9853,9853,2024-08-27,1287.97,Card,Paid
9854,9854,2025-12-01,5283.9,UPI,Paid
9855,9855,2025-11-04,2766.26,Card,Paid
9856,9856,2024-10-23,5021.2,Card,Pending
9857,9857,2024-07-17,3189.15,Bank,Paid
9858,9858,2024-05-18,1801.42,Wallet,Paid
9859,9859,2024-08-23,236.63,Bank,Paid
9860,9860,2026-06-04,3336.99,Wallet,Paid
9861,9861,2024-07-23,2626.74,Wallet,Paid
9862,9862,2025-02-02,3340.65,Wallet,Paid
9863,9863,2025-11-30,5241.55,Wallet,Paid
9864,9864,2024-08-21,1223.86,Wallet,Paid
9865,9865,2024-07-18,1046.35,Card,Paid
9866,9866,2024-12-31,7124.2,Bank,Paid
9867,9867,2026-07-05,2428.42,Card,Paid
9868,9868,2024-12-16,4072.37,UPI,Paid
9869,9869,2024-04-20,926.37,UPI,Paid
9870,9870,2024-01-02,3196.52,Bank,Paid
9871,9871,2026-07-06,1021.07,Card,Paid
9872,9872,2024-04-06,2895.05,Bank,Pending
9873,9873,2026-08-21,2238.55,Bank,Paid
9874,9874,2026-05-22,6075.58,Card,Paid
9875,9875,2026-08-21,2902.15,Wallet,Paid
9876,9876,2025-08-09,844.55,Bank,Paid
9877,9877,2025-11-26,8319.85,Wallet,Paid
9878,9878,2026-03-16,2780.91,Bank,Paid
9879,9879,2024-11-06,3037.97,Bank,Pending
9880,9880,2024-05-20,3865.85,Card,Failed
9881,9881,2026-02-11,3119.46,UPI,Paid
9882,9882,2025-06-12,1341.33,Bank,Paid
9883,9883,2026-04-14,6417.26,Wallet,Paid
9884,9884,2025-07-22,9498.97,Bank,Paid
9885,9885,2026-06-25,4686.13,Wallet,Paid
9886,9886,2024-02-17,513.25,Bank,Paid
9887,9887,2024-09-01,2929.55,Wallet,Paid
9888,9888,2026-07-23,2003.74,Wallet,Paid
9889,9889,2026-02-18,1124.57,Wallet,Paid
9890,9890,2024-06-25,930.66,UPI,Paid
9891,9891,2025-11-22,4286.02,UPI,Pending
9892,9892,2024-12-14,1438.78,Bank,Paid
9893,9893,2024-06-04,3376.22,UPI,Paid
9894,9894,2024-03-24,3220.04,Wallet,Paid
9895,9895,2026-07-03,3423.66,Wallet,Paid
9896,9896,2024-06-15,5630.47,Bank,Paid
9897,9897,2024-01-03,2428.61,Bank,Paid
9898,9898,2024-07-20,6423.02,Wallet,Paid
9899,9899,2025-01-05,3101.9,UPI,Paid
9900,9900,2026-08-19,5873.48,Card,Pending
9901,9901,2024-10-23,8345.9,Wallet,Paid
9902,9902,2025-04-21,4880.48,Card,Paid
9903,9903,2024-03-02,2491.96,Card,Paid
9904,9904,2024-02-22,167.7,Bank,Paid
9905,9905,2026-07-13,4615.24,Card,Paid
9906,9906,2024-05-06,4490.5,Bank,Paid
9907,9907,2026-04-23,1778.83,UPI,Paid
9908,9908,2026-02-09,1108.11,UPI,Paid
9909,9909,2025-05-10,2181.07,Card,Paid
9910,9910,2026-08-08,2842.41,UPI,Paid
9911,9911,2025-08-24,3853.79,Wallet,Paid
9912,9912,2024-08-10,6558.98,Wallet,Paid
9913,9913,2024-10-19,444.11,UPI,Paid
9914,9914,2025-09-16,4607.66,UPI,Paid
9915,9915,2024-03-12,7064.32,Card,Paid
9916,9916,2024-06-18,2197.3,Card,Paid
9917,9917,2025-10-15,2435.81,Bank,Paid
9918,9918,2025-10-14,999.28,UPI,Paid
9919,9919,2024-02-18,4021.67,UPI,Paid
9920,9920,2024-09-22,3538.93,Wallet,Paid
9921,9921,2025-03-30,897.69,Wallet,Paid
9922,9922,2024-08-04,5095.85,Wallet,Paid
9923,9923,2024-09-05,2573.05,UPI,Paid
9924,9924,2025-01-15,39.84,Card,Paid
9925,9925,2025-03-23,1546.2,Bank,Paid
9926,9926,2024-10-26,3396.59,UPI,Paid
9927,9927,2024-09-11,5302.79,Bank,Paid
9928,9928,2025-08-08,1508.14,Card,Paid
9929,9929,2025-04-13,3969.3,UPI,Paid
9930,9930,2025-06-10,7713.08,Bank,Paid
9931,9931,2026-04-29,1063.98,Wallet,Pending
9932,9932,2025-05-16,6187.66,UPI,Paid
9933,9933,2024-12-11,4208.27,Wallet,Pending
9934,9934,2025-10-12,6333.24,Card,Paid
9935,9935,2025-08-28,3340.93,UPI,Paid
9936,9936,2025-07-22,4780.96,Wallet,Paid
9937,9937,2026-05-02,2551.46,Bank,Paid
9938,9938,2026-08-10,2258.01,UPI,Paid
9939,9939,2026-07-31,5127.46,UPI,Paid
9940,9940,2025-04-08,6148.42,Wallet,Paid
9941,9941,2026-04-23,3169.5,Bank,Paid
9942,9942,2025-11-18,4533.19,Wallet,Paid
9943,9943,2026-08-16,6873.51,Bank,Paid
9944,9944,2026-03-03,1288.99,Bank,Paid
9945,9945,2024-02-14,2195.07,Card,Paid
9946,9946,2024-01-10,6614.31,Bank,Paid
9947,9947,2024-11-14,2707.84,Bank,Paid
9948,9948,2026-01-06,1022.68,Wallet,Paid
9949,9949,2024-02-18,4992.9,Bank,Paid
9950,9950,2024-07-04,8967.2,Card,Paid
9951,9951,2026-01-03,1435.96,Card,Paid
9952,9952,2025-07-31,4038.87,Card,Paid
9953,9953,2025-10-12,598.65,Bank,Paid
9954,9954,2024-02-01,2040.71,Card,Paid
9955,9955,2025-03-20,5590.53,Card,Paid
9956,9956,2025-07-19,6049.09,UPI,Paid
9957,9957,2026-06-15,2986.99,UPI,Paid
9958,9958,2024-01-03,3849.83,Card,Paid
9959,9959,2025-10-02,2863.01,UPI,Paid
9960,9960,2024-08-05,3224.1,UPI,Paid
9961,9961,2025-04-23,4421.87,Card,Paid
9962,9962,2026-07-24,2241.36,UPI,Paid
9963,9963,2025-10-25,2375.03,Wallet,Paid
9964,9964,2024-12-24,1763.0,Card,Pending
9965,9965,2024-04-04,7463.98,UPI,Paid
9966,9966,2024-10-08,4830.13,Bank,Paid
9967,9967,2026-05-17,6044.72,UPI,Paid
9968,9968,2025-07-21,5948.57,UPI,Paid
9969,9969,2025-07-17,2035.1,UPI,Failed
9970,9970,2024-08-09,1070.79,UPI,Paid
9971,9971,2024-12-22,2438.27,Wallet,Paid
9972,9972,2026-05-26,2709.08,Bank,Paid
9973,9973,2026-08-24,589.58,UPI,Paid
9974,9974,2025-12-20,2096.11,Card,Paid
9975,9975,2025-06-13,8772.75,Wallet,Paid
9976,9976,2026-03-07,4264.6,Wallet,Paid
9977,9977,2025-11-06,1385.03,UPI,Paid
9978,9978,2024-08-21,6824.32,Card,Paid
9979,9979,2025-07-18,6038.67,UPI,Paid
9980,9980,2025-01-10,238.48,Bank,Paid
9981,9981,2025-07-21,1182.88,Bank,Paid
9982,9982,2025-03-18,3365.74,Wallet,Paid
9983,9983,2025-11-07,407.1,Card,Paid
9984,9984,2024-12-08,4868.96,UPI,Failed
9985,9985,2026-03-02,792.37,Wallet,Paid
9986,9986,2026-03-06,4286.92,Card,Paid
9987,9987,2024-04-14,5506.95,UPI,Paid
9988,9988,2025-02-16,2956.11,Card,Paid
9989,9989,2024-11-12,1348.08,Card,Paid
9990,9990,2026-05-15,6018.21,Bank,Paid
9991,9991,2025-10-12,552.48,Card,Paid
9992,9992,2025-12-01,4853.16,Bank,Paid
9993,9993,2024-07-23,1513.38,UPI,Paid
9994,9994,2025-11-18,4363.07,Card,Paid
9995,9995,2026-04-14,2912.03,Card,Paid
9996,9996,2024-09-10,5448.92,Wallet,Failed
9997,9997,2024-07-22,3360.86,UPI,Paid
9998,9998,2025-11-04,3304.53,Bank,Paid
9999,9999,2025-06-12,1641.02,Card,Paid
10000,10000,2024-05-01,2982.12,Wallet,Paid
10001,10001,2025-01-08,6183.36,Card,Paid
10002,10002,2025-11-28,5221.22,Bank,Paid
10003,10003,2026-02-14,4320.43,Bank,Paid
10004,10004,2024-04-23,3414.8,Wallet,Paid
10005,10005,2026-01-03,480.68,Bank,Paid
10006,10006,2026-08-21,241.43,Card,Paid
10007,10007,2025-12-21,2970.15,Wallet,Paid
10008,10008,2026-03-20,257.25,Wallet,Paid
10009,10009,2024-07-03,450.46,Wallet,Paid
10010,10010,2025-02-26,3701.5,Wallet,Paid
10011,10011,2025-12-29,3155.32,Wallet,Paid
10012,10012,2024-07-02,4829.89,Card,Paid
10013,10013,2026-03-11,912.02,Wallet,Paid
10014,10014,2025-05-13,3368.38,Wallet,Paid
10015,10015,2024-02-12,1369.56,UPI,Paid
10016,10016,2025-09-21,308.11,Card,Paid
10017,10017,2026-05-11,3335.35,Wallet,Paid
10018,10018,2024-09-09,1038.55,Card,Paid
10019,10019,2025-03-12,7958.98,Bank,Paid
10020,10020,2025-03-23,5783.5,Wallet,Paid
10021,10021,2024-12-13,1974.51,Wallet,Paid
10022,10022,2024-03-22,5913.99,Wallet,Paid
10023,10023,2026-02-20,1082.23,Wallet,Paid
10024,10024,2026-08-11,898.75,Bank,Paid
10025,10025,2026-03-26,2489.88,Card,Paid
10026,10026,2025-06-25,6856.2,Card,Paid
10027,10027,2024-03-14,5207.8,UPI,Paid
10028,10028,2026-06-26,2685.49,UPI,Paid
10029,10029,2024-01-28,6456.9,Card,Paid
10030,10030,2024-12-08,117.75,Card,Paid
10031,10031,2025-09-20,196.79,Bank,Paid
10032,10032,2024-05-19,3406.48,Wallet,Paid
10033,10033,2025-12-15,1315.14,Bank,Failed
10034,10034,2025-05-05,3491.58,UPI,Paid
10035,10035,2026-03-08,1732.88,Wallet,Paid
10036,10036,2024-01-15,3225.1,Wallet,Paid
10037,10037,2025-01-17,332.16,Card,Paid
10038,10038,2024-05-16,1086.68,Bank,Paid
10039,10039,2025-06-13,3254.29,Wallet,Paid
10040,10040,2025-07-22,2689.63,Wallet,Paid
10041,10041,2025-09-12,3235.52,Bank,Failed
10042,10042,2026-05-19,3865.08,UPI,Paid
10043,10043,2025-01-16,10048.58,Bank,Paid
10044,10044,2026-08-27,999.07,UPI,Paid
10045,10045,2026-03-31,5210.37,Wallet,Paid
10046,10046,2026-08-13,3591.05,Wallet,Paid
10047,10047,2026-08-13,4712.87,Wallet,Paid
10048,10048,2025-01-11,804.5,Bank,Paid
10049,10049,2025-03-21,4232.22,UPI,Paid
10050,10050,2024-07-04,7176.35,Bank,Paid
10051,10051,2024-07-31,6409.82,Bank,Paid
10052,10052,2026-03-24,5922.84,UPI,Paid
10053,10053,2026-06-10,3622.54,Card,Paid
10054,10054,2026-08-02,2981.74,Bank,Paid
10055,10055,2025-01-07,753.21,Card,Paid
10056,10056,2024-09-03,5408.83,Bank,Paid
10057,10057,2025-05-05,4531.88,Wallet,Paid
10058,10058,2025-11-15,4812.99,Wallet,Failed
10059,10059,2026-01-17,999.32,Card,Paid
10060,10060,2024-09-16,3793.07,UPI,Paid
10061,10061,2026-04-08,592.29,Wallet,Paid
10062,10062,2024-09-12,6831.72,Bank,Paid
10063,10063,2025-06-21,3365.88,Bank,Paid
10064,10064,2024-04-12,5752.59,Bank,Paid
10065,10065,2026-03-02,3193.83,Wallet,Paid
10066,10066,2025-06-12,2643.62,Bank,Failed
10067,10067,2024-12-15,1328.58,Wallet,Paid
10068,10068,2024-05-05,1223.55,Bank,Paid
10069,10069,2026-03-22,1352.89,Wallet,Paid
10070,10070,2026-06-26,3884.62,UPI,Paid
10071,10071,2024-01-05,567.76,UPI,Paid
10072,10072,2026-02-16,2001.45,UPI,Paid
10073,10073,2024-11-19,4911.95,Bank,Paid
10074,10074,2024-05-27,3722.72,Wallet,Pending
10075,10075,2024-09-06,4564.41,Bank,Paid
10076,10076,2026-01-25,154.17,Wallet,Failed
10077,10077,2024-08-29,4775.14,UPI,Paid
10078,10078,2025-12-04,4454.31,UPI,Paid
10079,10079,2026-01-15,541.0,Wallet,Paid
10080,10080,2024-12-11,2794.5,UPI,Paid
10081,10081,2025-08-11,665.83,UPI,Paid
10082,10082,2024-09-08,1748.52,Card,Paid
10083,10083,2026-08-14,1494.03,Bank,Paid
10084,10084,2024-05-13,11750.35,Card,Paid
10085,10085,2024-05-02,3340.1,UPI,Pending
10086,10086,2025-10-29,6834.73,Wallet,Paid
10087,10087,2025-07-18,1026.45,Card,Paid
10088,10088,2024-05-11,11167.45,Card,Paid
10089,10089,2024-10-02,3317.48,Wallet,Paid
10090,10090,2025-12-08,5287.18,Card,Paid
10091,10091,2024-01-28,8439.86,UPI,Paid
10092,10092,2024-04-21,1935.16,Bank,Paid
10093,10093,2025-02-25,410.1,Bank,Paid
10094,10094,2024-02-25,452.09,UPI,Paid
10095,10095,2024-04-23,377.86,Bank,Paid
10096,10096,2026-03-04,313.04,UPI,Paid
10097,10097,2026-08-07,2275.89,Wallet,Pending
10098,10098,2025-11-03,8734.55,Bank,Paid
10099,10099,2025-11-02,3311.13,Bank,Failed
10100,10100,2024-01-28,2694.51,Bank,Paid
10101,10101,2025-07-06,677.4,Bank,Paid
10102,10102,2026-06-12,3839.96,Wallet,Paid
10103,10103,2024-06-24,260.04,UPI,Paid
10104,10104,2025-04-25,2983.37,Card,Paid
10105,10105,2026-02-02,4232.5,Card,Paid
10106,10106,2025-10-27,1078.21,UPI,Paid
10107,10107,2024-05-13,4579.88,Card,Paid
10108,10108,2024-01-05,7213.09,UPI,Failed
10109,10109,2024-06-05,2494.64,Card,Paid
10110,10110,2025-04-16,3138.09,Wallet,Paid
10111,10111,2025-01-20,2551.61,Bank,Paid
10112,10112,2026-01-23,5188.8,UPI,Paid
10113,10113,2026-07-24,3131.22,UPI,Paid
10114,10114,2024-02-19,3097.33,UPI,Paid
10115,10115,2026-06-13,2043.92,Bank,Paid
10116,10116,2026-01-06,3951.42,Card,Paid
10117,10117,2024-06-02,3538.77,Bank,Paid
10118,10118,2024-08-19,3840.25,Wallet,Paid
10119,10119,2024-01-18,954.61,UPI,Paid
10120,10120,2024-04-23,5108.72,Wallet,Paid
10121,10121,2026-08-18,772.86,UPI,Paid
10122,10122,2024-07-08,2890.16,Wallet,Paid
10123,10123,2024-01-02,2616.87,Bank,Paid
10124,10124,2026-01-21,1597.27,Card,Paid
10125,10125,2025-02-05,270.98,UPI,Failed
10126,10126,2025-06-03,1775.97,Wallet,Paid
10127,10127,2025-06-29,3965.49,Card,Paid
10128,10128,2025-12-08,3871.3,Card,Paid
10129,10129,2025-09-14,4367.87,Wallet,Paid
10130,10130,2026-06-25,481.89,Bank,Paid
10131,10131,2025-03-07,5347.62,UPI,Paid
10132,10132,2024-03-04,2796.07,UPI,Failed
10133,10133,2024-07-16,3467.47,Wallet,Paid
10134,10134,2026-03-23,1801.67,Card,Pending
10135,10135,2024-05-04,179.37,Wallet,Paid
10136,10136,2024-09-05,2688.35,Bank,Paid
10137,10137,2024-11-08,1690.35,UPI,Paid
10138,10138,2025-08-06,2180.03,UPI,Paid
10139,10139,2025-10-01,6475.63,Bank,Paid
10140,10140,2025-08-07,1097.84,UPI,Paid
10141,10141,2024-08-15,1819.55,Bank,Paid
10142,10142,2026-05-15,1480.08,Wallet,Failed
10143,10143,2025-02-22,1208.01,Card,Paid
10144,10144,2026-04-01,737.18,UPI,Paid
10145,10145,2025-06-02,3421.49,Card,Paid
10146,10146,2024-01-25,2573.07,Card,Paid
10147,10147,2024-09-20,112.24,UPI,Paid
10148,10148,2024-07-25,6808.57,Card,Paid
10149,10149,2025-07-13,6398.63,Wallet,Paid
10150,10150,2025-10-23,2453.67,UPI,Paid
10151,10151,2024-03-20,1513.48,Card,Paid
10152,10152,2026-07-23,3463.99,Bank,Paid
10153,10153,2026-03-03,2128.33,UPI,Paid
10154,10154,2026-06-07,774.89,Card,Paid
10155,10155,2024-09-17,1775.33,UPI,Paid
10156,10156,2026-03-15,3289.52,Bank,Paid
10157,10157,2026-06-05,2201.96,Wallet,Failed
10158,10158,2025-05-10,2478.55,UPI,Paid
10159,10159,2026-05-31,3005.21,Bank,Paid
10160,10160,2024-06-21,8432.59,Bank,Paid
10161,10161,2025-10-16,5221.94,UPI,Paid
10162,10162,2026-07-14,5570.87,Card,Paid
10163,10163,2024-07-04,2636.3,Bank,Paid
10164,10164,2024-12-17,3421.12,Bank,Paid
10165,10165,2025-09-28,2334.54,Bank,Paid
10166,10166,2024-12-21,3024.07,Card,Paid
10167,10167,2026-07-18,117.51,Bank,Paid
10168,10168,2026-05-06,6423.73,Card,Paid
10169,10169,2025-08-20,2341.12,Card,Failed
10170,10170,2025-04-26,324.42,UPI,Paid
10171,10171,2025-02-15,4435.23,UPI,Paid
10172,10172,2026-02-02,6793.39,UPI,Paid
10173,10173,2025-08-04,3041.38,Wallet,Paid
10174,10174,2025-10-01,2845.01,Wallet,Paid
10175,10175,2025-06-12,1852.78,Wallet,Paid
10176,10176,2026-07-31,2761.4,UPI,Paid
10177,10177,2025-09-08,2579.33,UPI,Paid
10178,10178,2026-04-22,2202.18,UPI,Paid
10179,10179,2024-05-15,4775.61,Wallet,Paid
10180,10180,2024-06-16,3415.72,Wallet,Paid
10181,10181,2024-08-10,679.4,UPI,Failed
10182,10182,2024-06-11,4757.56,Wallet,Paid
10183,10183,2024-09-15,3338.07,UPI,Paid
10184,10184,2026-06-09,1336.36,Wallet,Paid
10185,10185,2025-06-23,1004.9,Wallet,Paid
10186,10186,2024-07-22,2399.18,Bank,Paid
10187,10187,2026-01-26,3564.99,Card,Paid
10188,10188,2025-07-01,403.02,Bank,Paid
10189,10189,2025-08-26,537.15,UPI,Paid
10190,10190,2025-01-09,6471.47,Bank,Paid
10191,10191,2026-02-10,1842.67,Card,Paid
10192,10192,2025-06-27,1975.86,Bank,Paid
10193,10193,2025-02-25,4767.72,Card,Paid
10194,10194,2026-06-16,375.47,UPI,Paid
10195,10195,2025-10-02,4924.34,Wallet,Paid
10196,10196,2025-01-10,6768.07,Card,Paid
10197,10197,2025-04-12,679.45,Card,Paid
10198,10198,2026-03-24,4540.67,UPI,Paid
10199,10199,2024-11-04,7859.58,Bank,Paid
10200,10200,2025-12-20,446.37,UPI,Paid
10201,10201,2024-07-20,589.07,UPI,Paid
10202,10202,2024-10-27,3421.8,Bank,Paid
10203,10203,2024-01-19,2693.45,Card,Paid
10204,10204,2025-01-19,876.18,Card,Paid
10205,10205,2026-06-20,142.93,UPI,Paid
10206,10206,2025-12-26,4494.17,Card,Paid
10207,10207,2025-01-09,2208.65,Wallet,Paid
10208,10208,2025-01-25,805.05,Card,Paid
10209,10209,2025-12-21,197.77,Card,Paid
10210,10210,2024-05-04,2790.58,Wallet,Paid
10211,10211,2025-05-29,1304.79,Card,Paid
10212,10212,2024-06-13,2311.48,UPI,Paid
10213,10213,2025-08-05,6293.61,Card,Paid
10214,10214,2025-03-18,586.9,Wallet,Paid
10215,10215,2024-07-02,4540.39,Wallet,Paid
10216,10216,2025-12-15,3824.39,Wallet,Pending
10217,10217,2025-05-24,1998.39,Bank,Paid
10218,10218,2025-01-28,2218.63,Bank,Paid
10219,10219,2026-03-02,214.21,Bank,Paid
10220,10220,2024-02-22,1089.76,Bank,Paid
10221,10221,2024-10-14,4649.52,UPI,Paid
10222,10222,2025-07-18,4436.42,Bank,Paid
10223,10223,2024-10-14,3315.16,Bank,Paid
10224,10224,2025-03-04,4912.95,Bank,Paid
10225,10225,2026-01-31,403.84,Wallet,Failed
10226,10226,2024-03-04,1265.95,Wallet,Paid
10227,10227,2024-02-19,5083.74,UPI,Paid
10228,10228,2024-10-06,2656.61,Card,Pending
10229,10229,2026-06-29,3471.28,Bank,Paid
10230,10230,2026-01-04,2855.97,Bank,Paid
10231,10231,2024-09-15,1861.53,Card,Paid
10232,10232,2025-11-26,1070.61,Bank,Paid
10233,10233,2024-01-09,5842.49,Bank,Paid
10234,10234,2025-12-02,3898.21,UPI,Paid
10235,10235,2024-03-15,6160.3,Bank,Paid
10236,10236,2025-07-02,1151.9,Card,Paid
10237,10237,2024-09-20,1253.74,Bank,Paid
10238,10238,2026-02-11,3749.35,Wallet,Paid
10239,10239,2025-04-22,1003.52,Wallet,Paid
10240,10240,2024-08-01,1280.53,Bank,Paid
10241,10241,2026-06-07,8567.96,Wallet,Paid
10242,10242,2024-06-30,4510.74,Wallet,Paid
10243,10243,2024-08-26,1458.74,Bank,Paid
10244,10244,2024-08-18,1106.23,UPI,Paid
10245,10245,2024-08-08,2832.05,Bank,Paid
10246,10246,2026-03-12,5063.89,Wallet,Paid
10247,10247,2024-08-07,1311.97,Bank,Paid
10248,10248,2026-01-30,7154.91,Wallet,Paid
10249,10249,2024-05-27,7324.39,Wallet,Paid
10250,10250,2026-01-19,3442.04,Card,Paid
10251,10251,2026-05-21,678.73,UPI,Paid
10252,10252,2024-05-06,1971.12,UPI,Paid
10253,10253,2025-04-26,65.53,Wallet,Paid
10254,10254,2025-10-20,7874.66,Card,Paid
10255,10255,2025-04-09,506.39,Bank,Failed
10256,10256,2024-10-01,3882.36,UPI,Paid
10257,10257,2024-10-22,4007.12,Card,Paid
10258,10258,2025-05-10,800.23,Bank,Paid
10259,10259,2025-11-09,2572.81,Wallet,Paid
10260,10260,2025-06-17,311.38,UPI,Paid
10261,10261,2026-05-17,1465.2,Card,Paid
10262,10262,2025-08-25,3445.92,Bank,Paid
10263,10263,2026-08-06,1717.27,Card,Paid
10264,10264,2026-06-28,820.26,Bank,Paid
10265,10265,2025-08-27,4318.3,Bank,Paid
10266,10266,2025-06-11,5979.14,Bank,Paid
10267,10267,2024-01-18,5811.61,Wallet,Paid
10268,10268,2024-10-06,6334.96,Bank,Paid
10269,10269,2024-01-20,3521.25,UPI,Paid
10270,10270,2024-06-18,2053.59,Wallet,Paid
10271,10271,2025-06-27,1026.58,UPI,Paid
10272,10272,2025-08-20,807.52,Card,Paid
10273,10273,2024-01-05,3202.16,Wallet,Pending
10274,10274,2026-06-29,1122.49,Wallet,Paid
10275,10275,2024-05-05,313.39,UPI,Paid
10276,10276,2025-11-12,1205.4,Wallet,Paid
10277,10277,2024-06-20,2307.98,UPI,Paid
10278,10278,2024-09-25,6996.24,Card,Paid
10279,10279,2025-03-18,1026.07,Bank,Paid
10280,10280,2026-02-01,314.04,Wallet,Paid
10281,10281,2024-06-16,1643.07,Bank,Paid
10282,10282,2024-09-17,1753.5,Bank,Paid
10283,10283,2026-05-09,2624.77,Card,Paid
10284,10284,2024-08-24,1483.89,Card,Paid
10285,10285,2024-03-25,1185.12,Card,Paid
10286,10286,2025-09-23,3469.8,UPI,Paid
10287,10287,2026-04-07,493.43,Card,Paid
10288,10288,2025-08-23,4133.15,Card,Paid
10289,10289,2025-10-02,126.21,UPI,Paid
10290,10290,2025-04-11,2526.56,Card,Paid
10291,10291,2025-04-05,3015.92,UPI,Paid
10292,10292,2025-06-18,8321.36,Wallet,Paid
10293,10293,2024-04-23,149.1,Card,Paid
10294,10294,2024-05-09,2231.03,Bank,Paid
10295,10295,2024-02-12,1215.43,UPI,Paid
10296,10296,2026-02-10,9411.29,Wallet,Paid
10297,10297,2026-07-19,271.71,Wallet,Paid
10298,10298,2026-05-20,2420.13,Wallet,Paid
10299,10299,2025-06-09,3843.89,Card,Paid
10300,10300,2024-05-04,778.36,Wallet,Paid
10301,10301,2024-12-02,2202.41,UPI,Paid
10302,10302,2025-09-11,237.06,UPI,Paid
10303,10303,2025-12-24,799.7,Wallet,Paid
10304,10304,2025-01-28,1521.53,UPI,Paid
10305,10305,2024-05-02,5756.36,Bank,Paid
10306,10306,2024-08-29,6962.82,UPI,Paid
10307,10307,2025-01-04,2691.1,Bank,Paid
10308,10308,2024-08-12,1694.89,Bank,Paid
10309,10309,2025-12-24,4618.14,Bank,Paid
10310,10310,2024-08-01,4693.9,Card,Paid
10311,10311,2025-03-27,261.56,UPI,Pending
10312,10312,2025-08-28,4030.62,Card,Paid
10313,10313,2026-08-28,1981.98,Card,Paid
10314,10314,2026-06-02,1439.17,UPI,Paid
10315,10315,2026-07-04,4521.44,UPI,Paid
10316,10316,2025-12-14,1504.19,Wallet,Paid
10317,10317,2025-03-08,1004.63,Bank,Paid
10318,10318,2025-01-17,5852.24,UPI,Paid
10319,10319,2024-04-21,4941.46,UPI,Paid
10320,10320,2025-06-13,8778.28,Wallet,Paid
10321,10321,2025-06-20,6882.94,UPI,Paid
10322,10322,2024-04-04,3405.82,Card,Pending
10323,10323,2024-06-20,2915.79,UPI,Paid
10324,10324,2024-01-19,4188.41,Bank,Paid
10325,10325,2024-01-04,2283.45,Bank,Paid
10326,10326,2026-02-25,5356.86,Bank,Paid
10327,10327,2025-09-13,1991.07,Card,Paid
10328,10328,2025-05-16,5926.15,UPI,Paid
10329,10329,2026-07-07,2998.86,Wallet,Paid
10330,10330,2025-07-27,6694.78,Wallet,Paid
10331,10331,2026-04-04,2631.19,Bank,Paid
10332,10332,2025-12-15,4344.45,UPI,Paid
10333,10333,2024-08-29,5247.64,Card,Failed
10334,10334,2026-03-14,1220.47,UPI,Paid
10335,10335,2024-02-05,2395.93,Bank,Paid
10336,10336,2024-09-30,5043.67,UPI,Paid
10337,10337,2024-09-12,6228.72,Wallet,Paid
10338,10338,2025-04-05,6041.9,Wallet,Paid
10339,10339,2024-02-29,4524.69,UPI,Paid
10340,10340,2024-11-29,452.36,Bank,Pending
10341,10341,2024-10-16,822.12,UPI,Paid
10342,10342,2025-01-27,1210.35,Bank,Paid
10343,10343,2026-04-22,1106.58,UPI,Paid
10344,10344,2025-07-08,1845.34,Bank,Paid
10345,10345,2024-04-08,8809.5,Card,Paid
10346,10346,2025-11-07,2101.76,Card,Failed
10347,10347,2025-12-05,2029.98,UPI,Paid
10348,10348,2024-05-04,9095.73,Card,Paid
10349,10349,2025-06-06,3565.82,Card,Paid
10350,10350,2025-02-10,1648.15,UPI,Paid
10351,10351,2025-07-17,4644.69,UPI,Paid
10352,10352,2025-03-06,5035.29,UPI,Pending
10353,10353,2025-09-04,2518.63,Bank,Paid
10354,10354,2025-05-16,325.34,Card,Paid
10355,10355,2025-12-19,2902.2,Bank,Paid
10356,10356,2024-12-04,87.17,Wallet,Paid
10357,10357,2026-08-19,67.99,Card,Paid
10358,10358,2024-08-03,4580.66,Card,Paid
10359,10359,2025-06-22,1676.91,Card,Paid
10360,10360,2025-04-04,6223.32,Bank,Paid
10361,10361,2025-03-27,53.48,Wallet,Paid
10362,10362,2024-01-28,4083.48,Bank,Paid
10363,10363,2025-12-06,7324.6,UPI,Paid
10364,10364,2024-11-26,1147.61,UPI,Paid
10365,10365,2025-12-29,3108.62,Wallet,Paid
10366,10366,2025-12-22,2662.29,Wallet,Paid
10367,10367,2024-03-12,3963.74,Card,Paid
10368,10368,2025-09-05,7757.65,Wallet,Paid
10369,10369,2025-02-18,5320.72,UPI,Paid
10370,10370,2026-03-26,7885.6,Card,Paid
10371,10371,2026-03-31,3893.5,Wallet,Paid
10372,10372,2024-07-23,6411.84,UPI,Paid
10373,10373,2026-02-09,2828.75,Card,Paid
10374,10374,2026-03-19,6937.0,UPI,Pending
10375,10375,2026-05-01,2310.93,Card,Paid
10376,10376,2025-11-15,3236.63,Wallet,Paid
10377,10377,2025-10-07,2897.17,Wallet,Paid
10378,10378,2024-12-27,1409.73,Wallet,Paid
10379,10379,2024-04-26,1279.45,Bank,Paid
10380,10380,2025-08-13,2560.82,Wallet,Paid
10381,10381,2025-01-04,6637.65,Card,Paid
10382,10382,2025-04-04,1482.65,Wallet,Paid
10383,10383,2024-08-10,2711.67,Bank,Paid
10384,10384,2024-04-10,718.82,UPI,Paid
10385,10385,2024-04-12,3504.28,Card,Paid
10386,10386,2024-02-27,5636.89,UPI,Paid
10387,10387,2024-09-04,4686.09,Card,Paid
10388,10388,2026-08-17,6590.19,Card,Paid
10389,10389,2024-10-22,1282.04,Wallet,Paid
10390,10390,2025-07-22,2267.8,UPI,Pending
10391,10391,2026-03-30,3799.6,UPI,Paid
10392,10392,2025-07-16,522.8,Card,Paid
10393,10393,2025-10-01,3061.56,Card,Paid
10394,10394,2025-09-01,6939.67,Card,Paid
10395,10395,2025-05-17,121.98,Wallet,Paid
10396,10396,2025-07-27,1188.97,Wallet,Paid
10397,10397,2024-05-25,6403.68,Wallet,Paid
10398,10398,2024-05-23,4519.21,Wallet,Paid
10399,10399,2024-01-31,4187.28,Bank,Paid
10400,10400,2026-08-21,1767.95,Card,Paid
10401,10401,2024-09-22,3388.98,UPI,Failed
10402,10402,2025-07-17,2514.88,Wallet,Paid
10403,10403,2024-11-02,3299.66,Wallet,Paid
10404,10404,2025-08-03,5189.26,Bank,Paid
10405,10405,2026-07-06,87.49,UPI,Paid
10406,10406,2025-09-03,2438.07,Card,Paid
10407,10407,2026-06-03,1371.33,Bank,Paid
10408,10408,2024-04-24,3492.12,Wallet,Paid
10409,10409,2024-11-07,2144.19,Wallet,Paid
10410,10410,2024-11-23,4863.29,Card,Paid
10411,10411,2026-08-05,4022.97,Wallet,Paid
10412,10412,2025-01-03,795.18,UPI,Paid
10413,10413,2026-06-08,7256.51,Card,Paid
10414,10414,2024-01-16,4402.6,Wallet,Paid
10415,10415,2026-04-28,5170.63,Wallet,Paid
10416,10416,2024-06-19,3183.69,Wallet,Paid
10417,10417,2025-04-02,4786.55,Bank,Paid
10418,10418,2026-03-29,4959.3,Wallet,Paid
10419,10419,2024-04-30,529.17,Bank,Paid
10420,10420,2024-05-28,1076.87,Wallet,Paid
10421,10421,2026-06-29,471.14,Card,Paid
10422,10422,2026-05-08,1168.26,Wallet,Paid
10423,10423,2026-05-30,3349.5,Wallet,Paid
10424,10424,2026-07-22,705.37,UPI,Paid
10425,10425,2025-07-13,6052.95,UPI,Paid
10426,10426,2025-06-14,5649.02,Card,Paid
10427,10427,2025-07-19,534.64,UPI,Paid
10428,10428,2025-04-19,4091.13,UPI,Paid
10429,10429,2024-04-27,7466.48,Card,Failed
10430,10430,2025-07-23,1394.71,Bank,Paid
10431,10431,2024-10-21,2597.2,UPI,Pending
10432,10432,2025-05-02,684.52,UPI,Paid
10433,10433,2024-06-03,6066.03,Bank,Paid
10434,10434,2025-11-30,778.06,Bank,Paid
10435,10435,2025-02-23,4694.8,UPI,Paid
10436,10436,2025-05-29,5017.1,Wallet,Paid
10437,10437,2025-05-12,848.16,UPI,Paid
10438,10438,2025-10-14,4080.26,Bank,Paid
10439,10439,2024-02-28,1752.31,Bank,Paid
10440,10440,2026-04-06,1958.16,Card,Paid
10441,10441,2024-10-07,4688.65,Card,Paid
10442,10442,2025-05-14,2435.09,Wallet,Paid
10443,10443,2026-04-17,259.47,Bank,Paid
10444,10444,2024-12-07,2307.37,Card,Paid
10445,10445,2025-04-10,4419.3,Card,Paid
10446,10446,2026-07-26,2956.85,UPI,Paid
10447,10447,2024-12-30,2214.7,Card,Paid
10448,10448,2026-04-28,1366.71,Card,Paid
10449,10449,2025-11-03,4867.18,Wallet,Paid
10450,10450,2025-01-23,5687.64,Bank,Pending
10451,10451,2024-06-17,1513.88,Wallet,Paid
10452,10452,2025-10-22,3402.32,Card,Paid
10453,10453,2024-03-08,1402.49,Card,Paid
10454,10454,2025-10-11,6087.33,Wallet,Paid
10455,10455,2025-10-18,4220.61,Card,Paid
10456,10456,2025-09-02,1309.18,Bank,Paid
10457,10457,2025-02-19,8822.05,Card,Paid
10458,10458,2025-01-22,1709.59,UPI,Paid
10459,10459,2025-10-17,584.58,UPI,Paid
10460,10460,2025-04-12,1976.15,Bank,Paid
10461,10461,2024-09-26,1392.61,Bank,Paid
10462,10462,2026-02-11,2924.37,Wallet,Failed
10463,10463,2025-07-16,1985.44,Wallet,Paid
10464,10464,2024-08-28,2052.02,Card,Paid
10465,10465,2024-08-22,3103.94,Wallet,Paid
10466,10466,2026-02-27,2164.5,UPI,Paid
10467,10467,2025-10-11,243.55,Card,Paid
10468,10468,2024-01-13,6340.71,UPI,Paid
10469,10469,2024-07-24,415.62,Bank,Paid
10470,10470,2025-12-05,127.52,UPI,Paid
10471,10471,2024-02-25,4581.46,Bank,Paid
10472,10472,2026-03-08,1387.44,Card,Paid
10473,10473,2024-08-01,862.52,Bank,Paid
10474,10474,2025-08-27,1787.2,UPI,Paid
10475,10475,2024-07-03,2260.93,Wallet,Paid
10476,10476,2026-01-21,621.97,UPI,Paid
10477,10477,2025-08-13,4069.37,Bank,Paid
10478,10478,2025-01-20,3222.37,Card,Paid
10479,10479,2024-02-07,1254.64,Bank,Paid
10480,10480,2025-02-17,3662.48,Bank,Paid
10481,10481,2025-04-25,1142.13,Wallet,Pending
10482,10482,2024-08-23,6174.21,Card,Failed
10483,10483,2025-05-09,3088.82,Card,Paid
10484,10484,2024-09-03,5998.74,Card,Failed
10485,10485,2024-06-22,2998.96,Bank,Paid
10486,10486,2024-10-19,109.71,Bank,Paid
10487,10487,2026-05-25,5085.48,Wallet,Paid
10488,10488,2025-08-19,6899.11,Bank,Paid
10489,10489,2026-08-14,1870.28,Bank,Paid
10490,10490,2025-01-04,1699.36,Wallet,Pending
10491,10491,2025-03-04,3089.85,Wallet,Paid
10492,10492,2026-01-22,3925.99,Bank,Paid
10493,10493,2024-12-19,9498.64,Card,Paid
10494,10494,2026-06-07,97.33,Bank,Paid
10495,10495,2024-02-14,3108.04,Card,Pending
10496,10496,2026-07-08,2686.56,Bank,Paid
10497,10497,2025-05-19,828.8,Bank,Paid
10498,10498,2024-11-26,4583.57,Bank,Failed
10499,10499,2024-12-28,752.93,Bank,Paid
10500,10500,2026-01-21,1044.41,UPI,Paid
10501,10501,2025-09-19,2940.61,Card,Paid
10502,10502,2025-11-16,1633.44,Wallet,Paid
10503,10503,2024-06-24,4181.43,Bank,Paid
10504,10504,2025-01-21,2597.02,Bank,Paid
10505,10505,2025-01-14,5490.31,Card,Paid
10506,10506,2026-07-12,204.44,Bank,Paid
10507,10507,2025-07-15,4677.71,Wallet,Paid
10508,10508,2024-06-23,1668.16,Wallet,Paid
10509,10509,2026-03-20,3922.86,Bank,Paid
10510,10510,2024-11-17,2257.13,Bank,Paid
10511,10511,2026-03-03,1855.54,Bank,Paid
10512,10512,2025-10-24,1682.75,UPI,Paid
10513,10513,2026-04-05,934.89,Wallet,Paid
10514,10514,2024-03-11,4176.28,Bank,Paid
10515,10515,2025-05-28,7642.98,Card,Paid
10516,10516,2024-06-10,7808.24,Wallet,Paid
10517,10517,2024-11-08,911.37,UPI,Paid
10518,10518,2024-09-13,728.01,Card,Paid
10519,10519,2024-07-18,4628.88,UPI,Paid
10520,10520,2024-10-06,1296.62,Card,Paid
10521,10521,2024-08-09,852.14,Bank,Paid
10522,10522,2025-10-26,1195.61,UPI,Failed
10523,10523,2024-05-24,4135.9,UPI,Pending
10524,10524,2025-11-02,7001.6,Bank,Failed
10525,10525,2025-07-07,3154.22,Card,Paid
10526,10526,2026-08-21,1707.89,Card,Paid
10527,10527,2024-02-15,6057.86,Card,Paid
10528,10528,2025-06-25,3337.18,UPI,Paid
10529,10529,2024-05-11,1135.68,UPI,Paid
10530,10530,2024-09-27,3190.25,Wallet,Paid
10531,10531,2024-07-26,3975.92,Card,Paid
10532,10532,2025-08-17,825.56,Card,Paid
10533,10533,2024-10-20,1238.6,Bank,Paid
10534,10534,2024-05-17,3927.78,Wallet,Paid
10535,10535,2026-05-13,2252.09,UPI,Paid
10536,10536,2026-06-01,8206.58,Bank,Paid
10537,10537,2025-01-05,3631.32,Bank,Paid
10538,10538,2026-08-28,3941.82,Bank,Paid
10539,10539,2025-12-20,7913.96,UPI,Failed
10540,10540,2026-08-03,2903.57,Bank,Paid
10541,10541,2024-05-23,974.62,Wallet,Paid
10542,10542,2026-04-02,1121.83,Card,Paid
10543,10543,2024-05-07,3096.32,UPI,Paid
10544,10544,2024-12-11,1369.71,Bank,Paid
10545,10545,2025-06-02,2325.86,Bank,Paid
10546,10546,2024-10-26,5931.93,Bank,Paid
10547,10547,2024-05-25,4993.97,UPI,Paid
10548,10548,2024-10-12,1314.04,UPI,Paid
10549,10549,2025-07-09,2188.83,Card,Paid
10550,10550,2026-01-03,3765.26,UPI,Paid
10551,10551,2024-09-29,321.55,UPI,Paid
10552,10552,2026-03-07,805.73,Wallet,Paid
10553,10553,2026-03-12,750.71,Wallet,Paid
10554,10554,2025-01-19,6603.01,Card,Paid
10555,10555,2024-02-06,5521.88,Wallet,Paid
10556,10556,2025-11-15,1062.91,Bank,Paid
10557,10557,2026-03-14,4350.22,UPI,Paid
10558,10558,2024-09-23,2475.19,Bank,Paid
10559,10559,2025-07-02,438.36,UPI,Paid
10560,10560,2024-05-05,5194.51,Bank,Paid
10561,10561,2026-06-05,6135.07,UPI,Paid
10562,10562,2024-01-13,6109.0,Card,Paid
10563,10563,2024-05-15,3536.81,Card,Paid
10564,10564,2024-08-19,482.69,UPI,Paid
10565,10565,2024-09-02,436.72,Card,Paid
10566,10566,2025-09-07,3193.97,Card,Paid
10567,10567,2025-10-13,7520.39,Wallet,Paid
10568,10568,2025-04-16,3096.45,Bank,Paid
10569,10569,2026-05-14,3378.77,UPI,Paid
10570,10570,2025-02-18,3391.2,Card,Paid
10571,10571,2024-03-19,4647.76,Wallet,Paid
10572,10572,2025-07-31,3059.97,Card,Paid
10573,10573,2025-03-10,3853.25,Wallet,Paid
10574,10574,2025-03-18,3787.11,Wallet,Paid
10575,10575,2024-07-24,6834.97,Bank,Paid
10576,10576,2025-05-18,1384.04,Card,Paid
10577,10577,2024-07-18,2710.48,UPI,Paid
10578,10578,2026-05-19,2677.14,Wallet,Paid
10579,10579,2024-06-26,2674.12,Wallet,Paid
10580,10580,2024-07-09,4825.89,Bank,Pending
10581,10581,2025-07-23,1878.78,Card,Paid
10582,10582,2025-04-11,3359.6,UPI,Paid
10583,10583,2025-04-05,2758.09,Wallet,Failed
10584,10584,2025-08-11,2097.56,Bank,Paid
10585,10585,2026-05-07,7254.18,Wallet,Paid
10586,10586,2025-03-22,2979.02,UPI,Paid
10587,10587,2024-07-30,1685.03,Bank,Paid
10588,10588,2024-05-19,1279.48,Bank,Paid
10589,10589,2026-08-25,804.66,UPI,Paid
10590,10590,2025-12-30,2061.0,Wallet,Paid
10591,10591,2024-12-02,2573.09,Card,Paid
10592,10592,2024-09-04,4079.8,Card,Paid
10593,10593,2025-05-28,1211.38,Bank,Paid
10594,10594,2025-09-17,607.58,Card,Paid
10595,10595,2025-08-18,2646.18,Bank,Paid
10596,10596,2026-01-24,6151.26,Bank,Paid
10597,10597,2024-06-26,1897.81,UPI,Paid
10598,10598,2024-02-27,4526.66,Wallet,Paid
10599,10599,2026-08-08,2308.84,Bank,Paid
10600,10600,2026-02-18,4602.79,Bank,Paid
10601,10601,2025-10-10,5103.32,Card,Paid
10602,10602,2024-01-09,3149.18,Card,Paid
10603,10603,2025-03-13,110.9,UPI,Paid
10604,10604,2024-08-21,3260.42,Card,Paid
10605,10605,2025-05-10,188.46,Wallet,Paid
10606,10606,2026-02-01,1304.2,Wallet,Paid
10607,10607,2025-01-15,5404.15,Wallet,Paid
10608,10608,2024-06-03,2265.86,Card,Failed
10609,10609,2024-01-19,1741.98,Bank,Paid
10610,10610,2026-08-20,4058.27,UPI,Paid
10611,10611,2025-02-06,4453.84,Bank,Paid
10612,10612,2024-05-31,2803.88,Bank,Paid
10613,10613,2026-08-03,2986.33,Wallet,Paid
10614,10614,2024-01-07,2595.91,Wallet,Paid
10615,10615,2024-02-09,668.54,Wallet,Paid
10616,10616,2024-07-01,5576.64,Wallet,Paid
10617,10617,2024-01-09,1525.31,UPI,Paid
10618,10618,2025-03-10,5886.17,Wallet,Paid
10619,10619,2024-06-14,2227.87,Wallet,Failed
10620,10620,2025-11-12,2368.94,Bank,Paid
10621,10621,2024-01-26,577.52,Bank,Paid
10622,10622,2024-09-20,619.89,UPI,Paid
10623,10623,2024-11-11,1929.77,Wallet,Paid
10624,10624,2024-01-18,5081.16,Card,Paid
10625,10625,2025-05-05,2436.75,Bank,Pending
10626,10626,2026-04-15,5327.86,Bank,Paid
10627,10627,2024-04-20,5219.35,Bank,Paid
10628,10628,2024-12-11,1307.37,Bank,Paid
10629,10629,2024-02-01,395.97,UPI,Paid
10630,10630,2025-10-28,4085.2,Bank,Failed
10631,10631,2024-08-30,2687.67,Wallet,Paid
10632,10632,2025-02-18,502.55,Wallet,Failed
10633,10633,2024-07-14,2012.45,Bank,Paid
10634,10634,2024-06-08,1754.0,Bank,Paid
10635,10635,2025-12-15,2411.92,UPI,Paid
10636,10636,2024-12-02,1101.56,UPI,Paid
10637,10637,2025-06-14,2544.53,Card,Paid
10638,10638,2025-09-14,3245.13,Bank,Paid
10639,10639,2024-10-24,5444.99,UPI,Paid
10640,10640,2024-02-05,1644.36,UPI,Paid
10641,10641,2024-12-12,357.15,Wallet,Paid
10642,10642,2024-09-27,3621.72,UPI,Paid
10643,10643,2024-10-13,3495.48,Wallet,Paid
10644,10644,2024-07-20,1728.47,Wallet,Pending
10645,10645,2026-04-07,3561.03,UPI,Paid
10646,10646,2024-07-26,153.49,Card,Pending
10647,10647,2024-10-05,920.69,Wallet,Paid
10648,10648,2024-03-13,6801.55,Bank,Paid
10649,10649,2024-01-21,2865.47,Bank,Failed
10650,10650,2024-06-18,1600.95,Wallet,Paid
10651,10651,2026-05-09,5055.14,Card,Paid
10652,10652,2026-01-12,1501.3,Card,Paid
10653,10653,2024-04-01,4391.15,Card,Paid
10654,10654,2026-01-04,4735.48,Wallet,Paid
10655,10655,2025-05-27,2912.64,Wallet,Paid
10656,10656,2025-12-14,2562.5,UPI,Paid
10657,10657,2026-04-27,487.27,Wallet,Paid
10658,10658,2026-06-13,8440.87,Wallet,Paid
10659,10659,2026-01-23,208.55,Card,Pending
10660,10660,2024-11-14,3277.98,Wallet,Paid
10661,10661,2024-01-26,5914.86,Wallet,Paid
10662,10662,2025-05-24,7182.95,Card,Paid
10663,10663,2025-05-11,1715.0,Wallet,Paid
10664,10664,2026-05-08,1587.72,Card,Paid
10665,10665,2024-08-31,2538.39,Card,Paid
10666,10666,2024-12-16,411.11,Bank,Paid
10667,10667,2024-12-02,1726.71,Bank,Paid
10668,10668,2025-04-20,5287.92,Wallet,Paid
10669,10669,2026-07-24,3243.01,Card,Paid
10670,10670,2024-09-13,3261.03,Bank,Paid
10671,10671,2024-07-21,7906.67,Bank,Pending
10672,10672,2024-01-25,4601.1,Wallet,Paid
10673,10673,2024-07-05,5367.01,Bank,Paid
10674,10674,2024-12-29,3560.84,Bank,Paid
10675,10675,2024-07-30,3204.02,UPI,Paid
10676,10676,2026-03-11,2592.47,Wallet,Paid
10677,10677,2025-11-18,1627.7,Bank,Paid
10678,10678,2024-05-02,4445.48,Card,Paid
10679,10679,2026-05-28,4172.06,UPI,Paid
10680,10680,2025-08-17,3349.43,Wallet,Failed
10681,10681,2024-10-24,3179.09,Card,Paid
10682,10682,2025-01-30,9717.96,Card,Paid
10683,10683,2025-06-06,1277.87,Card,Pending
10684,10684,2026-04-30,4812.19,Card,Paid
10685,10685,2024-02-06,3259.96,UPI,Paid
10686,10686,2025-07-05,3415.72,Bank,Paid
10687,10687,2024-05-20,1328.45,Card,Paid
10688,10688,2024-08-19,721.04,Bank,Paid
10689,10689,2024-08-10,3056.71,Bank,Paid
10690,10690,2026-01-12,6283.47,Wallet,Failed
10691,10691,2026-07-01,1938.05,Card,Paid
10692,10692,2024-03-30,1474.52,UPI,Paid
10693,10693,2025-12-23,851.65,Bank,Paid
10694,10694,2026-04-05,188.15,Bank,Paid
10695,10695,2024-07-20,522.4,Bank,Paid
10696,10696,2026-08-05,3939.8,UPI,Paid
10697,10697,2025-06-24,1953.09,Bank,Paid
10698,10698,2024-06-25,1344.69,Card,Paid
10699,10699,2025-01-18,3553.36,Card,Paid
10700,10700,2026-03-08,1987.11,Wallet,Paid
10701,10701,2025-09-10,4913.71,Card,Paid
10702,10702,2024-08-05,3650.04,Wallet,Paid
10703,10703,2025-04-28,1267.34,Card,Paid
10704,10704,2024-10-15,523.4,Card,Paid
10705,10705,2025-11-01,243.37,Wallet,Paid
10706,10706,2025-01-15,1098.43,Wallet,Paid
10707,10707,2026-06-13,2306.71,UPI,Paid
10708,10708,2024-02-22,3114.09,Wallet,Paid
10709,10709,2025-12-07,1737.37,Bank,Paid
10710,10710,2024-04-05,1099.74,Card,Paid
10711,10711,2025-05-05,2199.05,UPI,Paid
10712,10712,2026-04-18,9410.47,Wallet,Paid
10713,10713,2026-02-10,5022.44,Bank,Paid
10714,10714,2026-04-13,492.35,Bank,Paid
10715,10715,2025-11-11,1581.43,UPI,Paid
10716,10716,2026-01-12,605.05,Card,Paid
10717,10717,2024-12-08,4488.88,Card,Paid
10718,10718,2024-12-01,6809.66,Wallet,Paid
10719,10719,2024-03-19,4081.43,Wallet,Paid
10720,10720,2026-08-28,3763.08,Card,Pending
10721,10721,2025-02-10,723.91,Card,Paid
10722,10722,2025-02-02,581.0,Card,Paid
10723,10723,2024-09-10,1150.92,Card,Paid
10724,10724,2025-05-18,4951.09,Card,Paid
10725,10725,2024-05-03,6706.38,Card,Paid
10726,10726,2025-07-23,1083.59,Bank,Paid
10727,10727,2025-04-21,2791.33,Wallet,Pending
10728,10728,2024-03-20,818.4,Wallet,Paid
10729,10729,2026-07-11,5239.56,UPI,Paid
10730,10730,2024-04-06,3943.7,UPI,Paid
10731,10731,2025-11-09,6324.92,Card,Paid
10732,10732,2024-09-01,6440.99,UPI,Paid
10733,10733,2024-03-11,4984.45,Card,Paid
10734,10734,2026-04-10,4793.95,UPI,Paid
10735,10735,2026-08-16,1189.67,Wallet,Paid
10736,10736,2025-05-05,1686.03,Card,Paid
10737,10737,2024-07-18,5028.39,UPI,Paid
10738,10738,2024-02-22,4286.51,Card,Paid
10739,10739,2024-05-15,1791.11,UPI,Paid
10740,10740,2024-02-10,2441.07,Wallet,Paid
10741,10741,2025-09-14,7139.07,UPI,Paid
10742,10742,2025-01-15,3748.81,Card,Paid
10743,10743,2025-04-03,6071.76,UPI,Paid
10744,10744,2026-07-13,1214.45,UPI,Paid
10745,10745,2024-02-11,2238.79,Bank,Pending
10746,10746,2026-06-01,2739.91,Wallet,Paid
10747,10747,2024-10-13,846.68,Bank,Paid
10748,10748,2024-09-14,3926.41,Card,Paid
10749,10749,2024-03-26,4242.69,UPI,Paid
10750,10750,2026-04-05,2315.14,Card,Paid
10751,10751,2024-05-13,1559.72,UPI,Paid
10752,10752,2025-11-21,1729.17,UPI,Failed
10753,10753,2025-03-01,1644.36,Card,Paid
10754,10754,2024-10-15,2163.43,UPI,Paid
10755,10755,2025-07-20,1555.67,Card,Pending
10756,10756,2025-06-24,6031.21,Bank,Paid
10757,10757,2024-04-23,3789.67,Card,Paid
10758,10758,2026-01-05,4399.1,Card,Paid
10759,10759,2026-03-28,5316.79,Bank,Paid
10760,10760,2024-07-16,635.27,Card,Paid
10761,10761,2026-08-04,579.9,Bank,Paid
10762,10762,2024-02-09,6123.76,UPI,Paid
10763,10763,2024-10-09,5121.55,Card,Paid
10764,10764,2024-05-19,5540.15,UPI,Paid
10765,10765,2024-12-03,5524.93,UPI,Paid
10766,10766,2025-11-17,4753.31,Wallet,Paid
10767,10767,2024-06-14,170.41,Wallet,Paid
10768,10768,2025-08-20,477.45,Wallet,Paid
10769,10769,2026-03-21,2531.09,Card,Paid
10770,10770,2024-07-02,4878.42,UPI,Paid
10771,10771,2025-06-05,2196.83,Bank,Paid
10772,10772,2025-05-24,1884.67,Wallet,Pending
10773,10773,2025-09-09,1481.28,Bank,Failed
10774,10774,2024-03-31,2396.51,Bank,Paid
10775,10775,2026-06-04,2203.41,Bank,Paid
10776,10776,2024-08-08,4643.55,Card,Paid
10777,10777,2025-03-22,7524.88,Card,Paid
10778,10778,2025-08-11,923.81,Card,Paid
10779,10779,2025-11-30,1616.36,UPI,Paid
10780,10780,2025-08-12,678.33,UPI,Paid
10781,10781,2024-06-04,664.39,UPI,Paid
10782,10782,2025-09-30,6432.89,Wallet,Paid
10783,10783,2024-08-29,5045.34,Wallet,Paid
10784,10784,2025-03-26,2580.0,Wallet,Paid
10785,10785,2025-12-15,1885.6,Card,Paid
10786,10786,2026-03-03,2651.41,UPI,Paid
10787,10787,2025-06-01,2682.85,UPI,Paid
10788,10788,2025-05-02,669.59,Card,Paid
10789,10789,2024-11-06,3144.2,Wallet,Paid
10790,10790,2026-05-28,5909.18,Wallet,Paid
10791,10791,2026-01-21,1569.42,Card,Failed
10792,10792,2025-01-05,7118.78,Bank,Paid
10793,10793,2026-03-03,2787.89,UPI,Paid
10794,10794,2024-05-03,1524.46,UPI,Paid
10795,10795,2025-09-24,4498.2,Card,Paid
10796,10796,2026-08-18,542.39,UPI,Paid
10797,10797,2024-02-20,2594.36,Card,Paid
10798,10798,2025-02-08,2213.45,UPI,Paid
10799,10799,2025-03-27,3896.1,Card,Paid
10800,10800,2025-01-19,1552.15,Card,Paid
10801,10801,2026-04-25,4932.88,Card,Paid
10802,10802,2024-11-18,950.57,Card,Paid
10803,10803,2024-07-25,9263.53,UPI,Paid
10804,10804,2026-07-22,5145.66,UPI,Paid
10805,10805,2024-01-17,3150.25,Bank,Pending
10806,10806,2024-10-30,1276.29,Card,Paid
10807,10807,2025-01-28,4502.45,Wallet,Paid
10808,10808,2025-02-27,2098.33,Wallet,Paid
10809,10809,2025-05-23,1394.71,Bank,Paid
10810,10810,2024-03-22,3418.8,Wallet,Paid
10811,10811,2024-07-18,4852.78,Card,Paid
10812,10812,2026-05-25,2728.74,Card,Paid
10813,10813,2024-11-05,2308.68,Wallet,Paid
10814,10814,2025-05-29,5729.55,Card,Paid
10815,10815,2024-04-20,2130.15,UPI,Paid
10816,10816,2024-01-23,2901.82,Wallet,Pending
10817,10817,2024-07-12,792.67,UPI,Pending
10818,10818,2025-08-19,4867.34,Card,Paid
10819,10819,2026-02-02,1359.9,UPI,Paid
10820,10820,2024-10-16,227.03,UPI,Paid
10821,10821,2024-05-03,4348.02,Wallet,Failed
10822,10822,2025-02-25,306.85,Card,Paid
10823,10823,2024-05-02,1356.77,Bank,Paid
10824,10824,2025-12-15,605.37,Wallet,Paid
10825,10825,2026-04-08,6350.58,UPI,Failed
10826,10826,2026-08-08,5968.79,Card,Paid
10827,10827,2025-05-28,2165.89,UPI,Paid
10828,10828,2025-02-14,968.49,Bank,Paid
10829,10829,2024-03-23,6563.4,UPI,Paid
10830,10830,2024-02-23,6931.76,Wallet,Paid
10831,10831,2024-07-25,399.7,Card,Paid
10832,10832,2024-08-10,5798.53,Bank,Paid
10833,10833,2026-03-09,4795.97,Bank,Paid
10834,10834,2025-04-22,427.93,UPI,Paid
10835,10835,2026-04-30,2414.68,Wallet,Pending
10836,10836,2024-09-14,2230.08,Card,Paid
10837,10837,2024-09-30,3737.82,Bank,Paid
10838,10838,2024-08-06,463.1,UPI,Paid
10839,10839,2024-09-17,3297.63,Wallet,Paid
10840,10840,2026-07-06,1035.05,Card,Paid
10841,10841,2024-11-09,193.67,Bank,Paid
10842,10842,2026-05-10,4172.96,Card,Paid
10843,10843,2024-09-15,6778.83,Wallet,Paid
10844,10844,2026-02-21,4339.77,Wallet,Paid
10845,10845,2024-02-06,3495.07,Card,Paid
10846,10846,2026-02-16,683.42,UPI,Paid
10847,10847,2025-05-26,10402.3,Card,Failed
10848,10848,2024-07-09,810.13,Bank,Paid
10849,10849,2026-01-30,5731.71,Wallet,Paid
10850,10850,2026-05-03,2572.62,Bank,Paid
10851,10851,2026-02-10,1815.22,UPI,Paid
10852,10852,2026-05-11,358.41,Wallet,Paid
10853,10853,2026-03-20,2935.14,Bank,Paid
10854,10854,2025-02-26,1691.93,Card,Paid
10855,10855,2026-02-21,2191.56,Card,Paid
10856,10856,2026-02-17,3547.12,Wallet,Paid
10857,10857,2025-04-09,4930.85,Wallet,Failed
10858,10858,2025-09-30,289.49,Bank,Paid
10859,10859,2024-08-06,1160.44,UPI,Paid
10860,10860,2024-12-26,3031.98,Card,Paid
10861,10861,2024-05-15,1609.34,UPI,Pending
10862,10862,2024-04-16,409.92,Wallet,Paid
10863,10863,2026-04-18,2399.08,Bank,Paid
10864,10864,2024-02-17,1135.96,Card,Paid
10865,10865,2024-11-04,498.99,UPI,Paid
10866,10866,2025-10-14,4008.17,UPI,Paid
10867,10867,2026-08-01,1610.54,Card,Paid
10868,10868,2024-06-28,2292.74,UPI,Paid
10869,10869,2025-08-07,1531.31,Card,Paid
10870,10870,2024-06-10,4528.76,Wallet,Failed
10871,10871,2024-10-14,2449.18,Card,Paid
10872,10872,2025-08-30,2420.89,Card,Paid
10873,10873,2025-05-22,5323.08,Bank,Paid
10874,10874,2026-01-06,6136.81,Wallet,Pending
10875,10875,2026-03-12,1772.97,Wallet,Paid
10876,10876,2026-07-03,689.37,Card,Paid
10877,10877,2025-04-15,2709.56,Bank,Paid
10878,10878,2025-09-02,2605.14,Wallet,Paid
10879,10879,2026-06-28,5339.28,Bank,Paid
10880,10880,2025-06-21,288.13,Wallet,Paid
10881,10881,2024-12-09,4492.31,Wallet,Paid
10882,10882,2025-12-15,4759.22,Card,Failed
10883,10883,2025-01-27,1640.11,UPI,Paid
10884,10884,2024-01-25,2225.76,Card,Paid
10885,10885,2024-07-21,787.74,Bank,Paid
10886,10886,2026-04-03,1297.99,UPI,Paid
10887,10887,2025-08-01,2626.94,UPI,Paid
10888,10888,2024-04-08,2654.65,UPI,Paid
10889,10889,2026-01-29,2391.3,Card,Paid
10890,10890,2024-01-14,4123.85,UPI,Paid
10891,10891,2024-05-23,363.45,Bank,Paid
10892,10892,2024-12-10,2655.6,Card,Paid
10893,10893,2025-12-23,2002.02,UPI,Paid
10894,10894,2025-03-01,337.19,UPI,Paid
10895,10895,2024-05-06,3568.43,Wallet,Paid
10896,10896,2024-08-09,932.04,Bank,Paid
10897,10897,2025-04-16,88.92,Bank,Paid
10898,10898,2024-12-19,5370.75,Wallet,Paid
10899,10899,2026-06-20,4073.62,Card,Paid
10900,10900,2026-01-07,4599.71,Card,Paid
10901,10901,2024-07-12,2788.72,UPI,Paid
10902,10902,2025-07-29,1404.38,UPI,Paid
10903,10903,2026-03-06,333.84,Wallet,Paid
10904,10904,2025-02-01,763.4,Bank,Paid
10905,10905,2025-12-11,219.75,Bank,Paid
10906,10906,2024-08-19,2951.2,UPI,Paid
10907,10907,2025-05-08,7108.44,Bank,Paid
10908,10908,2024-04-09,7760.82,Wallet,Paid
10909,10909,2024-01-08,6685.9,Wallet,Paid
10910,10910,2025-03-19,4121.41,Bank,Paid
10911,10911,2025-03-30,5346.96,Bank,Paid
10912,10912,2025-07-26,2030.92,Wallet,Paid
10913,10913,2025-07-29,6076.97,Card,Paid
10914,10914,2024-12-02,5329.08,Card,Paid
10915,10915,2024-01-23,124.87,Bank,Paid
10916,10916,2024-12-16,1237.22,Wallet,Paid
10917,10917,2025-11-28,1347.3,UPI,Paid
10918,10918,2025-09-21,632.28,Bank,Paid
10919,10919,2024-04-24,1259.7,Wallet,Paid
10920,10920,2025-10-26,226.6,UPI,Paid
10921,10921,2026-08-18,2825.95,Card,Paid
10922,10922,2026-04-09,744.07,UPI,Paid
10923,10923,2025-07-10,6874.32,Card,Paid
10924,10924,2024-05-21,119.64,UPI,Paid
10925,10925,2025-12-17,7348.23,UPI,Paid
10926,10926,2025-06-28,113.46,Bank,Paid
10927,10927,2024-06-11,1578.71,Wallet,Paid
10928,10928,2026-02-09,5436.97,UPI,Paid
10929,10929,2025-09-21,2907.6,Card,Paid
10930,10930,2025-09-20,2426.86,Bank,Paid
10931,10931,2025-09-18,5642.34,Wallet,Paid
10932,10932,2024-05-10,2080.14,Wallet,Paid
10933,10933,2024-06-09,5527.75,Card,Paid
10934,10934,2024-11-24,2093.76,Bank,Paid
10935,10935,2025-12-22,904.11,Bank,Paid
10936,10936,2025-08-22,589.62,UPI,Paid
10937,10937,2026-07-31,4032.6,Card,Paid
10938,10938,2024-03-20,3519.35,Wallet,Paid
10939,10939,2025-10-26,1106.44,Card,Paid
10940,10940,2024-07-30,5500.99,Wallet,Paid
10941,10941,2025-06-08,6032.98,Wallet,Paid
10942,10942,2025-09-05,2300.79,Bank,Paid
10943,10943,2024-03-13,3101.62,Card,Paid
10944,10944,2024-05-09,3865.75,Wallet,Paid
10945,10945,2025-07-24,3696.86,UPI,Paid
10946,10946,2025-08-20,1962.85,Wallet,Paid
10947,10947,2026-04-12,1405.78,Bank,Paid
10948,10948,2024-01-06,3702.55,Bank,Paid
10949,10949,2024-05-09,3651.85,Card,Paid
10950,10950,2025-04-13,6794.44,Card,Paid
10951,10951,2025-05-08,2471.65,Card,Paid
10952,10952,2026-08-21,8127.15,Wallet,Paid
10953,10953,2025-09-14,1605.52,Card,Failed
10954,10954,2024-10-09,629.26,Wallet,Paid
10955,10955,2026-05-18,2421.02,UPI,Paid
10956,10956,2025-03-14,1238.62,Bank,Failed
10957,10957,2024-04-23,2715.68,Card,Paid
10958,10958,2025-11-14,2607.79,Bank,Paid
10959,10959,2024-12-31,3556.79,UPI,Paid
10960,10960,2025-04-29,2835.21,Card,Paid
10961,10961,2024-04-19,1009.66,Wallet,Paid
10962,10962,2026-01-20,3323.99,Bank,Paid
10963,10963,2025-04-21,1563.32,Bank,Paid
10964,10964,2024-08-08,841.34,Bank,Paid
10965,10965,2025-12-17,4321.63,UPI,Pending
10966,10966,2024-03-05,1640.2,Card,Pending
10967,10967,2025-04-12,413.57,UPI,Paid
10968,10968,2025-01-02,3657.32,Card,Paid
10969,10969,2024-05-28,5980.21,Card,Paid
10970,10970,2026-05-18,4999.89,Bank,Paid
10971,10971,2025-04-16,7574.54,UPI,Pending
10972,10972,2024-09-20,1574.2,Bank,Pending
10973,10973,2025-03-31,491.54,Bank,Failed
10974,10974,2024-11-11,2043.18,Wallet,Paid
10975,10975,2025-02-02,1791.17,Wallet,Paid
10976,10976,2025-12-15,3904.99,Card,Paid
10977,10977,2024-12-29,4238.63,Card,Paid
10978,10978,2024-12-17,8579.63,Bank,Failed
10979,10979,2024-10-25,1244.82,Wallet,Failed
10980,10980,2026-08-10,1572.1,Bank,Paid
10981,10981,2026-01-10,2296.43,Card,Paid
10982,10982,2025-12-28,2829.26,UPI,Paid
10983,10983,2026-03-11,3592.13,Wallet,Paid
10984,10984,2024-10-27,1501.64,Wallet,Paid
10985,10985,2024-05-03,1601.8,UPI,Paid
10986,10986,2024-04-15,6615.07,UPI,Failed
10987,10987,2026-03-22,3069.26,Card,Paid
10988,10988,2024-09-20,4407.89,Card,Paid
10989,10989,2024-05-05,1973.56,Wallet,Paid
10990,10990,2024-06-29,7068.54,Bank,Paid
10991,10991,2024-12-27,3186.73,UPI,Failed
10992,10992,2025-12-22,1011.18,Bank,Paid
10993,10993,2025-04-23,1153.76,UPI,Paid
10994,10994,2024-10-13,3898.91,UPI,Paid
10995,10995,2024-07-20,4135.92,UPI,Pending
10996,10996,2024-03-14,4016.65,Card,Paid
10997,10997,2025-05-16,1655.75,Wallet,Paid
10998,10998,2024-07-12,2159.59,Wallet,Paid
10999,10999,2026-02-04,3568.88,Wallet,Paid
11000,11000,2024-02-01,2555.69,Card,Paid
11001,11001,2025-01-30,1441.28,UPI,Paid
11002,11002,2024-02-05,46.42,Card,Paid
11003,11003,2024-12-14,5484.89,Card,Paid
11004,11004,2026-04-28,3152.82,Wallet,Paid
11005,11005,2025-01-27,4054.92,Card,Paid
11006,11006,2025-06-29,583.49,Wallet,Paid
11007,11007,2024-04-21,212.49,Wallet,Paid
11008,11008,2026-04-10,4002.42,Wallet,Paid
11009,11009,2025-12-22,5046.16,UPI,Failed
11010,11010,2025-02-26,1344.93,Wallet,Failed
11011,11011,2024-10-25,2442.7,Card,Paid
11012,11012,2025-04-10,8730.5,Bank,Failed
11013,11013,2026-05-22,1502.36,Card,Paid
11014,11014,2024-03-04,4540.58,Card,Paid
11015,11015,2024-04-05,2583.57,UPI,Paid
11016,11016,2024-01-31,1478.45,Bank,Paid
11017,11017,2024-07-14,4851.07,Card,Paid
11018,11018,2024-06-10,5907.96,UPI,Paid
11019,11019,2025-02-01,4446.3,Wallet,Paid
11020,11020,2025-05-24,2091.44,Wallet,Paid
11021,11021,2025-10-14,3307.18,Bank,Paid
11022,11022,2025-02-09,2401.92,Bank,Paid
11023,11023,2025-04-12,6851.62,UPI,Failed
11024,11024,2026-01-12,3613.66,Wallet,Paid
11025,11025,2024-04-27,1859.19,Bank,Paid
11026,11026,2024-05-06,3487.96,Card,Paid
11027,11027,2024-05-02,2276.67,Bank,Paid
11028,11028,2025-11-28,3931.83,UPI,Paid
11029,11029,2026-03-10,1687.47,Bank,Paid
11030,11030,2024-04-03,2080.35,UPI,Paid
11031,11031,2026-05-19,89.4,Card,Paid
11032,11032,2024-04-11,365.14,Bank,Paid
11033,11033,2025-06-21,5330.35,UPI,Paid
11034,11034,2024-09-16,3284.23,Card,Paid
11035,11035,2024-06-27,2578.21,Wallet,Paid
11036,11036,2025-01-23,6160.63,Card,Paid
11037,11037,2026-08-09,2231.04,UPI,Paid
11038,11038,2026-06-27,4651.45,Bank,Paid
11039,11039,2026-08-13,4665.57,Bank,Paid
11040,11040,2025-05-04,1295.27,Wallet,Paid
11041,11041,2025-11-25,5318.08,Card,Paid
11042,11042,2026-04-05,4981.97,Card,Paid
11043,11043,2024-06-14,7629.47,Card,Paid
11044,11044,2025-02-08,5299.78,Bank,Pending
11045,11045,2024-02-20,5253.04,Wallet,Paid
11046,11046,2024-05-21,795.81,Bank,Paid
11047,11047,2024-02-08,887.0,Card,Paid
11048,11048,2025-11-01,7051.57,Bank,Paid
11049,11049,2026-06-24,3611.12,Wallet,Paid
11050,11050,2026-06-08,131.85,Bank,Failed
11051,11051,2024-01-01,272.07,Bank,Paid
11052,11052,2026-01-02,2479.82,Wallet,Paid
11053,11053,2026-06-15,4344.01,Wallet,Paid
11054,11054,2024-12-11,2121.87,Wallet,Paid
11055,11055,2024-02-06,1904.47,Wallet,Paid
11056,11056,2026-04-20,7614.54,Wallet,Paid
11057,11057,2024-06-16,770.85,Wallet,Paid
11058,11058,2025-09-08,3123.96,Wallet,Pending
11059,11059,2024-03-19,2872.46,Bank,Paid
11060,11060,2025-01-23,5917.61,UPI,Pending
11061,11061,2024-06-20,781.68,UPI,Paid
11062,11062,2025-11-12,1271.53,UPI,Paid
11063,11063,2024-10-30,2372.99,Wallet,Failed
11064,11064,2026-03-21,783.12,Card,Paid
11065,11065,2024-08-03,5719.39,UPI,Pending
11066,11066,2025-09-02,1266.69,UPI,Paid
11067,11067,2025-07-01,1272.86,Bank,Paid
11068,11068,2026-08-04,1935.81,Wallet,Paid
11069,11069,2026-01-15,1598.24,Card,Paid
11070,11070,2026-07-30,6743.07,Card,Paid
11071,11071,2026-06-30,3471.45,Bank,Paid
11072,11072,2024-09-12,5890.95,Card,Paid
11073,11073,2024-11-07,4552.26,Bank,Paid
11074,11074,2024-02-23,2801.82,Wallet,Paid
11075,11075,2024-06-03,1739.35,Bank,Paid
11076,11076,2024-03-26,3295.33,Wallet,Failed
11077,11077,2024-06-11,2105.86,Card,Paid
11078,11078,2026-07-21,4068.21,Wallet,Paid
11079,11079,2026-07-03,6920.34,Wallet,Paid
11080,11080,2024-03-27,2522.9,Wallet,Paid
11081,11081,2026-01-19,5599.63,Card,Paid
11082,11082,2024-09-21,778.88,Card,Paid
11083,11083,2025-12-03,2751.24,UPI,Paid
11084,11084,2026-01-09,5067.91,UPI,Paid
11085,11085,2026-03-18,2705.44,Bank,Paid
11086,11086,2026-04-10,3253.05,Wallet,Paid
11087,11087,2025-12-09,6254.51,Bank,Paid
11088,11088,2026-01-16,2348.05,UPI,Paid
11089,11089,2026-04-17,3579.52,Bank,Paid
11090,11090,2025-10-07,2443.69,Card,Paid
11091,11091,2024-10-14,2042.9,Bank,Paid
11092,11092,2026-07-06,3514.34,Bank,Paid
11093,11093,2024-11-09,2588.1,Card,Paid
11094,11094,2025-11-18,7550.25,UPI,Paid
11095,11095,2024-12-03,5238.73,Bank,Paid
11096,11096,2026-02-19,6696.8,Card,Paid
11097,11097,2025-07-11,6594.23,UPI,Paid
11098,11098,2026-05-18,4362.87,Card,Paid
11099,11099,2026-04-29,353.66,Wallet,Paid
11100,11100,2025-01-02,1175.2,Bank,Paid
11101,11101,2026-02-05,5070.92,Card,Pending
11102,11102,2026-06-29,4649.63,Wallet,Paid
11103,11103,2026-04-19,3649.41,Bank,Paid
11104,11104,2024-02-01,9848.51,Card,Paid
11105,11105,2025-04-11,2662.23,Wallet,Paid
11106,11106,2025-03-14,1663.02,UPI,Paid
11107,11107,2024-02-08,89.78,Bank,Paid
11108,11108,2024-05-06,2167.16,Card,Paid
11109,11109,2026-03-24,3268.02,Card,Paid
11110,11110,2024-01-03,3752.86,Card,Paid
11111,11111,2024-04-18,1842.73,Wallet,Paid
11112,11112,2026-04-18,4520.98,Wallet,Paid
11113,11113,2025-01-25,302.56,Card,Paid
11114,11114,2025-01-17,1950.99,Wallet,Failed
11115,11115,2024-04-06,1600.37,Wallet,Paid
11116,11116,2025-08-20,847.47,Card,Paid
11117,11117,2026-05-13,2769.55,Card,Paid
11118,11118,2025-09-29,3242.09,Card,Paid
11119,11119,2024-03-22,7722.35,Bank,Paid
11120,11120,2025-04-25,4093.15,UPI,Paid
11121,11121,2024-01-28,1692.21,Wallet,Failed
11122,11122,2024-06-23,2954.83,UPI,Paid
11123,11123,2025-09-18,2831.21,Bank,Paid
11124,11124,2024-05-20,2583.55,Card,Paid
11125,11125,2024-03-05,417.37,Wallet,Paid
11126,11126,2024-09-22,1603.41,Bank,Paid
11127,11127,2025-06-20,2394.12,UPI,Paid
11128,11128,2026-05-17,3908.53,Card,Paid
11129,11129,2025-06-18,2356.51,Wallet,Paid
11130,11130,2025-07-07,4012.79,UPI,Paid
11131,11131,2026-04-15,3790.77,Card,Paid
11132,11132,2026-03-09,5155.34,Card,Paid
11133,11133,2025-02-19,713.68,UPI,Paid
11134,11134,2025-01-31,5932.36,Card,Paid
11135,11135,2025-10-16,3484.2,Card,Paid
11136,11136,2025-04-09,7146.87,Card,Paid
11137,11137,2024-05-26,4135.26,Wallet,Paid
11138,11138,2026-08-13,4625.63,Wallet,Paid
11139,11139,2025-08-20,6253.92,Bank,Paid
11140,11140,2026-01-25,3762.21,Wallet,Paid
11141,11141,2026-03-25,4002.39,Bank,Paid
11142,11142,2025-02-05,3001.07,Card,Paid
11143,11143,2025-03-19,2046.77,Bank,Paid
11144,11144,2025-11-28,1043.01,UPI,Paid
11145,11145,2024-12-22,8783.77,UPI,Paid
11146,11146,2024-06-06,229.62,Bank,Paid
11147,11147,2024-06-01,5835.8,Wallet,Paid
11148,11148,2026-05-15,2280.02,Wallet,Paid
11149,11149,2026-03-16,9611.89,UPI,Paid
11150,11150,2025-12-06,7078.42,Card,Failed
11151,11151,2026-01-18,3348.0,Card,Paid
11152,11152,2024-09-26,127.35,Wallet,Paid
11153,11153,2024-02-21,6982.63,Bank,Failed
11154,11154,2024-08-19,9651.43,Bank,Paid
11155,11155,2025-10-21,2472.73,Card,Paid
11156,11156,2025-10-18,5926.16,Wallet,Paid
11157,11157,2024-12-17,7072.88,UPI,Paid
11158,11158,2025-11-11,1312.54,UPI,Paid
11159,11159,2025-03-11,4376.85,Wallet,Paid
11160,11160,2025-06-29,1086.24,Wallet,Paid
11161,11161,2026-06-09,4026.6,Card,Paid
11162,11162,2024-09-20,5764.47,Wallet,Paid
11163,11163,2024-04-01,6971.17,Card,Pending
11164,11164,2024-08-27,1128.3,Bank,Paid
11165,11165,2025-07-23,4306.28,Bank,Paid
11166,11166,2026-07-14,3589.96,Card,Paid
11167,11167,2026-02-10,3022.97,Card,Paid
11168,11168,2024-12-03,2832.94,Bank,Failed
11169,11169,2025-06-03,4057.09,UPI,Paid
11170,11170,2024-05-10,423.46,Wallet,Paid
11171,11171,2025-09-25,7923.32,Wallet,Paid
11172,11172,2025-09-11,3785.77,Wallet,Paid
11173,11173,2026-05-10,4604.73,Card,Paid
11174,11174,2024-04-17,5428.22,UPI,Paid
11175,11175,2026-07-25,2526.68,Wallet,Paid
11176,11176,2025-12-12,8881.77,Wallet,Paid
11177,11177,2026-03-27,2759.08,Card,Paid
11178,11178,2024-03-30,944.41,UPI,Paid
11179,11179,2025-03-10,3311.28,Wallet,Paid
11180,11180,2024-01-01,93.17,Wallet,Paid
11181,11181,2025-02-20,4071.84,Wallet,Paid
11182,11182,2026-07-02,1622.55,Card,Paid
11183,11183,2024-07-28,119.17,Bank,Paid
11184,11184,2025-10-08,6298.32,Bank,Paid
11185,11185,2025-11-26,7584.41,Bank,Paid
11186,11186,2025-12-09,507.33,Wallet,Paid
11187,11187,2025-03-30,6462.55,Bank,Paid
11188,11188,2025-08-31,1603.6,Card,Paid
11189,11189,2024-03-16,4203.19,UPI,Failed
11190,11190,2025-09-20,4751.04,Card,Paid
11191,11191,2025-02-06,672.32,Wallet,Paid
11192,11192,2024-12-29,2714.19,UPI,Paid
11193,11193,2024-06-25,5461.89,Wallet,Paid
11194,11194,2024-03-07,1872.17,UPI,Pending
11195,11195,2026-06-24,467.85,Wallet,Paid
11196,11196,2024-08-19,407.48,Bank,Paid
11197,11197,2026-03-01,530.1,UPI,Paid
11198,11198,2026-07-20,5899.85,Bank,Paid
11199,11199,2024-05-17,8346.5,Card,Paid
11200,11200,2026-07-03,1262.73,Card,Paid
11201,11201,2025-04-11,2208.28,UPI,Paid
11202,11202,2025-11-20,7829.97,Bank,Failed
11203,11203,2026-05-31,8511.26,Card,Paid
11204,11204,2026-04-12,4124.95,Card,Pending
11205,11205,2026-05-26,4345.32,Bank,Failed
11206,11206,2025-10-05,1658.17,Card,Paid
11207,11207,2026-03-05,3647.85,Bank,Paid
11208,11208,2024-03-03,6760.22,Card,Failed
11209,11209,2026-01-30,1666.18,UPI,Paid
11210,11210,2025-01-06,1771.2,Bank,Paid
11211,11211,2026-05-27,692.85,Wallet,Paid
11212,11212,2025-07-08,2353.46,Bank,Pending
11213,11213,2024-06-05,265.34,Bank,Paid
11214,11214,2025-07-24,553.67,Wallet,Paid
11215,11215,2026-05-27,4190.57,Bank,Paid
11216,11216,2025-05-01,3710.06,Bank,Paid
11217,11217,2026-08-22,3884.39,UPI,Paid
11218,11218,2026-08-02,4969.89,Card,Paid
11219,11219,2025-07-16,1497.16,Wallet,Paid
11220,11220,2024-11-27,4682.37,Bank,Paid
11221,11221,2026-05-28,4244.06,Bank,Paid
11222,11222,2025-06-12,7135.43,Wallet,Paid
11223,11223,2025-08-03,2111.38,Wallet,Paid
11224,11224,2024-01-19,7263.02,Bank,Paid
11225,11225,2025-03-27,5532.65,Wallet,Paid
11226,11226,2026-07-08,2047.39,Wallet,Paid
11227,11227,2026-02-22,4850.46,Wallet,Paid
11228,11228,2026-06-29,1680.52,Card,Paid
11229,11229,2026-04-19,1999.45,Wallet,Paid
11230,11230,2024-12-29,2149.75,UPI,Paid
11231,11231,2025-05-24,3169.78,Card,Paid
11232,11232,2024-07-24,3312.18,UPI,Paid
11233,11233,2025-10-31,6606.11,Bank,Paid
11234,11234,2025-09-27,3452.02,Card,Paid
11235,11235,2026-03-27,154.1,Wallet,Paid
11236,11236,2024-11-09,8432.55,Wallet,Paid
11237,11237,2026-04-01,9162.18,Card,Paid
11238,11238,2026-03-27,3784.22,Bank,Paid
11239,11239,2025-05-08,2900.51,Card,Paid
11240,11240,2026-04-26,6368.97,UPI,Paid
11241,11241,2025-06-14,1533.02,Wallet,Paid
11242,11242,2025-05-31,3787.68,Bank,Paid
11243,11243,2025-03-16,4498.61,UPI,Paid
11244,11244,2024-12-28,3781.13,UPI,Paid
11245,11245,2024-08-17,660.33,Wallet,Paid
11246,11246,2024-05-24,8988.24,UPI,Paid
11247,11247,2024-09-10,829.28,Wallet,Paid
11248,11248,2025-10-05,6010.93,UPI,Paid
11249,11249,2024-02-07,440.12,Card,Paid
11250,11250,2024-01-10,1918.11,Bank,Paid
11251,11251,2024-02-18,3157.81,Bank,Paid
11252,11252,2024-08-10,675.85,Wallet,Paid
11253,11253,2025-09-21,1704.65,Wallet,Pending
11254,11254,2024-10-08,5246.03,Wallet,Paid
11255,11255,2026-05-10,1858.49,UPI,Paid
11256,11256,2025-09-27,7134.85,Wallet,Paid
11257,11257,2024-05-28,3431.93,Card,Paid
11258,11258,2024-03-13,2495.95,Bank,Paid
11259,11259,2024-11-13,671.31,Wallet,Paid
11260,11260,2024-09-05,5271.85,Card,Paid
11261,11261,2025-05-26,5593.67,Wallet,Paid
11262,11262,2024-12-12,1817.31,Card,Paid
11263,11263,2025-06-17,2861.07,Bank,Paid
11264,11264,2026-08-01,1164.59,UPI,Paid
11265,11265,2026-02-21,7744.35,Wallet,Paid
11266,11266,2026-04-10,2918.3,Bank,Failed
11267,11267,2025-02-13,4026.47,UPI,Paid
11268,11268,2025-09-13,5415.6,Card,Paid
11269,11269,2025-06-11,8077.2,Card,Paid
11270,11270,2026-06-01,2585.31,Bank,Paid
11271,11271,2025-05-15,1706.82,Bank,Paid
11272,11272,2024-10-17,3759.79,Card,Paid
11273,11273,2025-01-12,2263.88,Bank,Paid
11274,11274,2025-04-04,4310.05,UPI,Paid
11275,11275,2024-06-14,5943.75,Bank,Paid
11276,11276,2024-11-03,3905.73,Wallet,Paid
11277,11277,2026-05-13,1485.47,Card,Paid
11278,11278,2024-11-27,6902.54,Wallet,Paid
11279,11279,2024-11-06,9076.84,UPI,Paid
11280,11280,2025-09-26,2647.64,Bank,Paid
11281,11281,2024-12-21,2946.38,Wallet,Paid
11282,11282,2024-10-19,4720.53,Card,Paid
11283,11283,2026-01-08,6367.43,Card,Paid
11284,11284,2026-08-13,556.64,Wallet,Paid
11285,11285,2025-06-20,304.18,Bank,Paid
11286,11286,2025-07-21,3419.47,UPI,Paid
11287,11287,2025-03-24,6533.91,Bank,Pending
11288,11288,2025-05-11,4929.68,Card,Paid
11289,11289,2026-04-23,3116.9,Card,Paid
11290,11290,2024-05-22,1290.5,Card,Paid
11291,11291,2026-05-01,2366.81,Bank,Paid
11292,11292,2025-12-28,7696.55,Bank,Paid
11293,11293,2026-07-01,492.47,Card,Paid
11294,11294,2026-01-11,2782.67,Wallet,Paid
11295,11295,2025-12-05,2113.27,Card,Pending
11296,11296,2025-05-04,248.66,UPI,Paid
11297,11297,2025-03-26,4085.43,Bank,Failed
11298,11298,2025-04-03,1323.17,UPI,Paid
11299,11299,2025-10-01,6980.58,Wallet,Paid
11300,11300,2024-08-13,4400.45,Card,Paid
11301,11301,2025-02-12,3657.15,Card,Paid
11302,11302,2024-07-23,2603.13,UPI,Paid
11303,11303,2025-05-18,2666.76,Card,Paid
11304,11304,2026-08-22,6284.67,Card,Paid
11305,11305,2024-03-28,2711.69,Bank,Paid
11306,11306,2024-12-30,1335.04,Wallet,Paid
11307,11307,2025-04-24,2192.25,Bank,Paid
11308,11308,2024-02-15,3555.69,Card,Pending
11309,11309,2026-08-19,6247.28,UPI,Paid
11310,11310,2025-01-15,6236.41,Bank,Paid
11311,11311,2025-06-02,3376.74,Wallet,Paid
11312,11312,2025-08-27,896.68,Wallet,Paid
11313,11313,2025-02-17,5472.56,Card,Paid
11314,11314,2024-11-13,7371.46,Bank,Paid
11315,11315,2025-03-06,2650.7,UPI,Paid
11316,11316,2025-06-18,673.38,Wallet,Paid
11317,11317,2025-01-20,6853.26,UPI,Paid
11318,11318,2026-05-18,5383.24,Bank,Paid
11319,11319,2025-02-17,8327.09,UPI,Paid
11320,11320,2024-06-25,1486.93,Card,Paid
11321,11321,2025-08-21,4494.6,UPI,Paid
11322,11322,2025-04-30,1445.82,UPI,Paid
11323,11323,2025-08-04,461.32,Wallet,Paid
11324,11324,2026-03-18,609.6,Wallet,Paid
11325,11325,2024-12-06,4286.21,Wallet,Paid
11326,11326,2024-11-03,2389.53,Wallet,Paid
11327,11327,2024-08-12,4472.37,Wallet,Pending
11328,11328,2025-05-21,1044.58,Wallet,Paid
11329,11329,2026-01-22,1733.61,UPI,Paid
11330,11330,2025-06-12,2779.76,Bank,Paid
11331,11331,2024-03-07,4250.07,Card,Paid
11332,11332,2025-05-02,3907.54,Wallet,Paid
11333,11333,2024-08-25,1237.19,UPI,Paid
11334,11334,2024-09-29,5442.23,UPI,Failed
11335,11335,2024-06-04,7027.85,Wallet,Paid
11336,11336,2024-04-23,2872.12,UPI,Paid
11337,11337,2025-05-15,907.49,UPI,Paid
11338,11338,2026-07-21,1122.39,Card,Paid
11339,11339,2025-05-04,528.75,UPI,Paid
11340,11340,2024-12-05,3015.67,Wallet,Paid
11341,11341,2025-09-30,325.84,Wallet,Paid
11342,11342,2025-03-23,7102.65,UPI,Paid
11343,11343,2026-01-15,648.82,Bank,Paid
11344,11344,2026-03-20,577.16,UPI,Failed
11345,11345,2025-06-06,2842.27,UPI,Paid
11346,11346,2024-04-14,4889.68,Card,Paid
11347,11347,2025-08-29,7910.1,UPI,Failed
11348,11348,2025-02-13,1976.65,Wallet,Paid
11349,11349,2025-04-05,369.17,UPI,Paid
11350,11350,2026-08-09,2528.34,Wallet,Paid
11351,11351,2024-03-07,2024.3,Card,Paid
11352,11352,2024-10-22,2798.43,Card,Paid
11353,11353,2026-06-15,1715.78,Bank,Paid
11354,11354,2024-06-05,5178.02,UPI,Paid
11355,11355,2024-08-01,3542.09,UPI,Paid
11356,11356,2024-10-15,4883.55,Bank,Paid
11357,11357,2025-06-30,827.84,UPI,Paid
11358,11358,2026-03-04,6981.98,Wallet,Paid
11359,11359,2025-12-06,907.45,UPI,Paid
11360,11360,2024-08-23,730.22,UPI,Paid
11361,11361,2024-04-12,4101.62,Wallet,Paid
11362,11362,2025-03-10,2728.45,Bank,Paid
11363,11363,2025-09-01,2209.07,Card,Paid
11364,11364,2024-08-18,135.77,UPI,Paid
11365,11365,2024-10-23,6113.23,Card,Paid
11366,11366,2026-02-15,337.86,Card,Failed
11367,11367,2025-08-12,5619.63,UPI,Paid
11368,11368,2025-08-20,4222.48,Card,Paid
11369,11369,2024-04-25,1781.6,Wallet,Paid
11370,11370,2026-07-08,4491.47,Bank,Paid
11371,11371,2025-01-22,2860.32,UPI,Paid
11372,11372,2025-10-04,4709.46,Bank,Paid
11373,11373,2026-04-08,2839.23,Wallet,Paid
11374,11374,2024-12-18,4708.2,UPI,Paid
11375,11375,2024-12-20,4299.4,Wallet,Paid
11376,11376,2024-07-27,3052.08,Wallet,Paid
11377,11377,2024-08-24,3012.31,Bank,Paid
11378,11378,2024-07-15,4085.88,Wallet,Paid
11379,11379,2025-11-01,945.46,Bank,Paid
11380,11380,2024-02-29,4002.13,UPI,Paid
11381,11381,2024-02-16,2101.33,Wallet,Paid
11382,11382,2026-08-27,6544.51,Card,Paid
11383,11383,2025-06-16,3497.75,UPI,Paid
11384,11384,2025-12-20,1528.3,UPI,Paid
11385,11385,2026-01-06,4811.71,Card,Paid
11386,11386,2025-04-27,1617.1,UPI,Paid
11387,11387,2025-12-25,2578.05,Wallet,Pending
11388,11388,2026-03-10,4787.05,Card,Paid
11389,11389,2024-10-18,1872.54,UPI,Paid
11390,11390,2024-10-01,559.31,UPI,Paid
11391,11391,2024-11-09,304.73,Card,Paid
11392,11392,2024-02-14,826.69,Wallet,Paid
11393,11393,2025-03-29,4216.19,Card,Pending
11394,11394,2024-04-09,6212.09,UPI,Paid
11395,11395,2026-02-11,2961.68,Card,Paid
11396,11396,2026-06-23,7956.29,Bank,Paid
11397,11397,2026-01-06,1798.39,Bank,Paid
11398,11398,2025-01-14,2102.99,UPI,Paid
11399,11399,2024-01-30,3018.57,Bank,Paid
11400,11400,2026-04-14,6701.29,Wallet,Pending
11401,11401,2024-09-21,4967.71,Card,Paid
11402,11402,2025-02-02,4558.4,Card,Paid
11403,11403,2024-09-18,4551.58,Wallet,Paid
11404,11404,2025-04-20,1071.46,UPI,Paid
11405,11405,2024-01-30,5734.15,Wallet,Paid
11406,11406,2024-01-24,2977.85,Card,Paid
11407,11407,2025-03-15,1841.83,UPI,Failed
11408,11408,2025-11-18,1750.81,Card,Paid
11409,11409,2024-09-06,1501.08,Wallet,Paid
11410,11410,2025-03-08,2936.98,Wallet,Paid
11411,11411,2024-01-02,2675.3,Wallet,Paid
11412,11412,2025-05-16,7559.29,UPI,Pending
11413,11413,2024-03-06,3284.0,Bank,Pending
11414,11414,2025-06-12,5099.88,Card,Paid
11415,11415,2025-02-14,3657.33,Wallet,Paid
11416,11416,2024-10-15,5717.02,Wallet,Paid
11417,11417,2026-04-19,406.87,Wallet,Paid
11418,11418,2025-10-10,135.52,Wallet,Paid
11419,11419,2024-06-05,2396.33,UPI,Paid
11420,11420,2024-12-26,5562.02,Bank,Paid
11421,11421,2025-09-05,3346.72,Wallet,Paid
11422,11422,2025-05-25,3062.45,Wallet,Failed
11423,11423,2025-07-31,8660.51,Wallet,Paid
11424,11424,2024-02-15,2630.67,Bank,Paid
11425,11425,2024-08-23,3752.44,Card,Paid
11426,11426,2025-11-08,1431.42,Card,Pending
11427,11427,2025-10-14,5132.51,Card,Paid
11428,11428,2025-03-11,1917.69,Wallet,Paid
11429,11429,2025-08-21,4568.73,Bank,Paid
11430,11430,2025-05-31,2568.31,Bank,Paid
11431,11431,2025-12-06,2798.95,Card,Paid
11432,11432,2024-05-18,63.08,Wallet,Paid
11433,11433,2025-10-17,884.65,Card,Paid
11434,11434,2026-05-13,294.94,Card,Paid
11435,11435,2026-03-25,5604.73,Wallet,Paid
11436,11436,2026-04-24,6048.83,Bank,Paid
11437,11437,2026-05-17,7956.45,UPI,Paid
11438,11438,2025-06-05,6404.02,UPI,Paid
11439,11439,2024-04-27,1262.24,UPI,Pending
11440,11440,2025-05-17,1398.81,Bank,Paid
11441,11441,2024-07-27,6843.93,UPI,Paid
11442,11442,2024-12-25,3813.72,Wallet,Paid
11443,11443,2026-01-09,2665.55,UPI,Paid
11444,11444,2025-05-24,2907.19,UPI,Paid
11445,11445,2026-08-13,1503.86,Card,Paid
11446,11446,2026-06-27,1098.85,Wallet,Paid
11447,11447,2025-12-15,7328.28,Card,Paid
11448,11448,2024-09-25,1761.08,Card,Paid
11449,11449,2024-04-10,1571.17,Card,Paid
11450,11450,2025-09-02,3993.56,Wallet,Paid
11451,11451,2024-01-28,1354.42,Bank,Paid
11452,11452,2026-07-08,2897.5,Wallet,Paid
11453,11453,2025-04-22,6296.36,UPI,Paid
11454,11454,2025-03-07,3366.32,Wallet,Paid
11455,11455,2024-05-16,1735.31,UPI,Paid
11456,11456,2026-05-25,86.05,UPI,Paid
11457,11457,2024-04-29,456.91,Wallet,Paid
11458,11458,2024-12-04,3615.53,Wallet,Paid
11459,11459,2025-11-04,2914.11,Bank,Paid
11460,11460,2024-08-29,5041.16,Wallet,Paid
11461,11461,2026-08-02,2431.59,UPI,Paid
11462,11462,2026-03-01,6736.99,Wallet,Paid
11463,11463,2025-03-16,1063.39,Card,Paid
11464,11464,2025-09-26,6647.56,UPI,Paid
11465,11465,2024-07-26,2343.18,Bank,Paid
11466,11466,2026-01-06,5015.16,Bank,Paid
11467,11467,2025-11-21,2993.53,Wallet,Paid
11468,11468,2025-04-03,4508.2,Bank,Paid
11469,11469,2025-01-20,2538.39,UPI,Paid
11470,11470,2024-08-10,3005.1,UPI,Paid
11471,11471,2024-03-25,3292.63,Wallet,Paid
11472,11472,2026-06-27,1871.75,Wallet,Paid
11473,11473,2025-05-15,2466.87,Card,Paid
11474,11474,2024-11-05,3455.25,Wallet,Paid
11475,11475,2025-06-26,5448.63,UPI,Paid
11476,11476,2024-11-11,1395.98,UPI,Paid
11477,11477,2026-05-17,4634.34,Wallet,Pending
11478,11478,2025-09-25,1957.78,Wallet,Failed
11479,11479,2026-02-01,8595.76,Wallet,Paid
11480,11480,2025-08-01,596.28,UPI,Paid
11481,11481,2024-11-02,2361.87,UPI,Paid
11482,11482,2026-02-11,3814.06,Card,Paid
11483,11483,2025-08-07,4720.48,UPI,Pending
11484,11484,2026-01-17,3375.25,Card,Paid
11485,11485,2024-06-04,6172.91,Bank,Paid
11486,11486,2026-04-07,158.64,Card,Paid
11487,11487,2025-09-22,2901.5,Bank,Paid
11488,11488,2026-01-13,9288.55,Bank,Paid
11489,11489,2025-11-22,1097.81,Wallet,Paid
11490,11490,2024-06-15,3270.96,Wallet,Paid
11491,11491,2024-08-26,1479.87,Wallet,Paid
11492,11492,2025-12-01,649.84,Wallet,Paid
11493,11493,2024-07-12,3432.46,Wallet,Paid
11494,11494,2025-07-16,1698.9,Bank,Failed
11495,11495,2025-09-16,2853.09,Wallet,Paid
11496,11496,2025-05-06,330.04,Card,Paid
11497,11497,2024-09-20,2535.91,Card,Paid
11498,11498,2026-06-05,884.87,Bank,Paid
11499,11499,2024-01-13,3298.88,Wallet,Paid
11500,11500,2026-05-04,3166.13,Wallet,Paid
11501,11501,2024-04-18,6968.95,UPI,Paid
11502,11502,2024-06-16,1506.52,UPI,Paid
11503,11503,2025-12-14,6549.41,UPI,Paid
11504,11504,2026-01-05,6187.07,Wallet,Paid
11505,11505,2024-07-29,2560.41,Wallet,Paid
11506,11506,2025-08-10,386.35,Bank,Paid
11507,11507,2024-01-07,10619.64,UPI,Failed
11508,11508,2024-02-10,3246.43,Wallet,Pending
11509,11509,2025-08-04,1692.94,UPI,Paid
11510,11510,2025-04-01,2527.44,UPI,Pending
11511,11511,2026-05-28,3168.54,Card,Paid
11512,11512,2024-12-09,6998.28,Wallet,Paid
11513,11513,2025-02-18,1776.11,Wallet,Paid
11514,11514,2026-06-21,98.18,Card,Paid
11515,11515,2025-05-19,2760.83,UPI,Pending
11516,11516,2025-12-10,2411.98,Bank,Paid
11517,11517,2026-07-04,642.26,Bank,Paid
11518,11518,2026-05-12,1837.44,UPI,Failed
11519,11519,2026-03-04,2020.73,UPI,Paid
11520,11520,2026-01-27,5219.59,UPI,Paid
11521,11521,2026-03-15,1178.5,Wallet,Paid
11522,11522,2024-04-17,6179.61,UPI,Paid
11523,11523,2025-02-07,8134.06,Card,Paid
11524,11524,2025-03-09,5901.7,Card,Paid
11525,11525,2024-06-12,7284.96,Bank,Paid
11526,11526,2025-10-16,2567.96,Card,Paid
11527,11527,2026-06-19,2855.85,Bank,Paid
11528,11528,2025-08-11,5530.65,Wallet,Paid
11529,11529,2026-03-19,1900.04,UPI,Paid
11530,11530,2024-03-04,2824.46,UPI,Failed
11531,11531,2025-02-01,6074.01,Card,Paid
11532,11532,2024-10-29,3776.96,Card,Paid
11533,11533,2026-03-14,6373.69,Wallet,Paid
11534,11534,2026-05-23,3928.92,Bank,Paid
11535,11535,2025-08-27,244.15,UPI,Pending
11536,11536,2025-08-29,1309.86,Wallet,Paid
11537,11537,2024-06-02,4323.88,Card,Paid
11538,11538,2026-02-14,6327.25,Card,Paid
11539,11539,2026-02-06,2539.73,Bank,Paid
11540,11540,2025-07-27,5304.61,Card,Paid
11541,11541,2026-07-18,3217.54,Card,Paid
11542,11542,2026-05-10,256.22,Bank,Paid
11543,11543,2024-08-03,663.27,UPI,Paid
11544,11544,2024-01-20,9320.21,Wallet,Paid
11545,11545,2025-03-19,1460.22,Bank,Paid
11546,11546,2024-09-05,2533.21,UPI,Pending
11547,11547,2024-01-07,480.44,Card,Paid
11548,11548,2025-12-21,563.8,Card,Paid
11549,11549,2025-12-17,159.41,Bank,Paid
11550,11550,2026-07-31,1279.57,Bank,Paid
11551,11551,2024-08-15,5809.14,Card,Paid
11552,11552,2025-03-18,4019.61,UPI,Paid
11553,11553,2025-03-31,3991.33,Bank,Paid
11554,11554,2026-05-03,821.63,Wallet,Paid
11555,11555,2025-02-07,2587.54,Card,Paid
11556,11556,2026-07-07,2015.05,UPI,Paid
11557,11557,2024-11-13,7797.63,Wallet,Failed
11558,11558,2025-05-19,480.16,Card,Paid
11559,11559,2025-10-17,1222.94,UPI,Paid
11560,11560,2025-01-11,4392.81,Card,Paid
11561,11561,2025-12-12,6549.78,Wallet,Paid
11562,11562,2024-04-03,3661.04,Card,Paid
11563,11563,2025-05-06,1191.68,Card,Paid
11564,11564,2025-12-25,1028.42,Card,Paid
11565,11565,2024-05-27,7124.35,UPI,Paid
11566,11566,2026-06-26,1321.25,Wallet,Paid
11567,11567,2024-10-12,7175.0,Wallet,Paid
11568,11568,2025-04-08,2282.63,UPI,Paid
11569,11569,2024-12-11,1047.93,UPI,Paid
11570,11570,2025-04-09,5025.09,Wallet,Paid
11571,11571,2025-04-04,3885.66,Bank,Paid
11572,11572,2026-01-29,1867.35,Wallet,Paid
11573,11573,2025-04-03,313.64,UPI,Paid
11574,11574,2025-10-10,2644.19,Bank,Paid
11575,11575,2025-12-25,1934.52,Wallet,Paid
11576,11576,2026-04-15,2335.51,Card,Paid
11577,11577,2024-12-08,3226.54,UPI,Paid
11578,11578,2026-02-09,1678.62,Wallet,Paid
11579,11579,2024-01-26,3827.89,UPI,Paid
11580,11580,2025-08-04,3057.43,Wallet,Paid
11581,11581,2026-06-06,4925.06,Wallet,Failed
11582,11582,2024-07-15,2523.21,UPI,Failed
11583,11583,2024-05-21,1930.46,Bank,Paid
11584,11584,2024-04-15,964.69,UPI,Pending
11585,11585,2026-01-27,3316.98,UPI,Paid
11586,11586,2024-09-07,4547.68,Wallet,Paid
11587,11587,2025-11-01,3047.57,Card,Paid
11588,11588,2025-08-03,2480.84,Card,Pending
11589,11589,2025-10-14,5081.37,Card,Paid
11590,11590,2026-02-22,2364.91,Wallet,Paid
11591,11591,2026-02-28,3472.15,UPI,Paid
11592,11592,2025-01-28,2206.09,UPI,Paid
11593,11593,2026-01-03,1195.48,Bank,Paid
11594,11594,2026-08-19,810.31,Bank,Paid
11595,11595,2025-09-14,3294.36,Card,Paid
11596,11596,2026-01-26,4750.2,Wallet,Paid
11597,11597,2026-08-04,3300.67,UPI,Paid
11598,11598,2025-09-02,1502.7,Bank,Paid
11599,11599,2026-05-06,3725.55,Wallet,Paid
11600,11600,2024-03-24,2869.11,Card,Paid
11601,11601,2025-12-25,1503.36,UPI,Paid
11602,11602,2026-04-10,148.02,UPI,Paid
11603,11603,2024-02-10,1561.1,Bank,Failed
11604,11604,2024-03-11,1664.6,Bank,Paid
11605,11605,2026-07-31,2668.73,Card,Paid
11606,11606,2024-04-30,4921.47,UPI,Paid
11607,11607,2024-05-15,1774.7,Card,Paid
11608,11608,2024-11-26,3738.27,Card,Paid
11609,11609,2024-02-09,9290.34,Wallet,Paid
11610,11610,2025-01-10,2302.34,Card,Paid
11611,11611,2024-10-21,4734.06,Bank,Paid
11612,11612,2024-02-16,6009.6,UPI,Paid
11613,11613,2024-07-08,6595.0,UPI,Paid
11614,11614,2026-05-31,785.28,Card,Paid
11615,11615,2024-03-26,5182.61,Wallet,Paid
11616,11616,2026-01-29,3211.68,Card,Paid
11617,11617,2026-05-28,5819.13,Wallet,Paid
11618,11618,2024-05-09,2730.29,Bank,Paid
11619,11619,2024-04-26,707.28,Bank,Paid
11620,11620,2026-02-24,2684.34,Card,Paid
11621,11621,2024-03-27,8681.35,UPI,Failed
11622,11622,2025-09-17,3657.0,Bank,Paid
11623,11623,2025-10-30,3838.29,UPI,Pending
11624,11624,2025-03-05,5377.81,Card,Paid
11625,11625,2025-04-07,5581.19,Bank,Paid
11626,11626,2025-12-09,2264.96,Bank,Paid
11627,11627,2026-01-29,4097.1,UPI,Paid
11628,11628,2025-01-30,527.22,Wallet,Paid
11629,11629,2025-07-15,6137.51,Bank,Paid
11630,11630,2024-06-07,3123.01,Wallet,Paid
11631,11631,2025-10-23,4223.78,Card,Paid
11632,11632,2026-06-06,3474.73,Wallet,Paid
11633,11633,2024-08-24,3034.53,Card,Paid
11634,11634,2026-04-20,5353.24,Card,Paid
11635,11635,2026-02-26,4100.61,Card,Paid
11636,11636,2024-06-25,170.39,Card,Paid
11637,11637,2026-01-29,3561.43,UPI,Failed
11638,11638,2026-05-26,3071.93,Wallet,Paid
11639,11639,2024-12-11,2284.82,UPI,Paid
11640,11640,2025-08-27,3008.92,UPI,Paid
11641,11641,2026-01-31,3654.92,Wallet,Paid
11642,11642,2025-01-18,6322.39,UPI,Paid
11643,11643,2026-03-10,3579.04,Wallet,Paid
11644,11644,2024-07-27,1206.19,Wallet,Paid
11645,11645,2026-06-26,4186.12,Card,Paid
11646,11646,2024-06-03,966.16,UPI,Paid
11647,11647,2025-08-31,5929.37,Card,Pending
11648,11648,2026-06-01,4791.98,Card,Paid
11649,11649,2025-07-27,2334.6,Wallet,Paid
11650,11650,2024-12-26,1501.96,Card,Paid
11651,11651,2025-05-15,545.78,Card,Paid
11652,11652,2026-03-11,4978.92,Card,Pending
11653,11653,2026-06-12,568.86,Wallet,Paid
11654,11654,2025-04-26,462.75,UPI,Paid
11655,11655,2025-11-01,2278.74,Wallet,Paid
11656,11656,2024-12-10,7225.81,Wallet,Paid
11657,11657,2026-05-02,1479.31,UPI,Paid
11658,11658,2024-02-24,55.9,UPI,Paid
11659,11659,2025-12-11,995.84,Wallet,Paid
11660,11660,2025-09-28,3478.86,Bank,Failed
11661,11661,2025-05-16,412.84,Wallet,Paid
11662,11662,2026-07-29,2330.02,Card,Paid
11663,11663,2025-05-04,2919.49,UPI,Paid
11664,11664,2025-05-11,318.35,Card,Paid
11665,11665,2026-05-06,1409.56,Bank,Paid
11666,11666,2024-06-16,2291.01,Bank,Paid
11667,11667,2024-03-27,855.6,Wallet,Paid
11668,11668,2024-08-17,4634.58,UPI,Paid
11669,11669,2025-09-05,2807.92,Card,Paid
11670,11670,2024-04-10,3566.47,Card,Failed
11671,11671,2025-12-07,1470.58,Card,Paid
11672,11672,2025-08-13,5307.1,Wallet,Paid
11673,11673,2025-09-12,1736.73,Wallet,Paid
11674,11674,2025-10-07,1209.78,Card,Pending
11675,11675,2024-10-11,3721.57,Card,Paid
11676,11676,2025-12-13,2124.97,UPI,Paid
11677,11677,2025-09-26,5037.89,Card,Paid
11678,11678,2026-07-24,1157.88,Wallet,Paid
11679,11679,2024-09-05,996.56,Bank,Paid
11680,11680,2025-11-04,1295.12,Wallet,Paid
11681,11681,2024-12-03,5216.26,Bank,Paid
11682,11682,2025-10-04,2893.81,Bank,Paid
11683,11683,2025-02-21,3260.84,Bank,Paid
11684,11684,2026-08-18,3652.31,Bank,Paid
11685,11685,2026-01-29,1694.29,Bank,Paid
11686,11686,2024-06-20,2437.4,Wallet,Paid
11687,11687,2026-06-09,2953.88,Card,Paid
11688,11688,2024-04-15,1282.76,Wallet,Paid
11689,11689,2025-07-23,4332.72,Wallet,Paid
11690,11690,2024-06-14,9930.48,Card,Paid
11691,11691,2026-06-13,5053.16,Wallet,Paid
11692,11692,2024-06-07,577.4,Bank,Paid
11693,11693,2025-07-05,3477.83,Wallet,Pending
11694,11694,2024-11-18,2552.04,Wallet,Paid
11695,11695,2025-06-27,3022.22,Card,Paid
11696,11696,2024-11-27,5920.89,Card,Paid
11697,11697,2025-04-07,1943.12,Card,Paid
11698,11698,2026-05-24,2770.36,UPI,Paid
11699,11699,2026-05-01,1755.1,UPI,Paid
11700,11700,2026-06-18,5182.24,Card,Paid
11701,11701,2024-10-22,3402.51,Wallet,Paid
11702,11702,2025-09-02,811.57,Bank,Failed
11703,11703,2025-11-13,1058.05,Bank,Paid
11704,11704,2024-03-04,3347.38,Card,Failed
11705,11705,2024-07-10,1698.17,Wallet,Paid
11706,11706,2025-11-18,6741.42,UPI,Failed
11707,11707,2026-08-06,3663.38,Card,Paid
11708,11708,2026-04-03,1727.15,Bank,Paid
11709,11709,2025-12-06,6071.62,Wallet,Paid
11710,11710,2024-04-13,5433.83,Wallet,Paid
11711,11711,2024-05-12,4236.94,Wallet,Paid
11712,11712,2025-10-31,3868.17,Card,Paid
11713,11713,2025-12-13,2113.37,Wallet,Paid
11714,11714,2025-01-29,4656.9,UPI,Paid
11715,11715,2025-03-16,3701.97,Bank,Paid
11716,11716,2025-12-09,3045.01,Card,Paid
11717,11717,2026-01-09,548.99,Card,Paid
11718,11718,2024-12-24,1251.56,Card,Paid
11719,11719,2024-02-17,9816.71,UPI,Paid
11720,11720,2024-01-09,5218.28,Card,Paid
11721,11721,2026-04-15,706.56,UPI,Paid
11722,11722,2024-12-06,8432.92,Wallet,Paid
11723,11723,2024-09-01,5619.64,Card,Failed
11724,11724,2025-06-03,6157.6,Bank,Failed
11725,11725,2024-11-21,4209.78,Wallet,Paid
11726,11726,2025-05-05,6003.13,UPI,Paid
11727,11727,2026-07-29,3251.04,Card,Paid
11728,11728,2024-08-04,776.75,Bank,Paid
11729,11729,2024-12-02,669.64,Wallet,Paid
11730,11730,2024-06-28,2054.19,Wallet,Paid
11731,11731,2024-10-31,1347.28,Wallet,Paid
11732,11732,2024-07-15,4311.72,Card,Paid
11733,11733,2025-10-09,2465.92,Card,Paid
11734,11734,2024-01-03,4994.99,UPI,Paid
11735,11735,2026-08-04,3204.49,Wallet,Paid
11736,11736,2024-10-29,3252.75,Card,Paid
11737,11737,2025-11-13,2071.56,Card,Paid
11738,11738,2024-02-23,1312.48,Wallet,Paid
11739,11739,2026-06-04,4667.03,UPI,Paid
11740,11740,2025-12-12,2824.36,Wallet,Paid
11741,11741,2024-07-23,2725.14,UPI,Paid
11742,11742,2026-07-07,67.79,Bank,Paid
11743,11743,2025-08-17,5751.99,Bank,Paid
11744,11744,2025-04-09,2717.3,UPI,Failed
11745,11745,2024-06-14,84.84,Bank,Paid
11746,11746,2024-05-03,2508.54,UPI,Paid
11747,11747,2025-07-25,6199.92,Card,Paid
11748,11748,2024-05-18,332.58,Card,Paid
11749,11749,2026-01-03,7141.39,Wallet,Failed
11750,11750,2024-02-06,4851.31,Bank,Paid
11751,11751,2025-09-30,4659.99,Wallet,Paid
11752,11752,2026-05-08,6809.8,UPI,Paid
11753,11753,2025-11-11,4225.51,Card,Paid
11754,11754,2025-12-17,1313.82,UPI,Paid
11755,11755,2026-08-27,7989.31,Bank,Failed
11756,11756,2024-11-07,5912.23,Card,Paid
11757,11757,2025-04-01,2082.67,Card,Paid
11758,11758,2025-01-19,3309.81,Bank,Paid
11759,11759,2025-08-21,8332.04,UPI,Paid
11760,11760,2025-01-04,6676.94,Card,Paid
11761,11761,2024-07-10,481.67,Bank,Paid
11762,11762,2025-07-21,4848.92,Card,Paid
11763,11763,2025-02-17,1910.05,UPI,Paid
11764,11764,2024-01-16,5985.45,Card,Paid
11765,11765,2025-04-19,2350.43,Wallet,Paid
11766,11766,2026-05-13,4896.83,Card,Paid
11767,11767,2026-05-30,1103.46,Bank,Pending
11768,11768,2025-07-19,4300.33,Wallet,Paid
11769,11769,2025-11-09,573.93,Card,Paid
11770,11770,2025-12-26,757.07,UPI,Paid
11771,11771,2024-02-12,4412.61,Bank,Paid
11772,11772,2024-05-15,4545.02,Bank,Paid
11773,11773,2024-08-23,443.67,Card,Paid
11774,11774,2025-10-13,3270.04,Bank,Paid
11775,11775,2024-09-06,687.78,Bank,Paid
11776,11776,2026-08-16,2007.27,Card,Paid
11777,11777,2024-07-06,378.36,UPI,Paid
11778,11778,2024-09-02,6453.62,Wallet,Paid
11779,11779,2025-02-13,3650.01,UPI,Paid
11780,11780,2024-01-28,2561.61,Bank,Paid
11781,11781,2025-05-26,2548.2,UPI,Paid
11782,11782,2025-02-13,2065.42,Bank,Paid
11783,11783,2024-05-13,7774.88,Bank,Paid
11784,11784,2026-02-11,4766.61,Wallet,Pending
11785,11785,2024-11-06,670.56,Card,Pending
11786,11786,2025-09-20,2930.41,Bank,Pending
11787,11787,2026-05-17,1357.98,UPI,Paid
11788,11788,2025-03-07,2340.29,Bank,Paid
11789,11789,2025-05-21,5572.77,Wallet,Paid
11790,11790,2026-01-18,3812.24,Bank,Paid
11791,11791,2024-08-20,5019.86,UPI,Paid
11792,11792,2025-03-06,3506.81,Card,Paid
11793,11793,2025-01-31,6079.86,Card,Failed
11794,11794,2026-06-18,6813.2,Wallet,Paid
11795,11795,2026-04-28,3284.23,Card,Paid
11796,11796,2025-07-03,1387.17,UPI,Pending
11797,11797,2026-06-25,6291.21,UPI,Paid
11798,11798,2026-04-27,4291.19,UPI,Pending
11799,11799,2026-04-10,1882.11,UPI,Paid
11800,11800,2025-11-25,1781.31,Card,Paid
11801,11801,2024-12-19,1617.45,Bank,Paid
11802,11802,2026-04-04,2341.48,UPI,Paid
11803,11803,2024-03-10,2630.85,Bank,Paid
11804,11804,2025-10-04,7114.27,UPI,Paid
11805,11805,2026-06-29,2612.92,Bank,Paid
11806,11806,2024-06-11,439.92,Card,Paid
11807,11807,2024-05-28,3872.98,UPI,Paid
11808,11808,2025-10-19,1143.54,UPI,Paid
11809,11809,2024-11-08,5148.72,Card,Paid
11810,11810,2026-01-28,3453.46,Wallet,Paid
11811,11811,2026-06-24,8379.95,Card,Paid
11812,11812,2026-01-25,2839.58,Wallet,Failed
11813,11813,2024-09-12,887.82,Card,Paid
11814,11814,2026-06-26,1452.82,UPI,Paid
11815,11815,2025-05-14,1815.48,Card,Paid
11816,11816,2025-08-27,3475.73,Card,Paid
11817,11817,2024-01-05,5661.2,UPI,Paid
11818,11818,2026-01-16,3214.43,Bank,Paid
11819,11819,2024-07-22,3886.58,UPI,Paid
11820,11820,2025-03-08,1277.74,Bank,Paid
11821,11821,2025-04-28,2458.41,Card,Paid
11822,11822,2025-10-20,5864.49,UPI,Paid
11823,11823,2026-02-08,3503.88,UPI,Paid
11824,11824,2026-05-26,1061.07,Bank,Paid
11825,11825,2026-02-09,4544.61,Card,Paid
11826,11826,2026-01-31,3272.55,UPI,Paid
11827,11827,2025-10-15,2897.92,UPI,Paid
11828,11828,2024-01-05,3911.02,UPI,Paid
11829,11829,2024-05-04,3466.88,UPI,Paid
11830,11830,2025-02-12,2792.84,Wallet,Paid
11831,11831,2024-04-27,2522.51,UPI,Pending
11832,11832,2025-10-26,2048.37,Card,Paid
11833,11833,2025-10-21,5408.82,Wallet,Paid
11834,11834,2026-03-01,11541.71,Card,Paid
11835,11835,2024-06-02,3421.54,Wallet,Paid
11836,11836,2025-02-22,1460.55,UPI,Paid
11837,11837,2024-04-06,4218.66,Wallet,Paid
11838,11838,2025-03-18,4337.55,Card,Paid
11839,11839,2025-08-11,623.43,Card,Paid
11840,11840,2024-02-22,328.4,Card,Paid
11841,11841,2024-05-04,970.78,Bank,Paid
11842,11842,2026-06-30,588.16,Wallet,Paid
11843,11843,2025-02-28,2122.78,UPI,Paid
11844,11844,2026-02-24,8124.72,Card,Paid
11845,11845,2025-01-20,10806.35,Card,Paid
11846,11846,2024-08-15,314.03,UPI,Paid
11847,11847,2025-12-15,1160.3,Card,Paid
11848,11848,2026-04-12,4037.7,Card,Paid
11849,11849,2024-03-26,6967.52,UPI,Paid
11850,11850,2025-07-02,535.5,Card,Paid
11851,11851,2026-05-18,171.34,UPI,Paid
11852,11852,2024-06-06,4287.23,Card,Paid
11853,11853,2024-06-11,347.25,UPI,Paid
11854,11854,2024-04-09,870.4,Wallet,Paid
11855,11855,2025-03-28,1336.6,Bank,Paid
11856,11856,2026-04-11,1613.11,Bank,Paid
11857,11857,2025-12-01,4725.12,Bank,Paid
11858,11858,2024-03-12,2006.49,Wallet,Pending
11859,11859,2025-08-08,3148.69,UPI,Paid
11860,11860,2025-12-18,3518.46,UPI,Paid
11861,11861,2024-12-07,5093.58,Bank,Paid
11862,11862,2024-07-10,4753.52,Bank,Paid
11863,11863,2026-06-26,2172.75,Card,Paid
11864,11864,2024-03-30,3237.81,UPI,Paid
11865,11865,2025-10-21,4092.59,Card,Failed
11866,11866,2025-10-09,1949.87,UPI,Paid
11867,11867,2025-09-28,180.36,UPI,Paid
11868,11868,2025-04-05,2965.63,Bank,Paid
11869,11869,2026-08-20,2999.75,UPI,Paid
11870,11870,2026-08-27,6250.83,Wallet,Paid
11871,11871,2025-02-28,1179.38,Card,Paid
11872,11872,2024-12-08,6387.58,UPI,Paid
11873,11873,2024-01-31,1690.21,Bank,Paid
11874,11874,2025-09-22,891.02,Wallet,Paid
11875,11875,2025-02-23,1232.21,UPI,Paid
11876,11876,2024-08-09,4323.51,Wallet,Paid
11877,11877,2026-05-30,184.36,Card,Paid
11878,11878,2025-11-24,1554.86,Card,Paid
11879,11879,2024-03-04,8443.81,Card,Failed
11880,11880,2025-02-10,668.57,Card,Paid
11881,11881,2026-04-21,845.23,UPI,Paid
11882,11882,2024-10-20,2144.78,UPI,Paid
11883,11883,2024-01-14,917.1,UPI,Paid
11884,11884,2026-07-11,3590.09,Bank,Pending
11885,11885,2025-08-28,2907.17,Bank,Paid
11886,11886,2025-09-18,2425.17,Wallet,Paid
11887,11887,2024-05-26,4392.47,UPI,Paid
11888,11888,2025-07-20,3935.4,Card,Paid
11889,11889,2026-06-15,4302.51,UPI,Paid
11890,11890,2026-08-11,2066.12,Bank,Paid
11891,11891,2024-06-28,1491.47,UPI,Paid
11892,11892,2025-07-25,943.17,Bank,Paid
11893,11893,2026-02-19,3591.69,Wallet,Paid
11894,11894,2025-04-07,786.55,Wallet,Paid
11895,11895,2025-07-20,2496.98,Wallet,Paid
11896,11896,2025-04-27,3404.74,UPI,Paid
11897,11897,2024-11-08,4166.1,Bank,Paid
11898,11898,2025-03-24,3728.75,Card,Failed
11899,11899,2025-04-23,1409.77,Wallet,Paid
11900,11900,2025-03-17,2340.61,UPI,Paid
11901,11901,2025-11-14,1365.18,Card,Paid
11902,11902,2025-02-18,1477.36,Wallet,Paid
11903,11903,2026-03-14,4192.88,Wallet,Pending
11904,11904,2024-07-19,748.79,Card,Paid
11905,11905,2026-02-20,2360.9,UPI,Paid
11906,11906,2024-04-03,5100.58,UPI,Paid
11907,11907,2025-07-25,5265.45,Bank,Paid
11908,11908,2025-02-26,5852.37,Wallet,Failed
11909,11909,2026-01-18,6244.46,UPI,Paid
11910,11910,2025-07-17,3133.16,UPI,Paid
11911,11911,2025-01-28,7393.02,Bank,Paid
11912,11912,2025-06-04,3178.1,Wallet,Paid
11913,11913,2024-02-27,360.26,Card,Paid
11914,11914,2026-07-27,4596.72,UPI,Paid
11915,11915,2025-08-27,4114.8,UPI,Paid
11916,11916,2026-04-26,3815.52,UPI,Paid
11917,11917,2024-06-11,1989.61,Bank,Paid
11918,11918,2024-09-25,4056.83,Card,Pending
11919,11919,2025-03-21,2302.0,UPI,Paid
11920,11920,2025-02-28,3472.66,UPI,Paid
11921,11921,2025-11-06,3382.25,Wallet,Paid
11922,11922,2025-05-23,635.97,UPI,Paid
11923,11923,2024-06-17,547.69,Bank,Paid
11924,11924,2024-11-05,7721.47,Bank,Paid
11925,11925,2025-07-19,2286.98,Wallet,Paid
11926,11926,2025-05-30,1722.47,Bank,Paid
11927,11927,2025-05-15,3852.35,Bank,Paid
11928,11928,2025-01-17,1444.97,Wallet,Paid
11929,11929,2026-07-07,2344.86,Bank,Pending
11930,11930,2026-08-04,4212.01,Bank,Paid
11931,11931,2025-02-11,2278.15,UPI,Paid
11932,11932,2025-07-19,3276.92,Bank,Paid
11933,11933,2024-10-25,2220.62,Wallet,Paid
11934,11934,2026-02-16,513.56,UPI,Paid
11935,11935,2025-11-18,6047.26,UPI,Paid
11936,11936,2025-04-30,1687.13,Bank,Paid
11937,11937,2025-11-14,1930.25,UPI,Paid
11938,11938,2024-05-28,6077.56,Wallet,Paid
11939,11939,2024-01-10,8431.02,Card,Paid
11940,11940,2025-09-05,1359.18,Wallet,Paid
11941,11941,2025-09-19,9255.25,Bank,Paid
11942,11942,2026-01-30,681.63,UPI,Pending
11943,11943,2024-08-15,423.39,Card,Paid
11944,11944,2024-08-18,2329.11,Card,Pending
11945,11945,2024-03-11,4173.31,Bank,Paid
11946,11946,2024-04-24,149.02,Card,Paid
11947,11947,2024-02-17,2235.76,UPI,Paid
11948,11948,2024-11-04,694.6,Card,Paid
11949,11949,2024-11-14,1649.29,Card,Paid
11950,11950,2026-06-06,1042.15,UPI,Paid
11951,11951,2026-01-06,6190.39,Bank,Paid
11952,11952,2024-08-05,5165.77,Card,Paid
11953,11953,2025-02-22,8804.76,UPI,Paid
11954,11954,2025-08-05,6876.3,Bank,Paid
11955,11955,2025-03-23,62.35,Card,Paid
11956,11956,2024-08-20,2273.96,UPI,Paid
11957,11957,2025-04-17,2298.25,UPI,Paid
11958,11958,2026-08-04,2281.32,Wallet,Paid
11959,11959,2026-01-29,6496.33,UPI,Paid
11960,11960,2026-05-06,3507.93,Wallet,Pending
11961,11961,2025-06-27,2230.5,Card,Paid
11962,11962,2025-05-29,315.54,Card,Paid
11963,11963,2026-04-29,8220.24,Wallet,Paid
11964,11964,2026-07-11,2218.35,Card,Paid
11965,11965,2024-10-02,1116.6,Wallet,Paid
11966,11966,2024-06-24,2235.12,Card,Paid
11967,11967,2026-08-15,8875.91,Wallet,Paid
11968,11968,2024-01-17,4549.18,Card,Paid
11969,11969,2025-12-30,1117.13,Wallet,Paid
11970,11970,2024-08-12,3403.13,UPI,Paid
11971,11971,2026-07-05,2771.07,Card,Paid
11972,11972,2025-04-09,758.45,Card,Paid
11973,11973,2026-05-30,3619.49,Bank,Paid
11974,11974,2025-09-02,6653.2,UPI,Paid
11975,11975,2026-08-16,2956.62,Wallet,Paid
11976,11976,2025-10-11,1005.72,UPI,Paid
11977,11977,2026-01-02,4089.88,Card,Paid
11978,11978,2025-07-25,667.58,Card,Paid
11979,11979,2024-03-07,3384.73,Wallet,Paid
11980,11980,2024-07-29,4682.87,UPI,Paid
11981,11981,2026-06-02,2890.92,Bank,Paid
11982,11982,2025-10-20,5345.41,UPI,Paid
11983,11983,2024-06-28,1792.86,Bank,Paid
11984,11984,2024-08-14,2071.32,UPI,Paid
11985,11985,2024-07-30,1163.08,UPI,Paid
11986,11986,2025-12-31,7001.34,Bank,Paid
11987,11987,2026-01-06,4312.61,Card,Paid
11988,11988,2026-04-07,3879.53,Wallet,Paid
11989,11989,2026-02-01,3544.73,Wallet,Paid
11990,11990,2026-06-13,3419.43,Card,Paid
11991,11991,2026-03-29,5828.88,Wallet,Paid
11992,11992,2026-02-02,5634.6,Bank,Paid
11993,11993,2026-04-02,500.34,Card,Paid
11994,11994,2024-09-18,5878.58,Wallet,Paid
11995,11995,2024-12-06,1397.72,UPI,Paid
11996,11996,2026-03-26,1251.87,Card,Paid
11997,11997,2024-04-16,3125.0,UPI,Paid
11998,11998,2026-05-15,2224.27,UPI,Paid
11999,11999,2025-05-13,335.15,Wallet,Paid
12000,12000,2025-04-05,3374.69,Card,Paid
12001,12001,2025-03-03,2654.4,Card,Paid
12002,12002,2025-04-11,77.68,Bank,Paid
12003,12003,2026-03-09,662.23,Card,Paid
12004,12004,2024-09-27,5589.98,Bank,Paid
12005,12005,2024-07-01,3543.66,Card,Paid
12006,12006,2026-05-29,2522.96,Bank,Paid
12007,12007,2024-04-04,781.74,Card,Paid
12008,12008,2026-08-15,1297.18,UPI,Paid
12009,12009,2026-05-08,679.43,Bank,Paid
12010,12010,2026-07-26,3104.92,UPI,Paid
12011,12011,2024-06-05,1113.78,Card,Paid
12012,12012,2024-02-11,2305.31,Bank,Paid
12013,12013,2026-02-16,4536.51,Card,Pending
12014,12014,2025-01-21,5398.57,Bank,Paid
12015,12015,2025-02-06,2353.41,Card,Paid
12016,12016,2024-05-06,3615.06,Bank,Paid
12017,12017,2025-08-04,8035.38,Wallet,Paid
12018,12018,2024-12-10,1247.05,Card,Paid
12019,12019,2025-01-26,106.52,Wallet,Paid
12020,12020,2024-12-03,856.45,UPI,Paid
12021,12021,2025-02-18,1365.78,Card,Paid
12022,12022,2025-04-23,718.06,UPI,Paid
12023,12023,2026-08-13,2485.96,Card,Paid
12024,12024,2025-03-11,3920.19,UPI,Paid
12025,12025,2025-01-13,2717.4,Bank,Paid
12026,12026,2025-08-07,2834.94,UPI,Paid
12027,12027,2024-07-30,1721.04,Wallet,Paid
12028,12028,2025-08-02,2973.1,Wallet,Paid
12029,12029,2025-04-11,3588.39,Card,Paid
12030,12030,2025-01-26,5517.72,Bank,Paid
12031,12031,2025-07-30,1861.2,Bank,Paid
12032,12032,2025-05-15,3197.52,Bank,Paid
12033,12033,2025-01-06,5114.67,Card,Paid
12034,12034,2026-03-08,5953.05,Card,Paid
12035,12035,2026-02-13,2243.04,Wallet,Paid
12036,12036,2024-04-09,203.27,UPI,Paid
12037,12037,2026-01-06,2404.49,Bank,Paid
12038,12038,2024-09-26,5611.21,Bank,Paid
12039,12039,2024-04-17,5126.43,UPI,Paid
12040,12040,2025-11-06,5014.84,Bank,Paid
12041,12041,2025-04-27,9021.53,Card,Paid
12042,12042,2025-11-14,4062.67,Card,Paid
12043,12043,2024-05-21,1933.63,Card,Paid
12044,12044,2025-04-25,4140.35,Bank,Paid
12045,12045,2025-11-20,1732.61,Card,Paid
12046,12046,2024-05-09,3494.39,Wallet,Paid
12047,12047,2024-03-01,2243.44,Card,Paid
12048,12048,2026-04-14,3596.12,UPI,Paid
12049,12049,2025-03-31,348.54,Bank,Paid
12050,12050,2024-09-10,934.18,Bank,Paid
12051,12051,2026-06-09,9443.77,Card,Paid
12052,12052,2025-09-30,5274.12,Card,Paid
12053,12053,2024-12-13,3706.66,Card,Paid
12054,12054,2024-03-08,5609.36,UPI,Paid
12055,12055,2025-09-26,2689.98,Card,Paid
12056,12056,2024-08-20,1187.29,Card,Paid
12057,12057,2025-05-15,6991.19,Card,Paid
12058,12058,2025-08-28,248.7,Bank,Paid
12059,12059,2024-08-12,2510.22,Card,Paid
12060,12060,2024-06-27,9373.51,UPI,Paid
12061,12061,2025-10-09,6175.38,Bank,Paid
12062,12062,2026-05-15,900.57,Card,Paid
12063,12063,2024-03-23,6416.83,Card,Paid
12064,12064,2025-05-08,2108.62,UPI,Paid
12065,12065,2025-05-17,4946.31,Wallet,Paid
12066,12066,2024-07-22,1860.3,UPI,Failed
12067,12067,2026-07-12,1408.69,Card,Paid
12068,12068,2024-02-08,5699.86,Card,Paid
12069,12069,2025-03-03,1704.97,UPI,Paid
12070,12070,2024-09-04,3340.75,UPI,Paid
12071,12071,2025-03-28,475.59,Bank,Paid
12072,12072,2024-05-12,2952.35,UPI,Paid
12073,12073,2025-08-20,2392.34,Wallet,Paid
12074,12074,2024-11-15,2252.91,UPI,Paid
12075,12075,2026-05-29,4825.16,Bank,Paid
12076,12076,2024-07-28,2904.58,UPI,Paid
12077,12077,2025-07-28,1590.92,UPI,Paid
12078,12078,2025-09-16,3085.94,Card,Paid
12079,12079,2024-09-04,2115.47,Bank,Paid
12080,12080,2025-11-15,1452.9,Wallet,Paid
12081,12081,2026-06-20,3161.14,Wallet,Paid
12082,12082,2025-01-22,7300.92,Card,Paid
12083,12083,2026-06-27,1993.07,Bank,Paid
12084,12084,2024-07-07,3790.65,Wallet,Failed
12085,12085,2025-07-22,4102.66,Bank,Paid
12086,12086,2024-12-28,827.65,UPI,Paid
12087,12087,2025-09-27,6524.45,UPI,Paid
12088,12088,2026-02-15,2222.7,Card,Paid
12089,12089,2025-06-26,1486.26,Bank,Paid
12090,12090,2024-09-25,3853.14,Wallet,Paid
12091,12091,2025-11-17,823.21,UPI,Pending
12092,12092,2025-01-18,2148.28,UPI,Paid
12093,12093,2025-05-02,9573.03,Bank,Paid
12094,12094,2026-01-13,5906.69,Card,Paid
12095,12095,2026-08-02,2953.76,Wallet,Paid
12096,12096,2024-04-05,3253.85,UPI,Paid
12097,12097,2025-07-31,5627.29,Wallet,Paid
12098,12098,2024-04-20,403.61,Card,Paid
12099,12099,2024-11-09,246.51,Wallet,Paid
12100,12100,2026-03-16,6885.29,Bank,Paid
12101,12101,2025-05-12,536.0,Wallet,Paid
12102,12102,2024-08-05,1074.1,Wallet,Paid
12103,12103,2024-04-11,5000.81,Bank,Paid
12104,12104,2026-02-03,5702.85,Card,Paid
12105,12105,2025-01-19,997.08,Card,Paid
12106,12106,2025-10-17,2611.07,Wallet,Failed
12107,12107,2025-04-22,4218.74,UPI,Paid
12108,12108,2026-05-28,1396.78,Card,Paid
12109,12109,2025-11-29,1609.77,UPI,Paid
12110,12110,2025-05-11,1753.64,UPI,Failed
12111,12111,2025-11-01,3773.76,UPI,Paid
12112,12112,2025-04-15,1669.22,Wallet,Pending
12113,12113,2025-07-26,2173.14,Card,Paid
12114,12114,2026-01-24,2258.53,Wallet,Failed
12115,12115,2024-05-24,1877.81,UPI,Paid
12116,12116,2025-11-02,2650.4,Wallet,Paid
12117,12117,2025-04-01,3159.28,Wallet,Paid
12118,12118,2024-09-14,1509.87,Bank,Paid
12119,12119,2024-08-11,287.92,Wallet,Paid
12120,12120,2026-06-26,827.54,UPI,Paid
12121,12121,2025-02-05,2724.41,Card,Paid
12122,12122,2024-07-06,1159.89,Card,Paid
12123,12123,2025-05-24,2439.01,Wallet,Paid
12124,12124,2026-07-27,987.92,Wallet,Pending
12125,12125,2026-07-31,1377.3,UPI,Paid
12126,12126,2024-11-11,1089.05,UPI,Paid
12127,12127,2024-01-03,8433.11,Card,Paid
12128,12128,2024-05-25,5316.19,Wallet,Paid
12129,12129,2026-06-27,1941.92,UPI,Paid
12130,12130,2024-06-12,1385.3,Wallet,Paid
12131,12131,2024-05-16,5851.0,UPI,Paid
12132,12132,2025-07-29,2626.84,UPI,Failed
12133,12133,2025-04-13,6203.7,Wallet,Paid
12134,12134,2024-07-01,1246.38,Wallet,Paid
12135,12135,2025-08-30,2495.82,Wallet,Paid
12136,12136,2025-08-01,5191.15,Bank,Paid
12137,12137,2024-08-12,9113.36,Card,Paid
12138,12138,2026-04-15,8216.82,Bank,Failed
12139,12139,2026-05-30,8730.91,Bank,Paid
12140,12140,2024-04-20,4733.81,Card,Paid
12141,12141,2024-02-11,3175.6,Card,Paid
12142,12142,2025-05-02,1031.96,Card,Paid
12143,12143,2024-12-01,5769.12,UPI,Paid
12144,12144,2025-04-12,2320.36,Bank,Paid
12145,12145,2024-12-01,3282.94,Wallet,Paid
12146,12146,2024-03-25,827.01,UPI,Paid
12147,12147,2025-12-13,4265.78,Wallet,Paid
12148,12148,2025-08-09,2038.75,Wallet,Paid
12149,12149,2026-08-24,1158.09,Bank,Paid
12150,12150,2025-07-10,1699.04,UPI,Pending
12151,12151,2026-01-08,6190.1,UPI,Paid
12152,12152,2026-06-25,1778.36,Bank,Paid
12153,12153,2025-01-26,3370.85,Bank,Paid
12154,12154,2024-03-21,4480.83,Bank,Paid
12155,12155,2024-10-08,5305.65,Card,Failed
12156,12156,2025-06-19,2502.63,Wallet,Paid
12157,12157,2025-01-17,9348.32,Wallet,Paid
12158,12158,2026-03-09,677.16,Wallet,Failed
12159,12159,2026-04-11,1311.15,UPI,Failed
12160,12160,2024-10-14,1928.79,UPI,Paid
12161,12161,2024-10-30,3049.33,UPI,Failed
12162,12162,2025-06-29,60.35,Bank,Pending
12163,12163,2026-01-08,727.28,Bank,Paid
12164,12164,2026-04-23,4790.34,Bank,Paid
12165,12165,2025-09-02,5789.12,Bank,Paid
12166,12166,2024-08-29,3398.22,UPI,Paid
12167,12167,2025-05-03,3553.18,Wallet,Paid
12168,12168,2024-02-09,3790.02,Bank,Paid
12169,12169,2026-02-19,1324.7,UPI,Pending
12170,12170,2025-03-29,2645.71,Wallet,Paid
12171,12171,2024-06-07,6109.06,Card,Paid
12172,12172,2026-08-19,9285.9,Bank,Paid
12173,12173,2026-06-19,5116.28,Wallet,Paid
12174,12174,2026-07-27,2785.79,Card,Paid
12175,12175,2026-05-08,596.98,Bank,Paid
12176,12176,2024-03-21,2792.93,Bank,Paid
12177,12177,2025-05-01,1577.27,UPI,Paid
12178,12178,2025-09-02,6984.13,Bank,Paid
12179,12179,2025-12-27,2260.45,UPI,Paid
12180,12180,2026-05-10,7850.61,Wallet,Paid
12181,12181,2024-09-22,4505.72,Wallet,Paid
12182,12182,2024-02-15,2473.94,UPI,Paid
12183,12183,2024-03-01,2660.77,UPI,Paid
12184,12184,2024-12-01,2861.17,Wallet,Paid
12185,12185,2024-05-30,3224.29,Card,Paid
12186,12186,2024-08-08,6649.09,Wallet,Paid
12187,12187,2024-11-13,1360.75,Card,Paid
12188,12188,2025-07-08,1122.54,Wallet,Paid
12189,12189,2024-04-25,6727.09,Bank,Paid
12190,12190,2024-10-02,4725.78,Card,Paid
12191,12191,2026-05-24,8502.58,Wallet,Paid
12192,12192,2026-04-14,2242.98,Bank,Paid
12193,12193,2025-04-09,2601.75,UPI,Paid
12194,12194,2024-11-01,2708.81,Wallet,Failed
12195,12195,2024-03-02,2777.65,Bank,Paid
12196,12196,2024-04-29,618.17,Bank,Paid
12197,12197,2024-11-03,3879.83,Card,Paid
12198,12198,2025-12-23,1966.28,UPI,Paid
12199,12199,2024-05-26,3143.09,Card,Paid
12200,12200,2025-07-09,1601.87,Bank,Paid
12201,12201,2026-07-11,3048.96,Wallet,Paid
12202,12202,2026-07-01,10897.77,Card,Paid
12203,12203,2025-11-30,4420.61,Card,Pending
12204,12204,2026-04-30,3175.23,UPI,Paid
12205,12205,2024-05-02,1154.2,Wallet,Paid
12206,12206,2024-07-24,6521.63,UPI,Failed
12207,12207,2024-11-27,3802.93,Card,Paid
12208,12208,2026-06-19,3898.5,Wallet,Paid
12209,12209,2024-09-02,3854.07,UPI,Paid
12210,12210,2025-07-21,4055.94,Bank,Paid
12211,12211,2024-11-24,4888.62,UPI,Paid
12212,12212,2025-08-12,1495.27,UPI,Paid
12213,12213,2025-08-30,3208.76,Bank,Paid
12214,12214,2025-10-04,3393.52,UPI,Paid
12215,12215,2025-03-03,461.46,Bank,Paid
12216,12216,2026-07-23,2029.63,UPI,Pending
12217,12217,2024-04-25,146.93,Wallet,Paid
12218,12218,2024-04-15,1666.34,Card,Pending
12219,12219,2025-12-16,3181.8,Card,Paid
12220,12220,2024-04-15,1048.06,Card,Paid
12221,12221,2026-03-01,363.85,UPI,Paid
12222,12222,2026-07-24,3520.99,Card,Failed
12223,12223,2026-03-19,7754.4,UPI,Failed
12224,12224,2025-10-30,1856.45,Wallet,Paid
12225,12225,2025-05-06,5392.55,Card,Paid
12226,12226,2025-05-10,1275.75,Card,Pending
12227,12227,2024-05-28,4173.7,Card,Pending
12228,12228,2026-07-03,3651.84,Bank,Paid
12229,12229,2024-12-21,631.4,Bank,Paid
12230,12230,2024-03-02,3948.24,Wallet,Paid
12231,12231,2026-02-11,1997.31,UPI,Paid
12232,12232,2025-04-02,2026.88,Bank,Paid
12233,12233,2024-07-20,2705.32,Bank,Paid
12234,12234,2025-06-10,2997.69,Bank,Paid
12235,12235,2025-07-11,465.05,Bank,Paid
12236,12236,2025-01-25,1557.25,Bank,Paid
12237,12237,2024-04-21,4597.39,Wallet,Paid
12238,12238,2024-07-08,3752.86,Card,Paid
12239,12239,2026-06-15,1096.89,UPI,Paid
12240,12240,2025-06-19,6610.16,Card,Paid
12241,12241,2026-08-04,6719.02,Wallet,Paid
12242,12242,2025-03-21,2256.01,UPI,Paid
12243,12243,2024-06-09,2870.34,Card,Paid
12244,12244,2024-08-25,10028.5,Card,Paid
12245,12245,2024-04-06,1181.83,UPI,Paid
12246,12246,2024-06-22,4537.57,UPI,Paid
12247,12247,2024-09-27,2255.63,Card,Paid
12248,12248,2026-03-27,2449.05,Card,Paid
12249,12249,2026-02-02,6938.77,Card,Paid
12250,12250,2024-03-30,5137.01,UPI,Failed
12251,12251,2024-06-11,330.95,Wallet,Paid
12252,12252,2024-01-20,2162.09,Bank,Paid
12253,12253,2024-09-24,3213.09,UPI,Pending
12254,12254,2024-10-13,6843.42,UPI,Pending
12255,12255,2025-11-02,3033.72,Bank,Paid
12256,12256,2024-03-30,3172.38,Wallet,Paid
12257,12257,2026-04-28,1169.22,Wallet,Paid
12258,12258,2024-05-29,8887.28,Bank,Paid
12259,12259,2025-11-09,4803.31,Card,Pending
12260,12260,2025-08-12,444.73,UPI,Paid
12261,12261,2024-08-21,4683.36,Wallet,Paid
12262,12262,2024-10-21,6161.2,Card,Paid
12263,12263,2025-10-05,3330.4,Bank,Paid
12264,12264,2026-08-23,1028.09,Wallet,Paid
12265,12265,2024-12-19,4941.41,Wallet,Paid
12266,12266,2024-03-16,1300.07,UPI,Paid
12267,12267,2026-06-11,6258.1,UPI,Paid
12268,12268,2025-01-26,1253.13,Card,Paid
12269,12269,2025-03-05,1819.94,Wallet,Paid
12270,12270,2025-08-18,2301.77,Bank,Paid
12271,12271,2024-07-02,1904.49,Card,Paid
12272,12272,2024-12-03,4073.13,Bank,Paid
12273,12273,2025-07-25,3235.68,Card,Paid
12274,12274,2024-12-20,2010.84,Card,Paid
12275,12275,2026-05-07,4340.08,UPI,Paid
12276,12276,2025-04-25,3367.23,Wallet,Paid
12277,12277,2024-11-02,591.28,Card,Pending
12278,12278,2024-01-09,927.95,UPI,Paid
12279,12279,2026-02-27,4139.27,Bank,Paid
12280,12280,2025-10-07,1678.58,Wallet,Paid
12281,12281,2026-05-14,6668.12,Bank,Paid
12282,12282,2024-12-04,2728.85,Card,Paid
12283,12283,2025-09-01,2788.41,Bank,Paid
12284,12284,2025-07-18,4690.31,Card,Paid
12285,12285,2025-06-12,873.5,Card,Paid
12286,12286,2026-08-27,5700.95,Wallet,Paid
12287,12287,2025-06-27,5700.47,UPI,Paid
12288,12288,2024-12-24,356.86,Wallet,Paid
12289,12289,2024-03-26,4534.68,UPI,Paid
12290,12290,2024-05-14,921.51,Wallet,Paid
12291,12291,2024-02-03,4363.36,Card,Paid
12292,12292,2025-03-31,1701.54,Card,Pending
12293,12293,2025-08-06,5039.69,Wallet,Paid
12294,12294,2024-10-14,1923.14,Card,Paid
12295,12295,2024-04-20,6862.89,Wallet,Paid
12296,12296,2025-08-23,4406.96,Bank,Paid
12297,12297,2025-01-18,4746.95,UPI,Paid
12298,12298,2026-01-26,769.59,UPI,Paid
12299,12299,2025-06-12,1527.84,Card,Paid
12300,12300,2026-04-10,8268.32,Wallet,Paid
12301,12301,2026-05-01,3962.79,Card,Paid
12302,12302,2026-04-21,4219.38,Bank,Paid
12303,12303,2026-01-17,272.18,UPI,Paid
12304,12304,2024-02-12,2459.94,Bank,Paid
12305,12305,2025-08-22,1883.1,Card,Paid
12306,12306,2025-09-30,83.98,UPI,Paid
12307,12307,2024-02-13,8872.13,Bank,Pending
12308,12308,2025-06-15,4507.92,Card,Failed
12309,12309,2025-10-04,3376.48,Card,Paid
12310,12310,2025-07-29,3119.86,UPI,Paid
12311,12311,2025-04-06,2526.0,Card,Paid
12312,12312,2025-12-24,2333.68,Bank,Paid
12313,12313,2025-04-27,2879.24,Wallet,Paid
12314,12314,2024-11-13,2576.69,Card,Paid
12315,12315,2024-10-29,5003.47,UPI,Paid
12316,12316,2024-12-07,7360.22,UPI,Paid
12317,12317,2025-07-23,1020.65,UPI,Failed
12318,12318,2025-05-31,1812.55,UPI,Paid
12319,12319,2024-03-11,3125.17,Bank,Paid
12320,12320,2024-07-02,5099.08,Bank,Paid
12321,12321,2024-03-01,134.46,Card,Paid
12322,12322,2025-09-03,697.78,Bank,Paid
12323,12323,2024-06-24,4056.28,Card,Paid
12324,12324,2024-05-31,3515.78,Wallet,Paid
12325,12325,2026-08-12,4022.25,Bank,Pending
12326,12326,2026-02-23,2097.09,UPI,Paid
12327,12327,2025-10-23,5034.9,Card,Paid
12328,12328,2025-02-13,3946.21,Bank,Paid
12329,12329,2024-04-01,1369.84,Wallet,Paid
12330,12330,2025-04-10,3071.33,Bank,Paid
12331,12331,2026-04-26,2819.08,Wallet,Paid
12332,12332,2025-04-06,3690.72,UPI,Paid
12333,12333,2024-09-15,1436.17,Card,Paid
12334,12334,2025-04-23,3056.18,Wallet,Paid
12335,12335,2026-03-14,6900.12,Wallet,Paid
12336,12336,2026-02-08,2115.13,Wallet,Paid
12337,12337,2024-02-22,208.43,Wallet,Paid
12338,12338,2025-06-02,6103.19,Bank,Paid
12339,12339,2024-08-11,708.86,Card,Paid
12340,12340,2025-02-01,1192.87,Card,Paid
12341,12341,2024-10-01,6433.93,Wallet,Paid
12342,12342,2026-08-20,4121.66,Bank,Paid
12343,12343,2026-07-15,109.88,Card,Paid
12344,12344,2024-03-16,1717.86,Wallet,Paid
12345,12345,2024-01-16,4576.32,Bank,Paid
12346,12346,2026-03-30,1709.22,UPI,Paid
12347,12347,2025-05-26,1071.15,Bank,Failed
12348,12348,2024-02-23,5579.98,Bank,Paid
12349,12349,2026-03-25,8792.58,Wallet,Paid
12350,12350,2025-07-07,2244.69,Card,Paid
12351,12351,2026-04-17,3510.76,Wallet,Paid
12352,12352,2025-01-28,442.02,Wallet,Paid
12353,12353,2024-07-19,1849.86,UPI,Paid
12354,12354,2024-12-01,311.64,Bank,Pending
12355,12355,2025-08-31,2605.7,UPI,Paid
12356,12356,2024-09-27,4008.64,Bank,Paid
12357,12357,2024-10-15,4254.28,Bank,Paid
12358,12358,2024-01-02,4593.01,Card,Failed
12359,12359,2024-08-15,1333.01,Card,Paid
12360,12360,2026-07-09,4021.32,Card,Paid
12361,12361,2024-04-14,2257.85,Bank,Paid
12362,12362,2026-03-26,4808.74,Bank,Pending
12363,12363,2024-05-19,6892.52,Bank,Paid
12364,12364,2024-06-24,456.44,Bank,Paid
12365,12365,2025-12-15,3804.07,UPI,Paid
12366,12366,2024-05-15,1750.16,Wallet,Paid
12367,12367,2024-03-23,3793.48,UPI,Paid
12368,12368,2026-04-01,5531.06,Bank,Paid
12369,12369,2026-08-15,5379.98,UPI,Paid
12370,12370,2024-02-01,2568.32,Wallet,Pending
12371,12371,2024-01-22,7825.19,Card,Paid
12372,12372,2026-04-08,294.55,Wallet,Paid
12373,12373,2024-12-18,2133.33,Wallet,Paid
12374,12374,2024-09-09,2123.23,Wallet,Paid
12375,12375,2025-03-16,4516.3,Bank,Paid
12376,12376,2026-08-21,440.9,Card,Paid
12377,12377,2025-06-20,6220.37,Bank,Paid
12378,12378,2026-08-15,366.45,Bank,Paid
12379,12379,2024-02-07,2548.97,Card,Paid
12380,12380,2025-07-22,1950.53,Wallet,Paid
12381,12381,2024-02-20,7360.72,UPI,Failed
12382,12382,2024-02-08,249.27,Wallet,Paid
12383,12383,2024-07-10,3735.3,Bank,Paid
12384,12384,2024-03-31,2107.56,Card,Paid
12385,12385,2025-12-11,468.39,Wallet,Paid
12386,12386,2024-08-07,320.13,UPI,Paid
12387,12387,2024-02-25,3110.02,UPI,Paid
12388,12388,2026-01-19,7913.44,Wallet,Paid
12389,12389,2024-01-22,2264.56,Bank,Paid
12390,12390,2024-09-03,3926.39,Bank,Failed
12391,12391,2024-12-31,2545.98,Wallet,Failed
12392,12392,2025-06-20,681.0,Wallet,Paid
12393,12393,2026-02-05,3037.75,UPI,Paid
12394,12394,2025-07-20,7412.53,UPI,Paid
12395,12395,2024-06-20,3571.27,Card,Paid
12396,12396,2025-08-30,1209.89,UPI,Paid
12397,12397,2025-09-03,2969.67,UPI,Paid
12398,12398,2024-08-23,778.29,Bank,Paid
12399,12399,2025-11-02,3049.75,UPI,Paid
12400,12400,2024-02-18,6841.42,UPI,Paid
12401,12401,2024-06-21,2076.0,Wallet,Paid
12402,12402,2024-01-24,707.41,Card,Pending
12403,12403,2026-05-07,4652.67,Card,Paid
12404,12404,2024-04-21,717.86,UPI,Paid
12405,12405,2024-07-29,1757.27,Card,Paid
12406,12406,2026-04-16,5112.38,UPI,Paid
12407,12407,2025-05-19,73.22,Wallet,Paid
12408,12408,2025-07-20,1294.24,Bank,Paid
12409,12409,2026-06-28,4216.45,Card,Paid
12410,12410,2025-10-24,3629.52,Card,Pending
12411,12411,2025-03-08,999.97,Wallet,Paid
12412,12412,2025-08-13,524.86,Card,Paid
12413,12413,2024-12-02,724.71,Card,Paid
12414,12414,2026-02-03,2571.19,UPI,Paid
12415,12415,2024-04-14,1315.17,Bank,Paid
12416,12416,2026-08-22,1739.13,Wallet,Paid
12417,12417,2026-08-17,1990.15,UPI,Paid
12418,12418,2025-03-06,3117.12,UPI,Paid
12419,12419,2025-05-12,5266.36,UPI,Paid
12420,12420,2025-04-13,2905.14,Wallet,Paid
12421,12421,2025-12-21,2463.42,Card,Paid
12422,12422,2025-09-10,2127.37,Wallet,Paid
12423,12423,2026-05-10,3194.27,Wallet,Paid
12424,12424,2026-08-21,2500.25,Wallet,Paid
12425,12425,2025-07-25,405.18,Wallet,Paid
12426,12426,2024-02-29,5221.23,Bank,Paid
12427,12427,2024-08-09,432.2,Bank,Paid
12428,12428,2024-02-09,2022.87,Card,Paid
12429,12429,2026-07-24,782.92,Bank,Paid
12430,12430,2025-11-10,3481.06,Bank,Paid
12431,12431,2025-03-25,3798.6,UPI,Paid
12432,12432,2025-12-04,1082.81,Card,Paid
12433,12433,2024-09-03,4446.36,Bank,Paid
12434,12434,2024-02-02,8422.08,Card,Failed
12435,12435,2025-08-05,1629.43,UPI,Paid
12436,12436,2026-04-11,6334.28,Bank,Paid
12437,12437,2025-09-08,3181.47,Bank,Paid
12438,12438,2025-04-24,1549.39,Card,Paid
12439,12439,2026-07-29,2968.58,UPI,Paid
12440,12440,2025-07-15,6098.84,Card,Paid
12441,12441,2025-10-06,2560.41,Card,Paid
12442,12442,2024-06-13,1681.79,Card,Paid
12443,12443,2024-07-21,2254.5,Wallet,Paid
12444,12444,2024-11-20,3799.97,Card,Paid
12445,12445,2024-02-04,2171.04,Wallet,Pending
12446,12446,2024-07-02,1103.98,Card,Pending
12447,12447,2026-07-21,7143.02,Card,Failed
12448,12448,2024-02-18,6732.43,UPI,Paid
12449,12449,2026-04-09,1612.6,Bank,Failed
12450,12450,2024-09-09,3089.92,Bank,Paid
12451,12451,2024-05-19,1671.71,UPI,Paid
12452,12452,2024-08-22,2700.97,Bank,Paid
12453,12453,2026-03-09,2323.53,Bank,Paid
12454,12454,2024-01-23,1177.12,Bank,Paid
12455,12455,2026-06-23,95.72,Card,Paid
12456,12456,2026-05-08,6505.84,UPI,Failed
12457,12457,2025-08-06,6072.18,Bank,Paid
12458,12458,2025-02-15,3175.82,Bank,Failed
12459,12459,2024-08-09,5225.63,Bank,Paid
12460,12460,2024-03-16,3820.29,Wallet,Paid
12461,12461,2026-01-30,4379.66,Bank,Paid
12462,12462,2026-02-13,2587.61,Bank,Paid
12463,12463,2025-04-30,7203.31,Bank,Paid
12464,12464,2024-01-15,3683.05,Wallet,Paid
12465,12465,2026-04-22,6846.08,Bank,Paid
12466,12466,2024-07-04,716.64,UPI,Paid
12467,12467,2024-08-20,2052.12,Bank,Paid
12468,12468,2024-10-18,3730.44,Bank,Paid
12469,12469,2024-11-26,5607.53,Card,Paid
12470,12470,2024-07-05,2207.41,Wallet,Paid
12471,12471,2024-12-20,3400.23,Card,Paid
12472,12472,2026-05-16,4481.22,Card,Paid
12473,12473,2025-12-29,1894.63,UPI,Paid
12474,12474,2024-10-28,2404.46,Wallet,Paid
12475,12475,2025-04-28,691.45,Card,Paid
12476,12476,2026-02-20,401.36,Bank,Paid
12477,12477,2026-02-15,1172.35,Card,Paid
12478,12478,2026-07-23,3786.34,UPI,Paid
12479,12479,2025-12-01,2268.43,Bank,Paid
12480,12480,2026-01-22,3875.64,UPI,Paid
12481,12481,2025-01-01,6210.78,Card,Paid
12482,12482,2026-01-27,736.39,Wallet,Paid
12483,12483,2025-06-29,1627.3,UPI,Paid
12484,12484,2026-06-20,4018.8,Bank,Paid
12485,12485,2025-02-20,4311.84,Wallet,Paid
12486,12486,2026-08-03,3721.34,Card,Paid
12487,12487,2026-07-28,1179.78,Wallet,Paid
12488,12488,2024-04-12,7326.74,Card,Paid
12489,12489,2024-05-07,5910.94,UPI,Paid
12490,12490,2024-02-18,3189.15,Bank,Paid
12491,12491,2025-01-25,2305.8,Card,Pending
12492,12492,2026-06-11,4334.27,UPI,Paid
12493,12493,2024-02-11,3021.5,Bank,Paid
12494,12494,2025-01-30,664.66,Bank,Paid
12495,12495,2024-04-29,3959.12,Card,Paid
12496,12496,2024-04-11,3292.45,Bank,Failed
12497,12497,2024-08-16,4433.08,Bank,Paid
12498,12498,2025-10-29,5151.42,Bank,Paid
12499,12499,2024-11-13,1765.32,Bank,Paid
12500,12500,2024-04-24,1570.35,UPI,Paid
12501,12501,2025-12-23,234.77,Wallet,Paid
12502,12502,2026-01-11,10120.84,Card,Paid
12503,12503,2026-07-23,5853.87,Card,Pending
12504,12504,2024-12-11,2770.88,UPI,Pending
12505,12505,2024-08-28,1875.43,Wallet,Pending
12506,12506,2025-01-23,208.71,UPI,Paid
12507,12507,2026-03-09,3960.47,UPI,Paid
12508,12508,2024-07-12,315.91,UPI,Pending
12509,12509,2024-02-08,1384.74,Wallet,Paid
12510,12510,2024-10-04,258.39,Card,Paid
12511,12511,2025-05-04,1450.7,Card,Paid
12512,12512,2025-05-13,2888.47,Card,Paid
12513,12513,2025-08-21,4085.69,Wallet,Paid
12514,12514,2025-07-22,1185.36,Bank,Failed
12515,12515,2025-07-30,3363.11,Bank,Paid
12516,12516,2024-11-30,1654.35,Wallet,Paid
12517,12517,2025-07-02,1457.12,Bank,Paid
12518,12518,2024-12-27,6234.82,Bank,Pending
12519,12519,2024-01-21,2401.04,Card,Paid
12520,12520,2026-06-11,5317.34,Bank,Pending
12521,12521,2026-02-22,1214.74,Card,Failed
12522,12522,2024-09-17,3618.73,UPI,Paid
12523,12523,2025-02-20,2332.66,Bank,Paid
12524,12524,2026-03-04,4895.55,Card,Paid
12525,12525,2025-05-19,1488.62,Bank,Paid
12526,12526,2026-02-05,1617.08,Card,Paid
12527,12527,2026-01-22,1749.63,UPI,Paid
12528,12528,2025-07-14,4057.64,UPI,Paid
12529,12529,2025-08-06,590.69,Wallet,Paid
12530,12530,2025-11-10,1732.3,UPI,Paid
12531,12531,2025-12-16,2031.26,UPI,Paid
12532,12532,2026-01-21,3665.29,UPI,Paid
12533,12533,2025-08-04,4382.75,Card,Paid
12534,12534,2026-07-13,2406.5,Bank,Paid
12535,12535,2025-07-23,4976.52,Card,Paid
12536,12536,2026-08-16,4951.28,UPI,Paid
12537,12537,2026-03-16,2417.74,Bank,Paid
12538,12538,2026-02-08,1797.08,Card,Paid
12539,12539,2025-08-15,2168.55,UPI,Paid
12540,12540,2024-01-11,5529.7,Wallet,Paid
12541,12541,2024-11-02,5546.6,Card,Paid
12542,12542,2025-05-16,2593.74,Wallet,Paid
12543,12543,2025-09-08,2802.59,UPI,Paid
12544,12544,2025-03-07,2352.34,Wallet,Paid
12545,12545,2026-08-16,6259.61,Wallet,Paid
12546,12546,2024-11-28,2801.42,Wallet,Paid
12547,12547,2025-09-24,3691.1,Card,Paid
12548,12548,2025-11-27,3805.19,UPI,Paid
12549,12549,2025-01-28,3862.88,Wallet,Paid
12550,12550,2026-01-05,2741.95,UPI,Paid
12551,12551,2025-11-16,2022.11,UPI,Paid
12552,12552,2026-04-21,3168.25,Bank,Paid
12553,12553,2024-04-03,6046.45,UPI,Paid
12554,12554,2026-01-12,4787.26,Card,Paid
12555,12555,2025-04-03,6774.34,Wallet,Paid
12556,12556,2026-03-28,2409.02,Card,Paid
12557,12557,2025-08-21,5925.22,Wallet,Paid
12558,12558,2024-11-27,5814.18,UPI,Paid
12559,12559,2025-03-02,3847.82,Bank,Paid
12560,12560,2026-07-19,2214.42,Card,Paid
12561,12561,2024-11-19,1413.99,Wallet,Paid
12562,12562,2026-03-11,3903.4,UPI,Paid
12563,12563,2025-05-26,3299.77,Wallet,Paid
12564,12564,2024-01-11,9271.95,Card,Failed
12565,12565,2025-01-09,602.46,Wallet,Paid
12566,12566,2026-03-18,4056.49,Card,Paid
12567,12567,2026-03-09,346.65,Card,Paid
12568,12568,2026-04-18,5023.6,Card,Paid
12569,12569,2026-04-16,4458.94,Wallet,Paid
12570,12570,2025-03-31,2003.04,Wallet,Paid
12571,12571,2026-07-27,2226.78,Wallet,Paid
12572,12572,2025-12-15,6459.91,UPI,Paid
12573,12573,2025-05-06,3591.46,Wallet,Paid
12574,12574,2026-02-23,2444.94,Bank,Paid
12575,12575,2026-04-19,5824.84,Bank,Paid
12576,12576,2024-11-16,5036.12,Bank,Paid
12577,12577,2024-10-25,424.02,Bank,Paid
12578,12578,2026-03-09,552.18,Wallet,Paid
12579,12579,2026-06-20,4328.34,Card,Paid
12580,12580,2024-07-09,2520.74,Wallet,Paid
12581,12581,2026-05-10,6590.41,Wallet,Paid
12582,12582,2025-02-23,1328.47,Bank,Paid
12583,12583,2024-01-12,787.43,UPI,Paid
12584,12584,2024-04-27,5596.61,Wallet,Failed
12585,12585,2024-10-08,3166.84,Wallet,Paid
12586,12586,2024-10-31,1397.65,Bank,Paid
12587,12587,2025-12-01,6216.5,Card,Paid
12588,12588,2024-10-07,4233.88,Bank,Paid
12589,12589,2026-01-18,6401.76,Bank,Paid
12590,12590,2026-01-14,5370.01,Bank,Paid
12591,12591,2026-07-30,2111.42,Card,Paid
12592,12592,2025-04-02,2774.03,Wallet,Paid
12593,12593,2024-09-12,148.64,Bank,Failed
12594,12594,2024-05-04,2683.88,Card,Paid
12595,12595,2025-06-04,1774.3,Wallet,Paid
12596,12596,2026-04-30,3906.64,Card,Pending
12597,12597,2026-08-18,3975.34,UPI,Paid
12598,12598,2024-12-29,6369.91,Card,Paid
12599,12599,2025-03-27,1503.98,UPI,Paid
12600,12600,2025-02-15,911.56,UPI,Paid
12601,12601,2024-01-25,90.06,Wallet,Paid
12602,12602,2026-04-20,1456.13,Bank,Paid
12603,12603,2026-03-28,987.98,Card,Paid
12604,12604,2025-04-13,4256.75,Wallet,Paid
12605,12605,2024-02-14,2614.96,UPI,Paid
12606,12606,2025-02-27,4778.15,Wallet,Paid
12607,12607,2024-03-01,5846.01,Card,Paid
12608,12608,2025-09-16,414.2,Card,Paid
12609,12609,2024-08-12,2989.15,UPI,Paid
12610,12610,2025-03-20,10484.89,Card,Paid
12611,12611,2025-04-14,9070.44,Card,Paid
12612,12612,2024-01-31,4348.22,Wallet,Paid
12613,12613,2026-03-17,574.15,Card,Paid
12614,12614,2024-12-08,1949.12,UPI,Paid
12615,12615,2025-06-13,115.62,Card,Paid
12616,12616,2024-12-25,3355.58,Bank,Paid
12617,12617,2026-03-21,2238.77,Wallet,Paid
12618,12618,2024-09-21,396.33,Wallet,Paid
12619,12619,2025-01-19,3931.3,UPI,Paid
12620,12620,2026-02-27,5096.34,Card,Paid
12621,12621,2025-03-04,2496.54,Wallet,Failed
12622,12622,2025-02-16,653.91,Card,Paid
12623,12623,2024-10-03,1369.5,Wallet,Paid
12624,12624,2026-07-02,3380.29,Wallet,Paid
12625,12625,2024-05-12,2104.18,Card,Paid
12626,12626,2026-04-14,4626.45,Wallet,Paid
12627,12627,2026-07-31,838.55,Card,Paid
12628,12628,2026-04-06,7664.11,Wallet,Paid
12629,12629,2025-04-20,509.0,Wallet,Paid
12630,12630,2026-05-15,798.24,Wallet,Paid
12631,12631,2026-01-23,1231.18,Wallet,Paid
12632,12632,2026-07-09,2094.9,UPI,Paid
12633,12633,2024-04-18,3380.28,Bank,Paid
12634,12634,2026-01-02,86.3,Bank,Paid
12635,12635,2026-02-18,918.56,Wallet,Paid
12636,12636,2026-03-12,2251.86,Card,Pending
12637,12637,2026-02-09,4397.21,UPI,Failed
12638,12638,2026-05-03,152.56,Bank,Paid
12639,12639,2025-11-15,4940.03,Bank,Paid
12640,12640,2024-03-08,1132.13,UPI,Paid
12641,12641,2024-04-30,1023.25,Bank,Paid
12642,12642,2024-03-12,3339.25,Card,Paid
12643,12643,2025-05-17,231.12,Card,Paid
12644,12644,2024-01-10,3881.32,Wallet,Paid
12645,12645,2026-07-20,1474.16,Wallet,Paid
12646,12646,2024-10-18,2041.09,Card,Paid
12647,12647,2026-01-01,253.21,Wallet,Paid
12648,12648,2026-06-23,1392.96,Bank,Paid
12649,12649,2024-08-10,2350.68,Wallet,Paid
12650,12650,2024-08-03,4215.74,Bank,Paid
12651,12651,2026-02-14,5675.17,UPI,Pending
12652,12652,2025-07-26,1228.91,Card,Pending
12653,12653,2026-03-07,4459.21,UPI,Paid
12654,12654,2024-03-15,7734.71,UPI,Paid
12655,12655,2024-10-16,7626.04,Card,Paid
12656,12656,2026-03-03,2831.55,Card,Paid
12657,12657,2025-08-16,1493.52,Card,Paid
12658,12658,2026-08-25,3237.3,Bank,Paid
12659,12659,2026-03-18,903.39,Bank,Paid
12660,12660,2025-09-05,1452.8,Bank,Paid
12661,12661,2024-10-07,2355.39,Wallet,Paid
12662,12662,2026-04-28,6345.92,Bank,Paid
12663,12663,2026-05-31,4435.17,Wallet,Paid
12664,12664,2026-08-05,1849.05,Card,Paid
12665,12665,2024-10-09,2781.93,UPI,Failed
12666,12666,2025-12-15,6747.2,Card,Paid
12667,12667,2025-04-21,1865.61,UPI,Paid
12668,12668,2024-11-27,1128.13,Bank,Paid
12669,12669,2025-06-25,798.36,Wallet,Paid
12670,12670,2024-12-10,5380.58,Wallet,Paid
12671,12671,2025-09-02,847.43,UPI,Paid
12672,12672,2024-02-02,1271.6,Bank,Paid
12673,12673,2026-06-04,3259.89,Card,Paid
12674,12674,2024-11-12,274.03,UPI,Paid
12675,12675,2024-03-16,870.82,Bank,Paid
12676,12676,2024-08-28,470.44,Bank,Paid
12677,12677,2025-05-12,2796.44,Card,Paid
12678,12678,2024-10-26,2914.38,UPI,Paid
12679,12679,2025-06-13,2278.13,Card,Paid
12680,12680,2024-01-09,1013.12,Bank,Paid
12681,12681,2024-08-19,1714.83,UPI,Paid
12682,12682,2025-05-26,6326.93,Card,Paid
12683,12683,2025-11-14,1824.92,Wallet,Paid
12684,12684,2026-04-29,1815.55,Card,Paid
12685,12685,2025-06-04,685.31,Wallet,Paid
12686,12686,2025-03-14,2660.06,Wallet,Paid
12687,12687,2025-05-12,1036.01,Card,Paid
12688,12688,2025-03-12,2695.94,Bank,Paid
12689,12689,2025-05-08,1120.79,Bank,Paid
12690,12690,2025-03-10,8235.59,Bank,Paid
12691,12691,2026-06-14,2536.81,Wallet,Paid
12692,12692,2025-10-21,1094.47,UPI,Paid
12693,12693,2026-01-14,445.16,Card,Paid
12694,12694,2024-12-10,3560.32,UPI,Pending
12695,12695,2026-01-26,585.41,UPI,Paid
12696,12696,2025-12-25,3505.05,Card,Failed
12697,12697,2024-11-20,57.44,Bank,Paid
12698,12698,2024-12-27,4456.41,UPI,Paid
12699,12699,2025-12-17,5272.02,Bank,Paid
12700,12700,2025-05-12,2038.93,Wallet,Paid
12701,12701,2024-03-21,796.13,Wallet,Paid
12702,12702,2026-03-03,3841.25,UPI,Paid
12703,12703,2026-06-16,868.16,UPI,Paid
12704,12704,2026-05-11,3030.39,UPI,Paid
12705,12705,2025-04-18,2601.09,Wallet,Paid
12706,12706,2024-12-21,5527.15,Wallet,Paid
12707,12707,2025-02-07,2051.78,UPI,Paid
12708,12708,2025-11-22,2610.88,UPI,Paid
12709,12709,2026-07-08,3874.33,Card,Paid
12710,12710,2025-09-19,5586.2,Bank,Paid
12711,12711,2025-08-26,873.08,Card,Paid
12712,12712,2026-05-18,3594.45,UPI,Paid
12713,12713,2026-02-21,8014.88,UPI,Paid
12714,12714,2024-02-19,2740.23,UPI,Paid
12715,12715,2024-03-02,2901.8,Bank,Paid
12716,12716,2025-11-07,3259.28,Wallet,Paid
12717,12717,2026-01-23,402.07,Card,Paid
12718,12718,2026-05-29,3401.66,Wallet,Paid
12719,12719,2026-06-13,3801.76,UPI,Paid
12720,12720,2025-04-25,891.48,Wallet,Paid
12721,12721,2025-05-19,4528.16,Bank,Paid
12722,12722,2025-07-02,2720.51,Wallet,Paid
12723,12723,2026-02-15,6090.55,Wallet,Paid
12724,12724,2025-05-15,3853.34,Bank,Paid
12725,12725,2026-08-26,7553.78,Bank,Pending
12726,12726,2026-07-23,1833.49,Card,Paid
12727,12727,2025-05-12,266.66,Bank,Paid
12728,12728,2025-11-06,5967.49,Card,Paid
12729,12729,2025-03-28,3344.9,Wallet,Paid
12730,12730,2025-05-31,2241.81,Card,Paid
12731,12731,2024-11-03,4143.69,Wallet,Paid
12732,12732,2025-02-05,3848.27,Wallet,Paid
12733,12733,2025-08-30,5363.66,Card,Paid
12734,12734,2025-04-02,592.07,Bank,Paid
12735,12735,2024-03-30,2876.01,Bank,Paid
12736,12736,2024-11-22,3470.2,Bank,Paid
12737,12737,2024-06-12,6498.3,Wallet,Paid
12738,12738,2025-08-16,698.67,Card,Paid
12739,12739,2026-03-22,7045.5,Bank,Paid
12740,12740,2025-09-19,4097.26,UPI,Paid
12741,12741,2025-08-29,3929.0,UPI,Paid
12742,12742,2024-04-11,373.46,Card,Paid
12743,12743,2025-01-30,2103.25,Card,Paid
12744,12744,2025-03-11,2641.05,Bank,Paid
12745,12745,2025-09-07,6834.28,Bank,Paid
12746,12746,2024-01-03,6372.03,Wallet,Pending
12747,12747,2024-01-02,2914.1,Bank,Paid
12748,12748,2026-03-06,7186.82,Wallet,Paid
12749,12749,2024-08-04,2921.03,Bank,Paid
12750,12750,2024-07-10,2128.87,Wallet,Paid
12751,12751,2024-04-18,881.5,Bank,Paid
12752,12752,2024-10-07,1794.41,UPI,Paid
12753,12753,2025-12-02,5569.87,UPI,Paid
12754,12754,2024-10-09,11433.98,Card,Paid
12755,12755,2025-04-04,2407.22,Wallet,Paid
12756,12756,2025-12-17,1393.11,Bank,Paid
12757,12757,2025-08-20,1027.01,Wallet,Paid
12758,12758,2024-04-27,2147.0,Wallet,Paid
12759,12759,2024-03-05,655.84,UPI,Paid
12760,12760,2024-11-07,6673.36,UPI,Paid
12761,12761,2025-07-29,3493.0,Card,Paid
12762,12762,2026-02-10,5128.85,Wallet,Paid
12763,12763,2025-09-16,3662.57,Bank,Failed
12764,12764,2024-12-30,4114.49,Card,Failed
12765,12765,2025-09-10,275.92,UPI,Paid
12766,12766,2025-06-29,2261.14,Wallet,Paid
12767,12767,2026-05-03,3412.42,UPI,Paid
12768,12768,2026-05-29,2820.18,Bank,Paid
12769,12769,2025-02-09,4529.9,Card,Paid
12770,12770,2025-05-06,8978.35,Wallet,Paid
12771,12771,2025-09-02,912.43,UPI,Failed
12772,12772,2025-03-10,3527.63,Bank,Paid
12773,12773,2025-08-07,1623.46,UPI,Paid
12774,12774,2025-07-01,1667.29,Bank,Paid
12775,12775,2024-02-07,3570.03,Card,Paid
12776,12776,2026-05-16,1114.29,UPI,Paid
12777,12777,2024-06-17,1839.34,Wallet,Paid
12778,12778,2025-04-17,3260.93,UPI,Failed
12779,12779,2024-04-15,4301.83,Wallet,Paid
12780,12780,2024-02-08,1281.05,UPI,Paid
12781,12781,2025-07-11,5429.89,Bank,Paid
12782,12782,2024-12-12,2210.01,Wallet,Paid
12783,12783,2026-07-07,1522.58,Wallet,Paid
12784,12784,2026-04-11,2781.86,Wallet,Paid
12785,12785,2024-10-13,2924.01,UPI,Paid
12786,12786,2025-11-03,7635.72,Wallet,Paid
12787,12787,2026-05-03,5970.03,UPI,Paid
12788,12788,2024-02-24,2484.98,Wallet,Paid
12789,12789,2024-04-12,5272.01,Card,Paid
12790,12790,2024-08-27,971.91,UPI,Paid
12791,12791,2026-04-25,293.14,Card,Paid
12792,12792,2025-10-15,2832.73,Bank,Paid
12793,12793,2024-04-02,4289.99,Bank,Paid
12794,12794,2026-01-07,2560.87,Card,Paid
12795,12795,2025-07-01,1947.69,Bank,Paid
12796,12796,2026-01-16,3456.14,Wallet,Paid
12797,12797,2025-02-15,3413.81,Wallet,Paid
12798,12798,2025-08-04,3068.31,Card,Paid
12799,12799,2024-11-04,271.32,Card,Paid
12800,12800,2025-08-14,3085.09,Card,Failed
12801,12801,2024-08-11,4937.87,UPI,Pending
12802,12802,2024-03-23,293.73,UPI,Paid
12803,12803,2026-04-28,771.57,UPI,Paid
12804,12804,2025-03-09,1443.28,Wallet,Paid
12805,12805,2025-10-01,5513.01,Wallet,Paid
12806,12806,2024-07-21,620.14,Bank,Paid
12807,12807,2026-03-18,6005.9,UPI,Paid
12808,12808,2024-10-30,837.83,Card,Pending
12809,12809,2025-09-17,2679.83,Card,Paid
12810,12810,2025-05-11,339.65,Wallet,Paid
12811,12811,2025-11-05,3030.0,Card,Paid
12812,12812,2024-07-08,5113.02,Wallet,Paid
12813,12813,2024-10-28,2669.31,UPI,Pending
12814,12814,2024-12-21,6105.46,UPI,Paid
12815,12815,2026-07-18,414.99,Bank,Paid
12816,12816,2025-08-23,2499.18,Wallet,Paid
12817,12817,2025-07-22,2254.82,UPI,Paid
12818,12818,2026-07-12,775.06,UPI,Paid
12819,12819,2026-07-28,3659.2,UPI,Paid
12820,12820,2026-08-12,2583.85,Wallet,Paid
12821,12821,2026-06-03,134.17,UPI,Paid
12822,12822,2025-03-14,3106.13,Card,Paid
12823,12823,2024-01-01,3862.19,Bank,Failed
12824,12824,2025-02-27,5469.25,Wallet,Paid
12825,12825,2024-12-22,2092.66,Card,Paid
12826,12826,2025-07-13,2886.78,Wallet,Paid
12827,12827,2025-02-14,1572.37,Bank,Paid
12828,12828,2026-04-20,6113.1,Bank,Paid
12829,12829,2025-03-17,4912.27,UPI,Paid
12830,12830,2026-08-20,2529.64,Wallet,Paid
12831,12831,2024-07-16,1432.39,UPI,Paid
12832,12832,2026-05-31,489.53,UPI,Paid
12833,12833,2024-02-12,3260.13,Card,Paid
12834,12834,2026-06-14,663.09,Card,Paid
12835,12835,2024-04-05,7447.31,Card,Paid
12836,12836,2024-12-22,3460.86,Bank,Paid
12837,12837,2024-09-23,3964.19,UPI,Paid
12838,12838,2024-08-12,1309.62,Card,Paid
12839,12839,2024-06-12,2236.48,Card,Paid
12840,12840,2024-02-16,4191.58,Bank,Paid
12841,12841,2024-06-22,4426.78,Bank,Paid
12842,12842,2024-12-26,4423.42,Card,Paid
12843,12843,2024-02-03,2485.01,UPI,Paid
12844,12844,2025-02-23,1741.39,Wallet,Paid
12845,12845,2026-07-20,3167.6,Card,Paid
12846,12846,2024-09-02,1532.91,Wallet,Paid
12847,12847,2026-05-22,5945.33,Wallet,Paid
12848,12848,2025-11-24,3474.68,Wallet,Paid
12849,12849,2024-10-19,388.97,UPI,Paid
12850,12850,2025-11-15,7162.12,UPI,Paid
12851,12851,2026-07-23,459.93,Bank,Paid
12852,12852,2025-02-10,961.72,UPI,Paid
12853,12853,2025-08-01,294.1,Card,Paid
12854,12854,2026-02-17,1497.8,Wallet,Paid
12855,12855,2024-12-02,3390.4,Wallet,Paid
12856,12856,2024-05-11,322.27,Card,Paid
12857,12857,2025-11-12,390.49,UPI,Paid
12858,12858,2024-06-03,3654.2,UPI,Paid
12859,12859,2026-04-21,4931.17,Wallet,Paid
12860,12860,2025-01-08,5565.71,Bank,Pending
12861,12861,2025-11-11,8282.32,Wallet,Paid
12862,12862,2025-06-07,5543.87,UPI,Paid
12863,12863,2025-08-21,3087.66,UPI,Paid
12864,12864,2026-06-09,5770.82,Card,Paid
12865,12865,2024-07-08,4695.3,Wallet,Paid
12866,12866,2026-08-11,1572.9,Card,Paid
12867,12867,2024-09-20,5924.7,UPI,Paid
12868,12868,2024-04-21,4568.45,Card,Paid
12869,12869,2026-03-18,6901.57,Card,Pending
12870,12870,2025-06-29,5479.88,Bank,Paid
12871,12871,2025-06-06,9921.67,Bank,Paid
12872,12872,2024-11-08,5264.48,UPI,Paid
12873,12873,2026-05-26,6112.47,Card,Paid
12874,12874,2025-08-14,2919.67,Wallet,Paid
12875,12875,2026-08-18,1164.54,Card,Paid
12876,12876,2024-11-16,1966.78,Wallet,Paid
12877,12877,2026-01-04,2163.71,Bank,Paid
12878,12878,2026-05-29,2113.91,Card,Paid
12879,12879,2026-02-04,3157.19,Card,Paid
12880,12880,2026-05-28,9589.09,Card,Paid
12881,12881,2026-04-05,4227.07,UPI,Paid
12882,12882,2025-07-20,2992.22,Card,Paid
12883,12883,2026-05-31,2901.36,Card,Paid
12884,12884,2025-01-09,3682.22,Bank,Paid
12885,12885,2026-07-03,4205.65,Wallet,Paid
12886,12886,2024-10-09,4961.76,Bank,Paid
12887,12887,2024-01-28,4388.9,Card,Paid
12888,12888,2026-02-19,5304.94,Bank,Failed
12889,12889,2025-02-01,1447.91,Wallet,Paid
12890,12890,2026-04-01,1958.78,Card,Failed
12891,12891,2026-01-30,1779.39,Wallet,Pending
12892,12892,2024-10-25,733.46,Card,Paid
12893,12893,2024-06-15,1131.52,Wallet,Paid
12894,12894,2026-02-10,153.95,Card,Failed
12895,12895,2024-05-19,3739.38,Card,Paid
12896,12896,2025-04-24,2753.27,Wallet,Paid
12897,12897,2025-08-11,1809.48,Card,Paid
12898,12898,2026-08-19,2181.83,Card,Paid
12899,12899,2024-01-17,3236.53,UPI,Paid
12900,12900,2026-07-16,7591.6,Card,Paid
12901,12901,2024-09-13,5925.41,Bank,Paid
12902,12902,2026-03-02,1304.49,Bank,Paid
12903,12903,2026-05-14,1113.6,Wallet,Paid
12904,12904,2024-12-16,2836.42,Wallet,Paid
12905,12905,2025-11-11,1265.88,UPI,Paid
12906,12906,2026-08-10,4017.61,UPI,Paid
12907,12907,2024-08-13,3627.58,Card,Paid
12908,12908,2024-07-15,5099.72,Card,Paid
12909,12909,2025-10-29,2889.31,UPI,Paid
12910,12910,2024-11-01,385.96,Bank,Paid
12911,12911,2024-10-20,4167.12,Wallet,Paid
12912,12912,2024-01-12,4084.63,Bank,Paid
12913,12913,2024-08-04,1848.16,Bank,Paid
12914,12914,2024-11-09,5618.76,UPI,Paid
12915,12915,2024-09-18,6922.66,Card,Paid
12916,12916,2025-11-07,1133.44,UPI,Paid
12917,12917,2024-10-08,3801.97,Wallet,Failed
12918,12918,2026-04-01,3177.34,Wallet,Paid
12919,12919,2024-02-11,676.69,Wallet,Pending
12920,12920,2025-10-23,3897.69,Wallet,Paid
12921,12921,2024-11-27,588.38,UPI,Failed
12922,12922,2025-12-03,2936.63,Card,Paid
12923,12923,2025-03-21,6842.42,Bank,Paid
12924,12924,2024-11-18,3368.13,Bank,Paid
12925,12925,2025-01-20,247.16,Bank,Paid
12926,12926,2025-12-15,3977.8,Wallet,Paid
12927,12927,2025-06-22,257.61,UPI,Paid
12928,12928,2025-08-10,1782.39,Card,Paid
12929,12929,2026-02-23,62.31,Card,Paid
12930,12930,2024-05-28,642.71,Card,Paid
12931,12931,2026-03-15,4026.73,Wallet,Paid
12932,12932,2025-03-27,1016.28,Wallet,Paid
12933,12933,2026-03-25,2188.11,Card,Paid
12934,12934,2026-06-28,2938.71,UPI,Pending
12935,12935,2025-02-07,5526.22,Bank,Paid
12936,12936,2024-08-22,2305.71,Wallet,Paid
12937,12937,2026-07-06,1210.07,Bank,Paid
12938,12938,2025-10-02,2670.78,UPI,Paid
12939,12939,2024-05-07,1742.72,Wallet,Paid
12940,12940,2026-07-08,5445.39,Card,Paid
12941,12941,2024-11-05,8755.15,Wallet,Paid
12942,12942,2025-10-15,1539.22,Card,Paid
12943,12943,2026-08-05,6021.34,Card,Paid
12944,12944,2026-01-28,5427.18,Bank,Paid
12945,12945,2025-09-24,427.57,Wallet,Paid
12946,12946,2024-04-08,2043.39,Bank,Paid
12947,12947,2026-06-29,3563.92,UPI,Paid
12948,12948,2025-12-20,5850.51,Bank,Paid
12949,12949,2025-05-10,2864.59,Bank,Paid
12950,12950,2024-08-02,1800.37,UPI,Paid
12951,12951,2024-01-15,2931.43,Card,Paid
12952,12952,2025-09-23,4093.45,Wallet,Paid
12953,12953,2024-03-28,1836.4,Wallet,Paid
12954,12954,2024-06-18,3038.64,Bank,Paid
12955,12955,2026-02-21,101.51,UPI,Paid
12956,12956,2025-06-04,2911.0,Wallet,Paid
12957,12957,2024-05-28,5242.2,Bank,Paid
12958,12958,2024-10-31,6119.0,Wallet,Paid
12959,12959,2024-10-17,3592.2,Bank,Paid
12960,12960,2025-09-14,585.46,Wallet,Paid
12961,12961,2024-09-09,4340.05,Wallet,Paid
12962,12962,2025-05-31,6024.14,UPI,Paid
12963,12963,2024-05-02,6487.54,Card,Paid
12964,12964,2025-01-04,8236.78,Wallet,Paid
12965,12965,2025-07-09,2468.41,Bank,Paid
12966,12966,2024-08-22,2473.49,Card,Paid
12967,12967,2024-04-02,1415.71,Wallet,Paid
12968,12968,2024-08-29,589.21,UPI,Paid
12969,12969,2024-02-16,1319.34,UPI,Paid
12970,12970,2025-07-25,6491.04,Wallet,Failed
12971,12971,2024-08-12,861.45,Wallet,Paid
12972,12972,2025-12-29,5451.5,Bank,Paid
12973,12973,2026-07-12,3038.47,UPI,Paid
12974,12974,2026-05-10,79.14,Card,Paid
12975,12975,2026-01-07,4369.44,Wallet,Paid
12976,12976,2025-07-19,1442.82,Wallet,Paid
12977,12977,2025-05-26,506.78,Card,Paid
12978,12978,2024-11-18,4348.6,Card,Paid
12979,12979,2024-10-26,1272.59,UPI,Paid
12980,12980,2024-03-18,2291.57,UPI,Paid
12981,12981,2025-03-05,2146.12,UPI,Paid
12982,12982,2024-09-16,3686.2,UPI,Paid
12983,12983,2025-12-10,4269.73,Bank,Paid
12984,12984,2024-05-24,4077.01,Bank,Paid
12985,12985,2026-02-28,4073.25,Wallet,Paid
12986,12986,2026-05-28,1900.62,Wallet,Paid
12987,12987,2025-11-06,5436.73,Wallet,Paid
12988,12988,2024-01-23,7609.24,Wallet,Paid
12989,12989,2025-02-02,4626.72,Wallet,Failed
12990,12990,2025-04-05,1597.58,Card,Paid
12991,12991,2025-01-31,960.27,Card,Paid
12992,12992,2025-10-22,267.78,Bank,Failed
12993,12993,2026-03-01,1369.76,UPI,Paid
12994,12994,2025-07-23,696.98,Bank,Paid
12995,12995,2026-01-23,1392.27,UPI,Paid
12996,12996,2024-04-17,5627.26,Wallet,Paid
12997,12997,2025-01-15,2399.87,Wallet,Paid
12998,12998,2026-03-17,362.7,Wallet,Paid
12999,12999,2024-04-17,2511.26,UPI,Paid
13000,13000,2024-07-18,1416.29,Wallet,Paid
13001,13001,2026-02-23,3253.24,UPI,Paid
13002,13002,2025-08-08,751.07,UPI,Paid
13003,13003,2026-04-18,3399.47,UPI,Paid
13004,13004,2025-03-10,5358.8,Bank,Paid
13005,13005,2025-02-05,2230.25,Card,Paid
13006,13006,2025-09-17,7494.31,Bank,Paid
13007,13007,2024-12-08,6248.59,Card,Paid
13008,13008,2026-08-18,4044.5,Card,Paid
13009,13009,2025-08-04,4196.29,Card,Paid
13010,13010,2024-03-10,2141.32,Bank,Paid
13011,13011,2025-01-20,4628.29,Card,Paid
13012,13012,2024-03-19,3989.54,Bank,Paid
13013,13013,2024-05-18,4128.0,Wallet,Paid
13014,13014,2025-02-13,5150.41,Wallet,Paid
13015,13015,2026-01-05,6026.16,UPI,Paid
13016,13016,2024-11-11,2899.38,Bank,Paid
13017,13017,2026-05-22,5785.78,Card,Paid
13018,13018,2025-02-28,4672.14,Card,Pending
13019,13019,2024-06-04,2274.86,UPI,Paid
13020,13020,2025-11-03,3654.9,UPI,Paid
13021,13021,2026-02-09,2414.87,UPI,Paid
13022,13022,2024-08-29,3203.22,Bank,Paid
13023,13023,2025-05-17,4932.57,Card,Paid
13024,13024,2026-08-21,410.79,Card,Paid
13025,13025,2024-04-17,2337.61,Bank,Paid
13026,13026,2025-01-01,3131.81,Bank,Paid
13027,13027,2025-02-14,4778.87,Wallet,Paid
13028,13028,2026-08-25,7364.9,Bank,Paid
13029,13029,2025-05-06,4137.8,Bank,Paid
13030,13030,2025-01-15,1314.91,UPI,Paid
13031,13031,2026-03-18,7172.25,Bank,Paid
13032,13032,2025-05-25,4260.49,Wallet,Paid
13033,13033,2025-02-20,1329.92,Card,Paid
13034,13034,2026-03-23,446.94,Card,Paid
13035,13035,2025-10-26,4981.27,UPI,Paid
13036,13036,2025-02-12,484.71,Bank,Paid
13037,13037,2024-04-16,6954.46,Card,Paid
13038,13038,2024-11-02,1932.94,UPI,Paid
13039,13039,2025-08-20,2574.21,UPI,Paid
13040,13040,2025-04-02,7311.81,Card,Paid
13041,13041,2026-07-19,2031.78,UPI,Paid
13042,13042,2026-03-07,1157.43,UPI,Paid
13043,13043,2024-05-05,6979.79,Wallet,Paid
13044,13044,2025-04-20,4249.04,Card,Paid
13045,13045,2024-07-28,1736.44,Card,Paid
13046,13046,2024-05-03,5353.58,Bank,Paid
13047,13047,2025-08-28,841.88,Bank,Paid
13048,13048,2024-07-12,4672.59,Bank,Paid
13049,13049,2025-06-11,3382.34,Card,Failed
13050,13050,2026-05-01,2870.96,UPI,Paid
13051,13051,2024-05-02,647.43,Wallet,Paid
13052,13052,2025-01-24,4963.75,Card,Failed
13053,13053,2024-03-24,3126.77,Wallet,Paid
13054,13054,2024-07-05,75.96,UPI,Paid
13055,13055,2025-05-06,4826.05,Card,Paid
13056,13056,2024-10-03,895.79,Bank,Pending
13057,13057,2025-03-27,7833.66,Card,Paid
13058,13058,2024-08-16,5027.59,UPI,Paid
13059,13059,2025-07-10,7622.81,Card,Paid
13060,13060,2026-05-22,1169.52,Card,Paid
13061,13061,2025-11-23,6778.73,UPI,Paid
13062,13062,2024-03-24,2231.07,UPI,Paid
13063,13063,2026-06-09,1852.56,Card,Paid
13064,13064,2026-05-15,4502.15,Wallet,Paid
13065,13065,2026-08-10,2985.62,Wallet,Paid
13066,13066,2024-01-24,551.29,Wallet,Paid
13067,13067,2025-04-03,5841.98,UPI,Failed
13068,13068,2024-10-03,1936.41,Wallet,Paid
13069,13069,2024-11-07,5787.84,Bank,Failed
13070,13070,2024-05-30,1007.27,Card,Paid
13071,13071,2025-09-01,1585.77,Wallet,Paid
13072,13072,2026-02-04,2010.02,Wallet,Paid
13073,13073,2025-12-26,106.7,Card,Paid
13074,13074,2025-10-24,1458.13,Card,Paid
13075,13075,2025-06-13,3298.5,UPI,Paid
13076,13076,2025-10-05,4861.63,UPI,Paid
13077,13077,2024-10-06,1645.46,Bank,Paid
13078,13078,2024-04-13,3026.74,Bank,Pending
13079,13079,2025-11-29,5294.56,Wallet,Paid
13080,13080,2025-11-29,755.31,Card,Paid
13081,13081,2024-12-23,2503.03,UPI,Paid
13082,13082,2025-05-01,676.88,Bank,Paid
13083,13083,2026-06-17,4512.54,Wallet,Paid
13084,13084,2025-09-28,7023.25,UPI,Paid
13085,13085,2024-01-16,6873.37,Bank,Failed
13086,13086,2024-12-15,5553.99,Card,Paid
13087,13087,2025-10-11,3086.08,Bank,Paid
13088,13088,2024-12-04,405.47,UPI,Paid
13089,13089,2026-07-13,2360.62,Card,Failed
13090,13090,2024-03-12,3543.15,UPI,Paid
13091,13091,2026-01-28,1230.67,Wallet,Paid
13092,13092,2025-10-22,1979.98,Wallet,Paid
13093,13093,2024-01-08,6069.69,Bank,Paid
13094,13094,2026-08-24,541.63,Bank,Paid
13095,13095,2024-04-25,3201.77,Wallet,Paid
13096,13096,2024-09-02,582.3,Bank,Paid
13097,13097,2026-04-18,3290.28,Wallet,Paid
13098,13098,2025-09-03,5692.77,UPI,Paid
13099,13099,2024-11-01,4774.77,Bank,Paid
13100,13100,2026-02-28,4201.97,Card,Paid
13101,13101,2024-12-12,877.44,UPI,Paid
13102,13102,2026-07-11,2400.68,Bank,Paid
13103,13103,2025-07-07,5687.2,Card,Pending
13104,13104,2025-04-06,1637.17,Wallet,Paid
13105,13105,2026-05-20,1642.76,Card,Paid
13106,13106,2024-08-27,6272.57,UPI,Paid
13107,13107,2025-07-25,2179.09,Bank,Paid
13108,13108,2026-05-27,7565.68,Bank,Failed
13109,13109,2024-02-06,2648.57,UPI,Paid
13110,13110,2026-07-10,67.22,Bank,Paid
13111,13111,2025-10-20,611.45,Bank,Failed
13112,13112,2024-02-05,1734.81,UPI,Paid
13113,13113,2026-05-31,3464.58,Wallet,Paid
13114,13114,2025-11-08,478.33,Card,Paid
13115,13115,2024-12-17,2490.77,Bank,Paid
13116,13116,2026-01-10,1938.92,Wallet,Paid
13117,13117,2025-01-28,1066.49,UPI,Paid
13118,13118,2026-02-23,152.59,Card,Paid
13119,13119,2026-01-30,987.37,Bank,Paid
13120,13120,2026-08-13,6508.27,Card,Paid
13121,13121,2025-01-23,2914.15,Wallet,Failed
13122,13122,2026-05-25,2614.41,Card,Paid
13123,13123,2025-06-18,4046.61,Wallet,Paid
13124,13124,2025-11-26,7048.44,Bank,Paid
13125,13125,2024-12-22,138.02,Bank,Paid
13126,13126,2026-05-05,7214.31,Bank,Paid
13127,13127,2025-03-10,3424.6,Bank,Paid
13128,13128,2025-07-15,3031.49,Card,Paid
13129,13129,2025-09-20,4665.74,UPI,Paid
13130,13130,2026-07-01,5166.79,Wallet,Failed
13131,13131,2025-08-21,2301.35,Bank,Paid
13132,13132,2025-09-07,3724.22,Wallet,Paid
13133,13133,2024-11-11,413.97,Bank,Paid
13134,13134,2024-01-02,4002.07,Wallet,Paid
13135,13135,2026-07-25,4139.24,Card,Paid
13136,13136,2025-04-19,2338.97,Card,Paid
13137,13137,2024-09-02,2206.63,Wallet,Paid
13138,13138,2025-10-23,3170.71,UPI,Paid
13139,13139,2024-05-07,2575.46,UPI,Paid
13140,13140,2025-04-02,1182.2,Wallet,Paid
13141,13141,2025-12-03,2325.24,Wallet,Pending
13142,13142,2026-02-25,1186.38,UPI,Paid
13143,13143,2025-03-04,2456.23,Wallet,Paid
13144,13144,2025-08-30,4134.79,UPI,Paid
13145,13145,2025-08-14,1499.11,UPI,Paid
13146,13146,2025-07-15,6706.55,UPI,Paid
13147,13147,2024-08-03,2779.04,Bank,Paid
13148,13148,2025-04-13,5263.98,Card,Paid
13149,13149,2024-04-19,1445.71,Wallet,Pending
13150,13150,2025-10-10,4956.97,Bank,Paid
13151,13151,2026-06-16,2956.5,Wallet,Paid
13152,13152,2025-03-19,5433.46,Card,Paid
13153,13153,2025-04-16,3266.81,Wallet,Paid
13154,13154,2024-03-25,590.35,UPI,Paid
13155,13155,2026-06-03,914.89,Bank,Paid
13156,13156,2024-03-12,4868.97,Card,Paid
13157,13157,2026-04-16,404.24,Card,Paid
13158,13158,2024-11-29,5945.56,Wallet,Paid
13159,13159,2025-02-17,3261.58,UPI,Paid
13160,13160,2024-05-09,2611.97,Card,Paid
13161,13161,2024-12-15,3663.84,Wallet,Paid
13162,13162,2024-08-31,2406.62,UPI,Paid
13163,13163,2024-08-08,3750.4,Wallet,Failed
13164,13164,2025-12-04,1857.71,Bank,Paid
13165,13165,2024-12-25,3999.16,Bank,Paid
13166,13166,2025-07-23,3193.61,Card,Paid
13167,13167,2025-08-19,1929.87,Wallet,Paid
13168,13168,2025-01-05,85.26,Card,Paid
13169,13169,2026-01-06,7287.25,Wallet,Paid
13170,13170,2024-05-03,7038.12,Card,Paid
13171,13171,2024-10-17,635.14,Wallet,Paid
13172,13172,2026-02-02,4213.31,Card,Paid
13173,13173,2024-06-04,8021.7,Bank,Paid
13174,13174,2024-04-10,165.95,Bank,Paid
13175,13175,2024-08-15,706.42,Bank,Paid
13176,13176,2024-08-10,884.44,Bank,Paid
13177,13177,2026-05-01,2831.25,UPI,Paid
13178,13178,2025-02-06,6846.65,Card,Paid
13179,13179,2024-04-23,389.25,Card,Paid
13180,13180,2024-03-22,551.06,Bank,Paid
13181,13181,2024-07-20,1218.98,UPI,Paid
13182,13182,2025-10-03,1389.89,Card,Paid
13183,13183,2025-03-25,7136.24,Card,Paid
13184,13184,2024-04-21,2903.24,Wallet,Paid
13185,13185,2026-08-28,6603.21,Bank,Paid
13186,13186,2024-01-02,2613.03,Bank,Paid
13187,13187,2026-02-03,6551.03,Wallet,Paid
13188,13188,2026-01-30,520.45,Bank,Paid
13189,13189,2024-05-16,2372.03,UPI,Paid
13190,13190,2026-06-01,3114.95,UPI,Paid
13191,13191,2025-03-05,151.88,Wallet,Paid
13192,13192,2025-12-02,921.43,Bank,Paid
13193,13193,2024-07-27,5246.53,Card,Paid
13194,13194,2026-04-17,1637.67,Wallet,Paid
13195,13195,2025-09-24,2689.82,Wallet,Paid
13196,13196,2025-02-19,1291.94,UPI,Paid
13197,13197,2024-02-04,5370.33,Wallet,Paid
13198,13198,2024-01-23,4778.42,Card,Paid
13199,13199,2024-05-10,2510.37,UPI,Paid
13200,13200,2025-03-23,3362.41,UPI,Paid
13201,13201,2026-08-07,2511.05,Bank,Paid
13202,13202,2024-02-11,5046.15,Wallet,Paid
13203,13203,2024-10-20,1285.24,Card,Paid
13204,13204,2026-08-13,9737.26,UPI,Paid
13205,13205,2024-12-09,3008.55,Wallet,Paid
13206,13206,2025-11-03,532.13,Card,Paid
13207,13207,2025-12-28,1951.96,Card,Paid
13208,13208,2025-06-30,4489.89,Card,Pending
13209,13209,2024-10-03,4931.89,Bank,Paid
13210,13210,2026-05-17,3282.73,Card,Paid
13211,13211,2025-01-08,1902.81,Bank,Failed
13212,13212,2024-02-11,2014.11,Card,Paid
13213,13213,2025-10-01,1267.12,Bank,Paid
13214,13214,2025-07-02,1248.48,Bank,Paid
13215,13215,2025-01-08,8492.86,Wallet,Paid
13216,13216,2024-11-30,3593.34,Card,Paid
13217,13217,2026-03-05,7877.06,Card,Paid
13218,13218,2026-06-25,1922.43,Wallet,Paid
13219,13219,2024-11-30,1233.9,Wallet,Paid
13220,13220,2026-05-05,3017.0,UPI,Paid
13221,13221,2025-06-22,3900.0,UPI,Paid
13222,13222,2025-10-05,1650.66,Card,Paid
13223,13223,2024-09-20,5151.06,Wallet,Paid
13224,13224,2025-10-29,2840.28,Card,Paid
13225,13225,2024-08-22,4519.1,UPI,Paid
13226,13226,2024-08-08,1573.23,UPI,Paid
13227,13227,2026-02-19,3451.52,Bank,Paid
13228,13228,2025-09-19,2385.05,Card,Paid
13229,13229,2025-05-07,1112.27,Wallet,Paid
13230,13230,2025-06-29,7063.94,Wallet,Paid
13231,13231,2026-07-22,1631.47,Card,Paid
13232,13232,2024-06-17,2175.55,Card,Paid
13233,13233,2024-01-04,559.53,Card,Paid
13234,13234,2026-01-21,2400.24,Wallet,Paid
13235,13235,2024-04-19,3861.7,Card,Paid
13236,13236,2025-03-06,2025.0,Card,Paid
13237,13237,2025-03-26,4116.87,UPI,Paid
13238,13238,2024-07-21,3614.35,Bank,Paid
13239,13239,2024-12-25,2855.42,Card,Pending
13240,13240,2025-12-06,2930.06,Card,Paid
13241,13241,2024-05-30,488.54,Card,Paid
13242,13242,2026-03-03,6453.01,Wallet,Pending
13243,13243,2024-11-05,1608.23,Card,Paid
13244,13244,2026-04-09,1379.45,Wallet,Paid
13245,13245,2026-02-19,9295.53,Wallet,Paid
13246,13246,2026-05-02,1552.55,Bank,Paid
13247,13247,2024-10-22,842.35,Wallet,Paid
13248,13248,2026-08-16,7021.78,Wallet,Paid
13249,13249,2024-05-11,153.66,Wallet,Paid
13250,13250,2025-01-08,4422.64,UPI,Paid
13251,13251,2026-05-16,5451.33,Wallet,Failed
13252,13252,2024-11-12,2735.25,UPI,Paid
13253,13253,2026-04-30,418.03,Card,Paid
13254,13254,2025-04-04,1413.22,Bank,Paid
13255,13255,2025-01-16,894.99,Wallet,Paid
13256,13256,2024-04-14,3920.79,Card,Paid
13257,13257,2025-09-16,3416.63,Card,Paid
13258,13258,2026-06-27,344.96,Card,Paid
13259,13259,2025-06-10,8116.53,Bank,Paid
13260,13260,2026-04-01,405.41,Card,Paid
13261,13261,2024-02-25,3720.36,Wallet,Paid
13262,13262,2026-06-21,2070.78,Card,Paid
13263,13263,2026-06-02,4983.54,Card,Paid
13264,13264,2026-05-10,3668.74,Card,Paid
13265,13265,2025-07-05,2072.98,Bank,Paid
13266,13266,2024-04-08,4191.38,Wallet,Paid
13267,13267,2025-11-13,3262.12,Card,Paid
13268,13268,2026-08-26,6503.7,Card,Paid
13269,13269,2026-08-26,4877.01,Bank,Paid
13270,13270,2026-02-05,2737.35,UPI,Paid
13271,13271,2024-10-09,4856.58,Bank,Paid
13272,13272,2025-11-20,3903.37,UPI,Paid
13273,13273,2024-08-25,5312.13,Wallet,Paid
13274,13274,2025-09-09,697.7,UPI,Paid
13275,13275,2025-10-13,3435.82,Wallet,Paid
13276,13276,2024-02-05,2331.5,Bank,Paid
13277,13277,2026-07-29,4047.3,UPI,Paid
13278,13278,2024-10-02,4333.44,Bank,Paid
13279,13279,2025-10-20,607.1,UPI,Paid
13280,13280,2024-12-05,2464.44,Bank,Paid
13281,13281,2025-10-22,4006.6,Card,Paid
13282,13282,2024-10-12,6915.44,UPI,Paid
13283,13283,2024-07-15,1009.59,Card,Paid
13284,13284,2025-11-29,49.67,Bank,Paid
13285,13285,2024-12-29,3382.2,Wallet,Paid
13286,13286,2025-12-23,386.59,UPI,Paid
13287,13287,2025-05-03,2424.55,Bank,Paid
13288,13288,2025-03-29,5353.71,Card,Paid
13289,13289,2025-03-27,1478.35,UPI,Paid
13290,13290,2024-08-13,2724.01,Wallet,Paid
13291,13291,2024-07-17,1481.92,Wallet,Paid
13292,13292,2025-02-03,3551.45,Wallet,Paid
13293,13293,2025-06-28,2590.53,Bank,Paid
13294,13294,2024-07-21,3464.21,Bank,Paid
13295,13295,2025-09-18,650.32,UPI,Paid
13296,13296,2025-10-20,3395.39,Card,Paid
13297,13297,2026-04-13,6470.15,UPI,Paid
13298,13298,2026-02-24,2809.25,Card,Paid
13299,13299,2024-10-28,4534.18,Wallet,Paid
13300,13300,2024-01-24,485.43,UPI,Paid
13301,13301,2024-02-27,4342.6,Card,Paid
13302,13302,2025-06-25,3770.16,UPI,Paid
13303,13303,2024-01-14,863.17,Bank,Paid
13304,13304,2025-06-29,7559.96,Wallet,Paid
13305,13305,2026-01-09,574.95,UPI,Paid
13306,13306,2025-01-17,3175.23,Bank,Paid
13307,13307,2024-11-10,4140.15,Wallet,Paid
13308,13308,2024-04-12,3558.66,Wallet,Paid
13309,13309,2024-05-23,2308.86,UPI,Paid
13310,13310,2024-03-02,3376.02,Card,Paid
13311,13311,2025-02-04,6024.32,Bank,Paid
13312,13312,2024-09-30,6502.29,Wallet,Paid
13313,13313,2026-06-22,5147.36,Wallet,Paid
13314,13314,2025-07-03,2048.65,Bank,Paid
13315,13315,2024-04-25,3026.13,Bank,Paid
13316,13316,2025-09-24,4868.82,Bank,Paid
13317,13317,2024-12-06,7732.85,Wallet,Paid
13318,13318,2026-04-12,1020.73,Card,Paid
13319,13319,2025-03-08,4732.77,Card,Paid
13320,13320,2025-10-11,2676.38,Wallet,Paid
13321,13321,2024-12-02,3463.68,UPI,Paid
13322,13322,2024-05-06,2500.67,Card,Paid
13323,13323,2026-06-04,4780.88,Bank,Paid
13324,13324,2025-03-12,550.24,Card,Pending
13325,13325,2025-06-24,2044.83,Wallet,Paid
13326,13326,2026-01-30,1976.95,UPI,Paid
13327,13327,2024-08-28,5114.63,Wallet,Paid
13328,13328,2026-01-30,5372.69,Bank,Paid
13329,13329,2026-03-20,3350.66,Bank,Paid
13330,13330,2024-08-24,2306.21,Wallet,Paid
13331,13331,2024-07-27,3709.93,Card,Paid
13332,13332,2024-11-30,2798.66,Wallet,Paid
13333,13333,2025-10-30,1969.43,Card,Paid
13334,13334,2025-03-18,3097.42,Wallet,Paid
13335,13335,2025-03-03,5210.99,Card,Paid
13336,13336,2025-09-14,4714.62,Card,Paid
13337,13337,2026-07-09,1783.9,Wallet,Paid
13338,13338,2025-12-08,8480.45,Card,Paid
13339,13339,2024-12-09,2134.08,Card,Paid
13340,13340,2024-04-21,3075.08,Card,Paid
13341,13341,2026-03-31,1329.28,Bank,Paid
13342,13342,2026-03-30,6284.06,Wallet,Paid
13343,13343,2025-02-24,465.7,UPI,Paid
13344,13344,2026-04-04,641.71,Bank,Paid
13345,13345,2026-05-28,5153.24,UPI,Paid
13346,13346,2024-08-11,4214.96,UPI,Paid
13347,13347,2025-05-18,2523.09,UPI,Paid
13348,13348,2026-05-28,3845.47,Card,Paid
13349,13349,2025-06-26,2771.6,Card,Paid
13350,13350,2024-01-31,6244.25,Wallet,Paid
13351,13351,2024-06-10,7416.3,UPI,Paid
13352,13352,2025-07-18,1693.37,UPI,Paid
13353,13353,2025-02-06,305.73,UPI,Paid
13354,13354,2026-04-28,167.18,Card,Paid
13355,13355,2024-01-25,2282.73,UPI,Paid
13356,13356,2025-05-04,2864.71,Wallet,Paid
13357,13357,2026-04-25,5645.9,UPI,Pending
13358,13358,2025-10-17,2452.78,Card,Paid
13359,13359,2026-07-10,1532.0,UPI,Paid
13360,13360,2025-03-31,5826.96,Bank,Paid
13361,13361,2025-11-12,630.62,Wallet,Paid
13362,13362,2026-01-05,2842.99,Wallet,Paid
13363,13363,2025-03-26,6437.89,Bank,Paid
13364,13364,2024-10-22,129.61,Bank,Paid
13365,13365,2026-02-11,1373.52,Wallet,Paid
13366,13366,2026-06-09,756.62,Bank,Paid
13367,13367,2024-06-23,2936.48,UPI,Paid
13368,13368,2025-10-18,5598.16,Bank,Paid
13369,13369,2025-09-09,2665.52,UPI,Paid
13370,13370,2026-06-09,2307.51,Card,Paid
13371,13371,2025-10-25,4777.66,Bank,Paid
13372,13372,2024-04-19,1424.1,UPI,Paid
13373,13373,2025-08-26,9092.14,Bank,Paid
13374,13374,2025-12-10,2968.83,Wallet,Paid
13375,13375,2024-01-22,1140.01,Bank,Paid
13376,13376,2025-08-05,4915.75,UPI,Paid
13377,13377,2026-08-11,1592.09,Wallet,Paid
13378,13378,2025-03-29,3074.92,Card,Paid
13379,13379,2026-08-26,2419.8,UPI,Paid
13380,13380,2026-04-29,3903.25,Card,Paid
13381,13381,2025-01-01,1994.09,Card,Paid
13382,13382,2024-04-24,1275.49,Card,Paid
13383,13383,2025-11-29,3138.75,Bank,Paid
13384,13384,2024-08-25,2123.22,Card,Failed
13385,13385,2024-10-10,567.68,Card,Pending
13386,13386,2025-08-23,2524.39,UPI,Paid
13387,13387,2025-12-16,2636.43,Bank,Paid
13388,13388,2026-07-02,1163.08,Wallet,Paid
13389,13389,2024-10-12,5456.49,Card,Paid
13390,13390,2026-06-28,505.83,Wallet,Paid
13391,13391,2024-03-19,2715.3,UPI,Pending
13392,13392,2026-02-16,6421.66,Card,Paid
13393,13393,2026-05-15,1565.33,Card,Paid
13394,13394,2024-10-21,766.41,Card,Paid
13395,13395,2024-07-02,2716.89,Wallet,Paid
13396,13396,2024-07-11,4682.99,Card,Paid
13397,13397,2025-06-07,6844.22,UPI,Paid
13398,13398,2025-06-24,1128.52,Wallet,Paid
13399,13399,2024-03-23,1494.78,Bank,Paid
13400,13400,2024-07-20,3820.21,Wallet,Paid
13401,13401,2024-05-14,1154.18,Wallet,Paid
13402,13402,2026-01-01,1538.96,Card,Paid
13403,13403,2026-08-15,428.2,Wallet,Paid
13404,13404,2024-05-07,3354.44,Bank,Paid
13405,13405,2024-09-08,5261.97,Card,Paid
13406,13406,2025-02-15,6997.64,UPI,Paid
13407,13407,2025-02-06,4551.88,UPI,Paid
13408,13408,2025-06-17,5303.19,UPI,Paid
13409,13409,2026-01-26,8325.74,Wallet,Paid
13410,13410,2024-09-13,5151.8,Card,Paid
13411,13411,2024-07-22,1899.84,Bank,Paid
13412,13412,2025-04-27,5868.7,Wallet,Paid
13413,13413,2026-08-11,3586.81,UPI,Failed
13414,13414,2024-05-15,5206.82,Wallet,Paid
13415,13415,2025-11-19,7062.89,Card,Paid
13416,13416,2026-06-07,3499.38,Card,Paid
13417,13417,2025-03-09,7422.58,UPI,Paid
13418,13418,2025-04-08,2297.37,UPI,Paid
13419,13419,2026-07-21,5187.28,Wallet,Paid
13420,13420,2026-04-15,68.92,Card,Paid
13421,13421,2024-05-29,5566.94,Bank,Paid
13422,13422,2026-04-28,3554.26,Wallet,Paid
13423,13423,2026-07-08,2560.64,UPI,Paid
13424,13424,2024-08-04,3083.48,Bank,Paid
13425,13425,2024-03-29,1800.15,Bank,Failed
13426,13426,2024-06-14,476.8,UPI,Paid
13427,13427,2024-10-09,5238.96,UPI,Paid
13428,13428,2025-02-22,4300.48,Wallet,Paid
13429,13429,2025-04-08,4619.92,Card,Failed
13430,13430,2025-10-26,2036.06,Card,Paid
13431,13431,2026-04-02,234.55,UPI,Pending
13432,13432,2024-12-03,3042.67,Wallet,Paid
13433,13433,2024-07-10,1172.46,Wallet,Paid
13434,13434,2025-02-25,1932.14,Wallet,Paid
13435,13435,2026-02-09,7187.85,Card,Paid
13436,13436,2026-06-04,615.9,Wallet,Paid
13437,13437,2024-07-02,2091.09,UPI,Paid
13438,13438,2024-08-02,707.52,Bank,Paid
13439,13439,2026-02-26,5523.47,Bank,Paid
13440,13440,2026-02-19,1868.41,Wallet,Paid
13441,13441,2024-06-15,3946.26,Wallet,Paid
13442,13442,2025-02-22,9114.35,Wallet,Paid
13443,13443,2026-03-26,3852.44,Card,Pending
13444,13444,2025-04-14,3638.2,Wallet,Paid
13445,13445,2024-07-23,2450.04,Bank,Paid
13446,13446,2024-04-18,2938.71,Card,Paid
13447,13447,2025-09-13,4008.16,UPI,Paid
13448,13448,2026-06-23,2369.75,Card,Paid
13449,13449,2026-05-24,9951.91,Card,Paid
13450,13450,2026-05-28,3520.2,Card,Paid
13451,13451,2026-04-29,1548.36,Bank,Paid
13452,13452,2024-09-22,9010.84,Card,Paid
13453,13453,2024-03-25,5822.89,UPI,Paid
13454,13454,2026-05-19,4440.5,Wallet,Paid
13455,13455,2024-04-29,5472.41,Card,Paid
13456,13456,2024-09-01,228.95,UPI,Paid
13457,13457,2025-02-02,11395.44,UPI,Paid
13458,13458,2024-03-02,2276.66,Card,Failed
13459,13459,2025-11-01,1627.18,Card,Paid
13460,13460,2024-10-11,7354.0,Wallet,Paid
13461,13461,2026-08-02,8903.78,Card,Paid
13462,13462,2025-06-30,3646.09,UPI,Paid
13463,13463,2026-04-11,2944.67,UPI,Pending
13464,13464,2025-03-08,1535.3,UPI,Paid
13465,13465,2024-02-06,1714.44,Bank,Paid
13466,13466,2025-12-28,5375.85,Card,Paid
13467,13467,2026-08-08,2251.65,UPI,Paid
13468,13468,2024-03-07,8320.75,Card,Paid
13469,13469,2024-02-05,4286.3,Card,Paid
13470,13470,2024-11-05,1610.11,Wallet,Failed
13471,13471,2025-07-09,3491.42,Card,Paid
13472,13472,2025-07-04,3431.73,Bank,Pending
13473,13473,2026-05-04,1962.56,Bank,Paid
13474,13474,2025-07-08,576.01,Wallet,Paid
13475,13475,2024-05-07,3312.36,Wallet,Paid
13476,13476,2026-07-21,1591.73,Card,Failed
13477,13477,2025-01-08,2558.36,Card,Paid
13478,13478,2024-05-02,564.8,Card,Paid
13479,13479,2025-01-07,3619.84,Bank,Paid
13480,13480,2026-06-12,2109.61,Wallet,Failed
13481,13481,2024-02-09,3667.27,UPI,Paid
13482,13482,2025-04-23,4716.77,UPI,Paid
13483,13483,2026-06-21,1137.48,UPI,Paid
13484,13484,2026-06-16,2664.8,Wallet,Paid
13485,13485,2025-01-24,4981.98,Wallet,Paid
13486,13486,2024-04-08,1226.74,Bank,Paid
13487,13487,2024-05-10,1622.38,Card,Paid
13488,13488,2026-05-29,1610.74,Wallet,Paid
13489,13489,2025-08-28,8990.21,UPI,Paid
13490,13490,2025-09-15,1224.32,Bank,Paid
13491,13491,2026-04-15,2356.03,Card,Paid
13492,13492,2025-02-13,1741.22,Bank,Paid
13493,13493,2024-04-18,6300.9,Bank,Paid
13494,13494,2025-02-21,838.2,Card,Failed
13495,13495,2024-05-07,4514.79,Card,Paid
13496,13496,2025-04-09,414.76,Wallet,Paid
13497,13497,2026-06-28,3324.49,Wallet,Paid
13498,13498,2026-02-22,1965.96,UPI,Paid
13499,13499,2024-03-14,2422.48,UPI,Pending
13500,13500,2025-10-30,623.7,Card,Pending
13501,13501,2026-03-01,3709.94,UPI,Paid
13502,13502,2025-02-19,2444.1,Card,Paid
13503,13503,2026-04-08,2370.52,UPI,Paid
13504,13504,2024-09-02,5056.99,Bank,Paid
13505,13505,2025-05-14,720.49,Card,Paid
13506,13506,2025-10-02,3815.93,Card,Paid
13507,13507,2024-08-22,4112.05,UPI,Paid
13508,13508,2025-05-13,2178.05,Wallet,Paid
13509,13509,2026-02-07,1724.68,UPI,Paid
13510,13510,2026-01-28,7988.58,Card,Paid
13511,13511,2024-12-02,6812.72,UPI,Paid
13512,13512,2026-03-21,482.83,UPI,Paid
13513,13513,2024-12-19,4274.59,UPI,Paid
13514,13514,2025-01-23,1073.46,Card,Paid
13515,13515,2024-07-03,1948.5,Bank,Paid
13516,13516,2025-05-10,1628.26,UPI,Pending
13517,13517,2026-06-01,239.98,Wallet,Paid
13518,13518,2024-03-21,294.31,Wallet,Paid
13519,13519,2024-06-26,436.01,UPI,Paid
13520,13520,2025-10-05,2260.27,Wallet,Paid
13521,13521,2025-12-16,2983.02,UPI,Paid
13522,13522,2026-04-26,3188.63,UPI,Paid
13523,13523,2025-05-22,2777.43,UPI,Paid
13524,13524,2025-08-20,6137.72,Wallet,Paid
13525,13525,2026-08-09,2063.36,Card,Paid
13526,13526,2026-03-10,705.39,Wallet,Paid
13527,13527,2024-05-04,5434.85,Wallet,Paid
13528,13528,2025-11-24,5010.78,Bank,Paid
13529,13529,2026-06-09,6960.81,Wallet,Paid
13530,13530,2024-07-14,475.61,Bank,Paid
13531,13531,2025-02-15,3050.86,Bank,Paid
13532,13532,2025-05-19,4866.53,UPI,Paid
13533,13533,2025-10-02,5869.42,Bank,Paid
13534,13534,2025-09-17,1782.9,Card,Paid
13535,13535,2025-07-05,6829.52,UPI,Paid
13536,13536,2026-03-22,3496.73,Bank,Paid
13537,13537,2024-02-08,3958.73,UPI,Paid
13538,13538,2025-03-02,449.33,UPI,Failed
13539,13539,2024-11-12,7660.15,Card,Paid
13540,13540,2026-02-27,5360.8,Wallet,Paid
13541,13541,2024-07-08,253.56,UPI,Paid
13542,13542,2024-10-10,4931.71,Card,Paid
13543,13543,2026-06-01,1963.06,UPI,Paid
13544,13544,2026-03-15,2758.4,Bank,Paid
13545,13545,2025-11-20,1354.67,Bank,Paid
13546,13546,2024-01-21,4100.98,Card,Paid
13547,13547,2025-12-27,4041.15,UPI,Paid
13548,13548,2026-07-11,1309.51,UPI,Paid
13549,13549,2024-07-01,4152.31,UPI,Paid
13550,13550,2025-12-04,2828.63,UPI,Paid
13551,13551,2025-01-22,2117.08,Card,Paid
13552,13552,2024-11-06,2339.48,Wallet,Paid
13553,13553,2024-09-10,8935.34,Bank,Paid
13554,13554,2025-04-26,6781.3,Wallet,Paid
13555,13555,2025-12-28,81.95,Bank,Paid
13556,13556,2024-01-01,3552.51,UPI,Paid
13557,13557,2026-04-10,4272.91,Wallet,Failed
13558,13558,2025-01-01,4838.73,Card,Paid
13559,13559,2024-01-08,763.29,Card,Pending
13560,13560,2026-06-21,3104.39,Bank,Paid
13561,13561,2025-03-18,3775.88,UPI,Paid
13562,13562,2026-06-25,3105.96,Bank,Paid
13563,13563,2024-02-18,1665.14,Bank,Paid
13564,13564,2024-04-10,835.67,UPI,Paid
13565,13565,2026-02-21,265.95,UPI,Paid
13566,13566,2024-06-24,2048.82,UPI,Paid
13567,13567,2024-04-01,2035.73,UPI,Paid
13568,13568,2026-04-20,1445.57,Bank,Paid
13569,13569,2026-03-19,1397.3,Wallet,Pending
13570,13570,2025-06-08,1994.88,Bank,Paid
13571,13571,2025-04-30,982.96,UPI,Paid
13572,13572,2024-11-24,4864.51,Wallet,Paid
13573,13573,2024-12-07,2729.65,Bank,Pending
13574,13574,2026-04-04,1616.86,Bank,Paid
13575,13575,2024-10-31,2893.2,Wallet,Paid
13576,13576,2025-03-15,3278.21,Card,Paid
13577,13577,2024-08-20,3082.18,UPI,Paid
13578,13578,2026-04-23,1855.3,UPI,Paid
13579,13579,2025-03-27,7355.93,Bank,Paid
13580,13580,2024-03-21,3482.24,Wallet,Paid
13581,13581,2026-06-17,3262.03,Wallet,Paid
13582,13582,2025-03-09,1708.06,Card,Paid
13583,13583,2024-10-29,1678.63,Wallet,Paid
13584,13584,2024-04-13,2523.45,UPI,Paid
13585,13585,2024-03-19,154.56,UPI,Paid
13586,13586,2024-06-23,1272.72,UPI,Paid
13587,13587,2024-09-09,474.49,UPI,Paid
13588,13588,2025-07-19,2814.44,Card,Paid
13589,13589,2026-05-20,1495.15,Wallet,Paid
13590,13590,2024-03-22,289.72,Wallet,Paid
13591,13591,2025-03-12,6900.38,Wallet,Paid
13592,13592,2025-05-14,5379.28,Wallet,Paid
13593,13593,2024-06-23,110.55,Bank,Paid
13594,13594,2024-07-04,5711.6,Wallet,Paid
13595,13595,2025-01-01,1595.67,Bank,Paid
13596,13596,2026-07-31,2627.36,Card,Paid
13597,13597,2026-03-08,6243.9,Wallet,Paid
13598,13598,2026-06-14,3017.46,Wallet,Paid
13599,13599,2024-07-02,3494.2,UPI,Paid
13600,13600,2026-07-14,3755.97,Bank,Failed
13601,13601,2026-06-17,1449.79,Bank,Paid
13602,13602,2024-06-10,3525.87,UPI,Paid
13603,13603,2025-05-01,4106.24,Bank,Paid
13604,13604,2024-02-15,3773.66,UPI,Paid
13605,13605,2025-08-25,5728.25,Card,Paid
13606,13606,2024-11-22,5718.08,Card,Paid
13607,13607,2026-05-07,6003.54,UPI,Paid
13608,13608,2026-07-30,4440.39,UPI,Paid
13609,13609,2025-11-19,5750.24,Card,Paid
13610,13610,2025-11-18,5096.46,Bank,Paid
13611,13611,2024-08-03,3873.98,UPI,Paid
13612,13612,2025-09-13,2831.63,Bank,Paid
13613,13613,2025-05-15,5083.89,Card,Paid
13614,13614,2024-06-11,3763.04,UPI,Paid
13615,13615,2024-11-25,2052.66,UPI,Paid
13616,13616,2024-08-31,2118.43,Card,Failed
13617,13617,2024-05-23,2870.01,Bank,Paid
13618,13618,2024-05-11,3703.83,Bank,Paid
13619,13619,2025-07-02,2519.34,Wallet,Pending
13620,13620,2025-09-14,2660.4,Bank,Pending
13621,13621,2025-12-28,5220.32,UPI,Paid
13622,13622,2024-02-02,3218.23,UPI,Pending
13623,13623,2025-05-06,3591.83,UPI,Paid
13624,13624,2026-03-16,231.23,Bank,Paid
13625,13625,2026-02-28,2617.1,Card,Paid
13626,13626,2026-02-28,4335.3,Card,Paid
13627,13627,2024-11-13,6139.3,Wallet,Paid
13628,13628,2025-08-18,5018.42,UPI,Paid
13629,13629,2024-09-05,3353.71,UPI,Paid
13630,13630,2025-02-20,3527.53,Wallet,Paid
13631,13631,2026-02-20,2251.37,Wallet,Paid
13632,13632,2026-08-03,99.69,Bank,Paid
13633,13633,2024-02-06,4602.53,Card,Paid
13634,13634,2024-02-11,1760.32,Bank,Paid
13635,13635,2026-01-20,972.23,Card,Paid
13636,13636,2025-08-31,1742.75,UPI,Paid
13637,13637,2025-01-31,578.77,Card,Paid
13638,13638,2026-06-23,1971.97,UPI,Paid
13639,13639,2024-04-04,29.87,Card,Paid
13640,13640,2025-08-16,1462.83,UPI,Paid
13641,13641,2024-01-13,5093.29,Card,Paid
13642,13642,2026-03-06,776.06,Bank,Paid
13643,13643,2025-05-07,3716.86,UPI,Paid
13644,13644,2024-10-01,2358.63,Card,Paid
13645,13645,2024-08-08,1630.31,Card,Paid
13646,13646,2024-01-10,6870.22,Card,Paid
13647,13647,2024-10-04,1043.97,Wallet,Paid
13648,13648,2026-08-24,1439.96,UPI,Paid
13649,13649,2025-12-09,2766.69,Card,Failed
13650,13650,2025-01-30,3883.24,Card,Paid
13651,13651,2024-11-11,4563.17,Wallet,Paid
13652,13652,2025-11-22,4497.67,Card,Paid
13653,13653,2025-12-10,7533.84,UPI,Paid
13654,13654,2024-08-27,1192.14,Bank,Paid
13655,13655,2025-08-28,4067.55,UPI,Paid
13656,13656,2025-02-23,1956.95,Card,Paid
13657,13657,2026-07-10,2038.21,UPI,Paid
13658,13658,2024-07-06,639.24,Wallet,Pending
13659,13659,2024-11-20,2198.14,Wallet,Paid
13660,13660,2025-03-16,741.56,Card,Paid
13661,13661,2025-06-01,4137.44,Bank,Paid
13662,13662,2024-05-20,3267.83,Bank,Paid
13663,13663,2026-04-29,230.55,Bank,Paid
13664,13664,2024-10-05,2635.51,Wallet,Paid
13665,13665,2025-08-08,2284.7,Bank,Paid
13666,13666,2025-06-16,2476.32,Bank,Paid
13667,13667,2025-11-12,898.33,Wallet,Paid
13668,13668,2024-08-19,2951.85,Bank,Paid
13669,13669,2024-03-08,1854.31,UPI,Paid
13670,13670,2026-02-01,3479.82,Card,Paid
13671,13671,2024-01-06,2360.42,UPI,Paid
13672,13672,2024-11-21,5865.33,Wallet,Paid
13673,13673,2025-12-20,153.99,UPI,Paid
13674,13674,2024-11-03,3794.23,UPI,Paid
13675,13675,2025-12-03,6704.26,Bank,Paid
13676,13676,2025-03-06,2129.39,UPI,Paid
13677,13677,2025-12-11,2218.55,Card,Paid
13678,13678,2026-02-07,5978.24,Bank,Paid
13679,13679,2025-03-11,4353.86,Bank,Paid
13680,13680,2025-10-12,6490.16,Bank,Paid
13681,13681,2025-08-29,2062.81,Wallet,Paid
13682,13682,2026-08-01,1627.49,Wallet,Paid
13683,13683,2024-01-29,8197.24,UPI,Paid
13684,13684,2026-03-08,358.28,Card,Paid
13685,13685,2024-04-11,4240.6,Bank,Paid
13686,13686,2026-06-12,1379.31,Bank,Paid
13687,13687,2025-08-08,5222.48,Card,Paid
13688,13688,2025-11-02,237.24,Bank,Paid
13689,13689,2024-12-26,5336.67,Wallet,Paid
13690,13690,2026-03-23,3961.18,Card,Paid
13691,13691,2026-01-29,3327.46,Card,Failed
13692,13692,2024-08-02,2515.69,Card,Paid
13693,13693,2026-08-14,365.03,Wallet,Paid
13694,13694,2026-01-17,2668.91,Bank,Paid
13695,13695,2025-09-01,4326.73,Card,Paid
13696,13696,2025-09-19,5867.52,Wallet,Paid
13697,13697,2025-07-08,3893.23,Bank,Paid
13698,13698,2025-03-31,1123.36,UPI,Paid
13699,13699,2025-05-23,3274.35,UPI,Paid
13700,13700,2025-09-23,3527.02,Bank,Paid
13701,13701,2025-12-09,364.98,UPI,Paid
13702,13702,2026-07-07,900.29,Card,Paid
13703,13703,2024-04-07,6540.16,Bank,Paid
13704,13704,2025-09-10,4251.42,UPI,Paid
13705,13705,2026-07-02,4043.42,Bank,Paid
13706,13706,2025-04-27,2793.45,Bank,Paid
13707,13707,2025-04-18,2878.18,Bank,Paid
13708,13708,2025-10-12,957.23,Wallet,Paid
13709,13709,2024-12-22,885.43,Bank,Paid
13710,13710,2024-11-08,2866.59,UPI,Paid
13711,13711,2024-02-19,6107.9,Card,Paid
13712,13712,2026-03-13,3157.83,Card,Paid
13713,13713,2026-04-30,6784.72,Card,Paid
13714,13714,2026-08-03,1053.34,UPI,Paid
13715,13715,2025-02-23,3494.54,Card,Paid
13716,13716,2024-01-03,3915.29,Wallet,Paid
13717,13717,2024-09-24,4089.67,Wallet,Paid
13718,13718,2025-01-14,5542.46,Card,Paid
13719,13719,2026-06-02,1632.74,Card,Failed
13720,13720,2024-03-06,4422.99,UPI,Paid
13721,13721,2025-03-01,4427.92,Wallet,Paid
13722,13722,2026-05-19,4816.99,Wallet,Paid
13723,13723,2026-06-23,152.17,Bank,Paid
13724,13724,2025-05-22,2228.12,Wallet,Paid
13725,13725,2025-04-25,1315.22,Card,Paid
13726,13726,2024-12-24,4614.06,Wallet,Paid
13727,13727,2026-07-01,5673.53,Card,Paid
13728,13728,2026-07-22,1362.45,Bank,Paid
13729,13729,2025-12-15,2154.46,Wallet,Failed
13730,13730,2025-07-30,5744.14,Card,Paid
13731,13731,2026-08-26,7491.37,Wallet,Paid
13732,13732,2026-01-21,5101.12,Bank,Paid
13733,13733,2024-11-07,1231.17,Card,Paid
13734,13734,2025-03-09,747.42,Card,Paid
13735,13735,2026-03-06,524.14,Card,Paid
13736,13736,2026-05-05,3939.4,Bank,Paid
13737,13737,2026-04-30,1428.85,Bank,Paid
13738,13738,2024-02-10,3114.23,Wallet,Paid
13739,13739,2026-02-12,3937.54,UPI,Paid
13740,13740,2026-05-11,177.39,Bank,Paid
13741,13741,2024-05-26,4172.72,UPI,Failed
13742,13742,2024-05-09,254.65,UPI,Paid
13743,13743,2026-07-09,5075.87,Wallet,Paid
13744,13744,2024-10-30,843.12,Wallet,Paid
13745,13745,2026-07-31,4055.44,UPI,Failed
13746,13746,2025-11-03,2705.98,Wallet,Failed
13747,13747,2024-10-10,3527.13,Bank,Paid
13748,13748,2024-06-13,767.2,UPI,Paid
13749,13749,2024-05-29,6241.35,Bank,Paid
13750,13750,2026-06-09,3372.3,Card,Paid
13751,13751,2026-07-24,3251.09,Card,Paid
13752,13752,2025-08-06,3502.18,Bank,Failed
13753,13753,2025-07-31,1696.72,Bank,Paid
13754,13754,2024-07-15,1071.44,Bank,Paid
13755,13755,2024-05-18,2208.96,Card,Paid
13756,13756,2025-02-11,3535.02,UPI,Paid
13757,13757,2025-10-05,3131.15,Wallet,Paid
13758,13758,2024-11-22,4044.07,Bank,Paid
13759,13759,2025-08-02,2368.76,UPI,Paid
13760,13760,2024-02-22,466.07,UPI,Paid
13761,13761,2025-09-06,3371.26,Wallet,Failed
13762,13762,2026-08-05,3541.21,Wallet,Paid
13763,13763,2026-06-07,3234.66,Bank,Paid
13764,13764,2025-04-15,1158.75,UPI,Paid
13765,13765,2024-11-13,1833.28,Wallet,Failed
13766,13766,2024-08-30,2897.55,Bank,Paid
13767,13767,2026-03-16,4038.9,UPI,Paid
13768,13768,2026-07-26,3381.98,UPI,Paid
13769,13769,2024-04-12,4090.06,Bank,Paid
13770,13770,2024-05-28,2613.76,Bank,Paid
13771,13771,2024-08-25,4626.9,Card,Paid
13772,13772,2024-12-08,4140.31,Card,Paid
13773,13773,2026-01-09,1917.97,UPI,Paid
13774,13774,2025-09-01,7031.82,UPI,Paid
13775,13775,2025-08-14,2730.38,Wallet,Pending
13776,13776,2025-06-08,5134.09,Wallet,Paid
13777,13777,2025-06-11,1145.24,Bank,Paid
13778,13778,2025-06-10,3069.45,Wallet,Paid
13779,13779,2024-02-06,4982.56,UPI,Paid
13780,13780,2024-01-26,1695.02,UPI,Paid
13781,13781,2025-02-07,1398.03,UPI,Paid
13782,13782,2026-03-24,3635.53,UPI,Paid
13783,13783,2026-03-09,1021.83,UPI,Paid
13784,13784,2024-09-06,4100.19,Wallet,Paid
13785,13785,2025-04-10,1000.3,UPI,Paid
13786,13786,2024-04-06,3229.22,Card,Paid
13787,13787,2024-05-28,2876.38,UPI,Paid
13788,13788,2025-03-30,7013.69,Bank,Paid
13789,13789,2025-10-05,2707.75,Card,Paid
13790,13790,2026-04-21,693.08,Bank,Paid
13791,13791,2025-09-23,2320.11,UPI,Paid
13792,13792,2024-08-04,3436.02,UPI,Paid
13793,13793,2024-06-18,6562.6,Wallet,Paid
13794,13794,2025-09-15,382.78,UPI,Paid
13795,13795,2026-02-19,1403.93,Wallet,Paid
13796,13796,2025-09-30,383.09,UPI,Paid
13797,13797,2025-02-18,8759.58,Wallet,Paid
13798,13798,2026-01-12,87.35,Bank,Paid
13799,13799,2025-07-16,3434.15,Card,Paid
13800,13800,2025-06-05,4301.13,Wallet,Paid
13801,13801,2025-09-15,97.18,UPI,Paid
13802,13802,2025-09-07,4736.41,Bank,Paid
13803,13803,2026-07-01,702.67,UPI,Paid
13804,13804,2024-04-20,107.35,Card,Paid
13805,13805,2024-12-30,246.54,Card,Paid
13806,13806,2026-02-11,1183.08,UPI,Paid
13807,13807,2025-03-04,3019.72,UPI,Paid
13808,13808,2024-01-31,6293.14,UPI,Paid
13809,13809,2026-07-12,2200.99,Bank,Paid
13810,13810,2026-04-11,3012.89,Card,Paid
13811,13811,2025-08-26,4804.78,UPI,Paid
13812,13812,2024-12-31,2415.81,Wallet,Paid
13813,13813,2026-08-11,3461.24,Wallet,Paid
13814,13814,2024-07-28,1145.97,UPI,Paid
13815,13815,2024-07-26,337.01,Bank,Paid
13816,13816,2025-05-05,379.67,Bank,Paid
13817,13817,2024-11-26,1170.48,Bank,Paid
13818,13818,2025-12-25,1983.71,Wallet,Paid
13819,13819,2025-05-06,1072.52,UPI,Paid
13820,13820,2024-09-16,5915.56,Bank,Pending
13821,13821,2026-05-23,4716.35,Wallet,Paid
13822,13822,2025-12-11,2136.92,UPI,Paid
13823,13823,2024-01-11,7527.97,Bank,Paid
13824,13824,2025-04-04,4795.49,Card,Paid
13825,13825,2025-03-14,2970.59,UPI,Paid
13826,13826,2025-10-18,4783.28,Wallet,Paid
13827,13827,2024-04-09,1761.67,Wallet,Paid
13828,13828,2024-10-30,930.8,Bank,Paid
13829,13829,2025-11-16,2382.04,Wallet,Paid
13830,13830,2025-11-14,4197.13,UPI,Paid
13831,13831,2026-05-18,684.92,Bank,Paid
13832,13832,2024-04-23,6747.07,Bank,Paid
13833,13833,2024-06-26,480.14,Bank,Paid
13834,13834,2026-06-29,824.75,Card,Paid
13835,13835,2025-08-05,5706.66,Wallet,Paid
13836,13836,2026-02-27,3386.02,Wallet,Paid
13837,13837,2026-02-17,1314.45,Card,Pending
13838,13838,2025-07-23,735.14,Card,Paid
13839,13839,2025-05-10,2632.32,UPI,Paid
13840,13840,2026-06-12,1127.96,Bank,Paid
13841,13841,2024-09-03,4336.14,Bank,Paid
13842,13842,2025-03-02,315.67,UPI,Paid
13843,13843,2024-05-23,3000.66,Card,Paid
13844,13844,2025-09-09,711.55,Bank,Paid
13845,13845,2024-06-30,2629.97,UPI,Paid
13846,13846,2025-07-11,4753.26,Bank,Paid
13847,13847,2025-08-26,5891.41,UPI,Paid
13848,13848,2024-04-25,3282.5,Card,Paid
13849,13849,2025-05-21,4930.7,Bank,Paid
13850,13850,2025-03-05,198.73,Card,Paid
13851,13851,2024-12-02,678.04,Card,Paid
13852,13852,2024-05-04,4560.88,UPI,Paid
13853,13853,2026-01-28,4805.74,Wallet,Paid
13854,13854,2024-08-29,1606.23,UPI,Paid
13855,13855,2025-10-10,918.87,UPI,Paid
13856,13856,2024-02-12,1958.47,Wallet,Paid
13857,13857,2024-11-03,1121.57,UPI,Paid
13858,13858,2026-05-10,2917.78,UPI,Paid
13859,13859,2025-09-27,3104.81,Bank,Paid
13860,13860,2025-06-01,885.12,Wallet,Failed
13861,13861,2025-02-11,630.82,Bank,Paid
13862,13862,2025-02-16,603.23,Bank,Paid
13863,13863,2026-04-20,293.94,Card,Paid
13864,13864,2026-04-17,5539.86,Card,Paid
13865,13865,2025-06-21,669.58,Card,Paid
13866,13866,2025-07-31,2618.18,Bank,Paid
13867,13867,2024-06-03,7708.82,UPI,Paid
13868,13868,2024-09-12,2503.21,Card,Pending
13869,13869,2024-09-20,2654.76,Card,Paid
13870,13870,2024-04-28,4071.25,UPI,Paid
13871,13871,2025-05-08,1898.55,Bank,Paid
13872,13872,2025-02-05,2654.76,Bank,Paid
13873,13873,2026-05-29,4367.77,Wallet,Paid
13874,13874,2025-03-12,5470.44,UPI,Paid
13875,13875,2025-03-15,6816.67,UPI,Failed
13876,13876,2026-03-29,2048.26,Bank,Paid
13877,13877,2025-11-26,2025.91,UPI,Paid
13878,13878,2025-09-05,4404.27,Wallet,Paid
13879,13879,2025-02-08,5166.59,Bank,Paid
13880,13880,2025-10-19,8338.03,Wallet,Paid
13881,13881,2026-04-23,9889.04,Card,Paid
13882,13882,2026-04-17,605.9,UPI,Paid
13883,13883,2024-04-20,1440.48,Bank,Paid
13884,13884,2026-08-18,5601.06,Bank,Paid
13885,13885,2024-04-26,3671.32,Card,Paid
13886,13886,2024-04-02,2929.13,Card,Paid
13887,13887,2024-02-20,1569.77,Wallet,Paid
13888,13888,2024-05-14,1948.52,Wallet,Paid
13889,13889,2024-05-15,3395.62,Card,Paid
13890,13890,2025-02-19,2508.14,Wallet,Paid
13891,13891,2025-10-16,1974.84,Bank,Paid
13892,13892,2025-08-30,178.55,UPI,Paid
13893,13893,2026-07-05,5620.47,Bank,Paid
13894,13894,2025-06-29,890.79,UPI,Paid
13895,13895,2024-05-28,2481.0,Card,Paid
13896,13896,2026-05-01,1125.19,Card,Paid
13897,13897,2026-01-23,86.13,Bank,Paid
13898,13898,2026-06-14,5128.7,Card,Paid
13899,13899,2025-11-10,1533.94,Card,Paid
13900,13900,2025-02-04,5940.21,Wallet,Paid
13901,13901,2025-06-27,1712.54,Bank,Paid
13902,13902,2026-07-09,4073.58,Bank,Paid
13903,13903,2024-03-02,9081.58,Card,Paid
13904,13904,2025-12-27,4599.08,Card,Paid
13905,13905,2026-07-26,3804.91,Card,Failed
13906,13906,2024-10-24,6628.74,UPI,Paid
13907,13907,2026-06-07,915.74,Bank,Paid
13908,13908,2024-05-12,1165.42,Wallet,Paid
13909,13909,2025-03-15,2577.92,Card,Paid
13910,13910,2025-05-28,593.14,UPI,Paid
13911,13911,2024-07-23,1889.87,Bank,Paid
13912,13912,2024-09-15,6824.53,Card,Paid
13913,13913,2026-08-02,1957.72,UPI,Paid
13914,13914,2025-01-15,3657.26,Bank,Paid
13915,13915,2025-10-30,4391.01,Card,Paid
13916,13916,2024-09-23,3595.23,Wallet,Paid
13917,13917,2024-08-24,1656.09,Wallet,Paid
13918,13918,2025-07-01,2167.13,Card,Paid
13919,13919,2026-07-10,4143.49,UPI,Pending
13920,13920,2026-02-09,4929.96,Card,Paid
13921,13921,2025-08-10,3492.12,Wallet,Paid
13922,13922,2025-01-10,4263.31,UPI,Paid
13923,13923,2026-02-13,796.77,UPI,Paid
13924,13924,2024-03-05,5008.18,Bank,Pending
13925,13925,2024-03-01,3287.47,Card,Paid
13926,13926,2026-08-11,1226.69,Wallet,Paid
13927,13927,2024-12-29,2044.0,Bank,Pending
13928,13928,2025-03-09,4173.29,UPI,Paid
13929,13929,2024-02-20,4510.09,Wallet,Paid
13930,13930,2025-01-13,2506.48,UPI,Paid
13931,13931,2024-01-01,5407.42,UPI,Paid
13932,13932,2025-07-13,911.71,UPI,Paid
13933,13933,2025-07-11,3861.58,Card,Paid
13934,13934,2026-05-29,1072.49,Card,Paid
13935,13935,2024-09-07,1080.5,UPI,Paid
13936,13936,2026-02-26,4795.83,UPI,Paid
13937,13937,2024-08-18,814.74,Card,Failed
13938,13938,2026-06-15,3742.37,Bank,Paid
13939,13939,2024-05-03,4146.13,Card,Paid
13940,13940,2025-01-27,603.16,Bank,Paid
13941,13941,2025-02-13,3379.92,Wallet,Paid
13942,13942,2025-10-19,3746.94,Wallet,Paid
13943,13943,2026-08-11,2705.11,Bank,Failed
13944,13944,2025-07-12,10502.29,Wallet,Paid
13945,13945,2025-05-31,6218.5,Wallet,Paid
13946,13946,2026-05-09,3053.92,UPI,Paid
13947,13947,2026-05-03,6769.68,Card,Paid
13948,13948,2024-07-24,2124.62,Bank,Paid
13949,13949,2025-03-29,3002.75,Wallet,Paid
13950,13950,2024-03-15,6036.03,Card,Paid
13951,13951,2026-01-21,2861.03,Bank,Paid
13952,13952,2025-03-09,3136.57,Wallet,Paid
13953,13953,2024-06-25,407.99,Wallet,Paid
13954,13954,2025-07-05,3838.44,Card,Paid
13955,13955,2026-06-10,3692.32,Wallet,Paid
13956,13956,2024-02-01,4059.7,Card,Paid
13957,13957,2024-02-14,6485.39,Wallet,Pending
13958,13958,2024-10-05,1641.73,Bank,Paid
13959,13959,2024-07-30,2001.53,UPI,Paid
13960,13960,2024-02-01,1560.58,Card,Paid
13961,13961,2024-07-23,3333.22,Bank,Paid
13962,13962,2026-01-22,3572.23,Wallet,Paid
13963,13963,2024-06-06,6932.49,UPI,Paid
13964,13964,2024-12-21,2364.9,UPI,Paid
13965,13965,2025-03-19,3595.27,Wallet,Paid
13966,13966,2025-06-26,1373.03,Wallet,Paid
13967,13967,2024-05-04,1427.54,Wallet,Paid
13968,13968,2025-03-06,1314.66,UPI,Paid
13969,13969,2024-07-15,2923.55,UPI,Paid
13970,13970,2024-04-21,6252.34,Card,Paid
13971,13971,2024-02-22,1485.15,Card,Paid
13972,13972,2025-08-17,4282.96,Wallet,Paid
13973,13973,2024-10-24,9300.87,Wallet,Paid
13974,13974,2024-05-24,2139.02,Bank,Paid
13975,13975,2026-08-02,1895.07,Bank,Failed
13976,13976,2026-05-29,2317.24,Bank,Paid
13977,13977,2025-11-20,4280.17,Bank,Paid
13978,13978,2026-06-30,5202.82,Card,Paid
13979,13979,2024-03-20,5714.95,Card,Paid
13980,13980,2024-07-09,1711.07,Wallet,Paid
13981,13981,2026-07-11,4260.55,UPI,Pending
13982,13982,2025-09-08,4067.19,UPI,Paid
13983,13983,2024-03-07,1684.3,Wallet,Failed
13984,13984,2024-10-06,884.15,Wallet,Paid
13985,13985,2026-04-17,329.98,Bank,Paid
13986,13986,2025-07-14,1704.71,UPI,Paid
13987,13987,2026-04-22,827.71,Bank,Paid
13988,13988,2025-06-14,4685.93,UPI,Paid
13989,13989,2026-04-15,2042.15,Bank,Paid
13990,13990,2026-01-02,7002.15,Bank,Paid
13991,13991,2026-03-21,5056.01,Bank,Paid
13992,13992,2026-07-22,6927.22,Wallet,Paid
13993,13993,2024-07-27,1800.89,Bank,Paid
13994,13994,2025-11-17,3980.79,UPI,Paid
13995,13995,2025-10-04,4386.39,UPI,Paid
13996,13996,2025-05-24,5719.23,Card,Paid
13997,13997,2025-09-19,6317.47,Card,Paid
13998,13998,2026-05-13,459.7,Card,Failed
13999,13999,2025-09-02,1203.81,Bank,Paid
14000,14000,2025-11-19,2915.32,Card,Paid
14001,14001,2026-02-13,3905.9,Wallet,Paid
14002,14002,2025-03-10,685.82,Bank,Paid
14003,14003,2026-07-07,9421.17,Bank,Paid
14004,14004,2024-06-03,259.7,Bank,Paid
14005,14005,2026-02-14,8071.1,Card,Paid
14006,14006,2024-08-27,3935.08,Card,Paid
14007,14007,2024-01-11,1517.32,Bank,Paid
14008,14008,2026-07-20,4291.49,Wallet,Paid
14009,14009,2024-09-11,1824.56,Wallet,Paid
14010,14010,2025-10-05,3043.53,Wallet,Paid
14011,14011,2024-09-18,2574.3,Card,Paid
14012,14012,2026-04-30,411.24,UPI,Paid
14013,14013,2024-12-05,574.4,Wallet,Failed
14014,14014,2024-04-20,3290.43,Bank,Paid
14015,14015,2026-01-04,3219.34,Bank,Paid
14016,14016,2025-03-19,1268.7,UPI,Paid
14017,14017,2026-06-12,5067.17,Wallet,Paid
14018,14018,2026-06-28,2009.28,Bank,Paid
14019,14019,2024-04-07,942.91,Card,Paid
14020,14020,2024-04-28,6270.53,UPI,Paid
14021,14021,2025-03-28,1108.82,UPI,Paid
14022,14022,2025-06-08,3207.26,UPI,Paid
14023,14023,2024-10-19,627.47,UPI,Paid
14024,14024,2025-04-21,3624.42,Wallet,Paid
14025,14025,2026-06-07,4025.88,UPI,Paid
14026,14026,2026-04-24,1408.18,Card,Paid
14027,14027,2024-07-07,1750.45,UPI,Paid
14028,14028,2026-04-19,2113.4,Bank,Paid
14029,14029,2024-11-22,3302.3,Bank,Pending
14030,14030,2024-09-10,669.16,Card,Paid
14031,14031,2024-05-15,5882.99,Card,Paid
14032,14032,2025-09-09,361.77,Card,Paid
14033,14033,2024-08-26,784.99,Bank,Paid
14034,14034,2026-07-02,4517.26,Bank,Paid
14035,14035,2026-01-31,3616.09,Wallet,Paid
14036,14036,2025-07-21,3164.19,Wallet,Paid
14037,14037,2025-03-30,3769.27,Bank,Paid
14038,14038,2026-05-10,3311.21,Bank,Paid
14039,14039,2025-02-17,5458.28,Wallet,Pending
14040,14040,2025-05-30,4485.19,Card,Paid
14041,14041,2025-03-25,1083.48,Wallet,Paid
14042,14042,2025-06-16,4654.39,UPI,Pending
14043,14043,2026-01-19,5052.93,UPI,Paid
14044,14044,2024-02-03,3362.41,Bank,Paid
14045,14045,2026-05-16,259.07,Card,Paid
14046,14046,2025-02-15,1129.83,Bank,Paid
14047,14047,2026-04-11,4327.21,Bank,Paid
14048,14048,2024-12-04,1447.79,Bank,Paid
14049,14049,2026-02-02,2122.47,Card,Paid
14050,14050,2025-08-05,6314.6,Wallet,Paid
14051,14051,2024-04-07,3183.32,Bank,Paid
14052,14052,2024-09-12,1147.83,Card,Paid
14053,14053,2025-05-24,3654.95,Wallet,Paid
14054,14054,2024-06-15,2253.88,UPI,Failed
14055,14055,2025-03-09,1863.2,UPI,Paid
14056,14056,2026-07-13,1215.67,Bank,Paid
14057,14057,2026-01-05,2645.37,Bank,Failed
14058,14058,2024-11-10,4724.04,Bank,Paid
14059,14059,2024-03-05,2457.29,Bank,Paid
14060,14060,2025-08-24,543.03,Bank,Paid
14061,14061,2025-04-18,4728.15,Card,Paid
14062,14062,2026-02-26,679.41,UPI,Paid
14063,14063,2025-05-01,2599.36,Bank,Pending
14064,14064,2024-01-29,1185.36,Card,Paid
14065,14065,2026-02-21,2682.01,Bank,Paid
14066,14066,2025-12-11,752.77,Bank,Failed
14067,14067,2024-12-29,4538.31,UPI,Paid
14068,14068,2024-07-03,832.75,Bank,Paid
14069,14069,2025-07-04,3189.1,Wallet,Paid
14070,14070,2024-02-18,2263.31,Wallet,Paid
14071,14071,2024-01-02,2127.11,Card,Paid
14072,14072,2025-05-19,7216.35,Card,Failed
14073,14073,2025-02-20,2105.89,Wallet,Paid
14074,14074,2024-08-16,2135.88,Bank,Paid
14075,14075,2026-05-30,8854.88,UPI,Paid
14076,14076,2026-05-13,1795.18,Bank,Failed
14077,14077,2024-10-22,5713.57,Card,Failed
14078,14078,2025-10-25,1465.7,Card,Paid
14079,14079,2026-05-13,2453.56,Wallet,Paid
14080,14080,2024-01-23,9782.53,UPI,Paid
14081,14081,2025-12-28,8211.12,Wallet,Paid
14082,14082,2025-09-21,2685.74,UPI,Paid
14083,14083,2026-04-12,524.58,Wallet,Failed
14084,14084,2026-08-02,823.4,Card,Paid
14085,14085,2024-08-29,1669.8,Wallet,Paid
14086,14086,2025-05-27,4044.47,Card,Paid
14087,14087,2024-11-13,4233.45,Wallet,Paid
14088,14088,2024-07-15,570.86,Card,Paid
14089,14089,2025-12-22,898.09,Wallet,Paid
14090,14090,2024-06-03,992.45,Wallet,Paid
14091,14091,2026-03-03,5553.55,Card,Paid
14092,14092,2026-01-16,2127.9,UPI,Paid
14093,14093,2024-08-22,4648.75,UPI,Paid
14094,14094,2024-12-22,4865.79,Bank,Paid
14095,14095,2025-11-03,3753.73,UPI,Paid
14096,14096,2024-03-01,7676.42,UPI,Paid
14097,14097,2026-04-17,4256.23,Wallet,Paid
14098,14098,2024-11-08,2363.81,UPI,Paid
14099,14099,2024-07-28,4836.16,Bank,Paid
14100,14100,2026-02-08,219.14,Card,Failed
14101,14101,2025-08-26,9840.92,Bank,Paid
14102,14102,2026-05-19,2583.76,Bank,Failed
14103,14103,2024-03-17,1654.41,Bank,Paid
14104,14104,2024-09-27,3094.0,Bank,Paid
14105,14105,2026-08-18,517.95,Bank,Paid
14106,14106,2024-04-06,5554.73,Bank,Paid
14107,14107,2026-02-20,4526.68,Wallet,Pending
14108,14108,2024-12-04,4305.8,Card,Paid
14109,14109,2026-02-01,5720.56,UPI,Paid
14110,14110,2025-06-01,1383.41,Wallet,Paid
14111,14111,2025-01-04,953.7,UPI,Paid
14112,14112,2025-10-11,1326.66,Bank,Pending
14113,14113,2024-04-01,1706.94,Card,Paid
14114,14114,2024-11-30,1574.2,Wallet,Paid
14115,14115,2024-06-05,1257.98,UPI,Failed
14116,14116,2024-05-20,1979.67,UPI,Paid
14117,14117,2024-10-25,4307.87,UPI,Paid
14118,14118,2026-03-03,9019.9,Wallet,Paid
14119,14119,2025-06-06,1431.53,UPI,Paid
14120,14120,2025-07-27,840.95,UPI,Paid
14121,14121,2024-03-03,1497.51,Wallet,Pending
14122,14122,2026-04-29,912.15,Card,Paid
14123,14123,2025-04-15,3403.24,UPI,Paid
14124,14124,2026-07-13,788.65,UPI,Paid
14125,14125,2026-02-25,1386.35,Wallet,Paid
14126,14126,2025-02-07,4554.78,Bank,Paid
14127,14127,2025-02-24,2425.32,Bank,Failed
14128,14128,2025-06-13,5627.73,Bank,Paid
14129,14129,2025-04-23,959.84,Wallet,Paid
14130,14130,2025-12-05,5192.11,Wallet,Paid
14131,14131,2026-01-25,4694.85,Wallet,Paid
14132,14132,2024-05-23,560.9,Card,Paid
14133,14133,2026-03-17,7412.35,Card,Paid
14134,14134,2024-07-05,1063.02,Bank,Paid
14135,14135,2024-09-08,2269.05,Bank,Paid
14136,14136,2025-10-07,424.84,UPI,Failed
14137,14137,2024-08-15,4360.18,UPI,Paid
14138,14138,2024-06-02,1632.71,UPI,Paid
14139,14139,2025-07-14,2959.8,Card,Paid
14140,14140,2024-05-30,1149.48,Card,Pending
14141,14141,2025-01-03,2330.63,Bank,Paid
14142,14142,2026-07-02,2672.46,Bank,Paid
14143,14143,2025-04-23,1474.25,UPI,Paid
14144,14144,2024-06-21,3876.68,Card,Paid
14145,14145,2026-08-04,1828.82,Bank,Paid
14146,14146,2024-08-06,3333.09,Card,Pending
14147,14147,2024-11-18,2747.52,Wallet,Paid
14148,14148,2024-03-15,133.46,Bank,Paid
14149,14149,2026-08-27,4650.98,Wallet,Paid
14150,14150,2026-04-10,5334.82,UPI,Paid
14151,14151,2024-08-19,1735.18,Wallet,Paid
14152,14152,2025-06-27,3714.2,UPI,Paid
14153,14153,2025-03-22,1724.83,Card,Paid
14154,14154,2024-07-29,1548.99,UPI,Paid
14155,14155,2026-07-06,782.21,Bank,Paid
14156,14156,2024-05-11,485.25,UPI,Paid
14157,14157,2026-03-23,7049.99,UPI,Paid
14158,14158,2025-07-30,5391.5,Wallet,Paid
14159,14159,2024-04-19,4206.69,Wallet,Paid
14160,14160,2025-01-23,4134.24,UPI,Failed
14161,14161,2024-06-21,3636.42,Card,Paid
14162,14162,2024-03-07,2671.55,Bank,Paid
14163,14163,2026-08-15,6187.41,UPI,Paid
14164,14164,2024-04-17,1523.47,Wallet,Paid
14165,14165,2024-10-02,4920.83,UPI,Paid
14166,14166,2025-03-16,2590.38,Card,Paid
14167,14167,2025-02-03,1365.78,Card,Paid
14168,14168,2026-05-10,2126.56,Wallet,Paid
14169,14169,2024-10-12,6775.36,Card,Paid
14170,14170,2024-02-12,234.64,Wallet,Paid
14171,14171,2026-01-20,4531.66,UPI,Paid
14172,14172,2025-03-07,315.1,Bank,Paid
14173,14173,2025-03-17,2887.23,UPI,Paid
14174,14174,2025-08-11,605.81,Wallet,Paid
14175,14175,2026-06-06,1447.83,Bank,Paid
14176,14176,2026-04-07,1031.18,UPI,Paid
14177,14177,2026-03-13,4376.94,Card,Paid
14178,14178,2024-04-05,3363.53,UPI,Paid
14179,14179,2026-07-06,3604.26,Wallet,Paid
14180,14180,2026-02-23,6568.27,UPI,Paid
14181,14181,2025-08-17,6531.85,Bank,Paid
14182,14182,2024-05-21,198.74,Wallet,Paid
14183,14183,2025-05-12,5957.7,Bank,Paid
14184,14184,2024-12-05,2541.57,Card,Failed
14185,14185,2026-05-14,1149.53,UPI,Paid
14186,14186,2025-09-20,4581.38,Bank,Paid
14187,14187,2026-05-01,3295.94,Card,Failed
14188,14188,2024-07-11,2982.3,Wallet,Paid
14189,14189,2026-01-13,4198.59,Wallet,Paid
14190,14190,2024-08-04,4857.25,Bank,Paid
14191,14191,2024-12-28,2384.44,Bank,Paid
14192,14192,2025-10-10,6160.81,Bank,Paid
14193,14193,2024-11-11,3522.31,UPI,Paid
14194,14194,2025-03-09,2430.92,Wallet,Paid
14195,14195,2024-06-08,2772.5,Card,Paid
14196,14196,2024-03-10,3633.22,UPI,Paid
14197,14197,2025-12-31,1533.24,Card,Failed
14198,14198,2026-05-20,3850.58,Wallet,Paid
14199,14199,2025-11-10,3835.78,Wallet,Paid
14200,14200,2025-02-24,5551.67,UPI,Paid
14201,14201,2024-02-05,7704.34,Card,Paid
14202,14202,2024-02-11,1972.61,Card,Paid
14203,14203,2024-06-23,7805.59,Wallet,Paid
14204,14204,2025-09-04,3530.47,UPI,Paid
14205,14205,2026-03-03,5508.53,Card,Failed
14206,14206,2025-08-13,1590.24,Bank,Paid
14207,14207,2026-06-30,1680.73,UPI,Paid
14208,14208,2026-06-24,910.79,Bank,Paid
14209,14209,2026-05-21,6467.36,UPI,Paid
14210,14210,2026-02-09,4110.41,Card,Paid
14211,14211,2026-08-11,555.41,Card,Paid
14212,14212,2025-07-17,9403.59,Card,Paid
14213,14213,2025-10-29,7257.52,Card,Paid
14214,14214,2026-01-06,5095.62,Card,Paid
14215,14215,2024-05-07,5219.42,Wallet,Paid
14216,14216,2024-01-03,3218.95,UPI,Pending
14217,14217,2025-11-10,889.72,Bank,Paid
14218,14218,2026-03-10,5026.82,Wallet,Paid
14219,14219,2024-05-29,7094.14,Wallet,Paid
14220,14220,2026-08-14,3319.79,Bank,Paid
14221,14221,2024-01-01,2259.58,Bank,Failed
14222,14222,2025-11-29,1251.26,Wallet,Paid
14223,14223,2025-02-23,1356.51,Bank,Failed
14224,14224,2024-11-05,2713.05,Card,Paid
14225,14225,2024-12-24,221.54,Wallet,Paid
14226,14226,2026-07-24,3687.88,Card,Paid
14227,14227,2026-04-09,3025.9,UPI,Paid
14228,14228,2024-09-20,4567.3,Card,Paid
14229,14229,2024-11-17,5445.74,Bank,Paid
14230,14230,2025-06-12,3778.97,Card,Paid
14231,14231,2026-04-11,6980.66,Wallet,Paid
14232,14232,2026-05-10,1456.19,Wallet,Paid
14233,14233,2024-05-25,3073.07,Wallet,Paid
14234,14234,2024-03-28,470.29,Card,Paid
14235,14235,2025-01-09,4634.68,Card,Paid
14236,14236,2024-03-11,3548.41,Bank,Pending
14237,14237,2026-04-20,9624.48,Card,Paid
14238,14238,2025-08-09,2647.0,Card,Paid
14239,14239,2024-12-22,1771.77,Bank,Paid
14240,14240,2026-01-25,160.68,UPI,Paid
14241,14241,2024-07-18,1628.34,UPI,Paid
14242,14242,2026-02-02,660.38,Card,Paid
14243,14243,2025-01-16,5360.73,Card,Paid
14244,14244,2024-12-22,2284.6,Bank,Paid
14245,14245,2024-07-18,2974.77,UPI,Paid
14246,14246,2026-07-27,246.31,Wallet,Paid
14247,14247,2024-12-12,2539.85,Card,Paid
14248,14248,2025-01-22,3904.25,Card,Paid
14249,14249,2025-11-13,7208.68,UPI,Paid
14250,14250,2024-07-22,600.43,Bank,Paid
14251,14251,2024-09-14,2399.28,UPI,Paid
14252,14252,2026-01-28,2918.54,Bank,Paid
14253,14253,2026-01-30,156.02,Card,Paid
14254,14254,2026-02-03,3419.48,Card,Paid
14255,14255,2024-05-27,1496.4,Card,Paid
14256,14256,2024-10-17,2598.96,Card,Paid
14257,14257,2025-12-24,1569.99,Bank,Paid
14258,14258,2025-06-21,3281.74,Card,Paid
14259,14259,2025-03-19,3031.58,Bank,Paid
14260,14260,2024-11-05,5144.83,Card,Paid
14261,14261,2024-03-26,6615.77,UPI,Paid
14262,14262,2026-05-15,6150.33,Wallet,Paid
14263,14263,2025-10-23,635.1,UPI,Paid
14264,14264,2025-03-16,3019.51,Wallet,Paid
14265,14265,2024-01-27,3280.59,Bank,Paid
14266,14266,2025-10-16,4577.17,Wallet,Paid
14267,14267,2024-12-18,1206.48,UPI,Paid
14268,14268,2026-01-12,2279.56,UPI,Paid
14269,14269,2026-02-19,2631.59,Bank,Paid
14270,14270,2024-09-12,773.87,Wallet,Paid
14271,14271,2024-12-02,4528.11,Wallet,Paid
14272,14272,2025-08-27,1027.2,Bank,Paid
14273,14273,2025-11-06,4352.96,UPI,Paid
14274,14274,2025-06-23,1720.15,Card,Paid
14275,14275,2026-06-13,2577.89,Card,Paid
14276,14276,2024-08-03,6141.02,Card,Paid
14277,14277,2025-05-26,5060.68,Card,Paid
14278,14278,2025-03-08,4283.94,Wallet,Paid
14279,14279,2026-04-16,1847.3,Wallet,Paid
14280,14280,2026-03-06,939.88,UPI,Paid
14281,14281,2024-05-23,366.59,Wallet,Paid
14282,14282,2024-07-20,7371.03,UPI,Paid
14283,14283,2025-12-04,1688.33,UPI,Paid
14284,14284,2026-07-29,1348.33,UPI,Paid
14285,14285,2024-05-14,7922.17,Bank,Pending
14286,14286,2025-09-21,493.79,UPI,Paid
14287,14287,2026-04-02,3318.68,UPI,Paid
14288,14288,2025-09-13,2183.77,Card,Paid
14289,14289,2025-08-26,1577.52,Bank,Paid
14290,14290,2025-01-10,4875.1,UPI,Paid
14291,14291,2026-04-17,337.27,Bank,Paid
14292,14292,2026-07-17,1994.95,Card,Paid
14293,14293,2026-03-28,1140.59,Wallet,Paid
14294,14294,2025-05-04,2110.28,Card,Paid
14295,14295,2025-04-15,4659.51,UPI,Paid
14296,14296,2026-07-26,5424.9,Bank,Pending
14297,14297,2025-08-17,1923.82,Card,Paid
14298,14298,2026-06-10,3990.74,Wallet,Pending
14299,14299,2026-08-14,4187.62,Bank,Paid
14300,14300,2026-06-23,3471.35,Wallet,Paid
14301,14301,2026-07-12,1542.2,Card,Paid
14302,14302,2024-03-03,4486.96,Wallet,Paid
14303,14303,2024-12-01,3634.46,Wallet,Paid
14304,14304,2026-05-03,6797.96,Wallet,Paid
14305,14305,2025-01-31,4020.8,UPI,Failed
14306,14306,2026-04-17,4390.9,Wallet,Paid
14307,14307,2025-07-28,3273.34,UPI,Paid
14308,14308,2026-02-13,4749.82,Card,Paid
14309,14309,2026-03-25,3132.38,Wallet,Paid
14310,14310,2026-08-09,1021.78,UPI,Paid
14311,14311,2024-10-05,1524.12,Bank,Paid
14312,14312,2025-01-18,979.06,Card,Paid
14313,14313,2026-08-26,5376.07,Bank,Paid
14314,14314,2025-05-04,4373.66,Bank,Pending
14315,14315,2026-04-12,2315.34,UPI,Paid
14316,14316,2024-10-26,2245.63,Bank,Paid
14317,14317,2024-03-01,3630.51,Wallet,Paid
14318,14318,2025-10-31,423.23,Card,Paid
14319,14319,2024-01-24,591.95,Card,Paid
14320,14320,2026-07-06,6445.72,UPI,Paid
14321,14321,2025-01-01,495.89,Card,Paid
14322,14322,2026-01-02,718.09,Wallet,Paid
14323,14323,2025-03-27,2045.62,Bank,Paid
14324,14324,2025-05-24,970.07,Bank,Paid
14325,14325,2025-12-20,3155.56,Wallet,Failed
14326,14326,2024-12-10,2509.25,Card,Paid
14327,14327,2025-05-01,8888.21,Wallet,Pending
14328,14328,2026-01-03,7248.56,UPI,Paid
14329,14329,2026-05-06,3652.6,Card,Paid
14330,14330,2025-02-22,5812.13,Bank,Paid
14331,14331,2024-07-04,5695.21,Bank,Paid
14332,14332,2024-08-19,2467.06,UPI,Paid
14333,14333,2024-05-30,7124.61,UPI,Paid
14334,14334,2024-03-11,5175.31,UPI,Paid
14335,14335,2025-03-31,4118.05,Card,Paid
14336,14336,2024-09-17,2769.34,UPI,Paid
14337,14337,2026-05-29,352.86,Bank,Paid
14338,14338,2025-02-22,6279.0,UPI,Paid
14339,14339,2026-03-04,5959.35,Wallet,Paid
14340,14340,2026-02-12,4980.86,Wallet,Paid
14341,14341,2024-12-09,93.46,UPI,Paid
14342,14342,2025-02-18,3245.89,Bank,Failed
14343,14343,2024-11-24,588.11,UPI,Paid
14344,14344,2024-11-11,4060.95,UPI,Paid
14345,14345,2024-03-13,1714.29,UPI,Paid
14346,14346,2025-02-05,5118.18,Wallet,Paid
14347,14347,2025-11-20,1597.45,Wallet,Paid
14348,14348,2025-01-08,2868.16,Card,Paid
14349,14349,2024-10-30,4367.29,Wallet,Paid
14350,14350,2025-07-19,2380.04,UPI,Paid
14351,14351,2025-11-23,284.16,UPI,Paid
14352,14352,2024-08-25,1532.69,Card,Paid
14353,14353,2024-01-05,508.93,Card,Paid
14354,14354,2024-06-20,4649.71,Bank,Paid
14355,14355,2024-02-10,454.75,Wallet,Paid
14356,14356,2025-05-01,6850.8,Bank,Paid
14357,14357,2026-06-08,7997.62,Card,Paid
14358,14358,2025-12-14,6071.19,Card,Paid
14359,14359,2026-03-24,3004.92,Bank,Paid
14360,14360,2024-03-05,3435.14,Bank,Paid
14361,14361,2024-04-28,6802.9,UPI,Paid
14362,14362,2024-09-04,142.81,Bank,Paid
14363,14363,2024-05-17,6239.71,Bank,Paid
14364,14364,2024-03-15,2322.4,Bank,Paid
14365,14365,2024-03-24,461.93,Card,Paid
14366,14366,2026-06-27,1221.35,UPI,Paid
14367,14367,2025-05-06,4675.89,UPI,Paid
14368,14368,2026-05-23,3522.26,Bank,Paid
14369,14369,2025-12-31,2181.19,Wallet,Paid
14370,14370,2024-01-14,7783.55,Bank,Paid
14371,14371,2024-11-15,2049.72,Card,Paid
14372,14372,2025-03-07,3370.48,UPI,Paid
14373,14373,2024-02-19,3276.41,Wallet,Paid
14374,14374,2024-04-10,4114.79,Bank,Paid
14375,14375,2025-12-15,5725.41,Wallet,Paid
14376,14376,2025-04-29,1494.84,Card,Paid
14377,14377,2024-05-11,515.95,Wallet,Paid
14378,14378,2025-09-21,3175.97,Card,Paid
14379,14379,2024-08-07,1041.53,Wallet,Paid
14380,14380,2025-02-24,3872.17,Card,Paid
14381,14381,2026-03-11,6021.19,UPI,Paid
14382,14382,2025-09-04,4571.53,Bank,Paid
14383,14383,2025-12-28,4543.14,Bank,Paid
14384,14384,2024-04-28,870.9,Wallet,Paid
14385,14385,2026-06-03,286.72,UPI,Paid
14386,14386,2025-03-04,6297.8,Card,Paid
14387,14387,2024-11-23,3168.76,Wallet,Paid
14388,14388,2025-06-15,4003.42,UPI,Paid
14389,14389,2025-04-08,4623.65,Wallet,Paid
14390,14390,2025-04-03,5682.06,UPI,Failed
14391,14391,2025-05-22,6134.66,UPI,Failed
14392,14392,2024-04-10,6989.39,Bank,Paid
14393,14393,2024-11-10,2020.46,Wallet,Paid
14394,14394,2025-02-21,3856.0,Wallet,Failed
14395,14395,2024-08-11,3885.84,Wallet,Paid
14396,14396,2025-12-09,2279.43,Wallet,Paid
14397,14397,2025-10-10,2038.1,Bank,Paid
14398,14398,2024-08-06,2334.73,UPI,Paid
14399,14399,2026-02-08,1493.75,UPI,Failed
14400,14400,2025-02-24,1053.98,Wallet,Paid
14401,14401,2024-04-27,3152.5,UPI,Pending
14402,14402,2024-09-06,3247.21,Card,Paid
14403,14403,2025-11-03,595.85,Wallet,Paid
14404,14404,2026-08-13,6431.83,Card,Paid
14405,14405,2024-02-20,1778.24,UPI,Paid
14406,14406,2025-01-10,1663.13,Wallet,Paid
14407,14407,2025-04-26,4975.78,Bank,Paid
14408,14408,2025-09-25,2623.36,Wallet,Paid
14409,14409,2024-10-19,4547.08,Card,Paid
14410,14410,2024-06-29,1930.95,Wallet,Paid
14411,14411,2025-06-07,3214.5,Bank,Paid
14412,14412,2026-04-29,2688.01,Bank,Paid
14413,14413,2024-07-02,3331.34,Wallet,Paid
14414,14414,2024-11-08,2892.58,UPI,Paid
14415,14415,2026-02-18,1675.42,Wallet,Paid
14416,14416,2025-12-26,3592.11,Wallet,Paid
14417,14417,2024-08-30,2296.19,Card,Paid
14418,14418,2026-04-23,2110.97,Card,Paid
14419,14419,2024-09-05,3195.27,Card,Paid
14420,14420,2025-04-12,2180.77,Wallet,Paid
14421,14421,2025-01-20,1124.3,Card,Paid
14422,14422,2025-04-27,3931.3,UPI,Paid
14423,14423,2024-04-28,4849.94,Wallet,Paid
14424,14424,2024-01-22,3548.92,Wallet,Paid
14425,14425,2024-08-24,4779.33,Wallet,Paid
14426,14426,2026-04-06,1290.55,Wallet,Paid
14427,14427,2025-05-17,1261.27,Card,Paid
14428,14428,2024-05-15,3087.9,Wallet,Paid
14429,14429,2025-10-19,3762.55,UPI,Paid
14430,14430,2025-07-20,4721.59,UPI,Paid
14431,14431,2024-06-30,5222.55,UPI,Paid
14432,14432,2025-06-19,4574.45,UPI,Paid
14433,14433,2024-11-29,5381.74,Bank,Paid
14434,14434,2024-09-27,3773.51,Bank,Paid
14435,14435,2024-02-08,2183.52,Bank,Paid
14436,14436,2026-01-09,1187.77,Card,Paid
14437,14437,2024-09-16,3171.8,Card,Paid
14438,14438,2024-05-20,925.65,Card,Paid
14439,14439,2026-08-03,3620.63,Card,Paid
14440,14440,2024-02-17,4396.02,Wallet,Paid
14441,14441,2024-10-03,5878.76,Card,Paid
14442,14442,2024-07-05,2716.79,Card,Paid
14443,14443,2025-01-06,4674.37,Card,Paid
14444,14444,2025-05-20,1502.78,Card,Paid
14445,14445,2025-06-08,7059.16,Bank,Paid
14446,14446,2025-01-30,5387.83,Card,Paid
14447,14447,2025-03-02,2353.5,UPI,Paid
14448,14448,2024-04-18,490.73,Bank,Paid
14449,14449,2026-06-05,5398.85,Bank,Pending
14450,14450,2025-01-13,4612.37,Bank,Paid
14451,14451,2024-12-01,3518.26,Bank,Paid
14452,14452,2025-06-29,4713.22,Wallet,Paid
14453,14453,2024-06-11,115.76,Bank,Paid
14454,14454,2025-10-12,748.29,Card,Paid
14455,14455,2026-04-21,895.63,Card,Pending
14456,14456,2024-01-16,1256.42,Bank,Paid
14457,14457,2024-07-10,2346.94,Wallet,Failed
14458,14458,2024-08-05,2233.8,UPI,Paid
14459,14459,2025-04-02,2444.08,Bank,Paid
14460,14460,2026-07-04,1402.39,UPI,Paid
14461,14461,2025-05-07,6176.35,Card,Paid
14462,14462,2026-08-16,1814.64,Card,Paid
14463,14463,2026-06-17,4087.19,Wallet,Failed
14464,14464,2024-01-25,1752.77,Card,Paid
14465,14465,2026-06-28,5659.45,Card,Paid
14466,14466,2026-01-22,4059.81,Card,Paid
14467,14467,2025-04-18,4375.48,Card,Paid
14468,14468,2025-11-29,6528.97,Bank,Paid
14469,14469,2024-01-26,1951.04,Card,Paid
14470,14470,2025-01-31,793.12,Card,Paid
14471,14471,2026-06-21,6563.51,Bank,Paid
14472,14472,2024-05-06,3973.58,Bank,Paid
14473,14473,2024-01-08,4431.85,UPI,Paid
14474,14474,2026-03-21,4719.27,UPI,Paid
14475,14475,2025-04-13,4370.49,Card,Paid
14476,14476,2025-02-27,2162.99,Bank,Paid
14477,14477,2024-12-23,3307.97,Card,Paid
14478,14478,2024-03-20,7957.09,Card,Paid
14479,14479,2026-02-28,2128.89,Bank,Paid
14480,14480,2026-04-06,4625.12,UPI,Paid
14481,14481,2025-03-25,525.65,Bank,Paid
14482,14482,2025-03-12,3082.15,Card,Paid
14483,14483,2024-03-01,1310.98,UPI,Paid
14484,14484,2025-04-11,745.05,Card,Paid
14485,14485,2026-01-27,3968.1,Wallet,Paid
14486,14486,2025-09-07,4492.44,Card,Paid
14487,14487,2024-11-12,4774.83,Bank,Paid
14488,14488,2026-03-03,2395.8,Card,Paid
14489,14489,2025-04-27,1191.83,Wallet,Paid
14490,14490,2024-08-11,982.06,Bank,Paid
14491,14491,2024-10-04,2317.8,UPI,Paid
14492,14492,2025-05-18,8574.11,UPI,Paid
14493,14493,2026-05-31,5672.69,Card,Paid
14494,14494,2024-08-02,2726.93,Card,Paid
14495,14495,2026-05-02,7117.54,UPI,Paid
14496,14496,2026-01-01,4098.75,Card,Paid
14497,14497,2024-07-12,7245.47,Bank,Paid
14498,14498,2026-05-31,5840.84,Bank,Paid
14499,14499,2024-09-05,530.71,UPI,Paid
14500,14500,2025-12-05,4866.92,Wallet,Paid
14501,14501,2024-02-20,3265.69,Wallet,Paid
14502,14502,2025-08-08,648.84,Card,Paid
14503,14503,2025-11-05,1310.25,UPI,Paid
14504,14504,2024-03-26,4093.7,Card,Paid
14505,14505,2025-08-06,332.41,UPI,Paid
14506,14506,2025-08-03,804.35,UPI,Paid
14507,14507,2026-03-21,3834.9,UPI,Paid
14508,14508,2026-03-11,486.25,Card,Paid
14509,14509,2024-10-06,5963.29,UPI,Paid
14510,14510,2024-02-05,3381.27,Card,Paid
14511,14511,2026-08-23,1621.04,Card,Failed
14512,14512,2026-01-04,7738.83,UPI,Paid
14513,14513,2026-01-08,4303.25,Wallet,Paid
14514,14514,2026-05-22,4901.57,Wallet,Paid
14515,14515,2024-02-01,2250.83,Card,Paid
14516,14516,2024-05-04,5834.88,Bank,Paid
14517,14517,2025-03-06,8376.98,Card,Paid
14518,14518,2025-01-31,4765.78,Bank,Paid
14519,14519,2026-02-18,1307.39,Wallet,Failed
14520,14520,2025-12-19,2491.03,UPI,Paid
14521,14521,2025-12-01,4890.83,Bank,Paid
14522,14522,2024-05-22,1340.08,Bank,Paid
14523,14523,2026-07-13,995.52,Card,Paid
14524,14524,2024-08-17,189.7,UPI,Paid
14525,14525,2024-06-03,819.14,Card,Paid
14526,14526,2025-10-16,236.2,Wallet,Paid
14527,14527,2024-11-12,763.02,Card,Paid
14528,14528,2024-06-23,8302.62,Card,Paid
14529,14529,2026-03-15,62.26,UPI,Paid
14530,14530,2024-09-27,2980.52,UPI,Paid
14531,14531,2026-01-31,4485.04,Bank,Paid
14532,14532,2024-03-05,908.69,Wallet,Paid
14533,14533,2025-08-09,777.24,UPI,Paid
14534,14534,2025-09-12,3195.67,Wallet,Paid
14535,14535,2025-08-23,10478.41,Card,Paid
14536,14536,2025-10-26,1291.72,UPI,Paid
14537,14537,2024-10-20,1481.07,Wallet,Paid
14538,14538,2025-07-09,3959.05,Card,Paid
14539,14539,2026-01-19,2318.2,Card,Paid
14540,14540,2024-10-21,514.16,Wallet,Pending
14541,14541,2024-11-29,1221.92,Card,Failed
14542,14542,2025-10-08,5529.98,Card,Paid
14543,14543,2024-09-22,658.27,Card,Paid
14544,14544,2026-03-23,2640.19,Bank,Paid
14545,14545,2024-07-10,786.21,Wallet,Paid
14546,14546,2024-01-26,676.74,Wallet,Paid
14547,14547,2024-12-05,3801.71,UPI,Paid
14548,14548,2026-05-03,521.42,Card,Paid
14549,14549,2024-07-25,2378.92,Wallet,Paid
14550,14550,2025-11-30,2009.47,Bank,Paid
14551,14551,2025-04-22,2757.23,Card,Paid
14552,14552,2024-03-31,5475.11,Card,Paid
14553,14553,2025-03-28,2337.76,Wallet,Paid
14554,14554,2025-12-26,2352.73,Bank,Paid
14555,14555,2024-12-28,5225.14,Wallet,Pending
14556,14556,2025-01-28,5719.62,Wallet,Paid
14557,14557,2026-02-18,3119.03,Card,Paid
14558,14558,2024-12-26,3767.08,Wallet,Paid
14559,14559,2025-03-18,3874.26,Bank,Paid
14560,14560,2024-09-18,1971.19,UPI,Paid
14561,14561,2025-07-11,1969.51,Wallet,Paid
14562,14562,2024-08-12,4226.04,Card,Paid
14563,14563,2024-02-11,4010.84,Bank,Paid
14564,14564,2025-08-02,1125.05,Wallet,Failed
14565,14565,2024-10-08,1204.06,Card,Paid
14566,14566,2025-04-15,6174.72,Wallet,Paid
14567,14567,2024-01-18,9467.44,UPI,Paid
14568,14568,2026-03-17,5250.18,Wallet,Paid
14569,14569,2024-03-18,1237.76,Wallet,Paid
14570,14570,2025-04-09,905.93,Wallet,Paid
14571,14571,2024-06-30,3515.04,Bank,Paid
14572,14572,2026-06-21,5125.53,Wallet,Paid
14573,14573,2025-06-20,3417.53,UPI,Paid
14574,14574,2026-01-26,1544.34,UPI,Paid
14575,14575,2026-06-27,1768.0,Card,Paid
14576,14576,2025-10-12,1460.92,Card,Paid
14577,14577,2026-06-09,270.48,Bank,Paid
14578,14578,2026-06-10,1089.72,Bank,Paid
14579,14579,2025-05-20,5668.03,Card,Pending
14580,14580,2026-08-18,3237.05,Bank,Paid
14581,14581,2026-06-25,216.72,Bank,Paid
14582,14582,2026-06-03,5402.6,UPI,Paid
14583,14583,2026-05-29,11814.95,Wallet,Pending
14584,14584,2025-03-22,866.03,Wallet,Pending
14585,14585,2025-12-30,738.53,Bank,Paid
14586,14586,2025-04-06,584.54,Bank,Paid
14587,14587,2024-09-16,5546.06,Wallet,Pending
14588,14588,2026-03-14,3034.47,UPI,Paid
14589,14589,2024-02-28,1055.86,UPI,Pending
14590,14590,2026-08-09,738.16,Bank,Paid
14591,14591,2025-02-25,8975.71,Card,Paid
14592,14592,2024-10-15,1605.17,Card,Paid
14593,14593,2024-05-19,2170.34,Card,Paid
14594,14594,2024-07-02,1562.8,Bank,Paid
14595,14595,2026-06-30,770.27,Card,Paid
14596,14596,2026-04-06,5712.65,Wallet,Pending
14597,14597,2024-04-30,3150.6,Wallet,Paid
14598,14598,2026-04-12,3309.93,UPI,Paid
14599,14599,2024-03-19,2902.61,Wallet,Paid
14600,14600,2024-05-04,3091.04,Bank,Paid
14601,14601,2024-06-25,1671.85,Wallet,Paid
14602,14602,2024-11-04,908.94,Bank,Paid
14603,14603,2026-01-22,3774.63,UPI,Paid
14604,14604,2026-04-07,2070.83,Wallet,Paid
14605,14605,2025-08-21,3489.59,Card,Paid
14606,14606,2024-06-09,4180.76,Wallet,Paid
14607,14607,2024-09-08,6144.13,Bank,Paid
14608,14608,2026-05-01,994.34,UPI,Paid
14609,14609,2026-05-03,8542.81,UPI,Paid
14610,14610,2026-03-11,640.67,Bank,Paid
14611,14611,2025-08-11,690.87,UPI,Paid
14612,14612,2026-01-22,1181.73,Bank,Paid
14613,14613,2025-09-10,1816.73,Wallet,Paid
14614,14614,2025-05-04,988.94,UPI,Paid
14615,14615,2024-11-21,1945.22,Bank,Paid
14616,14616,2026-08-04,5498.52,UPI,Paid
14617,14617,2026-04-23,1500.04,Bank,Paid
14618,14618,2025-08-02,1456.37,Wallet,Paid
14619,14619,2024-06-18,1866.27,UPI,Failed
14620,14620,2025-09-24,4026.41,UPI,Paid
14621,14621,2025-04-07,3423.67,Wallet,Paid
14622,14622,2025-05-29,5270.06,Bank,Paid
14623,14623,2024-05-13,7787.29,Bank,Paid
14624,14624,2024-09-29,4586.93,Wallet,Paid
14625,14625,2025-09-30,5884.0,Card,Pending
14626,14626,2025-12-29,822.5,UPI,Paid
14627,14627,2024-01-01,4422.03,UPI,Paid
14628,14628,2025-08-23,5036.14,Wallet,Paid
14629,14629,2024-05-18,785.77,Card,Paid
14630,14630,2024-11-26,2269.13,Wallet,Paid
14631,14631,2026-04-01,6211.3,UPI,Paid
14632,14632,2025-07-27,540.12,Card,Paid
14633,14633,2025-06-24,1604.4,Card,Paid
14634,14634,2026-08-23,1374.17,Bank,Paid
14635,14635,2025-03-18,311.76,UPI,Failed
14636,14636,2024-06-08,5715.62,Bank,Paid
14637,14637,2026-06-17,3151.72,Bank,Paid
14638,14638,2025-09-12,1743.58,UPI,Paid
14639,14639,2024-05-06,317.88,Card,Paid
14640,14640,2024-01-24,3008.72,UPI,Pending
14641,14641,2026-07-09,1420.3,Card,Paid
14642,14642,2024-06-28,3786.35,Card,Paid
14643,14643,2025-07-27,4891.83,Wallet,Paid
14644,14644,2026-03-30,2872.26,Bank,Pending
14645,14645,2025-01-06,4310.94,UPI,Paid
14646,14646,2025-08-10,286.32,Card,Paid
14647,14647,2025-12-07,4174.51,Card,Paid
14648,14648,2024-03-25,2437.06,UPI,Paid
14649,14649,2026-08-08,3184.44,Card,Paid
14650,14650,2024-05-05,1346.3,UPI,Paid
14651,14651,2025-12-17,3538.1,Bank,Paid
14652,14652,2025-02-05,675.88,UPI,Failed
14653,14653,2026-06-16,2430.27,Wallet,Paid
14654,14654,2024-10-12,705.01,UPI,Paid
14655,14655,2024-01-02,5362.92,UPI,Paid
14656,14656,2025-10-24,2604.92,UPI,Paid
14657,14657,2026-03-02,2946.69,Card,Pending
14658,14658,2026-05-07,4319.53,Card,Paid
14659,14659,2025-08-12,1361.08,Bank,Paid
14660,14660,2026-03-16,2730.78,Wallet,Paid
14661,14661,2024-01-25,1356.55,UPI,Paid
14662,14662,2024-08-28,239.25,Card,Paid
14663,14663,2026-03-23,3049.16,Wallet,Paid
14664,14664,2024-08-07,7467.47,UPI,Paid
14665,14665,2025-09-20,2915.37,UPI,Paid
14666,14666,2024-06-18,1945.84,UPI,Paid
14667,14667,2026-07-25,2972.14,UPI,Paid
14668,14668,2024-07-20,2083.54,Bank,Pending
14669,14669,2024-01-13,4108.84,Bank,Paid
14670,14670,2024-07-20,2850.53,Wallet,Paid
14671,14671,2025-05-27,4911.54,Card,Paid
14672,14672,2025-06-04,5445.51,Bank,Paid
14673,14673,2026-06-16,2201.09,Wallet,Paid
14674,14674,2025-01-04,824.18,UPI,Paid
14675,14675,2026-01-24,2418.48,Bank,Paid
14676,14676,2024-06-26,4217.95,Wallet,Paid
14677,14677,2025-10-31,1401.97,Card,Pending
14678,14678,2024-05-25,4271.96,Bank,Paid
14679,14679,2026-08-06,3470.46,Card,Paid
14680,14680,2024-05-23,1873.77,Bank,Paid
14681,14681,2025-05-20,701.27,Bank,Paid
14682,14682,2025-08-22,989.54,UPI,Paid
14683,14683,2026-02-15,828.99,Card,Paid
14684,14684,2024-03-21,3087.74,UPI,Paid
14685,14685,2026-08-25,3406.95,Bank,Paid
14686,14686,2025-12-06,2488.95,Bank,Paid
14687,14687,2025-08-03,5010.21,Card,Paid
14688,14688,2025-10-11,2270.29,Card,Paid
14689,14689,2024-01-19,2192.4,Wallet,Paid
14690,14690,2024-11-16,4572.99,Wallet,Paid
14691,14691,2024-03-13,539.35,Bank,Paid
14692,14692,2025-08-13,1576.99,UPI,Paid
14693,14693,2024-01-28,2893.66,Bank,Paid
14694,14694,2025-04-07,4545.95,Wallet,Paid
14695,14695,2024-10-27,4443.56,Bank,Paid
14696,14696,2025-10-27,5331.21,UPI,Paid
14697,14697,2024-11-09,3919.64,Card,Paid
14698,14698,2024-09-27,964.95,Wallet,Paid
14699,14699,2025-04-19,3708.19,Card,Paid
14700,14700,2026-06-18,4259.3,Wallet,Paid
14701,14701,2026-03-15,911.88,UPI,Paid
14702,14702,2026-03-06,652.73,Wallet,Paid
14703,14703,2024-06-22,6439.26,Card,Paid
14704,14704,2026-05-08,4456.09,Wallet,Paid
14705,14705,2025-08-23,1224.94,Bank,Paid
14706,14706,2025-09-02,4169.82,Card,Paid
14707,14707,2024-01-14,642.3,Wallet,Failed
14708,14708,2024-12-13,3824.83,Bank,Paid
14709,14709,2024-08-27,798.13,Card,Paid
14710,14710,2025-03-10,2344.96,Bank,Paid
14711,14711,2025-08-07,5428.62,UPI,Paid
14712,14712,2024-02-08,596.63,Card,Paid
14713,14713,2024-10-27,1307.09,Card,Paid
14714,14714,2025-05-23,3649.87,Bank,Paid
14715,14715,2025-03-22,932.8,Wallet,Paid
14716,14716,2026-07-12,752.89,Wallet,Paid
14717,14717,2025-06-27,1450.53,Bank,Paid
14718,14718,2025-11-27,2966.34,Bank,Paid
14719,14719,2026-04-29,7637.36,UPI,Paid
14720,14720,2024-12-04,1441.67,UPI,Paid
14721,14721,2024-06-05,1825.89,UPI,Paid
14722,14722,2025-09-02,488.3,Bank,Paid
14723,14723,2025-12-02,2073.36,Bank,Paid
14724,14724,2024-02-28,493.23,Wallet,Paid
14725,14725,2025-04-04,2720.86,Wallet,Pending
14726,14726,2024-03-16,646.25,Wallet,Paid
14727,14727,2026-02-21,2894.03,Card,Paid
14728,14728,2024-07-01,441.51,UPI,Paid
14729,14729,2026-08-12,3238.95,Card,Paid
14730,14730,2026-05-03,8843.32,Card,Paid
14731,14731,2024-08-29,6182.06,UPI,Paid
14732,14732,2025-05-22,6506.3,Wallet,Paid
14733,14733,2024-02-19,695.49,Wallet,Paid
14734,14734,2026-01-28,2519.74,Card,Paid
14735,14735,2025-12-09,6130.57,UPI,Paid
14736,14736,2025-06-22,2180.23,Wallet,Paid
14737,14737,2025-09-01,9776.89,Card,Paid
14738,14738,2026-03-13,1531.2,Wallet,Pending
14739,14739,2024-03-04,2006.18,Card,Paid
14740,14740,2024-12-17,1279.24,Card,Paid
14741,14741,2025-09-04,2605.25,Wallet,Paid
14742,14742,2025-07-15,6502.26,Card,Paid
14743,14743,2025-01-19,2698.73,UPI,Paid
14744,14744,2026-01-04,1626.05,Bank,Paid
14745,14745,2025-02-09,6757.18,Bank,Paid
14746,14746,2025-12-20,1975.38,Wallet,Paid
14747,14747,2025-04-26,9870.07,Card,Paid
14748,14748,2024-11-23,4737.68,UPI,Paid
14749,14749,2025-11-17,68.97,Wallet,Paid
14750,14750,2024-07-24,2504.1,UPI,Paid
14751,14751,2026-03-14,1026.66,Wallet,Paid
14752,14752,2025-04-04,1507.59,Card,Paid
14753,14753,2024-07-24,469.57,Wallet,Paid
14754,14754,2025-10-25,2812.93,Wallet,Paid
14755,14755,2025-05-07,5133.82,Card,Paid
14756,14756,2024-01-31,5109.5,Wallet,Paid
14757,14757,2024-08-25,1268.88,Wallet,Paid
14758,14758,2024-02-06,2584.39,Card,Paid
14759,14759,2024-09-06,2227.13,Wallet,Paid
14760,14760,2026-01-08,3551.2,UPI,Paid
14761,14761,2024-12-07,1775.84,Bank,Paid
14762,14762,2024-03-08,975.19,Card,Paid
14763,14763,2024-07-20,4386.81,UPI,Paid
14764,14764,2024-03-31,1676.1,Bank,Paid
14765,14765,2024-09-09,7837.59,Wallet,Paid
14766,14766,2025-12-14,2779.14,Wallet,Paid
14767,14767,2024-07-10,7551.37,Card,Paid
14768,14768,2024-01-30,616.82,UPI,Paid
14769,14769,2025-09-03,3941.32,Wallet,Paid
14770,14770,2025-06-23,138.21,Wallet,Paid
14771,14771,2026-08-15,245.72,Bank,Paid
14772,14772,2026-02-25,3072.47,Card,Paid
14773,14773,2024-11-11,4553.96,Bank,Paid
14774,14774,2025-07-06,3005.91,UPI,Pending
14775,14775,2024-04-11,1431.29,UPI,Paid
14776,14776,2024-01-10,5602.98,Wallet,Paid
14777,14777,2024-03-21,3016.95,Wallet,Paid
14778,14778,2025-04-19,2296.83,UPI,Paid
14779,14779,2026-02-07,3521.2,Wallet,Paid
14780,14780,2025-12-15,3354.56,Wallet,Paid
14781,14781,2024-04-20,3228.82,Wallet,Paid
14782,14782,2025-03-22,3104.45,Wallet,Paid
14783,14783,2025-10-06,5373.85,Card,Paid
14784,14784,2026-05-29,306.63,Bank,Paid
14785,14785,2026-08-14,1718.29,UPI,Paid
14786,14786,2024-04-15,5289.07,Card,Paid
14787,14787,2025-10-23,581.1,Bank,Paid
14788,14788,2025-10-16,5115.72,Wallet,Paid
14789,14789,2024-11-25,7363.15,Card,Paid
14790,14790,2026-03-29,3053.78,Wallet,Paid
14791,14791,2025-05-02,651.15,UPI,Paid
14792,14792,2024-02-12,6476.99,UPI,Paid
14793,14793,2026-04-30,3410.21,Card,Paid
14794,14794,2026-02-23,2434.67,Wallet,Paid
14795,14795,2025-12-22,434.1,Wallet,Paid
14796,14796,2025-04-20,7574.69,Bank,Paid
14797,14797,2024-10-19,5546.77,Card,Paid
14798,14798,2025-04-20,3959.29,Card,Paid
14799,14799,2025-03-18,4802.63,Bank,Paid
14800,14800,2024-08-19,5492.12,Bank,Paid
14801,14801,2026-04-18,5457.23,Wallet,Paid
14802,14802,2024-05-14,543.62,Card,Paid
14803,14803,2025-12-29,1948.69,Bank,Paid
14804,14804,2026-08-28,2230.57,UPI,Pending
14805,14805,2024-06-15,1634.78,Bank,Paid
14806,14806,2026-02-21,5857.38,UPI,Failed
14807,14807,2026-04-02,1201.65,Bank,Paid
14808,14808,2025-11-05,2516.35,UPI,Paid
14809,14809,2025-01-14,139.13,Bank,Paid
14810,14810,2024-04-05,1634.58,Bank,Paid
14811,14811,2025-07-19,3578.85,UPI,Failed
14812,14812,2024-06-11,2703.83,Bank,Paid
14813,14813,2025-01-08,114.94,Bank,Paid
14814,14814,2025-07-31,3769.99,Card,Paid
14815,14815,2024-10-30,583.18,UPI,Paid
14816,14816,2026-06-08,3006.29,Card,Paid
14817,14817,2026-02-27,1272.73,Wallet,Failed
14818,14818,2025-04-03,3642.69,Wallet,Paid
14819,14819,2026-07-18,1303.28,Bank,Paid
14820,14820,2026-03-06,526.77,Bank,Paid
14821,14821,2026-03-26,643.51,Wallet,Paid
14822,14822,2026-01-06,1054.2,UPI,Paid
14823,14823,2025-10-13,645.49,Bank,Paid
14824,14824,2025-11-12,3357.29,UPI,Paid
14825,14825,2025-01-27,4246.24,UPI,Paid
14826,14826,2025-11-12,5435.0,Card,Paid
14827,14827,2026-01-29,2026.37,Card,Paid
14828,14828,2025-05-31,4615.3,Card,Paid
14829,14829,2025-11-13,5117.84,Card,Paid
14830,14830,2025-04-04,471.22,Wallet,Paid
14831,14831,2024-11-06,1679.33,Bank,Paid
14832,14832,2025-01-28,1672.68,UPI,Paid
14833,14833,2026-08-09,3673.45,Card,Paid
14834,14834,2026-04-17,1785.41,Bank,Paid
14835,14835,2024-08-13,5178.99,Card,Paid
14836,14836,2024-09-24,1356.43,UPI,Paid
14837,14837,2024-05-02,1983.53,UPI,Paid
14838,14838,2025-10-26,3914.54,Bank,Failed
14839,14839,2025-07-16,930.57,Card,Pending
14840,14840,2025-02-17,3554.98,UPI,Paid
14841,14841,2024-06-19,2946.6,Card,Paid
14842,14842,2024-03-27,3971.09,Bank,Pending
14843,14843,2026-04-03,3563.37,Wallet,Paid
14844,14844,2024-10-02,1526.35,Card,Paid
14845,14845,2025-05-15,3437.81,UPI,Paid
14846,14846,2025-03-16,2344.29,Wallet,Failed
14847,14847,2025-03-06,5707.58,Wallet,Paid
14848,14848,2024-06-17,7719.69,Wallet,Paid
14849,14849,2026-02-07,4544.23,Card,Paid
14850,14850,2024-05-12,4168.78,Bank,Paid
14851,14851,2025-06-11,3974.69,UPI,Paid
14852,14852,2024-10-20,4484.57,Wallet,Paid
14853,14853,2024-12-08,1999.25,Bank,Paid
14854,14854,2024-02-19,4243.22,Wallet,Paid
14855,14855,2026-08-06,4962.08,Bank,Paid
14856,14856,2025-04-09,4362.95,UPI,Failed
14857,14857,2024-05-10,3216.09,UPI,Failed
14858,14858,2025-07-25,4517.48,Card,Paid
14859,14859,2024-04-09,5349.09,Wallet,Paid
14860,14860,2024-04-16,3363.06,Wallet,Failed
14861,14861,2024-07-25,530.18,Bank,Paid
14862,14862,2025-09-02,3049.13,Bank,Paid
14863,14863,2025-10-11,2117.19,UPI,Paid
14864,14864,2024-05-27,7573.15,Card,Paid
14865,14865,2024-07-17,4761.46,Wallet,Paid
14866,14866,2026-01-28,8010.54,UPI,Paid
14867,14867,2026-08-06,2023.88,Wallet,Paid
14868,14868,2025-11-26,546.38,Bank,Paid
14869,14869,2024-10-17,5625.47,Card,Paid
14870,14870,2024-08-16,1598.46,Card,Failed
14871,14871,2024-06-24,2563.62,Wallet,Paid
14872,14872,2025-10-28,483.03,Wallet,Paid
14873,14873,2025-05-05,6579.04,UPI,Paid
14874,14874,2025-06-05,1629.79,UPI,Paid
14875,14875,2026-08-21,1965.77,Card,Paid
14876,14876,2025-11-24,3490.5,Wallet,Paid
14877,14877,2025-04-13,6484.32,Wallet,Paid
14878,14878,2025-02-02,578.86,Card,Paid
14879,14879,2024-12-09,2181.07,Wallet,Failed
14880,14880,2025-05-03,4213.48,Card,Paid
14881,14881,2025-06-25,1736.16,Card,Paid
14882,14882,2026-06-14,4756.2,Card,Paid
14883,14883,2025-07-06,2542.96,Wallet,Paid
14884,14884,2026-02-01,889.36,Wallet,Paid
14885,14885,2025-08-09,1019.38,Bank,Paid
14886,14886,2024-09-17,3768.48,Bank,Paid
14887,14887,2026-05-05,2990.18,Card,Paid
14888,14888,2025-06-03,1804.37,Card,Paid
14889,14889,2026-05-05,3486.87,Card,Paid
14890,14890,2025-06-22,4446.65,Bank,Paid
14891,14891,2024-11-18,5682.38,Card,Paid
14892,14892,2025-10-06,1438.33,Wallet,Paid
14893,14893,2025-01-31,1732.58,Bank,Paid
14894,14894,2024-11-11,7769.34,UPI,Paid
14895,14895,2024-04-10,1346.84,Wallet,Paid
14896,14896,2024-03-10,2331.7,Card,Paid
14897,14897,2024-11-24,3167.04,Bank,Paid
14898,14898,2026-06-19,299.13,Wallet,Paid
14899,14899,2024-09-12,4939.86,UPI,Pending
14900,14900,2025-02-06,3043.94,Card,Pending
14901,14901,2024-09-11,4932.84,Bank,Paid
14902,14902,2024-12-07,4318.69,Card,Pending
14903,14903,2024-03-27,8382.18,Wallet,Paid
14904,14904,2024-08-02,1719.66,Bank,Paid
14905,14905,2024-09-12,2340.98,Bank,Paid
14906,14906,2026-01-30,3987.77,Bank,Paid
14907,14907,2025-07-27,6645.77,Card,Paid
14908,14908,2024-06-12,5665.72,Bank,Paid
14909,14909,2026-08-09,1050.19,Wallet,Paid
14910,14910,2024-10-05,4806.65,Card,Paid
14911,14911,2026-05-02,1249.41,Card,Paid
14912,14912,2024-04-08,3787.51,Wallet,Paid
14913,14913,2026-06-13,4679.66,Wallet,Paid
14914,14914,2025-03-04,2864.41,Bank,Paid
14915,14915,2025-09-13,1307.59,Card,Paid
14916,14916,2026-07-22,5718.15,Bank,Paid
14917,14917,2025-08-11,80.79,Card,Paid
14918,14918,2025-07-21,1030.27,Bank,Paid
14919,14919,2024-12-19,8374.83,Wallet,Paid
14920,14920,2024-12-04,6487.52,Wallet,Paid
14921,14921,2025-08-10,687.38,Wallet,Failed
14922,14922,2024-01-02,4006.54,Card,Pending
14923,14923,2025-03-02,2687.16,Bank,Paid
14924,14924,2026-01-02,1247.65,Wallet,Paid
14925,14925,2024-01-07,913.1,Wallet,Failed
14926,14926,2026-06-18,4923.33,Bank,Paid
14927,14927,2024-10-14,1094.27,Card,Pending
14928,14928,2024-02-27,2428.67,UPI,Paid
14929,14929,2025-08-19,1542.81,Bank,Failed
14930,14930,2025-02-01,3428.21,Wallet,Paid
14931,14931,2025-09-29,848.81,Bank,Paid
14932,14932,2024-10-10,1726.75,Bank,Paid
14933,14933,2025-09-12,3012.57,Bank,Paid
14934,14934,2026-07-13,4635.71,UPI,Paid
14935,14935,2024-06-13,2506.31,Bank,Paid
14936,14936,2025-03-08,2438.08,Bank,Failed
14937,14937,2025-04-17,756.05,UPI,Paid
14938,14938,2024-09-15,939.1,Wallet,Paid
14939,14939,2026-08-09,5752.53,Card,Paid
14940,14940,2024-12-21,455.57,Wallet,Paid
14941,14941,2026-02-16,5131.47,Card,Paid
14942,14942,2024-06-13,2428.52,Wallet,Pending
14943,14943,2024-01-08,291.87,Wallet,Paid
14944,14944,2026-03-27,87.74,UPI,Paid
14945,14945,2026-01-12,1105.68,Card,Paid
14946,14946,2025-05-22,6576.59,Bank,Pending
14947,14947,2025-06-21,1941.19,UPI,Paid
14948,14948,2025-06-19,1529.71,Card,Paid
14949,14949,2025-12-15,604.3,Bank,Paid
14950,14950,2026-02-16,3136.77,Wallet,Paid
14951,14951,2026-06-22,2009.49,Bank,Paid
14952,14952,2026-05-28,3507.55,Wallet,Paid
14953,14953,2026-06-03,4381.21,Bank,Paid
14954,14954,2025-11-06,1465.42,Bank,Paid
14955,14955,2026-07-21,5314.71,Card,Paid
14956,14956,2026-06-14,1531.07,Wallet,Paid
14957,14957,2025-05-15,1563.18,UPI,Paid
14958,14958,2026-06-24,1651.26,UPI,Failed
14959,14959,2025-07-30,902.61,Bank,Paid
14960,14960,2025-04-22,4711.1,UPI,Pending
14961,14961,2025-08-16,4828.48,UPI,Paid
14962,14962,2026-07-04,4345.03,Bank,Paid
14963,14963,2024-08-04,2642.19,Bank,Paid
14964,14964,2024-04-24,1969.18,Card,Paid
14965,14965,2025-10-04,1433.8,Wallet,Paid
14966,14966,2026-02-15,1075.37,Card,Paid
14967,14967,2026-04-03,6362.3,Wallet,Paid
14968,14968,2024-01-25,3590.07,UPI,Paid
14969,14969,2026-01-05,2865.3,Card,Paid
14970,14970,2026-03-01,6308.06,Card,Paid
14971,14971,2025-12-07,341.42,Wallet,Paid
14972,14972,2025-01-26,9657.62,Bank,Paid
14973,14973,2025-05-14,3450.82,Wallet,Paid
14974,14974,2024-02-15,1347.82,Card,Paid
14975,14975,2026-04-21,2115.84,Bank,Paid
14976,14976,2025-08-25,1947.9,Bank,Paid
14977,14977,2024-11-15,70.44,Bank,Paid
14978,14978,2025-10-25,1240.56,Card,Paid
14979,14979,2024-07-27,213.57,Wallet,Paid
14980,14980,2025-08-03,3413.98,Wallet,Paid
14981,14981,2025-09-16,5718.16,Wallet,Pending
14982,14982,2025-05-22,2709.06,UPI,Failed
14983,14983,2025-10-03,1828.07,Bank,Paid
14984,14984,2024-03-24,3076.69,Wallet,Paid
14985,14985,2025-08-04,6247.52,Bank,Paid
14986,14986,2025-09-25,7734.75,UPI,Paid
14987,14987,2026-06-30,2724.45,Bank,Paid
14988,14988,2026-05-31,553.7,Card,Paid
14989,14989,2024-02-05,1124.31,Card,Paid
14990,14990,2024-12-21,7019.94,UPI,Paid
14991,14991,2025-01-06,3166.5,Bank,Paid
14992,14992,2024-03-26,5672.5,Wallet,Paid
14993,14993,2026-05-27,1345.63,Wallet,Paid
14994,14994,2024-12-18,2941.14,Card,Paid
14995,14995,2024-09-04,1195.81,Card,Paid
14996,14996,2024-06-21,2756.6,Card,Pending
14997,14997,2026-08-14,3319.48,Bank,Paid
14998,14998,2024-12-22,3140.14,UPI,Paid
14999,14999,2024-07-30,11722.44,Bank,Paid
15000,15000,2025-03-07,1025.84,Bank,Pending
15001,15001,2025-10-20,4484.1,Card,Paid
15002,15002,2024-09-28,1590.53,Bank,Paid
15003,15003,2025-12-04,5369.38,Bank,Paid
15004,15004,2025-11-26,2616.44,UPI,Paid
15005,15005,2026-01-21,976.1,Bank,Paid
15006,15006,2024-07-22,4706.37,UPI,Paid
15007,15007,2024-07-04,1096.78,UPI,Paid
15008,15008,2024-02-21,3876.18,Wallet,Failed
15009,15009,2024-01-27,6713.55,Bank,Paid
15010,15010,2024-06-14,7904.19,Card,Pending
15011,15011,2024-07-01,1995.38,UPI,Pending
15012,15012,2025-10-23,362.41,Card,Paid
15013,15013,2026-02-12,3046.74,UPI,Paid
15014,15014,2025-10-23,1540.0,Card,Paid
15015,15015,2025-06-14,3028.22,Wallet,Paid
15016,15016,2026-04-18,956.86,Bank,Paid
15017,15017,2025-03-17,467.26,Bank,Pending
15018,15018,2026-03-20,2316.59,Bank,Paid
15019,15019,2026-08-11,3945.35,Bank,Paid
15020,15020,2025-02-16,2240.69,Card,Paid
15021,15021,2025-05-19,2783.75,Card,Paid
15022,15022,2024-07-04,7500.05,Card,Paid
15023,15023,2024-07-14,960.29,UPI,Paid
15024,15024,2024-02-26,726.81,Wallet,Paid
15025,15025,2024-03-20,3140.26,UPI,Paid
15026,15026,2025-10-28,3341.38,UPI,Paid
15027,15027,2024-07-23,1425.56,Wallet,Paid
15028,15028,2026-04-17,2172.0,UPI,Paid
15029,15029,2024-05-19,8446.12,Bank,Paid
15030,15030,2026-01-05,2569.59,Bank,Paid
15031,15031,2024-01-31,5597.46,Bank,Paid
15032,15032,2025-12-29,1475.51,UPI,Paid
15033,15033,2026-03-07,4129.69,Wallet,Paid
15034,15034,2025-08-07,6099.08,Card,Paid
15035,15035,2024-02-17,8780.68,Wallet,Paid
15036,15036,2026-05-01,4577.27,Bank,Paid
15037,15037,2025-10-11,6417.94,Wallet,Paid
15038,15038,2024-12-23,1987.12,Bank,Paid
15039,15039,2024-12-28,5526.56,Card,Paid
15040,15040,2025-06-10,2237.44,UPI,Paid
15041,15041,2025-03-26,6504.87,Card,Paid
15042,15042,2025-08-22,5123.58,Wallet,Paid
15043,15043,2025-01-29,3769.33,Wallet,Paid
15044,15044,2025-06-22,3489.53,Card,Paid
15045,15045,2026-06-07,3318.38,Bank,Paid
15046,15046,2026-03-10,3481.57,UPI,Paid
15047,15047,2025-03-16,939.62,UPI,Paid
15048,15048,2026-07-05,409.48,Wallet,Paid
15049,15049,2025-12-30,531.76,Bank,Paid
15050,15050,2024-05-16,5715.02,Wallet,Paid
15051,15051,2025-08-14,6523.22,Wallet,Paid
15052,15052,2024-12-30,854.31,Card,Paid
15053,15053,2025-08-03,1799.55,UPI,Paid
15054,15054,2024-06-03,8394.2,Wallet,Paid
15055,15055,2026-07-08,7653.94,Bank,Paid
15056,15056,2026-02-25,4139.72,Card,Paid
15057,15057,2025-08-29,1336.69,Card,Paid
15058,15058,2026-01-02,2864.59,Bank,Paid
15059,15059,2024-08-14,2725.04,Bank,Paid
15060,15060,2024-05-19,4477.33,Wallet,Paid
15061,15061,2026-03-31,5269.55,Bank,Paid
15062,15062,2024-08-28,5220.86,UPI,Paid
15063,15063,2024-02-16,714.72,Bank,Paid
15064,15064,2026-07-11,2935.8,UPI,Paid
15065,15065,2024-07-21,1997.89,Wallet,Paid
15066,15066,2025-01-22,1039.8,Bank,Paid
15067,15067,2024-07-03,5493.1,UPI,Paid
15068,15068,2024-11-19,1440.72,Card,Paid
15069,15069,2024-09-12,3818.47,Card,Paid
15070,15070,2024-05-28,5550.57,Wallet,Failed
15071,15071,2024-10-13,3589.16,Bank,Paid
15072,15072,2024-12-03,6252.6,Wallet,Paid
15073,15073,2024-05-18,755.61,Card,Paid
15074,15074,2025-04-24,2491.55,Card,Paid
15075,15075,2025-05-24,1442.32,Bank,Paid
15076,15076,2024-05-04,3656.62,Bank,Paid
15077,15077,2025-06-16,224.46,Wallet,Paid
15078,15078,2026-08-17,5503.94,UPI,Paid
15079,15079,2024-08-20,2348.6,UPI,Paid
15080,15080,2026-04-15,835.05,Wallet,Paid
15081,15081,2024-05-23,1631.54,Bank,Paid
15082,15082,2026-05-05,6044.82,UPI,Paid
15083,15083,2026-06-24,1290.89,Wallet,Paid
15084,15084,2024-11-30,9221.87,Wallet,Pending
15085,15085,2024-01-22,1497.5,Bank,Paid
15086,15086,2025-01-03,6464.79,Card,Pending
15087,15087,2024-12-30,2765.03,Bank,Paid
15088,15088,2025-10-15,2645.64,UPI,Paid
15089,15089,2026-02-08,1161.84,Wallet,Paid
15090,15090,2025-10-01,1965.32,Wallet,Paid
15091,15091,2025-12-18,2590.53,Card,Paid
15092,15092,2025-10-25,5023.51,Bank,Paid
15093,15093,2026-06-15,2961.94,Card,Paid
15094,15094,2026-07-22,4381.4,Card,Paid
15095,15095,2026-05-20,2565.49,Card,Paid
15096,15096,2024-07-06,3478.82,Bank,Paid
15097,15097,2025-11-01,3373.59,Wallet,Paid
15098,15098,2025-05-21,762.17,Bank,Paid
15099,15099,2024-02-21,1812.97,Wallet,Paid
15100,15100,2024-12-17,210.18,Bank,Paid
15101,15101,2024-05-13,3633.87,Card,Paid
15102,15102,2025-04-20,3406.91,Bank,Paid
15103,15103,2024-07-24,7192.47,Card,Paid
15104,15104,2025-10-22,3055.22,Bank,Paid
15105,15105,2026-05-01,2205.18,Wallet,Paid
15106,15106,2024-04-28,372.04,Wallet,Paid
15107,15107,2024-03-16,584.04,UPI,Paid
15108,15108,2024-05-22,4394.43,UPI,Paid
15109,15109,2024-12-14,5217.6,UPI,Paid
15110,15110,2025-01-01,2223.02,Card,Paid
15111,15111,2025-12-09,3492.82,Wallet,Paid
15112,15112,2025-11-28,1830.37,UPI,Paid
15113,15113,2025-03-08,2056.62,Card,Paid
15114,15114,2026-06-04,2555.6,Wallet,Paid
15115,15115,2025-10-06,2472.02,Wallet,Paid
15116,15116,2025-07-24,5017.79,Card,Paid
15117,15117,2024-02-09,6330.32,UPI,Paid
15118,15118,2026-06-23,2942.98,Bank,Paid
15119,15119,2025-11-28,2097.62,UPI,Pending
15120,15120,2024-08-17,4159.5,UPI,Paid
15121,15121,2025-12-14,2144.04,Card,Paid
15122,15122,2026-06-18,2032.96,Wallet,Paid
15123,15123,2024-01-04,3858.8,UPI,Paid
15124,15124,2025-04-30,504.92,UPI,Pending
15125,15125,2025-07-21,7821.48,Wallet,Paid
15126,15126,2026-06-18,1027.34,Card,Paid
15127,15127,2026-01-30,4932.29,Wallet,Paid
15128,15128,2025-11-05,1616.69,Bank,Paid
15129,15129,2026-01-22,2366.8,Bank,Paid
15130,15130,2025-02-26,8608.23,Card,Paid
15131,15131,2024-07-27,5165.37,Card,Paid
15132,15132,2025-06-30,2250.27,Card,Paid
15133,15133,2024-01-11,3602.38,Card,Paid
15134,15134,2024-02-09,2360.72,Card,Pending
15135,15135,2024-07-26,2592.91,Bank,Paid
15136,15136,2024-03-15,3278.15,Card,Paid
15137,15137,2024-08-31,3128.98,UPI,Paid
15138,15138,2024-11-26,4570.69,Card,Paid
15139,15139,2025-12-13,2469.31,Bank,Paid
15140,15140,2024-08-29,159.0,Bank,Paid
15141,15141,2026-06-17,3937.56,Wallet,Paid
15142,15142,2024-04-18,1838.52,Card,Paid
15143,15143,2026-03-04,5270.6,Wallet,Paid
15144,15144,2026-06-30,654.99,UPI,Paid
15145,15145,2024-12-18,3820.88,Card,Paid
15146,15146,2025-12-26,1960.39,Card,Paid
15147,15147,2025-05-15,2115.65,Card,Paid
15148,15148,2025-06-14,90.49,UPI,Paid
15149,15149,2025-07-14,1844.89,Bank,Paid
15150,15150,2025-12-22,6126.57,Card,Paid
15151,15151,2025-03-16,2521.35,UPI,Paid
15152,15152,2024-06-17,4623.57,Wallet,Paid
15153,15153,2025-03-24,4487.22,Bank,Paid
15154,15154,2025-05-20,669.58,Card,Paid
15155,15155,2026-03-07,3431.57,Wallet,Paid
15156,15156,2024-03-09,484.58,Wallet,Paid
15157,15157,2025-09-01,2261.7,Wallet,Paid
15158,15158,2024-09-09,4392.57,Card,Failed
15159,15159,2024-11-19,2799.24,Card,Paid
15160,15160,2026-04-09,2811.37,Bank,Pending
15161,15161,2024-09-28,1321.62,Card,Paid
15162,15162,2026-07-03,1288.63,Card,Paid
15163,15163,2024-05-09,4687.95,Wallet,Paid
15164,15164,2025-05-30,6608.79,Card,Paid
15165,15165,2024-05-29,3486.81,Wallet,Paid
15166,15166,2026-04-04,6950.73,Card,Paid
15167,15167,2025-02-25,5510.64,Wallet,Paid
15168,15168,2025-06-03,781.94,UPI,Paid
15169,15169,2026-08-20,3963.66,UPI,Paid
15170,15170,2025-07-11,4155.27,UPI,Paid
15171,15171,2024-02-21,5938.5,Card,Paid
15172,15172,2026-07-19,1039.43,Card,Paid
15173,15173,2025-12-03,34.93,Card,Failed
15174,15174,2026-03-11,3572.38,Card,Paid
15175,15175,2026-03-23,3165.11,Card,Paid
15176,15176,2025-03-28,3637.77,UPI,Paid
15177,15177,2024-03-22,3220.85,Card,Paid
15178,15178,2025-04-06,935.21,UPI,Paid
15179,15179,2024-04-21,3604.23,Card,Paid
15180,15180,2024-03-10,4805.73,Bank,Failed
15181,15181,2025-02-14,6605.06,Bank,Paid
15182,15182,2026-01-16,1251.89,Wallet,Paid
15183,15183,2026-03-24,4582.57,Card,Paid
15184,15184,2025-11-25,7346.33,Bank,Paid
15185,15185,2025-09-23,3902.0,UPI,Paid
15186,15186,2024-10-20,4403.28,UPI,Paid
15187,15187,2025-06-03,1901.54,UPI,Failed
15188,15188,2026-03-22,1573.67,UPI,Paid
15189,15189,2024-11-25,543.91,UPI,Failed
15190,15190,2026-05-02,288.17,Wallet,Paid
15191,15191,2026-06-04,1397.72,UPI,Paid
15192,15192,2025-03-25,3652.65,Card,Paid
15193,15193,2026-08-22,2902.72,Card,Failed
15194,15194,2026-06-04,5562.21,UPI,Paid
15195,15195,2024-05-24,301.81,Bank,Paid
15196,15196,2026-03-16,1343.88,Bank,Paid
15197,15197,2024-08-28,2567.77,Card,Paid
15198,15198,2024-10-06,2965.48,Wallet,Paid
15199,15199,2026-03-16,457.93,Card,Paid
15200,15200,2025-07-31,2927.95,Bank,Paid
15201,15201,2024-01-09,3583.33,Wallet,Paid
15202,15202,2024-08-06,3347.47,Wallet,Paid
15203,15203,2026-04-27,2113.33,Wallet,Paid
15204,15204,2024-06-11,3171.29,Wallet,Paid
15205,15205,2025-03-25,1382.32,UPI,Paid
15206,15206,2025-12-17,5473.21,Card,Paid
15207,15207,2024-10-31,4896.67,Card,Paid
15208,15208,2024-04-10,2266.9,Wallet,Paid
15209,15209,2024-11-04,1616.48,Bank,Paid
15210,15210,2026-01-20,337.35,UPI,Paid
15211,15211,2024-09-03,5955.79,Wallet,Paid
15212,15212,2024-07-01,717.76,Card,Failed
15213,15213,2026-03-07,3961.14,UPI,Paid
15214,15214,2024-12-23,4078.47,UPI,Paid
15215,15215,2025-09-16,2740.54,Bank,Paid
15216,15216,2026-04-01,5921.61,Wallet,Paid
15217,15217,2024-05-16,2110.25,UPI,Paid
15218,15218,2026-01-25,3619.6,UPI,Paid
15219,15219,2024-12-16,962.12,UPI,Paid
15220,15220,2024-03-05,194.15,Card,Paid
15221,15221,2026-01-02,5769.03,UPI,Paid
15222,15222,2024-07-21,2905.88,Wallet,Paid
15223,15223,2025-09-18,4443.84,Wallet,Paid
15224,15224,2024-01-02,845.19,Card,Paid
15225,15225,2024-01-12,3661.15,Bank,Paid
15226,15226,2024-12-18,4147.19,UPI,Paid
15227,15227,2026-07-28,4332.36,Wallet,Failed
15228,15228,2024-02-11,2171.32,Card,Paid
15229,15229,2025-11-08,3245.26,UPI,Paid
15230,15230,2025-07-15,4162.46,UPI,Paid
15231,15231,2024-12-31,3496.59,Wallet,Paid
15232,15232,2025-08-23,2699.45,Bank,Paid
15233,15233,2026-07-21,3092.82,Card,Paid
15234,15234,2025-05-13,1406.32,Wallet,Paid
15235,15235,2026-03-16,1683.76,Card,Paid
15236,15236,2026-01-24,5573.65,Card,Failed
15237,15237,2026-08-12,1450.64,Bank,Paid
15238,15238,2026-01-17,7749.83,Card,Pending
15239,15239,2025-03-06,5125.59,Bank,Paid
15240,15240,2026-03-30,337.4,Card,Paid
15241,15241,2024-04-01,57.64,Card,Paid
15242,15242,2026-04-19,1279.93,Wallet,Paid
15243,15243,2025-06-07,7892.67,UPI,Paid
15244,15244,2024-04-15,6568.1,UPI,Paid
15245,15245,2025-06-02,1264.74,UPI,Paid
15246,15246,2026-06-14,5567.46,Bank,Paid
15247,15247,2024-08-31,1315.89,Wallet,Paid
15248,15248,2025-01-04,3719.23,Wallet,Paid
15249,15249,2024-10-23,5032.4,Bank,Paid
15250,15250,2025-08-03,3707.58,Bank,Paid
15251,15251,2026-05-15,988.21,UPI,Paid
15252,15252,2025-12-18,7659.05,Wallet,Paid
15253,15253,2025-02-22,2067.08,UPI,Paid
15254,15254,2025-10-07,5721.63,Card,Paid
15255,15255,2026-03-14,2218.76,Wallet,Paid
15256,15256,2025-01-23,7000.83,Wallet,Paid
15257,15257,2024-08-06,1499.05,UPI,Pending
15258,15258,2025-09-20,5385.47,Bank,Paid
15259,15259,2026-01-10,3795.26,UPI,Failed
15260,15260,2026-05-23,5627.63,Bank,Paid
15261,15261,2024-08-19,759.18,UPI,Paid
15262,15262,2024-07-26,10033.23,UPI,Paid
15263,15263,2026-01-19,1385.15,UPI,Pending
15264,15264,2026-06-18,235.07,Bank,Failed
15265,15265,2025-03-06,7138.93,Wallet,Paid
15266,15266,2024-11-13,11476.73,Card,Paid
15267,15267,2024-08-25,6102.09,Card,Pending
15268,15268,2025-04-24,560.66,Card,Paid
15269,15269,2024-04-16,1675.97,Bank,Paid
15270,15270,2025-02-26,2778.52,Wallet,Paid
15271,15271,2026-08-24,5042.92,Wallet,Paid
15272,15272,2024-03-18,123.75,Wallet,Paid
15273,15273,2025-01-15,575.13,UPI,Paid
15274,15274,2024-01-10,7848.98,Bank,Paid
15275,15275,2025-11-09,1193.81,Card,Paid
15276,15276,2025-12-20,5644.22,UPI,Paid
15277,15277,2024-02-03,3870.63,Bank,Paid
15278,15278,2024-09-25,562.68,Wallet,Paid
15279,15279,2024-01-19,2847.09,Card,Failed
15280,15280,2024-11-30,3527.86,Wallet,Paid
15281,15281,2024-07-05,3136.32,Card,Paid
15282,15282,2026-08-22,3271.48,Bank,Paid
15283,15283,2026-01-11,1763.49,UPI,Paid
15284,15284,2025-07-17,1255.97,UPI,Failed
15285,15285,2024-05-30,1116.33,UPI,Paid
15286,15286,2025-10-05,3698.26,UPI,Paid
15287,15287,2025-09-18,1836.96,UPI,Paid
15288,15288,2024-08-14,614.19,Wallet,Paid
15289,15289,2024-10-20,2574.58,Card,Paid
15290,15290,2026-01-26,271.57,Bank,Paid
15291,15291,2026-01-31,1290.16,UPI,Paid
15292,15292,2026-03-07,3654.57,UPI,Paid
15293,15293,2025-08-16,2470.62,Bank,Failed
15294,15294,2024-03-14,492.71,UPI,Pending
15295,15295,2026-03-21,1137.43,UPI,Paid
15296,15296,2025-11-20,3897.89,Bank,Paid
15297,15297,2025-03-06,3344.94,Bank,Paid
15298,15298,2025-01-06,3316.97,Bank,Paid
15299,15299,2026-05-28,1679.96,Card,Pending
15300,15300,2025-03-11,1807.47,Bank,Paid
15301,15301,2025-06-20,94.67,Card,Paid
15302,15302,2025-05-27,7816.0,UPI,Paid
15303,15303,2025-12-11,1361.66,Card,Paid
15304,15304,2024-04-07,4590.92,Card,Paid
15305,15305,2025-08-13,1296.87,UPI,Paid
15306,15306,2024-04-26,2172.57,Wallet,Paid
15307,15307,2024-03-31,1712.25,Card,Paid
15308,15308,2026-02-24,4849.99,UPI,Paid
15309,15309,2025-05-29,4058.19,Card,Paid
15310,15310,2026-03-05,6666.33,Wallet,Paid
15311,15311,2025-10-13,693.9,Bank,Paid
15312,15312,2026-07-24,1669.63,Card,Paid
15313,15313,2024-09-25,294.65,Bank,Paid
15314,15314,2025-11-09,5704.7,UPI,Paid
15315,15315,2024-01-25,4071.09,Card,Paid
15316,15316,2026-05-28,3980.1,Card,Paid
15317,15317,2024-04-19,4805.54,UPI,Paid
15318,15318,2026-05-17,3291.52,UPI,Paid
15319,15319,2026-08-16,3804.89,Bank,Paid
15320,15320,2024-07-25,1683.12,Card,Paid
15321,15321,2025-03-02,7985.22,Wallet,Paid
15322,15322,2025-07-30,2827.61,Bank,Paid
15323,15323,2024-06-15,268.05,UPI,Paid
15324,15324,2026-01-29,3647.55,Wallet,Paid
15325,15325,2024-02-24,2770.13,Bank,Paid
15326,15326,2026-01-07,1628.42,Card,Paid
15327,15327,2025-10-22,2302.97,UPI,Paid
15328,15328,2024-10-14,2469.09,Bank,Paid
15329,15329,2026-02-19,1165.74,UPI,Paid
15330,15330,2024-10-31,4136.1,Card,Pending
15331,15331,2026-06-15,2972.92,Wallet,Paid
15332,15332,2024-12-19,59.19,Card,Paid
15333,15333,2024-02-23,3491.62,Card,Paid
15334,15334,2025-12-02,3376.59,Bank,Paid
15335,15335,2026-01-13,5353.97,Card,Paid
15336,15336,2025-06-26,2570.22,Wallet,Paid
15337,15337,2024-09-09,6051.95,UPI,Pending
15338,15338,2025-04-24,5958.43,Card,Paid
15339,15339,2025-01-14,4040.53,Bank,Paid
15340,15340,2024-04-01,2191.07,UPI,Paid
15341,15341,2025-04-15,571.24,Bank,Paid
15342,15342,2025-04-10,3888.47,UPI,Paid
15343,15343,2025-04-02,4493.02,Card,Paid
15344,15344,2024-09-30,520.9,Wallet,Paid
15345,15345,2024-07-20,2680.88,Bank,Paid
15346,15346,2024-08-11,2542.36,Wallet,Pending
15347,15347,2024-08-09,2987.46,Card,Paid
15348,15348,2026-01-28,2374.95,Bank,Paid
15349,15349,2026-04-12,1470.17,UPI,Paid
15350,15350,2026-01-21,4746.34,UPI,Paid
15351,15351,2025-01-24,6127.1,Wallet,Paid
15352,15352,2024-11-23,1194.8,Card,Paid
15353,15353,2024-12-12,966.36,UPI,Paid
15354,15354,2025-05-19,2295.88,Wallet,Paid
15355,15355,2024-12-23,3872.87,Card,Paid
15356,15356,2024-07-24,1182.28,Bank,Paid
15357,15357,2024-02-07,2607.83,Wallet,Paid
15358,15358,2024-02-23,2624.59,UPI,Paid
15359,15359,2024-04-23,801.17,Card,Paid
15360,15360,2025-10-13,5544.84,UPI,Paid
15361,15361,2026-06-18,2846.23,Bank,Paid
15362,15362,2025-02-26,2654.91,Card,Paid
15363,15363,2025-08-20,4444.83,Card,Failed
15364,15364,2024-02-29,1378.83,Wallet,Paid
15365,15365,2026-08-14,781.03,Card,Paid
15366,15366,2024-11-18,4616.48,Wallet,Paid
15367,15367,2025-03-03,4072.86,Card,Paid
15368,15368,2025-02-20,5874.24,Card,Failed
15369,15369,2025-01-07,2662.17,UPI,Paid
15370,15370,2025-05-29,1430.37,Card,Paid
15371,15371,2024-09-19,2191.69,Card,Paid
15372,15372,2025-03-03,4286.64,UPI,Pending
15373,15373,2025-12-10,4369.72,Bank,Paid
15374,15374,2026-07-16,7222.01,Bank,Paid
15375,15375,2024-10-09,3956.49,Card,Paid
15376,15376,2026-02-06,36.22,Card,Paid
15377,15377,2025-04-29,6496.63,Card,Paid
15378,15378,2026-05-23,2153.43,Bank,Paid
15379,15379,2024-03-21,1316.33,UPI,Paid
15380,15380,2026-02-25,8064.93,Wallet,Paid
15381,15381,2024-03-29,774.27,Card,Paid
15382,15382,2026-08-26,4560.9,UPI,Paid
15383,15383,2026-07-11,1405.05,UPI,Paid
15384,15384,2025-05-08,270.31,Bank,Paid
15385,15385,2025-11-28,2022.1,Wallet,Paid
15386,15386,2024-12-09,2187.14,Card,Paid
15387,15387,2026-04-04,1384.48,Wallet,Paid
15388,15388,2024-02-25,7004.31,Card,Paid
15389,15389,2025-05-17,5029.05,UPI,Paid
15390,15390,2025-06-24,991.75,Wallet,Pending
15391,15391,2024-07-19,1577.31,Card,Paid
15392,15392,2024-01-22,1889.9,Wallet,Failed
15393,15393,2025-08-12,1480.13,Card,Paid
15394,15394,2025-02-20,2250.83,Bank,Paid
15395,15395,2024-01-20,2512.12,Card,Pending
15396,15396,2026-05-18,1896.97,Wallet,Paid
15397,15397,2026-07-04,4226.12,Bank,Paid
15398,15398,2026-05-21,3149.28,Wallet,Paid
15399,15399,2026-04-24,2838.71,UPI,Paid
15400,15400,2025-06-12,1132.4,UPI,Paid
15401,15401,2025-06-25,6732.31,UPI,Pending
15402,15402,2025-04-22,1114.09,UPI,Paid
15403,15403,2024-10-28,1329.08,Wallet,Paid
15404,15404,2025-05-13,4082.0,Bank,Paid
15405,15405,2024-03-30,2171.4,Wallet,Paid
15406,15406,2025-01-09,2160.26,Card,Paid
15407,15407,2024-01-31,674.86,UPI,Paid
15408,15408,2026-04-16,5575.83,Bank,Paid
15409,15409,2024-09-05,4096.65,Card,Paid
15410,15410,2026-07-22,2347.84,Bank,Paid
15411,15411,2026-02-20,849.03,Wallet,Paid
15412,15412,2026-02-10,1776.61,UPI,Paid
15413,15413,2025-04-23,847.73,Bank,Paid
15414,15414,2025-08-06,1327.06,UPI,Paid
15415,15415,2025-02-22,154.22,Wallet,Paid
15416,15416,2024-01-21,1450.94,Wallet,Paid
15417,15417,2025-10-06,322.43,UPI,Paid
15418,15418,2024-12-20,2293.56,UPI,Paid
15419,15419,2025-07-05,1823.04,UPI,Paid
15420,15420,2024-01-08,5527.98,Wallet,Paid
15421,15421,2026-04-11,6772.59,Bank,Paid
15422,15422,2024-04-25,4108.86,UPI,Paid
15423,15423,2024-08-02,8542.14,Wallet,Failed
15424,15424,2026-06-07,169.14,UPI,Paid
15425,15425,2024-12-01,5167.52,Bank,Paid
15426,15426,2025-06-19,4223.16,Card,Paid
15427,15427,2024-12-26,326.4,Card,Paid
15428,15428,2024-05-09,2543.72,UPI,Paid
15429,15429,2025-12-01,2568.13,UPI,Paid
15430,15430,2024-07-04,766.66,Card,Paid
15431,15431,2025-03-04,6614.72,UPI,Paid
15432,15432,2026-03-19,2569.13,Bank,Paid
15433,15433,2024-03-19,3544.94,Bank,Paid
15434,15434,2024-10-08,3263.14,UPI,Paid
15435,15435,2024-01-01,5284.44,Card,Paid
15436,15436,2024-02-02,5194.61,Wallet,Paid
15437,15437,2024-05-15,4022.89,Card,Paid
15438,15438,2024-02-10,3020.89,Wallet,Paid
15439,15439,2026-01-20,2264.58,Bank,Paid
15440,15440,2026-08-12,3068.9,UPI,Paid
15441,15441,2026-01-14,1452.21,Bank,Paid
15442,15442,2025-03-21,2034.16,Bank,Paid
15443,15443,2024-09-24,1838.07,Wallet,Paid
15444,15444,2026-05-09,2577.11,Card,Paid
15445,15445,2025-07-02,2108.39,Bank,Paid
15446,15446,2026-01-02,5696.58,Card,Paid
15447,15447,2024-03-12,4598.02,Card,Paid
15448,15448,2025-01-20,1480.47,UPI,Paid
15449,15449,2026-04-23,2527.67,Card,Paid
15450,15450,2024-05-22,5405.15,Card,Paid
15451,15451,2025-04-03,208.15,Card,Paid
15452,15452,2025-09-18,94.83,Wallet,Paid
15453,15453,2025-01-31,1434.81,Bank,Paid
15454,15454,2025-07-04,5184.87,Card,Paid
15455,15455,2024-05-21,3785.09,Bank,Paid
15456,15456,2025-01-03,2518.18,Wallet,Failed
15457,15457,2024-04-02,7466.71,Wallet,Paid
15458,15458,2024-04-24,3708.73,UPI,Paid
15459,15459,2026-04-15,611.13,Card,Paid
15460,15460,2026-02-24,604.09,UPI,Paid
15461,15461,2026-07-04,3701.43,Card,Paid
15462,15462,2025-09-17,2168.96,Wallet,Paid
15463,15463,2025-01-04,2867.98,Bank,Paid
15464,15464,2025-12-30,1018.82,Card,Pending
15465,15465,2024-07-27,8282.17,Bank,Paid
15466,15466,2024-11-28,3138.42,Bank,Paid
15467,15467,2024-07-29,2360.3,UPI,Paid
15468,15468,2025-01-15,2343.16,Bank,Paid
15469,15469,2026-08-18,4481.16,Card,Paid
15470,15470,2024-09-17,4544.06,Card,Pending
15471,15471,2025-06-13,1754.69,Wallet,Paid
15472,15472,2025-02-27,4426.45,Card,Pending
15473,15473,2026-08-26,5212.72,Bank,Failed
15474,15474,2024-02-22,6776.59,UPI,Paid
15475,15475,2026-05-23,3287.85,Card,Paid
15476,15476,2025-12-16,6136.05,Bank,Paid
15477,15477,2025-01-23,1231.19,Wallet,Paid
15478,15478,2024-06-07,5003.29,Bank,Paid
15479,15479,2024-06-07,1330.65,Wallet,Paid
15480,15480,2024-01-26,238.22,UPI,Paid
15481,15481,2024-09-11,4719.62,Wallet,Paid
15482,15482,2024-03-09,6806.24,Card,Paid
15483,15483,2024-07-11,183.38,Card,Paid
15484,15484,2025-11-08,6837.15,UPI,Paid
15485,15485,2025-12-25,4116.71,Wallet,Paid
15486,15486,2024-10-14,4014.22,UPI,Paid
15487,15487,2025-10-31,3802.04,Wallet,Paid
15488,15488,2024-09-17,5041.31,Card,Paid
15489,15489,2024-07-06,740.8,UPI,Paid
15490,15490,2024-03-29,2683.56,UPI,Paid
15491,15491,2025-07-25,4245.51,Bank,Paid
15492,15492,2025-11-06,1177.35,Card,Paid
15493,15493,2024-12-17,1574.63,Wallet,Paid
15494,15494,2024-10-09,3453.1,Wallet,Paid
15495,15495,2025-03-13,4727.98,Wallet,Paid
15496,15496,2024-11-01,6747.76,Wallet,Paid
15497,15497,2025-04-10,3424.95,Card,Paid
15498,15498,2025-12-21,3683.46,UPI,Paid
15499,15499,2026-04-06,1861.06,Card,Pending
15500,15500,2026-06-18,2355.5,Wallet,Paid
15501,15501,2024-01-25,2012.46,Card,Paid
15502,15502,2024-01-03,528.25,Bank,Paid
15503,15503,2025-10-08,1572.62,UPI,Paid
15504,15504,2026-07-09,2788.25,Bank,Paid
15505,15505,2025-01-18,1532.64,UPI,Paid
15506,15506,2025-07-11,1778.5,Card,Paid
15507,15507,2026-07-01,5023.29,Wallet,Paid
15508,15508,2025-10-12,2922.09,Wallet,Paid
15509,15509,2024-07-30,873.99,UPI,Paid
15510,15510,2025-06-25,11089.22,Wallet,Paid
15511,15511,2026-01-02,8007.14,UPI,Paid
15512,15512,2024-12-18,5480.41,Wallet,Paid
15513,15513,2025-08-19,4968.83,Wallet,Paid
15514,15514,2025-10-30,3853.36,Wallet,Paid
15515,15515,2025-12-13,1193.84,UPI,Paid
15516,15516,2024-12-21,1306.38,Card,Paid
15517,15517,2025-11-22,2374.44,UPI,Paid
15518,15518,2024-08-25,1642.42,Card,Paid
15519,15519,2024-10-11,3167.79,Card,Paid
15520,15520,2025-01-31,4384.46,Wallet,Paid
15521,15521,2025-11-24,2279.65,Bank,Pending
15522,15522,2025-05-15,4875.86,Card,Pending
15523,15523,2025-10-11,5306.82,Bank,Paid
15524,15524,2024-07-30,161.89,UPI,Paid
15525,15525,2025-02-07,2448.38,Bank,Paid
15526,15526,2026-06-29,1586.61,UPI,Paid
15527,15527,2025-03-05,2863.76,Bank,Paid
15528,15528,2026-07-23,366.76,Bank,Paid
15529,15529,2026-03-16,1212.74,Card,Paid
15530,15530,2026-07-20,4614.08,UPI,Paid
15531,15531,2026-02-03,7174.24,UPI,Pending
15532,15532,2026-04-22,4065.8,Wallet,Paid
15533,15533,2025-05-11,839.2,Wallet,Paid
15534,15534,2024-11-15,4023.7,Wallet,Paid
15535,15535,2026-07-18,2254.58,Card,Paid
15536,15536,2025-12-03,3114.66,Bank,Paid
15537,15537,2025-03-21,5143.9,UPI,Paid
15538,15538,2024-04-24,2460.04,Bank,Pending
15539,15539,2024-06-12,3040.29,Wallet,Paid
15540,15540,2026-04-02,4331.75,Wallet,Failed
15541,15541,2025-02-10,1088.39,UPI,Paid
15542,15542,2025-11-22,3953.45,Bank,Paid
15543,15543,2024-04-28,2393.05,UPI,Paid
15544,15544,2025-11-10,6023.72,UPI,Paid
15545,15545,2024-12-25,233.71,Card,Paid
15546,15546,2024-11-24,1209.2,Bank,Paid
15547,15547,2025-12-24,5553.47,Card,Paid
15548,15548,2025-05-03,8908.67,Card,Paid
15549,15549,2025-01-21,1946.72,UPI,Paid
15550,15550,2026-02-18,6132.14,UPI,Paid
15551,15551,2025-11-14,1970.17,UPI,Paid
15552,15552,2024-09-24,2631.65,UPI,Paid
15553,15553,2025-04-08,3730.58,UPI,Paid
15554,15554,2024-01-27,416.35,UPI,Paid
15555,15555,2025-10-13,1627.75,Bank,Paid
15556,15556,2025-05-25,2470.87,Bank,Paid
15557,15557,2025-04-07,1676.27,Wallet,Paid
15558,15558,2024-02-29,253.49,Bank,Paid
15559,15559,2025-10-17,852.03,Wallet,Paid
15560,15560,2025-09-05,3153.15,Wallet,Paid
15561,15561,2024-02-19,10254.22,Bank,Paid
15562,15562,2025-06-01,6421.62,UPI,Paid
15563,15563,2026-07-14,163.22,Card,Paid
15564,15564,2024-12-04,5736.81,Wallet,Paid
15565,15565,2025-05-19,1863.19,UPI,Paid
15566,15566,2025-04-06,4927.74,Bank,Paid
15567,15567,2026-03-12,3786.72,Bank,Paid
15568,15568,2026-04-12,2267.25,Wallet,Paid
15569,15569,2026-06-02,4676.89,UPI,Pending
15570,15570,2024-04-27,3800.3,Wallet,Pending
15571,15571,2024-11-29,1305.69,Wallet,Failed
15572,15572,2024-09-13,3714.19,Wallet,Paid
15573,15573,2025-10-05,5353.43,Wallet,Paid
15574,15574,2024-05-31,4407.98,Wallet,Paid
15575,15575,2025-07-13,5091.13,Bank,Paid
15576,15576,2025-07-12,1963.05,Wallet,Paid
15577,15577,2026-07-17,628.82,Bank,Paid
15578,15578,2024-10-25,3137.82,Bank,Paid
15579,15579,2024-08-06,726.09,Card,Paid
15580,15580,2024-01-02,4048.08,Wallet,Paid
15581,15581,2025-05-09,7114.51,UPI,Paid
15582,15582,2026-06-27,4724.54,Bank,Paid
15583,15583,2024-09-11,1277.35,UPI,Pending
15584,15584,2026-08-11,1779.52,Wallet,Pending
15585,15585,2025-05-06,544.75,Wallet,Paid
15586,15586,2026-01-06,10029.85,Bank,Paid
15587,15587,2024-08-10,4405.03,Wallet,Paid
15588,15588,2025-12-19,2338.29,Wallet,Paid
15589,15589,2025-03-27,2503.5,UPI,Paid
15590,15590,2026-05-09,2419.45,Bank,Paid
15591,15591,2026-02-27,1242.27,UPI,Paid
15592,15592,2026-07-13,3726.93,Bank,Paid
15593,15593,2026-03-10,4084.18,Wallet,Paid
15594,15594,2024-01-24,1123.15,Bank,Paid
15595,15595,2026-07-03,275.19,Card,Paid
15596,15596,2024-11-25,3924.39,Bank,Paid
15597,15597,2025-02-26,2736.13,UPI,Paid
15598,15598,2026-08-08,2044.01,Card,Paid
15599,15599,2025-11-12,12720.56,Wallet,Paid
15600,15600,2025-01-05,3005.55,Wallet,Paid
15601,15601,2024-02-22,2888.02,Wallet,Paid
15602,15602,2026-02-24,1190.19,Bank,Paid
15603,15603,2024-09-08,4269.54,Card,Paid
15604,15604,2024-04-27,5046.03,Bank,Failed
15605,15605,2025-10-05,5196.04,Bank,Paid
15606,15606,2026-08-28,253.81,UPI,Pending
15607,15607,2025-06-26,764.55,Wallet,Paid
15608,15608,2024-03-25,6034.85,Bank,Paid
15609,15609,2026-03-11,5004.24,Card,Paid
15610,15610,2025-11-18,5291.59,Card,Paid
15611,15611,2026-01-22,4897.8,Wallet,Paid
15612,15612,2026-02-11,4493.93,UPI,Pending
15613,15613,2026-01-21,503.07,Bank,Paid
15614,15614,2024-09-21,7503.61,Wallet,Paid
15615,15615,2025-07-26,2061.63,Bank,Paid
15616,15616,2025-07-02,4786.63,Card,Paid
15617,15617,2024-08-19,5904.69,Wallet,Paid
15618,15618,2024-05-08,2541.34,UPI,Paid
15619,15619,2024-12-12,1609.49,UPI,Paid
15620,15620,2025-03-06,2800.35,Bank,Paid
15621,15621,2025-11-15,3942.76,Bank,Paid
15622,15622,2025-09-25,9441.21,Card,Paid
15623,15623,2025-12-12,2165.76,UPI,Paid
15624,15624,2025-12-04,3731.78,UPI,Paid
15625,15625,2025-01-10,4141.99,Wallet,Paid
15626,15626,2025-10-16,4124.63,Card,Paid
15627,15627,2025-02-27,2899.15,Bank,Paid
15628,15628,2026-02-12,804.46,Card,Paid
15629,15629,2025-06-26,3466.83,UPI,Paid
15630,15630,2024-02-19,1853.16,UPI,Paid
15631,15631,2026-03-04,4052.3,Wallet,Paid
15632,15632,2026-05-10,836.27,Wallet,Paid
15633,15633,2026-04-04,8103.51,UPI,Paid
15634,15634,2025-11-13,4740.77,Bank,Paid
15635,15635,2025-05-22,2251.03,Bank,Paid
15636,15636,2025-02-03,1651.41,Wallet,Pending
15637,15637,2026-06-27,741.7,UPI,Paid
15638,15638,2024-02-10,1828.03,Bank,Failed
15639,15639,2024-12-20,3819.57,UPI,Paid
15640,15640,2024-03-21,7188.91,Bank,Paid
15641,15641,2025-06-02,2657.46,Bank,Paid
15642,15642,2024-10-10,1776.86,Card,Paid
15643,15643,2025-02-17,115.22,Bank,Paid
15644,15644,2025-10-31,2952.56,Bank,Paid
15645,15645,2024-10-15,6697.7,Card,Paid
15646,15646,2026-06-10,2022.5,Bank,Paid
15647,15647,2024-04-28,218.66,Card,Paid
15648,15648,2026-07-12,4414.21,Card,Paid
15649,15649,2024-08-27,6062.27,UPI,Paid
15650,15650,2025-04-26,3844.97,Wallet,Failed
15651,15651,2024-12-19,1530.38,UPI,Paid
15652,15652,2024-10-09,6118.22,Card,Paid
15653,15653,2025-10-04,789.17,Wallet,Pending
15654,15654,2024-01-28,6052.84,Wallet,Paid
15655,15655,2024-04-10,3803.89,Bank,Paid
15656,15656,2026-05-06,3332.52,Wallet,Paid
15657,15657,2024-07-22,2520.6,Bank,Paid
15658,15658,2024-02-12,6173.69,Card,Paid
15659,15659,2024-06-23,4947.42,Wallet,Pending
15660,15660,2025-12-06,1316.31,Wallet,Paid
15661,15661,2025-04-22,1796.46,UPI,Paid
15662,15662,2026-03-13,542.79,Card,Paid
15663,15663,2025-10-24,5656.63,Card,Paid
15664,15664,2024-01-07,3185.18,UPI,Paid
15665,15665,2026-03-31,615.67,UPI,Paid
15666,15666,2024-01-31,2100.07,Card,Paid
15667,15667,2024-12-12,848.7,Bank,Failed
15668,15668,2025-10-23,1871.4,Bank,Paid
15669,15669,2024-05-11,4083.05,Wallet,Paid
15670,15670,2024-06-09,2756.82,Bank,Paid
15671,15671,2024-01-09,789.62,Bank,Paid
15672,15672,2025-04-11,6784.92,Wallet,Paid
15673,15673,2025-09-01,2785.88,Wallet,Paid
15674,15674,2024-05-24,811.19,UPI,Paid
15675,15675,2025-07-07,1793.98,Card,Paid
15676,15676,2024-11-27,5060.0,Card,Paid
15677,15677,2025-01-01,956.85,UPI,Paid
15678,15678,2025-03-01,1388.36,Bank,Paid
15679,15679,2024-07-30,4778.59,Bank,Paid
15680,15680,2024-12-27,843.34,Bank,Paid
15681,15681,2026-03-25,269.64,UPI,Paid
15682,15682,2024-02-21,3259.42,Bank,Paid
15683,15683,2024-02-25,118.5,Card,Paid
15684,15684,2024-02-19,4370.76,Bank,Paid
15685,15685,2025-12-27,7070.23,Card,Paid
15686,15686,2025-07-31,1311.62,Card,Paid
15687,15687,2026-05-22,5940.38,Wallet,Pending
15688,15688,2026-01-29,287.39,Card,Paid
15689,15689,2024-05-30,3580.71,Card,Paid
15690,15690,2025-08-31,280.22,Card,Paid
15691,15691,2026-03-11,86.71,Wallet,Paid
15692,15692,2026-06-07,1036.1,UPI,Paid
15693,15693,2024-12-10,5367.15,UPI,Paid
15694,15694,2025-06-02,820.4,UPI,Paid
15695,15695,2024-09-03,3656.32,UPI,Pending
15696,15696,2026-06-10,4404.02,UPI,Paid
15697,15697,2024-06-23,2069.21,Bank,Paid
15698,15698,2024-09-22,4056.97,Bank,Paid
15699,15699,2024-11-05,4468.27,Card,Paid
15700,15700,2025-06-04,2644.17,Wallet,Paid
15701,15701,2026-07-29,1208.24,UPI,Paid
15702,15702,2025-03-04,3389.68,Bank,Paid
15703,15703,2024-07-19,2753.8,Bank,Paid
15704,15704,2024-12-15,7848.65,Bank,Paid
15705,15705,2025-06-25,252.64,UPI,Paid
15706,15706,2025-12-02,3521.44,Card,Paid
15707,15707,2025-03-22,3635.27,Card,Paid
15708,15708,2026-02-15,5954.93,Bank,Paid
15709,15709,2025-03-07,1922.96,UPI,Paid
15710,15710,2025-12-08,673.61,Bank,Paid
15711,15711,2024-11-17,60.65,Card,Paid
15712,15712,2025-02-20,193.01,UPI,Paid
15713,15713,2024-06-06,3204.81,Card,Paid
15714,15714,2026-05-05,4155.87,Card,Paid
15715,15715,2026-05-30,545.0,UPI,Paid
15716,15716,2025-08-01,4588.41,Bank,Paid
15717,15717,2025-12-18,4242.91,Bank,Paid
15718,15718,2025-09-22,373.22,Bank,Paid
15719,15719,2024-02-15,4909.56,UPI,Paid
15720,15720,2024-09-29,1507.52,Card,Paid
15721,15721,2025-10-31,3041.79,Wallet,Paid
15722,15722,2024-12-16,391.58,Card,Pending
15723,15723,2024-09-19,2762.87,Wallet,Paid
15724,15724,2024-01-17,853.63,Wallet,Paid
15725,15725,2024-03-16,1440.82,UPI,Paid
15726,15726,2025-03-12,4117.37,Wallet,Failed
15727,15727,2026-04-12,5091.98,UPI,Paid
15728,15728,2025-06-22,4981.43,Wallet,Paid
15729,15729,2026-08-17,566.4,UPI,Pending
15730,15730,2024-01-07,3880.92,Bank,Paid
15731,15731,2025-12-02,362.36,Bank,Paid
15732,15732,2025-11-23,4420.33,Bank,Paid
15733,15733,2024-02-05,2603.31,Bank,Paid
15734,15734,2025-09-02,2828.11,Bank,Paid
15735,15735,2024-04-06,3195.82,UPI,Paid
15736,15736,2026-03-30,2518.1,Wallet,Paid
15737,15737,2025-09-18,1380.79,Wallet,Pending
15738,15738,2025-09-13,4223.86,Card,Pending
15739,15739,2025-09-09,6643.43,Card,Paid
15740,15740,2025-07-10,1835.86,Card,Pending
15741,15741,2024-02-29,2385.19,UPI,Paid
15742,15742,2026-02-22,4874.09,Card,Paid
15743,15743,2026-06-09,3875.55,Bank,Paid
15744,15744,2024-12-11,152.53,Wallet,Paid
15745,15745,2024-03-19,2379.09,Bank,Paid
15746,15746,2025-03-18,3158.88,Bank,Paid
15747,15747,2024-04-21,4283.71,Bank,Paid
15748,15748,2025-09-16,3819.38,UPI,Paid
15749,15749,2026-07-16,5198.2,UPI,Paid
15750,15750,2026-01-25,7289.54,UPI,Paid
15751,15751,2024-06-29,3131.42,Card,Paid
15752,15752,2024-03-26,2355.38,Bank,Failed
15753,15753,2025-09-23,4958.64,Bank,Paid
15754,15754,2025-06-11,478.56,Card,Failed
15755,15755,2024-05-28,620.25,Card,Pending
15756,15756,2025-04-01,3793.96,Card,Paid
15757,15757,2025-09-24,5080.16,Wallet,Paid
15758,15758,2024-04-25,5033.17,Bank,Paid
15759,15759,2025-09-03,800.26,Card,Paid
15760,15760,2024-11-16,118.04,Wallet,Paid
15761,15761,2025-08-09,1454.5,Bank,Paid
15762,15762,2024-08-18,1043.7,Wallet,Failed
15763,15763,2026-08-27,2791.7,Card,Paid
15764,15764,2025-02-16,941.06,Bank,Failed
15765,15765,2024-07-04,362.83,Bank,Pending
15766,15766,2025-08-19,3390.76,Wallet,Paid
15767,15767,2024-11-20,1688.4,Wallet,Paid
15768,15768,2025-03-20,3925.73,UPI,Paid
15769,15769,2024-04-23,4932.0,Wallet,Failed
15770,15770,2025-11-10,8499.11,UPI,Paid
15771,15771,2025-07-16,4116.22,Bank,Paid
15772,15772,2025-09-20,1577.8,UPI,Paid
15773,15773,2024-12-23,242.13,Wallet,Paid
15774,15774,2025-05-22,6332.57,Wallet,Paid
15775,15775,2024-05-13,4649.17,UPI,Paid
15776,15776,2025-08-28,1828.88,UPI,Paid
15777,15777,2025-01-04,4239.86,Bank,Paid
15778,15778,2026-04-18,1765.42,Wallet,Paid
15779,15779,2025-04-04,1698.84,Wallet,Paid
15780,15780,2024-04-08,1834.9,UPI,Paid
15781,15781,2024-11-15,4511.41,Wallet,Paid
15782,15782,2026-03-23,273.16,UPI,Paid
15783,15783,2026-01-29,1349.37,UPI,Paid
15784,15784,2024-12-22,3377.44,Card,Paid
15785,15785,2026-06-15,1111.86,Wallet,Paid
15786,15786,2025-12-15,3033.65,UPI,Paid
15787,15787,2025-03-16,589.99,Card,Paid
15788,15788,2025-07-12,1461.67,UPI,Paid
15789,15789,2024-07-05,1907.94,UPI,Paid
15790,15790,2024-05-09,3743.26,Card,Paid
15791,15791,2026-04-04,196.2,Bank,Failed
15792,15792,2024-03-31,6801.53,Wallet,Paid
15793,15793,2025-02-15,2912.07,Card,Paid
15794,15794,2024-11-03,6541.41,UPI,Paid
15795,15795,2025-06-16,571.69,UPI,Paid
15796,15796,2024-11-14,2331.13,Wallet,Pending
15797,15797,2025-11-02,3843.23,Bank,Pending
15798,15798,2024-12-10,3818.15,Wallet,Paid
15799,15799,2026-01-07,1763.65,UPI,Paid
15800,15800,2025-12-06,3961.44,Bank,Paid
15801,15801,2024-12-13,1354.16,UPI,Paid
15802,15802,2025-02-04,1581.02,UPI,Paid
15803,15803,2026-01-25,3815.56,UPI,Paid
15804,15804,2024-07-04,6771.01,Wallet,Paid
15805,15805,2024-03-26,5286.87,Wallet,Paid
15806,15806,2024-02-27,1437.78,Bank,Pending
15807,15807,2025-12-17,1735.36,UPI,Paid
15808,15808,2025-12-28,2127.09,UPI,Paid
15809,15809,2024-08-28,1420.56,Bank,Paid
15810,15810,2026-04-29,508.12,Card,Paid
15811,15811,2024-08-19,10527.39,Card,Paid
15812,15812,2025-05-02,221.49,Wallet,Paid
15813,15813,2025-02-24,4018.27,UPI,Paid
15814,15814,2025-11-13,1509.86,Bank,Paid
15815,15815,2024-05-29,7366.8,UPI,Paid
15816,15816,2026-04-29,3117.35,Card,Paid
15817,15817,2025-10-12,1861.78,Card,Paid
15818,15818,2024-03-26,2041.43,Bank,Paid
15819,15819,2025-10-30,178.04,UPI,Paid
15820,15820,2025-05-29,1438.69,Bank,Paid
15821,15821,2024-01-04,3175.54,UPI,Pending
15822,15822,2024-05-22,1070.67,Card,Paid
15823,15823,2024-11-29,354.11,UPI,Paid
15824,15824,2024-03-31,4282.24,UPI,Paid
15825,15825,2024-12-10,3557.59,Wallet,Paid
15826,15826,2026-02-08,2181.36,Bank,Paid
15827,15827,2025-12-09,5010.58,Wallet,Paid
15828,15828,2025-04-27,4464.31,UPI,Paid
15829,15829,2026-04-05,4014.37,Wallet,Paid
15830,15830,2024-07-07,5308.67,Bank,Paid
15831,15831,2025-05-03,91.48,Card,Paid
15832,15832,2024-04-11,1765.94,Bank,Failed
15833,15833,2025-10-24,3146.86,Bank,Paid
15834,15834,2024-12-13,4538.77,Card,Paid
15835,15835,2026-06-03,733.42,Wallet,Paid
15836,15836,2024-02-12,4288.27,Bank,Paid
15837,15837,2026-01-27,565.54,Card,Paid
15838,15838,2025-11-26,3482.12,UPI,Paid
15839,15839,2025-09-20,2860.02,Card,Paid
15840,15840,2024-09-01,4794.44,Wallet,Pending
15841,15841,2024-11-11,3835.68,Card,Paid
15842,15842,2024-09-18,3068.52,Bank,Paid
15843,15843,2026-03-04,274.67,Card,Paid
15844,15844,2024-09-06,573.89,Bank,Paid
15845,15845,2025-10-02,2317.11,UPI,Paid
15846,15846,2024-02-16,1787.01,UPI,Paid
15847,15847,2024-05-07,4589.46,UPI,Paid
15848,15848,2026-01-11,307.63,Card,Paid
15849,15849,2025-09-09,5087.61,UPI,Paid
15850,15850,2025-07-23,1323.26,UPI,Paid
15851,15851,2026-04-20,8775.25,Wallet,Paid
15852,15852,2024-08-21,932.56,Wallet,Paid
15853,15853,2024-09-13,3792.23,Bank,Paid
15854,15854,2024-08-11,3276.97,UPI,Paid
15855,15855,2024-04-23,1089.66,Bank,Paid
15856,15856,2024-07-18,3892.06,Wallet,Paid
15857,15857,2026-04-04,3071.07,UPI,Paid
15858,15858,2025-02-08,2101.91,Bank,Paid
15859,15859,2024-01-26,1959.77,UPI,Paid
15860,15860,2025-06-26,1015.75,Bank,Paid
15861,15861,2026-01-06,2360.18,Card,Paid
15862,15862,2024-09-16,4203.81,Card,Failed
15863,15863,2025-01-20,3845.91,UPI,Paid
15864,15864,2025-12-31,4981.07,Card,Paid
15865,15865,2024-08-30,2830.39,Bank,Paid
15866,15866,2024-01-15,5014.82,Wallet,Paid
15867,15867,2025-10-02,2904.63,Wallet,Paid
15868,15868,2024-05-13,1460.37,Wallet,Paid
15869,15869,2024-08-17,8582.95,Bank,Paid
15870,15870,2026-08-24,1123.26,Bank,Paid
15871,15871,2025-07-20,6727.57,Bank,Paid
15872,15872,2026-02-17,2705.06,Card,Paid
15873,15873,2026-02-13,2300.31,Card,Paid
15874,15874,2026-08-19,84.55,Card,Paid
15875,15875,2024-04-24,300.73,Card,Paid
15876,15876,2025-10-12,3661.77,Wallet,Paid
15877,15877,2024-08-21,4152.51,Card,Paid
15878,15878,2025-12-01,1070.51,Bank,Paid
15879,15879,2025-10-24,7686.67,UPI,Paid
15880,15880,2024-06-26,2545.75,Card,Paid
15881,15881,2026-07-14,4980.56,Bank,Paid
15882,15882,2025-07-14,3653.18,UPI,Paid
15883,15883,2025-10-29,1478.97,UPI,Paid
15884,15884,2025-09-25,849.6,UPI,Paid
15885,15885,2026-01-04,533.19,UPI,Paid
15886,15886,2025-10-21,5359.98,UPI,Paid
15887,15887,2024-04-04,2290.62,Card,Paid
15888,15888,2025-09-10,5185.73,Bank,Paid
15889,15889,2025-05-31,332.09,Wallet,Paid
15890,15890,2024-11-01,145.36,Wallet,Paid
15891,15891,2026-04-29,6705.0,Card,Paid
15892,15892,2024-12-21,5453.56,Wallet,Paid
15893,15893,2026-02-11,462.67,UPI,Paid
15894,15894,2026-04-23,1073.74,Bank,Paid
15895,15895,2026-02-20,57.44,Wallet,Pending
15896,15896,2025-04-09,1989.02,Bank,Paid
15897,15897,2026-06-20,2065.38,Wallet,Paid
15898,15898,2025-01-01,4110.31,Card,Paid
15899,15899,2024-11-15,2537.14,Bank,Pending
15900,15900,2024-08-17,3300.47,UPI,Paid
15901,15901,2024-04-09,4182.57,Wallet,Paid
15902,15902,2025-11-14,2342.17,Bank,Paid
15903,15903,2024-12-21,2031.76,Card,Paid
15904,15904,2026-01-05,3419.64,Wallet,Paid
15905,15905,2025-03-24,8713.37,UPI,Paid
15906,15906,2026-03-02,490.91,UPI,Paid
15907,15907,2026-08-23,330.33,UPI,Paid
15908,15908,2025-02-02,5843.35,Bank,Paid
15909,15909,2026-08-12,2187.98,Bank,Paid
15910,15910,2024-06-20,5176.57,Bank,Paid
15911,15911,2025-11-21,1699.77,Wallet,Paid
15912,15912,2024-09-13,262.69,Card,Paid
15913,15913,2024-02-04,817.17,Card,Paid
15914,15914,2024-11-20,3997.41,UPI,Paid
15915,15915,2024-05-31,4611.89,Bank,Paid
15916,15916,2025-12-26,2450.53,UPI,Paid
15917,15917,2025-01-01,2376.15,Card,Paid
15918,15918,2025-06-09,2275.47,Card,Paid
15919,15919,2024-07-19,336.96,Wallet,Paid
15920,15920,2025-09-02,3958.2,Card,Paid
15921,15921,2024-12-07,568.53,UPI,Paid
15922,15922,2024-04-08,637.71,Card,Paid
15923,15923,2025-01-27,2167.58,Wallet,Pending
15924,15924,2026-06-29,1625.87,Card,Paid
15925,15925,2024-12-22,4548.26,Card,Paid
15926,15926,2026-04-12,774.7,Bank,Paid
15927,15927,2025-08-17,5758.73,Wallet,Paid
15928,15928,2026-02-28,4907.77,UPI,Paid
15929,15929,2026-03-21,2214.79,Wallet,Paid
15930,15930,2025-05-03,294.64,UPI,Paid
15931,15931,2025-01-26,2008.7,UPI,Paid
15932,15932,2024-11-12,111.95,UPI,Pending
15933,15933,2025-03-20,5828.8,Wallet,Paid
15934,15934,2024-08-15,2878.65,Bank,Paid
15935,15935,2024-03-09,5285.83,Card,Paid
15936,15936,2025-08-27,4377.08,UPI,Paid
15937,15937,2024-05-18,1492.33,Wallet,Paid
15938,15938,2025-04-01,3656.11,Card,Paid
15939,15939,2024-03-20,4272.35,Wallet,Paid
15940,15940,2026-08-06,2346.24,Bank,Paid
15941,15941,2024-09-30,2305.1,Card,Paid
15942,15942,2024-06-05,307.55,Card,Paid
15943,15943,2026-02-11,1957.45,Bank,Paid
15944,15944,2026-02-08,616.76,Bank,Paid
15945,15945,2026-03-25,1746.15,Bank,Paid
15946,15946,2025-09-03,8933.64,UPI,Paid
15947,15947,2025-05-26,7998.69,Bank,Paid
15948,15948,2024-07-16,474.08,Card,Failed
15949,15949,2026-03-31,2779.12,Bank,Paid
15950,15950,2026-02-19,636.42,Card,Paid
15951,15951,2024-05-26,232.49,Card,Paid
15952,15952,2025-01-02,6680.89,Wallet,Paid
15953,15953,2024-04-27,1946.94,UPI,Failed
15954,15954,2025-10-06,2598.25,UPI,Paid
15955,15955,2026-08-20,4470.05,Bank,Paid
15956,15956,2026-04-14,2626.29,UPI,Paid
15957,15957,2024-09-08,5984.31,UPI,Paid
15958,15958,2025-07-01,3209.6,Card,Paid
15959,15959,2024-08-03,4198.16,Wallet,Paid
15960,15960,2024-02-21,505.6,Wallet,Failed
15961,15961,2024-01-31,156.72,Bank,Failed
15962,15962,2025-03-01,1982.87,Card,Paid
15963,15963,2024-03-04,5443.3,Bank,Paid
15964,15964,2025-05-22,458.35,Wallet,Paid
15965,15965,2024-05-01,2585.38,UPI,Paid
15966,15966,2026-08-26,2994.83,Bank,Paid
15967,15967,2025-12-29,375.48,UPI,Paid
15968,15968,2024-12-27,945.32,UPI,Paid
15969,15969,2025-07-20,1479.81,Bank,Paid
15970,15970,2026-06-04,2160.53,Wallet,Paid
15971,15971,2025-04-04,6936.74,Wallet,Paid
15972,15972,2025-10-17,2573.11,UPI,Paid
15973,15973,2026-01-07,786.07,UPI,Paid
15974,15974,2025-11-09,1677.06,Wallet,Paid
15975,15975,2026-05-12,2437.13,Bank,Paid
15976,15976,2024-07-07,740.38,Card,Paid
15977,15977,2026-02-28,4904.42,Bank,Paid
15978,15978,2024-05-10,1923.58,Wallet,Paid
15979,15979,2026-08-27,1320.92,Card,Paid
15980,15980,2025-06-12,4441.48,Wallet,Paid
15981,15981,2025-06-22,5724.5,UPI,Paid
15982,15982,2025-07-24,1527.18,Card,Paid
15983,15983,2024-06-02,866.77,Bank,Paid
15984,15984,2026-07-20,5006.76,Wallet,Paid
15985,15985,2025-09-22,2588.73,Bank,Paid
15986,15986,2024-09-16,5157.73,UPI,Paid
15987,15987,2024-06-30,659.49,Wallet,Paid
15988,15988,2025-07-14,2486.06,Wallet,Paid
15989,15989,2026-01-01,3162.47,Card,Paid
15990,15990,2025-02-11,3381.47,Bank,Paid
15991,15991,2026-01-15,3001.26,Wallet,Paid
15992,15992,2025-03-10,3120.11,UPI,Paid
15993,15993,2025-07-25,2002.7,Card,Paid
15994,15994,2024-07-14,190.26,Bank,Paid
15995,15995,2025-08-09,5698.96,Bank,Paid
15996,15996,2026-02-22,6448.41,Card,Paid
15997,15997,2024-05-28,3774.25,Card,Paid
15998,15998,2025-12-17,88.59,Card,Paid
15999,15999,2024-12-04,3065.6,Bank,Paid
16000,16000,2024-03-10,1632.48,Bank,Paid
16001,16001,2024-10-06,8328.8,UPI,Paid
16002,16002,2025-03-23,5537.08,Wallet,Paid
16003,16003,2025-05-29,7390.11,Card,Paid
16004,16004,2024-11-04,536.9,Bank,Paid
16005,16005,2026-06-24,7279.2,UPI,Failed
16006,16006,2024-10-03,5751.45,Bank,Paid
16007,16007,2026-07-17,893.66,Card,Paid
16008,16008,2024-07-05,4691.66,Bank,Paid
16009,16009,2025-02-21,6750.81,Bank,Paid
16010,16010,2026-08-06,1051.97,UPI,Paid
16011,16011,2024-05-31,5470.09,Wallet,Paid
16012,16012,2025-05-28,2855.03,Bank,Paid
16013,16013,2026-02-17,2867.16,Bank,Paid
16014,16014,2025-03-14,2282.67,Card,Paid
16015,16015,2026-02-26,670.91,UPI,Paid
16016,16016,2024-08-16,4753.38,UPI,Paid
16017,16017,2024-01-25,8284.14,UPI,Paid
16018,16018,2026-04-30,4069.34,Bank,Paid
16019,16019,2025-12-25,387.75,Wallet,Paid
16020,16020,2025-09-01,2337.64,Wallet,Paid
16021,16021,2024-03-12,3730.86,Bank,Paid
16022,16022,2026-08-02,2860.6,Wallet,Paid
16023,16023,2025-06-22,2532.48,UPI,Paid
16024,16024,2025-02-08,3843.42,Bank,Paid
16025,16025,2025-01-16,2432.24,Card,Paid
16026,16026,2026-05-26,3753.38,Wallet,Paid
16027,16027,2026-07-17,4436.78,UPI,Paid
16028,16028,2026-03-02,4031.34,Wallet,Paid
16029,16029,2025-07-16,3919.52,Wallet,Paid
16030,16030,2026-03-01,2142.33,UPI,Paid
16031,16031,2024-06-18,4333.8,Bank,Paid
16032,16032,2025-07-25,363.86,UPI,Paid
16033,16033,2025-08-15,5639.51,Bank,Paid
16034,16034,2024-11-14,1651.46,UPI,Paid
16035,16035,2026-02-23,3403.45,UPI,Paid
16036,16036,2026-01-15,3933.17,Bank,Paid
16037,16037,2025-12-19,230.58,Bank,Paid
16038,16038,2025-01-20,6178.91,UPI,Paid
16039,16039,2024-11-04,3817.19,Wallet,Paid
16040,16040,2025-12-09,1013.19,Card,Paid
16041,16041,2024-05-17,4499.24,Bank,Paid
16042,16042,2025-10-15,3562.15,Card,Paid
16043,16043,2025-08-20,4320.39,Wallet,Pending
16044,16044,2024-03-02,6946.89,UPI,Paid
16045,16045,2025-07-16,2745.31,UPI,Failed
16046,16046,2026-03-08,1222.17,UPI,Paid
16047,16047,2025-05-17,5044.37,Bank,Paid
16048,16048,2024-10-08,5802.54,Bank,Paid
16049,16049,2024-11-01,4565.03,Bank,Paid
16050,16050,2025-11-26,1140.59,UPI,Paid
16051,16051,2025-03-30,1474.36,Card,Paid
16052,16052,2024-10-27,1711.49,UPI,Paid
16053,16053,2026-08-11,4009.48,Bank,Paid
16054,16054,2025-10-15,1079.05,Wallet,Paid
16055,16055,2026-06-07,3083.7,Bank,Paid
16056,16056,2025-11-20,4108.32,UPI,Paid
16057,16057,2024-04-26,2467.83,Wallet,Paid
16058,16058,2026-04-29,7481.2,Bank,Failed
16059,16059,2026-02-28,3321.1,Bank,Paid
16060,16060,2026-01-22,4123.08,Bank,Paid
16061,16061,2024-05-02,3827.93,Card,Failed
16062,16062,2025-12-03,6876.08,Bank,Paid
16063,16063,2026-01-29,6092.46,Wallet,Pending
16064,16064,2026-02-26,784.23,UPI,Paid
16065,16065,2025-06-08,2523.15,UPI,Paid
16066,16066,2024-02-24,475.22,Wallet,Paid
16067,16067,2025-08-09,3766.23,Wallet,Paid
16068,16068,2024-07-28,4379.54,UPI,Paid
16069,16069,2026-02-14,2585.7,Card,Paid
16070,16070,2026-07-19,7556.7,Bank,Paid
16071,16071,2025-04-18,3723.37,Card,Pending
16072,16072,2026-01-29,2741.74,Wallet,Paid
16073,16073,2025-06-10,2297.79,UPI,Paid
16074,16074,2025-02-07,3520.55,UPI,Paid
16075,16075,2024-02-16,2350.91,Card,Paid
16076,16076,2024-05-11,1200.86,Wallet,Pending
16077,16077,2025-12-11,3207.44,Bank,Paid
16078,16078,2024-07-23,3533.91,Card,Pending
16079,16079,2025-07-05,105.41,Wallet,Paid
16080,16080,2025-06-27,553.4,Bank,Paid
16081,16081,2026-08-02,5666.1,Wallet,Paid
16082,16082,2024-06-21,1063.83,Wallet,Paid
16083,16083,2024-07-23,3715.02,Wallet,Paid
16084,16084,2024-03-20,2017.83,Wallet,Paid
16085,16085,2024-10-05,1308.49,Wallet,Paid
16086,16086,2025-11-13,1988.85,Wallet,Paid
16087,16087,2026-01-14,97.23,Wallet,Pending
16088,16088,2025-01-11,5662.11,UPI,Paid
16089,16089,2024-05-27,3352.51,UPI,Paid
16090,16090,2024-09-30,2842.62,Bank,Paid
16091,16091,2026-04-24,6424.57,UPI,Paid
16092,16092,2025-12-26,4599.1,UPI,Paid
16093,16093,2024-07-03,6318.25,Card,Pending
16094,16094,2024-12-30,2776.5,Bank,Paid
16095,16095,2025-05-28,6909.93,UPI,Paid
16096,16096,2024-12-25,239.34,UPI,Pending
16097,16097,2024-12-27,1315.53,Card,Paid
16098,16098,2026-05-12,5612.36,Card,Paid
16099,16099,2026-02-19,3200.95,Card,Paid
16100,16100,2025-07-08,839.14,Wallet,Paid
16101,16101,2025-08-28,8647.55,UPI,Pending
16102,16102,2025-01-31,4127.87,UPI,Paid
16103,16103,2024-10-28,1279.37,Wallet,Paid
16104,16104,2024-06-24,2761.3,Card,Paid
16105,16105,2025-04-28,4234.29,Wallet,Paid
16106,16106,2025-06-10,1646.89,Card,Paid
16107,16107,2024-09-22,1340.19,Card,Paid
16108,16108,2025-06-01,4566.63,UPI,Paid
16109,16109,2025-01-20,8094.58,Wallet,Pending
16110,16110,2024-06-23,4702.11,Bank,Paid
16111,16111,2025-10-15,5221.0,Wallet,Paid
16112,16112,2025-12-02,1898.01,UPI,Paid
16113,16113,2025-11-13,4921.0,Bank,Paid
16114,16114,2025-12-20,2921.12,UPI,Paid
16115,16115,2025-06-13,1366.83,Bank,Paid
16116,16116,2025-06-04,3649.65,Card,Paid
16117,16117,2024-09-14,1783.15,UPI,Paid
16118,16118,2025-05-09,4515.6,UPI,Paid
16119,16119,2024-08-16,1676.14,Wallet,Paid
16120,16120,2024-02-26,2503.68,Bank,Paid
16121,16121,2024-05-10,2475.61,Card,Paid
16122,16122,2025-03-17,1827.3,UPI,Paid
16123,16123,2026-01-26,4502.98,Wallet,Paid
16124,16124,2025-11-21,1489.24,Bank,Paid
16125,16125,2025-12-23,5012.67,Wallet,Paid
16126,16126,2025-03-18,3077.47,Card,Failed
16127,16127,2025-02-18,3955.65,UPI,Paid
16128,16128,2026-04-11,4471.52,Card,Paid
16129,16129,2025-04-03,5939.2,Card,Paid
16130,16130,2025-12-08,2462.56,Bank,Paid
16131,16131,2026-07-31,1136.23,UPI,Paid
16132,16132,2025-06-27,671.28,UPI,Paid
16133,16133,2025-04-03,3490.61,Card,Paid
16134,16134,2026-08-07,367.39,Bank,Paid
16135,16135,2025-12-08,3694.62,UPI,Paid
16136,16136,2024-09-10,2742.43,UPI,Paid
16137,16137,2024-09-27,4615.77,Bank,Paid
16138,16138,2024-12-15,1294.6,UPI,Paid
16139,16139,2025-01-14,2466.06,Wallet,Paid
16140,16140,2024-05-11,2677.05,UPI,Paid
16141,16141,2024-04-23,2015.09,Wallet,Paid
16142,16142,2024-07-25,843.81,Card,Paid
16143,16143,2024-12-14,1356.27,Wallet,Failed
16144,16144,2024-05-16,1840.51,Card,Paid
16145,16145,2026-04-25,1510.13,UPI,Pending
16146,16146,2026-05-23,696.75,UPI,Paid
16147,16147,2024-04-11,3174.85,UPI,Paid
16148,16148,2026-02-24,2222.63,Card,Paid
16149,16149,2024-02-01,710.15,UPI,Paid
16150,16150,2024-11-26,2048.86,Card,Paid
16151,16151,2024-09-25,4115.65,Bank,Paid
16152,16152,2026-05-30,5100.63,Bank,Failed
16153,16153,2025-01-30,66.89,Bank,Paid
16154,16154,2025-02-15,807.26,Bank,Paid
16155,16155,2024-03-04,3222.58,Wallet,Paid
16156,16156,2025-04-30,1889.15,Wallet,Paid
16157,16157,2026-04-05,290.85,Wallet,Paid
16158,16158,2024-12-03,4076.37,Card,Paid
16159,16159,2025-09-16,6159.02,Wallet,Paid
16160,16160,2024-06-14,7501.23,Wallet,Paid
16161,16161,2024-12-30,1322.1,Wallet,Paid
16162,16162,2026-01-02,754.18,Wallet,Paid
16163,16163,2026-02-14,1572.2,Wallet,Paid
16164,16164,2025-10-24,2892.19,UPI,Paid
16165,16165,2024-06-08,4599.4,Bank,Paid
16166,16166,2024-09-20,1914.86,UPI,Paid
16167,16167,2025-07-15,3725.21,Wallet,Paid
16168,16168,2025-05-08,4159.59,UPI,Paid
16169,16169,2024-08-04,534.82,Wallet,Paid
16170,16170,2026-03-23,3710.46,UPI,Paid
16171,16171,2024-05-11,2056.09,UPI,Paid
16172,16172,2025-07-17,1328.88,Bank,Paid
16173,16173,2024-06-01,1518.86,Wallet,Paid
16174,16174,2024-02-25,1285.73,Bank,Paid
16175,16175,2025-03-10,2237.8,Card,Paid
16176,16176,2024-11-27,2460.54,Card,Paid
16177,16177,2024-05-25,3725.64,Wallet,Paid
16178,16178,2026-06-19,656.67,Bank,Paid
16179,16179,2024-03-11,5644.25,UPI,Paid
16180,16180,2025-08-20,3042.9,Bank,Paid
16181,16181,2024-11-12,3924.62,Wallet,Paid
16182,16182,2026-03-23,5912.09,UPI,Paid
16183,16183,2024-01-08,2030.57,Wallet,Paid
16184,16184,2026-08-20,3765.89,Card,Failed
16185,16185,2024-04-04,156.26,UPI,Paid
16186,16186,2025-12-19,5001.06,Wallet,Paid
16187,16187,2026-05-08,4335.83,Wallet,Paid
16188,16188,2025-04-20,2610.26,Card,Paid
16189,16189,2024-05-26,1326.74,Card,Paid
16190,16190,2025-08-20,4113.5,Bank,Failed
16191,16191,2024-01-29,5452.14,Card,Paid
16192,16192,2025-06-12,1954.72,UPI,Paid
16193,16193,2026-04-24,2488.78,Wallet,Paid
16194,16194,2026-02-18,3118.71,Bank,Paid
16195,16195,2024-08-04,3282.43,Bank,Paid
16196,16196,2026-01-08,4700.67,Bank,Paid
16197,16197,2024-09-30,6083.91,Card,Paid
16198,16198,2024-03-11,4306.57,UPI,Paid
16199,16199,2024-02-26,1766.24,UPI,Paid
16200,16200,2024-02-11,4593.8,Wallet,Paid
16201,16201,2024-09-27,980.38,Bank,Paid
16202,16202,2025-04-27,4890.74,Bank,Paid
16203,16203,2025-11-29,1710.7,Bank,Paid
16204,16204,2025-01-30,2488.86,UPI,Paid
16205,16205,2025-04-12,4245.96,UPI,Paid
16206,16206,2024-11-12,3170.58,Card,Paid
16207,16207,2025-02-25,4787.88,Bank,Paid
16208,16208,2026-02-25,1258.49,UPI,Paid
16209,16209,2024-07-21,2659.02,Bank,Paid
16210,16210,2024-03-23,5929.38,Bank,Paid
16211,16211,2024-02-14,2711.35,UPI,Paid
16212,16212,2024-07-05,2734.49,Card,Paid
16213,16213,2025-03-18,3017.83,Wallet,Paid
16214,16214,2025-06-21,2375.2,UPI,Paid
16215,16215,2024-10-23,10217.89,UPI,Paid
16216,16216,2026-02-08,8004.34,UPI,Paid
16217,16217,2026-04-23,2835.24,Wallet,Paid
16218,16218,2026-01-11,9075.28,Wallet,Paid
16219,16219,2024-12-05,2388.84,Bank,Paid
16220,16220,2025-09-01,2579.49,Bank,Paid
16221,16221,2024-11-19,1163.14,Wallet,Paid
16222,16222,2024-01-13,1548.93,Wallet,Paid
16223,16223,2026-07-21,5598.44,Bank,Paid
16224,16224,2026-01-01,2465.74,Bank,Paid
16225,16225,2024-06-19,675.27,Card,Paid
16226,16226,2025-03-16,1124.17,Card,Paid
16227,16227,2024-10-05,1127.22,Card,Pending
16228,16228,2025-08-14,256.11,Bank,Paid
16229,16229,2025-06-30,2645.76,Card,Paid
16230,16230,2025-04-17,4878.62,Bank,Paid
16231,16231,2024-07-21,1057.11,Bank,Paid
16232,16232,2024-11-22,3927.34,Card,Failed
16233,16233,2024-03-08,1975.18,Card,Paid
16234,16234,2025-07-22,2676.23,Wallet,Paid
16235,16235,2024-09-24,358.75,UPI,Paid
16236,16236,2025-06-18,4596.18,Card,Paid
16237,16237,2024-05-10,8152.97,Wallet,Paid
16238,16238,2024-11-21,1934.24,UPI,Paid
16239,16239,2026-03-08,248.72,Card,Paid
16240,16240,2026-07-20,4109.25,Card,Paid
16241,16241,2026-06-17,508.49,Wallet,Paid
16242,16242,2024-06-10,1295.78,Wallet,Paid
16243,16243,2026-06-14,2725.63,Wallet,Paid
16244,16244,2025-09-15,3923.33,UPI,Paid
16245,16245,2026-08-18,810.3,UPI,Paid
16246,16246,2026-08-01,4638.85,Wallet,Paid
16247,16247,2025-11-24,2380.8,UPI,Paid
16248,16248,2025-09-15,6128.57,Bank,Paid
16249,16249,2025-12-28,269.65,Bank,Paid
16250,16250,2026-08-18,1045.07,Wallet,Paid
16251,16251,2025-12-18,933.83,Bank,Paid
16252,16252,2025-10-29,2866.42,Bank,Pending
16253,16253,2025-08-04,3422.77,Wallet,Paid
16254,16254,2026-06-20,263.86,Wallet,Paid
16255,16255,2025-05-02,6189.47,Bank,Paid
16256,16256,2024-05-15,5265.82,Card,Paid
16257,16257,2024-11-07,4246.06,UPI,Paid
16258,16258,2025-06-03,253.45,Bank,Paid
16259,16259,2025-01-18,898.61,Wallet,Paid
16260,16260,2024-11-04,3630.95,Bank,Paid
16261,16261,2026-08-09,5591.76,UPI,Paid
16262,16262,2025-04-14,645.97,Card,Paid
16263,16263,2026-04-11,753.81,UPI,Failed
16264,16264,2024-10-27,4975.2,UPI,Paid
16265,16265,2024-02-23,4647.44,Card,Paid
16266,16266,2025-04-27,9665.52,Bank,Paid
16267,16267,2024-11-14,6795.05,Bank,Failed
16268,16268,2024-07-23,367.81,Bank,Paid
16269,16269,2024-05-29,5881.2,Wallet,Paid
16270,16270,2025-10-02,1009.77,Wallet,Paid
16271,16271,2026-02-10,5965.2,Bank,Paid
16272,16272,2024-04-20,370.34,Bank,Paid
16273,16273,2026-06-08,2292.82,Bank,Paid
16274,16274,2025-08-29,776.71,Wallet,Paid
16275,16275,2025-01-18,3739.22,Wallet,Paid
16276,16276,2026-04-18,4666.15,Wallet,Paid
16277,16277,2024-08-12,8160.23,Card,Paid
16278,16278,2026-07-10,2698.34,Wallet,Paid
16279,16279,2025-05-20,795.48,Wallet,Paid
16280,16280,2025-05-20,3963.49,Card,Paid
16281,16281,2024-08-17,5635.01,Card,Paid
16282,16282,2024-10-15,1983.14,Bank,Paid
16283,16283,2025-11-11,3725.17,UPI,Paid
16284,16284,2024-01-12,2182.05,Card,Paid
16285,16285,2024-01-01,5487.33,Card,Paid
16286,16286,2026-03-04,1047.02,Bank,Paid
16287,16287,2026-07-22,3445.07,UPI,Paid
16288,16288,2026-06-23,453.86,Card,Paid
16289,16289,2025-03-19,183.21,UPI,Paid
16290,16290,2025-01-11,2502.72,Wallet,Paid
16291,16291,2026-08-13,1440.78,UPI,Paid
16292,16292,2025-12-28,4889.23,Card,Paid
16293,16293,2024-09-12,1854.03,Wallet,Paid
16294,16294,2026-08-05,3559.31,Card,Paid
16295,16295,2025-04-21,3658.32,UPI,Paid
16296,16296,2024-09-27,5608.31,Wallet,Paid
16297,16297,2025-09-10,6680.09,Wallet,Paid
16298,16298,2026-02-15,424.22,UPI,Paid
16299,16299,2024-09-01,3858.06,UPI,Paid
16300,16300,2024-10-13,4070.34,Bank,Paid
16301,16301,2026-04-03,3075.84,UPI,Paid
16302,16302,2026-07-02,507.36,UPI,Paid
16303,16303,2026-08-22,2954.97,UPI,Paid
16304,16304,2024-12-31,1306.31,UPI,Pending
16305,16305,2024-09-08,4231.12,Wallet,Paid
16306,16306,2025-07-07,2508.48,UPI,Pending
16307,16307,2026-01-03,3606.62,UPI,Paid
16308,16308,2024-10-10,1037.93,Bank,Paid
16309,16309,2026-04-17,3928.27,UPI,Pending
16310,16310,2026-08-18,1923.6,UPI,Paid
16311,16311,2025-07-09,6355.7,Bank,Paid
16312,16312,2025-02-10,3517.66,Bank,Pending
16313,16313,2026-06-05,5679.54,Card,Pending
16314,16314,2026-06-21,3812.7,Card,Paid
16315,16315,2026-07-12,2090.47,Bank,Paid
16316,16316,2025-09-13,7158.01,Card,Paid
16317,16317,2024-11-07,1561.88,Bank,Paid
16318,16318,2025-09-30,6577.99,Bank,Paid
16319,16319,2024-12-26,2146.53,Bank,Paid
16320,16320,2026-04-24,241.95,Wallet,Paid
16321,16321,2024-01-21,1826.14,Card,Paid
16322,16322,2026-07-06,6401.64,Wallet,Paid
16323,16323,2025-01-09,6726.23,Card,Paid
16324,16324,2024-09-23,6723.16,UPI,Paid
16325,16325,2024-09-08,4151.45,Card,Paid
16326,16326,2025-02-05,4745.74,Wallet,Paid
16327,16327,2026-01-09,4640.24,Wallet,Paid
16328,16328,2026-07-13,4269.92,UPI,Paid
16329,16329,2026-01-17,4035.4,UPI,Paid
16330,16330,2025-06-05,783.57,Card,Paid
16331,16331,2024-11-25,3714.29,Wallet,Paid
16332,16332,2025-07-21,6913.41,Wallet,Failed
16333,16333,2025-02-17,920.11,Card,Paid
16334,16334,2026-07-16,2613.08,Card,Paid
16335,16335,2025-01-18,1291.5,Bank,Paid
16336,16336,2025-06-30,3459.81,Bank,Paid
16337,16337,2024-08-16,5036.83,UPI,Paid
16338,16338,2025-07-21,5373.74,UPI,Paid
16339,16339,2024-01-05,3482.69,Wallet,Paid
16340,16340,2024-03-14,2167.26,Wallet,Paid
16341,16341,2026-05-05,2171.19,Wallet,Paid
16342,16342,2024-09-06,4076.79,Card,Paid
16343,16343,2026-08-18,812.43,Wallet,Paid
16344,16344,2025-07-09,1615.4,Wallet,Paid
16345,16345,2024-05-20,4338.12,Bank,Paid
16346,16346,2025-01-23,4005.98,Card,Paid
16347,16347,2024-06-02,4701.51,Card,Paid
16348,16348,2026-03-07,3554.08,Bank,Failed
16349,16349,2024-06-02,5296.63,Card,Paid
16350,16350,2024-06-22,3634.94,Bank,Paid
16351,16351,2025-04-01,4392.96,Card,Paid
16352,16352,2025-04-09,5423.29,UPI,Paid
16353,16353,2025-09-18,1007.3,Card,Paid
16354,16354,2026-03-28,1633.69,Wallet,Paid
16355,16355,2024-06-24,6076.46,Wallet,Pending
16356,16356,2026-05-30,1430.19,UPI,Paid
16357,16357,2024-12-29,877.89,Bank,Paid
16358,16358,2025-12-28,7095.53,Wallet,Paid
16359,16359,2026-01-18,1319.34,Wallet,Paid
16360,16360,2024-12-27,7490.98,UPI,Failed
16361,16361,2024-04-27,1009.67,Wallet,Paid
16362,16362,2025-12-25,6431.53,Wallet,Paid
16363,16363,2026-08-18,2842.83,Bank,Paid
16364,16364,2025-07-07,1844.06,Wallet,Paid
16365,16365,2025-11-03,1266.54,Wallet,Paid
16366,16366,2025-04-13,5078.16,UPI,Paid
16367,16367,2024-02-29,3926.47,Bank,Pending
16368,16368,2024-08-06,2362.61,UPI,Paid
16369,16369,2024-01-31,1734.96,Card,Paid
16370,16370,2025-07-15,548.92,Card,Paid
16371,16371,2024-02-05,4035.44,Bank,Paid
16372,16372,2025-07-09,3216.71,Card,Paid
16373,16373,2025-04-06,1592.18,Card,Paid
16374,16374,2024-12-28,6106.4,UPI,Paid
16375,16375,2025-05-21,1643.74,Wallet,Paid
16376,16376,2025-02-25,6142.17,Bank,Paid
16377,16377,2024-05-31,1962.63,Bank,Paid
16378,16378,2025-09-01,5519.39,Card,Paid
16379,16379,2024-05-03,4367.69,Card,Paid
16380,16380,2025-11-29,989.92,UPI,Paid
16381,16381,2026-01-24,3243.59,Card,Paid
16382,16382,2026-05-11,4088.18,Bank,Paid
16383,16383,2025-03-28,3387.05,Card,Paid
16384,16384,2024-08-23,3009.23,Card,Paid
16385,16385,2024-04-08,480.83,Bank,Paid
16386,16386,2024-05-04,5394.65,Card,Paid
16387,16387,2025-06-13,4238.48,Bank,Paid
16388,16388,2025-01-10,990.22,Bank,Paid
16389,16389,2026-03-07,5910.51,Wallet,Pending
16390,16390,2024-07-07,4228.83,Card,Paid
16391,16391,2025-10-13,4403.89,Bank,Paid
16392,16392,2024-06-06,2342.99,Bank,Paid
16393,16393,2025-03-17,1449.48,Wallet,Paid
16394,16394,2026-01-17,5807.35,Wallet,Paid
16395,16395,2026-04-05,2134.85,UPI,Paid
16396,16396,2026-03-29,3534.47,Card,Paid
16397,16397,2024-03-31,5758.91,UPI,Paid
16398,16398,2025-10-26,5269.16,UPI,Paid
16399,16399,2025-06-13,3587.16,UPI,Paid
16400,16400,2026-06-26,2553.56,Bank,Paid
16401,16401,2024-08-23,5537.25,Card,Paid
16402,16402,2026-06-18,1239.16,Bank,Paid
16403,16403,2025-10-19,5338.47,Wallet,Failed
16404,16404,2025-07-21,3858.05,UPI,Paid
16405,16405,2025-07-01,838.18,Bank,Paid
16406,16406,2024-01-12,8688.33,UPI,Paid
16407,16407,2024-11-17,4746.45,UPI,Paid
16408,16408,2025-01-28,1250.19,Bank,Paid
16409,16409,2024-07-19,1406.25,Bank,Paid
16410,16410,2026-01-01,214.5,Wallet,Paid
16411,16411,2025-07-12,3381.58,Wallet,Paid
16412,16412,2026-02-28,1109.25,Wallet,Paid
16413,16413,2026-06-02,4655.67,Wallet,Paid
16414,16414,2024-05-29,5701.84,Bank,Paid
16415,16415,2024-05-25,367.04,Wallet,Paid
16416,16416,2025-01-31,2908.84,UPI,Paid
16417,16417,2026-04-19,1631.94,Wallet,Paid
16418,16418,2026-05-15,303.49,UPI,Paid
16419,16419,2026-07-26,2637.02,Bank,Paid
16420,16420,2024-10-01,3120.21,Card,Paid
16421,16421,2024-11-15,3012.03,UPI,Paid
16422,16422,2024-09-18,4971.08,UPI,Paid
16423,16423,2024-02-24,3418.23,Card,Paid
16424,16424,2025-02-27,1225.57,Bank,Paid
16425,16425,2026-01-22,3516.65,UPI,Paid
16426,16426,2024-09-02,129.01,UPI,Paid
16427,16427,2026-07-24,1842.66,Bank,Paid
16428,16428,2026-07-20,2375.35,Bank,Pending
16429,16429,2024-05-15,4814.64,UPI,Paid
16430,16430,2024-08-14,662.23,Wallet,Paid
16431,16431,2026-07-10,8962.85,UPI,Paid
16432,16432,2025-06-07,9598.51,UPI,Paid
16433,16433,2026-03-18,2447.66,Card,Paid
16434,16434,2026-04-27,114.94,UPI,Paid
16435,16435,2024-01-11,2711.84,Wallet,Paid
16436,16436,2025-07-20,1543.94,Card,Paid
16437,16437,2025-02-19,941.59,Card,Paid
16438,16438,2024-07-22,3352.1,UPI,Paid
16439,16439,2024-07-10,2863.3,Bank,Failed
16440,16440,2025-06-23,36.68,Wallet,Paid
16441,16441,2026-08-26,4645.48,Bank,Paid
16442,16442,2026-06-13,6928.62,Card,Paid
16443,16443,2025-11-13,594.94,UPI,Pending
16444,16444,2025-08-11,2048.24,Wallet,Paid
16445,16445,2025-01-10,1007.11,Card,Paid
16446,16446,2026-01-18,845.49,UPI,Paid
16447,16447,2024-05-28,3148.95,Card,Paid
16448,16448,2024-02-18,7542.52,UPI,Failed
16449,16449,2024-06-19,1887.03,UPI,Paid
16450,16450,2026-05-11,3554.94,UPI,Paid
16451,16451,2025-09-29,2627.33,Card,Paid
16452,16452,2024-03-31,324.82,Card,Paid
16453,16453,2025-10-09,2184.64,UPI,Failed
16454,16454,2025-03-30,1196.64,UPI,Paid
16455,16455,2025-09-08,2478.03,UPI,Paid
16456,16456,2025-06-09,1312.54,Card,Paid
16457,16457,2025-05-19,7016.67,UPI,Paid
16458,16458,2025-08-09,1953.24,Wallet,Paid
16459,16459,2024-11-22,3905.96,Wallet,Failed
16460,16460,2025-07-07,1825.49,UPI,Paid
16461,16461,2024-11-05,3068.9,Wallet,Paid
16462,16462,2024-05-22,1078.48,UPI,Paid
16463,16463,2024-01-29,1458.15,Wallet,Paid
16464,16464,2026-07-05,5873.85,Card,Paid
16465,16465,2026-02-23,6174.53,UPI,Paid
16466,16466,2024-06-05,727.84,Bank,Paid
16467,16467,2026-03-04,4376.3,Bank,Paid
16468,16468,2026-06-13,6893.71,Wallet,Paid
16469,16469,2025-10-01,726.2,Wallet,Paid
16470,16470,2026-01-25,2552.81,Card,Paid
16471,16471,2026-05-26,1473.81,Wallet,Pending
16472,16472,2024-09-11,4348.09,Wallet,Paid
16473,16473,2024-12-13,5179.95,UPI,Paid
16474,16474,2025-10-20,2163.27,Card,Paid
16475,16475,2024-03-27,2571.85,Bank,Paid
16476,16476,2025-12-31,6338.67,Bank,Paid
16477,16477,2024-07-15,580.23,Card,Paid
16478,16478,2024-07-19,7698.93,Card,Paid
16479,16479,2024-10-03,1507.08,Card,Paid
16480,16480,2026-04-11,845.58,Wallet,Paid
16481,16481,2024-10-28,2855.01,Card,Paid
16482,16482,2026-07-08,3807.92,Bank,Paid
16483,16483,2026-01-30,634.05,Wallet,Paid
16484,16484,2024-03-22,1282.63,Bank,Paid
16485,16485,2026-06-22,3976.02,Bank,Paid
16486,16486,2026-03-16,1815.92,Wallet,Paid
16487,16487,2025-12-11,929.24,Wallet,Paid
16488,16488,2026-04-23,1630.67,Bank,Paid
16489,16489,2024-11-18,365.25,Bank,Paid
16490,16490,2024-02-23,5139.96,Wallet,Paid
16491,16491,2024-01-18,4002.69,Bank,Paid
16492,16492,2025-08-25,4757.78,Wallet,Paid
16493,16493,2026-01-11,8256.06,Card,Paid
16494,16494,2025-06-15,485.98,Bank,Paid
16495,16495,2026-03-11,4495.29,UPI,Paid
16496,16496,2025-05-25,2987.91,Wallet,Paid
16497,16497,2025-12-03,2568.54,Wallet,Paid
16498,16498,2025-10-06,173.27,Card,Paid
16499,16499,2026-01-05,5660.84,Bank,Paid
16500,16500,2024-03-26,3492.38,UPI,Paid
16501,16501,2026-07-31,5754.76,Card,Failed
16502,16502,2026-02-16,6442.56,UPI,Paid
16503,16503,2024-02-28,6997.63,UPI,Paid
16504,16504,2026-03-28,1012.52,Bank,Paid
16505,16505,2026-01-25,8392.95,Wallet,Paid
16506,16506,2024-06-07,965.51,Bank,Paid
16507,16507,2025-01-15,2630.69,UPI,Pending
16508,16508,2025-10-29,3523.55,Card,Paid
16509,16509,2026-07-19,3738.43,Bank,Paid
16510,16510,2024-02-08,795.12,Wallet,Paid
16511,16511,2026-04-23,1678.19,Bank,Failed
16512,16512,2025-02-09,1340.68,Card,Paid
16513,16513,2025-05-12,2344.71,Card,Paid
16514,16514,2024-10-23,2600.83,Bank,Paid
16515,16515,2025-10-02,1636.21,Card,Paid
16516,16516,2024-10-20,1891.8,Bank,Failed
16517,16517,2024-03-31,5089.62,UPI,Paid
16518,16518,2024-12-24,6557.61,Bank,Paid
16519,16519,2024-12-29,2386.9,Wallet,Paid
16520,16520,2026-05-11,1348.24,Bank,Paid
16521,16521,2026-03-02,4845.94,Bank,Paid
16522,16522,2024-03-08,146.13,Card,Paid
16523,16523,2024-06-07,821.82,Card,Paid
16524,16524,2026-06-09,1442.23,UPI,Paid
16525,16525,2025-08-11,1731.04,Card,Paid
16526,16526,2025-12-29,872.49,Card,Paid
16527,16527,2025-05-08,1526.07,Card,Paid
16528,16528,2026-05-03,3963.49,Wallet,Paid
16529,16529,2024-03-28,3947.53,Wallet,Paid
16530,16530,2026-05-07,5343.93,Card,Paid
16531,16531,2024-07-31,4239.31,UPI,Paid
16532,16532,2026-07-13,5583.51,UPI,Paid
16533,16533,2024-05-11,5095.26,Card,Paid
16534,16534,2026-08-13,1072.11,Wallet,Paid
16535,16535,2025-09-21,295.13,UPI,Paid
16536,16536,2026-08-04,5374.23,Card,Paid
16537,16537,2025-09-04,2660.81,Card,Paid
16538,16538,2025-12-17,258.1,Bank,Failed
16539,16539,2026-05-05,4153.87,UPI,Paid
16540,16540,2025-05-25,8643.39,Wallet,Paid
16541,16541,2024-02-22,2274.56,UPI,Paid
16542,16542,2026-06-21,8508.5,Bank,Paid
16543,16543,2025-04-27,6250.22,Card,Paid
16544,16544,2026-07-10,5919.35,UPI,Paid
16545,16545,2024-08-11,4548.71,Card,Paid
16546,16546,2024-05-16,4185.65,Card,Paid
16547,16547,2024-08-06,2395.25,Wallet,Paid
16548,16548,2024-04-20,5553.6,Bank,Paid
16549,16549,2024-07-21,4252.1,Card,Paid
16550,16550,2026-02-10,9150.74,Card,Paid
16551,16551,2024-09-28,7760.37,Wallet,Paid
16552,16552,2026-01-11,4770.73,Bank,Paid
16553,16553,2025-09-28,3310.68,Card,Paid
16554,16554,2026-07-21,5161.9,Wallet,Paid
16555,16555,2025-08-16,3965.01,UPI,Paid
16556,16556,2026-01-29,4727.57,Bank,Paid
16557,16557,2024-04-08,684.19,UPI,Paid
16558,16558,2024-03-30,3281.49,Bank,Paid
16559,16559,2025-03-25,3033.63,UPI,Paid
16560,16560,2026-05-09,2513.96,Wallet,Paid
16561,16561,2025-02-26,8800.23,Wallet,Paid
16562,16562,2024-03-09,4752.87,Bank,Paid
16563,16563,2026-04-28,487.3,Wallet,Paid
16564,16564,2024-04-06,1804.7,UPI,Paid
16565,16565,2025-02-22,1508.63,Bank,Paid
16566,16566,2024-02-12,2521.74,Bank,Paid
16567,16567,2025-08-09,2714.44,Card,Paid
16568,16568,2026-04-21,5192.48,Wallet,Paid
16569,16569,2024-08-23,166.4,Card,Paid
16570,16570,2026-07-11,2969.85,Wallet,Paid
16571,16571,2025-02-13,6458.25,UPI,Paid
16572,16572,2025-04-02,2982.0,Wallet,Paid
16573,16573,2025-03-28,490.23,Bank,Paid
16574,16574,2025-12-08,1388.07,UPI,Paid
16575,16575,2024-05-21,1442.84,Bank,Pending
16576,16576,2024-05-20,3258.92,UPI,Paid
16577,16577,2024-05-29,6980.24,Wallet,Paid
16578,16578,2024-01-07,2888.01,UPI,Paid
16579,16579,2025-06-07,2015.25,Wallet,Failed
16580,16580,2026-08-15,5204.48,Wallet,Failed
16581,16581,2024-10-08,2369.82,Bank,Paid
16582,16582,2024-04-19,1794.27,Bank,Paid
16583,16583,2025-06-09,451.23,Wallet,Paid
16584,16584,2026-06-30,299.5,UPI,Paid
16585,16585,2026-06-15,2812.08,Bank,Paid
16586,16586,2025-01-05,637.19,Bank,Paid
16587,16587,2026-07-17,4243.4,Wallet,Paid
16588,16588,2025-01-05,5289.68,Card,Paid
16589,16589,2025-08-25,2300.89,Bank,Paid
16590,16590,2024-10-11,5238.29,Wallet,Paid
16591,16591,2025-04-12,3751.49,Card,Paid
16592,16592,2024-10-21,1352.23,Card,Paid
16593,16593,2026-02-27,1653.4,Card,Paid
16594,16594,2024-02-06,3663.15,Wallet,Paid
16595,16595,2026-07-17,8952.24,Wallet,Paid
16596,16596,2024-08-03,4760.75,Wallet,Paid
16597,16597,2025-04-25,1086.11,Card,Paid
16598,16598,2025-01-25,2675.36,Wallet,Paid
16599,16599,2025-11-23,1008.38,UPI,Paid
16600,16600,2025-08-22,2229.52,Wallet,Paid
16601,16601,2026-01-06,1212.56,UPI,Paid
16602,16602,2024-11-24,4739.54,Bank,Paid
16603,16603,2025-02-28,1455.36,Wallet,Paid
16604,16604,2024-10-24,8197.81,Wallet,Paid
16605,16605,2024-08-25,4825.36,Wallet,Paid
16606,16606,2024-08-17,4004.61,Wallet,Paid
16607,16607,2026-06-06,2451.14,UPI,Paid
16608,16608,2024-03-25,551.81,Bank,Paid
16609,16609,2026-03-09,2075.56,Card,Paid
16610,16610,2024-06-15,2488.04,UPI,Paid
16611,16611,2026-07-02,6100.29,Wallet,Paid
16612,16612,2024-10-20,3146.5,Wallet,Paid
16613,16613,2024-04-15,6383.45,Card,Paid
16614,16614,2025-06-21,8018.54,Wallet,Paid
16615,16615,2026-06-18,2099.1,Bank,Paid
16616,16616,2024-04-01,2194.88,Bank,Paid
16617,16617,2025-12-14,3632.73,Wallet,Paid
16618,16618,2024-01-11,3507.44,Wallet,Failed
16619,16619,2025-05-23,2852.89,Wallet,Pending
16620,16620,2026-05-13,1928.22,Bank,Paid
16621,16621,2026-07-06,4601.15,Bank,Paid
16622,16622,2024-11-11,2051.86,UPI,Paid
16623,16623,2025-12-12,3017.11,UPI,Paid
16624,16624,2024-08-02,7073.83,UPI,Paid
16625,16625,2025-10-23,2435.43,Card,Paid
16626,16626,2025-09-14,1074.15,Wallet,Pending
16627,16627,2025-10-13,4511.14,Bank,Paid
16628,16628,2026-04-06,3468.39,Card,Paid
16629,16629,2024-01-21,2645.59,Card,Paid
16630,16630,2024-05-17,2479.33,Card,Paid
16631,16631,2026-02-15,5173.72,UPI,Paid
16632,16632,2024-04-15,3262.74,UPI,Paid
16633,16633,2026-08-23,1754.99,UPI,Paid
16634,16634,2024-09-17,4038.12,Card,Paid
16635,16635,2026-01-22,377.61,Wallet,Paid
16636,16636,2024-01-15,5495.07,Bank,Paid
16637,16637,2025-12-13,1663.7,Wallet,Paid
16638,16638,2024-08-10,3112.58,Card,Paid
16639,16639,2025-02-06,1197.37,UPI,Paid
16640,16640,2024-05-26,475.59,Bank,Paid
16641,16641,2026-07-07,3442.89,Card,Paid
16642,16642,2024-08-05,11917.21,UPI,Pending
16643,16643,2026-06-03,4154.51,Wallet,Pending
16644,16644,2025-07-30,270.59,Wallet,Paid
16645,16645,2025-02-21,798.82,UPI,Paid
16646,16646,2025-02-13,3466.83,Bank,Paid
16647,16647,2024-02-17,6413.05,Card,Paid
16648,16648,2024-02-29,1692.85,UPI,Paid
16649,16649,2024-12-14,7489.52,Card,Paid
16650,16650,2026-06-26,4446.58,Wallet,Paid
16651,16651,2024-02-17,4588.94,Bank,Paid
16652,16652,2026-02-12,570.1,UPI,Paid
16653,16653,2024-06-29,2242.73,UPI,Paid
16654,16654,2024-05-02,949.44,Bank,Paid
16655,16655,2024-09-27,89.01,Bank,Paid
16656,16656,2026-07-29,5562.07,Card,Paid
16657,16657,2024-05-11,6602.08,Card,Paid
16658,16658,2026-07-10,3128.97,Bank,Paid
16659,16659,2024-07-06,1099.08,Wallet,Paid
16660,16660,2025-02-05,4553.99,Card,Paid
16661,16661,2026-03-09,5665.16,Wallet,Paid
16662,16662,2024-05-07,1202.63,Bank,Paid
16663,16663,2026-07-15,8182.44,Bank,Paid
16664,16664,2024-12-09,6151.44,Wallet,Failed
16665,16665,2025-09-07,2904.2,Bank,Paid
16666,16666,2025-03-07,2488.21,Bank,Paid
16667,16667,2024-02-16,2304.31,Card,Paid
16668,16668,2025-11-13,5765.09,Bank,Paid
16669,16669,2026-02-09,99.66,Card,Pending
16670,16670,2024-10-10,4081.48,Card,Paid
16671,16671,2025-04-16,5593.01,Bank,Paid
16672,16672,2026-03-11,2629.74,Wallet,Paid
16673,16673,2024-03-30,3239.06,Bank,Paid
16674,16674,2026-03-11,4541.39,Card,Pending
16675,16675,2024-06-12,59.57,Wallet,Paid
16676,16676,2024-10-28,3149.35,Wallet,Paid
16677,16677,2024-03-17,6392.11,Bank,Paid
16678,16678,2025-12-21,31.84,Wallet,Paid
16679,16679,2026-03-19,1496.05,Card,Paid
16680,16680,2026-06-29,5502.39,Card,Failed
16681,16681,2026-08-03,3824.03,Wallet,Paid
16682,16682,2026-02-10,7244.82,Card,Paid
16683,16683,2025-07-11,773.71,Wallet,Paid
16684,16684,2024-12-27,1417.81,UPI,Paid
16685,16685,2026-06-21,3520.87,UPI,Paid
16686,16686,2026-03-03,2282.81,UPI,Paid
16687,16687,2026-04-20,1234.48,Bank,Paid
16688,16688,2025-11-09,1963.72,Wallet,Paid
16689,16689,2026-04-28,926.99,Bank,Paid
16690,16690,2026-06-26,544.41,Card,Paid
16691,16691,2025-08-29,4178.92,UPI,Paid
16692,16692,2025-04-21,2601.63,Wallet,Failed
16693,16693,2026-02-15,2500.23,UPI,Paid
16694,16694,2026-03-16,189.2,Bank,Paid
16695,16695,2024-04-16,66.04,Bank,Paid
16696,16696,2025-04-19,3547.43,Card,Pending
16697,16697,2026-05-03,1078.09,Wallet,Paid
16698,16698,2024-05-02,6724.84,UPI,Paid
16699,16699,2025-03-13,641.7,Card,Paid
16700,16700,2025-03-27,3643.18,Card,Paid
16701,16701,2026-05-15,6176.72,Wallet,Paid
16702,16702,2025-09-25,1513.16,Bank,Paid
16703,16703,2026-08-06,4487.27,Bank,Paid
16704,16704,2024-04-01,3110.04,Card,Paid
16705,16705,2026-04-01,5727.54,Card,Paid
16706,16706,2024-10-17,3409.61,Card,Paid
16707,16707,2024-11-30,1776.21,Wallet,Paid
16708,16708,2024-10-31,6894.93,Card,Paid
16709,16709,2024-08-26,1209.21,Wallet,Paid
16710,16710,2025-08-12,353.5,Card,Paid
16711,16711,2024-05-27,2930.55,Card,Paid
16712,16712,2024-11-05,941.46,Bank,Paid
16713,16713,2025-11-20,4669.99,UPI,Paid
16714,16714,2026-03-24,2547.57,Wallet,Paid
16715,16715,2026-03-26,4704.91,UPI,Paid
16716,16716,2026-02-01,2317.62,UPI,Paid
16717,16717,2024-11-21,1548.93,Card,Paid
16718,16718,2024-05-20,578.45,UPI,Paid
16719,16719,2024-11-21,4713.2,UPI,Paid
16720,16720,2024-06-15,2488.49,Wallet,Paid
16721,16721,2025-07-08,3425.94,Bank,Paid
16722,16722,2025-05-15,914.29,Wallet,Paid
16723,16723,2026-04-05,4080.97,Wallet,Paid
16724,16724,2025-01-21,1183.11,UPI,Paid
16725,16725,2024-03-20,4748.07,Bank,Paid
16726,16726,2026-04-01,6674.4,Card,Paid
16727,16727,2026-08-12,4520.24,Wallet,Paid
16728,16728,2026-01-19,1981.35,Bank,Paid
16729,16729,2024-06-20,3856.05,Wallet,Paid
16730,16730,2025-08-25,3582.08,UPI,Paid
16731,16731,2024-11-27,6603.29,Bank,Paid
16732,16732,2025-10-02,5162.49,Bank,Paid
16733,16733,2025-03-13,1679.05,Card,Paid
16734,16734,2025-12-20,8543.46,Card,Paid
16735,16735,2024-06-15,1273.77,UPI,Paid
16736,16736,2024-06-10,1338.62,Bank,Paid
16737,16737,2025-12-15,636.73,Wallet,Paid
16738,16738,2024-11-28,3978.23,Bank,Paid
16739,16739,2025-11-28,2765.88,Wallet,Paid
16740,16740,2026-03-30,5971.83,Bank,Paid
16741,16741,2026-05-13,785.9,Bank,Paid
16742,16742,2025-03-19,4881.37,Card,Paid
16743,16743,2024-12-03,693.8,Card,Pending
16744,16744,2024-07-19,2097.42,Bank,Paid
16745,16745,2026-04-23,2033.99,UPI,Paid
16746,16746,2024-08-10,2692.7,Bank,Paid
16747,16747,2025-06-01,393.23,Card,Paid
16748,16748,2025-01-14,769.55,Bank,Paid
16749,16749,2026-02-25,809.53,Card,Paid
16750,16750,2024-12-16,1061.2,UPI,Paid
16751,16751,2026-05-22,6299.62,Card,Paid
16752,16752,2025-02-12,141.71,Wallet,Paid
16753,16753,2026-02-23,3844.91,UPI,Paid
16754,16754,2024-07-13,821.77,Bank,Paid
16755,16755,2025-07-04,2149.54,Wallet,Paid
16756,16756,2026-01-04,2731.26,Card,Paid
16757,16757,2024-12-28,1370.71,UPI,Paid
16758,16758,2024-09-08,631.22,Wallet,Paid
16759,16759,2025-09-06,6353.08,Bank,Paid
16760,16760,2026-01-03,9817.33,Card,Failed
16761,16761,2025-02-05,4683.63,Bank,Paid
16762,16762,2025-06-28,9318.67,Bank,Paid
16763,16763,2024-09-11,158.62,Wallet,Paid
16764,16764,2025-04-05,470.75,UPI,Pending
16765,16765,2026-07-15,9379.05,UPI,Paid
16766,16766,2026-01-16,3354.8,Card,Paid
16767,16767,2024-06-20,4739.75,UPI,Paid
16768,16768,2025-05-01,454.52,Card,Paid
16769,16769,2025-08-18,4241.78,Card,Paid
16770,16770,2026-06-19,1183.47,UPI,Paid
16771,16771,2025-08-25,344.7,Card,Pending
16772,16772,2025-10-19,6063.17,Wallet,Paid
16773,16773,2025-08-10,2850.65,Wallet,Paid
16774,16774,2024-11-03,2957.62,Wallet,Paid
16775,16775,2025-02-16,3727.29,UPI,Paid
16776,16776,2025-04-22,4925.52,Wallet,Paid
16777,16777,2025-06-04,3190.51,Card,Paid
16778,16778,2026-05-14,2259.41,UPI,Paid
16779,16779,2024-04-24,5295.08,Bank,Paid
16780,16780,2026-06-27,4275.84,Bank,Paid
16781,16781,2025-12-24,7313.35,Card,Paid
16782,16782,2024-09-20,3852.22,Wallet,Paid
16783,16783,2026-01-20,1111.9,Bank,Pending
16784,16784,2024-12-11,2536.79,Card,Paid
16785,16785,2025-04-05,5641.59,UPI,Paid
16786,16786,2024-04-18,3807.06,UPI,Paid
16787,16787,2025-03-21,1771.11,UPI,Paid
16788,16788,2026-04-18,901.32,Wallet,Paid
16789,16789,2026-03-04,3816.99,Bank,Pending
16790,16790,2025-06-18,3360.23,Card,Paid
16791,16791,2025-06-18,2480.3,Card,Paid
16792,16792,2025-07-15,4055.82,Wallet,Paid
16793,16793,2024-03-02,2499.73,Card,Paid
16794,16794,2025-03-18,5335.02,Bank,Paid
16795,16795,2025-12-04,2984.34,Bank,Paid
16796,16796,2025-07-03,4257.69,UPI,Paid
16797,16797,2025-09-08,2262.54,Card,Paid
16798,16798,2024-10-04,847.56,Wallet,Paid
16799,16799,2026-03-27,2163.89,Card,Paid
16800,16800,2024-06-12,2847.93,Wallet,Paid
16801,16801,2024-03-27,2051.47,Bank,Paid
16802,16802,2024-06-23,1913.35,UPI,Paid
16803,16803,2025-09-27,1913.86,Bank,Paid
16804,16804,2025-06-04,2258.38,Bank,Paid
16805,16805,2024-05-02,581.01,UPI,Paid
16806,16806,2024-05-24,1250.65,Card,Paid
16807,16807,2025-12-28,12512.23,Bank,Pending
16808,16808,2025-05-14,340.77,UPI,Paid
16809,16809,2024-12-24,634.16,Wallet,Paid
16810,16810,2026-03-23,1276.45,Card,Paid
16811,16811,2026-05-22,4442.04,UPI,Paid
16812,16812,2026-08-19,5001.06,UPI,Paid
16813,16813,2024-07-08,158.67,Bank,Paid
16814,16814,2025-10-05,2277.76,Card,Paid
16815,16815,2025-02-09,1065.87,Bank,Paid
16816,16816,2025-07-03,855.93,UPI,Paid
16817,16817,2026-07-25,3504.7,UPI,Failed
16818,16818,2025-07-27,4859.18,UPI,Paid
16819,16819,2025-05-12,1340.56,Bank,Paid
16820,16820,2025-02-22,8527.24,UPI,Paid
16821,16821,2026-05-25,185.66,Wallet,Paid
16822,16822,2025-05-02,976.76,UPI,Paid
16823,16823,2026-04-12,8747.87,UPI,Paid
16824,16824,2026-04-04,6687.75,UPI,Paid
16825,16825,2025-07-20,7209.24,UPI,Paid
16826,16826,2024-01-22,4731.74,Bank,Paid
16827,16827,2025-09-18,1518.79,Wallet,Paid
16828,16828,2024-06-14,3680.16,Bank,Paid
16829,16829,2025-02-06,6538.53,Wallet,Paid
16830,16830,2026-06-18,2380.44,Card,Paid
16831,16831,2024-04-06,687.3,Card,Paid
16832,16832,2025-01-15,3910.78,Bank,Paid
16833,16833,2026-01-20,3591.29,Wallet,Paid
16834,16834,2024-07-21,1665.88,UPI,Paid
16835,16835,2025-12-15,3521.71,Card,Paid
16836,16836,2024-10-04,850.4,Wallet,Paid
16837,16837,2026-06-05,543.81,Card,Failed
16838,16838,2025-10-11,1938.05,Card,Paid
16839,16839,2025-08-08,2621.67,UPI,Paid
16840,16840,2024-11-29,844.04,UPI,Pending
16841,16841,2024-04-19,1733.46,Card,Paid
16842,16842,2024-01-01,5498.14,Bank,Paid
16843,16843,2025-12-17,3963.53,Wallet,Paid
16844,16844,2025-01-19,2395.95,Wallet,Paid
16845,16845,2026-01-02,250.29,Card,Paid
16846,16846,2025-08-30,4222.6,Bank,Paid
16847,16847,2025-02-23,1240.8,Card,Paid
16848,16848,2025-08-02,4507.08,Card,Paid
16849,16849,2024-04-28,3179.63,UPI,Pending
16850,16850,2025-07-02,6134.77,Card,Paid
16851,16851,2025-08-02,4771.89,Wallet,Paid
16852,16852,2026-01-25,5272.49,Wallet,Paid
16853,16853,2025-08-15,2181.42,Card,Paid
16854,16854,2025-06-17,3906.24,UPI,Pending
16855,16855,2024-10-25,1771.25,Wallet,Paid
16856,16856,2026-07-28,2475.17,UPI,Paid
16857,16857,2025-01-08,1969.74,Bank,Paid
16858,16858,2025-06-22,3400.69,UPI,Paid
16859,16859,2024-03-08,5772.7,Bank,Pending
16860,16860,2025-10-09,6147.32,UPI,Paid
16861,16861,2025-05-05,307.31,Wallet,Pending
16862,16862,2025-04-23,602.26,Wallet,Paid
16863,16863,2025-06-16,4158.64,UPI,Paid
16864,16864,2026-05-26,6031.79,Wallet,Paid
16865,16865,2026-02-18,2494.21,UPI,Paid
16866,16866,2024-03-02,2565.92,Bank,Paid
16867,16867,2024-01-06,1812.78,Wallet,Paid
16868,16868,2025-05-06,5597.0,Card,Paid
16869,16869,2026-02-26,3127.32,Wallet,Paid
16870,16870,2025-05-03,4089.63,Wallet,Paid
16871,16871,2024-06-26,6321.2,Card,Paid
16872,16872,2024-07-28,3265.66,Bank,Paid
16873,16873,2024-02-20,2863.28,Card,Paid
16874,16874,2025-01-19,3432.51,UPI,Paid
16875,16875,2025-08-25,2753.64,Bank,Paid
16876,16876,2026-07-28,4223.62,Wallet,Paid
16877,16877,2026-05-27,2736.56,UPI,Paid
16878,16878,2025-04-05,1124.61,UPI,Paid
16879,16879,2026-04-08,6074.63,UPI,Paid
16880,16880,2025-12-26,4852.98,Bank,Paid
16881,16881,2026-02-19,1645.42,UPI,Paid
16882,16882,2024-02-26,5994.17,UPI,Paid
16883,16883,2025-03-24,5237.91,Wallet,Paid
16884,16884,2026-05-20,3507.27,Bank,Paid
16885,16885,2024-02-15,3986.58,UPI,Paid
16886,16886,2024-04-20,3811.35,Bank,Paid
16887,16887,2026-08-05,3505.93,UPI,Paid
16888,16888,2024-07-09,6023.2,Wallet,Paid
16889,16889,2026-04-27,1802.08,Card,Paid
16890,16890,2025-01-15,7844.23,Card,Paid
16891,16891,2025-03-09,2320.77,Wallet,Paid
16892,16892,2025-05-11,1924.42,Wallet,Paid
16893,16893,2025-02-03,2829.76,Wallet,Paid
16894,16894,2025-08-19,5431.87,Bank,Paid
16895,16895,2026-04-11,4052.21,Wallet,Paid
16896,16896,2026-01-25,4033.2,Wallet,Paid
16897,16897,2025-03-19,5526.79,Bank,Paid
16898,16898,2025-05-12,5405.15,UPI,Paid
16899,16899,2026-01-11,2385.43,Bank,Paid
16900,16900,2024-02-01,3980.85,Bank,Paid
16901,16901,2025-06-23,5229.47,Bank,Paid
16902,16902,2026-02-22,3372.6,UPI,Failed
16903,16903,2026-03-11,929.27,Card,Paid
16904,16904,2024-09-04,940.79,UPI,Paid
16905,16905,2026-07-23,3433.5,UPI,Paid
16906,16906,2024-05-31,3162.26,UPI,Paid
16907,16907,2025-08-13,1794.17,Bank,Paid
16908,16908,2024-05-08,609.78,UPI,Paid
16909,16909,2025-03-26,2930.07,Wallet,Paid
16910,16910,2026-05-04,3227.7,Card,Paid
16911,16911,2026-04-13,6199.46,UPI,Paid
16912,16912,2026-01-30,3095.05,Bank,Failed
16913,16913,2026-04-27,4481.05,Wallet,Paid
16914,16914,2024-12-04,4906.82,UPI,Paid
16915,16915,2024-12-14,3814.65,UPI,Paid
16916,16916,2025-09-01,3147.95,Wallet,Pending
16917,16917,2025-03-01,1241.99,Card,Paid
16918,16918,2025-08-22,1078.38,Wallet,Failed
16919,16919,2024-02-04,1376.34,Card,Paid
16920,16920,2024-05-10,2328.83,UPI,Paid
16921,16921,2024-06-11,1556.57,UPI,Paid
16922,16922,2026-05-12,5916.52,UPI,Failed
16923,16923,2024-12-17,3662.29,UPI,Paid
16924,16924,2025-12-27,6112.18,Card,Paid
16925,16925,2025-06-26,4011.9,UPI,Paid
16926,16926,2025-04-30,3791.14,Card,Paid
16927,16927,2026-08-07,115.71,UPI,Paid
16928,16928,2024-04-28,2083.65,UPI,Pending
16929,16929,2025-11-28,5221.25,Card,Paid
16930,16930,2025-07-22,5035.22,Wallet,Paid
16931,16931,2026-05-02,1788.71,Card,Paid
16932,16932,2025-07-08,4896.54,Wallet,Paid
16933,16933,2025-08-17,1105.37,Card,Paid
16934,16934,2025-03-29,4862.64,Wallet,Paid
16935,16935,2024-03-28,157.15,UPI,Paid
16936,16936,2024-05-20,147.42,Card,Paid
16937,16937,2025-04-01,446.51,Wallet,Paid
16938,16938,2025-12-07,1909.82,Bank,Paid
16939,16939,2024-10-20,2673.07,Bank,Failed
16940,16940,2026-08-25,5653.96,UPI,Paid
16941,16941,2024-11-26,3225.61,UPI,Paid
16942,16942,2024-03-04,3207.05,Wallet,Paid
16943,16943,2025-07-17,5133.84,Wallet,Pending
16944,16944,2024-07-13,1534.68,Card,Pending
16945,16945,2025-04-07,6068.11,Bank,Paid
16946,16946,2025-12-12,3049.28,Card,Paid
16947,16947,2025-03-21,2534.52,UPI,Paid
16948,16948,2024-10-26,1552.21,UPI,Paid
16949,16949,2025-10-11,3172.71,Wallet,Pending
16950,16950,2024-12-15,3973.12,Wallet,Paid
16951,16951,2024-01-11,1304.56,Card,Paid
16952,16952,2024-09-18,2778.62,Wallet,Paid
16953,16953,2024-03-03,3589.21,UPI,Paid
16954,16954,2025-08-04,343.9,Bank,Paid
16955,16955,2024-05-18,5080.56,Card,Paid
16956,16956,2025-04-02,6016.88,Wallet,Paid
16957,16957,2025-06-22,7898.26,UPI,Paid
16958,16958,2026-02-16,3997.1,Bank,Paid
16959,16959,2026-03-22,3361.12,UPI,Paid
16960,16960,2025-05-31,1642.85,Wallet,Paid
16961,16961,2025-04-10,1002.21,Card,Paid
16962,16962,2025-12-05,400.06,Bank,Paid
16963,16963,2025-06-10,2103.2,Wallet,Paid
16964,16964,2024-08-23,946.07,UPI,Paid
16965,16965,2024-08-07,1156.05,UPI,Paid
16966,16966,2024-09-03,1560.27,UPI,Paid
16967,16967,2026-05-25,5075.56,Bank,Paid
16968,16968,2024-06-28,3821.99,Card,Paid
16969,16969,2026-04-06,11429.38,UPI,Paid
16970,16970,2026-07-31,3131.94,UPI,Pending
16971,16971,2025-03-03,1713.73,Bank,Failed
16972,16972,2026-02-06,1890.43,UPI,Paid
16973,16973,2024-01-06,769.89,Bank,Paid
16974,16974,2025-10-01,1074.8,Bank,Paid
16975,16975,2024-05-31,1944.37,Bank,Paid
16976,16976,2025-06-09,901.85,Wallet,Paid
16977,16977,2026-06-11,2265.43,UPI,Paid
16978,16978,2024-09-14,1851.87,Bank,Paid
16979,16979,2026-03-25,318.65,Bank,Paid
16980,16980,2025-08-29,1606.34,Wallet,Paid
16981,16981,2025-12-01,3315.67,UPI,Paid
16982,16982,2026-05-26,2945.44,Card,Paid
16983,16983,2025-11-30,5373.27,Bank,Paid
16984,16984,2025-04-07,1262.45,Wallet,Paid
16985,16985,2025-04-01,901.53,Card,Paid
16986,16986,2026-07-08,1627.83,Wallet,Paid
16987,16987,2024-09-06,5464.54,Wallet,Paid
16988,16988,2024-05-22,6590.23,Wallet,Paid
16989,16989,2026-04-15,4529.72,Bank,Paid
16990,16990,2025-10-20,3986.53,Bank,Paid
16991,16991,2025-06-04,4412.3,UPI,Paid
16992,16992,2025-02-25,2303.75,UPI,Paid
16993,16993,2026-03-16,2461.46,Card,Paid
16994,16994,2025-07-07,1746.68,UPI,Paid
16995,16995,2026-08-17,7750.49,Card,Paid
16996,16996,2024-06-30,2957.28,Bank,Paid
16997,16997,2026-01-03,512.47,Card,Paid
16998,16998,2026-04-28,2374.1,Wallet,Paid
16999,16999,2024-04-14,6695.71,Card,Paid
17000,17000,2025-07-05,2225.98,Bank,Paid
17001,17001,2024-01-29,4740.92,Wallet,Paid
17002,17002,2025-04-26,658.05,Wallet,Paid
17003,17003,2024-06-11,5872.88,Card,Paid
17004,17004,2024-07-26,920.86,UPI,Paid
17005,17005,2025-11-07,3928.8,Card,Paid
17006,17006,2025-07-29,4575.61,Card,Paid
17007,17007,2026-06-14,8145.99,Wallet,Paid
17008,17008,2025-01-14,4906.27,Wallet,Paid
17009,17009,2024-08-27,4016.4,UPI,Paid
17010,17010,2025-03-14,628.69,Bank,Paid
17011,17011,2024-12-31,511.32,Card,Paid
17012,17012,2026-01-09,3328.1,Card,Paid
17013,17013,2025-12-30,2698.77,Card,Paid
17014,17014,2024-10-06,4957.29,Wallet,Paid
17015,17015,2025-08-18,2292.07,Card,Paid
17016,17016,2024-07-07,3109.91,Wallet,Paid
17017,17017,2025-01-22,2439.2,Bank,Paid
17018,17018,2024-07-20,4576.03,UPI,Paid
17019,17019,2025-08-16,2089.51,Card,Paid
17020,17020,2026-07-10,5435.51,UPI,Paid
17021,17021,2025-09-14,4619.36,UPI,Paid
17022,17022,2024-03-16,2226.33,Card,Paid
17023,17023,2025-09-25,3035.01,Bank,Paid
17024,17024,2025-06-16,1053.36,UPI,Paid
17025,17025,2026-06-19,1843.37,UPI,Paid
17026,17026,2024-01-08,2621.52,Bank,Paid
17027,17027,2024-02-26,7611.56,Wallet,Paid
17028,17028,2024-08-14,2789.16,UPI,Paid
17029,17029,2026-03-13,2486.26,Wallet,Paid
17030,17030,2024-09-19,9641.5,Bank,Paid
17031,17031,2024-08-08,4224.98,Card,Paid
17032,17032,2024-07-07,719.84,Card,Paid
17033,17033,2026-07-12,7391.64,Wallet,Paid
17034,17034,2024-05-15,1151.73,Bank,Paid
17035,17035,2025-08-20,7245.17,Card,Paid
17036,17036,2025-05-15,4895.74,Wallet,Paid
17037,17037,2025-09-20,1321.47,UPI,Paid
17038,17038,2025-10-25,7224.22,Bank,Paid
17039,17039,2026-05-08,5799.17,Bank,Paid
17040,17040,2025-03-22,4892.59,Card,Paid
17041,17041,2026-08-02,2920.39,UPI,Paid
17042,17042,2026-05-30,3540.77,Card,Paid
17043,17043,2024-05-15,1955.07,UPI,Paid
17044,17044,2024-04-16,4982.1,UPI,Paid
17045,17045,2024-01-04,409.65,Card,Paid
17046,17046,2026-08-13,3321.61,Wallet,Paid
17047,17047,2025-01-20,5961.7,UPI,Paid
17048,17048,2025-03-10,1377.05,Card,Paid
17049,17049,2026-08-23,5230.19,Wallet,Paid
17050,17050,2025-12-13,2857.38,UPI,Paid
17051,17051,2025-03-29,495.69,Wallet,Pending
17052,17052,2025-06-06,383.37,UPI,Paid
17053,17053,2024-11-15,3294.59,UPI,Paid
17054,17054,2024-10-18,611.98,Wallet,Paid
17055,17055,2024-08-01,3770.26,Card,Paid
17056,17056,2025-08-27,101.63,Bank,Paid
17057,17057,2025-05-11,3312.94,Bank,Paid
17058,17058,2025-05-07,2996.76,Wallet,Paid
17059,17059,2025-08-05,223.69,Wallet,Paid
17060,17060,2025-01-29,2226.46,Bank,Paid
17061,17061,2024-04-16,464.33,Card,Paid
17062,17062,2026-07-31,2710.38,Bank,Paid
17063,17063,2025-11-08,3904.38,Card,Paid
17064,17064,2026-03-29,4929.01,Wallet,Paid
17065,17065,2025-12-22,7277.01,Wallet,Paid
17066,17066,2025-03-11,1493.15,Wallet,Paid
17067,17067,2025-08-12,4476.99,Bank,Paid
17068,17068,2025-10-18,429.27,UPI,Paid
17069,17069,2026-03-01,1763.98,Card,Paid
17070,17070,2026-01-29,1309.97,UPI,Pending
17071,17071,2025-05-30,973.18,UPI,Paid
17072,17072,2025-01-02,73.32,Wallet,Pending
17073,17073,2025-01-14,5065.41,Wallet,Paid
17074,17074,2024-06-04,2850.41,Card,Paid
17075,17075,2025-12-15,2611.16,UPI,Paid
17076,17076,2025-10-16,2423.12,UPI,Paid
17077,17077,2024-11-26,5053.76,Wallet,Paid
17078,17078,2025-12-14,4942.48,Wallet,Paid
17079,17079,2025-04-11,5062.87,Bank,Paid
17080,17080,2025-08-19,3959.68,UPI,Paid
17081,17081,2025-11-04,494.67,Bank,Pending
17082,17082,2024-10-14,3523.3,UPI,Paid
17083,17083,2025-01-11,5441.41,Card,Paid
17084,17084,2026-03-15,1941.14,Bank,Paid
17085,17085,2024-04-27,931.46,UPI,Paid
17086,17086,2026-02-21,4427.02,Bank,Paid
17087,17087,2024-07-01,5505.17,Wallet,Failed
17088,17088,2026-02-14,8103.21,UPI,Paid
17089,17089,2024-03-03,7508.85,Bank,Paid
17090,17090,2024-12-24,316.86,Bank,Paid
17091,17091,2024-05-20,7803.87,UPI,Paid
17092,17092,2024-05-22,3188.37,Wallet,Paid
17093,17093,2026-03-01,7048.42,Card,Paid
17094,17094,2024-03-18,4260.23,Bank,Paid
17095,17095,2026-06-10,6025.72,UPI,Paid
17096,17096,2026-05-17,7047.79,Card,Paid
17097,17097,2026-03-13,7005.92,Bank,Paid
17098,17098,2024-06-26,2424.25,Card,Paid
17099,17099,2025-08-08,4675.9,Bank,Paid
17100,17100,2024-12-27,2080.52,Card,Paid
17101,17101,2024-08-17,1861.11,Bank,Paid
17102,17102,2025-12-04,142.62,Wallet,Paid
17103,17103,2026-05-12,950.43,Wallet,Paid
17104,17104,2024-08-23,6288.64,UPI,Paid
17105,17105,2024-05-24,4505.88,UPI,Paid
17106,17106,2024-07-24,3279.5,UPI,Paid
17107,17107,2024-05-24,839.83,Wallet,Paid
17108,17108,2025-04-21,494.64,Bank,Paid
17109,17109,2026-04-26,3478.35,Bank,Paid
17110,17110,2025-08-12,7045.55,Bank,Paid
17111,17111,2026-06-08,221.28,Wallet,Paid
17112,17112,2024-08-01,5235.18,Wallet,Paid
17113,17113,2026-06-24,4382.19,UPI,Paid
17114,17114,2026-04-02,5152.26,UPI,Paid
17115,17115,2024-11-18,311.81,Wallet,Paid
17116,17116,2026-06-30,620.74,Card,Paid
17117,17117,2024-08-20,1549.03,Wallet,Paid
17118,17118,2025-06-30,280.12,Wallet,Paid
17119,17119,2026-01-13,2182.94,Card,Paid
17120,17120,2025-05-23,8919.35,Wallet,Paid
17121,17121,2026-01-14,946.92,Wallet,Paid
17122,17122,2025-08-26,3723.9,Wallet,Paid
17123,17123,2024-01-24,1561.48,Card,Paid
17124,17124,2025-08-12,1394.52,UPI,Failed
17125,17125,2025-09-01,1521.87,Bank,Paid
17126,17126,2026-01-15,3061.16,Bank,Paid
17127,17127,2024-06-25,3553.34,UPI,Paid
17128,17128,2024-06-14,768.86,UPI,Paid
17129,17129,2025-04-01,4155.38,Wallet,Paid
17130,17130,2025-02-15,2616.83,Wallet,Paid
17131,17131,2024-03-06,4727.09,UPI,Paid
17132,17132,2026-03-13,2752.74,UPI,Paid
17133,17133,2024-06-15,2325.51,Card,Paid
17134,17134,2024-03-10,255.37,UPI,Paid
17135,17135,2025-12-03,4968.67,Bank,Failed
17136,17136,2025-12-17,220.7,Card,Paid
17137,17137,2026-06-17,2823.14,Bank,Paid
17138,17138,2024-12-22,7965.45,UPI,Paid
17139,17139,2024-05-16,6414.44,UPI,Paid
17140,17140,2024-08-16,5960.27,Bank,Pending
17141,17141,2025-05-17,1716.85,Card,Paid
17142,17142,2025-11-20,770.62,UPI,Failed
17143,17143,2026-03-04,5571.08,UPI,Paid
17144,17144,2025-05-12,6072.94,Bank,Paid
17145,17145,2026-08-20,4678.89,Bank,Paid
17146,17146,2024-02-15,3216.17,Card,Paid
17147,17147,2025-10-10,3427.42,Bank,Paid
17148,17148,2025-04-01,2773.87,Bank,Paid
17149,17149,2026-04-02,1882.31,UPI,Paid
17150,17150,2024-11-16,3301.73,Wallet,Paid
17151,17151,2026-05-26,3896.65,Bank,Pending
17152,17152,2024-04-14,151.81,UPI,Paid
17153,17153,2026-08-19,1605.82,UPI,Paid
17154,17154,2025-06-09,3051.07,UPI,Paid
17155,17155,2024-02-27,8447.53,Bank,Paid
17156,17156,2025-02-02,2868.04,Card,Paid
17157,17157,2025-02-04,3037.18,Bank,Paid
17158,17158,2024-10-11,607.25,Wallet,Paid
17159,17159,2024-08-28,1112.88,Bank,Paid
17160,17160,2024-06-07,2916.13,Card,Paid
17161,17161,2024-07-22,2956.47,UPI,Paid
17162,17162,2025-07-16,4969.85,Bank,Paid
17163,17163,2026-03-12,5099.41,Bank,Paid
17164,17164,2024-06-02,5075.65,Bank,Paid
17165,17165,2026-04-29,1732.54,Wallet,Paid
17166,17166,2025-01-05,2810.02,Bank,Paid
17167,17167,2025-10-02,2000.7,Card,Paid
17168,17168,2026-08-17,2257.87,Card,Paid
17169,17169,2024-05-04,2884.32,Wallet,Paid
17170,17170,2024-01-23,6574.86,UPI,Paid
17171,17171,2025-06-04,2799.8,UPI,Failed
17172,17172,2024-11-11,3841.68,Card,Paid
17173,17173,2024-02-03,565.36,UPI,Paid
17174,17174,2026-06-24,3188.07,UPI,Paid
17175,17175,2024-07-14,3252.58,Bank,Paid
17176,17176,2025-08-16,2257.93,Card,Paid
17177,17177,2024-11-03,5461.79,Card,Paid
17178,17178,2024-09-01,3183.15,UPI,Paid
17179,17179,2024-09-13,1650.5,UPI,Paid
17180,17180,2024-12-21,439.82,Wallet,Paid
17181,17181,2026-02-01,3125.93,UPI,Paid
17182,17182,2026-06-01,764.77,Bank,Paid
17183,17183,2026-04-12,6360.38,Bank,Paid
17184,17184,2026-05-28,8011.98,Bank,Paid
17185,17185,2024-02-27,5676.11,Wallet,Paid
17186,17186,2025-06-20,433.92,Card,Paid
17187,17187,2024-08-22,307.37,Bank,Paid
17188,17188,2024-08-02,607.91,Card,Paid
17189,17189,2026-07-21,3337.18,Bank,Paid
17190,17190,2026-03-24,5959.74,UPI,Paid
17191,17191,2026-06-21,510.82,Bank,Paid
17192,17192,2025-10-31,312.98,Bank,Paid
17193,17193,2025-06-26,38.48,UPI,Paid
17194,17194,2024-09-29,930.65,UPI,Paid
17195,17195,2025-08-27,4275.22,Card,Paid
17196,17196,2024-05-24,253.77,Bank,Paid
17197,17197,2026-02-27,9060.21,Card,Pending
17198,17198,2026-07-28,2125.16,Bank,Paid
17199,17199,2024-12-16,3667.45,Bank,Paid
17200,17200,2026-04-28,5560.42,UPI,Paid
17201,17201,2026-04-11,4714.16,Bank,Paid
17202,17202,2026-04-18,1330.06,Card,Paid
17203,17203,2024-01-03,3927.51,UPI,Paid
17204,17204,2025-03-12,241.02,Bank,Paid
17205,17205,2024-01-14,1607.18,Card,Paid
17206,17206,2025-12-28,4243.14,Wallet,Paid
17207,17207,2025-05-12,1394.67,Bank,Paid
17208,17208,2026-05-16,1163.03,UPI,Paid
17209,17209,2025-07-17,4385.78,Wallet,Failed
17210,17210,2024-05-12,2054.31,UPI,Paid
17211,17211,2024-04-06,3601.25,Card,Paid
17212,17212,2024-08-08,2001.05,Wallet,Paid
17213,17213,2024-08-06,972.15,Card,Paid
17214,17214,2024-03-04,8449.77,Card,Paid
17215,17215,2026-06-12,2963.8,UPI,Paid
17216,17216,2025-06-09,531.0,Wallet,Paid
17217,17217,2025-05-20,168.85,UPI,Paid
17218,17218,2026-06-18,1986.28,UPI,Paid
17219,17219,2024-03-15,4014.49,Bank,Paid
17220,17220,2025-01-27,6708.73,Bank,Paid
17221,17221,2024-04-11,2962.91,Card,Paid
17222,17222,2025-10-26,5065.63,Wallet,Paid
17223,17223,2024-11-04,4769.62,UPI,Paid
17224,17224,2024-08-06,4708.07,Card,Paid
17225,17225,2024-02-01,3233.2,Card,Paid
17226,17226,2024-08-11,3828.16,UPI,Paid
17227,17227,2024-01-12,600.84,UPI,Paid
17228,17228,2026-03-11,4361.0,UPI,Paid
17229,17229,2026-02-08,3417.48,UPI,Paid
17230,17230,2026-07-16,91.54,Bank,Paid
17231,17231,2024-04-30,681.51,UPI,Failed
17232,17232,2024-07-06,3978.85,Wallet,Paid
17233,17233,2024-07-21,832.3,UPI,Paid
17234,17234,2025-12-24,3253.88,UPI,Paid
17235,17235,2026-01-08,2147.31,UPI,Pending
17236,17236,2024-02-02,10006.72,UPI,Paid
17237,17237,2026-05-18,2328.21,Card,Paid
17238,17238,2025-05-31,3586.69,Wallet,Paid
17239,17239,2025-05-19,1976.64,UPI,Paid
17240,17240,2024-12-02,1752.62,Card,Paid
17241,17241,2026-01-19,5038.05,UPI,Paid
17242,17242,2024-08-02,424.02,Card,Paid
17243,17243,2024-12-28,939.82,Bank,Paid
17244,17244,2026-07-12,659.13,Card,Paid
17245,17245,2025-10-29,1383.93,Card,Paid
17246,17246,2025-09-06,539.72,Card,Paid
17247,17247,2024-09-16,713.68,UPI,Paid
17248,17248,2025-01-12,1470.73,UPI,Paid
17249,17249,2024-06-22,3862.2,UPI,Pending
17250,17250,2024-05-06,2197.1,UPI,Paid
17251,17251,2025-09-29,2987.13,UPI,Paid
17252,17252,2025-02-08,957.72,Bank,Paid
17253,17253,2026-04-02,4017.03,Card,Paid
17254,17254,2026-04-24,1732.97,Wallet,Paid
17255,17255,2025-05-04,820.54,Bank,Paid
17256,17256,2025-03-04,2519.04,Bank,Paid
17257,17257,2025-09-14,6110.73,Card,Pending
17258,17258,2024-10-22,9206.07,Card,Paid
17259,17259,2024-01-03,684.31,UPI,Paid
17260,17260,2025-06-09,5252.63,Wallet,Paid
17261,17261,2024-08-25,2314.58,Card,Paid
17262,17262,2025-07-10,91.4,Card,Paid
17263,17263,2025-01-04,2034.51,Card,Pending
17264,17264,2025-07-30,7318.82,Bank,Paid
17265,17265,2025-10-23,2826.76,Bank,Pending
17266,17266,2025-10-22,8538.64,UPI,Paid
17267,17267,2024-08-07,6809.06,Card,Paid
17268,17268,2024-03-11,3331.65,Card,Pending
17269,17269,2025-02-04,4523.91,UPI,Paid
17270,17270,2024-05-27,4776.92,Wallet,Paid
17271,17271,2025-12-05,1145.37,UPI,Paid
17272,17272,2025-08-10,6663.57,UPI,Paid
17273,17273,2025-01-29,4073.75,Card,Paid
17274,17274,2024-12-01,2535.08,Card,Paid
17275,17275,2024-01-10,5021.72,UPI,Paid
17276,17276,2024-05-17,4956.74,UPI,Paid
17277,17277,2025-06-28,1411.17,Bank,Paid
17278,17278,2025-02-28,1699.39,UPI,Paid
17279,17279,2026-07-08,1844.17,UPI,Paid
17280,17280,2024-01-06,1963.02,Wallet,Paid
17281,17281,2024-11-06,4872.76,Card,Paid
17282,17282,2025-03-28,3146.92,UPI,Paid
17283,17283,2024-06-09,241.49,Card,Paid
17284,17284,2024-08-12,7551.91,Bank,Paid
17285,17285,2026-02-09,3924.85,Bank,Paid
17286,17286,2024-03-08,1988.79,UPI,Paid
17287,17287,2025-04-29,513.84,Wallet,Paid
17288,17288,2025-12-28,1221.14,Card,Paid
17289,17289,2024-01-29,2954.36,Card,Paid
17290,17290,2025-07-01,2367.69,UPI,Paid
17291,17291,2024-10-09,4319.32,Card,Paid
17292,17292,2024-06-21,5692.16,Wallet,Paid
17293,17293,2025-12-13,4505.39,Card,Paid
17294,17294,2026-01-12,324.3,Wallet,Pending
17295,17295,2025-11-12,3371.62,UPI,Paid
17296,17296,2024-06-20,3445.09,UPI,Paid
17297,17297,2025-03-23,811.12,Bank,Paid
17298,17298,2026-06-29,683.96,UPI,Paid
17299,17299,2025-03-05,4889.58,Card,Paid
17300,17300,2024-08-01,2916.45,Bank,Paid
17301,17301,2024-04-20,148.12,Bank,Paid
17302,17302,2024-03-02,1537.74,Bank,Paid
17303,17303,2025-03-14,2802.28,UPI,Paid
17304,17304,2026-03-20,2406.36,Bank,Paid
17305,17305,2026-05-13,4630.35,Bank,Paid
17306,17306,2025-08-26,308.8,Wallet,Paid
17307,17307,2025-05-07,4736.8,Bank,Paid
17308,17308,2024-03-26,2702.47,Card,Pending
17309,17309,2026-03-05,855.83,Wallet,Paid
17310,17310,2025-10-12,5773.06,UPI,Paid
17311,17311,2025-09-14,3857.94,Card,Paid
17312,17312,2025-02-10,8095.25,Bank,Paid
17313,17313,2026-07-17,2705.84,Card,Paid
17314,17314,2025-06-04,2325.26,Card,Paid
17315,17315,2025-11-30,770.99,Bank,Paid
17316,17316,2024-02-17,6258.14,Wallet,Paid
17317,17317,2025-03-20,1388.52,UPI,Paid
17318,17318,2024-05-29,5713.95,Wallet,Paid
17319,17319,2024-12-27,406.82,Card,Paid
17320,17320,2024-01-26,2875.94,Wallet,Paid
17321,17321,2025-04-16,7018.17,Card,Paid
17322,17322,2025-11-30,3535.7,Bank,Paid
17323,17323,2026-03-27,8513.88,Card,Paid
17324,17324,2024-11-04,2882.74,Card,Paid
17325,17325,2024-11-27,1611.4,UPI,Paid
17326,17326,2026-03-28,2437.55,UPI,Paid
17327,17327,2025-11-12,5740.02,Wallet,Paid
17328,17328,2026-06-08,1950.93,Card,Paid
17329,17329,2025-11-30,4941.67,UPI,Paid
17330,17330,2024-09-22,6439.79,Wallet,Paid
17331,17331,2026-02-04,3939.75,Card,Paid
17332,17332,2024-11-02,4754.35,Wallet,Paid
17333,17333,2024-05-31,4884.26,Bank,Paid
17334,17334,2024-10-11,4092.32,Bank,Paid
17335,17335,2024-04-03,3333.38,UPI,Paid
17336,17336,2024-12-09,2696.88,UPI,Paid
17337,17337,2024-06-22,5082.95,Wallet,Paid
17338,17338,2024-04-23,368.9,Card,Paid
17339,17339,2024-05-29,1486.05,Bank,Paid
17340,17340,2026-02-07,2073.37,Wallet,Paid
17341,17341,2026-01-01,4493.46,Wallet,Paid
17342,17342,2025-09-09,333.84,Wallet,Paid
17343,17343,2026-03-09,1868.58,UPI,Paid
17344,17344,2025-07-21,5118.98,UPI,Paid
17345,17345,2024-03-21,2360.89,Wallet,Paid
17346,17346,2024-12-16,849.72,Wallet,Paid
17347,17347,2024-03-28,3753.01,Bank,Paid
17348,17348,2025-01-12,5488.77,UPI,Paid
17349,17349,2024-04-04,1480.17,Card,Failed
17350,17350,2026-01-07,243.66,Card,Paid
17351,17351,2025-04-07,4429.76,Card,Paid
17352,17352,2024-01-23,1726.21,UPI,Paid
17353,17353,2025-03-26,1368.39,Wallet,Paid
17354,17354,2026-01-31,4074.92,Bank,Paid
17355,17355,2025-10-16,1205.38,Wallet,Paid
17356,17356,2025-12-27,306.4,Bank,Paid
17357,17357,2025-02-15,1883.61,UPI,Paid
17358,17358,2024-06-08,6950.32,Wallet,Paid
17359,17359,2024-03-15,177.89,Wallet,Paid
17360,17360,2025-01-12,1167.52,UPI,Paid
17361,17361,2025-01-06,753.93,UPI,Paid
17362,17362,2026-06-06,4141.52,UPI,Failed
17363,17363,2026-07-03,2300.18,Wallet,Paid
17364,17364,2025-08-08,763.1,Bank,Paid
17365,17365,2024-12-10,3275.82,Card,Paid
17366,17366,2024-03-14,1140.61,UPI,Paid
17367,17367,2026-05-31,5709.69,Card,Paid
17368,17368,2026-03-01,1820.6,Card,Paid
17369,17369,2024-08-11,5665.8,Bank,Paid
17370,17370,2026-07-25,6175.55,UPI,Paid
17371,17371,2025-09-27,323.65,UPI,Paid
17372,17372,2025-07-17,273.89,Wallet,Paid
17373,17373,2025-05-13,1508.57,UPI,Paid
17374,17374,2025-11-05,4415.09,Wallet,Paid
17375,17375,2024-07-30,3489.09,Wallet,Paid
17376,17376,2024-07-29,1701.43,Bank,Paid
17377,17377,2024-08-12,139.6,Bank,Paid
17378,17378,2024-09-24,1463.83,Card,Paid
17379,17379,2025-05-11,4059.0,Card,Failed
17380,17380,2025-08-11,5348.3,Bank,Paid
17381,17381,2025-04-06,1428.83,Wallet,Paid
17382,17382,2024-03-13,4762.07,Bank,Paid
17383,17383,2026-04-08,5380.63,Wallet,Paid
17384,17384,2024-05-09,866.51,Bank,Pending
17385,17385,2024-02-23,1178.2,Wallet,Failed
17386,17386,2026-01-30,1864.62,Bank,Paid
17387,17387,2024-10-11,6993.31,UPI,Paid
17388,17388,2024-10-12,2914.12,UPI,Paid
17389,17389,2026-04-28,8798.68,UPI,Paid
17390,17390,2025-01-11,3267.9,UPI,Paid
17391,17391,2024-01-21,3434.27,UPI,Paid
17392,17392,2025-11-13,5555.48,Wallet,Paid
17393,17393,2024-04-25,8702.45,Card,Paid
17394,17394,2025-07-28,1407.96,Card,Paid
17395,17395,2025-11-21,3940.24,Bank,Paid
17396,17396,2025-07-01,2441.13,Bank,Paid
17397,17397,2025-10-29,5625.29,Card,Paid
17398,17398,2026-07-22,1328.19,UPI,Paid
17399,17399,2026-01-03,1002.95,Wallet,Paid
17400,17400,2025-03-29,4715.41,Bank,Paid
17401,17401,2025-09-04,2473.38,Card,Paid
17402,17402,2025-12-08,3490.18,Card,Paid
17403,17403,2025-12-12,3418.03,Wallet,Paid
17404,17404,2024-01-31,3655.15,Wallet,Pending
17405,17405,2025-09-16,5773.98,Bank,Pending
17406,17406,2024-01-12,604.03,UPI,Failed
17407,17407,2024-03-19,7330.77,Card,Paid
17408,17408,2026-01-29,3845.47,UPI,Paid
17409,17409,2024-03-08,3744.36,Bank,Paid
17410,17410,2025-10-20,3820.41,UPI,Paid
17411,17411,2025-06-05,290.9,Bank,Paid
17412,17412,2024-01-29,249.55,Card,Pending
17413,17413,2026-01-04,2843.05,Bank,Paid
17414,17414,2026-05-12,5521.35,Wallet,Paid
17415,17415,2026-08-21,971.66,Wallet,Paid
17416,17416,2026-05-03,3661.19,Bank,Paid
17417,17417,2026-04-05,1727.73,Bank,Paid
17418,17418,2025-12-25,3801.09,Wallet,Paid
17419,17419,2026-07-08,5987.95,UPI,Paid
17420,17420,2024-01-27,4989.74,Wallet,Paid
17421,17421,2025-12-02,6834.37,Bank,Paid
17422,17422,2025-07-18,2931.37,Card,Paid
17423,17423,2024-06-14,1137.12,Bank,Paid
17424,17424,2024-02-19,2067.37,Bank,Paid
17425,17425,2024-08-11,5304.61,Card,Paid
17426,17426,2026-04-18,9710.13,Wallet,Paid
17427,17427,2026-02-22,4191.87,Wallet,Paid
17428,17428,2025-09-22,3736.54,Wallet,Paid
17429,17429,2024-08-20,2676.73,Card,Paid
17430,17430,2026-02-20,6132.37,UPI,Paid
17431,17431,2024-03-26,3094.25,Card,Paid
17432,17432,2026-06-08,1530.2,Bank,Paid
17433,17433,2026-04-12,995.21,UPI,Paid
17434,17434,2024-10-25,4878.79,UPI,Paid
17435,17435,2026-03-21,2456.76,Wallet,Paid
17436,17436,2024-08-30,10410.93,Wallet,Paid
17437,17437,2025-09-29,4794.85,Card,Paid
17438,17438,2026-07-01,3099.86,Card,Paid
17439,17439,2024-06-29,1010.33,UPI,Paid
17440,17440,2024-06-24,3325.9,Card,Paid
17441,17441,2025-10-28,5437.77,Wallet,Failed
17442,17442,2025-11-05,6867.36,Bank,Paid
17443,17443,2024-01-24,61.73,Bank,Paid
17444,17444,2024-02-12,6526.06,Card,Paid
17445,17445,2025-07-04,1598.34,Wallet,Paid
17446,17446,2025-10-04,638.68,Wallet,Paid
17447,17447,2025-12-31,5464.05,Card,Paid
17448,17448,2025-03-16,2402.93,Wallet,Paid
17449,17449,2026-06-01,1874.83,Wallet,Paid
17450,17450,2024-03-08,687.83,Bank,Paid
17451,17451,2024-10-21,248.88,Bank,Paid
17452,17452,2025-07-19,780.87,Card,Paid
17453,17453,2024-12-01,1676.13,UPI,Paid
17454,17454,2025-01-17,6093.71,Wallet,Paid
17455,17455,2025-12-28,927.07,Wallet,Paid
17456,17456,2024-02-28,148.24,Wallet,Paid
17457,17457,2025-04-21,1016.56,Wallet,Paid
17458,17458,2024-08-22,3725.41,Bank,Paid
17459,17459,2026-07-18,676.14,Wallet,Paid
17460,17460,2026-05-22,7777.17,Bank,Paid
17461,17461,2024-02-25,1246.74,Bank,Paid
17462,17462,2026-02-23,4739.18,Bank,Paid
17463,17463,2025-10-09,4219.87,Card,Paid
17464,17464,2026-06-14,1317.41,Bank,Paid
17465,17465,2024-10-04,6285.6,UPI,Paid
17466,17466,2025-11-23,4962.49,UPI,Paid
17467,17467,2025-09-08,8018.75,Card,Paid
17468,17468,2024-12-10,239.07,Bank,Paid
17469,17469,2025-09-16,2914.64,Card,Paid
17470,17470,2024-02-24,4271.74,Wallet,Paid
17471,17471,2026-08-20,124.07,Card,Paid
17472,17472,2025-11-08,2244.45,Wallet,Paid
17473,17473,2024-11-18,547.99,Wallet,Paid
17474,17474,2025-11-03,4184.89,UPI,Paid
17475,17475,2025-06-16,2550.79,Bank,Paid
17476,17476,2026-02-25,2925.52,Bank,Paid
17477,17477,2024-03-28,3576.51,Wallet,Paid
17478,17478,2025-08-22,2452.38,Wallet,Paid
17479,17479,2026-01-08,1790.84,Wallet,Paid
17480,17480,2024-05-24,3720.92,Card,Paid
17481,17481,2025-08-23,4123.45,UPI,Paid
17482,17482,2025-06-15,234.9,UPI,Paid
17483,17483,2026-08-11,755.78,Wallet,Paid
17484,17484,2026-02-01,3258.46,Wallet,Paid
17485,17485,2025-03-17,9507.59,Card,Paid
17486,17486,2025-09-02,3582.54,Card,Paid
17487,17487,2024-10-16,710.27,UPI,Paid
17488,17488,2024-11-20,2916.2,UPI,Paid
17489,17489,2024-05-17,684.36,Wallet,Paid
17490,17490,2026-07-01,3354.53,Wallet,Paid
17491,17491,2025-02-16,6709.51,Wallet,Paid
17492,17492,2024-06-15,5166.96,Bank,Paid
17493,17493,2024-07-10,676.31,Wallet,Paid
17494,17494,2025-08-24,2719.93,Bank,Paid
17495,17495,2024-06-27,2794.01,Bank,Paid
17496,17496,2024-11-14,329.66,UPI,Paid
17497,17497,2024-10-29,1193.33,Bank,Failed
17498,17498,2024-03-10,2826.24,Card,Paid
17499,17499,2024-12-18,1199.83,UPI,Paid
17500,17500,2024-02-15,563.22,Bank,Paid
17501,17501,2024-07-03,128.62,Bank,Paid
17502,17502,2025-12-29,667.88,Wallet,Paid
17503,17503,2025-11-30,1399.39,UPI,Paid
17504,17504,2024-10-29,1227.64,Card,Paid
17505,17505,2024-03-02,3893.56,Bank,Paid
17506,17506,2026-03-06,2507.47,Bank,Paid
17507,17507,2025-06-30,3190.1,Bank,Paid
17508,17508,2025-07-31,2359.82,UPI,Paid
17509,17509,2025-08-25,3985.62,Card,Paid
17510,17510,2025-08-20,4209.11,Bank,Paid
17511,17511,2025-01-02,5460.94,UPI,Paid
17512,17512,2025-07-27,5498.16,Card,Paid
17513,17513,2024-07-10,2516.45,UPI,Paid
17514,17514,2024-08-02,609.49,Card,Paid
17515,17515,2025-06-18,1287.84,UPI,Paid
17516,17516,2024-01-31,9302.95,Wallet,Paid
17517,17517,2024-12-20,2727.3,Wallet,Failed
17518,17518,2025-07-25,8035.09,Bank,Paid
17519,17519,2024-08-06,5957.92,Wallet,Paid
17520,17520,2026-05-15,4146.52,Wallet,Paid
17521,17521,2025-10-20,874.57,Bank,Paid
17522,17522,2024-07-13,4158.46,Wallet,Paid
17523,17523,2024-01-15,1580.22,UPI,Paid
17524,17524,2025-09-16,2425.82,Bank,Paid
17525,17525,2025-08-26,6163.93,UPI,Paid
17526,17526,2025-03-15,2028.59,UPI,Paid
17527,17527,2026-07-08,3466.54,Bank,Paid
17528,17528,2024-05-19,3121.08,Wallet,Paid
17529,17529,2025-10-07,786.6,Card,Paid
17530,17530,2025-06-06,8389.08,Wallet,Paid
17531,17531,2024-04-30,3469.2,Bank,Paid
17532,17532,2025-10-22,5609.59,Card,Paid
17533,17533,2025-10-01,1886.73,UPI,Pending
17534,17534,2026-03-24,448.79,Wallet,Pending
17535,17535,2025-05-01,2912.24,Wallet,Paid
17536,17536,2024-09-23,684.96,Bank,Paid
17537,17537,2024-04-26,1389.91,Card,Paid
17538,17538,2026-06-06,5720.39,Bank,Paid
17539,17539,2025-09-11,8064.63,Bank,Paid
17540,17540,2026-07-16,5484.69,Wallet,Paid
17541,17541,2025-12-08,2527.0,UPI,Paid
17542,17542,2024-05-17,836.79,Card,Paid
17543,17543,2025-03-30,149.54,UPI,Paid
17544,17544,2026-08-14,1589.46,Wallet,Paid
17545,17545,2024-04-15,5081.88,UPI,Paid
17546,17546,2024-03-28,2742.36,Wallet,Paid
17547,17547,2026-03-23,1935.5,Bank,Paid
17548,17548,2025-04-10,1633.05,Card,Paid
17549,17549,2025-07-04,4172.62,Card,Paid
17550,17550,2024-05-23,2892.67,Card,Paid
17551,17551,2025-07-15,1786.84,Bank,Paid
17552,17552,2024-05-21,2994.77,Card,Paid
17553,17553,2025-11-01,378.37,Bank,Paid
17554,17554,2025-10-11,2996.57,UPI,Paid
17555,17555,2026-06-04,2772.92,Card,Failed
17556,17556,2025-04-26,3362.1,Card,Paid
17557,17557,2024-12-12,5323.96,UPI,Paid
17558,17558,2025-12-09,276.51,Card,Paid
17559,17559,2024-05-10,1423.42,Card,Paid
17560,17560,2024-07-25,2960.0,Card,Paid
17561,17561,2025-03-05,1088.28,Card,Paid
17562,17562,2024-04-27,3107.27,Bank,Paid
17563,17563,2025-03-24,1318.14,Wallet,Paid
17564,17564,2025-02-11,1476.72,UPI,Paid
17565,17565,2024-02-28,758.37,Bank,Paid
17566,17566,2025-09-01,2030.17,Bank,Paid
17567,17567,2025-02-23,3418.22,Wallet,Paid
17568,17568,2024-07-27,973.96,Wallet,Paid
17569,17569,2025-04-27,4069.18,Wallet,Paid
17570,17570,2024-07-07,2805.98,UPI,Paid
17571,17571,2024-09-19,3242.89,UPI,Paid
17572,17572,2024-06-25,1964.01,UPI,Paid
17573,17573,2025-09-08,1316.95,Bank,Paid
17574,17574,2026-04-30,3700.31,Bank,Paid
17575,17575,2026-07-07,5939.6,Card,Paid
17576,17576,2025-01-25,7643.04,Wallet,Paid
17577,17577,2026-05-21,2750.94,Bank,Paid
17578,17578,2026-07-09,4864.84,Bank,Paid
17579,17579,2026-05-13,7698.27,Card,Paid
17580,17580,2024-03-09,1884.48,Wallet,Paid
17581,17581,2024-06-06,3211.21,Bank,Paid
17582,17582,2024-03-09,686.11,UPI,Paid
17583,17583,2026-01-30,4916.91,Card,Pending
17584,17584,2025-09-15,314.75,Card,Paid
17585,17585,2024-08-18,5666.67,Bank,Paid
17586,17586,2024-08-26,1346.14,Wallet,Failed
17587,17587,2025-07-05,3254.45,Card,Paid
17588,17588,2026-02-17,4158.1,Card,Paid
17589,17589,2025-07-31,2271.94,Bank,Paid
17590,17590,2024-04-17,2801.49,UPI,Paid
17591,17591,2026-03-19,1799.24,Card,Paid
17592,17592,2026-08-14,3127.38,Bank,Paid
17593,17593,2026-03-31,1786.01,Wallet,Paid
17594,17594,2024-12-29,157.96,UPI,Paid
17595,17595,2026-04-24,4855.01,Bank,Paid
17596,17596,2025-11-17,1926.75,Wallet,Paid
17597,17597,2025-05-10,176.94,UPI,Paid
17598,17598,2024-06-18,806.77,UPI,Paid
17599,17599,2024-03-21,5043.26,Card,Paid
17600,17600,2025-11-24,4862.94,Bank,Paid
17601,17601,2024-01-06,3124.07,Card,Paid
17602,17602,2024-09-03,3749.63,Bank,Paid
17603,17603,2024-04-01,1596.01,UPI,Paid
17604,17604,2025-02-05,3763.49,UPI,Paid
17605,17605,2024-05-16,2838.45,Wallet,Paid
17606,17606,2024-08-30,1887.0,Wallet,Paid
17607,17607,2026-01-16,4696.02,Wallet,Paid
17608,17608,2024-03-04,5120.02,Wallet,Paid
17609,17609,2026-01-11,1072.12,Card,Paid
17610,17610,2025-04-30,7668.78,Wallet,Paid
17611,17611,2024-02-27,3870.28,Wallet,Paid
17612,17612,2025-05-10,120.14,Wallet,Paid
17613,17613,2026-06-13,167.1,Bank,Paid
17614,17614,2024-04-26,1819.95,Card,Paid
17615,17615,2024-07-14,1677.79,Wallet,Paid
17616,17616,2026-08-20,5800.13,Bank,Paid
17617,17617,2024-12-15,2067.87,Bank,Paid
17618,17618,2024-09-24,3010.8,Wallet,Paid
17619,17619,2026-06-02,3065.1,Bank,Paid
17620,17620,2026-07-19,1437.43,UPI,Paid
17621,17621,2024-10-26,2140.25,Bank,Paid
17622,17622,2025-06-23,3350.1,Card,Paid
17623,17623,2024-08-15,5349.05,Card,Paid
17624,17624,2024-07-02,7366.52,Bank,Paid
17625,17625,2025-07-04,3386.69,Wallet,Paid
17626,17626,2025-02-13,740.08,Bank,Paid
17627,17627,2024-02-27,3498.2,Wallet,Paid
17628,17628,2026-02-07,5493.9,Wallet,Paid
17629,17629,2025-03-12,5382.39,UPI,Paid
17630,17630,2025-12-28,1052.0,Wallet,Paid
17631,17631,2026-01-20,4211.28,Bank,Paid
17632,17632,2025-04-27,4935.49,Bank,Paid
17633,17633,2025-07-21,7107.25,Bank,Paid
17634,17634,2025-03-28,2146.58,Bank,Paid
17635,17635,2024-05-04,4107.38,Card,Paid
17636,17636,2025-12-11,6746.21,Bank,Paid
17637,17637,2025-02-19,1143.5,UPI,Paid
17638,17638,2025-08-27,5916.63,Card,Paid
17639,17639,2025-05-29,4027.34,UPI,Paid
17640,17640,2026-07-30,2707.51,Bank,Paid
17641,17641,2024-01-07,5435.52,Card,Paid
17642,17642,2026-06-13,7248.67,Wallet,Paid
17643,17643,2025-03-24,4751.17,Card,Paid
17644,17644,2025-05-08,1687.46,Card,Paid
17645,17645,2024-06-07,3023.24,Card,Paid
17646,17646,2024-04-26,2979.63,Bank,Paid
17647,17647,2024-02-28,1363.96,UPI,Paid
17648,17648,2024-06-24,3250.74,Bank,Paid
17649,17649,2025-11-03,323.21,Bank,Paid
17650,17650,2024-06-29,2096.19,Bank,Paid
17651,17651,2024-07-09,2055.43,Wallet,Paid
17652,17652,2026-02-26,4769.4,Bank,Paid
17653,17653,2025-03-25,2625.31,Bank,Failed
17654,17654,2024-09-26,4617.77,Wallet,Paid
17655,17655,2025-01-27,4229.57,UPI,Paid
17656,17656,2025-09-18,3536.38,Bank,Paid
17657,17657,2024-07-31,3191.47,Card,Paid
17658,17658,2025-11-21,1896.36,Wallet,Paid
17659,17659,2024-11-14,3001.46,Card,Paid
17660,17660,2025-03-15,1781.76,Wallet,Paid
17661,17661,2024-11-13,1614.95,Card,Paid
17662,17662,2026-02-19,5713.25,UPI,Paid
17663,17663,2024-04-03,306.45,UPI,Paid
17664,17664,2026-03-19,4372.2,Wallet,Paid
17665,17665,2024-05-31,4320.57,UPI,Paid
17666,17666,2025-09-26,576.95,Bank,Paid
17667,17667,2024-01-07,337.52,Bank,Paid
17668,17668,2024-05-09,2059.47,Wallet,Paid
17669,17669,2025-05-15,659.74,Wallet,Paid
17670,17670,2026-03-10,4441.09,UPI,Paid
17671,17671,2024-01-01,4807.57,Bank,Paid
17672,17672,2025-10-29,1850.69,UPI,Paid
17673,17673,2026-01-25,4437.99,UPI,Paid
17674,17674,2025-12-30,2986.72,Wallet,Paid
17675,17675,2024-07-27,2605.38,UPI,Paid
17676,17676,2024-04-16,1803.42,Card,Paid
17677,17677,2026-03-11,7620.17,UPI,Paid
17678,17678,2024-10-25,1003.04,UPI,Paid
17679,17679,2025-08-19,762.31,Bank,Paid
17680,17680,2024-05-21,564.61,Card,Paid
17681,17681,2025-11-09,815.99,UPI,Paid
17682,17682,2025-06-15,3773.55,Card,Paid
17683,17683,2025-04-18,1363.02,Card,Paid
17684,17684,2025-04-26,3143.2,Card,Paid
17685,17685,2026-07-25,2730.01,Bank,Paid
17686,17686,2025-05-16,2073.84,Card,Paid
17687,17687,2025-01-13,916.62,Bank,Paid
17688,17688,2026-02-20,5097.74,UPI,Paid
17689,17689,2024-01-08,2271.11,UPI,Paid
17690,17690,2026-07-01,3866.1,Wallet,Paid
17691,17691,2025-07-11,2652.75,Wallet,Paid
17692,17692,2026-07-15,2485.87,UPI,Paid
17693,17693,2026-07-16,1454.57,Wallet,Paid
17694,17694,2024-09-29,2116.9,Wallet,Paid
17695,17695,2025-04-05,1107.87,Card,Paid
17696,17696,2026-01-04,4793.65,Card,Paid
17697,17697,2025-03-18,6264.06,Wallet,Paid
17698,17698,2026-04-16,2157.54,UPI,Paid
17699,17699,2025-11-07,645.79,Bank,Paid
17700,17700,2024-10-23,2631.72,Card,Paid
17701,17701,2025-11-01,1984.08,Bank,Pending
17702,17702,2025-09-04,5839.06,UPI,Paid
17703,17703,2025-08-23,6484.88,Wallet,Paid
17704,17704,2026-04-09,3179.32,Wallet,Paid
17705,17705,2024-10-23,2092.51,Bank,Failed
17706,17706,2026-07-09,618.0,Card,Paid
17707,17707,2026-01-13,140.45,Wallet,Pending
17708,17708,2024-01-09,212.81,Wallet,Paid
17709,17709,2025-03-12,8846.47,Bank,Paid
17710,17710,2025-05-04,2395.18,Wallet,Paid
17711,17711,2024-02-02,4704.47,Bank,Paid
17712,17712,2026-01-12,3937.27,Card,Failed
17713,17713,2025-06-30,5864.22,Wallet,Paid
17714,17714,2025-07-04,8044.23,Card,Paid
17715,17715,2024-03-18,3783.05,UPI,Paid
17716,17716,2025-06-04,6571.11,Bank,Paid
17717,17717,2025-09-19,581.46,Wallet,Paid
17718,17718,2026-08-09,2214.16,Wallet,Paid
17719,17719,2025-03-11,1176.09,Bank,Paid
17720,17720,2026-06-06,492.05,Card,Paid
17721,17721,2024-04-01,4069.2,UPI,Paid
17722,17722,2024-06-13,5109.93,Wallet,Paid
17723,17723,2024-11-21,3284.66,UPI,Paid
17724,17724,2024-09-28,2511.73,Wallet,Paid
17725,17725,2024-06-09,2570.15,UPI,Paid
17726,17726,2025-07-04,3800.99,Wallet,Pending
17727,17727,2024-09-02,561.8,Wallet,Paid
17728,17728,2026-04-22,807.38,Wallet,Paid
17729,17729,2024-12-25,4793.78,Bank,Paid
17730,17730,2024-11-13,4260.81,UPI,Paid
17731,17731,2025-04-27,2042.21,Bank,Paid
17732,17732,2025-08-14,4240.02,Card,Paid
17733,17733,2024-01-29,7362.62,Wallet,Paid
17734,17734,2024-12-04,1101.3,Wallet,Paid
17735,17735,2026-04-13,185.34,Card,Paid
17736,17736,2026-06-28,865.85,Wallet,Paid
17737,17737,2025-05-08,7215.96,UPI,Paid
17738,17738,2025-10-18,571.75,Wallet,Paid
17739,17739,2026-06-21,7061.59,Bank,Paid
17740,17740,2025-03-02,5989.64,Card,Paid
17741,17741,2025-11-03,5654.16,Bank,Paid
17742,17742,2025-02-19,4634.62,Bank,Paid
17743,17743,2025-12-30,1602.93,UPI,Paid
17744,17744,2024-03-19,6509.5,Card,Paid
17745,17745,2026-07-09,9118.07,Bank,Paid
17746,17746,2024-07-10,3698.24,UPI,Paid
17747,17747,2025-03-08,3282.8,Card,Paid
17748,17748,2024-01-14,1821.54,Bank,Paid
17749,17749,2025-07-31,2097.53,UPI,Paid
17750,17750,2024-12-15,6704.43,UPI,Paid
17751,17751,2025-08-30,4735.99,Bank,Pending
17752,17752,2026-04-23,6771.13,Card,Paid
17753,17753,2024-05-13,1746.89,Card,Paid
17754,17754,2025-09-10,2920.55,Card,Paid
17755,17755,2026-04-03,2933.92,Bank,Paid
17756,17756,2025-07-20,5618.04,Card,Paid
17757,17757,2024-11-27,6427.29,Bank,Paid
17758,17758,2026-03-19,2361.51,Wallet,Paid
17759,17759,2024-08-29,5868.96,Bank,Paid
17760,17760,2024-11-28,3753.66,UPI,Paid
17761,17761,2025-09-11,601.32,UPI,Paid
17762,17762,2024-02-18,226.82,UPI,Paid
17763,17763,2025-11-07,651.21,Wallet,Failed
17764,17764,2025-01-23,4162.91,Wallet,Paid
17765,17765,2026-04-09,3759.81,UPI,Paid
17766,17766,2024-04-17,1350.27,Card,Paid
17767,17767,2024-10-07,1628.86,Card,Paid
17768,17768,2024-01-10,2872.34,Bank,Paid
17769,17769,2024-11-30,286.42,Wallet,Paid
17770,17770,2025-07-25,4491.07,UPI,Paid
17771,17771,2024-03-08,6504.65,Wallet,Paid
17772,17772,2024-07-25,4198.75,Card,Paid
17773,17773,2026-01-14,4901.67,Card,Paid
17774,17774,2025-05-30,6601.66,UPI,Paid
17775,17775,2024-05-21,7908.63,Card,Paid
17776,17776,2025-02-17,3755.49,Wallet,Paid
17777,17777,2024-08-02,4372.28,Bank,Paid
17778,17778,2025-12-13,926.27,UPI,Paid
17779,17779,2026-06-06,3640.83,Wallet,Paid
17780,17780,2025-03-09,2339.03,Card,Pending
17781,17781,2025-05-05,4091.28,Wallet,Paid
17782,17782,2024-08-05,706.86,UPI,Paid
17783,17783,2024-01-03,1482.81,UPI,Paid
17784,17784,2025-01-31,2869.26,Card,Paid
17785,17785,2025-10-29,2275.24,Card,Paid
17786,17786,2025-02-11,4021.98,Card,Paid
17787,17787,2026-07-07,8925.18,Wallet,Paid
17788,17788,2026-04-01,3157.63,Card,Paid
17789,17789,2024-07-21,402.93,UPI,Paid
17790,17790,2026-02-08,582.98,UPI,Paid
17791,17791,2026-02-18,1465.0,Bank,Paid
17792,17792,2025-02-15,387.46,Bank,Paid
17793,17793,2025-05-21,73.08,Bank,Paid
17794,17794,2026-05-28,1373.74,Card,Paid
17795,17795,2024-11-16,386.7,Bank,Paid
17796,17796,2026-05-20,1427.57,Card,Paid
17797,17797,2024-04-22,3792.86,UPI,Paid
17798,17798,2026-06-25,3838.65,Wallet,Pending
17799,17799,2026-05-11,2133.99,UPI,Paid
17800,17800,2025-03-01,1233.07,UPI,Paid
17801,17801,2024-09-17,2684.3,Card,Paid
17802,17802,2026-04-11,2395.52,Wallet,Paid
17803,17803,2025-02-10,502.45,UPI,Failed
17804,17804,2026-08-18,1492.65,Card,Paid
17805,17805,2026-01-07,1650.58,UPI,Paid
17806,17806,2024-01-11,5255.18,Card,Paid
17807,17807,2025-09-22,183.64,Bank,Paid
17808,17808,2024-09-24,1433.9,Card,Paid
17809,17809,2025-01-13,7591.74,Bank,Paid
17810,17810,2025-02-18,2146.25,Wallet,Paid
17811,17811,2025-06-13,314.8,Card,Paid
17812,17812,2025-07-10,2101.57,Wallet,Failed
17813,17813,2025-04-18,2533.02,Bank,Paid
17814,17814,2025-02-17,2708.63,UPI,Paid
17815,17815,2024-03-29,2363.81,Card,Paid
17816,17816,2024-01-03,2873.67,Wallet,Paid
17817,17817,2026-05-28,3920.04,Wallet,Failed
17818,17818,2024-01-20,1175.31,UPI,Paid
17819,17819,2024-02-25,530.91,Card,Paid
17820,17820,2025-02-21,2150.56,Bank,Paid
17821,17821,2024-01-29,548.31,Bank,Paid
17822,17822,2024-08-01,8157.9,Card,Paid
17823,17823,2024-08-27,4753.01,UPI,Paid
17824,17824,2025-05-23,648.62,Bank,Paid
17825,17825,2025-10-30,2451.51,Wallet,Paid
17826,17826,2026-03-31,475.39,Bank,Paid
17827,17827,2024-02-28,5764.17,UPI,Paid
17828,17828,2026-06-08,685.92,UPI,Paid
17829,17829,2025-10-15,1377.23,Card,Paid
17830,17830,2024-02-21,5661.7,Wallet,Paid
17831,17831,2026-03-11,971.95,Card,Paid
17832,17832,2025-01-13,3231.53,Wallet,Paid
17833,17833,2026-07-15,3879.24,Card,Paid
17834,17834,2024-01-10,2352.63,Wallet,Paid
17835,17835,2026-08-17,4045.55,UPI,Paid
17836,17836,2024-06-01,4076.69,Card,Paid
17837,17837,2024-07-18,1091.8,Bank,Paid
17838,17838,2026-04-05,1978.47,Wallet,Paid
17839,17839,2025-09-28,4985.0,Card,Paid
17840,17840,2025-04-03,3048.6,UPI,Paid
17841,17841,2025-02-10,1329.67,Card,Paid
17842,17842,2026-04-11,4587.34,UPI,Paid
17843,17843,2025-07-10,2844.11,Wallet,Paid
17844,17844,2025-08-08,3049.93,Card,Paid
17845,17845,2024-02-19,6207.26,Bank,Paid
17846,17846,2024-09-09,5622.58,UPI,Paid
17847,17847,2026-07-22,3005.97,Wallet,Paid
17848,17848,2026-02-17,7817.94,Wallet,Paid
17849,17849,2025-11-21,1486.09,Bank,Paid
17850,17850,2026-03-05,2323.75,UPI,Paid
17851,17851,2026-04-10,447.04,Bank,Paid
17852,17852,2025-09-04,10067.0,UPI,Paid
17853,17853,2025-11-19,561.4,Card,Paid
17854,17854,2025-01-09,2248.26,Bank,Failed
17855,17855,2025-05-27,139.71,Card,Pending
17856,17856,2024-02-18,7235.8,UPI,Paid
17857,17857,2024-04-17,581.37,Wallet,Paid
17858,17858,2025-12-11,5658.26,Bank,Paid
17859,17859,2025-10-17,2845.17,Bank,Paid
17860,17860,2025-04-05,3080.3,Card,Paid
17861,17861,2026-08-12,1601.9,Card,Paid
17862,17862,2025-01-25,3390.66,Wallet,Paid
17863,17863,2024-03-29,3133.25,UPI,Paid
17864,17864,2025-05-24,1272.48,Bank,Paid
17865,17865,2024-05-15,2906.11,Bank,Paid
17866,17866,2026-04-01,1604.1,Card,Paid
17867,17867,2024-08-15,3137.85,Bank,Paid
17868,17868,2024-07-28,1953.42,Bank,Paid
17869,17869,2025-07-03,1263.12,Wallet,Paid
17870,17870,2025-03-25,1127.2,Card,Paid
17871,17871,2024-01-13,2882.95,UPI,Paid
17872,17872,2026-05-31,1920.01,Card,Paid
17873,17873,2026-06-06,3683.71,Card,Paid
17874,17874,2024-12-21,1971.78,UPI,Paid
17875,17875,2026-02-27,5031.24,UPI,Pending
17876,17876,2025-10-10,5113.2,Bank,Paid
17877,17877,2026-04-29,3571.45,Wallet,Paid
17878,17878,2026-03-18,2669.28,UPI,Paid
17879,17879,2024-06-13,6581.13,Card,Paid
17880,17880,2024-12-20,227.85,Wallet,Paid
17881,17881,2026-05-26,415.83,Wallet,Paid
17882,17882,2024-10-04,307.58,Card,Paid
17883,17883,2024-08-03,5927.92,Wallet,Paid
17884,17884,2024-05-04,3895.04,Bank,Paid
17885,17885,2024-07-11,6758.08,Card,Paid
17886,17886,2024-06-11,3566.62,Wallet,Paid
17887,17887,2025-09-23,3064.34,Wallet,Paid
17888,17888,2024-11-04,6361.69,Wallet,Paid
17889,17889,2025-03-31,405.74,UPI,Pending
17890,17890,2024-11-23,2982.98,Wallet,Paid
17891,17891,2026-03-31,514.24,Bank,Paid
17892,17892,2024-06-21,1793.32,Card,Paid
17893,17893,2025-03-17,690.26,Wallet,Paid
17894,17894,2026-05-11,159.6,Card,Paid
17895,17895,2024-10-13,4155.25,Card,Paid
17896,17896,2024-10-13,1750.98,Wallet,Paid
17897,17897,2026-01-27,307.65,Card,Paid
17898,17898,2025-09-23,3733.2,Card,Paid
17899,17899,2025-11-16,6019.45,Wallet,Paid
17900,17900,2026-07-24,3771.61,Card,Paid
17901,17901,2025-09-26,3582.62,Wallet,Paid
17902,17902,2024-08-20,6598.79,Bank,Paid
17903,17903,2025-04-03,1785.1,Card,Paid
17904,17904,2026-04-20,1069.8,UPI,Paid
17905,17905,2024-02-28,743.54,Wallet,Paid
17906,17906,2025-07-08,2930.14,UPI,Paid
17907,17907,2024-05-13,2188.85,Bank,Paid
17908,17908,2026-06-12,3442.73,Card,Paid
17909,17909,2026-08-03,3484.18,UPI,Paid
17910,17910,2026-03-03,3909.34,Wallet,Paid
17911,17911,2024-09-20,9057.41,UPI,Paid
17912,17912,2026-06-17,3433.74,UPI,Paid
17913,17913,2025-05-16,2742.24,UPI,Paid
17914,17914,2026-05-04,2215.91,Wallet,Paid
17915,17915,2024-11-20,6696.06,Card,Failed
17916,17916,2025-12-20,4957.33,Wallet,Paid
17917,17917,2024-05-23,7628.75,Bank,Paid
17918,17918,2024-02-24,654.39,Card,Paid
17919,17919,2024-02-02,1280.88,Wallet,Paid
17920,17920,2026-07-31,1814.12,Bank,Paid
17921,17921,2024-02-11,6600.82,Bank,Paid
17922,17922,2026-03-09,6326.17,Card,Paid
17923,17923,2026-05-04,3395.97,Wallet,Paid
17924,17924,2024-11-30,4255.92,Bank,Paid
17925,17925,2025-05-10,4106.24,Bank,Paid
17926,17926,2025-07-02,3783.91,Wallet,Paid
17927,17927,2026-02-01,2952.22,UPI,Paid
17928,17928,2026-08-18,2882.51,Bank,Paid
17929,17929,2026-03-06,5563.71,Wallet,Paid
17930,17930,2026-08-09,4437.16,UPI,Paid
17931,17931,2026-07-27,829.79,Card,Paid
17932,17932,2026-02-27,1050.9,Card,Paid
17933,17933,2025-07-07,68.76,Card,Paid
17934,17934,2024-04-25,5665.62,Bank,Paid
17935,17935,2026-06-09,3400.74,Card,Paid
17936,17936,2024-12-13,1960.03,Wallet,Paid
17937,17937,2024-11-02,1933.7,Card,Paid
17938,17938,2025-10-26,2562.89,Wallet,Paid
17939,17939,2024-09-21,1606.37,UPI,Failed
17940,17940,2024-10-20,2631.08,Bank,Paid
17941,17941,2026-05-25,3819.9,UPI,Failed
17942,17942,2024-12-14,10623.84,UPI,Paid
17943,17943,2025-01-18,207.85,Wallet,Paid
17944,17944,2026-05-25,2723.99,UPI,Paid
17945,17945,2025-01-26,4158.33,Wallet,Paid
17946,17946,2024-10-04,4721.89,Wallet,Paid
17947,17947,2025-12-04,3512.64,Wallet,Pending
17948,17948,2024-10-17,5371.2,Wallet,Paid
17949,17949,2024-12-17,1454.72,UPI,Paid
17950,17950,2025-01-12,2420.91,Bank,Paid
17951,17951,2026-04-06,282.09,Wallet,Paid
17952,17952,2024-02-12,8168.21,Card,Failed
17953,17953,2024-10-04,6404.4,Card,Paid
17954,17954,2024-01-06,8955.41,UPI,Paid
17955,17955,2026-07-13,5386.23,Bank,Paid
17956,17956,2025-04-10,3577.5,Card,Paid
17957,17957,2026-07-03,2091.92,Wallet,Paid
17958,17958,2025-04-08,3301.85,Card,Paid
17959,17959,2024-06-25,4146.03,Wallet,Paid
17960,17960,2025-03-31,2532.62,UPI,Paid
17961,17961,2026-08-26,1130.54,Bank,Paid
17962,17962,2026-07-29,6223.45,Bank,Paid
17963,17963,2026-05-25,6596.27,Bank,Paid
17964,17964,2024-01-04,3057.38,Wallet,Paid
17965,17965,2025-12-27,5695.99,UPI,Paid
17966,17966,2025-03-24,9167.89,Bank,Paid
17967,17967,2024-07-19,1256.44,Wallet,Paid
17968,17968,2025-10-08,5752.55,Wallet,Paid
17969,17969,2025-09-29,4291.9,Card,Paid
17970,17970,2024-03-10,447.88,Card,Pending
17971,17971,2024-12-09,4874.53,UPI,Paid
17972,17972,2024-08-18,3576.75,Wallet,Paid
17973,17973,2025-05-02,3269.54,Wallet,Failed
17974,17974,2024-12-26,2007.33,Bank,Paid
17975,17975,2024-06-08,10895.98,Bank,Paid
17976,17976,2024-10-23,3150.37,UPI,Paid
17977,17977,2024-07-09,3219.79,UPI,Paid
17978,17978,2025-10-27,1196.97,UPI,Paid
17979,17979,2026-06-28,3667.44,Bank,Paid
17980,17980,2024-04-24,6543.61,UPI,Paid
17981,17981,2024-04-28,3482.56,UPI,Pending
17982,17982,2026-07-23,2823.52,Card,Paid
17983,17983,2026-03-17,1835.19,Bank,Paid
17984,17984,2025-09-21,5159.18,Card,Paid
17985,17985,2025-07-11,6462.62,Card,Paid
17986,17986,2024-01-29,2809.94,UPI,Paid
17987,17987,2025-06-17,3827.13,Card,Paid
17988,17988,2025-08-28,590.24,Wallet,Paid
17989,17989,2026-01-11,3636.95,Bank,Paid
17990,17990,2024-12-28,59.65,Card,Paid
17991,17991,2025-04-27,1351.95,Bank,Paid
17992,17992,2026-08-24,3262.27,Wallet,Paid
17993,17993,2026-05-04,6547.36,UPI,Pending
17994,17994,2025-05-02,4619.63,Wallet,Pending
17995,17995,2024-05-31,395.97,Bank,Paid
17996,17996,2024-03-04,3056.64,Wallet,Paid
17997,17997,2025-01-07,5654.7,Wallet,Paid
17998,17998,2024-01-19,3216.3,Wallet,Paid
17999,17999,2025-06-27,2933.22,Wallet,Paid
18000,18000,2024-09-19,832.1,Wallet,Paid
18001,18001,2025-07-25,790.99,Bank,Paid
18002,18002,2026-03-09,6717.11,Wallet,Paid
18003,18003,2024-02-05,1127.33,Wallet,Paid
18004,18004,2024-07-14,3338.94,Wallet,Paid
18005,18005,2025-07-06,3427.86,Wallet,Paid
18006,18006,2025-08-25,1370.92,Card,Paid
18007,18007,2024-09-11,1713.92,Card,Paid
18008,18008,2024-01-26,212.79,Wallet,Paid
18009,18009,2024-01-29,1680.22,Card,Paid
18010,18010,2025-07-28,2717.63,Bank,Paid
18011,18011,2026-05-12,2215.75,Card,Paid
18012,18012,2024-12-25,1233.28,UPI,Paid
18013,18013,2024-11-06,2897.21,Card,Paid
18014,18014,2026-03-06,3576.56,Bank,Paid
18015,18015,2025-10-16,700.16,Card,Paid
18016,18016,2024-08-19,6985.31,Bank,Paid
18017,18017,2024-08-28,1133.8,Card,Paid
18018,18018,2024-01-02,59.52,Card,Paid
18019,18019,2025-01-07,2878.99,Card,Pending
18020,18020,2024-03-28,512.58,Card,Paid
18021,18021,2025-10-29,4733.41,UPI,Paid
18022,18022,2025-03-23,2358.81,UPI,Paid
18023,18023,2026-07-10,1343.32,UPI,Paid
18024,18024,2026-04-30,2422.34,Card,Paid
18025,18025,2026-07-27,4501.56,Bank,Paid
18026,18026,2024-09-23,4704.9,Card,Paid
18027,18027,2026-04-24,1774.21,UPI,Paid
18028,18028,2024-03-14,5454.95,Bank,Paid
18029,18029,2024-06-15,240.12,Card,Paid
18030,18030,2024-01-13,2028.0,Bank,Paid
18031,18031,2026-03-28,5365.45,Wallet,Paid
18032,18032,2025-05-02,3472.75,Wallet,Paid
18033,18033,2024-12-09,6038.32,Card,Paid
18034,18034,2026-02-06,6355.1,UPI,Paid
18035,18035,2024-09-04,871.48,Bank,Paid
18036,18036,2025-03-02,4496.99,Card,Pending
18037,18037,2025-08-16,1989.06,Wallet,Paid
18038,18038,2024-03-23,3240.34,UPI,Paid
18039,18039,2026-05-05,7925.98,Card,Paid
18040,18040,2025-06-04,6618.05,Bank,Paid
18041,18041,2025-10-30,3021.51,Wallet,Paid
18042,18042,2024-10-30,1136.53,Bank,Paid
18043,18043,2026-04-30,2018.63,Card,Paid
18044,18044,2025-04-03,2503.37,Wallet,Paid
18045,18045,2026-03-14,2526.5,UPI,Paid
18046,18046,2026-08-04,828.21,UPI,Paid
18047,18047,2026-08-12,2874.42,Wallet,Paid
18048,18048,2025-05-13,478.95,Card,Paid
18049,18049,2025-05-26,3000.82,Wallet,Paid
18050,18050,2025-12-24,7349.8,Wallet,Pending
18051,18051,2025-02-24,645.48,Bank,Failed
18052,18052,2024-08-21,3665.51,Card,Paid
18053,18053,2024-12-09,2331.87,Bank,Paid
18054,18054,2025-03-31,2366.51,Bank,Paid
18055,18055,2026-05-19,5239.54,Card,Paid
18056,18056,2024-03-18,5905.06,Wallet,Paid
18057,18057,2025-05-11,2657.56,Bank,Paid
18058,18058,2024-07-02,1165.98,Wallet,Paid
18059,18059,2026-02-12,6372.12,Card,Paid
18060,18060,2024-10-07,5101.71,Bank,Paid
18061,18061,2026-02-09,778.07,Wallet,Paid
18062,18062,2025-11-26,6768.42,Card,Paid
18063,18063,2026-04-01,1190.39,Wallet,Paid
18064,18064,2025-02-26,5497.63,UPI,Paid
18065,18065,2026-05-14,6648.16,Bank,Paid
18066,18066,2024-05-19,4992.9,Card,Paid
18067,18067,2025-11-29,4175.0,Wallet,Paid
18068,18068,2026-06-30,386.41,Card,Paid
18069,18069,2024-04-28,4788.52,Card,Paid
18070,18070,2026-08-27,1993.75,Bank,Paid
18071,18071,2025-11-03,693.43,Bank,Paid
18072,18072,2026-08-15,3900.4,UPI,Paid
18073,18073,2025-08-10,3338.95,Wallet,Paid
18074,18074,2025-10-17,1843.95,UPI,Paid
18075,18075,2024-02-26,8716.64,Wallet,Paid
18076,18076,2025-06-12,1484.64,UPI,Paid
18077,18077,2024-01-07,3666.79,UPI,Failed
18078,18078,2025-02-19,4075.02,UPI,Paid
18079,18079,2025-09-01,3820.6,Card,Paid
18080,18080,2025-01-27,6702.68,Card,Paid
18081,18081,2026-08-01,6958.83,UPI,Paid
18082,18082,2024-06-05,6376.96,Wallet,Paid
18083,18083,2026-05-26,2264.87,UPI,Paid
18084,18084,2025-10-05,4910.7,UPI,Paid
18085,18085,2026-04-29,602.06,Card,Paid
18086,18086,2026-08-16,591.02,Card,Paid
18087,18087,2025-12-10,1249.27,Card,Paid
18088,18088,2025-02-27,4101.63,Bank,Paid
18089,18089,2026-01-21,3368.55,Bank,Paid
18090,18090,2026-03-29,3161.22,Wallet,Paid
18091,18091,2024-09-27,5667.36,Card,Paid
18092,18092,2025-10-05,596.43,Card,Paid
18093,18093,2024-02-25,3090.37,UPI,Paid
18094,18094,2024-03-04,5554.24,Wallet,Paid
18095,18095,2025-07-06,2968.29,Wallet,Paid
18096,18096,2025-10-04,894.57,UPI,Paid
18097,18097,2024-05-31,2285.08,Card,Paid
18098,18098,2026-07-25,799.29,Bank,Paid
18099,18099,2024-05-09,4155.91,Wallet,Paid
18100,18100,2024-01-20,1253.8,UPI,Paid
18101,18101,2025-02-18,2136.92,Card,Paid
18102,18102,2026-07-20,4448.89,Wallet,Paid
18103,18103,2024-07-05,5187.11,Card,Paid
18104,18104,2024-01-05,1767.61,Bank,Paid
18105,18105,2026-08-19,1098.41,Wallet,Paid
18106,18106,2026-07-27,7396.1,Card,Pending
18107,18107,2024-10-24,1044.38,UPI,Paid
18108,18108,2025-11-20,881.59,Bank,Paid
18109,18109,2025-08-26,4444.12,UPI,Paid
18110,18110,2024-03-05,4056.91,Bank,Paid
18111,18111,2026-02-21,3711.5,Bank,Paid
18112,18112,2024-03-20,6218.02,Wallet,Paid
18113,18113,2025-07-06,134.96,Bank,Failed
18114,18114,2025-11-14,5118.15,Bank,Paid
18115,18115,2026-06-29,1207.61,Card,Pending
18116,18116,2025-05-25,3719.7,Wallet,Pending
18117,18117,2024-05-24,3385.07,UPI,Paid
18118,18118,2025-02-26,991.1,Bank,Paid
18119,18119,2024-12-25,1850.89,UPI,Paid
18120,18120,2025-08-24,79.33,Wallet,Paid
18121,18121,2024-02-14,2019.83,UPI,Paid
18122,18122,2025-10-04,2063.08,Card,Paid
18123,18123,2024-12-12,6019.12,UPI,Paid
18124,18124,2024-12-08,340.05,Wallet,Paid
18125,18125,2025-08-08,1686.3,Card,Pending
18126,18126,2026-03-27,3384.12,Wallet,Paid
18127,18127,2024-07-11,685.37,Wallet,Paid
18128,18128,2026-03-05,2748.91,UPI,Failed
18129,18129,2024-08-07,4424.61,Wallet,Paid
18130,18130,2025-05-10,4252.04,Wallet,Paid
18131,18131,2026-08-10,2693.08,Bank,Paid
18132,18132,2026-01-30,6818.01,UPI,Paid
18133,18133,2026-01-18,3468.85,Card,Paid
18134,18134,2025-10-07,276.81,Bank,Paid
18135,18135,2026-03-04,6912.29,Card,Paid
18136,18136,2025-06-27,6618.82,UPI,Paid
18137,18137,2026-03-28,805.32,Bank,Paid
18138,18138,2025-01-22,6606.52,Wallet,Pending
18139,18139,2026-03-16,3681.49,Card,Paid
18140,18140,2024-11-01,2146.54,UPI,Paid
18141,18141,2026-03-25,7378.1,Wallet,Paid
18142,18142,2024-07-06,4919.75,Wallet,Paid
18143,18143,2024-06-09,118.4,Wallet,Paid
18144,18144,2026-08-21,5105.04,UPI,Pending
18145,18145,2024-11-04,4016.93,Card,Paid
18146,18146,2025-06-05,867.31,Wallet,Paid
18147,18147,2025-07-07,4807.46,Bank,Paid
18148,18148,2026-03-22,3382.17,Wallet,Paid
18149,18149,2026-01-18,5075.57,UPI,Paid
18150,18150,2024-10-23,3986.99,UPI,Paid
18151,18151,2024-05-04,3614.25,Card,Paid
18152,18152,2026-08-27,3968.59,Wallet,Paid
18153,18153,2026-01-31,4717.23,Wallet,Failed
18154,18154,2024-10-21,1675.52,Card,Failed
18155,18155,2024-11-15,6141.85,Wallet,Paid
18156,18156,2025-05-22,3225.72,UPI,Paid
18157,18157,2025-07-28,2793.67,UPI,Paid
18158,18158,2025-05-19,2462.75,Bank,Paid
18159,18159,2025-02-23,1148.22,Card,Paid
18160,18160,2025-11-07,7386.83,Wallet,Paid
18161,18161,2026-02-27,4472.98,UPI,Paid
18162,18162,2025-06-20,1215.14,Wallet,Paid
18163,18163,2026-08-23,3994.53,UPI,Paid
18164,18164,2026-06-30,1803.68,Bank,Paid
18165,18165,2024-09-11,2415.94,UPI,Paid
18166,18166,2024-11-13,2017.86,UPI,Paid
18167,18167,2025-04-04,5648.6,Card,Paid
18168,18168,2024-05-10,887.11,Bank,Paid
18169,18169,2025-03-27,198.18,Card,Paid
18170,18170,2026-08-01,8876.86,Card,Paid
18171,18171,2025-08-22,3694.42,Wallet,Paid
18172,18172,2024-12-18,479.37,UPI,Paid
18173,18173,2024-10-19,3297.72,UPI,Paid
18174,18174,2026-06-29,3433.6,Wallet,Paid
18175,18175,2024-04-15,2277.4,Card,Paid
18176,18176,2026-06-25,1578.13,Bank,Pending
18177,18177,2025-02-23,3625.49,Wallet,Pending
18178,18178,2025-05-10,1301.98,Bank,Paid
18179,18179,2026-01-12,2300.85,Card,Paid
18180,18180,2025-03-11,2295.24,Card,Paid
18181,18181,2026-01-11,3962.91,Bank,Paid
18182,18182,2025-01-28,4646.94,Bank,Paid
18183,18183,2025-02-27,7348.79,UPI,Paid
18184,18184,2024-07-19,2296.46,UPI,Paid
18185,18185,2025-11-14,5947.31,Bank,Paid
18186,18186,2024-12-01,1202.78,Wallet,Paid
18187,18187,2025-08-25,2721.96,UPI,Failed
18188,18188,2025-09-19,457.42,Bank,Paid
18189,18189,2026-01-09,2255.83,Bank,Paid
18190,18190,2025-04-16,5146.19,UPI,Paid
18191,18191,2024-10-09,5357.14,Wallet,Paid
18192,18192,2024-06-02,5349.24,UPI,Paid
18193,18193,2026-03-10,2607.57,Card,Paid
18194,18194,2025-04-20,483.88,Wallet,Paid
18195,18195,2024-06-16,5200.67,Bank,Paid
18196,18196,2024-04-05,1877.44,Card,Paid
18197,18197,2024-12-15,838.99,Card,Paid
18198,18198,2024-08-28,3735.86,Wallet,Paid
18199,18199,2024-07-08,6741.7,Bank,Paid
18200,18200,2024-04-26,5763.72,Card,Paid
18201,18201,2026-01-01,1588.95,Wallet,Paid
18202,18202,2024-03-18,1388.6,Card,Pending
18203,18203,2026-02-04,1987.26,UPI,Pending
18204,18204,2025-12-15,350.34,Wallet,Pending
18205,18205,2026-08-05,3253.75,Bank,Paid
18206,18206,2025-07-02,3180.21,Wallet,Paid
18207,18207,2026-02-27,1226.75,Bank,Paid
18208,18208,2025-01-08,4666.01,Card,Paid
18209,18209,2024-10-25,3408.72,Wallet,Pending
18210,18210,2024-07-09,5057.94,Wallet,Paid
18211,18211,2024-10-05,1800.33,Wallet,Failed
18212,18212,2024-11-12,3729.23,Wallet,Paid
18213,18213,2026-07-11,2902.52,UPI,Paid
18214,18214,2025-04-18,4912.79,Card,Paid
18215,18215,2025-09-30,5089.59,Wallet,Paid
18216,18216,2026-07-21,2339.27,Wallet,Paid
18217,18217,2024-08-06,3051.54,Bank,Paid
18218,18218,2024-12-29,2246.69,UPI,Paid
18219,18219,2024-05-13,776.2,UPI,Paid
18220,18220,2024-03-20,2332.92,Bank,Paid
18221,18221,2025-06-02,522.92,Wallet,Paid
18222,18222,2025-09-26,8077.76,UPI,Paid
18223,18223,2024-09-01,4134.0,Bank,Pending
18224,18224,2025-07-05,2529.89,Wallet,Paid
18225,18225,2024-10-08,613.39,Wallet,Paid
18226,18226,2025-03-07,5886.95,Wallet,Paid
18227,18227,2025-03-21,2401.24,UPI,Pending
18228,18228,2025-05-14,5016.12,Wallet,Paid
18229,18229,2025-02-23,5913.3,Card,Paid
18230,18230,2024-02-05,4668.02,UPI,Paid
18231,18231,2026-05-13,4414.87,Card,Paid
18232,18232,2026-06-26,3458.85,Card,Paid
18233,18233,2025-12-26,4766.56,Bank,Pending
18234,18234,2024-02-26,11850.48,UPI,Paid
18235,18235,2025-07-06,5989.75,Bank,Paid
18236,18236,2024-12-28,3038.97,UPI,Paid
18237,18237,2024-10-13,1185.78,Card,Paid
18238,18238,2026-02-25,2482.48,Wallet,Paid
18239,18239,2026-07-31,5964.74,Bank,Paid
18240,18240,2025-12-26,1387.12,UPI,Paid
18241,18241,2025-12-08,3540.89,UPI,Failed
18242,18242,2025-06-08,258.04,UPI,Paid
18243,18243,2025-03-31,6123.73,Wallet,Paid
18244,18244,2024-04-16,1121.77,Bank,Paid
18245,18245,2025-02-08,3522.75,Card,Paid
18246,18246,2024-07-29,3791.26,Wallet,Paid
18247,18247,2026-01-24,1358.07,Card,Paid
18248,18248,2025-10-24,7169.93,UPI,Paid
18249,18249,2025-07-14,434.81,Card,Paid
18250,18250,2025-01-20,3750.39,Bank,Paid
18251,18251,2024-12-26,2625.52,Wallet,Paid
18252,18252,2025-06-26,2021.18,UPI,Failed
18253,18253,2026-08-01,4739.79,Bank,Paid
18254,18254,2024-01-28,2668.1,UPI,Paid
18255,18255,2025-09-01,5702.04,UPI,Paid
18256,18256,2026-04-18,1109.29,UPI,Paid
18257,18257,2024-07-15,3978.14,Card,Paid
18258,18258,2024-01-23,7420.79,Bank,Paid
18259,18259,2025-02-12,1969.34,Bank,Paid
18260,18260,2025-06-14,3333.47,Card,Paid
18261,18261,2026-08-03,5486.74,UPI,Paid
18262,18262,2024-04-19,4550.85,Card,Paid
18263,18263,2024-07-31,8989.28,Wallet,Paid
18264,18264,2024-06-03,1714.45,Wallet,Paid
18265,18265,2025-10-07,4207.53,Bank,Paid
18266,18266,2024-02-28,4466.25,UPI,Paid
18267,18267,2026-07-12,1777.08,Wallet,Paid
18268,18268,2024-10-01,5957.47,Wallet,Failed
18269,18269,2025-04-23,3323.27,UPI,Paid
18270,18270,2026-07-08,4904.57,Bank,Paid
18271,18271,2024-04-03,2696.08,Bank,Paid
18272,18272,2025-01-04,6948.4,Card,Paid
18273,18273,2024-04-01,401.42,Card,Failed
18274,18274,2026-03-12,3601.86,Bank,Paid
18275,18275,2026-04-26,259.22,UPI,Paid
18276,18276,2026-07-29,5332.03,Card,Paid
18277,18277,2024-07-16,2615.99,Bank,Paid
18278,18278,2026-02-01,3469.31,UPI,Paid
18279,18279,2024-07-17,2260.24,Card,Paid
18280,18280,2024-06-06,2418.93,Card,Paid
18281,18281,2026-02-17,8588.09,UPI,Paid
18282,18282,2025-10-05,3251.53,Wallet,Pending
18283,18283,2025-11-15,1156.44,Wallet,Paid
18284,18284,2026-03-24,3797.47,Bank,Paid
18285,18285,2026-04-11,994.77,UPI,Paid
18286,18286,2025-10-25,305.01,Bank,Paid
18287,18287,2025-01-05,3421.76,Wallet,Failed
18288,18288,2024-08-30,252.52,UPI,Failed
18289,18289,2024-11-27,6623.89,UPI,Paid
18290,18290,2024-08-29,5179.67,Wallet,Paid
18291,18291,2026-08-24,1317.15,Card,Paid
18292,18292,2025-10-07,872.96,Card,Paid
18293,18293,2026-01-01,1488.46,UPI,Paid
18294,18294,2024-04-02,3671.05,UPI,Paid
18295,18295,2024-12-18,1627.51,UPI,Paid
18296,18296,2025-05-02,3410.5,Bank,Paid
18297,18297,2025-02-27,288.62,UPI,Paid
18298,18298,2025-07-05,2043.73,Card,Paid
18299,18299,2024-12-14,100.25,Bank,Paid
18300,18300,2025-02-09,4051.51,Card,Paid
18301,18301,2026-03-19,2415.83,Wallet,Paid
18302,18302,2024-03-01,9188.35,Card,Paid
18303,18303,2025-12-22,4923.84,Wallet,Paid
18304,18304,2024-12-31,537.98,Bank,Paid
18305,18305,2024-01-12,492.18,UPI,Paid
18306,18306,2025-02-19,2779.8,Wallet,Pending
18307,18307,2025-04-13,1625.94,Bank,Pending
18308,18308,2026-06-15,2575.87,Wallet,Paid
18309,18309,2026-05-23,70.53,Bank,Pending
18310,18310,2025-06-06,1205.24,Bank,Paid
18311,18311,2025-07-15,8538.18,Wallet,Paid
18312,18312,2025-05-27,795.12,UPI,Paid
18313,18313,2024-03-27,6091.72,Card,Paid
18314,18314,2026-03-18,1866.37,Bank,Paid
18315,18315,2024-06-18,6553.99,Bank,Paid
18316,18316,2025-07-27,553.7,Wallet,Paid
18317,18317,2025-11-06,128.56,Bank,Paid
18318,18318,2025-10-21,715.72,UPI,Paid
18319,18319,2024-01-26,4232.57,UPI,Paid
18320,18320,2025-02-02,668.53,UPI,Failed
18321,18321,2025-08-15,2678.08,UPI,Paid
18322,18322,2025-10-12,332.71,Wallet,Paid
18323,18323,2024-08-07,226.05,Wallet,Paid
18324,18324,2025-01-28,7415.28,Bank,Failed
18325,18325,2025-03-26,224.28,Card,Paid
18326,18326,2026-01-16,557.07,Card,Paid
18327,18327,2026-08-12,1861.08,Card,Paid
18328,18328,2024-01-22,124.25,Card,Paid
18329,18329,2026-05-31,1998.27,Card,Paid
18330,18330,2024-11-27,596.11,Card,Paid
18331,18331,2025-01-29,153.4,UPI,Failed
18332,18332,2024-04-16,1222.65,UPI,Paid
18333,18333,2026-05-08,4084.23,Bank,Paid
18334,18334,2025-07-05,616.59,Bank,Paid
18335,18335,2025-12-09,3990.05,Card,Paid
18336,18336,2024-09-18,2490.72,UPI,Paid
18337,18337,2026-08-25,276.91,Bank,Paid
18338,18338,2025-05-22,3755.55,Card,Paid
18339,18339,2025-01-12,2535.61,Bank,Paid
18340,18340,2026-07-11,6282.63,Bank,Paid
18341,18341,2025-11-28,589.01,Wallet,Paid
18342,18342,2025-11-29,1822.97,UPI,Paid
18343,18343,2026-04-15,1372.14,Card,Paid
18344,18344,2025-05-08,1670.15,Wallet,Paid
18345,18345,2024-03-18,3378.23,Wallet,Paid
18346,18346,2025-11-13,3226.98,Bank,Failed
18347,18347,2024-10-16,633.92,UPI,Paid
18348,18348,2024-07-13,667.39,Bank,Paid
18349,18349,2024-01-30,4435.53,Bank,Paid
18350,18350,2024-02-07,3383.25,Card,Paid
18351,18351,2025-11-02,307.82,Card,Paid
18352,18352,2026-03-04,3190.55,Wallet,Paid
18353,18353,2025-11-19,60.04,Bank,Paid
18354,18354,2024-12-17,6040.56,Card,Paid
18355,18355,2024-10-05,2898.88,Wallet,Paid
18356,18356,2024-01-03,3536.26,Wallet,Paid
18357,18357,2026-05-13,3286.1,Bank,Paid
18358,18358,2026-04-07,1913.85,Bank,Paid
18359,18359,2024-04-12,2782.61,Wallet,Paid
18360,18360,2024-01-03,2175.19,Wallet,Paid
18361,18361,2024-05-11,3758.12,UPI,Paid
18362,18362,2025-05-26,2902.44,Card,Paid
18363,18363,2025-04-26,2567.51,Wallet,Failed
18364,18364,2025-09-02,3230.8,UPI,Paid
18365,18365,2026-06-30,3709.96,Bank,Paid
18366,18366,2025-08-17,5950.08,Card,Paid
18367,18367,2024-11-20,6272.43,Card,Pending
18368,18368,2026-02-17,2833.82,Wallet,Paid
18369,18369,2024-11-19,1171.48,UPI,Paid
18370,18370,2024-02-17,1380.36,Card,Paid
18371,18371,2025-01-11,771.67,Bank,Paid
18372,18372,2024-09-21,2798.27,Card,Paid
18373,18373,2024-12-26,2194.78,UPI,Paid
18374,18374,2026-07-06,3049.77,Card,Paid
18375,18375,2024-08-17,5961.02,UPI,Paid
18376,18376,2024-10-28,2177.24,UPI,Paid
18377,18377,2026-04-27,8712.33,Bank,Paid
18378,18378,2025-02-06,1594.53,UPI,Paid
18379,18379,2026-01-28,4557.49,Bank,Paid
18380,18380,2026-02-19,1667.64,Card,Paid
18381,18381,2026-05-06,2967.77,Wallet,Paid
18382,18382,2024-05-24,1195.1,UPI,Paid
18383,18383,2024-01-22,2665.13,Bank,Paid
18384,18384,2026-04-06,2630.46,UPI,Paid
18385,18385,2026-01-11,1779.12,Card,Pending
18386,18386,2025-01-06,2930.42,Card,Paid
18387,18387,2024-11-23,1955.19,UPI,Paid
18388,18388,2026-02-22,610.01,Card,Paid
18389,18389,2024-09-20,2925.29,Bank,Pending
18390,18390,2025-01-05,4274.78,Wallet,Paid
18391,18391,2025-01-30,1593.75,Bank,Paid
18392,18392,2026-01-11,5184.86,Bank,Paid
18393,18393,2025-04-30,5421.46,Card,Paid
18394,18394,2025-08-09,3218.9,UPI,Paid
18395,18395,2025-06-06,264.64,UPI,Paid
18396,18396,2026-04-07,882.33,UPI,Paid
18397,18397,2024-05-30,2114.2,Card,Paid
18398,18398,2024-07-21,4609.55,UPI,Paid
18399,18399,2024-03-06,920.61,UPI,Paid
18400,18400,2025-06-22,6044.45,Wallet,Paid
18401,18401,2025-06-09,5847.76,Bank,Paid
18402,18402,2025-10-21,8085.75,Card,Paid
18403,18403,2026-01-30,885.93,Card,Paid
18404,18404,2025-11-30,3742.43,Card,Paid
18405,18405,2024-06-13,4761.34,Wallet,Paid
18406,18406,2025-02-26,1655.19,Wallet,Paid
18407,18407,2024-04-09,7381.28,UPI,Paid
18408,18408,2024-09-25,3903.73,Bank,Paid
18409,18409,2024-01-02,8329.04,UPI,Paid
18410,18410,2024-11-01,498.6,Card,Paid
18411,18411,2026-03-13,4901.99,Wallet,Failed
18412,18412,2025-05-06,3174.57,UPI,Paid
18413,18413,2024-02-28,4545.08,UPI,Paid
18414,18414,2026-03-31,926.3,UPI,Paid
18415,18415,2024-05-10,920.2,Card,Paid
18416,18416,2024-01-24,3306.35,Card,Paid
18417,18417,2026-07-31,1135.25,UPI,Pending
18418,18418,2024-02-01,3269.48,Wallet,Paid
18419,18419,2025-03-30,4355.41,UPI,Paid
18420,18420,2026-03-16,626.87,UPI,Paid
18421,18421,2026-04-11,1306.01,Bank,Paid
18422,18422,2024-02-07,4986.31,Bank,Paid
18423,18423,2025-03-09,4574.7,Card,Paid
18424,18424,2025-06-16,2085.43,Wallet,Paid
18425,18425,2025-10-01,3727.22,Card,Paid
18426,18426,2025-06-03,1608.11,Card,Paid
18427,18427,2025-03-10,5157.59,Bank,Failed
18428,18428,2026-05-05,85.27,Bank,Failed
18429,18429,2024-11-05,5090.29,UPI,Paid
18430,18430,2025-07-28,3375.34,Card,Paid
18431,18431,2024-03-21,4341.84,UPI,Failed
18432,18432,2024-02-03,1257.83,Bank,Paid
18433,18433,2026-06-20,5250.35,UPI,Paid
18434,18434,2025-03-23,4207.79,UPI,Paid
18435,18435,2025-11-26,5758.83,Card,Paid
18436,18436,2026-03-25,838.59,Wallet,Paid
18437,18437,2024-06-17,1904.09,Card,Failed
18438,18438,2026-01-17,2389.48,Bank,Paid
18439,18439,2026-01-02,4798.12,Bank,Paid
18440,18440,2025-08-21,1962.66,Card,Paid
18441,18441,2025-01-01,4504.03,Bank,Paid
18442,18442,2026-03-02,2471.4,Bank,Paid
18443,18443,2024-12-23,162.78,UPI,Paid
18444,18444,2024-07-31,2990.99,UPI,Paid
18445,18445,2025-04-09,7820.28,UPI,Paid
18446,18446,2024-08-22,4429.38,UPI,Paid
18447,18447,2025-02-14,4383.64,Bank,Paid
18448,18448,2025-08-21,2819.39,UPI,Paid
18449,18449,2025-04-11,5536.16,Wallet,Paid
18450,18450,2024-08-03,707.6,Bank,Pending
18451,18451,2025-03-02,2734.96,UPI,Paid
18452,18452,2026-07-17,5841.76,Wallet,Paid
18453,18453,2024-02-18,1809.22,Card,Paid
18454,18454,2024-01-29,5076.99,Card,Paid
18455,18455,2024-02-26,2969.48,Card,Paid
18456,18456,2025-04-05,3920.08,Card,Paid
18457,18457,2024-12-24,4578.47,Card,Paid
18458,18458,2025-01-26,1428.52,UPI,Paid
18459,18459,2025-10-21,3144.35,Card,Paid
18460,18460,2024-03-24,3504.81,Bank,Paid
18461,18461,2026-02-14,4806.93,UPI,Paid
18462,18462,2024-10-05,4009.64,Bank,Paid
18463,18463,2025-03-30,4666.04,Bank,Paid
18464,18464,2025-06-24,1146.21,UPI,Paid
18465,18465,2024-09-25,4466.75,Bank,Paid
18466,18466,2024-11-12,2492.67,UPI,Paid
18467,18467,2024-07-22,1445.29,Bank,Paid
18468,18468,2025-04-07,1446.93,Wallet,Paid
18469,18469,2024-10-05,5771.48,Card,Paid
18470,18470,2024-11-24,1062.06,Bank,Paid
18471,18471,2026-07-09,3894.28,Bank,Paid
18472,18472,2026-05-13,8473.84,Wallet,Paid
18473,18473,2025-02-11,2535.93,Card,Paid
18474,18474,2025-06-15,833.38,Card,Pending
18475,18475,2025-02-21,1603.09,Card,Paid
18476,18476,2025-12-04,1262.68,Card,Paid
18477,18477,2025-06-23,1920.63,Wallet,Paid
18478,18478,2024-01-24,643.97,Card,Paid
18479,18479,2024-10-11,485.96,Wallet,Paid
18480,18480,2026-03-04,2905.5,UPI,Paid
18481,18481,2024-07-31,1627.16,Wallet,Paid
18482,18482,2024-11-20,1455.16,Wallet,Paid
18483,18483,2024-02-29,86.0,UPI,Paid
18484,18484,2025-01-06,4557.15,Card,Paid
18485,18485,2025-10-14,4222.91,UPI,Paid
18486,18486,2024-11-05,3980.51,UPI,Paid
18487,18487,2026-01-07,4461.19,UPI,Paid
18488,18488,2024-01-28,3583.25,Card,Paid
18489,18489,2024-09-15,1910.22,Wallet,Paid
18490,18490,2024-07-30,2535.78,Bank,Paid
18491,18491,2024-02-18,1208.19,Bank,Paid
18492,18492,2025-10-06,3396.89,Bank,Paid
18493,18493,2024-03-20,6131.46,UPI,Paid
18494,18494,2024-08-30,110.42,Wallet,Paid
18495,18495,2024-04-29,8130.65,Card,Paid
18496,18496,2024-06-01,2813.81,UPI,Paid
18497,18497,2025-10-28,1270.51,Bank,Paid
18498,18498,2024-02-18,9028.56,UPI,Paid
18499,18499,2026-07-30,1120.44,UPI,Paid
18500,18500,2025-09-01,4573.35,Card,Paid
18501,18501,2025-03-05,7089.04,UPI,Paid
18502,18502,2024-04-15,1821.68,Card,Paid
18503,18503,2026-01-10,7758.17,Wallet,Paid
18504,18504,2024-07-03,5979.06,Card,Paid
18505,18505,2024-09-09,6672.75,Bank,Paid
18506,18506,2024-07-08,3394.56,Bank,Paid
18507,18507,2026-04-15,4122.75,Bank,Paid
18508,18508,2025-08-27,94.23,Bank,Paid
18509,18509,2026-05-23,4753.84,UPI,Paid
18510,18510,2024-06-14,2441.21,Wallet,Paid
18511,18511,2026-02-15,1510.24,Card,Paid
18512,18512,2024-11-07,731.88,Bank,Paid
18513,18513,2024-03-04,5529.06,Card,Paid
18514,18514,2025-07-16,1008.64,Card,Paid
18515,18515,2024-07-16,1487.39,Card,Paid
18516,18516,2025-12-18,1634.1,Card,Paid
18517,18517,2024-09-28,471.16,Bank,Paid
18518,18518,2024-12-06,630.64,Wallet,Paid
18519,18519,2024-03-27,3254.15,Bank,Paid
18520,18520,2026-06-07,5144.64,Wallet,Paid
18521,18521,2024-11-01,2041.09,Card,Paid
18522,18522,2024-03-07,4811.53,Bank,Paid
18523,18523,2025-02-21,5397.6,UPI,Paid
18524,18524,2024-05-28,3639.22,Wallet,Paid
18525,18525,2024-02-20,5031.24,UPI,Paid
18526,18526,2024-10-11,4000.24,Bank,Paid
18527,18527,2026-07-11,918.78,Bank,Paid
18528,18528,2026-01-20,2195.39,Bank,Failed
18529,18529,2025-04-22,1670.14,Wallet,Paid
18530,18530,2024-04-24,9085.28,Card,Paid
18531,18531,2024-01-24,6872.7,Card,Paid
18532,18532,2026-02-24,2483.47,UPI,Pending
18533,18533,2025-06-22,8359.77,Card,Paid
18534,18534,2025-10-02,4812.93,Bank,Paid
18535,18535,2025-08-17,5875.49,Bank,Paid
18536,18536,2024-06-04,738.26,Card,Paid
18537,18537,2026-03-05,533.5,Card,Paid
18538,18538,2025-12-30,9878.95,Card,Paid
18539,18539,2024-08-14,4291.54,UPI,Paid
18540,18540,2025-03-08,6607.13,Wallet,Paid
18541,18541,2024-05-08,7562.81,UPI,Paid
18542,18542,2024-05-02,2120.51,UPI,Paid
18543,18543,2025-07-07,8162.67,Card,Paid
18544,18544,2025-01-02,2074.96,Wallet,Paid
18545,18545,2024-05-09,5283.93,UPI,Paid
18546,18546,2024-02-13,636.33,Bank,Paid
18547,18547,2024-02-07,2868.46,Card,Failed
18548,18548,2024-04-13,2690.2,Wallet,Paid
18549,18549,2024-12-13,1217.5,Wallet,Paid
18550,18550,2025-05-16,1286.18,UPI,Paid
18551,18551,2026-02-11,3027.53,Wallet,Paid
18552,18552,2025-03-08,4395.45,Wallet,Paid
18553,18553,2025-04-30,5653.68,Card,Paid
18554,18554,2024-09-09,2467.62,Wallet,Paid
18555,18555,2025-06-23,237.42,Bank,Paid
18556,18556,2024-11-28,1795.54,UPI,Paid
18557,18557,2026-06-29,1667.94,Wallet,Paid
18558,18558,2024-07-24,2991.97,Card,Paid
18559,18559,2026-06-21,3568.39,UPI,Paid
18560,18560,2025-05-14,3902.49,Card,Pending
18561,18561,2024-06-11,1187.36,Bank,Paid
18562,18562,2026-06-06,3834.2,Bank,Paid
18563,18563,2024-09-05,2380.11,Card,Paid
18564,18564,2026-03-18,2243.36,Card,Paid
18565,18565,2024-02-12,1178.32,Wallet,Paid
18566,18566,2024-03-23,7056.65,Card,Paid
18567,18567,2025-03-29,5212.6,Card,Paid
18568,18568,2026-08-03,3818.86,Bank,Paid
18569,18569,2025-11-30,4746.38,Wallet,Paid
18570,18570,2025-05-23,3992.92,Bank,Paid
18571,18571,2026-05-10,6232.94,Bank,Paid
18572,18572,2024-05-16,1430.0,Card,Paid
18573,18573,2024-01-23,794.52,Wallet,Paid
18574,18574,2025-04-25,2343.59,Card,Paid
18575,18575,2026-05-19,2920.61,Card,Paid
18576,18576,2025-01-13,3273.92,UPI,Paid
18577,18577,2025-09-28,4671.38,UPI,Paid
18578,18578,2024-02-26,1356.18,Bank,Paid
18579,18579,2025-03-29,2476.16,UPI,Paid
18580,18580,2025-06-17,3122.01,Card,Paid
18581,18581,2026-04-23,4429.24,Bank,Paid
18582,18582,2026-08-20,441.44,Bank,Paid
18583,18583,2024-05-02,5866.4,Bank,Paid
18584,18584,2025-02-03,3200.67,Bank,Paid
18585,18585,2024-07-10,587.36,Wallet,Failed
18586,18586,2025-04-21,30.83,Card,Paid
18587,18587,2024-07-30,6106.12,Card,Paid
18588,18588,2024-04-28,2326.64,Bank,Paid
18589,18589,2024-09-26,606.47,Bank,Paid
18590,18590,2024-12-01,3125.26,Wallet,Paid
18591,18591,2025-01-09,2375.74,UPI,Paid
18592,18592,2024-06-02,4007.43,Bank,Paid
18593,18593,2024-08-02,2298.38,Wallet,Paid
18594,18594,2024-03-07,5483.15,Bank,Paid
18595,18595,2026-08-20,3304.05,Bank,Paid
18596,18596,2025-12-30,2657.32,Card,Paid
18597,18597,2024-02-02,1298.35,Wallet,Paid
18598,18598,2025-03-31,1581.21,UPI,Paid
18599,18599,2025-10-19,2735.11,Wallet,Paid
18600,18600,2024-04-23,3147.37,Bank,Pending
18601,18601,2026-05-20,5120.86,Card,Paid
18602,18602,2025-11-22,3832.77,Wallet,Paid
18603,18603,2025-11-30,6065.13,UPI,Paid
18604,18604,2024-10-05,793.02,Bank,Paid
18605,18605,2024-07-27,1072.56,Card,Paid
18606,18606,2025-01-13,4793.32,UPI,Paid
18607,18607,2024-08-17,3970.8,Bank,Paid
18608,18608,2024-11-24,4428.92,Bank,Paid
18609,18609,2026-02-06,1955.04,UPI,Paid
18610,18610,2025-01-01,1506.62,UPI,Pending
18611,18611,2025-03-10,6661.59,Card,Paid
18612,18612,2025-06-15,110.89,Wallet,Paid
18613,18613,2025-09-17,862.9,Bank,Paid
18614,18614,2025-10-30,356.05,Bank,Paid
18615,18615,2025-02-20,6785.43,Card,Paid
18616,18616,2024-04-30,1708.4,Wallet,Paid
18617,18617,2026-01-17,788.23,Bank,Paid
18618,18618,2024-04-12,2674.38,Bank,Paid
18619,18619,2026-01-20,3068.22,Bank,Paid
18620,18620,2025-08-25,3865.25,Card,Paid
18621,18621,2024-06-11,1266.94,Card,Paid
18622,18622,2025-09-08,3839.37,Bank,Pending
18623,18623,2024-01-26,5275.63,Card,Paid
18624,18624,2024-06-09,2660.17,Bank,Paid
18625,18625,2024-01-05,2050.23,Card,Paid
18626,18626,2025-04-01,4200.33,Wallet,Paid
18627,18627,2025-07-02,946.23,Bank,Paid
18628,18628,2024-02-24,8182.11,UPI,Paid
18629,18629,2024-11-08,7711.06,Wallet,Paid
18630,18630,2024-04-30,780.57,Card,Paid
18631,18631,2024-10-19,3246.34,UPI,Paid
18632,18632,2024-12-14,6820.74,Card,Paid
18633,18633,2024-06-05,6681.45,Bank,Paid
18634,18634,2025-06-21,1040.33,Wallet,Paid
18635,18635,2026-05-14,933.16,Card,Paid
18636,18636,2024-08-14,1425.82,UPI,Paid
18637,18637,2025-06-12,3134.67,Card,Paid
18638,18638,2026-04-20,2925.7,Card,Paid
18639,18639,2024-01-01,2758.98,Bank,Paid
18640,18640,2026-06-02,3343.58,Card,Paid
18641,18641,2026-02-07,598.7,Card,Pending
18642,18642,2026-06-28,2347.85,Bank,Failed
18643,18643,2025-01-14,6268.7,Wallet,Paid
18644,18644,2025-06-19,1276.4,Bank,Paid
18645,18645,2024-05-25,3142.26,Wallet,Paid
18646,18646,2026-03-14,2970.19,Wallet,Paid
18647,18647,2026-06-10,3113.49,UPI,Paid
18648,18648,2026-07-06,859.6,Bank,Paid
18649,18649,2024-01-12,4778.83,Card,Paid
18650,18650,2025-06-04,6181.84,Card,Paid
18651,18651,2026-08-04,1132.23,UPI,Paid
18652,18652,2025-03-04,1202.55,Card,Paid
18653,18653,2024-10-19,1450.94,Card,Paid
18654,18654,2026-08-26,2380.42,Card,Paid
18655,18655,2026-05-12,1705.73,UPI,Paid
18656,18656,2024-03-20,1826.22,Wallet,Paid
18657,18657,2025-01-02,3922.07,Wallet,Paid
18658,18658,2025-06-11,884.18,Wallet,Paid
18659,18659,2026-08-13,1511.4,Wallet,Paid
18660,18660,2026-04-29,7935.49,Wallet,Paid
18661,18661,2024-09-29,5586.79,UPI,Paid
18662,18662,2025-12-19,850.43,Wallet,Paid
18663,18663,2024-01-16,5493.47,UPI,Paid
18664,18664,2026-05-06,4212.65,Card,Paid
18665,18665,2024-09-16,2740.4,Card,Paid
18666,18666,2025-04-03,1578.57,Wallet,Paid
18667,18667,2025-07-15,4363.9,Wallet,Paid
18668,18668,2024-02-20,6868.05,Wallet,Paid
18669,18669,2025-09-05,591.19,Bank,Paid
18670,18670,2024-08-18,516.92,Bank,Failed
18671,18671,2025-01-18,1204.87,Card,Paid
18672,18672,2025-03-26,2609.5,Bank,Paid
18673,18673,2025-01-09,1940.33,Wallet,Paid
18674,18674,2026-02-14,4175.17,Wallet,Paid
18675,18675,2024-08-13,1477.24,Bank,Paid
18676,18676,2024-08-26,3188.19,UPI,Pending
18677,18677,2026-08-22,5720.96,Card,Paid
18678,18678,2024-01-10,3989.14,UPI,Paid
18679,18679,2025-04-18,2457.31,UPI,Paid
18680,18680,2025-09-18,2327.07,Bank,Paid
18681,18681,2025-06-11,3620.31,Card,Paid
18682,18682,2024-02-25,5494.49,Card,Paid
18683,18683,2024-04-12,3712.88,UPI,Paid
18684,18684,2024-01-13,378.04,Bank,Paid
18685,18685,2024-04-08,359.87,UPI,Paid
18686,18686,2025-07-22,9394.32,Bank,Paid
18687,18687,2025-04-04,3399.54,Card,Paid
18688,18688,2024-01-22,6327.93,UPI,Paid
18689,18689,2025-09-19,5119.9,Card,Paid
18690,18690,2026-08-01,4665.9,Card,Paid
18691,18691,2026-07-05,926.24,Bank,Paid
18692,18692,2024-03-13,2834.42,UPI,Paid
18693,18693,2025-02-15,2550.94,Bank,Paid
18694,18694,2024-04-06,832.36,Bank,Paid
18695,18695,2024-02-26,5467.9,UPI,Paid
18696,18696,2024-12-08,7784.3,Card,Paid
18697,18697,2024-05-14,3632.37,UPI,Paid
18698,18698,2025-12-16,4173.07,UPI,Failed
18699,18699,2025-01-29,544.19,Card,Paid
18700,18700,2024-02-17,475.67,UPI,Paid
18701,18701,2024-07-14,2896.61,Card,Paid
18702,18702,2026-06-03,3805.14,UPI,Paid
18703,18703,2024-04-30,3907.46,Bank,Paid
18704,18704,2024-11-04,799.27,Bank,Paid
18705,18705,2024-08-24,2990.79,UPI,Paid
18706,18706,2025-07-27,4050.99,Wallet,Paid
18707,18707,2026-06-21,1625.89,Card,Paid
18708,18708,2025-07-03,1952.03,UPI,Failed
18709,18709,2025-05-26,1438.22,Bank,Paid
18710,18710,2026-04-11,845.85,UPI,Paid
18711,18711,2025-07-25,603.07,Card,Paid
18712,18712,2025-12-21,417.58,Wallet,Paid
18713,18713,2025-07-30,1793.41,UPI,Pending
18714,18714,2024-04-01,1811.07,Wallet,Paid
18715,18715,2026-05-02,1256.05,Wallet,Paid
18716,18716,2026-05-12,651.41,UPI,Paid
18717,18717,2024-11-15,4835.0,Card,Paid
18718,18718,2024-02-24,6415.91,Bank,Paid
18719,18719,2024-04-12,2874.74,Card,Paid
18720,18720,2024-08-16,1042.57,Wallet,Paid
18721,18721,2026-01-25,1521.54,Card,Paid
18722,18722,2025-11-03,498.85,Wallet,Paid
18723,18723,2024-02-20,2022.65,Wallet,Paid
18724,18724,2024-08-23,1032.32,Card,Paid
18725,18725,2024-01-09,5298.56,UPI,Paid
18726,18726,2026-03-20,2400.73,Card,Paid
18727,18727,2024-03-19,475.79,UPI,Paid
18728,18728,2025-06-18,3371.91,Wallet,Paid
18729,18729,2025-01-05,1103.97,Bank,Paid
18730,18730,2024-05-06,1704.49,Card,Paid
18731,18731,2026-02-11,3501.76,Wallet,Paid
18732,18732,2024-11-14,3138.82,Wallet,Paid
18733,18733,2026-02-02,2978.87,Bank,Paid
18734,18734,2025-08-17,4197.26,UPI,Paid
18735,18735,2025-07-02,3322.91,Card,Paid
18736,18736,2026-08-17,2429.11,Card,Paid
18737,18737,2026-04-24,7717.2,Wallet,Paid
18738,18738,2025-12-16,1597.71,UPI,Paid
18739,18739,2025-03-23,2128.2,UPI,Paid
18740,18740,2024-03-11,1146.15,UPI,Paid
18741,18741,2024-09-11,18.09,UPI,Paid
18742,18742,2025-09-27,1028.82,Wallet,Paid
18743,18743,2024-05-26,3955.4,Wallet,Paid
18744,18744,2024-11-25,2452.05,UPI,Paid
18745,18745,2024-10-23,1737.2,Card,Paid
18746,18746,2025-09-01,791.5,Wallet,Paid
18747,18747,2024-02-15,326.75,Card,Paid
18748,18748,2026-05-02,2814.16,Card,Paid
18749,18749,2025-06-07,3740.61,Bank,Paid
18750,18750,2024-05-12,261.71,Card,Paid
18751,18751,2026-01-28,1630.26,Bank,Paid
18752,18752,2026-06-23,3257.09,Wallet,Paid
18753,18753,2026-05-11,2643.45,Wallet,Paid
18754,18754,2025-03-28,3142.82,Bank,Paid
18755,18755,2024-10-25,672.77,Card,Paid
18756,18756,2025-04-07,3928.68,Card,Paid
18757,18757,2025-09-05,5639.19,Bank,Paid
18758,18758,2026-06-08,4292.93,Bank,Paid
18759,18759,2026-04-23,1225.27,UPI,Paid
18760,18760,2026-06-30,2075.17,Bank,Paid
18761,18761,2024-04-01,4458.83,Wallet,Pending
18762,18762,2026-05-12,5813.97,Wallet,Paid
18763,18763,2025-10-31,1102.68,Bank,Paid
18764,18764,2025-10-23,1583.47,Wallet,Paid
18765,18765,2026-05-18,3040.61,Bank,Failed
18766,18766,2024-02-21,500.7,Card,Paid
18767,18767,2024-07-25,2530.77,Card,Paid
18768,18768,2024-11-12,4241.39,Card,Paid
18769,18769,2026-06-06,7067.65,Wallet,Failed
18770,18770,2026-07-27,6141.68,Wallet,Paid
18771,18771,2024-06-03,4242.55,Wallet,Paid
18772,18772,2024-10-02,5325.59,Bank,Paid
18773,18773,2026-06-18,6095.35,Card,Paid
18774,18774,2024-05-01,481.24,Card,Paid
18775,18775,2024-02-20,4566.86,Wallet,Paid
18776,18776,2024-02-07,2087.35,Bank,Paid
18777,18777,2026-04-13,3855.57,Card,Paid
18778,18778,2025-12-29,235.66,Card,Paid
18779,18779,2026-02-20,2592.44,Bank,Paid
18780,18780,2026-01-25,4484.79,Wallet,Paid
18781,18781,2024-02-13,3242.89,Wallet,Paid
18782,18782,2026-03-05,6351.4,Card,Failed
18783,18783,2024-08-13,7249.03,UPI,Paid
18784,18784,2024-04-21,2664.23,Bank,Paid
18785,18785,2024-03-10,2318.38,Wallet,Paid
18786,18786,2024-08-29,5803.63,Bank,Paid
18787,18787,2025-05-13,1155.19,Bank,Paid
18788,18788,2025-06-03,2531.65,Bank,Paid
18789,18789,2025-06-08,3214.95,Card,Paid
18790,18790,2025-04-15,3080.82,Card,Paid
18791,18791,2024-03-03,5428.26,UPI,Paid
18792,18792,2024-05-12,668.2,Card,Pending
18793,18793,2024-01-02,4591.46,Bank,Paid
18794,18794,2025-05-16,1034.49,UPI,Failed
18795,18795,2024-11-11,1855.77,UPI,Paid
18796,18796,2026-07-11,593.74,Card,Paid
18797,18797,2024-10-15,2723.83,Bank,Paid
18798,18798,2026-01-29,2516.43,Bank,Paid
18799,18799,2026-06-25,3337.58,Card,Paid
18800,18800,2024-11-11,2243.06,UPI,Paid
18801,18801,2025-06-08,1517.06,UPI,Paid
18802,18802,2024-12-05,1513.91,UPI,Paid
18803,18803,2025-12-05,5240.48,Wallet,Paid
18804,18804,2024-08-05,343.51,Bank,Paid
18805,18805,2025-10-02,2084.27,Bank,Paid
18806,18806,2025-02-16,4095.84,Wallet,Paid
18807,18807,2025-01-23,6570.04,Card,Paid
18808,18808,2024-11-12,1399.9,Wallet,Paid
18809,18809,2025-11-07,516.38,Bank,Paid
18810,18810,2024-10-25,516.34,Bank,Paid
18811,18811,2026-07-18,2595.78,Wallet,Paid
18812,18812,2025-05-23,2329.57,Bank,Paid
18813,18813,2024-01-02,5401.29,Bank,Paid
18814,18814,2025-01-11,254.11,Card,Failed
18815,18815,2025-06-15,6256.65,Bank,Paid
18816,18816,2024-09-05,5827.71,Card,Pending
18817,18817,2025-12-31,4601.99,Wallet,Paid
18818,18818,2024-03-15,2931.69,Wallet,Paid
18819,18819,2024-05-20,1843.32,UPI,Paid
18820,18820,2024-02-12,3690.57,Bank,Paid
18821,18821,2024-05-02,4324.92,Wallet,Paid
18822,18822,2025-10-04,1809.69,Card,Paid
18823,18823,2025-08-08,5451.62,UPI,Paid
18824,18824,2024-06-23,2211.08,Bank,Paid
18825,18825,2026-07-16,4151.12,Bank,Paid
18826,18826,2026-05-20,7588.74,Bank,Paid
18827,18827,2026-02-10,2808.42,Card,Paid
18828,18828,2025-07-14,8839.99,UPI,Paid
18829,18829,2025-01-30,3944.74,UPI,Paid
18830,18830,2026-04-30,3602.46,Bank,Paid
18831,18831,2024-06-02,1148.48,Wallet,Paid
18832,18832,2024-10-26,5188.32,UPI,Paid
18833,18833,2025-05-17,4451.85,Wallet,Paid
18834,18834,2025-09-19,1768.21,Card,Paid
18835,18835,2026-05-09,284.01,Bank,Paid
18836,18836,2025-08-11,1482.05,Card,Paid
18837,18837,2025-03-02,117.72,Bank,Paid
18838,18838,2024-09-26,467.7,UPI,Pending
18839,18839,2025-08-11,2432.98,UPI,Paid
18840,18840,2026-07-14,2726.09,Bank,Paid
18841,18841,2025-10-08,7137.83,Wallet,Paid
18842,18842,2024-11-16,5005.95,Card,Paid
18843,18843,2024-01-20,1292.51,Wallet,Paid
18844,18844,2026-03-26,3290.96,Bank,Paid
18845,18845,2024-01-06,3395.76,Wallet,Paid
18846,18846,2025-12-23,4808.61,Wallet,Paid
18847,18847,2024-05-07,1324.87,UPI,Paid
18848,18848,2025-03-07,910.69,Wallet,Paid
18849,18849,2026-04-20,3070.85,Wallet,Paid
18850,18850,2025-10-12,1173.3,Bank,Paid
18851,18851,2024-03-17,1033.08,Wallet,Paid
18852,18852,2024-07-05,1243.53,UPI,Paid
18853,18853,2026-08-14,7277.04,UPI,Failed
18854,18854,2024-08-01,390.8,Card,Paid
18855,18855,2024-01-17,3189.06,Card,Failed
18856,18856,2025-11-23,3013.62,UPI,Paid
18857,18857,2025-07-20,8160.73,UPI,Paid
18858,18858,2026-07-25,142.02,Card,Paid
18859,18859,2026-08-13,4370.54,Card,Paid
18860,18860,2025-08-07,4114.3,Wallet,Paid
18861,18861,2025-03-10,2339.25,UPI,Paid
18862,18862,2025-04-05,1340.38,Card,Paid
18863,18863,2026-07-19,1509.37,Card,Paid
18864,18864,2025-10-22,1562.41,Card,Paid
18865,18865,2025-06-01,212.78,Bank,Paid
18866,18866,2025-01-07,3872.12,Bank,Paid
18867,18867,2024-08-19,749.44,Card,Paid
18868,18868,2026-08-27,3378.17,Card,Paid
18869,18869,2024-11-12,3338.45,Wallet,Paid
18870,18870,2024-06-18,9037.72,Card,Paid
18871,18871,2025-07-03,811.35,Bank,Paid
18872,18872,2025-07-06,849.87,Wallet,Failed
18873,18873,2025-02-18,2490.31,Bank,Paid
18874,18874,2025-09-25,6156.66,Card,Paid
18875,18875,2024-05-19,6078.0,UPI,Paid
18876,18876,2026-01-05,2264.44,Card,Paid
18877,18877,2024-12-25,2479.86,Wallet,Paid
18878,18878,2025-02-14,6255.98,Wallet,Paid
18879,18879,2024-11-10,583.6,Bank,Paid
18880,18880,2024-03-20,2438.06,Bank,Pending
18881,18881,2025-09-24,2651.69,UPI,Paid
18882,18882,2024-04-17,1146.49,Card,Paid
18883,18883,2024-06-28,654.2,UPI,Paid
18884,18884,2024-05-27,2897.33,Wallet,Paid
18885,18885,2024-05-13,475.97,Bank,Paid
18886,18886,2026-01-25,3572.75,UPI,Paid
18887,18887,2025-02-03,3192.36,Wallet,Paid
18888,18888,2026-08-25,1429.48,Bank,Paid
18889,18889,2025-06-14,485.74,Card,Paid
18890,18890,2024-04-02,6979.1,Bank,Failed
18891,18891,2024-04-05,2298.4,Wallet,Paid
18892,18892,2025-09-12,1868.14,Bank,Paid
18893,18893,2025-04-14,4209.5,Card,Paid
18894,18894,2024-02-18,2962.87,UPI,Paid
18895,18895,2024-06-02,2439.82,Card,Paid
18896,18896,2024-12-19,3625.88,Wallet,Paid
18897,18897,2024-10-04,2883.17,Wallet,Paid
18898,18898,2026-03-05,980.01,Card,Paid
18899,18899,2026-08-18,1907.62,Card,Paid
18900,18900,2026-07-15,4463.37,UPI,Paid
18901,18901,2024-01-03,3618.19,Bank,Paid
18902,18902,2024-11-28,1619.75,Bank,Pending
18903,18903,2025-01-29,2521.8,UPI,Paid
18904,18904,2025-10-04,2598.73,UPI,Paid
18905,18905,2024-10-14,1962.64,Wallet,Paid
18906,18906,2026-04-25,8467.01,Wallet,Paid
18907,18907,2024-02-10,8377.25,Bank,Paid
18908,18908,2024-12-04,1990.23,Bank,Paid
18909,18909,2024-01-15,859.96,UPI,Paid
18910,18910,2026-01-16,4218.81,Bank,Paid
18911,18911,2025-09-01,3376.61,Card,Paid
18912,18912,2024-01-25,563.85,Wallet,Paid
18913,18913,2025-12-07,1393.25,Wallet,Failed
18914,18914,2024-03-04,6363.66,Card,Paid
18915,18915,2024-02-07,430.99,Wallet,Paid
18916,18916,2025-10-02,1913.79,Card,Paid
18917,18917,2024-04-21,3523.62,UPI,Paid
18918,18918,2024-01-04,1546.36,UPI,Pending
18919,18919,2025-08-31,4367.6,Card,Paid
18920,18920,2025-06-11,2910.67,Card,Paid
18921,18921,2026-02-28,533.8,UPI,Paid
18922,18922,2026-02-08,646.08,Wallet,Paid
18923,18923,2024-02-20,672.44,Card,Paid
18924,18924,2026-04-19,2872.3,UPI,Paid
18925,18925,2026-01-17,2643.06,Wallet,Paid
18926,18926,2024-02-13,2878.95,Bank,Paid
18927,18927,2026-04-12,4840.97,Wallet,Paid
18928,18928,2025-04-02,1510.62,Bank,Paid
18929,18929,2024-07-12,3874.34,UPI,Paid
18930,18930,2025-05-14,4713.08,Card,Paid
18931,18931,2026-08-07,9436.15,Bank,Paid
18932,18932,2024-03-25,5326.45,Bank,Paid
18933,18933,2024-10-16,2404.31,Wallet,Paid
18934,18934,2025-12-29,8038.75,Wallet,Pending
18935,18935,2024-05-02,174.45,Wallet,Paid
18936,18936,2024-12-03,2478.77,Bank,Paid
18937,18937,2025-10-06,1679.5,Wallet,Paid
18938,18938,2025-10-27,1378.0,Wallet,Paid
18939,18939,2025-07-25,2877.06,Bank,Paid
18940,18940,2024-06-02,5453.75,Bank,Paid
18941,18941,2026-03-05,3153.98,Bank,Paid
18942,18942,2024-12-22,3725.13,UPI,Paid
18943,18943,2025-09-14,349.54,Card,Paid
18944,18944,2025-11-07,35.99,Bank,Paid
18945,18945,2026-05-25,387.5,Card,Paid
18946,18946,2024-07-16,4866.95,UPI,Paid
18947,18947,2025-10-09,1709.58,Bank,Paid
18948,18948,2024-04-14,5680.38,Card,Failed
18949,18949,2024-05-04,8331.15,Card,Paid
18950,18950,2025-02-23,581.02,Card,Paid
18951,18951,2024-03-18,3808.3,UPI,Paid
18952,18952,2024-05-30,4943.12,Bank,Paid
18953,18953,2025-10-11,4067.93,UPI,Paid
18954,18954,2025-08-03,479.84,Card,Paid
18955,18955,2025-12-03,2332.53,Card,Paid
18956,18956,2026-02-13,2125.69,Wallet,Paid
18957,18957,2025-01-26,4894.08,Card,Paid
18958,18958,2026-06-25,1389.1,Card,Paid
18959,18959,2026-02-12,797.89,UPI,Paid
18960,18960,2025-02-22,1974.76,UPI,Paid
18961,18961,2024-10-14,4010.26,Bank,Paid
18962,18962,2026-07-14,5978.92,Bank,Paid
18963,18963,2025-03-01,2244.55,Card,Paid
18964,18964,2025-09-03,2908.35,Card,Paid
18965,18965,2026-05-29,2065.49,UPI,Paid
18966,18966,2025-05-06,1641.67,Wallet,Paid
18967,18967,2026-04-05,1554.89,Wallet,Paid
18968,18968,2025-03-19,7811.43,Wallet,Paid
18969,18969,2024-02-04,404.22,Wallet,Paid
18970,18970,2024-04-28,1004.94,Wallet,Paid
18971,18971,2024-11-13,7288.6,Wallet,Paid
18972,18972,2026-07-01,2924.52,Card,Paid
18973,18973,2025-04-13,1668.83,Wallet,Pending
18974,18974,2025-02-23,6719.81,Card,Paid
18975,18975,2024-05-22,1512.17,UPI,Paid
18976,18976,2024-08-18,1947.52,Card,Paid
18977,18977,2026-06-05,3902.25,Card,Paid
18978,18978,2024-07-25,2577.98,Bank,Paid
18979,18979,2025-09-25,4129.09,Bank,Paid
18980,18980,2025-09-09,3977.11,Bank,Pending
18981,18981,2024-08-30,2408.43,UPI,Paid
18982,18982,2026-03-08,2482.91,Bank,Paid
18983,18983,2025-05-25,224.66,Bank,Paid
18984,18984,2025-06-28,3096.25,Bank,Paid
18985,18985,2025-04-17,1145.95,UPI,Paid
18986,18986,2025-11-13,3798.63,Card,Pending
18987,18987,2024-09-22,5543.37,Wallet,Paid
18988,18988,2025-11-10,7153.07,Card,Paid
18989,18989,2025-05-07,1613.3,UPI,Paid
18990,18990,2025-06-12,1747.78,UPI,Pending
18991,18991,2025-01-13,5588.22,UPI,Paid
18992,18992,2024-05-18,2328.07,UPI,Paid
18993,18993,2025-08-13,6643.36,Card,Paid
18994,18994,2026-06-17,4067.97,Wallet,Pending
18995,18995,2024-04-18,1459.27,UPI,Paid
18996,18996,2025-06-10,3407.07,Card,Paid
18997,18997,2025-06-16,4122.36,Bank,Paid
18998,18998,2025-10-25,1439.98,Bank,Paid
18999,18999,2025-06-18,6993.41,Wallet,Paid
19000,19000,2026-01-22,1444.09,UPI,Paid
19001,19001,2025-06-14,7995.71,Card,Paid
19002,19002,2024-03-28,7782.97,Card,Paid
19003,19003,2024-09-06,2584.19,Bank,Paid
19004,19004,2026-03-20,3765.1,UPI,Paid
19005,19005,2024-09-30,2508.83,Wallet,Paid
19006,19006,2024-04-30,5575.25,UPI,Paid
19007,19007,2024-02-06,1750.98,Bank,Paid
19008,19008,2025-07-23,1064.58,UPI,Failed
19009,19009,2024-06-14,1359.36,UPI,Paid
19010,19010,2026-04-24,641.3,UPI,Paid
19011,19011,2024-10-27,5277.4,Bank,Paid
19012,19012,2024-06-17,3258.63,Bank,Paid
19013,19013,2025-10-25,3636.48,Card,Paid
19014,19014,2026-05-29,3979.86,Bank,Paid
19015,19015,2026-08-13,3415.94,UPI,Paid
19016,19016,2026-07-10,5235.39,Card,Paid
19017,19017,2024-02-04,1149.68,UPI,Paid
19018,19018,2024-07-30,3335.64,Bank,Paid
19019,19019,2024-09-09,6202.7,Card,Paid
19020,19020,2024-09-09,768.07,Bank,Paid
19021,19021,2026-07-29,2250.95,UPI,Failed
19022,19022,2024-10-02,4540.64,Wallet,Paid
19023,19023,2025-04-07,2662.76,Wallet,Paid
19024,19024,2024-08-22,2987.98,UPI,Paid
19025,19025,2025-04-16,5020.51,Wallet,Paid
19026,19026,2026-04-23,3729.5,UPI,Paid
19027,19027,2024-02-29,3620.76,Bank,Paid
19028,19028,2024-01-08,3060.12,UPI,Paid
19029,19029,2025-03-22,1262.46,Bank,Paid
19030,19030,2024-09-06,2718.54,Bank,Failed
19031,19031,2024-09-21,5169.68,Wallet,Paid
19032,19032,2024-07-24,539.32,Wallet,Pending
19033,19033,2024-01-13,2043.56,UPI,Paid
19034,19034,2025-10-04,4675.66,Wallet,Paid
19035,19035,2026-01-26,4762.24,Bank,Paid
19036,19036,2024-12-20,79.53,Bank,Paid
19037,19037,2025-03-12,6331.07,Card,Paid
19038,19038,2026-08-24,1055.66,UPI,Paid
19039,19039,2025-11-02,3429.55,Card,Paid
19040,19040,2025-11-01,2371.75,Wallet,Pending
19041,19041,2025-04-29,750.81,UPI,Paid
19042,19042,2026-07-08,259.88,Wallet,Failed
19043,19043,2026-05-03,7208.71,Card,Paid
19044,19044,2024-05-26,788.72,Wallet,Paid
19045,19045,2024-12-14,3464.68,UPI,Paid
19046,19046,2026-08-06,2758.09,Wallet,Failed
19047,19047,2024-01-25,3682.58,Card,Pending
19048,19048,2025-05-18,2869.99,Card,Paid
19049,19049,2024-09-19,839.87,UPI,Paid
19050,19050,2026-04-23,4848.57,Bank,Paid
19051,19051,2025-11-28,4188.33,Wallet,Paid
19052,19052,2025-12-22,2209.08,Card,Paid
19053,19053,2024-09-10,6080.47,Card,Paid
19054,19054,2024-10-12,4327.3,Card,Paid
19055,19055,2026-08-16,4565.21,Card,Paid
19056,19056,2024-02-20,5862.31,UPI,Paid
19057,19057,2026-05-08,811.34,Card,Paid
19058,19058,2026-05-11,7818.22,Card,Paid
19059,19059,2024-10-24,2370.7,Wallet,Paid
19060,19060,2026-05-11,6400.3,Wallet,Failed
19061,19061,2026-05-12,5854.52,UPI,Pending
19062,19062,2024-07-04,2575.14,Wallet,Paid
19063,19063,2026-01-01,4785.59,Wallet,Paid
19064,19064,2026-03-10,2644.7,Card,Paid
19065,19065,2026-03-26,6450.02,Card,Paid
19066,19066,2026-08-05,1601.77,Bank,Paid
19067,19067,2026-03-23,5233.59,Bank,Paid
19068,19068,2024-04-03,10982.77,Bank,Paid
19069,19069,2025-07-26,1218.75,Card,Paid
19070,19070,2025-10-12,4904.99,Wallet,Paid
19071,19071,2024-09-27,2181.87,Card,Paid
19072,19072,2025-04-26,3956.52,Card,Paid
19073,19073,2024-09-21,1911.56,UPI,Paid
19074,19074,2025-06-12,1119.69,UPI,Paid
19075,19075,2025-01-07,630.48,Wallet,Pending
19076,19076,2025-05-10,3799.19,UPI,Paid
19077,19077,2025-11-06,4744.9,Bank,Paid
19078,19078,2026-05-03,4474.71,UPI,Paid
19079,19079,2025-08-10,901.01,UPI,Paid
19080,19080,2025-01-27,3717.84,Card,Paid
19081,19081,2025-08-26,2972.13,Wallet,Paid
19082,19082,2026-04-10,1638.53,Bank,Paid
19083,19083,2025-12-11,2638.94,Card,Paid
19084,19084,2025-07-12,3745.7,Wallet,Paid
19085,19085,2024-08-21,4082.62,Card,Paid
19086,19086,2026-07-23,1349.98,Wallet,Pending
19087,19087,2026-03-07,6772.34,Card,Paid
19088,19088,2025-10-30,1024.48,Bank,Paid
19089,19089,2025-02-07,7381.56,UPI,Paid
19090,19090,2026-07-13,759.06,UPI,Paid
19091,19091,2026-01-23,3376.95,Bank,Paid
19092,19092,2024-07-08,5576.12,Card,Paid
19093,19093,2025-09-17,5151.09,Wallet,Paid
19094,19094,2026-03-21,6606.84,UPI,Paid
19095,19095,2024-06-02,6266.13,UPI,Paid
19096,19096,2025-08-10,2327.52,Bank,Paid
19097,19097,2024-01-20,3650.95,UPI,Paid
19098,19098,2026-03-22,3371.54,Wallet,Paid
19099,19099,2024-04-25,495.78,Card,Pending
19100,19100,2025-03-24,4451.37,Wallet,Paid
19101,19101,2024-06-01,1075.99,Bank,Paid
19102,19102,2025-06-25,1040.02,Card,Paid
19103,19103,2025-04-21,3330.73,Bank,Paid
19104,19104,2024-07-13,2106.08,Bank,Paid
19105,19105,2025-12-14,934.96,Card,Paid
19106,19106,2024-02-01,1416.74,Wallet,Paid
19107,19107,2025-04-09,4828.83,Bank,Paid
19108,19108,2024-04-25,5065.17,Bank,Paid
19109,19109,2024-03-26,2597.53,Wallet,Paid
19110,19110,2025-08-11,1351.27,UPI,Paid
19111,19111,2025-07-14,5540.46,Bank,Paid
19112,19112,2025-06-28,4513.89,Bank,Paid
19113,19113,2026-05-26,5224.76,UPI,Paid
19114,19114,2024-01-01,3700.98,Card,Paid
19115,19115,2024-11-22,5250.66,Bank,Paid
19116,19116,2026-08-18,2448.14,Bank,Paid
19117,19117,2026-01-17,3958.26,Bank,Paid
19118,19118,2025-10-14,3215.72,Bank,Paid
19119,19119,2025-07-19,3172.93,UPI,Failed
19120,19120,2025-02-20,463.49,Bank,Paid
19121,19121,2024-03-08,5380.44,UPI,Paid
19122,19122,2025-09-22,3690.23,Wallet,Pending
19123,19123,2026-03-17,2538.18,Bank,Paid
19124,19124,2026-03-25,4231.93,UPI,Pending
19125,19125,2026-03-20,4808.89,Card,Paid
19126,19126,2024-06-30,7335.44,Wallet,Paid
19127,19127,2025-04-16,4947.41,Wallet,Paid
19128,19128,2026-02-04,848.12,UPI,Paid
19129,19129,2025-01-15,3069.26,Bank,Paid
19130,19130,2025-02-14,4589.59,Card,Paid
19131,19131,2024-03-17,3543.19,Bank,Paid
19132,19132,2026-01-19,2841.54,Card,Paid
19133,19133,2026-03-18,4065.45,UPI,Paid
19134,19134,2024-11-03,5636.19,UPI,Paid
19135,19135,2024-02-15,3265.46,Card,Paid
19136,19136,2024-09-10,3596.35,Wallet,Paid
19137,19137,2025-04-23,1195.04,Bank,Failed
19138,19138,2025-12-06,5726.68,Card,Paid
19139,19139,2024-03-27,2833.49,Wallet,Paid
19140,19140,2025-11-24,2362.54,Bank,Paid
19141,19141,2026-02-10,5229.93,UPI,Paid
19142,19142,2025-10-08,5044.5,Wallet,Pending
19143,19143,2026-07-04,546.35,UPI,Paid
19144,19144,2026-03-22,1192.79,Bank,Paid
19145,19145,2026-04-14,4156.21,Bank,Paid
19146,19146,2026-07-15,2270.51,Bank,Paid
19147,19147,2024-09-18,3181.98,Wallet,Paid
19148,19148,2025-11-30,3387.99,Card,Paid
19149,19149,2024-01-02,3133.79,Card,Paid
19150,19150,2025-07-07,2213.49,Card,Paid
19151,19151,2026-04-29,3494.17,Card,Paid
19152,19152,2024-07-28,564.71,Wallet,Paid
19153,19153,2025-02-14,1215.85,UPI,Paid
19154,19154,2024-01-14,2049.76,Bank,Paid
19155,19155,2026-01-08,2860.28,Wallet,Paid
19156,19156,2025-05-26,5177.44,Bank,Paid
19157,19157,2024-07-19,2163.35,Card,Paid
19158,19158,2025-08-01,241.77,Bank,Paid
19159,19159,2026-07-07,1332.22,Card,Pending
19160,19160,2026-08-10,368.59,Card,Paid
19161,19161,2026-03-04,4137.56,Bank,Paid
19162,19162,2025-09-01,4055.95,Card,Paid
19163,19163,2025-02-18,709.47,Wallet,Paid
19164,19164,2026-04-03,1801.42,Bank,Paid
19165,19165,2024-07-26,2080.8,Bank,Paid
19166,19166,2025-04-19,4556.54,UPI,Paid
19167,19167,2026-06-19,3227.88,Bank,Paid
19168,19168,2024-09-04,169.42,Wallet,Paid
19169,19169,2026-08-24,2243.63,Bank,Paid
19170,19170,2024-03-21,1737.13,Bank,Paid
19171,19171,2024-06-12,10753.42,Wallet,Paid
19172,19172,2025-12-28,1850.64,Wallet,Paid
19173,19173,2024-12-04,3489.8,Card,Paid
19174,19174,2024-10-14,4868.96,Card,Paid
19175,19175,2025-09-13,2059.91,Card,Paid
19176,19176,2024-09-28,4643.01,Bank,Paid
19177,19177,2026-03-04,4681.46,Card,Paid
19178,19178,2024-11-01,3743.58,Card,Paid
19179,19179,2024-04-20,1753.15,Card,Paid
19180,19180,2024-03-09,2960.79,Wallet,Failed
19181,19181,2024-09-01,11616.66,Wallet,Paid
19182,19182,2025-02-19,3408.83,Bank,Paid
19183,19183,2025-07-03,3278.1,Bank,Paid
19184,19184,2025-03-23,4159.14,Card,Paid
19185,19185,2024-06-27,4638.95,Card,Paid
19186,19186,2026-08-01,2137.92,Wallet,Paid
19187,19187,2025-07-21,634.27,Bank,Paid
19188,19188,2024-08-21,5431.5,UPI,Paid
19189,19189,2025-07-09,5697.35,UPI,Paid
19190,19190,2025-01-02,4795.28,Card,Paid
19191,19191,2025-07-10,2354.53,UPI,Paid
19192,19192,2024-09-30,3636.66,UPI,Paid
19193,19193,2025-05-27,1547.37,Bank,Paid
19194,19194,2024-12-26,4506.98,Bank,Paid
19195,19195,2025-11-07,2017.9,Wallet,Paid
19196,19196,2025-01-23,2325.46,Bank,Paid
19197,19197,2026-06-18,3867.37,UPI,Paid
19198,19198,2025-03-20,1022.14,Bank,Paid
19199,19199,2024-08-24,1778.06,UPI,Paid
19200,19200,2025-06-03,1418.45,Card,Paid
19201,19201,2026-03-21,3230.09,UPI,Paid
19202,19202,2025-03-11,3120.33,Bank,Paid
19203,19203,2026-04-15,2705.66,UPI,Paid
19204,19204,2025-07-14,1713.94,Card,Paid
19205,19205,2024-01-05,4667.54,Card,Paid
19206,19206,2026-07-30,1589.77,Card,Paid
19207,19207,2025-11-07,2966.22,Bank,Paid
19208,19208,2025-03-18,6489.19,Wallet,Paid
19209,19209,2024-08-11,9812.67,Card,Paid
19210,19210,2026-01-09,5510.14,Wallet,Pending
19211,19211,2025-04-12,1650.06,Wallet,Paid
19212,19212,2026-07-13,354.47,Card,Paid
19213,19213,2025-01-22,5970.4,Wallet,Paid
19214,19214,2024-08-01,2052.73,UPI,Paid
19215,19215,2025-11-20,2373.96,Wallet,Paid
19216,19216,2024-01-07,394.61,Card,Paid
19217,19217,2025-09-09,1981.67,Bank,Paid
19218,19218,2026-06-19,809.24,Bank,Paid
19219,19219,2025-02-14,3247.63,UPI,Paid
19220,19220,2025-04-02,3351.09,Bank,Paid
19221,19221,2026-01-20,784.74,Wallet,Paid
19222,19222,2025-11-05,5512.42,Card,Paid
19223,19223,2025-07-31,806.15,Bank,Paid
19224,19224,2024-04-05,2453.24,UPI,Failed
19225,19225,2026-05-03,1051.52,Bank,Paid
19226,19226,2024-02-28,3391.85,UPI,Paid
19227,19227,2026-07-31,4053.13,Bank,Paid
19228,19228,2025-04-25,598.6,Wallet,Paid
19229,19229,2024-03-05,3633.52,Wallet,Paid
19230,19230,2026-08-09,1321.38,Wallet,Paid
19231,19231,2026-08-06,634.5,UPI,Paid
19232,19232,2024-12-25,1228.62,UPI,Paid
19233,19233,2026-07-03,1291.73,UPI,Paid
19234,19234,2025-08-11,487.69,Wallet,Paid
19235,19235,2024-04-08,3145.15,Wallet,Paid
19236,19236,2024-08-24,1467.01,Bank,Paid
19237,19237,2024-08-21,9148.28,Wallet,Paid
19238,19238,2024-05-20,3205.84,Card,Paid
19239,19239,2024-05-01,1521.77,Bank,Paid
19240,19240,2025-10-01,2657.53,Card,Paid
19241,19241,2025-04-04,3842.45,UPI,Failed
19242,19242,2024-06-19,6331.01,Card,Paid
19243,19243,2024-08-03,3549.45,Card,Paid
19244,19244,2024-07-13,5347.5,Bank,Paid
19245,19245,2026-02-01,4016.86,UPI,Paid
19246,19246,2024-12-30,2405.45,Bank,Paid
19247,19247,2025-05-13,873.73,Wallet,Paid
19248,19248,2024-04-16,3468.1,Wallet,Paid
19249,19249,2026-02-17,4481.01,UPI,Paid
19250,19250,2024-08-06,6534.49,Card,Paid
19251,19251,2024-06-26,5577.5,Bank,Paid
19252,19252,2025-09-10,1730.06,Wallet,Paid
19253,19253,2025-11-10,5181.96,Bank,Paid
19254,19254,2024-07-19,2045.66,UPI,Paid
19255,19255,2025-09-05,1235.54,Wallet,Paid
19256,19256,2025-06-06,3477.0,Wallet,Paid
19257,19257,2025-02-01,5291.69,UPI,Paid
19258,19258,2024-09-03,1887.17,Card,Paid
19259,19259,2025-03-14,1384.24,Card,Paid
19260,19260,2024-11-30,1938.44,UPI,Paid
19261,19261,2025-11-28,2020.75,Card,Paid
19262,19262,2025-04-29,3453.86,UPI,Paid
19263,19263,2024-11-21,2083.25,UPI,Paid
19264,19264,2026-05-15,2856.42,Bank,Paid
19265,19265,2025-08-12,2313.23,Wallet,Paid
19266,19266,2024-05-30,7493.53,Wallet,Paid
19267,19267,2025-08-28,2294.68,Bank,Paid
19268,19268,2026-04-18,2469.3,Bank,Paid
19269,19269,2024-10-08,5086.83,Bank,Paid
19270,19270,2024-08-18,225.06,UPI,Paid
19271,19271,2026-08-17,2837.61,Wallet,Paid
19272,19272,2024-06-19,716.56,Card,Paid
19273,19273,2026-05-04,3212.85,Bank,Paid
19274,19274,2026-08-24,646.12,UPI,Paid
19275,19275,2025-11-27,210.64,Card,Paid
19276,19276,2025-10-19,3535.59,Wallet,Paid
19277,19277,2026-06-02,784.4,Wallet,Paid
19278,19278,2025-04-23,696.33,Wallet,Paid
19279,19279,2025-03-01,3500.69,Wallet,Paid
19280,19280,2026-04-30,1982.76,Card,Paid
19281,19281,2024-10-31,1559.86,Bank,Paid
19282,19282,2025-11-21,11847.15,Wallet,Paid
19283,19283,2024-04-26,4545.1,Bank,Paid
19284,19284,2026-07-01,4138.76,Card,Failed
19285,19285,2024-03-24,783.12,Wallet,Paid
19286,19286,2025-09-20,6643.68,Wallet,Paid
19287,19287,2024-07-12,6009.41,Wallet,Paid
19288,19288,2024-10-25,3948.17,Card,Paid
19289,19289,2025-07-17,1991.17,UPI,Paid
19290,19290,2024-06-19,3075.39,UPI,Paid
19291,19291,2025-03-02,926.97,Card,Paid
19292,19292,2024-11-02,4564.12,UPI,Paid
19293,19293,2026-02-03,5577.75,Card,Paid
19294,19294,2024-03-21,1180.72,Bank,Paid
19295,19295,2024-07-10,1768.63,Wallet,Paid
19296,19296,2024-03-31,2254.76,Wallet,Paid
19297,19297,2024-06-02,2513.24,Wallet,Paid
19298,19298,2025-02-02,3093.85,Card,Paid
19299,19299,2024-08-25,2534.81,Bank,Paid
19300,19300,2024-11-26,2192.68,Card,Paid
19301,19301,2025-12-18,470.61,UPI,Paid
19302,19302,2024-01-24,2583.64,Wallet,Paid
19303,19303,2025-05-06,437.46,Card,Paid
19304,19304,2026-06-03,2126.13,Bank,Paid
19305,19305,2024-08-14,4198.52,Wallet,Paid
19306,19306,2024-12-15,5018.46,Card,Paid
19307,19307,2024-09-23,6360.29,UPI,Paid
19308,19308,2025-08-11,701.38,Bank,Paid
19309,19309,2024-03-29,3568.56,Bank,Paid
19310,19310,2024-08-02,8912.8,Card,Paid
19311,19311,2025-12-19,7002.71,Card,Paid
19312,19312,2024-10-05,7587.33,UPI,Paid
19313,19313,2025-06-13,3892.77,Wallet,Paid
19314,19314,2025-06-23,1521.59,Bank,Paid
19315,19315,2024-09-21,2418.19,Card,Paid
19316,19316,2025-11-19,1504.55,UPI,Failed
19317,19317,2024-02-04,3651.92,Bank,Paid
19318,19318,2024-12-01,2202.74,Bank,Failed
19319,19319,2025-08-18,3278.97,Bank,Pending
19320,19320,2025-06-25,4644.07,UPI,Paid
19321,19321,2026-06-08,52.53,Card,Pending
19322,19322,2024-01-30,5068.83,Card,Paid
19323,19323,2024-06-19,1525.43,Wallet,Paid
19324,19324,2024-04-02,8475.33,Bank,Paid
19325,19325,2024-01-22,2615.08,Card,Paid
19326,19326,2024-11-01,2669.14,Card,Paid
19327,19327,2025-06-05,10099.38,Wallet,Paid
19328,19328,2025-07-07,1215.74,Bank,Paid
19329,19329,2025-12-08,2830.31,Card,Paid
19330,19330,2024-06-29,316.09,Bank,Paid
19331,19331,2024-02-02,379.87,Wallet,Paid
19332,19332,2026-07-26,3204.9,Bank,Paid
19333,19333,2025-04-18,868.1,UPI,Paid
19334,19334,2026-08-10,1649.59,Wallet,Paid
19335,19335,2026-04-14,1065.67,Card,Paid
19336,19336,2025-01-29,6285.02,Wallet,Paid
19337,19337,2024-04-07,4152.33,Card,Pending
19338,19338,2026-08-07,1462.13,Card,Paid
19339,19339,2025-11-22,1624.88,Bank,Paid
19340,19340,2025-10-18,3151.32,Card,Paid
19341,19341,2024-10-06,4456.01,Card,Paid
19342,19342,2026-06-30,896.38,Card,Paid
19343,19343,2026-03-08,2684.63,UPI,Paid
19344,19344,2026-06-20,2118.48,UPI,Paid
19345,19345,2025-10-31,3564.51,UPI,Paid
19346,19346,2025-02-28,3041.47,Bank,Paid
19347,19347,2026-06-17,3952.57,UPI,Paid
19348,19348,2026-05-20,2691.98,Bank,Paid
19349,19349,2024-04-25,1332.32,Card,Paid
19350,19350,2025-09-02,3018.58,Card,Paid
19351,19351,2024-04-01,916.13,UPI,Paid
19352,19352,2026-03-21,413.01,Card,Paid
19353,19353,2025-02-03,4147.72,Bank,Paid
19354,19354,2026-06-13,1875.85,Card,Failed
19355,19355,2024-05-18,721.21,Bank,Paid
19356,19356,2024-01-08,2561.17,UPI,Paid
19357,19357,2024-10-26,197.3,UPI,Paid
19358,19358,2025-07-22,2889.36,UPI,Paid
19359,19359,2026-01-24,6120.65,UPI,Paid
19360,19360,2025-02-28,4268.39,UPI,Paid
19361,19361,2024-12-15,336.49,Card,Paid
19362,19362,2026-05-15,3047.33,Wallet,Paid
19363,19363,2024-09-10,2946.94,Card,Paid
19364,19364,2024-07-08,6394.78,UPI,Paid
19365,19365,2026-05-07,2624.62,Wallet,Paid
19366,19366,2025-10-24,1912.46,Bank,Paid
19367,19367,2026-03-10,1959.94,UPI,Paid
19368,19368,2024-03-06,3631.27,Card,Paid
19369,19369,2025-04-19,4249.62,UPI,Paid
19370,19370,2024-09-30,4817.7,Wallet,Paid
19371,19371,2026-04-13,5474.96,Card,Paid
19372,19372,2024-12-23,5267.14,Card,Paid
19373,19373,2026-07-22,5127.45,UPI,Paid
19374,19374,2026-02-06,6618.87,Bank,Paid
19375,19375,2026-01-05,5410.61,Wallet,Paid
19376,19376,2024-11-24,1728.97,Wallet,Paid
19377,19377,2026-04-22,3347.05,UPI,Failed
19378,19378,2025-08-04,4168.8,Card,Failed
19379,19379,2024-08-26,4096.74,UPI,Paid
19380,19380,2024-01-14,4681.4,Card,Paid
19381,19381,2024-02-25,3917.37,Bank,Paid
19382,19382,2025-01-01,2708.03,UPI,Paid
19383,19383,2025-01-21,4515.77,UPI,Paid
19384,19384,2025-11-05,733.96,Wallet,Paid
19385,19385,2024-01-09,2013.76,Wallet,Paid
19386,19386,2025-02-03,1584.43,UPI,Paid
19387,19387,2025-02-05,486.15,UPI,Paid
19388,19388,2025-06-13,3156.83,Card,Paid
19389,19389,2025-09-28,4902.24,Card,Paid
19390,19390,2025-01-27,6272.42,Bank,Paid
19391,19391,2024-08-16,1887.8,Wallet,Paid
19392,19392,2024-02-13,987.4,Card,Paid
19393,19393,2024-07-05,7766.06,Card,Paid
19394,19394,2024-01-20,5849.88,UPI,Paid
19395,19395,2025-01-27,2355.32,UPI,Paid
19396,19396,2024-12-15,3782.11,Bank,Paid
19397,19397,2025-10-17,1856.98,Card,Paid
19398,19398,2026-01-07,4308.66,Bank,Paid
19399,19399,2025-05-17,3030.73,Bank,Paid
19400,19400,2026-02-11,3856.37,Card,Paid
19401,19401,2026-01-08,4707.34,Wallet,Pending
19402,19402,2025-12-07,1989.5,Bank,Paid
19403,19403,2025-01-10,3615.47,Card,Paid
19404,19404,2024-08-03,4742.59,UPI,Paid
19405,19405,2024-02-24,5759.64,Wallet,Paid
19406,19406,2025-03-02,4146.9,Card,Paid
19407,19407,2026-02-28,2976.13,Card,Paid
19408,19408,2025-05-04,2308.5,Card,Paid
19409,19409,2025-09-08,3751.04,UPI,Paid
19410,19410,2024-04-30,4534.16,Wallet,Paid
19411,19411,2025-12-22,5117.04,Bank,Paid
19412,19412,2025-05-25,4363.04,UPI,Paid
19413,19413,2025-09-18,525.75,Wallet,Paid
19414,19414,2026-01-12,5207.64,UPI,Paid
19415,19415,2026-08-07,1538.88,Bank,Paid
19416,19416,2026-08-22,1714.92,UPI,Paid
19417,19417,2025-09-15,2392.01,Bank,Paid
19418,19418,2024-02-12,4125.08,Bank,Paid
19419,19419,2024-12-12,4618.01,UPI,Paid
19420,19420,2026-05-01,7500.38,Bank,Paid
19421,19421,2026-07-29,669.28,Bank,Paid
19422,19422,2025-08-16,450.06,Card,Paid
19423,19423,2024-04-26,1272.79,Wallet,Paid
19424,19424,2026-07-20,237.18,UPI,Paid
19425,19425,2024-07-15,1096.69,Bank,Pending
19426,19426,2025-02-19,3529.95,Card,Paid
19427,19427,2024-08-06,1759.34,UPI,Paid
19428,19428,2024-04-21,5929.44,Wallet,Paid
19429,19429,2026-06-03,524.53,Wallet,Paid
19430,19430,2025-05-19,1603.71,UPI,Paid
19431,19431,2026-08-18,1096.59,Bank,Pending
19432,19432,2024-10-28,4611.61,Bank,Paid
19433,19433,2026-04-14,6018.79,UPI,Paid
19434,19434,2025-02-12,519.27,Wallet,Paid
19435,19435,2025-09-17,4247.71,UPI,Paid
19436,19436,2024-08-20,4744.36,Bank,Paid
19437,19437,2025-07-05,4939.92,Card,Paid
19438,19438,2025-02-27,2838.01,Wallet,Paid
19439,19439,2024-02-25,2001.25,Card,Paid
19440,19440,2024-07-30,1358.62,Card,Paid
19441,19441,2025-10-06,3544.35,Wallet,Paid
19442,19442,2025-08-27,810.8,Wallet,Failed
19443,19443,2024-12-16,3746.6,UPI,Paid
19444,19444,2024-11-02,5650.44,UPI,Paid
19445,19445,2024-04-16,4098.49,Wallet,Paid
19446,19446,2024-10-04,2076.35,Bank,Paid
19447,19447,2024-03-23,1202.91,Wallet,Paid
19448,19448,2024-03-18,1138.82,UPI,Paid
19449,19449,2024-01-15,4610.44,Card,Paid
19450,19450,2024-04-17,5154.7,Bank,Paid
19451,19451,2025-05-06,1789.25,Card,Pending
19452,19452,2025-07-17,1078.65,Wallet,Paid
19453,19453,2025-08-11,10000.31,Bank,Paid
19454,19454,2024-12-25,5890.06,Bank,Paid
19455,19455,2026-05-10,4312.84,Bank,Paid
19456,19456,2026-01-02,4102.85,Bank,Paid
19457,19457,2025-09-28,3932.77,Card,Failed
19458,19458,2026-04-10,3196.56,UPI,Paid
19459,19459,2026-05-22,630.38,Card,Paid
19460,19460,2024-09-20,2151.0,Wallet,Paid
19461,19461,2025-07-28,6486.36,UPI,Paid
19462,19462,2024-07-18,2796.71,Card,Pending
19463,19463,2025-11-16,1831.39,Wallet,Paid
19464,19464,2025-05-13,1380.78,Card,Paid
19465,19465,2024-06-23,430.77,Card,Paid
19466,19466,2024-06-01,359.67,Wallet,Paid
19467,19467,2024-03-08,3188.15,Wallet,Paid
19468,19468,2026-02-16,626.29,Card,Paid
19469,19469,2025-04-05,1601.43,Card,Paid
19470,19470,2026-08-17,694.43,Wallet,Paid
19471,19471,2024-02-17,3042.92,Bank,Paid
19472,19472,2024-01-28,1920.94,Bank,Paid
19473,19473,2024-03-25,6701.17,UPI,Paid
19474,19474,2025-01-10,3413.91,Wallet,Failed
19475,19475,2024-12-23,2013.58,Card,Paid
19476,19476,2024-08-30,2568.18,Wallet,Paid
19477,19477,2026-07-08,2372.74,Bank,Paid
19478,19478,2024-09-25,1147.37,Card,Paid
19479,19479,2024-11-30,411.22,UPI,Paid
19480,19480,2024-02-05,155.29,Wallet,Paid
19481,19481,2025-03-21,536.49,Wallet,Paid
19482,19482,2024-06-28,7183.76,Bank,Paid
19483,19483,2025-12-31,2439.34,Card,Paid
19484,19484,2024-08-05,5258.53,Bank,Paid
19485,19485,2026-04-05,1806.79,Wallet,Paid
19486,19486,2025-05-25,2305.06,Card,Paid
19487,19487,2026-06-14,3222.03,Bank,Paid
19488,19488,2025-08-15,5401.05,Bank,Paid
19489,19489,2025-11-03,1719.22,Card,Paid
19490,19490,2025-10-29,8085.37,Wallet,Paid
19491,19491,2026-07-10,7892.05,Card,Paid
19492,19492,2024-12-06,7741.74,Wallet,Paid
19493,19493,2025-06-26,2457.42,Card,Paid
19494,19494,2025-01-04,1856.74,Bank,Paid
19495,19495,2025-07-30,1947.28,Wallet,Paid
19496,19496,2024-01-13,8369.89,UPI,Paid
19497,19497,2025-02-05,4530.31,Card,Paid
19498,19498,2025-11-25,5403.08,Card,Paid
19499,19499,2025-07-03,2713.74,Card,Paid
19500,19500,2026-03-30,3350.06,Card,Paid
19501,19501,2026-05-18,2691.02,Wallet,Failed
19502,19502,2026-02-18,3264.61,Card,Paid
19503,19503,2024-06-23,2354.04,UPI,Paid
19504,19504,2024-03-14,4966.77,Bank,Paid
19505,19505,2025-03-14,397.74,Wallet,Paid
19506,19506,2026-07-03,1688.56,Card,Paid
19507,19507,2026-06-05,6735.64,UPI,Paid
19508,19508,2025-11-25,3626.69,Wallet,Paid
19509,19509,2024-11-19,2927.12,Card,Paid
19510,19510,2024-09-18,2745.37,Wallet,Paid
19511,19511,2024-12-29,1673.81,Card,Paid
19512,19512,2024-09-20,4976.97,UPI,Paid
19513,19513,2025-02-26,6435.03,Bank,Paid
19514,19514,2026-06-28,3349.79,Wallet,Paid
19515,19515,2024-12-07,67.96,Bank,Failed
19516,19516,2024-12-28,4414.82,Bank,Paid
19517,19517,2024-09-08,4071.08,Wallet,Paid
19518,19518,2024-07-28,5348.15,UPI,Paid
19519,19519,2024-03-15,3301.81,Bank,Paid
19520,19520,2025-10-31,1430.37,Bank,Paid
19521,19521,2025-02-22,2566.28,UPI,Paid
19522,19522,2025-03-03,2763.9,UPI,Paid
19523,19523,2026-07-09,3851.65,UPI,Paid
19524,19524,2026-01-11,4766.88,Bank,Paid
19525,19525,2024-08-01,2408.14,UPI,Paid
19526,19526,2026-08-17,3404.37,Bank,Failed
19527,19527,2024-03-26,622.13,UPI,Paid
19528,19528,2025-01-09,4058.25,Wallet,Pending
19529,19529,2026-05-25,6785.06,Bank,Paid
19530,19530,2026-01-14,3623.0,Card,Paid
19531,19531,2024-08-19,2302.81,Bank,Pending
19532,19532,2024-04-16,1352.68,UPI,Paid
19533,19533,2024-12-05,2160.03,Bank,Paid
19534,19534,2024-10-08,1403.11,Bank,Paid
19535,19535,2024-01-21,1442.56,Bank,Paid
19536,19536,2024-11-16,6168.96,Card,Paid
19537,19537,2025-05-05,3055.97,Card,Paid
19538,19538,2026-05-15,6481.55,Wallet,Paid
19539,19539,2024-07-04,3137.28,Wallet,Paid
19540,19540,2026-03-15,2149.03,Bank,Paid
19541,19541,2024-04-22,6409.51,Bank,Paid
19542,19542,2025-11-26,4919.45,Card,Paid
19543,19543,2026-03-21,5673.59,UPI,Paid
19544,19544,2025-03-19,5324.3,Wallet,Paid
19545,19545,2026-08-25,1753.2,Wallet,Paid
19546,19546,2026-04-18,2836.86,Card,Paid
19547,19547,2026-03-26,6672.04,Wallet,Paid
19548,19548,2025-05-08,2885.73,Wallet,Paid
19549,19549,2025-06-20,1131.77,UPI,Paid
19550,19550,2024-05-27,2968.61,Bank,Paid
19551,19551,2026-02-27,3673.65,Wallet,Paid
19552,19552,2025-03-01,1255.14,UPI,Paid
19553,19553,2024-03-10,5304.65,Wallet,Paid
19554,19554,2024-08-18,1328.24,Card,Paid
19555,19555,2024-10-02,4714.65,Wallet,Paid
19556,19556,2026-03-19,2507.58,Bank,Paid
19557,19557,2025-08-11,1872.17,Card,Failed
19558,19558,2026-03-10,1873.0,Bank,Paid
19559,19559,2024-10-19,265.85,Bank,Paid
19560,19560,2024-06-21,1142.78,Bank,Paid
19561,19561,2025-06-24,6007.67,UPI,Paid
19562,19562,2025-08-11,5825.61,UPI,Paid
19563,19563,2026-05-17,10753.98,Wallet,Paid
19564,19564,2024-12-21,2195.57,Card,Paid
19565,19565,2024-04-27,8133.05,Wallet,Paid
19566,19566,2024-08-04,5131.84,Card,Paid
19567,19567,2026-06-22,3553.55,Wallet,Paid
19568,19568,2025-04-13,2940.43,Card,Paid
19569,19569,2025-10-07,5481.86,Wallet,Paid
19570,19570,2026-08-11,2954.0,Card,Paid
19571,19571,2026-01-24,4978.46,Card,Paid
19572,19572,2025-07-20,2862.04,UPI,Pending
19573,19573,2025-07-19,2281.3,Wallet,Paid
19574,19574,2026-04-27,5864.37,Wallet,Paid
19575,19575,2025-01-11,3111.26,Wallet,Failed
19576,19576,2025-04-13,6491.6,Bank,Paid
19577,19577,2026-04-10,8233.71,Bank,Paid
19578,19578,2025-12-31,2528.03,Card,Paid
19579,19579,2026-07-25,2363.36,UPI,Paid
19580,19580,2025-09-14,3925.66,Wallet,Paid
19581,19581,2025-07-12,5284.12,UPI,Paid
19582,19582,2025-08-13,2282.49,Card,Paid
19583,19583,2026-04-20,3212.39,Card,Paid
19584,19584,2026-06-10,1763.91,Bank,Paid
19585,19585,2024-11-30,3652.02,Bank,Paid
19586,19586,2025-12-19,2142.34,UPI,Paid
19587,19587,2026-07-13,4158.09,Card,Paid
19588,19588,2025-04-30,3757.81,Card,Paid
19589,19589,2025-06-09,3156.17,Bank,Paid
19590,19590,2024-05-09,3823.63,Wallet,Paid
19591,19591,2025-04-04,6442.97,Card,Paid
19592,19592,2024-02-19,5790.22,Wallet,Paid
19593,19593,2025-08-29,1580.16,UPI,Paid
19594,19594,2024-06-29,1191.66,UPI,Paid
19595,19595,2024-07-11,5792.87,Bank,Paid
19596,19596,2024-06-22,7444.33,Wallet,Paid
19597,19597,2025-07-31,5317.72,Card,Paid
19598,19598,2024-09-16,1483.63,UPI,Paid
19599,19599,2026-05-27,756.74,Card,Paid
19600,19600,2024-05-14,1301.31,Bank,Paid
19601,19601,2024-06-11,5822.25,Card,Paid
19602,19602,2025-10-12,3461.72,Wallet,Paid
19603,19603,2025-01-13,6802.18,UPI,Paid
19604,19604,2024-07-25,4968.16,UPI,Paid
19605,19605,2026-03-23,8976.54,Card,Paid
19606,19606,2025-06-08,5516.57,Card,Paid
19607,19607,2025-12-18,4674.78,UPI,Paid
19608,19608,2024-06-15,3334.31,Wallet,Paid
19609,19609,2026-03-29,7133.68,Card,Paid
19610,19610,2024-03-26,4590.32,Bank,Paid
19611,19611,2025-03-16,1818.9,Bank,Pending
19612,19612,2024-07-25,276.58,Card,Paid
19613,19613,2024-03-11,4394.24,Card,Paid
19614,19614,2024-08-09,667.18,UPI,Paid
19615,19615,2026-07-10,3464.48,UPI,Paid
19616,19616,2025-04-01,2832.09,UPI,Paid
19617,19617,2024-07-15,737.95,Card,Failed
19618,19618,2026-04-26,290.28,Bank,Paid
19619,19619,2024-12-07,1818.86,Card,Paid
19620,19620,2025-05-09,5138.17,Card,Paid
19621,19621,2026-07-24,4646.03,Wallet,Paid
19622,19622,2026-07-01,530.7,Wallet,Paid
19623,19623,2026-05-12,5468.35,Wallet,Paid
19624,19624,2024-12-20,4401.91,Bank,Paid
19625,19625,2024-03-10,3332.85,Wallet,Paid
19626,19626,2024-05-16,5797.64,Card,Paid
19627,19627,2026-05-24,2962.87,Card,Paid
19628,19628,2024-06-09,4826.75,Wallet,Paid
19629,19629,2024-10-15,3926.04,Wallet,Paid
19630,19630,2024-08-31,1724.34,Bank,Paid
19631,19631,2024-08-15,6388.88,Wallet,Paid
19632,19632,2024-10-19,3997.46,Bank,Paid
19633,19633,2025-03-18,1212.26,Card,Paid
19634,19634,2024-02-24,3803.67,Wallet,Paid
19635,19635,2025-02-09,2845.02,Wallet,Paid
19636,19636,2024-05-25,260.36,UPI,Paid
19637,19637,2024-02-10,587.03,Card,Paid
19638,19638,2026-08-16,2155.92,Card,Paid
19639,19639,2024-02-23,6389.86,UPI,Paid
19640,19640,2025-05-27,2298.81,UPI,Paid
19641,19641,2024-03-19,2345.05,UPI,Paid
19642,19642,2024-06-18,1602.29,Card,Paid
19643,19643,2024-08-03,1808.86,Wallet,Paid
19644,19644,2025-03-30,3135.84,Card,Paid
19645,19645,2024-08-05,5591.47,Bank,Paid
19646,19646,2024-11-30,7882.89,Bank,Paid
19647,19647,2024-11-29,801.13,Bank,Paid
19648,19648,2025-12-18,3848.69,Wallet,Paid
19649,19649,2026-05-02,900.89,Bank,Paid
19650,19650,2025-01-05,5817.97,Card,Paid
19651,19651,2024-07-22,2584.31,Wallet,Paid
19652,19652,2025-06-11,256.81,Card,Paid
19653,19653,2024-10-22,2200.58,Card,Paid
19654,19654,2024-11-26,9479.46,Bank,Paid
19655,19655,2026-03-26,4400.76,UPI,Paid
19656,19656,2026-03-04,504.61,Card,Paid
19657,19657,2025-06-28,37.39,Card,Paid
19658,19658,2026-06-17,549.52,Wallet,Paid
19659,19659,2025-02-12,848.77,UPI,Paid
19660,19660,2024-08-28,4732.08,Bank,Paid
19661,19661,2026-01-04,4159.63,UPI,Paid
19662,19662,2025-07-10,4538.09,Bank,Paid
19663,19663,2025-10-14,2308.95,Card,Paid
19664,19664,2024-03-23,4089.36,Bank,Paid
19665,19665,2025-09-29,5239.61,Bank,Paid
19666,19666,2025-10-04,3449.87,UPI,Paid
19667,19667,2025-05-18,2937.39,Card,Paid
19668,19668,2024-06-09,467.99,Card,Paid
19669,19669,2024-05-02,99.45,Bank,Paid
19670,19670,2024-08-14,1389.4,Bank,Failed
19671,19671,2024-03-18,3105.22,Wallet,Paid
19672,19672,2025-11-14,3966.1,Wallet,Paid
19673,19673,2026-06-17,1379.49,Card,Paid
19674,19674,2025-01-22,2655.09,Card,Paid
19675,19675,2024-12-16,5012.35,Wallet,Paid
19676,19676,2025-09-12,658.08,Card,Paid
19677,19677,2025-07-23,9024.26,Wallet,Paid
19678,19678,2025-04-29,404.89,UPI,Paid
19679,19679,2024-09-03,2385.85,Wallet,Pending
19680,19680,2025-08-09,4801.22,Card,Pending
19681,19681,2024-08-17,2822.97,UPI,Paid
19682,19682,2026-02-21,2548.34,UPI,Paid
19683,19683,2026-02-05,2583.23,Bank,Paid
19684,19684,2024-10-20,773.35,Card,Paid
19685,19685,2024-03-14,4527.38,UPI,Paid
19686,19686,2025-07-20,501.75,UPI,Failed
19687,19687,2025-09-06,5257.64,UPI,Paid
19688,19688,2025-11-22,1916.72,Bank,Paid
19689,19689,2026-05-30,1153.99,Card,Paid
19690,19690,2024-04-13,1498.98,Wallet,Paid
19691,19691,2025-04-13,1135.67,Wallet,Paid
19692,19692,2026-01-12,2718.66,UPI,Pending
19693,19693,2025-01-02,2930.22,UPI,Paid
19694,19694,2024-08-31,866.91,UPI,Paid
19695,19695,2024-01-25,6381.1,Card,Paid
19696,19696,2025-10-27,3604.09,Wallet,Paid
19697,19697,2026-07-03,3284.74,Card,Paid
19698,19698,2025-04-02,6278.69,Card,Paid
19699,19699,2024-07-14,5459.5,Card,Paid
19700,19700,2026-08-10,4336.21,UPI,Paid
19701,19701,2024-06-07,4072.54,Bank,Paid
19702,19702,2026-06-11,1307.51,UPI,Paid
19703,19703,2025-05-17,4174.57,Card,Paid
19704,19704,2025-01-10,2703.94,Wallet,Paid
19705,19705,2026-03-27,5560.02,Bank,Paid
19706,19706,2024-11-04,2133.41,UPI,Paid
19707,19707,2026-05-03,786.6,UPI,Paid
19708,19708,2026-02-04,3156.12,Wallet,Paid
19709,19709,2024-10-03,6154.35,Bank,Paid
19710,19710,2026-02-01,2112.55,Bank,Paid
19711,19711,2024-01-26,1613.37,UPI,Paid
19712,19712,2025-02-07,4681.72,Card,Paid
19713,19713,2026-07-05,46.14,Card,Paid
19714,19714,2026-02-13,4567.89,Wallet,Paid
19715,19715,2025-06-17,4189.24,UPI,Paid
19716,19716,2024-08-14,1230.65,UPI,Paid
19717,19717,2024-04-19,9961.76,Wallet,Paid
19718,19718,2024-03-23,2871.32,Wallet,Paid
19719,19719,2026-08-21,325.77,UPI,Paid
19720,19720,2026-07-26,2743.51,UPI,Paid
19721,19721,2025-03-02,3725.15,Bank,Failed
19722,19722,2024-02-11,1311.32,Card,Paid
19723,19723,2024-03-17,4143.93,Wallet,Failed
19724,19724,2026-06-18,944.79,Card,Paid
19725,19725,2024-03-08,3809.29,Bank,Paid
19726,19726,2026-05-25,1508.14,Bank,Paid
19727,19727,2025-05-04,2146.38,Card,Paid
19728,19728,2025-07-11,1017.98,Card,Paid
19729,19729,2025-03-06,2062.49,UPI,Paid
19730,19730,2026-01-28,4596.3,Card,Paid
19731,19731,2026-02-02,8914.02,Wallet,Paid
19732,19732,2024-10-18,2949.38,UPI,Paid
19733,19733,2025-05-22,139.5,Card,Paid
19734,19734,2026-01-28,1999.77,Bank,Paid
19735,19735,2026-03-27,5851.94,Card,Paid
19736,19736,2024-08-21,1423.95,UPI,Paid
19737,19737,2024-03-17,5709.97,Card,Paid
19738,19738,2024-12-21,4645.96,Card,Paid
19739,19739,2025-05-02,2370.93,Card,Paid
19740,19740,2025-09-30,472.1,Wallet,Paid
19741,19741,2025-07-06,2302.07,Bank,Paid
19742,19742,2024-01-11,792.72,Bank,Paid
19743,19743,2026-06-26,4462.22,Wallet,Paid
19744,19744,2026-03-20,5454.06,Card,Paid
19745,19745,2026-02-26,4860.35,Wallet,Paid
19746,19746,2024-02-27,5664.95,Wallet,Paid
19747,19747,2026-08-05,3212.37,Bank,Paid
19748,19748,2025-03-12,5595.81,UPI,Paid
19749,19749,2024-03-20,844.19,Card,Paid
19750,19750,2025-07-31,381.71,Wallet,Paid
19751,19751,2025-02-08,148.42,Wallet,Paid
19752,19752,2025-08-24,7082.87,Wallet,Paid
19753,19753,2024-08-15,5429.44,UPI,Paid
19754,19754,2024-09-26,373.1,Bank,Paid
19755,19755,2025-09-05,1684.07,Card,Paid
19756,19756,2025-08-23,5018.03,Wallet,Paid
19757,19757,2024-01-18,180.47,Wallet,Paid
19758,19758,2024-12-07,4812.39,UPI,Paid
19759,19759,2024-05-12,5323.86,Bank,Paid
19760,19760,2026-04-22,1441.53,UPI,Paid
19761,19761,2026-03-28,889.27,Wallet,Paid
19762,19762,2026-02-10,5583.92,Card,Paid
19763,19763,2025-05-09,590.82,UPI,Paid
19764,19764,2025-12-19,3754.47,Card,Pending
19765,19765,2024-12-14,3814.7,UPI,Paid
19766,19766,2025-06-02,2157.77,Card,Paid
19767,19767,2026-05-04,537.0,Wallet,Paid
19768,19768,2024-02-02,324.35,Wallet,Paid
19769,19769,2026-05-15,3665.54,Bank,Paid
19770,19770,2026-08-20,173.91,Wallet,Paid
19771,19771,2025-01-24,2964.91,Card,Paid
19772,19772,2024-02-29,83.92,Wallet,Failed
19773,19773,2024-01-20,3126.52,Bank,Paid
19774,19774,2025-11-23,277.87,Bank,Paid
19775,19775,2024-10-28,3100.13,UPI,Paid
19776,19776,2025-02-18,2422.93,Wallet,Paid
19777,19777,2025-10-29,5530.29,Bank,Paid
19778,19778,2026-01-30,4822.5,Wallet,Paid
19779,19779,2024-10-05,1193.09,UPI,Paid
19780,19780,2025-10-25,889.04,Wallet,Paid
19781,19781,2025-08-10,2117.63,Card,Paid
19782,19782,2024-01-30,1359.16,Bank,Paid
19783,19783,2025-07-10,4532.18,UPI,Paid
19784,19784,2024-10-30,5744.65,UPI,Failed
19785,19785,2026-01-24,6474.75,UPI,Paid
19786,19786,2025-07-10,1773.47,Bank,Paid
19787,19787,2024-10-21,3472.77,Card,Paid
19788,19788,2025-02-24,2935.52,Wallet,Paid
19789,19789,2026-02-18,2484.37,UPI,Paid
19790,19790,2026-05-12,512.05,Card,Paid
19791,19791,2024-07-23,2743.49,Card,Paid
19792,19792,2025-01-16,58.66,UPI,Paid
19793,19793,2025-02-15,3735.93,Bank,Paid
19794,19794,2025-11-07,421.35,UPI,Paid
19795,19795,2024-12-16,173.85,Card,Paid
19796,19796,2025-10-16,4592.22,Bank,Paid
19797,19797,2025-12-27,3307.66,Card,Failed
19798,19798,2024-07-10,3042.42,Bank,Paid
19799,19799,2025-08-26,3389.47,UPI,Paid
19800,19800,2024-03-28,3413.81,Wallet,Paid
19801,19801,2026-06-28,5561.83,Bank,Paid
19802,19802,2026-06-27,3524.69,Card,Paid
19803,19803,2024-08-04,1536.42,Wallet,Paid
19804,19804,2025-02-23,2574.91,Bank,Paid
19805,19805,2024-01-23,12657.72,Wallet,Paid
19806,19806,2025-04-19,3476.33,Wallet,Paid
19807,19807,2024-11-16,4663.9,Card,Paid
19808,19808,2026-05-04,4586.64,Bank,Paid
19809,19809,2024-04-03,2810.05,Wallet,Paid
19810,19810,2024-07-04,1269.65,Wallet,Paid
19811,19811,2024-03-27,3874.55,Card,Paid
19812,19812,2026-01-19,4829.64,Bank,Paid
19813,19813,2024-03-11,7032.48,UPI,Paid
19814,19814,2024-09-03,4136.99,Card,Paid
19815,19815,2025-05-13,1358.61,UPI,Paid
19816,19816,2026-03-18,672.71,Wallet,Paid
19817,19817,2026-06-08,2156.95,Bank,Paid
19818,19818,2024-12-23,4727.87,UPI,Paid
19819,19819,2024-11-22,838.68,Wallet,Paid
19820,19820,2024-10-19,74.41,Wallet,Paid
19821,19821,2026-04-20,1972.01,Wallet,Failed
19822,19822,2025-11-22,4689.18,Bank,Failed
19823,19823,2025-03-10,3989.41,Wallet,Paid
19824,19824,2024-09-15,1174.55,Card,Paid
19825,19825,2024-07-15,4614.85,Wallet,Paid
19826,19826,2025-11-29,1286.79,Wallet,Paid
19827,19827,2024-01-21,3624.82,Wallet,Pending
19828,19828,2025-07-04,1940.58,Wallet,Paid
19829,19829,2025-01-15,6627.42,UPI,Paid
19830,19830,2024-02-19,1618.8,UPI,Paid
19831,19831,2025-04-24,5398.95,Wallet,Paid
19832,19832,2024-12-12,4014.2,UPI,Paid
19833,19833,2025-06-10,5505.55,Wallet,Paid
19834,19834,2024-08-16,2763.65,Wallet,Paid
19835,19835,2024-05-16,1218.94,Wallet,Failed
19836,19836,2026-05-01,3632.72,UPI,Paid
19837,19837,2024-01-16,284.4,Bank,Paid
19838,19838,2024-05-24,1675.21,Bank,Paid
19839,19839,2024-05-15,1659.86,Card,Paid
19840,19840,2025-10-01,5536.56,UPI,Paid
19841,19841,2024-04-15,5731.12,Card,Paid
19842,19842,2025-05-30,2665.84,UPI,Pending
19843,19843,2026-08-21,4539.43,UPI,Paid
19844,19844,2025-09-19,8807.48,Card,Paid
19845,19845,2025-02-05,4979.22,Card,Paid
19846,19846,2024-12-21,707.35,Card,Paid
19847,19847,2026-02-17,4751.9,Card,Paid
19848,19848,2026-05-20,1066.2,Card,Paid
19849,19849,2024-11-21,6681.79,Card,Paid
19850,19850,2026-04-30,4005.02,Bank,Paid
19851,19851,2026-04-22,7913.89,Wallet,Paid
19852,19852,2025-03-01,2987.41,Wallet,Paid
19853,19853,2026-06-19,6300.3,UPI,Paid
19854,19854,2024-01-24,201.52,Wallet,Paid
19855,19855,2025-09-01,3425.26,Wallet,Paid
19856,19856,2025-01-12,6922.02,Wallet,Paid
19857,19857,2026-02-10,936.95,Wallet,Paid
19858,19858,2024-08-02,5432.95,Bank,Paid
19859,19859,2026-02-07,3115.08,Card,Paid
19860,19860,2026-05-03,4424.66,Card,Paid
19861,19861,2025-07-15,810.11,UPI,Paid
19862,19862,2025-08-09,3482.44,UPI,Pending
19863,19863,2024-07-21,635.11,Wallet,Paid
19864,19864,2024-10-22,11926.01,Wallet,Paid
19865,19865,2024-10-08,2196.14,Card,Paid
19866,19866,2024-05-25,1121.69,Bank,Paid
19867,19867,2025-09-15,1752.88,UPI,Paid
19868,19868,2026-07-14,5999.71,Bank,Paid
19869,19869,2025-08-05,6431.09,Wallet,Paid
19870,19870,2025-12-03,1316.55,Wallet,Pending
19871,19871,2024-08-12,1382.94,Card,Paid
19872,19872,2025-05-15,2145.82,Wallet,Paid
19873,19873,2024-06-03,1270.18,Bank,Paid
19874,19874,2025-10-28,1525.88,Bank,Paid
19875,19875,2026-02-14,3658.57,Card,Paid
19876,19876,2024-04-29,3882.69,UPI,Paid
19877,19877,2024-03-31,410.36,Wallet,Paid
19878,19878,2024-10-24,3830.81,Card,Paid
19879,19879,2024-07-24,1976.35,Bank,Paid
19880,19880,2026-03-15,896.0,Bank,Paid
19881,19881,2024-03-26,529.6,UPI,Failed
19882,19882,2025-08-13,572.24,Wallet,Paid
19883,19883,2024-12-11,742.72,UPI,Pending
19884,19884,2025-10-19,471.92,Card,Paid
19885,19885,2025-12-13,1106.53,Bank,Paid
19886,19886,2024-04-04,4664.77,Card,Pending
19887,19887,2025-08-05,3200.14,UPI,Paid
19888,19888,2024-01-21,5220.19,Wallet,Pending
19889,19889,2025-09-09,1910.19,UPI,Paid
19890,19890,2025-10-25,587.54,Bank,Paid
19891,19891,2025-07-07,532.23,Wallet,Paid
19892,19892,2025-12-06,2898.99,Card,Paid
19893,19893,2025-12-12,2333.26,Bank,Paid
19894,19894,2024-08-21,978.89,Wallet,Paid
19895,19895,2025-10-06,3554.56,Bank,Paid
19896,19896,2025-09-09,5214.98,Bank,Paid
19897,19897,2024-10-26,3380.46,UPI,Paid
19898,19898,2025-05-18,3441.0,Card,Paid
19899,19899,2026-07-13,5016.33,UPI,Paid
19900,19900,2026-02-23,1546.44,Card,Paid
19901,19901,2026-01-08,5086.28,UPI,Paid
19902,19902,2026-05-18,2608.38,Wallet,Paid
19903,19903,2024-12-23,298.96,UPI,Paid
19904,19904,2024-04-16,3185.18,Bank,Failed
19905,19905,2024-08-18,5858.6,Bank,Paid
19906,19906,2024-05-29,1298.77,Bank,Paid
19907,19907,2024-01-07,10037.62,Bank,Paid
19908,19908,2026-01-15,2661.33,UPI,Paid
19909,19909,2025-03-29,1953.76,Card,Paid
19910,19910,2024-03-29,4396.31,Wallet,Paid
19911,19911,2025-06-09,301.72,Card,Paid
19912,19912,2025-05-24,1638.18,Bank,Paid
19913,19913,2024-09-08,5524.17,UPI,Paid
19914,19914,2025-03-02,574.56,Bank,Failed
19915,19915,2026-05-27,3000.15,UPI,Paid
19916,19916,2025-09-30,3006.15,Bank,Paid
19917,19917,2025-01-04,6715.8,UPI,Paid
19918,19918,2026-06-12,1090.48,Bank,Paid
19919,19919,2025-06-25,6020.15,Bank,Paid
19920,19920,2025-06-09,3378.49,Bank,Paid
19921,19921,2026-03-09,5641.46,UPI,Paid
19922,19922,2025-05-12,404.28,Bank,Paid
19923,19923,2025-03-28,5201.86,Bank,Pending
19924,19924,2024-01-21,2857.85,Card,Paid
19925,19925,2024-08-31,4648.26,Bank,Paid
19926,19926,2025-12-26,575.68,Card,Paid
19927,19927,2024-09-28,119.84,Wallet,Paid
19928,19928,2026-07-26,4558.76,UPI,Paid
19929,19929,2026-02-19,281.61,UPI,Paid
19930,19930,2024-11-12,3676.55,Bank,Paid
19931,19931,2026-05-29,620.28,Wallet,Paid
19932,19932,2026-04-17,1478.68,Card,Paid
19933,19933,2024-11-01,2313.77,UPI,Paid
19934,19934,2025-09-09,246.9,Wallet,Paid
19935,19935,2024-07-15,1313.28,Wallet,Paid
19936,19936,2025-12-29,3696.42,Card,Pending
19937,19937,2026-04-19,1330.57,Card,Paid
19938,19938,2024-03-13,1632.45,Wallet,Paid
19939,19939,2024-11-01,1321.47,UPI,Paid
19940,19940,2026-04-08,156.21,UPI,Paid
19941,19941,2025-03-13,822.26,Card,Paid
19942,19942,2025-09-09,7069.75,Bank,Pending
19943,19943,2025-04-03,2038.54,Card,Paid
19944,19944,2024-03-30,216.58,Card,Paid
19945,19945,2025-06-28,6313.14,UPI,Paid
19946,19946,2024-06-16,2686.66,Card,Paid
19947,19947,2025-11-11,1516.08,UPI,Failed
19948,19948,2024-02-03,3602.47,Bank,Paid
19949,19949,2024-12-17,694.06,Card,Pending
19950,19950,2024-12-24,1986.63,Card,Paid
19951,19951,2024-10-08,2534.22,Wallet,Paid
19952,19952,2025-12-01,6003.27,Bank,Paid
19953,19953,2026-04-14,7588.25,Bank,Paid
19954,19954,2026-02-27,2548.08,UPI,Paid
19955,19955,2024-05-26,3196.81,Bank,Paid
19956,19956,2024-02-08,437.3,Card,Paid
19957,19957,2024-09-18,2859.54,Card,Paid
19958,19958,2024-01-19,202.39,Card,Paid
19959,19959,2026-01-09,3549.32,Bank,Paid
19960,19960,2024-08-15,4122.33,Wallet,Paid
19961,19961,2025-12-19,3382.78,Wallet,Paid
19962,19962,2024-09-29,2974.58,Wallet,Paid
19963,19963,2025-12-21,4978.89,Bank,Paid
19964,19964,2026-05-15,5393.1,Card,Paid
19965,19965,2024-03-31,2440.14,Card,Paid
19966,19966,2025-08-10,768.71,UPI,Paid
19967,19967,2024-06-08,6463.04,Bank,Paid
19968,19968,2024-06-04,3250.65,UPI,Paid
19969,19969,2025-03-12,4806.61,Bank,Pending
19970,19970,2024-06-25,3130.4,UPI,Paid
19971,19971,2026-06-01,3069.4,Wallet,Paid
19972,19972,2026-01-15,3898.23,Wallet,Paid
19973,19973,2025-06-08,5555.35,UPI,Paid
19974,19974,2025-12-03,10281.01,Card,Paid
19975,19975,2024-11-30,4140.22,Card,Paid
19976,19976,2025-01-15,3118.4,Card,Paid
19977,19977,2026-04-22,254.07,Wallet,Paid
19978,19978,2026-07-26,1283.69,Wallet,Paid
19979,19979,2026-03-24,4175.21,UPI,Paid
19980,19980,2024-12-08,335.68,Card,Paid
19981,19981,2026-04-16,676.63,UPI,Paid
19982,19982,2024-01-07,988.37,Card,Paid
19983,19983,2026-05-24,1774.32,Bank,Paid
19984,19984,2024-08-21,339.53,Card,Paid
19985,19985,2026-01-16,6359.31,Bank,Paid
19986,19986,2024-01-21,3804.58,Bank,Paid
19987,19987,2025-03-17,1614.12,Wallet,Paid
19988,19988,2025-07-19,3410.15,Card,Paid
19989,19989,2024-09-21,104.49,Wallet,Paid
19990,19990,2026-06-02,222.61,Card,Paid
19991,19991,2024-08-10,3069.62,Card,Paid
19992,19992,2024-11-01,3399.45,UPI,Failed
19993,19993,2025-11-02,537.19,UPI,Paid
19994,19994,2025-09-15,5545.47,Wallet,Paid
19995,19995,2026-05-14,1317.14,Card,Paid
19996,19996,2026-06-09,1487.74,Card,Paid
19997,19997,2026-06-06,5241.1,Bank,Paid
19998,19998,2024-01-27,2621.82,UPI,Paid
19999,19999,2026-01-04,818.76,Card,Pending
20000,20000,2026-07-12,327.92,Wallet,Failed
