shipment_id,ship_date,promised_date,delivered_date,warehouse,carrier,region,weight_kg,freight_cost,priority
1,2024-02-27,2024-03-05,2024-03-03,WH-C,Carrier-3,East,42.8,29.53,Standard
2,2024-01-05,2024-01-08,2024-01-12,WH-C,Carrier-1,West,59.3,36.68,Standard
3,2025-04-07,2025-04-11,2025-04-09,WH-B,Carrier-3,East,63.5,37.36,Critical
4,2024-11-14,2024-11-21,2024-11-25,WH-A,Carrier-2,North,16.6,226.93,Critical
5,2025-07-16,2025-07-23,2025-07-28,WH-B,Carrier-1,West,65.6,68.96,Express
6,2025-01-20,2025-01-26,2025-02-02,WH-C,Carrier-3,East,78.9,170.68,Critical
7,2025-04-10,2025-04-12,2025-04-11,WH-A,Carrier-2,West,27.9,128.87,Express
8,2025-02-26,2025-03-04,2025-03-10,WH-C,Carrier-2,East,9.4,155.28,Standard
9,2026-03-27,2026-04-01,2026-04-03,WH-D,Carrier-3,South,55.3,64.56,Critical
10,2026-08-21,2026-08-29,,WH-B,Carrier-2,North,59.0,227.93,Critical
11,2025-02-04,2025-02-09,2025-02-12,WH-A,Carrier-3,North,58.8,205.89,Express
12,2025-06-19,2025-06-23,,WH-B,Carrier-2,West,78.1,9.08,Standard
13,2024-03-08,2024-03-16,2024-03-23,WH-C,Carrier-3,West,2.8,185.32,Express
14,2024-08-02,2024-08-09,2024-08-10,WH-D,Carrier-3,North,15.1,109.46,Standard
15,2024-12-13,2024-12-18,2024-12-19,WH-C,Carrier-1,East,47.4,60.17,Critical
16,2024-06-11,2024-06-17,2024-06-15,WH-A,Carrier-1,South,65.4,161.05,Express
17,2024-12-06,2024-12-13,2024-12-11,WH-C,Carrier-3,North,68.8,141.72,Express
18,2025-03-31,2025-04-06,2025-04-13,WH-C,Carrier-3,South,27.0,25.01,Critical
19,2024-10-13,2024-10-21,2024-10-21,WH-B,Carrier-3,East,75.3,188.35,Express
20,2026-01-11,2026-01-15,2026-01-21,WH-C,Carrier-2,North,2.5,205.23,Standard
21,2024-06-17,2024-06-20,2024-06-20,WH-C,Carrier-3,West,35.5,40.61,Standard
22,2025-06-29,2025-07-07,2025-07-11,WH-B,Carrier-3,South,73.5,190.36,Express
23,2024-06-30,2024-07-07,2024-07-14,WH-A,Carrier-2,East,70.8,55.42,Critical
24,2025-12-21,2025-12-25,2025-12-28,WH-D,Carrier-1,North,70.3,213.76,Standard
25,2025-11-15,2025-11-22,2025-11-27,WH-C,Carrier-1,West,65.6,216.95,Express
26,2024-09-24,2024-09-27,2024-09-26,WH-B,Carrier-1,North,45.0,181.24,Express
27,2025-10-30,2025-11-04,2025-11-05,WH-A,Carrier-3,South,2.7,239.21,Express
28,2025-11-12,2025-11-19,2025-11-27,WH-A,Carrier-1,East,1.4,76.35,Express
29,2025-04-04,2025-04-08,2025-04-12,WH-B,Carrier-2,North,66.8,29.08,Standard
30,2026-06-22,2026-06-29,2026-07-07,WH-D,Carrier-3,West,51.5,21.47,Express
31,2026-08-21,2026-08-29,2026-09-02,WH-C,Carrier-1,West,57.7,105.53,Critical
32,2024-05-18,2024-05-20,2024-05-25,WH-D,Carrier-3,North,27.4,41.04,Critical
33,2024-03-18,2024-03-23,2024-03-29,WH-D,Carrier-2,East,18.7,102.67,Express
34,2026-02-22,2026-03-01,2026-03-02,WH-C,Carrier-2,West,26.9,57.31,Standard
35,2025-08-12,2025-08-20,2025-08-22,WH-C,Carrier-2,West,3.8,167.13,Critical
36,2024-08-30,2024-09-07,2024-09-10,WH-A,Carrier-2,North,76.7,104.14,Standard
37,2025-03-31,2025-04-08,2025-04-15,WH-B,Carrier-3,East,3.6,46.44,Express
38,2024-04-19,2024-04-22,2024-04-25,WH-A,Carrier-3,North,10.4,236.51,Critical
39,2025-07-09,2025-07-14,2025-07-21,WH-B,Carrier-1,North,43.7,214.88,Critical
40,2025-11-25,2025-11-28,2025-12-04,WH-D,Carrier-2,North,29.4,64.5,Standard
41,2025-05-07,2025-05-15,2025-05-17,WH-A,Carrier-2,South,22.6,178.17,Critical
42,2024-02-08,2024-02-14,2024-02-13,WH-B,Carrier-3,South,7.6,25.27,Standard
43,2025-11-13,2025-11-17,2025-11-22,WH-C,Carrier-1,North,76.7,20.7,Express
44,2026-01-23,2026-01-30,2026-02-06,WH-B,Carrier-2,East,12.2,191.38,Critical
45,2024-04-22,2024-04-25,2024-04-23,WH-D,Carrier-1,East,31.1,162.53,Critical
46,2024-09-23,2024-09-28,2024-09-30,WH-C,Carrier-3,East,45.5,30.52,Critical
47,2024-01-25,2024-01-29,2024-01-27,WH-D,Carrier-3,North,68.5,82.92,Critical
48,2026-06-04,2026-06-12,2026-06-14,WH-C,Carrier-1,South,74.6,28.27,Express
49,2024-12-12,2024-12-20,2024-12-26,WH-B,Carrier-1,West,34.7,167.84,Critical
50,2026-07-30,2026-08-02,2026-08-04,WH-A,Carrier-3,East,78.5,174.53,Standard
51,2025-03-16,2025-03-21,2025-03-22,WH-B,Carrier-2,South,13.1,52.59,Express
52,2025-05-21,2025-05-25,2025-06-02,WH-D,Carrier-1,North,8.5,67.24,Express
53,2024-06-26,2024-07-01,2024-07-06,WH-D,Carrier-3,South,53.6,133.56,Standard
54,2024-05-19,2024-05-24,2024-05-28,WH-C,Carrier-2,North,60.9,67.65,Critical
55,2024-01-04,2024-01-10,2024-01-18,WH-D,Carrier-1,East,34.2,121.27,Standard
56,2024-06-24,2024-07-01,,WH-C,Carrier-2,North,38.0,228.88,Express
57,2025-09-26,2025-09-28,2025-10-04,WH-C,Carrier-1,East,40.2,53.71,Standard
58,2024-03-08,2024-03-16,2024-03-21,WH-B,Carrier-3,West,42.8,139.27,Express
59,2024-06-20,2024-06-24,2024-07-02,WH-A,Carrier-2,South,13.8,167.7,Express
60,2025-08-15,2025-08-21,2025-08-27,WH-C,Carrier-1,North,56.7,95.92,Standard
61,2025-08-05,2025-08-13,2025-08-11,WH-C,Carrier-2,South,59.6,147.66,Critical
62,2024-01-24,2024-01-26,2024-02-02,WH-B,Carrier-3,North,21.8,136.24,Express
63,2024-04-30,2024-05-05,2024-05-05,WH-D,Carrier-3,North,25.1,115.49,Critical
64,2024-07-10,2024-07-16,2024-07-14,WH-B,Carrier-1,East,66.1,14.38,Express
65,2024-06-09,2024-06-17,2024-06-25,WH-A,Carrier-1,North,6.3,215.4,Express
66,2024-02-21,2024-02-26,2024-02-28,WH-A,Carrier-2,East,64.2,70.46,Critical
67,2024-01-01,2024-01-05,2024-01-04,WH-C,Carrier-1,East,36.1,196.99,Standard
68,2024-09-10,2024-09-18,2024-09-18,WH-C,Carrier-3,West,23.6,96.7,Critical
69,2026-07-31,2026-08-07,2026-08-06,WH-B,Carrier-1,North,72.4,93.72,Critical
70,2024-04-07,2024-04-11,2024-04-18,WH-C,Carrier-1,South,46.1,137.57,Critical
71,2024-09-24,2024-09-27,2024-09-25,WH-B,Carrier-1,West,19.3,124.44,Express
72,2026-03-26,2026-03-31,2026-03-30,WH-B,Carrier-2,South,70.7,110.4,Critical
73,2025-10-19,2025-10-21,2025-10-23,WH-B,Carrier-3,West,0.5,58.38,Critical
74,2025-08-15,2025-08-23,2025-08-25,WH-C,Carrier-2,East,8.6,167.37,Express
75,2025-03-29,2025-04-06,2025-04-06,WH-A,Carrier-3,East,69.4,217.92,Express
76,2024-05-23,2024-05-30,,WH-B,Carrier-1,South,61.1,61.99,Standard
77,2025-01-22,2025-01-26,2025-01-29,WH-A,Carrier-1,South,47.5,47.94,Standard
78,2025-05-26,2025-06-01,2025-06-05,WH-B,Carrier-2,West,38.9,158.12,Critical
79,2025-02-19,2025-02-25,2025-02-24,WH-B,Carrier-1,South,26.0,14.44,Express
80,2024-06-01,2024-06-06,2024-06-13,WH-A,Carrier-3,East,10.2,41.22,Critical
81,2024-11-04,2024-11-08,2024-11-07,WH-D,Carrier-1,North,27.6,35.57,Standard
82,2024-11-27,2024-12-03,2024-12-09,WH-A,Carrier-2,North,75.0,198.37,Standard
83,2025-05-03,2025-05-08,2025-05-15,WH-A,Carrier-3,South,75.6,160.12,Express
84,2024-09-21,2024-09-28,2024-10-01,WH-B,Carrier-1,East,43.7,203.36,Critical
85,2024-12-18,2024-12-21,2024-12-24,WH-D,Carrier-1,East,36.9,137.0,Critical
86,2024-05-13,2024-05-18,,WH-C,Carrier-2,North,17.2,126.71,Express
87,2024-05-01,2024-05-04,2024-05-09,WH-A,Carrier-2,South,41.5,145.1,Standard
88,2024-09-04,2024-09-07,2024-09-07,WH-D,Carrier-1,East,5.7,17.96,Standard
89,2024-08-29,2024-09-03,2024-09-09,WH-B,Carrier-2,South,62.6,205.55,Standard
90,2024-10-18,2024-10-23,2024-10-30,WH-A,Carrier-1,West,52.7,99.13,Standard
91,2025-01-17,2025-01-21,2025-01-23,WH-C,Carrier-2,North,2.8,162.16,Express
92,2025-09-23,2025-09-28,2025-10-01,WH-B,Carrier-2,North,69.6,211.27,Critical
93,2025-10-23,2025-10-25,2025-11-02,WH-B,Carrier-1,South,57.2,165.06,Critical
94,2024-07-26,2024-07-31,2024-07-29,WH-A,Carrier-3,West,61.8,139.97,Critical
95,2025-04-01,2025-04-04,2025-04-02,WH-C,Carrier-3,East,22.3,173.88,Critical
96,2024-08-14,2024-08-16,2024-08-20,WH-C,Carrier-1,West,53.7,204.08,Standard
97,2025-07-25,2025-08-02,2025-08-05,WH-C,Carrier-3,South,78.0,97.7,Standard
98,2024-02-23,2024-02-29,2024-02-29,WH-A,Carrier-1,South,22.2,181.61,Standard
99,2026-07-09,2026-07-16,2026-07-24,WH-C,Carrier-1,West,17.4,134.0,Critical
100,2024-04-01,2024-04-09,2024-04-10,WH-D,Carrier-2,North,36.5,100.85,Critical
101,2024-01-30,2024-02-07,2024-02-11,WH-B,Carrier-3,West,16.5,41.11,Critical
102,2024-01-23,2024-01-25,,WH-D,Carrier-2,West,38.3,100.55,Critical
103,2024-12-26,2024-12-28,2024-12-29,WH-C,Carrier-1,South,17.4,231.48,Critical
104,2024-03-14,2024-03-22,2024-03-20,WH-C,Carrier-2,North,37.6,152.55,Standard
105,2024-05-21,2024-05-25,2024-05-24,WH-B,Carrier-3,North,70.2,132.54,Express
106,2024-06-18,2024-06-23,2024-06-30,WH-B,Carrier-3,West,3.7,122.15,Express
107,2024-01-03,2024-01-10,2024-01-08,WH-C,Carrier-3,South,52.4,13.34,Standard
108,2024-10-01,2024-10-07,2024-10-12,WH-A,Carrier-1,South,3.7,58.26,Critical
109,2026-05-24,2026-05-29,2026-05-29,WH-B,Carrier-3,North,31.1,153.33,Standard
110,2025-06-05,2025-06-12,2025-06-15,WH-C,Carrier-1,West,44.7,120.71,Critical
111,2026-08-05,2026-08-12,2026-08-16,WH-A,Carrier-3,North,70.3,87.25,Critical
112,2025-07-26,2025-07-29,2025-07-29,WH-A,Carrier-2,North,41.4,176.26,Critical
113,2025-11-08,2025-11-11,2025-11-16,WH-C,Carrier-3,East,52.0,163.81,Critical
114,2026-05-08,2026-05-15,2026-05-15,WH-C,Carrier-1,East,58.5,217.32,Critical
115,2024-05-03,2024-05-06,2024-05-08,WH-C,Carrier-1,South,42.7,126.48,Standard
116,2025-01-09,2025-01-15,2025-01-17,WH-C,Carrier-3,North,29.3,224.65,Standard
117,2026-06-27,2026-07-02,2026-07-03,WH-D,Carrier-2,South,64.4,4.59,Critical
118,2025-11-01,2025-11-03,2025-11-02,WH-C,Carrier-2,South,31.5,182.26,Express
119,2024-06-22,2024-06-29,2024-07-03,WH-D,Carrier-1,South,32.4,225.54,Express
120,2024-06-07,2024-06-10,2024-06-16,WH-D,Carrier-1,North,60.9,123.16,Critical
121,2025-06-08,2025-06-16,2025-06-15,WH-B,Carrier-1,South,6.3,207.54,Critical
122,2024-04-22,2024-04-25,2024-04-30,WH-B,Carrier-1,West,25.2,170.65,Standard
123,2024-04-23,2024-04-25,2024-05-03,WH-D,Carrier-1,South,7.0,219.59,Critical
124,2025-10-27,2025-10-29,2025-11-03,WH-A,Carrier-2,South,69.4,43.51,Standard
125,2025-03-12,2025-03-18,2025-03-25,WH-A,Carrier-1,East,75.4,34.95,Standard
126,2026-04-11,2026-04-16,2026-04-23,WH-A,Carrier-2,West,22.3,26.87,Critical
127,2024-03-04,2024-03-06,2024-03-08,WH-D,Carrier-3,East,38.1,115.85,Express
128,2024-12-11,2024-12-14,2024-12-16,WH-C,Carrier-2,East,76.0,140.64,Critical
129,2024-05-15,2024-05-18,2024-05-26,WH-B,Carrier-1,South,7.6,190.72,Critical
130,2026-07-05,2026-07-13,2026-07-11,WH-C,Carrier-1,East,52.1,202.06,Critical
131,2026-01-20,2026-01-23,2026-01-30,WH-D,Carrier-1,East,59.7,213.55,Express
132,2024-09-06,2024-09-08,2024-09-13,WH-B,Carrier-1,East,50.1,153.86,Critical
133,2026-05-29,2026-06-03,2026-06-05,WH-B,Carrier-1,West,70.6,29.65,Critical
134,2025-01-16,2025-01-19,2025-01-17,WH-B,Carrier-1,East,27.0,22.94,Critical
135,2026-06-25,2026-07-03,2026-07-02,WH-A,Carrier-1,North,7.2,44.0,Express
136,2026-05-25,2026-05-31,2026-06-02,WH-A,Carrier-1,West,36.8,118.8,Critical
137,2025-09-20,2025-09-28,2025-10-06,WH-A,Carrier-1,East,19.6,54.34,Critical
138,2026-06-24,2026-06-30,2026-07-08,WH-C,Carrier-3,South,27.1,111.78,Express
139,2026-06-16,2026-06-18,,WH-B,Carrier-2,West,1.3,27.96,Standard
140,2024-07-13,2024-07-15,2024-07-23,WH-B,Carrier-1,West,59.0,113.36,Critical
141,2024-06-03,2024-06-08,2024-06-07,WH-A,Carrier-1,North,15.6,161.03,Critical
142,2026-06-27,2026-07-03,2026-07-04,WH-C,Carrier-1,North,26.8,89.91,Express
143,2024-02-09,2024-02-14,2024-02-20,WH-A,Carrier-1,South,63.4,174.87,Express
144,2024-01-30,2024-02-02,2024-02-09,WH-C,Carrier-1,West,36.9,107.06,Standard
145,2024-06-23,2024-06-25,2024-06-25,WH-C,Carrier-1,North,32.7,28.06,Express
146,2025-10-02,2025-10-05,2025-10-04,WH-B,Carrier-1,North,12.2,157.4,Critical
147,2025-10-05,2025-10-11,,WH-C,Carrier-1,West,41.3,194.21,Express
148,2025-06-25,2025-06-29,2025-07-01,WH-A,Carrier-3,South,19.4,206.45,Standard
149,2026-02-03,2026-02-07,2026-02-13,WH-C,Carrier-2,North,61.4,226.36,Standard
150,2024-10-07,2024-10-10,2024-10-18,WH-A,Carrier-1,South,79.7,166.91,Standard
151,2025-07-31,2025-08-04,2025-08-10,WH-C,Carrier-3,West,35.2,178.54,Standard
152,2025-12-12,2025-12-17,2025-12-17,WH-C,Carrier-1,West,12.0,212.39,Express
153,2024-12-16,2024-12-19,2024-12-26,WH-B,Carrier-1,South,24.0,118.57,Standard
154,2025-03-11,2025-03-15,2025-03-22,WH-D,Carrier-1,South,40.5,57.41,Standard
155,2025-08-29,2025-09-01,2025-09-04,WH-D,Carrier-1,West,21.0,224.9,Standard
156,2025-10-16,2025-10-22,2025-10-24,WH-D,Carrier-2,South,78.9,235.16,Standard
157,2024-11-20,2024-11-22,2024-11-22,WH-D,Carrier-3,West,71.5,61.02,Standard
158,2024-04-13,2024-04-15,2024-04-23,WH-B,Carrier-2,North,42.0,186.85,Standard
159,2026-04-25,2026-04-30,2026-05-05,WH-A,Carrier-2,East,69.8,132.75,Standard
160,2026-07-22,2026-07-27,2026-08-01,WH-A,Carrier-2,North,50.7,180.24,Standard
161,2026-05-03,2026-05-11,2026-05-19,WH-A,Carrier-1,South,35.4,123.55,Standard
162,2025-10-13,2025-10-19,2025-10-26,WH-D,Carrier-2,South,35.7,83.77,Express
163,2026-01-20,2026-01-26,2026-01-25,WH-B,Carrier-3,North,32.1,25.8,Critical
164,2025-07-21,2025-07-25,2025-07-25,WH-D,Carrier-2,West,45.9,137.12,Critical
165,2025-06-12,2025-06-18,2025-06-21,WH-A,Carrier-3,East,18.6,121.27,Express
166,2025-03-05,2025-03-12,2025-03-11,WH-A,Carrier-2,West,5.9,7.65,Express
167,2025-12-19,2025-12-23,2025-12-22,WH-A,Carrier-2,East,33.2,221.56,Standard
168,2024-10-15,2024-10-22,2024-10-28,WH-A,Carrier-1,East,55.1,15.69,Standard
169,2024-03-11,2024-03-19,2024-03-26,WH-B,Carrier-2,West,38.3,31.03,Standard
170,2026-05-31,2026-06-04,2026-06-08,WH-B,Carrier-2,East,46.1,146.42,Standard
171,2024-12-31,2025-01-03,2025-01-09,WH-A,Carrier-2,North,26.9,21.08,Standard
172,2025-07-10,2025-07-15,2025-07-19,WH-B,Carrier-2,West,72.5,109.71,Standard
173,2024-05-31,2024-06-04,2024-06-05,WH-B,Carrier-2,South,41.1,161.26,Standard
174,2024-12-21,2024-12-25,2024-12-23,WH-A,Carrier-2,South,37.1,210.18,Express
175,2024-01-29,2024-01-31,2024-01-29,WH-C,Carrier-3,East,21.4,145.15,Critical
176,2025-07-13,2025-07-18,2025-07-23,WH-B,Carrier-3,North,48.3,60.31,Standard
177,2025-08-29,2025-09-01,2025-09-01,WH-B,Carrier-3,South,13.0,208.34,Critical
178,2025-02-26,2025-03-05,2025-03-08,WH-B,Carrier-1,South,57.2,74.41,Express
179,2024-01-10,2024-01-18,,WH-D,Carrier-3,East,74.7,37.48,Standard
180,2026-07-15,2026-07-19,2026-07-24,WH-D,Carrier-1,South,46.1,223.23,Express
181,2024-01-12,2024-01-20,2024-01-22,WH-A,Carrier-2,East,76.1,182.67,Express
182,2025-12-21,2025-12-28,2025-12-30,WH-A,Carrier-3,West,1.7,191.09,Express
183,2026-05-18,2026-05-26,2026-05-24,WH-A,Carrier-2,East,14.7,56.1,Express
184,2025-10-01,2025-10-07,2025-10-08,WH-A,Carrier-3,West,55.6,204.0,Express
185,2024-07-03,2024-07-08,2024-07-06,WH-A,Carrier-3,East,37.5,202.88,Standard
186,2025-09-21,2025-09-29,,WH-A,Carrier-1,West,75.7,15.86,Critical
187,2024-05-20,2024-05-26,2024-05-25,WH-C,Carrier-3,West,76.9,124.65,Critical
188,2025-02-06,2025-02-09,2025-02-12,WH-A,Carrier-2,West,50.9,99.45,Express
189,2025-08-23,2025-08-25,2025-08-23,WH-D,Carrier-3,South,42.2,47.63,Standard
190,2026-08-15,2026-08-23,2026-08-24,WH-A,Carrier-1,North,16.2,72.57,Standard
191,2024-11-27,2024-12-02,2024-12-07,WH-B,Carrier-2,East,44.5,4.41,Critical
192,2024-04-25,2024-04-28,2024-05-02,WH-A,Carrier-2,East,56.2,194.96,Express
193,2025-11-13,2025-11-17,2025-11-22,WH-D,Carrier-1,North,10.0,212.32,Express
194,2024-05-28,2024-06-04,2024-06-10,WH-B,Carrier-3,East,27.3,221.28,Critical
195,2026-02-02,2026-02-06,2026-02-13,WH-D,Carrier-2,North,36.5,210.31,Standard
196,2026-05-18,2026-05-22,2026-05-23,WH-B,Carrier-2,South,63.8,131.8,Critical
197,2025-12-16,2025-12-23,2025-12-24,WH-B,Carrier-1,East,58.3,131.43,Standard
198,2024-06-23,2024-06-30,2024-06-28,WH-C,Carrier-3,West,72.9,61.45,Express
199,2025-01-19,2025-01-24,2025-01-28,WH-A,Carrier-2,East,37.1,207.22,Express
200,2026-06-07,2026-06-12,2026-06-11,WH-D,Carrier-2,North,11.1,235.46,Standard
201,2025-04-30,2025-05-05,2025-05-11,WH-B,Carrier-1,North,77.7,237.84,Standard
202,2025-08-04,2025-08-10,,WH-B,Carrier-1,North,6.6,133.19,Standard
203,2025-02-02,2025-02-07,2025-02-05,WH-C,Carrier-2,East,61.7,199.17,Standard
204,2026-05-06,2026-05-11,2026-05-16,WH-A,Carrier-2,North,65.8,202.87,Express
205,2026-05-03,2026-05-09,2026-05-09,WH-A,Carrier-1,South,48.9,48.62,Express
206,2025-02-23,2025-02-25,2025-03-03,WH-C,Carrier-1,East,73.8,108.72,Standard
207,2026-08-15,2026-08-20,2026-08-20,WH-C,Carrier-2,East,51.2,48.41,Critical
208,2026-03-31,2026-04-03,2026-04-06,WH-B,Carrier-1,South,37.8,69.39,Critical
209,2024-01-22,2024-01-29,2024-02-01,WH-D,Carrier-1,East,75.6,98.44,Express
210,2024-05-26,2024-05-31,2024-06-04,WH-A,Carrier-3,West,63.9,13.47,Standard
211,2025-04-27,2025-05-04,2025-05-07,WH-C,Carrier-1,East,56.1,52.45,Express
212,2025-03-13,2025-03-21,2025-03-29,WH-D,Carrier-3,North,68.5,72.53,Critical
213,2026-08-11,2026-08-13,2026-08-15,WH-C,Carrier-1,East,29.0,6.58,Express
214,2026-08-28,2026-09-05,2026-09-06,WH-C,Carrier-1,North,24.0,158.07,Critical
215,2025-11-16,2025-11-23,2025-11-30,WH-D,Carrier-1,West,41.9,34.89,Critical
216,2025-06-03,2025-06-05,2025-06-07,WH-A,Carrier-3,East,50.9,152.96,Standard
217,2024-12-05,2024-12-13,2024-12-21,WH-D,Carrier-2,South,8.5,8.52,Critical
218,2025-07-17,2025-07-22,2025-07-22,WH-D,Carrier-3,West,64.2,121.23,Express
219,2024-08-15,2024-08-19,2024-08-17,WH-A,Carrier-3,South,56.5,74.37,Critical
220,2024-04-13,2024-04-16,,WH-A,Carrier-2,East,48.6,178.66,Critical
221,2024-02-02,2024-02-08,2024-02-15,WH-C,Carrier-2,East,26.6,54.56,Express
222,2024-03-26,2024-03-28,2024-03-31,WH-C,Carrier-1,West,11.6,41.07,Critical
223,2025-09-19,2025-09-21,2025-09-19,WH-B,Carrier-2,West,52.9,138.12,Critical
224,2024-02-04,2024-02-08,2024-02-06,WH-D,Carrier-1,East,15.6,76.27,Standard
225,2025-01-06,2025-01-13,2025-01-18,WH-D,Carrier-2,South,13.0,137.16,Critical
226,2025-01-24,2025-01-30,2025-01-28,WH-A,Carrier-1,West,21.5,154.24,Express
227,2025-02-28,2025-03-08,2025-03-08,WH-D,Carrier-2,East,31.0,132.36,Standard
228,2025-04-13,2025-04-19,2025-04-26,WH-B,Carrier-2,West,0.5,47.7,Standard
229,2025-08-15,2025-08-23,2025-08-23,WH-A,Carrier-2,East,42.8,106.45,Standard
230,2024-03-21,2024-03-23,2024-03-25,WH-A,Carrier-1,East,56.3,35.24,Express
231,2025-09-05,2025-09-09,2025-09-10,WH-C,Carrier-2,West,1.7,186.61,Standard
232,2026-07-15,2026-07-23,2026-07-25,WH-D,Carrier-3,West,73.2,150.25,Standard
233,2025-12-17,2025-12-22,2025-12-28,WH-D,Carrier-1,South,69.1,121.49,Express
234,2025-07-31,2025-08-05,2025-08-08,WH-B,Carrier-2,West,34.5,48.5,Express
235,2024-09-07,2024-09-12,2024-09-18,WH-D,Carrier-2,North,18.1,214.59,Standard
236,2026-08-14,2026-08-20,2026-08-26,WH-A,Carrier-3,South,18.2,65.58,Standard
237,2026-07-27,2026-07-29,2026-07-31,WH-C,Carrier-2,South,69.0,144.38,Critical
238,2024-03-01,2024-03-04,2024-03-10,WH-B,Carrier-2,East,30.6,151.77,Critical
239,2025-10-02,2025-10-07,2025-10-12,WH-B,Carrier-2,East,69.8,210.42,Critical
240,2025-08-01,2025-08-09,2025-08-08,WH-C,Carrier-3,North,5.4,58.43,Express
241,2024-07-12,2024-07-14,2024-07-12,WH-C,Carrier-3,North,41.4,202.53,Critical
242,2024-09-08,2024-09-12,2024-09-15,WH-D,Carrier-3,East,35.8,227.41,Express
243,2025-03-01,2025-03-08,2025-03-14,WH-C,Carrier-2,East,42.3,164.54,Express
244,2025-08-18,2025-08-23,2025-08-30,WH-C,Carrier-2,East,71.5,25.52,Standard
245,2025-07-24,2025-07-28,2025-08-02,WH-B,Carrier-1,South,33.6,65.58,Standard
246,2024-07-01,2024-07-07,,WH-B,Carrier-2,North,30.6,221.68,Critical
247,2024-03-28,2024-04-04,2024-04-03,WH-B,Carrier-2,South,52.0,14.43,Standard
248,2024-10-21,2024-10-28,,WH-D,Carrier-2,South,2.0,156.0,Express
249,2026-02-21,2026-02-24,2026-02-26,WH-C,Carrier-1,North,59.5,179.16,Standard
250,2025-10-26,2025-10-28,2025-10-30,WH-C,Carrier-1,North,56.3,28.46,Standard
251,2025-03-18,2025-03-21,2025-03-28,WH-D,Carrier-2,East,70.0,11.2,Standard
252,2024-09-22,2024-09-29,2024-10-03,WH-A,Carrier-1,East,79.9,231.49,Critical
253,2026-01-09,2026-01-15,2026-01-20,WH-A,Carrier-1,North,76.2,172.0,Standard
254,2025-02-10,2025-02-15,2025-02-22,WH-C,Carrier-3,South,24.7,94.11,Critical
255,2024-04-01,2024-04-05,2024-04-08,WH-C,Carrier-1,South,27.6,191.26,Standard
256,2026-06-12,2026-06-15,,WH-C,Carrier-2,East,76.8,122.03,Express
257,2025-02-03,2025-02-05,2025-02-04,WH-A,Carrier-3,South,4.2,86.54,Critical
258,2024-04-02,2024-04-06,2024-04-13,WH-D,Carrier-3,North,65.3,100.2,Standard
259,2024-01-24,2024-01-30,2024-02-04,WH-B,Carrier-1,East,17.2,69.71,Express
260,2026-04-12,2026-04-18,2026-04-22,WH-C,Carrier-1,East,18.0,215.93,Express
261,2026-05-11,2026-05-16,2026-05-14,WH-D,Carrier-2,North,16.2,104.14,Critical
262,2024-11-12,2024-11-14,2024-11-12,WH-D,Carrier-1,North,51.4,8.07,Standard
263,2024-08-11,2024-08-13,2024-08-20,WH-D,Carrier-2,North,55.8,54.58,Express
264,2025-07-11,2025-07-13,2025-07-16,WH-D,Carrier-3,South,35.6,105.83,Standard
265,2024-11-01,2024-11-03,2024-11-04,WH-D,Carrier-1,West,9.7,8.97,Express
266,2026-06-23,2026-06-28,2026-06-27,WH-C,Carrier-2,North,38.8,70.55,Standard
267,2025-12-17,2025-12-25,2025-12-28,WH-A,Carrier-1,North,60.7,115.49,Standard
268,2026-02-18,2026-02-25,2026-02-25,WH-A,Carrier-3,West,31.8,30.88,Standard
269,2024-08-02,2024-08-09,2024-08-17,WH-C,Carrier-1,West,42.4,30.42,Critical
270,2026-06-09,2026-06-13,2026-06-15,WH-A,Carrier-1,West,17.8,64.08,Express
271,2026-01-17,2026-01-24,2026-01-22,WH-D,Carrier-2,West,34.9,213.49,Critical
272,2025-07-28,2025-07-30,2025-07-31,WH-B,Carrier-1,West,6.5,232.42,Express
273,2026-06-10,2026-06-12,2026-06-16,WH-A,Carrier-2,North,35.3,167.3,Standard
274,2024-08-27,2024-08-30,2024-09-01,WH-C,Carrier-2,South,13.8,206.64,Critical
275,2025-04-05,2025-04-13,2025-04-15,WH-B,Carrier-3,East,59.2,210.8,Express
276,2025-07-22,2025-07-24,2025-07-30,WH-D,Carrier-3,North,60.0,39.24,Critical
277,2024-01-20,2024-01-23,2024-01-25,WH-B,Carrier-2,North,2.2,96.01,Standard
278,2026-07-05,2026-07-12,,WH-B,Carrier-1,West,78.1,227.39,Standard
279,2026-03-29,2026-04-03,2026-04-08,WH-C,Carrier-3,East,58.9,179.91,Standard
280,2024-10-23,2024-10-31,2024-10-31,WH-B,Carrier-1,South,74.2,179.14,Express
281,2025-01-09,2025-01-12,2025-01-13,WH-A,Carrier-1,South,0.7,26.09,Critical
282,2025-11-05,2025-11-08,2025-11-07,WH-C,Carrier-1,West,17.0,122.14,Standard
283,2025-02-27,2025-03-07,2025-03-05,WH-C,Carrier-2,North,27.4,238.67,Critical
284,2024-03-08,2024-03-10,2024-03-17,WH-B,Carrier-2,North,8.5,52.61,Critical
285,2025-06-30,2025-07-04,2025-07-07,WH-C,Carrier-2,West,17.3,34.72,Critical
286,2025-10-17,2025-10-20,2025-10-26,WH-A,Carrier-1,West,65.3,205.86,Standard
287,2025-04-06,2025-04-10,2025-04-18,WH-A,Carrier-1,South,27.7,201.67,Standard
288,2026-07-05,2026-07-08,2026-07-09,WH-A,Carrier-3,South,65.5,129.02,Standard
289,2024-08-08,2024-08-12,2024-08-13,WH-B,Carrier-3,East,45.9,110.03,Standard
290,2025-06-08,2025-06-12,2025-06-20,WH-D,Carrier-2,South,66.1,141.8,Critical
291,2025-12-12,2025-12-18,2025-12-25,WH-B,Carrier-1,East,20.0,95.64,Standard
292,2026-08-18,2026-08-21,2026-08-22,WH-B,Carrier-1,West,34.3,187.21,Express
293,2024-01-05,2024-01-07,2024-01-12,WH-A,Carrier-1,East,36.0,59.96,Critical
294,2024-02-12,2024-02-17,,WH-D,Carrier-2,South,44.3,105.37,Express
295,2024-11-02,2024-11-10,2024-11-08,WH-C,Carrier-3,North,66.4,16.3,Critical
296,2026-02-14,2026-02-17,2026-02-19,WH-D,Carrier-1,North,79.0,176.71,Critical
297,2026-02-22,2026-03-02,2026-03-06,WH-B,Carrier-1,North,51.7,152.29,Critical
298,2026-04-25,2026-05-01,2026-04-30,WH-A,Carrier-3,East,7.8,52.15,Express
299,2025-02-22,2025-02-26,2025-03-05,WH-B,Carrier-2,North,69.6,8.67,Critical
300,2024-04-20,2024-04-27,2024-04-28,WH-D,Carrier-1,East,19.5,9.65,Critical
301,2024-02-28,2024-03-02,2024-03-07,WH-A,Carrier-1,East,48.9,51.13,Standard
302,2025-05-27,2025-05-31,2025-06-02,WH-A,Carrier-3,West,26.7,107.42,Express
303,2026-02-10,2026-02-12,2026-02-15,WH-C,Carrier-2,West,49.1,49.37,Standard
304,2024-09-20,2024-09-25,2024-09-26,WH-D,Carrier-3,East,9.3,45.68,Standard
305,2024-10-06,2024-10-13,,WH-D,Carrier-3,North,43.4,22.19,Critical
306,2026-08-10,2026-08-18,2026-08-26,WH-D,Carrier-3,West,29.2,50.59,Standard
307,2025-12-25,2026-01-01,2026-01-08,WH-A,Carrier-3,South,41.1,216.11,Critical
308,2024-10-01,2024-10-05,2024-10-03,WH-C,Carrier-3,West,28.4,39.29,Critical
309,2026-05-26,2026-05-29,2026-06-05,WH-C,Carrier-2,South,59.8,207.23,Standard
310,2024-12-01,2024-12-03,,WH-A,Carrier-3,West,34.2,138.66,Standard
311,2024-09-17,2024-09-21,2024-09-20,WH-A,Carrier-1,North,7.8,70.95,Standard
312,2025-08-13,2025-08-19,2025-08-25,WH-B,Carrier-1,West,55.6,87.16,Critical
313,2025-10-27,2025-11-02,2025-10-31,WH-A,Carrier-3,North,16.8,68.66,Express
314,2025-09-10,2025-09-18,2025-09-20,WH-A,Carrier-3,East,12.6,213.13,Standard
315,2024-02-04,2024-02-09,2024-02-10,WH-D,Carrier-3,West,26.1,80.92,Critical
316,2025-05-20,2025-05-25,2025-06-02,WH-B,Carrier-1,South,36.6,37.96,Express
317,2024-05-24,2024-05-30,2024-06-03,WH-D,Carrier-3,North,13.4,7.07,Standard
318,2024-11-06,2024-11-11,2024-11-10,WH-A,Carrier-2,West,49.6,73.14,Express
319,2025-02-07,2025-02-11,2025-02-09,WH-B,Carrier-1,East,41.9,72.1,Standard
320,2024-01-04,2024-01-10,2024-01-12,WH-D,Carrier-2,East,44.8,119.83,Express
321,2025-02-24,2025-02-26,,WH-C,Carrier-3,North,53.0,159.81,Express
322,2025-10-25,2025-10-29,2025-11-05,WH-A,Carrier-3,West,72.1,180.28,Critical
323,2025-07-15,2025-07-19,2025-07-25,WH-A,Carrier-3,West,18.9,156.09,Critical
324,2024-01-30,2024-02-05,2024-02-11,WH-A,Carrier-2,East,5.3,144.12,Express
325,2024-06-03,2024-06-07,2024-06-12,WH-D,Carrier-3,West,49.9,143.51,Express
326,2024-10-27,2024-11-01,2024-10-31,WH-D,Carrier-2,East,10.7,93.74,Express
327,2025-11-26,2025-11-28,2025-12-02,WH-A,Carrier-1,East,18.9,175.7,Express
328,2024-10-12,2024-10-20,2024-10-23,WH-A,Carrier-3,North,13.6,190.12,Express
329,2025-04-23,2025-04-26,2025-05-02,WH-D,Carrier-2,South,3.2,69.91,Standard
330,2026-01-06,2026-01-08,,WH-D,Carrier-1,West,66.7,67.73,Express
331,2024-06-02,2024-06-05,2024-06-11,WH-B,Carrier-1,North,6.5,70.55,Standard
332,2025-07-13,2025-07-17,2025-07-15,WH-C,Carrier-1,North,77.0,216.9,Standard
333,2025-09-04,2025-09-11,2025-09-09,WH-C,Carrier-3,West,61.6,98.83,Critical
334,2025-08-28,2025-08-31,2025-08-29,WH-C,Carrier-1,North,76.9,56.87,Standard
335,2025-08-24,2025-08-26,2025-09-03,WH-D,Carrier-1,East,11.3,167.24,Standard
336,2024-01-25,2024-02-01,2024-02-02,WH-B,Carrier-2,West,14.3,167.22,Critical
337,2025-06-09,2025-06-13,2025-06-17,WH-C,Carrier-2,South,16.1,233.55,Express
338,2025-05-24,2025-05-26,2025-05-30,WH-C,Carrier-1,South,1.0,117.93,Critical
339,2025-10-29,2025-11-05,2025-11-05,WH-B,Carrier-2,West,23.0,152.59,Standard
340,2024-08-22,2024-08-30,2024-08-31,WH-C,Carrier-3,West,56.9,150.64,Standard
341,2025-02-23,2025-02-27,2025-03-04,WH-D,Carrier-2,South,21.3,144.74,Standard
342,2024-04-07,2024-04-10,2024-04-11,WH-C,Carrier-3,North,10.3,228.52,Critical
343,2026-06-03,2026-06-05,2026-06-06,WH-D,Carrier-3,West,41.1,167.38,Express
344,2026-01-30,2026-02-04,2026-02-12,WH-A,Carrier-2,East,1.6,8.34,Express
345,2026-07-09,2026-07-12,2026-07-13,WH-B,Carrier-2,East,77.9,192.41,Critical
346,2026-07-10,2026-07-15,2026-07-18,WH-C,Carrier-1,South,64.9,88.27,Express
347,2025-11-30,2025-12-04,2025-12-09,WH-C,Carrier-3,West,28.3,140.75,Critical
348,2024-04-22,2024-04-25,2024-05-01,WH-A,Carrier-3,South,6.2,170.59,Express
349,2025-09-04,2025-09-12,2025-09-17,WH-A,Carrier-3,East,52.1,16.14,Critical
350,2026-02-23,2026-02-25,2026-03-01,WH-D,Carrier-1,South,46.4,165.33,Standard
351,2025-09-10,2025-09-18,2025-09-17,WH-A,Carrier-3,East,3.2,212.32,Critical
352,2025-10-13,2025-10-15,2025-10-15,WH-A,Carrier-1,East,78.8,208.58,Standard
353,2024-04-12,2024-04-19,2024-04-23,WH-B,Carrier-3,North,27.4,30.82,Critical
354,2026-05-01,2026-05-07,2026-05-11,WH-A,Carrier-1,South,49.0,163.98,Critical
355,2024-07-13,2024-07-19,2024-07-26,WH-A,Carrier-3,North,68.8,4.94,Standard
356,2025-02-18,2025-02-22,2025-02-28,WH-B,Carrier-2,East,15.5,49.37,Express
357,2025-07-01,2025-07-08,2025-07-13,WH-C,Carrier-2,North,65.7,24.89,Express
358,2024-05-02,2024-05-08,2024-05-10,WH-A,Carrier-1,West,3.9,82.47,Critical
359,2024-01-07,2024-01-15,2024-01-23,WH-C,Carrier-1,North,64.5,92.36,Standard
360,2025-10-11,2025-10-14,2025-10-20,WH-D,Carrier-1,North,68.8,126.6,Standard
361,2026-08-01,2026-08-04,2026-08-07,WH-B,Carrier-1,South,73.9,143.46,Standard
362,2025-03-03,2025-03-06,2025-03-04,WH-D,Carrier-2,East,76.7,65.92,Critical
363,2025-01-02,2025-01-07,2025-01-12,WH-B,Carrier-2,South,18.5,156.66,Critical
364,2026-06-11,2026-06-13,2026-06-12,WH-B,Carrier-3,South,77.0,162.84,Express
365,2025-03-24,2025-03-29,2025-04-03,WH-A,Carrier-1,North,65.0,184.06,Standard
366,2026-02-10,2026-02-13,2026-02-14,WH-A,Carrier-1,East,36.7,211.04,Standard
367,2025-12-02,2025-12-07,2025-12-10,WH-C,Carrier-3,West,11.8,53.73,Critical
368,2025-02-16,2025-02-20,2025-02-27,WH-D,Carrier-2,South,13.8,119.37,Express
369,2026-05-13,2026-05-17,2026-05-20,WH-A,Carrier-3,East,73.2,108.39,Standard
370,2024-06-08,2024-06-12,2024-06-19,WH-B,Carrier-1,East,2.6,6.35,Critical
371,2025-02-18,2025-02-26,2025-02-26,WH-A,Carrier-1,North,41.7,52.43,Express
372,2026-03-07,2026-03-12,2026-03-12,WH-A,Carrier-1,South,46.0,82.7,Standard
373,2025-03-16,2025-03-21,2025-03-22,WH-A,Carrier-1,South,16.9,152.28,Express
374,2024-06-18,2024-06-26,2024-07-01,WH-B,Carrier-3,East,45.2,92.04,Critical
375,2026-06-06,2026-06-10,2026-06-10,WH-B,Carrier-3,East,40.2,13.47,Express
376,2025-07-03,2025-07-10,2025-07-09,WH-B,Carrier-1,North,33.8,162.85,Standard
377,2025-02-08,2025-02-11,2025-02-18,WH-C,Carrier-3,East,61.8,182.57,Critical
378,2024-06-13,2024-06-17,2024-06-23,WH-A,Carrier-1,North,34.3,17.27,Express
379,2026-05-18,2026-05-21,2026-05-27,WH-D,Carrier-2,West,38.8,28.56,Standard
380,2025-04-12,2025-04-20,2025-04-26,WH-D,Carrier-1,West,18.4,197.38,Standard
381,2025-06-09,2025-06-16,2025-06-19,WH-D,Carrier-1,North,12.2,13.2,Express
382,2025-01-11,2025-01-18,2025-01-16,WH-D,Carrier-3,West,5.2,144.93,Express
383,2026-03-24,2026-03-26,2026-03-28,WH-C,Carrier-2,South,54.8,13.3,Express
384,2025-04-12,2025-04-17,2025-04-22,WH-D,Carrier-2,East,3.1,40.12,Express
385,2024-01-21,2024-01-25,,WH-B,Carrier-1,East,40.2,82.25,Critical
386,2025-02-27,2025-03-07,2025-03-10,WH-D,Carrier-3,North,42.1,208.42,Express
387,2026-03-24,2026-03-26,2026-04-01,WH-D,Carrier-1,East,5.1,200.66,Express
388,2026-04-09,2026-04-12,2026-04-20,WH-C,Carrier-1,North,6.4,7.57,Express
389,2024-07-08,2024-07-10,2024-07-11,WH-D,Carrier-2,West,30.2,143.25,Standard
390,2024-05-17,2024-05-24,2024-05-26,WH-A,Carrier-3,East,70.6,97.36,Express
391,2026-01-02,2026-01-04,2026-01-12,WH-B,Carrier-3,North,61.6,148.0,Critical
392,2025-03-28,2025-04-02,2025-04-03,WH-D,Carrier-1,South,49.8,156.12,Standard
393,2024-08-15,2024-08-18,2024-08-25,WH-D,Carrier-3,West,15.8,80.59,Critical
394,2025-02-10,2025-02-16,2025-02-18,WH-C,Carrier-2,West,39.5,122.75,Critical
395,2026-02-23,2026-03-01,2026-03-09,WH-C,Carrier-3,South,2.2,126.63,Standard
396,2025-11-15,2025-11-18,2025-11-22,WH-D,Carrier-2,South,51.3,99.93,Express
397,2026-07-11,2026-07-13,2026-07-14,WH-A,Carrier-1,West,20.6,89.1,Express
398,2024-01-30,2024-02-07,2024-02-11,WH-D,Carrier-2,North,61.1,62.62,Critical
399,2024-10-04,2024-10-07,2024-10-15,WH-C,Carrier-1,South,51.8,235.29,Express
400,2026-02-05,2026-02-12,2026-02-10,WH-A,Carrier-2,East,62.5,65.56,Standard
401,2024-11-18,2024-11-23,2024-11-25,WH-D,Carrier-1,South,78.1,153.62,Express
402,2024-01-24,2024-01-30,2024-02-03,WH-C,Carrier-1,West,46.9,9.35,Critical
403,2024-02-23,2024-02-25,2024-02-29,WH-C,Carrier-3,West,27.1,215.61,Critical
404,2024-09-03,2024-09-10,2024-09-18,WH-D,Carrier-1,West,40.6,8.0,Standard
405,2024-05-10,2024-05-14,2024-05-14,WH-B,Carrier-1,West,25.0,68.27,Express
406,2025-09-29,2025-10-04,2025-10-03,WH-D,Carrier-2,East,14.5,95.22,Express
407,2026-05-09,2026-05-17,2026-05-16,WH-A,Carrier-3,South,77.0,46.08,Standard
408,2024-08-27,2024-09-04,2024-09-05,WH-D,Carrier-3,South,75.4,221.01,Express
409,2024-05-14,2024-05-21,2024-05-24,WH-D,Carrier-3,West,49.1,173.18,Standard
410,2024-06-24,2024-06-28,2024-06-29,WH-A,Carrier-2,North,73.0,29.81,Critical
411,2024-05-27,2024-06-04,2024-06-10,WH-B,Carrier-1,East,75.6,92.88,Critical
412,2025-10-16,2025-10-22,,WH-A,Carrier-1,North,65.2,193.98,Critical
413,2025-10-06,2025-10-12,2025-10-15,WH-C,Carrier-3,West,49.0,46.1,Critical
414,2024-01-05,2024-01-10,2024-01-17,WH-B,Carrier-2,South,46.7,194.44,Express
415,2026-06-28,2026-07-04,2026-07-06,WH-B,Carrier-3,South,22.7,86.93,Critical
416,2025-09-12,2025-09-19,2025-09-22,WH-C,Carrier-2,East,11.9,59.4,Express
417,2025-07-16,2025-07-19,2025-07-17,WH-C,Carrier-2,North,69.5,53.06,Standard
418,2024-05-27,2024-06-03,2024-06-10,WH-B,Carrier-1,North,40.2,48.47,Critical
419,2025-05-04,2025-05-07,2025-05-09,WH-D,Carrier-3,North,78.2,123.79,Critical
420,2024-06-02,2024-06-09,2024-06-10,WH-D,Carrier-3,West,37.9,82.35,Express
421,2026-06-03,2026-06-10,2026-06-12,WH-B,Carrier-3,East,51.3,140.88,Critical
422,2024-04-04,2024-04-07,2024-04-14,WH-A,Carrier-1,South,13.0,222.76,Standard
423,2025-05-31,2025-06-03,2025-06-01,WH-D,Carrier-2,West,19.2,230.4,Critical
424,2026-06-09,2026-06-13,2026-06-11,WH-D,Carrier-1,North,47.4,108.5,Standard
425,2025-11-05,2025-11-07,2025-11-12,WH-D,Carrier-1,East,65.3,181.8,Standard
426,2025-07-06,2025-07-10,2025-07-12,WH-A,Carrier-2,North,43.1,16.79,Critical
427,2025-05-10,2025-05-16,2025-05-16,WH-C,Carrier-3,North,63.7,183.5,Express
428,2026-08-19,2026-08-25,2026-08-25,WH-C,Carrier-1,East,78.1,202.99,Critical
429,2024-01-30,2024-02-03,2024-02-07,WH-A,Carrier-2,North,74.9,25.57,Express
430,2024-06-09,2024-06-16,2024-06-16,WH-D,Carrier-3,North,19.1,155.65,Express
431,2026-05-06,2026-05-13,2026-05-18,WH-C,Carrier-2,East,18.5,108.96,Express
432,2025-08-01,2025-08-09,,WH-D,Carrier-2,South,53.2,137.52,Express
433,2025-01-05,2025-01-11,2025-01-10,WH-D,Carrier-2,South,76.0,74.08,Critical
434,2025-10-09,2025-10-16,2025-10-23,WH-D,Carrier-1,East,48.8,138.79,Critical
435,2025-05-26,2025-06-02,2025-06-01,WH-C,Carrier-3,South,52.3,97.35,Express
436,2024-02-19,2024-02-25,,WH-A,Carrier-3,East,46.2,108.39,Critical
437,2026-05-19,2026-05-22,2026-05-20,WH-D,Carrier-1,North,79.1,71.62,Standard
438,2025-07-13,2025-07-15,2025-07-23,WH-C,Carrier-2,West,4.8,193.45,Critical
439,2024-01-12,2024-01-18,,WH-A,Carrier-3,East,75.9,239.43,Standard
440,2024-04-24,2024-04-30,2024-05-05,WH-D,Carrier-3,South,35.6,167.76,Critical
441,2026-04-16,2026-04-21,,WH-B,Carrier-3,East,27.9,27.28,Standard
442,2024-12-12,2024-12-16,2024-12-20,WH-B,Carrier-2,West,78.7,238.88,Express
443,2026-01-03,2026-01-09,2026-01-17,WH-A,Carrier-3,South,70.8,238.96,Critical
444,2025-10-29,2025-11-01,2025-11-07,WH-D,Carrier-3,East,14.9,195.49,Standard
445,2026-08-28,2026-09-04,2026-09-05,WH-A,Carrier-1,West,73.3,143.71,Standard
446,2025-06-20,2025-06-22,2025-06-26,WH-C,Carrier-3,South,24.8,230.13,Standard
447,2024-12-27,2025-01-01,2025-01-02,WH-D,Carrier-2,South,53.1,154.79,Critical
448,2025-01-12,2025-01-16,2025-01-24,WH-D,Carrier-2,East,30.9,204.74,Critical
449,2024-12-26,2024-12-30,2025-01-01,WH-C,Carrier-3,West,2.0,236.36,Express
450,2024-04-22,2024-04-26,2024-04-28,WH-A,Carrier-2,South,26.8,192.34,Express
451,2024-07-11,2024-07-19,2024-07-21,WH-C,Carrier-1,North,60.7,102.82,Express
452,2025-11-19,2025-11-24,2025-11-29,WH-C,Carrier-2,South,4.2,120.01,Standard
453,2025-11-20,2025-11-27,2025-12-04,WH-B,Carrier-3,West,66.6,128.17,Critical
454,2024-05-09,2024-05-16,2024-05-22,WH-D,Carrier-1,East,4.3,73.24,Critical
455,2026-01-04,2026-01-10,2026-01-15,WH-B,Carrier-3,South,44.9,168.9,Express
456,2025-04-07,2025-04-15,2025-04-20,WH-D,Carrier-2,South,73.6,235.1,Standard
457,2024-08-23,2024-08-25,2024-09-02,WH-A,Carrier-3,North,74.8,137.85,Express
458,2026-04-19,2026-04-23,2026-04-25,WH-B,Carrier-1,South,45.0,159.15,Standard
459,2025-09-21,2025-09-24,2025-10-02,WH-D,Carrier-3,East,19.6,223.74,Express
460,2025-06-19,2025-06-23,2025-06-23,WH-D,Carrier-1,East,11.8,116.89,Critical
461,2026-03-22,2026-03-29,2026-04-01,WH-C,Carrier-2,South,6.7,178.25,Critical
462,2025-10-01,2025-10-03,2025-10-08,WH-B,Carrier-2,East,2.9,59.66,Critical
463,2026-07-09,2026-07-11,2026-07-14,WH-A,Carrier-1,South,26.9,61.3,Express
464,2024-11-30,2024-12-03,2024-12-10,WH-B,Carrier-3,North,10.2,98.01,Critical
465,2026-06-19,2026-06-26,2026-06-27,WH-D,Carrier-1,West,74.3,56.25,Standard
466,2024-12-18,2024-12-20,2024-12-22,WH-C,Carrier-2,South,56.9,142.27,Express
467,2024-02-05,2024-02-08,2024-02-15,WH-D,Carrier-1,West,47.6,99.91,Critical
468,2025-09-04,2025-09-10,2025-09-08,WH-A,Carrier-1,East,63.6,91.02,Critical
469,2025-12-22,2025-12-27,2025-12-25,WH-B,Carrier-3,East,1.0,229.73,Standard
470,2024-04-26,2024-04-28,2024-05-05,WH-D,Carrier-1,East,45.9,42.41,Standard
471,2024-03-14,2024-03-18,2024-03-19,WH-A,Carrier-2,North,15.2,153.68,Standard
472,2024-10-22,2024-10-27,2024-11-01,WH-A,Carrier-1,North,25.5,120.18,Express
473,2026-08-17,2026-08-25,2026-08-30,WH-D,Carrier-3,East,42.7,29.2,Critical
474,2024-05-11,2024-05-19,2024-05-26,WH-D,Carrier-2,South,67.2,12.92,Standard
475,2024-10-12,2024-10-14,2024-10-12,WH-C,Carrier-1,West,60.6,220.98,Critical
476,2026-06-08,2026-06-12,2026-06-14,WH-C,Carrier-3,South,71.2,46.05,Critical
477,2024-03-10,2024-03-15,2024-03-14,WH-A,Carrier-3,East,47.8,27.71,Express
478,2024-11-20,2024-11-23,,WH-D,Carrier-1,South,9.3,123.59,Express
479,2026-05-19,2026-05-27,2026-05-30,WH-D,Carrier-3,South,1.5,206.94,Critical
480,2025-10-21,2025-10-29,2025-11-05,WH-D,Carrier-3,North,61.0,185.51,Express
481,2024-10-16,2024-10-22,2024-10-23,WH-B,Carrier-2,North,70.8,95.69,Express
482,2024-10-01,2024-10-03,2024-10-01,WH-B,Carrier-2,East,48.9,26.17,Standard
483,2024-10-30,2024-11-06,2024-11-05,WH-B,Carrier-2,South,65.2,88.44,Standard
484,2025-09-21,2025-09-27,2025-09-30,WH-A,Carrier-3,North,71.7,99.08,Express
485,2026-03-15,2026-03-18,2026-03-26,WH-A,Carrier-2,South,53.3,10.05,Express
486,2025-11-30,2025-12-07,2025-12-12,WH-D,Carrier-3,East,6.1,39.88,Express
487,2024-06-13,2024-06-16,2024-06-23,WH-B,Carrier-1,North,20.2,134.23,Critical
488,2025-05-25,2025-05-31,,WH-B,Carrier-2,East,36.6,64.17,Standard
489,2026-02-10,2026-02-18,2026-02-16,WH-C,Carrier-1,West,28.3,228.74,Critical
490,2025-09-30,2025-10-08,2025-10-11,WH-A,Carrier-3,West,12.4,61.2,Standard
491,2026-08-14,2026-08-16,,WH-C,Carrier-2,South,25.5,27.96,Critical
492,2026-01-28,2026-01-30,2026-02-07,WH-B,Carrier-2,West,25.7,81.53,Express
493,2024-04-26,2024-04-29,2024-05-04,WH-D,Carrier-1,East,11.6,63.42,Express
494,2025-02-02,2025-02-05,2025-02-11,WH-A,Carrier-2,South,12.8,154.54,Critical
495,2026-01-06,2026-01-10,2026-01-18,WH-C,Carrier-3,South,28.8,24.16,Critical
496,2024-12-17,2024-12-19,2024-12-25,WH-B,Carrier-1,North,10.9,71.76,Standard
497,2025-05-29,2025-06-02,2025-06-02,WH-D,Carrier-2,North,38.5,116.88,Express
498,2025-02-15,2025-02-19,2025-02-25,WH-A,Carrier-2,West,15.7,111.91,Critical
499,2024-12-29,2025-01-05,2025-01-09,WH-B,Carrier-3,South,52.9,32.91,Critical
500,2024-07-20,2024-07-22,2024-07-21,WH-B,Carrier-2,West,73.0,110.0,Standard
501,2025-11-10,2025-11-18,2025-11-24,WH-B,Carrier-3,South,11.8,231.24,Express
502,2024-03-10,2024-03-18,2024-03-26,WH-A,Carrier-1,East,57.9,110.05,Critical
503,2024-10-15,2024-10-23,2024-10-30,WH-B,Carrier-2,West,55.2,208.73,Standard
504,2024-12-12,2024-12-19,2024-12-24,WH-C,Carrier-3,East,74.4,213.8,Standard
505,2024-10-05,2024-10-12,2024-10-19,WH-B,Carrier-2,North,34.9,100.37,Standard
506,2024-03-10,2024-03-13,2024-03-12,WH-D,Carrier-1,East,44.6,39.85,Standard
507,2026-06-30,2026-07-06,2026-07-04,WH-A,Carrier-1,West,37.9,139.56,Critical
508,2026-06-20,2026-06-22,2026-06-25,WH-A,Carrier-1,West,52.7,49.46,Critical
509,2024-09-23,2024-10-01,2024-10-03,WH-B,Carrier-3,North,56.1,47.72,Standard
510,2025-06-10,2025-06-12,2025-06-12,WH-A,Carrier-1,South,25.5,111.75,Express
511,2025-02-18,2025-02-24,2025-03-02,WH-A,Carrier-3,East,23.8,174.16,Critical
512,2025-12-12,2025-12-20,2025-12-22,WH-B,Carrier-2,North,24.1,24.02,Critical
513,2026-06-03,2026-06-08,2026-06-12,WH-C,Carrier-1,North,61.7,4.45,Standard
514,2024-08-21,2024-08-28,2024-08-26,WH-B,Carrier-3,South,12.3,147.78,Express
515,2024-05-11,2024-05-17,2024-05-18,WH-C,Carrier-2,North,41.9,35.18,Standard
516,2025-12-16,2025-12-21,2025-12-22,WH-D,Carrier-1,West,24.8,34.01,Standard
517,2025-05-18,2025-05-25,2025-05-31,WH-C,Carrier-2,North,75.0,80.41,Standard
518,2025-12-16,2025-12-18,2025-12-23,WH-C,Carrier-1,West,64.7,88.34,Standard
519,2026-06-15,2026-06-19,2026-06-19,WH-B,Carrier-2,South,27.1,8.12,Standard
520,2024-03-06,2024-03-13,2024-03-19,WH-D,Carrier-2,West,49.4,122.32,Standard
521,2026-06-18,2026-06-26,2026-07-03,WH-B,Carrier-1,South,25.1,223.27,Critical
522,2026-08-10,2026-08-12,2026-08-18,WH-D,Carrier-1,West,25.5,45.21,Express
523,2026-08-26,2026-08-30,2026-09-06,WH-C,Carrier-1,East,75.1,154.07,Critical
524,2026-02-27,2026-03-02,2026-03-04,WH-A,Carrier-2,North,65.1,76.79,Critical
525,2024-07-05,2024-07-08,2024-07-15,WH-B,Carrier-1,East,67.5,76.21,Critical
526,2025-11-22,2025-11-30,2025-12-04,WH-B,Carrier-1,East,20.0,11.46,Express
527,2025-11-20,2025-11-28,2025-12-02,WH-A,Carrier-2,South,58.6,237.58,Critical
528,2024-09-26,2024-09-29,2024-10-07,WH-A,Carrier-1,East,19.7,62.71,Standard
529,2026-02-08,2026-02-10,2026-02-16,WH-B,Carrier-3,East,57.3,182.58,Express
530,2025-04-17,2025-04-21,,WH-A,Carrier-3,East,20.4,183.44,Critical
531,2024-07-16,2024-07-21,2024-07-28,WH-C,Carrier-2,South,52.1,179.35,Critical
532,2024-11-22,2024-11-28,2024-11-30,WH-A,Carrier-2,West,59.7,186.29,Express
533,2024-04-24,2024-05-02,2024-05-03,WH-D,Carrier-2,East,11.2,218.56,Express
534,2024-08-02,2024-08-07,2024-08-14,WH-C,Carrier-3,West,19.6,204.31,Express
535,2024-11-20,2024-11-25,,WH-D,Carrier-3,South,13.5,199.73,Express
536,2024-01-07,2024-01-14,2024-01-15,WH-C,Carrier-1,North,43.3,167.92,Express
537,2024-05-17,2024-05-20,2024-05-25,WH-B,Carrier-2,South,13.0,73.48,Standard
538,2025-11-06,2025-11-08,2025-11-15,WH-D,Carrier-3,North,14.1,97.8,Standard
539,2026-06-04,2026-06-06,2026-06-12,WH-C,Carrier-1,West,74.8,223.79,Critical
540,2025-12-29,2026-01-05,2026-01-10,WH-B,Carrier-2,East,60.5,192.99,Critical
541,2024-07-22,2024-07-28,2024-07-29,WH-B,Carrier-3,East,48.7,174.41,Express
542,2024-12-13,2024-12-20,2024-12-27,WH-A,Carrier-2,East,32.3,186.38,Critical
543,2024-07-08,2024-07-15,2024-07-14,WH-A,Carrier-3,West,34.6,124.77,Express
544,2024-06-01,2024-06-06,2024-06-05,WH-D,Carrier-1,North,70.2,200.78,Standard
545,2025-11-26,2025-12-02,2025-12-02,WH-D,Carrier-1,South,49.4,110.56,Express
546,2024-11-29,2024-12-04,2024-12-07,WH-D,Carrier-2,North,14.5,59.26,Critical
547,2024-10-08,2024-10-12,2024-10-18,WH-C,Carrier-3,West,6.4,234.04,Express
548,2025-12-19,2025-12-22,2025-12-25,WH-B,Carrier-3,North,76.4,58.13,Critical
549,2025-02-07,2025-02-09,2025-02-14,WH-D,Carrier-2,East,6.5,118.11,Critical
550,2024-08-12,2024-08-17,2024-08-17,WH-B,Carrier-1,South,30.6,221.86,Express
551,2025-11-27,2025-12-03,2025-12-08,WH-D,Carrier-3,East,12.9,100.93,Critical
552,2026-07-23,2026-07-25,2026-08-01,WH-A,Carrier-3,South,71.5,178.0,Standard
553,2025-03-05,2025-03-07,2025-03-11,WH-C,Carrier-1,West,29.3,147.51,Critical
554,2024-06-12,2024-06-15,2024-06-16,WH-B,Carrier-3,East,19.2,149.9,Express
555,2026-01-20,2026-01-24,2026-01-24,WH-B,Carrier-2,West,52.6,188.94,Standard
556,2025-02-10,2025-02-12,2025-02-18,WH-C,Carrier-2,North,29.6,148.27,Express
557,2024-02-20,2024-02-23,2024-02-27,WH-A,Carrier-3,West,76.8,91.44,Express
558,2024-09-05,2024-09-11,2024-09-11,WH-A,Carrier-2,North,53.6,7.1,Standard
559,2026-08-11,2026-08-14,2026-08-22,WH-D,Carrier-3,West,73.3,222.6,Critical
560,2025-09-28,2025-10-06,2025-10-11,WH-C,Carrier-2,East,14.9,74.14,Standard
561,2026-03-22,2026-03-24,2026-03-31,WH-B,Carrier-3,West,58.0,13.19,Critical
562,2025-09-17,2025-09-22,2025-09-23,WH-B,Carrier-2,North,78.3,94.23,Critical
563,2026-02-20,2026-02-28,2026-03-06,WH-D,Carrier-1,East,62.5,6.1,Express
564,2025-04-07,2025-04-11,2025-04-14,WH-B,Carrier-3,East,30.0,58.57,Standard
565,2024-12-10,2024-12-18,2024-12-23,WH-B,Carrier-1,North,27.0,123.32,Express
566,2025-07-07,2025-07-12,2025-07-19,WH-A,Carrier-1,South,51.2,11.25,Critical
567,2025-09-04,2025-09-12,2025-09-13,WH-D,Carrier-2,East,54.9,236.34,Standard
568,2024-01-05,2024-01-13,2024-01-16,WH-A,Carrier-1,South,0.9,48.84,Express
569,2025-09-04,2025-09-12,2025-09-20,WH-A,Carrier-1,West,35.5,52.13,Critical
570,2025-05-31,2025-06-08,2025-06-16,WH-A,Carrier-2,North,41.5,47.93,Standard
571,2025-07-07,2025-07-12,2025-07-15,WH-A,Carrier-2,North,35.7,25.34,Express
572,2026-08-16,2026-08-22,2026-08-29,WH-B,Carrier-2,South,55.9,81.99,Critical
573,2024-11-12,2024-11-20,2024-11-21,WH-B,Carrier-3,South,49.4,202.04,Express
574,2026-07-08,2026-07-11,2026-07-19,WH-D,Carrier-2,East,5.9,75.98,Express
575,2025-07-16,2025-07-20,2025-07-18,WH-C,Carrier-3,South,32.3,142.76,Standard
576,2025-11-12,2025-11-16,2025-11-15,WH-B,Carrier-1,East,20.0,177.29,Express
577,2024-10-17,2024-10-24,2024-10-30,WH-A,Carrier-3,East,0.8,181.55,Standard
578,2024-08-29,2024-09-05,2024-09-12,WH-A,Carrier-1,South,12.0,167.19,Standard
579,2025-11-06,2025-11-11,2025-11-12,WH-A,Carrier-1,North,27.6,105.83,Express
580,2024-11-21,2024-11-28,2024-12-06,WH-B,Carrier-3,East,65.2,45.49,Critical
581,2024-06-10,2024-06-15,2024-06-18,WH-C,Carrier-2,North,22.2,35.99,Standard
582,2026-02-17,2026-02-22,2026-02-21,WH-B,Carrier-3,South,18.0,96.98,Express
583,2026-07-05,2026-07-11,2026-07-15,WH-C,Carrier-2,South,8.3,127.51,Express
584,2025-04-22,2025-04-25,2025-04-23,WH-A,Carrier-3,East,7.6,57.13,Standard
585,2025-06-14,2025-06-18,2025-06-20,WH-D,Carrier-3,North,48.3,110.26,Express
586,2026-06-11,2026-06-17,2026-06-17,WH-C,Carrier-1,North,67.9,84.01,Standard
587,2024-07-20,2024-07-27,2024-08-01,WH-D,Carrier-1,South,13.1,74.91,Critical
588,2024-01-01,2024-01-09,2024-01-14,WH-A,Carrier-1,West,8.7,194.03,Critical
589,2024-09-04,2024-09-12,2024-09-20,WH-C,Carrier-2,North,68.5,58.17,Standard
590,2025-04-12,2025-04-18,2025-04-16,WH-C,Carrier-1,South,35.6,126.39,Critical
591,2025-01-23,2025-01-29,2025-02-04,WH-C,Carrier-3,South,45.3,132.55,Standard
592,2024-08-05,2024-08-13,2024-08-15,WH-A,Carrier-3,North,16.4,27.16,Express
593,2024-06-07,2024-06-10,2024-06-16,WH-B,Carrier-3,North,25.3,204.17,Standard
594,2024-04-04,2024-04-12,2024-04-16,WH-D,Carrier-2,West,55.2,10.97,Standard
595,2025-03-29,2025-04-01,2025-03-30,WH-D,Carrier-2,West,12.6,123.48,Standard
596,2024-03-23,2024-03-29,2024-03-30,WH-C,Carrier-2,North,9.8,126.26,Standard
597,2026-07-28,2026-08-01,2026-08-06,WH-A,Carrier-2,South,57.7,21.53,Standard
598,2025-10-29,2025-11-02,2025-11-01,WH-D,Carrier-1,East,75.0,106.59,Standard
599,2025-03-10,2025-03-17,2025-03-21,WH-D,Carrier-3,South,44.2,148.52,Express
600,2024-09-21,2024-09-23,2024-09-22,WH-B,Carrier-3,South,21.2,13.66,Critical
601,2024-06-23,2024-06-29,2024-07-05,WH-D,Carrier-2,West,43.9,89.02,Standard
602,2026-03-06,2026-03-13,2026-03-19,WH-A,Carrier-1,North,32.9,43.62,Standard
603,2024-08-30,2024-09-05,2024-09-07,WH-A,Carrier-2,West,46.1,98.79,Standard
604,2024-09-15,2024-09-18,2024-09-25,WH-C,Carrier-1,South,7.3,43.53,Express
605,2025-06-03,2025-06-05,2025-06-07,WH-A,Carrier-1,South,7.6,5.49,Standard
606,2026-01-15,2026-01-19,2026-01-21,WH-C,Carrier-3,North,12.3,111.7,Critical
607,2024-08-06,2024-08-12,2024-08-17,WH-C,Carrier-1,South,15.4,213.57,Critical
608,2026-01-13,2026-01-18,2026-01-24,WH-A,Carrier-3,West,58.4,143.05,Express
609,2024-12-13,2024-12-16,2024-12-15,WH-B,Carrier-2,North,9.9,202.79,Critical
610,2024-08-08,2024-08-14,2024-08-15,WH-A,Carrier-1,East,15.2,144.48,Express
611,2024-11-21,2024-11-26,2024-11-24,WH-D,Carrier-3,North,69.6,175.26,Express
612,2026-02-27,2026-03-05,2026-03-12,WH-A,Carrier-2,East,37.2,155.65,Critical
613,2024-01-21,2024-01-27,2024-02-01,WH-B,Carrier-1,North,28.5,227.5,Express
614,2026-02-01,2026-02-08,,WH-B,Carrier-1,South,17.3,206.21,Standard
615,2025-12-17,2025-12-22,2025-12-22,WH-A,Carrier-3,South,20.9,194.26,Critical
616,2025-03-30,2025-04-01,2025-04-03,WH-A,Carrier-2,North,5.8,55.76,Express
617,2026-04-05,2026-04-11,2026-04-19,WH-C,Carrier-3,North,0.5,161.91,Express
618,2025-12-13,2025-12-15,2025-12-23,WH-D,Carrier-1,East,36.7,56.69,Standard
619,2025-11-13,2025-11-16,,WH-D,Carrier-3,West,72.3,85.65,Express
620,2024-09-19,2024-09-25,2024-09-30,WH-A,Carrier-2,East,27.0,58.8,Standard
621,2025-05-23,2025-05-29,2025-06-04,WH-C,Carrier-3,North,15.4,108.04,Standard
622,2025-05-21,2025-05-24,2025-05-26,WH-D,Carrier-3,West,19.3,85.53,Standard
623,2025-02-07,2025-02-11,2025-02-15,WH-B,Carrier-2,North,24.3,131.61,Standard
624,2026-03-21,2026-03-23,2026-03-24,WH-C,Carrier-2,West,16.0,58.9,Critical
625,2024-08-06,2024-08-10,2024-08-08,WH-B,Carrier-3,North,54.7,119.94,Critical
626,2025-10-16,2025-10-22,2025-10-28,WH-B,Carrier-2,East,4.2,8.89,Express
627,2024-04-30,2024-05-03,2024-05-05,WH-B,Carrier-2,West,44.9,37.68,Standard
628,2025-08-26,2025-08-28,2025-09-03,WH-C,Carrier-3,West,44.2,163.41,Critical
629,2025-12-27,2026-01-01,2025-12-31,WH-A,Carrier-2,West,63.2,111.18,Critical
630,2025-03-16,2025-03-20,,WH-C,Carrier-1,South,18.5,31.72,Standard
631,2024-10-30,2024-11-07,2024-11-09,WH-C,Carrier-3,East,28.0,90.2,Critical
632,2026-01-11,2026-01-17,2026-01-25,WH-C,Carrier-1,East,7.3,89.9,Express
633,2025-01-24,2025-01-26,2025-01-31,WH-C,Carrier-1,North,15.3,187.06,Standard
634,2026-06-29,2026-07-03,2026-07-01,WH-A,Carrier-1,East,27.0,183.05,Critical
635,2026-03-25,2026-03-29,2026-04-06,WH-A,Carrier-2,West,28.8,157.29,Express
636,2025-03-10,2025-03-18,2025-03-23,WH-A,Carrier-2,North,67.4,42.75,Standard
637,2025-05-28,2025-05-30,2025-06-01,WH-C,Carrier-1,South,40.1,232.69,Critical
638,2024-05-22,2024-05-28,2024-05-30,WH-A,Carrier-2,West,31.6,29.03,Critical
639,2024-02-08,2024-02-10,2024-02-09,WH-C,Carrier-3,North,46.0,7.57,Critical
640,2024-09-12,2024-09-16,2024-09-21,WH-D,Carrier-1,East,66.0,106.59,Standard
641,2025-09-24,2025-09-30,2025-10-01,WH-B,Carrier-1,East,71.5,55.08,Express
642,2024-05-31,2024-06-04,2024-06-02,WH-B,Carrier-2,North,16.3,100.56,Express
643,2024-02-08,2024-02-14,2024-02-21,WH-B,Carrier-2,North,41.7,83.67,Standard
644,2024-01-11,2024-01-18,2024-01-16,WH-C,Carrier-1,North,48.2,229.03,Express
645,2025-11-03,2025-11-06,2025-11-04,WH-A,Carrier-1,East,21.4,101.77,Standard
646,2025-04-04,2025-04-09,2025-04-10,WH-C,Carrier-2,South,44.4,193.8,Express
647,2025-09-07,2025-09-09,2025-09-07,WH-C,Carrier-2,East,16.3,133.37,Express
648,2024-03-18,2024-03-22,2024-03-28,WH-A,Carrier-2,North,52.8,176.3,Standard
649,2026-03-02,2026-03-08,2026-03-09,WH-C,Carrier-3,North,38.2,71.46,Standard
650,2024-01-17,2024-01-23,2024-01-31,WH-C,Carrier-1,West,70.1,7.24,Standard
651,2025-01-16,2025-01-18,,WH-B,Carrier-2,West,70.8,43.93,Critical
652,2026-08-06,2026-08-13,2026-08-16,WH-D,Carrier-2,West,29.5,164.23,Critical
653,2025-03-22,2025-03-28,2025-03-29,WH-C,Carrier-1,East,8.0,87.71,Express
654,2026-04-22,2026-04-30,2026-04-29,WH-B,Carrier-2,North,60.7,129.33,Standard
655,2025-01-05,2025-01-12,2025-01-10,WH-D,Carrier-3,West,63.1,132.48,Standard
656,2024-12-20,2024-12-27,2024-12-28,WH-A,Carrier-3,South,69.4,61.42,Express
657,2026-03-10,2026-03-12,,WH-A,Carrier-1,West,22.4,170.54,Standard
658,2026-02-11,2026-02-14,2026-02-22,WH-B,Carrier-3,North,51.7,221.18,Standard
659,2024-09-07,2024-09-11,2024-09-12,WH-C,Carrier-2,South,33.1,214.49,Critical
660,2024-11-29,2024-12-03,2024-12-08,WH-C,Carrier-1,East,58.9,109.24,Critical
661,2025-06-07,2025-06-14,2025-06-13,WH-D,Carrier-3,South,38.2,123.16,Critical
662,2025-07-04,2025-07-12,2025-07-13,WH-A,Carrier-3,West,53.1,223.93,Standard
663,2025-12-08,2025-12-16,2025-12-17,WH-C,Carrier-3,South,25.4,153.45,Express
664,2024-02-25,2024-02-27,2024-02-28,WH-B,Carrier-2,East,15.5,153.29,Express
665,2024-10-14,2024-10-18,2024-10-23,WH-C,Carrier-1,East,34.0,16.07,Standard
666,2025-08-03,2025-08-06,2025-08-08,WH-B,Carrier-1,East,28.7,137.44,Express
667,2026-08-25,2026-09-02,2026-09-05,WH-A,Carrier-2,South,2.4,81.07,Critical
668,2026-01-27,2026-02-01,2026-02-05,WH-A,Carrier-3,North,15.1,12.18,Standard
669,2025-06-22,2025-06-27,2025-06-28,WH-C,Carrier-2,North,60.8,102.54,Express
670,2026-02-23,2026-03-03,2026-03-06,WH-A,Carrier-1,West,43.8,234.44,Express
671,2025-02-10,2025-02-18,2025-02-25,WH-C,Carrier-2,North,72.9,230.35,Standard
672,2026-02-22,2026-02-27,2026-03-03,WH-A,Carrier-2,South,50.1,176.06,Standard
673,2024-07-28,2024-07-31,,WH-D,Carrier-3,South,12.5,17.8,Standard
674,2025-02-13,2025-02-15,2025-02-23,WH-D,Carrier-3,South,15.3,86.36,Standard
675,2025-09-06,2025-09-09,2025-09-08,WH-D,Carrier-2,South,68.0,78.46,Express
676,2024-03-11,2024-03-18,2024-03-20,WH-D,Carrier-1,West,2.5,75.08,Critical
677,2026-07-20,2026-07-23,2026-07-28,WH-C,Carrier-3,North,63.7,94.35,Standard
678,2024-07-04,2024-07-12,2024-07-17,WH-B,Carrier-1,North,54.9,18.72,Express
679,2024-11-21,2024-11-24,2024-11-22,WH-C,Carrier-3,South,54.6,26.78,Standard
680,2025-05-21,2025-05-24,2025-05-29,WH-B,Carrier-1,South,13.3,128.89,Standard
681,2026-05-25,2026-05-29,2026-05-30,WH-B,Carrier-2,East,54.4,213.98,Standard
682,2024-02-26,2024-03-05,2024-03-08,WH-B,Carrier-1,North,34.4,120.05,Standard
683,2024-08-16,2024-08-21,2024-08-26,WH-D,Carrier-3,West,36.9,28.14,Standard
684,2024-01-24,2024-02-01,2024-01-31,WH-A,Carrier-1,South,32.4,9.23,Express
685,2025-08-06,2025-08-10,2025-08-09,WH-D,Carrier-2,South,33.9,16.72,Standard
686,2025-07-03,2025-07-11,2025-07-18,WH-A,Carrier-3,West,47.0,220.68,Standard
687,2025-08-09,2025-08-11,2025-08-18,WH-B,Carrier-1,West,39.3,24.49,Express
688,2024-08-13,2024-08-21,2024-08-24,WH-A,Carrier-3,East,26.6,157.81,Express
689,2024-08-06,2024-08-08,2024-08-15,WH-B,Carrier-3,South,39.8,181.01,Express
690,2024-10-19,2024-10-21,2024-10-23,WH-B,Carrier-3,North,52.3,56.36,Express
691,2025-05-22,2025-05-30,2025-05-31,WH-C,Carrier-2,West,0.2,209.7,Standard
692,2024-06-01,2024-06-09,2024-06-16,WH-C,Carrier-3,East,39.7,193.79,Standard
693,2026-07-12,2026-07-20,2026-07-18,WH-B,Carrier-1,East,20.5,10.91,Standard
694,2024-07-12,2024-07-16,2024-07-24,WH-C,Carrier-3,South,1.6,238.94,Critical
695,2026-06-08,2026-06-13,2026-06-18,WH-A,Carrier-2,South,72.9,83.58,Standard
696,2024-04-02,2024-04-04,2024-04-06,WH-C,Carrier-3,West,44.3,35.58,Critical
697,2024-03-17,2024-03-21,2024-03-23,WH-A,Carrier-3,West,25.3,69.53,Express
698,2026-03-20,2026-03-26,2026-03-26,WH-A,Carrier-1,South,43.5,101.82,Critical
699,2025-03-25,2025-03-28,2025-04-05,WH-D,Carrier-2,South,33.3,199.78,Standard
700,2024-02-04,2024-02-10,2024-02-15,WH-C,Carrier-2,North,4.4,229.02,Express
701,2025-01-26,2025-02-03,2025-02-05,WH-C,Carrier-1,East,10.2,185.57,Standard
702,2025-07-02,2025-07-07,,WH-C,Carrier-2,South,23.7,125.63,Critical
703,2025-07-02,2025-07-09,,WH-A,Carrier-1,East,2.9,164.46,Standard
704,2024-07-30,2024-08-06,2024-08-05,WH-B,Carrier-1,East,67.8,76.19,Critical
705,2024-06-11,2024-06-15,2024-06-20,WH-C,Carrier-3,West,79.8,94.43,Express
706,2026-03-28,2026-04-03,2026-04-01,WH-A,Carrier-1,North,47.8,46.81,Critical
707,2024-04-17,2024-04-23,2024-04-21,WH-C,Carrier-2,North,34.8,162.71,Express
708,2025-03-14,2025-03-20,2025-03-28,WH-D,Carrier-1,North,12.8,42.0,Standard
709,2025-03-10,2025-03-12,2025-03-16,WH-C,Carrier-1,East,60.7,134.47,Express
710,2024-05-13,2024-05-19,,WH-B,Carrier-1,South,35.8,76.11,Express
711,2024-05-25,2024-05-27,2024-06-03,WH-A,Carrier-1,West,25.4,75.98,Standard
712,2025-05-12,2025-05-16,2025-05-18,WH-C,Carrier-2,South,42.8,236.32,Critical
713,2024-04-20,2024-04-23,2024-04-21,WH-A,Carrier-2,South,47.6,206.55,Express
714,2025-07-24,2025-07-27,2025-07-28,WH-B,Carrier-2,West,30.2,188.53,Standard
715,2024-12-02,2024-12-05,2024-12-05,WH-D,Carrier-1,North,79.4,227.07,Standard
716,2024-03-03,2024-03-06,2024-03-14,WH-A,Carrier-1,South,7.8,120.59,Critical
717,2024-03-17,2024-03-23,2024-03-30,WH-D,Carrier-2,South,62.9,233.61,Standard
718,2024-11-23,2024-11-25,2024-11-27,WH-C,Carrier-1,North,37.8,143.46,Critical
719,2026-07-10,2026-07-16,2026-07-20,WH-C,Carrier-1,West,28.1,131.22,Critical
720,2026-08-03,2026-08-08,2026-08-09,WH-A,Carrier-3,North,60.8,45.81,Critical
721,2025-12-05,2025-12-08,2025-12-13,WH-D,Carrier-3,West,50.0,67.88,Express
722,2024-02-23,2024-02-27,2024-03-05,WH-C,Carrier-2,West,61.3,226.88,Critical
723,2025-11-10,2025-11-13,2025-11-20,WH-A,Carrier-2,North,15.9,73.19,Express
724,2025-04-11,2025-04-17,,WH-A,Carrier-3,North,21.7,201.67,Standard
725,2024-03-25,2024-04-01,2024-04-01,WH-C,Carrier-2,West,67.0,124.47,Standard
726,2024-04-10,2024-04-14,2024-04-21,WH-D,Carrier-3,North,19.7,34.89,Critical
727,2024-10-21,2024-10-26,2024-10-26,WH-B,Carrier-2,East,79.5,229.67,Critical
728,2024-09-08,2024-09-13,2024-09-15,WH-A,Carrier-1,East,8.5,50.39,Critical
729,2026-08-22,2026-08-24,2026-08-30,WH-B,Carrier-3,West,52.2,235.03,Express
730,2026-05-21,2026-05-29,2026-06-04,WH-B,Carrier-1,South,4.5,216.76,Critical
731,2026-05-29,2026-06-02,2026-06-02,WH-C,Carrier-1,East,51.6,26.51,Express
732,2025-04-09,2025-04-13,2025-04-11,WH-C,Carrier-3,North,51.8,35.17,Express
733,2024-11-10,2024-11-14,2024-11-15,WH-B,Carrier-2,South,42.8,154.47,Critical
734,2024-04-08,2024-04-13,2024-04-21,WH-A,Carrier-1,East,71.6,138.97,Express
735,2024-07-11,2024-07-19,2024-07-22,WH-C,Carrier-1,North,62.6,96.77,Standard
736,2025-12-05,2025-12-13,2025-12-12,WH-D,Carrier-3,West,9.2,148.05,Standard
737,2025-12-06,2025-12-14,2025-12-16,WH-C,Carrier-2,West,44.5,67.75,Standard
738,2025-05-22,2025-05-30,2025-06-02,WH-C,Carrier-2,West,29.1,90.34,Standard
739,2024-10-22,2024-10-29,,WH-B,Carrier-1,West,26.6,160.03,Standard
740,2024-12-08,2024-12-11,2024-12-10,WH-B,Carrier-1,East,8.2,230.64,Critical
741,2026-05-25,2026-05-31,2026-06-08,WH-B,Carrier-3,East,14.7,125.94,Critical
742,2026-03-08,2026-03-11,2026-03-09,WH-B,Carrier-3,East,4.3,140.32,Standard
743,2024-06-07,2024-06-12,2024-06-13,WH-D,Carrier-1,North,18.1,116.25,Critical
744,2025-01-19,2025-01-22,2025-01-21,WH-D,Carrier-2,South,78.2,200.24,Standard
745,2024-01-22,2024-01-30,2024-01-30,WH-A,Carrier-1,East,71.2,118.94,Critical
746,2024-04-06,2024-04-09,2024-04-10,WH-D,Carrier-3,South,6.6,162.85,Express
747,2025-02-20,2025-02-25,2025-03-02,WH-D,Carrier-3,West,24.3,36.4,Critical
748,2026-06-04,2026-06-09,2026-06-09,WH-B,Carrier-2,West,78.3,237.58,Critical
749,2024-08-05,2024-08-10,2024-08-09,WH-A,Carrier-2,East,44.2,221.19,Critical
750,2024-06-26,2024-07-03,2024-07-11,WH-B,Carrier-3,North,42.2,77.78,Critical
751,2026-01-22,2026-01-29,2026-02-02,WH-A,Carrier-2,South,20.2,209.52,Standard
752,2024-07-15,2024-07-20,2024-07-24,WH-D,Carrier-3,West,38.8,119.52,Standard
753,2025-08-26,2025-08-29,2025-08-30,WH-D,Carrier-3,East,76.5,83.88,Critical
754,2024-02-09,2024-02-17,,WH-D,Carrier-2,South,70.6,110.52,Standard
755,2026-02-03,2026-02-05,2026-02-11,WH-A,Carrier-2,North,52.5,6.97,Express
756,2024-01-17,2024-01-20,2024-01-24,WH-C,Carrier-1,East,14.8,29.25,Express
757,2026-02-12,2026-02-16,2026-02-24,WH-B,Carrier-1,West,45.3,177.63,Critical
758,2025-02-08,2025-02-12,2025-02-20,WH-C,Carrier-2,North,46.7,116.15,Standard
759,2026-01-27,2026-01-29,2026-01-29,WH-C,Carrier-3,East,65.3,63.45,Standard
760,2026-01-16,2026-01-20,2026-01-27,WH-D,Carrier-3,South,38.3,136.21,Standard
761,2024-02-25,2024-02-29,2024-03-08,WH-A,Carrier-3,South,57.9,226.28,Express
762,2024-04-08,2024-04-15,2024-04-21,WH-B,Carrier-2,North,16.0,94.14,Critical
763,2024-04-13,2024-04-21,2024-04-27,WH-D,Carrier-2,West,43.9,15.17,Critical
764,2024-07-17,2024-07-25,2024-07-28,WH-A,Carrier-2,East,70.6,5.24,Critical
765,2025-05-25,2025-05-31,2025-05-30,WH-A,Carrier-2,North,67.3,50.75,Critical
766,2025-08-14,2025-08-22,2025-08-27,WH-D,Carrier-1,South,72.4,93.98,Critical
767,2024-12-24,2024-12-31,2025-01-02,WH-D,Carrier-1,East,42.0,229.16,Express
768,2024-08-03,2024-08-11,,WH-A,Carrier-3,South,75.7,94.88,Critical
769,2025-12-17,2025-12-25,2025-12-28,WH-D,Carrier-3,East,40.8,117.1,Express
770,2026-07-17,2026-07-19,2026-07-26,WH-B,Carrier-1,South,7.2,80.42,Express
771,2024-08-05,2024-08-10,2024-08-12,WH-D,Carrier-3,East,78.4,56.03,Standard
772,2024-10-06,2024-10-13,2024-10-12,WH-A,Carrier-1,West,41.2,67.65,Express
773,2025-01-25,2025-01-27,2025-02-03,WH-A,Carrier-1,West,59.1,68.15,Critical
774,2025-05-02,2025-05-08,2025-05-11,WH-D,Carrier-3,West,62.6,156.32,Standard
775,2024-10-07,2024-10-14,2024-10-13,WH-B,Carrier-2,West,32.6,197.55,Express
776,2026-05-09,2026-05-11,2026-05-12,WH-D,Carrier-2,East,21.9,72.93,Critical
777,2026-04-13,2026-04-15,2026-04-15,WH-B,Carrier-1,West,62.8,187.93,Express
778,2026-07-07,2026-07-13,2026-07-18,WH-B,Carrier-3,South,64.0,78.89,Standard
779,2026-06-09,2026-06-11,2026-06-19,WH-C,Carrier-2,North,39.3,113.85,Standard
780,2025-12-30,2026-01-06,2026-01-09,WH-B,Carrier-2,East,56.4,65.42,Standard
781,2026-06-17,2026-06-21,2026-06-27,WH-C,Carrier-3,East,26.6,52.54,Standard
782,2025-10-17,2025-10-23,2025-10-23,WH-B,Carrier-2,East,46.8,235.43,Standard
783,2024-04-01,2024-04-08,2024-04-15,WH-C,Carrier-3,West,36.8,139.59,Critical
784,2024-09-25,2024-09-28,2024-10-03,WH-B,Carrier-1,East,36.3,5.0,Standard
785,2025-05-04,2025-05-09,,WH-C,Carrier-3,East,57.3,120.29,Standard
786,2024-01-31,2024-02-03,2024-02-10,WH-C,Carrier-2,North,0.7,73.04,Express
787,2026-07-20,2026-07-27,2026-07-28,WH-C,Carrier-2,West,0.5,90.51,Express
788,2025-11-17,2025-11-19,2025-11-23,WH-A,Carrier-3,East,11.2,43.01,Critical
789,2026-06-04,2026-06-09,2026-06-10,WH-C,Carrier-1,South,15.5,237.39,Standard
790,2025-08-07,2025-08-10,,WH-D,Carrier-2,South,6.2,58.65,Critical
791,2025-08-25,2025-08-29,2025-08-27,WH-D,Carrier-3,East,4.1,216.28,Critical
792,2026-01-07,2026-01-09,2026-01-17,WH-B,Carrier-2,North,62.6,29.94,Express
793,2025-07-27,2025-08-04,2025-08-10,WH-C,Carrier-1,North,70.0,167.37,Express
794,2025-06-27,2025-06-30,2025-07-01,WH-D,Carrier-3,East,24.9,152.45,Critical
795,2024-05-08,2024-05-15,2024-05-14,WH-A,Carrier-1,South,34.6,83.79,Express
796,2025-01-20,2025-01-27,2025-02-03,WH-C,Carrier-2,West,11.2,146.12,Standard
797,2025-09-02,2025-09-07,2025-09-05,WH-D,Carrier-3,North,37.7,178.9,Express
798,2025-08-21,2025-08-27,2025-09-01,WH-A,Carrier-1,West,14.7,152.92,Critical
799,2025-01-27,2025-01-29,2025-02-01,WH-C,Carrier-3,North,60.3,64.18,Standard
800,2026-05-18,2026-05-24,2026-06-01,WH-D,Carrier-1,North,15.8,78.56,Standard
801,2026-07-10,2026-07-12,2026-07-17,WH-A,Carrier-3,North,68.8,70.2,Standard
802,2024-08-01,2024-08-07,2024-08-05,WH-A,Carrier-2,North,23.9,134.25,Express
803,2024-09-09,2024-09-17,2024-09-17,WH-C,Carrier-1,West,13.0,111.84,Express
804,2024-01-03,2024-01-08,2024-01-16,WH-A,Carrier-2,South,63.1,93.85,Critical
805,2025-09-01,2025-09-03,2025-09-06,WH-C,Carrier-2,West,7.2,17.5,Standard
806,2026-07-13,2026-07-19,2026-07-25,WH-B,Carrier-2,South,16.3,160.79,Express
807,2024-11-05,2024-11-08,2024-11-16,WH-D,Carrier-2,West,78.6,106.15,Express
808,2024-03-17,2024-03-23,2024-03-31,WH-D,Carrier-3,South,18.1,218.39,Critical
809,2025-04-13,2025-04-17,2025-04-17,WH-C,Carrier-1,West,48.9,27.49,Critical
810,2026-08-04,2026-08-09,2026-08-13,WH-A,Carrier-1,North,31.1,149.86,Express
811,2025-10-15,2025-10-22,2025-10-29,WH-D,Carrier-3,West,63.3,170.0,Express
812,2024-05-27,2024-06-04,2024-06-05,WH-A,Carrier-1,West,77.0,82.29,Express
813,2024-05-22,2024-05-29,2024-06-04,WH-C,Carrier-2,North,21.1,93.2,Critical
814,2025-08-02,2025-08-07,2025-08-15,WH-A,Carrier-2,South,30.4,83.9,Standard
815,2026-08-03,2026-08-09,2026-08-12,WH-B,Carrier-3,North,59.2,42.82,Critical
816,2024-04-01,2024-04-09,2024-04-13,WH-D,Carrier-3,West,32.8,121.34,Express
817,2024-01-29,2024-02-06,2024-02-12,WH-D,Carrier-3,West,60.9,149.09,Standard
818,2024-05-10,2024-05-13,2024-05-18,WH-B,Carrier-1,East,37.7,109.83,Express
819,2024-09-16,2024-09-23,,WH-C,Carrier-3,East,67.6,140.84,Critical
820,2025-07-18,2025-07-24,2025-07-25,WH-B,Carrier-2,North,45.3,189.2,Express
821,2025-10-15,2025-10-17,2025-10-18,WH-A,Carrier-3,East,62.9,119.76,Standard
822,2025-11-19,2025-11-22,2025-11-27,WH-C,Carrier-2,West,9.4,182.13,Standard
823,2024-08-01,2024-08-09,,WH-C,Carrier-3,South,44.8,107.31,Express
824,2025-11-11,2025-11-17,2025-11-15,WH-C,Carrier-1,West,50.0,224.55,Critical
825,2026-06-05,2026-06-13,2026-06-18,WH-D,Carrier-3,South,45.6,222.98,Critical
826,2024-06-22,2024-06-25,2024-06-25,WH-B,Carrier-1,North,49.1,171.17,Critical
827,2024-10-10,2024-10-12,2024-10-11,WH-B,Carrier-2,East,30.1,200.27,Critical
828,2026-06-16,2026-06-22,,WH-C,Carrier-3,South,15.2,147.08,Express
829,2025-05-14,2025-05-16,2025-05-21,WH-A,Carrier-1,South,36.2,131.36,Critical
830,2026-05-02,2026-05-07,2026-05-07,WH-A,Carrier-2,South,39.7,214.97,Express
831,2025-02-04,2025-02-12,2025-02-12,WH-A,Carrier-1,East,37.0,44.94,Express
832,2025-05-11,2025-05-15,2025-05-18,WH-B,Carrier-3,South,75.3,184.57,Critical
833,2024-04-24,2024-04-26,2024-05-04,WH-D,Carrier-2,East,72.6,140.49,Express
834,2025-05-04,2025-05-06,2025-05-11,WH-B,Carrier-3,North,66.5,68.36,Express
835,2024-12-18,2024-12-24,2025-01-01,WH-B,Carrier-2,West,21.7,124.71,Critical
836,2026-08-16,2026-08-21,2026-08-26,WH-C,Carrier-3,West,27.1,139.45,Standard
837,2024-01-07,2024-01-11,2024-01-11,WH-C,Carrier-2,West,68.6,230.92,Express
838,2025-06-04,2025-06-11,2025-06-12,WH-C,Carrier-1,North,76.3,52.73,Standard
839,2025-04-04,2025-04-09,2025-04-09,WH-D,Carrier-2,West,75.1,87.16,Standard
840,2026-04-04,2026-04-11,2026-04-16,WH-D,Carrier-2,North,49.7,178.38,Standard
841,2025-10-10,2025-10-15,2025-10-14,WH-B,Carrier-3,North,0.9,60.26,Critical
842,2025-10-19,2025-10-25,2025-10-26,WH-A,Carrier-2,North,33.7,100.67,Express
843,2025-02-18,2025-02-20,2025-02-27,WH-B,Carrier-2,West,19.7,200.1,Standard
844,2024-12-21,2024-12-24,2024-12-31,WH-B,Carrier-1,North,24.9,28.64,Express
845,2026-06-07,2026-06-13,2026-06-20,WH-C,Carrier-3,West,21.1,67.91,Standard
846,2025-01-04,2025-01-10,2025-01-09,WH-B,Carrier-3,North,74.4,195.32,Express
847,2025-07-20,2025-07-23,2025-07-23,WH-A,Carrier-1,East,64.0,111.12,Critical
848,2025-09-06,2025-09-11,2025-09-10,WH-B,Carrier-3,South,34.3,114.01,Standard
849,2025-04-11,2025-04-13,2025-04-14,WH-B,Carrier-2,South,38.8,88.74,Critical
850,2025-05-26,2025-06-01,,WH-B,Carrier-2,West,32.8,57.03,Express
851,2025-06-12,2025-06-14,2025-06-16,WH-B,Carrier-1,East,44.4,27.08,Express
852,2025-01-29,2025-02-01,2025-02-03,WH-A,Carrier-2,South,14.1,34.49,Standard
853,2025-06-10,2025-06-16,2025-06-20,WH-B,Carrier-2,West,28.7,95.47,Critical
854,2025-01-11,2025-01-19,2025-01-25,WH-A,Carrier-2,West,1.7,208.36,Standard
855,2025-06-08,2025-06-15,2025-06-19,WH-A,Carrier-1,West,17.5,122.31,Critical
856,2025-11-04,2025-11-06,,WH-D,Carrier-1,South,62.0,175.51,Critical
857,2025-05-08,2025-05-16,2025-05-14,WH-A,Carrier-3,South,23.1,75.8,Standard
858,2024-01-04,2024-01-08,2024-01-14,WH-B,Carrier-1,West,72.3,140.66,Critical
859,2026-02-20,2026-02-26,2026-03-06,WH-A,Carrier-2,North,30.3,34.65,Standard
860,2025-07-04,2025-07-06,2025-07-08,WH-D,Carrier-3,East,68.7,89.83,Standard
861,2025-08-27,2025-08-31,2025-08-29,WH-B,Carrier-1,East,11.2,219.73,Critical
862,2025-07-10,2025-07-16,2025-07-15,WH-A,Carrier-2,West,7.9,7.09,Express
863,2025-03-05,2025-03-07,2025-03-12,WH-D,Carrier-1,West,62.3,121.88,Express
864,2024-08-25,2024-09-02,2024-08-31,WH-D,Carrier-3,West,57.4,45.36,Standard
865,2026-05-15,2026-05-21,2026-05-25,WH-B,Carrier-3,North,14.4,125.06,Critical
866,2024-08-15,2024-08-21,2024-08-26,WH-B,Carrier-3,West,27.5,33.34,Standard
867,2024-08-18,2024-08-20,2024-08-24,WH-B,Carrier-2,North,30.8,165.59,Critical
868,2025-03-14,2025-03-18,2025-03-17,WH-C,Carrier-3,East,14.1,234.36,Critical
869,2024-11-20,2024-11-26,2024-12-02,WH-B,Carrier-1,West,49.0,138.35,Critical
870,2024-04-09,2024-04-13,2024-04-11,WH-B,Carrier-1,North,68.9,200.47,Express
871,2024-11-15,2024-11-21,2024-11-24,WH-B,Carrier-1,East,64.5,231.84,Express
872,2024-01-02,2024-01-10,2024-01-16,WH-D,Carrier-3,South,35.3,139.02,Express
873,2024-07-22,2024-07-24,2024-07-22,WH-C,Carrier-3,East,13.9,134.06,Critical
874,2026-01-02,2026-01-04,2026-01-05,WH-D,Carrier-1,North,15.4,129.3,Critical
875,2026-03-15,2026-03-21,2026-03-20,WH-A,Carrier-2,South,53.6,30.9,Standard
876,2024-11-18,2024-11-22,2024-11-21,WH-A,Carrier-1,South,53.7,209.68,Standard
877,2026-03-25,2026-03-28,2026-03-28,WH-D,Carrier-1,South,54.9,184.08,Critical
878,2025-08-13,2025-08-16,2025-08-22,WH-D,Carrier-1,South,28.2,213.44,Express
879,2025-10-01,2025-10-09,2025-10-07,WH-A,Carrier-2,South,65.8,106.97,Express
880,2025-10-03,2025-10-11,2025-10-18,WH-A,Carrier-2,North,68.0,193.43,Express
881,2025-07-06,2025-07-13,2025-07-18,WH-A,Carrier-2,East,76.7,76.73,Critical
882,2024-11-20,2024-11-28,2024-11-30,WH-D,Carrier-3,North,69.1,17.72,Express
883,2025-05-27,2025-06-01,2025-06-07,WH-D,Carrier-3,South,64.6,5.43,Critical
884,2025-03-30,2025-04-07,2025-04-07,WH-A,Carrier-3,East,26.1,210.12,Standard
885,2026-02-08,2026-02-11,2026-02-19,WH-C,Carrier-1,East,51.7,42.7,Express
886,2024-09-21,2024-09-23,2024-10-01,WH-B,Carrier-1,South,47.2,154.82,Standard
887,2025-07-28,2025-08-02,2025-08-03,WH-A,Carrier-1,North,22.3,7.82,Standard
888,2026-08-27,2026-09-02,2026-09-10,WH-B,Carrier-2,North,42.2,56.11,Critical
889,2024-10-04,2024-10-06,2024-10-08,WH-B,Carrier-2,North,56.2,134.36,Express
890,2024-08-18,2024-08-26,2024-08-25,WH-B,Carrier-2,East,10.3,8.88,Standard
891,2024-11-04,2024-11-11,2024-11-19,WH-C,Carrier-1,East,4.1,142.69,Critical
892,2025-08-12,2025-08-19,2025-08-27,WH-D,Carrier-1,North,50.7,108.21,Critical
893,2026-07-31,2026-08-07,,WH-A,Carrier-2,South,79.9,115.2,Critical
894,2025-12-13,2025-12-18,2025-12-17,WH-B,Carrier-2,South,21.6,195.23,Express
895,2026-07-25,2026-08-02,2026-08-06,WH-C,Carrier-2,East,71.1,41.52,Express
896,2025-06-03,2025-06-08,2025-06-16,WH-B,Carrier-1,East,63.2,217.3,Express
897,2024-07-11,2024-07-19,2024-07-19,WH-B,Carrier-2,East,58.1,56.45,Standard
898,2025-03-08,2025-03-14,2025-03-14,WH-A,Carrier-3,North,40.9,135.79,Standard
899,2024-01-15,2024-01-17,2024-01-17,WH-C,Carrier-2,South,30.1,70.68,Express
900,2024-03-25,2024-03-31,2024-04-04,WH-B,Carrier-2,South,42.9,180.53,Critical
901,2025-08-13,2025-08-17,2025-08-24,WH-B,Carrier-3,West,15.4,237.78,Express
902,2025-01-16,2025-01-21,2025-01-28,WH-A,Carrier-3,East,16.5,166.22,Express
903,2024-05-16,2024-05-24,2024-05-23,WH-C,Carrier-2,South,53.1,57.31,Standard
904,2025-03-18,2025-03-26,,WH-A,Carrier-2,East,68.4,216.56,Express
905,2024-06-22,2024-06-25,2024-06-30,WH-C,Carrier-3,South,60.3,214.75,Standard
906,2025-08-13,2025-08-15,2025-08-19,WH-C,Carrier-1,South,64.6,191.11,Express
907,2024-04-16,2024-04-23,2024-04-22,WH-D,Carrier-2,West,72.3,109.97,Critical
908,2024-02-14,2024-02-16,2024-02-17,WH-D,Carrier-1,North,30.9,52.18,Express
909,2025-03-01,2025-03-04,2025-03-07,WH-C,Carrier-1,East,13.7,190.63,Critical
910,2025-05-29,2025-06-04,2025-06-09,WH-D,Carrier-2,South,21.4,218.07,Standard
911,2026-02-28,2026-03-06,2026-03-13,WH-A,Carrier-3,East,68.5,155.02,Express
912,2026-01-26,2026-01-29,2026-02-03,WH-A,Carrier-2,South,31.9,40.39,Critical
913,2024-07-15,2024-07-18,2024-07-20,WH-D,Carrier-3,South,56.2,33.97,Critical
914,2025-07-22,2025-07-30,2025-08-05,WH-C,Carrier-3,East,51.2,37.66,Express
915,2024-10-25,2024-10-30,2024-11-01,WH-C,Carrier-2,West,74.1,185.94,Critical
916,2025-07-13,2025-07-19,2025-07-26,WH-A,Carrier-3,East,17.6,75.23,Standard
917,2024-04-16,2024-04-20,2024-04-19,WH-D,Carrier-1,South,8.3,84.72,Standard
918,2025-11-15,2025-11-23,2025-12-01,WH-A,Carrier-1,East,5.5,113.18,Critical
919,2025-08-12,2025-08-16,2025-08-23,WH-B,Carrier-2,West,0.7,81.72,Critical
920,2025-05-19,2025-05-26,2025-05-25,WH-D,Carrier-1,South,51.9,161.0,Express
921,2024-08-16,2024-08-21,2024-08-29,WH-A,Carrier-3,North,74.0,114.73,Critical
922,2024-05-23,2024-05-30,2024-06-05,WH-B,Carrier-3,East,8.2,190.0,Express
923,2026-05-11,2026-05-14,,WH-B,Carrier-3,South,14.1,46.53,Standard
924,2024-07-31,2024-08-05,2024-08-09,WH-A,Carrier-2,South,27.0,187.7,Express
925,2025-10-28,2025-10-30,2025-11-03,WH-D,Carrier-1,West,29.2,155.25,Critical
926,2026-01-20,2026-01-23,2026-01-23,WH-A,Carrier-1,North,10.1,15.31,Critical
927,2025-09-19,2025-09-22,2025-09-22,WH-C,Carrier-1,West,58.8,200.04,Critical
928,2024-07-11,2024-07-18,2024-07-24,WH-C,Carrier-3,North,36.2,144.11,Express
929,2025-07-26,2025-08-01,2025-08-09,WH-C,Carrier-3,South,64.1,69.02,Express
930,2026-04-15,2026-04-19,2026-04-22,WH-C,Carrier-3,South,42.8,204.95,Standard
931,2026-02-07,2026-02-11,2026-02-16,WH-C,Carrier-1,North,16.8,28.2,Express
932,2025-08-26,2025-08-29,2025-09-01,WH-C,Carrier-1,West,17.8,117.05,Standard
933,2026-05-03,2026-05-06,2026-05-08,WH-C,Carrier-2,South,25.4,28.88,Standard
934,2024-06-26,2024-07-02,2024-07-04,WH-A,Carrier-2,East,67.7,153.82,Express
935,2024-01-12,2024-01-20,,WH-B,Carrier-2,West,25.6,149.38,Standard
936,2025-05-11,2025-05-14,2025-05-12,WH-D,Carrier-2,South,15.2,136.68,Critical
937,2024-12-18,2024-12-26,2024-12-28,WH-C,Carrier-2,East,46.3,37.99,Express
938,2026-07-12,2026-07-16,2026-07-16,WH-D,Carrier-2,West,58.5,22.98,Express
939,2026-01-08,2026-01-13,2026-01-21,WH-C,Carrier-3,West,39.3,154.57,Critical
940,2024-06-06,2024-06-12,2024-06-16,WH-C,Carrier-2,South,63.9,129.7,Critical
941,2024-01-02,2024-01-06,2024-01-04,WH-C,Carrier-1,East,13.2,149.96,Critical
942,2025-06-27,2025-07-05,2025-07-03,WH-C,Carrier-1,West,38.5,103.74,Express
943,2026-03-12,2026-03-16,2026-03-15,WH-C,Carrier-3,North,2.6,78.68,Express
944,2025-09-23,2025-09-27,2025-09-27,WH-C,Carrier-2,North,40.6,218.04,Critical
945,2026-05-11,2026-05-13,2026-05-14,WH-A,Carrier-2,South,59.5,129.61,Express
946,2025-10-22,2025-10-27,2025-10-30,WH-B,Carrier-2,East,29.1,51.96,Critical
947,2026-02-03,2026-02-05,2026-02-12,WH-A,Carrier-1,South,71.3,112.41,Standard
948,2025-11-07,2025-11-15,2025-11-16,WH-A,Carrier-3,East,71.3,168.22,Critical
949,2024-08-23,2024-08-30,2024-08-31,WH-A,Carrier-1,West,37.9,65.17,Standard
950,2026-01-03,2026-01-10,2026-01-16,WH-A,Carrier-3,North,36.1,208.39,Critical
951,2025-04-16,2025-04-18,2025-04-16,WH-C,Carrier-1,East,53.0,47.34,Critical
952,2024-05-29,2024-06-03,2024-06-08,WH-C,Carrier-2,East,1.4,181.78,Express
953,2024-08-30,2024-09-04,2024-09-12,WH-A,Carrier-1,West,36.7,73.54,Critical
954,2026-07-23,2026-07-27,2026-07-29,WH-A,Carrier-1,West,64.2,30.82,Critical
955,2025-07-03,2025-07-05,2025-07-13,WH-B,Carrier-3,North,53.8,131.35,Express
956,2024-02-05,2024-02-11,2024-02-12,WH-C,Carrier-3,South,21.4,152.81,Critical
957,2025-04-26,2025-04-29,2025-05-04,WH-A,Carrier-1,South,3.5,28.12,Critical
958,2026-03-04,2026-03-08,2026-03-09,WH-C,Carrier-3,South,28.1,232.6,Standard
959,2026-03-05,2026-03-13,2026-03-19,WH-A,Carrier-3,East,13.7,137.55,Standard
960,2024-06-25,2024-06-27,2024-07-04,WH-B,Carrier-2,East,22.2,57.74,Critical
961,2024-07-23,2024-07-26,2024-08-02,WH-B,Carrier-3,East,56.2,178.31,Critical
962,2024-02-29,2024-03-06,2024-03-12,WH-C,Carrier-3,East,2.9,210.62,Express
963,2024-07-29,2024-08-01,2024-08-01,WH-C,Carrier-3,South,63.7,186.14,Express
964,2024-10-14,2024-10-17,2024-10-22,WH-D,Carrier-3,North,20.9,103.77,Standard
965,2024-07-09,2024-07-14,2024-07-18,WH-D,Carrier-3,North,8.4,148.55,Standard
966,2024-08-25,2024-09-02,2024-09-03,WH-B,Carrier-1,North,47.6,149.33,Critical
967,2026-05-30,2026-06-03,2026-06-03,WH-A,Carrier-3,South,57.8,157.35,Express
968,2025-04-11,2025-04-17,2025-04-17,WH-A,Carrier-3,East,69.8,33.45,Express
969,2026-07-23,2026-07-29,2026-08-04,WH-A,Carrier-3,East,4.6,54.1,Express
970,2025-06-20,2025-06-25,2025-06-23,WH-B,Carrier-1,East,24.6,194.35,Standard
971,2025-08-12,2025-08-20,2025-08-28,WH-D,Carrier-3,South,13.1,16.5,Express
972,2025-02-12,2025-02-14,2025-02-13,WH-D,Carrier-1,East,65.6,5.78,Standard
973,2025-03-15,2025-03-22,2025-03-30,WH-C,Carrier-2,West,53.8,51.53,Standard
974,2024-01-01,2024-01-09,2024-01-11,WH-C,Carrier-1,West,39.3,184.03,Critical
975,2024-10-20,2024-10-24,,WH-C,Carrier-1,South,39.1,65.13,Express
976,2024-06-26,2024-07-03,2024-07-02,WH-A,Carrier-3,North,27.7,161.29,Standard
977,2025-01-09,2025-01-13,2025-01-11,WH-B,Carrier-1,South,30.4,24.2,Critical
978,2026-02-11,2026-02-15,2026-02-21,WH-D,Carrier-2,North,11.2,80.16,Critical
979,2026-04-19,2026-04-22,2026-04-23,WH-B,Carrier-2,North,2.3,75.61,Critical
980,2024-11-21,2024-11-29,2024-12-06,WH-C,Carrier-3,West,40.4,225.49,Standard
981,2024-12-31,2025-01-07,2025-01-07,WH-D,Carrier-1,East,41.0,104.19,Express
982,2024-05-20,2024-05-22,2024-05-26,WH-D,Carrier-1,North,30.8,90.6,Standard
983,2024-08-22,2024-08-27,2024-08-30,WH-B,Carrier-2,South,74.9,109.72,Express
984,2024-07-10,2024-07-17,2024-07-19,WH-A,Carrier-2,South,12.2,183.01,Critical
985,2026-04-23,2026-05-01,2026-05-08,WH-A,Carrier-2,South,16.2,142.96,Express
986,2024-07-19,2024-07-23,2024-07-31,WH-A,Carrier-1,West,79.9,33.4,Critical
987,2025-09-19,2025-09-21,2025-09-23,WH-B,Carrier-3,South,32.8,237.41,Critical
988,2024-06-17,2024-06-23,2024-06-23,WH-C,Carrier-3,West,48.1,39.57,Express
989,2025-07-05,2025-07-10,2025-07-09,WH-D,Carrier-1,East,55.9,221.71,Critical
990,2025-09-11,2025-09-13,2025-09-17,WH-B,Carrier-2,South,68.1,78.7,Express
991,2024-12-04,2024-12-12,2024-12-16,WH-B,Carrier-1,East,54.7,236.86,Critical
992,2025-04-16,2025-04-20,2025-04-18,WH-C,Carrier-1,West,39.9,54.77,Standard
993,2026-08-23,2026-08-25,2026-08-28,WH-D,Carrier-1,East,5.7,223.43,Critical
994,2026-06-19,2026-06-24,2026-06-29,WH-B,Carrier-3,South,62.9,229.78,Critical
995,2025-02-17,2025-02-22,2025-02-28,WH-B,Carrier-1,South,27.2,17.6,Express
996,2024-08-13,2024-08-21,2024-08-29,WH-A,Carrier-1,East,36.7,52.65,Critical
997,2024-02-04,2024-02-06,2024-02-12,WH-A,Carrier-3,North,67.8,112.72,Standard
998,2026-03-08,2026-03-16,2026-03-24,WH-C,Carrier-3,South,25.2,186.94,Standard
999,2024-11-12,2024-11-15,2024-11-22,WH-D,Carrier-3,North,63.7,116.48,Standard
1000,2024-03-14,2024-03-20,,WH-D,Carrier-2,East,20.3,5.22,Critical
1001,2024-06-24,2024-07-02,2024-07-03,WH-A,Carrier-3,East,64.0,172.2,Critical
1002,2026-05-11,2026-05-18,2026-05-16,WH-C,Carrier-3,West,27.9,218.33,Standard
1003,2024-07-15,2024-07-20,2024-07-21,WH-D,Carrier-1,South,32.1,169.7,Standard
1004,2025-09-19,2025-09-25,2025-09-28,WH-A,Carrier-3,East,62.8,120.04,Critical
1005,2026-03-22,2026-03-26,2026-03-26,WH-A,Carrier-3,South,20.9,174.32,Standard
1006,2026-06-25,2026-06-30,2026-06-28,WH-D,Carrier-2,West,44.9,112.68,Critical
1007,2025-12-22,2025-12-29,,WH-D,Carrier-3,West,19.6,238.63,Express
1008,2024-08-16,2024-08-21,2024-08-23,WH-D,Carrier-3,North,55.8,63.03,Critical
1009,2024-02-15,2024-02-20,2024-02-24,WH-B,Carrier-2,West,0.4,8.29,Standard
1010,2026-08-23,2026-08-27,2026-09-03,WH-A,Carrier-3,East,56.3,95.28,Standard
1011,2026-06-28,2026-07-05,2026-07-04,WH-C,Carrier-2,West,8.1,73.38,Standard
1012,2024-09-16,2024-09-18,2024-09-24,WH-A,Carrier-2,North,34.1,72.29,Standard
1013,2026-06-26,2026-06-30,2026-07-01,WH-C,Carrier-3,North,4.2,175.85,Standard
1014,2025-06-15,2025-06-23,2025-06-22,WH-A,Carrier-1,East,77.7,141.42,Express
1015,2026-02-03,2026-02-09,2026-02-13,WH-D,Carrier-3,South,21.5,174.64,Express
1016,2025-04-29,2025-05-07,2025-05-15,WH-D,Carrier-2,East,47.6,44.7,Express
1017,2024-07-30,2024-08-04,2024-08-03,WH-B,Carrier-1,North,73.7,91.46,Express
1018,2026-05-15,2026-05-21,2026-05-21,WH-C,Carrier-1,West,78.3,27.95,Express
1019,2024-03-07,2024-03-11,2024-03-09,WH-B,Carrier-2,North,62.6,58.35,Express
1020,2026-06-08,2026-06-11,2026-06-10,WH-D,Carrier-2,South,7.4,106.49,Standard
1021,2025-06-06,2025-06-10,,WH-B,Carrier-2,South,13.8,27.62,Critical
1022,2024-09-01,2024-09-03,2024-09-10,WH-B,Carrier-3,West,8.4,111.74,Critical
1023,2025-02-21,2025-02-26,2025-02-25,WH-A,Carrier-1,South,70.4,221.95,Critical
1024,2025-03-23,2025-03-31,2025-03-30,WH-C,Carrier-1,East,45.3,13.7,Critical
1025,2026-02-19,2026-02-24,2026-02-24,WH-C,Carrier-3,East,37.5,103.87,Express
1026,2026-01-17,2026-01-24,2026-01-26,WH-A,Carrier-3,North,5.9,64.7,Express
1027,2024-11-05,2024-11-09,2024-11-12,WH-C,Carrier-2,West,22.5,159.23,Critical
1028,2025-01-27,2025-01-29,,WH-A,Carrier-2,East,37.8,22.53,Critical
1029,2026-03-22,2026-03-28,2026-04-01,WH-A,Carrier-2,West,24.3,213.91,Standard
1030,2024-01-15,2024-01-18,2024-01-17,WH-C,Carrier-3,West,2.8,209.23,Express
1031,2024-03-08,2024-03-11,2024-03-12,WH-B,Carrier-3,North,18.4,42.38,Standard
1032,2024-03-23,2024-03-31,2024-04-05,WH-B,Carrier-2,West,27.9,195.12,Critical
1033,2025-04-18,2025-04-26,2025-04-25,WH-C,Carrier-3,North,11.7,114.52,Standard
1034,2024-07-13,2024-07-15,2024-07-21,WH-D,Carrier-1,East,0.4,199.41,Critical
1035,2026-05-04,2026-05-11,2026-05-16,WH-D,Carrier-2,East,26.0,171.19,Critical
1036,2025-07-22,2025-07-30,2025-08-04,WH-D,Carrier-3,North,26.8,141.81,Critical
1037,2025-08-06,2025-08-11,2025-08-10,WH-C,Carrier-3,East,59.9,127.52,Critical
1038,2024-05-17,2024-05-24,2024-05-25,WH-C,Carrier-2,East,41.2,208.42,Express
1039,2024-05-04,2024-05-11,2024-05-09,WH-B,Carrier-1,North,29.5,221.63,Express
1040,2024-02-24,2024-02-26,2024-03-02,WH-B,Carrier-3,West,62.6,52.08,Standard
1041,2025-06-10,2025-06-18,2025-06-17,WH-A,Carrier-2,East,1.1,150.28,Critical
1042,2026-06-20,2026-06-24,2026-06-22,WH-A,Carrier-2,North,61.2,161.58,Critical
1043,2025-08-30,2025-09-04,2025-09-05,WH-B,Carrier-2,West,77.5,7.33,Express
1044,2024-07-18,2024-07-20,2024-07-28,WH-A,Carrier-1,South,0.7,40.38,Express
1045,2026-04-24,2026-04-29,2026-05-07,WH-B,Carrier-1,South,42.3,113.21,Critical
1046,2024-01-20,2024-01-24,2024-01-31,WH-D,Carrier-2,East,53.3,65.43,Critical
1047,2024-08-28,2024-08-30,2024-09-01,WH-A,Carrier-1,West,27.9,228.9,Critical
1048,2025-10-12,2025-10-19,2025-10-20,WH-D,Carrier-1,East,59.2,162.33,Critical
1049,2024-06-19,2024-06-24,2024-07-02,WH-C,Carrier-2,West,33.2,195.11,Standard
1050,2025-02-08,2025-02-16,2025-02-14,WH-A,Carrier-1,North,63.4,88.82,Express
1051,2026-04-05,2026-04-11,2026-04-09,WH-C,Carrier-1,North,41.2,145.12,Express
1052,2025-06-23,2025-06-28,2025-07-06,WH-C,Carrier-2,South,79.7,36.09,Express
1053,2025-05-18,2025-05-20,2025-05-22,WH-C,Carrier-3,West,26.6,144.4,Critical
1054,2025-01-20,2025-01-27,,WH-B,Carrier-2,East,67.6,102.92,Critical
1055,2024-04-18,2024-04-21,,WH-A,Carrier-2,West,37.2,59.02,Critical
1056,2025-05-04,2025-05-10,2025-05-13,WH-B,Carrier-2,West,70.9,188.78,Critical
1057,2025-01-04,2025-01-08,2025-01-11,WH-B,Carrier-2,South,59.5,130.55,Critical
1058,2026-07-01,2026-07-04,2026-07-04,WH-A,Carrier-2,South,18.5,27.04,Standard
1059,2025-03-06,2025-03-12,2025-03-18,WH-B,Carrier-1,South,67.7,95.65,Standard
1060,2024-08-29,2024-08-31,2024-09-05,WH-D,Carrier-2,West,38.2,192.76,Standard
1061,2025-11-05,2025-11-08,2025-11-06,WH-A,Carrier-1,West,5.1,222.28,Standard
1062,2025-02-28,2025-03-02,2025-03-09,WH-C,Carrier-2,North,28.4,101.71,Express
1063,2025-02-01,2025-02-03,2025-02-05,WH-B,Carrier-3,North,41.1,201.72,Standard
1064,2025-04-02,2025-04-05,2025-04-04,WH-D,Carrier-1,East,45.5,4.44,Express
1065,2025-10-10,2025-10-12,2025-10-10,WH-A,Carrier-3,West,38.7,220.98,Critical
1066,2026-06-19,2026-06-26,2026-07-02,WH-D,Carrier-3,South,61.3,15.55,Express
1067,2024-07-11,2024-07-19,2024-07-17,WH-A,Carrier-1,West,69.3,70.66,Express
1068,2025-12-02,2025-12-04,2025-12-05,WH-C,Carrier-3,West,55.1,37.64,Standard
1069,2025-08-01,2025-08-07,2025-08-09,WH-A,Carrier-1,East,52.4,106.93,Critical
1070,2026-02-22,2026-02-26,2026-02-27,WH-A,Carrier-3,South,76.4,61.07,Standard
1071,2026-01-15,2026-01-20,2026-01-22,WH-B,Carrier-2,East,37.5,144.01,Standard
1072,2026-05-19,2026-05-27,2026-06-03,WH-C,Carrier-1,West,45.1,81.86,Express
1073,2025-12-10,2025-12-18,2025-12-26,WH-C,Carrier-1,East,76.4,4.08,Standard
1074,2024-06-01,2024-06-06,2024-06-07,WH-D,Carrier-3,West,25.4,138.15,Standard
1075,2026-05-20,2026-05-22,2026-05-30,WH-D,Carrier-1,East,79.6,128.65,Express
1076,2024-08-03,2024-08-08,2024-08-16,WH-A,Carrier-1,North,39.6,126.89,Critical
1077,2026-07-27,2026-07-31,2026-08-02,WH-D,Carrier-2,West,53.9,120.93,Express
1078,2025-06-28,2025-07-06,2025-07-04,WH-D,Carrier-1,East,21.1,16.07,Express
1079,2026-04-08,2026-04-13,2026-04-19,WH-D,Carrier-1,South,48.6,196.77,Express
1080,2026-02-22,2026-02-24,2026-03-01,WH-A,Carrier-2,North,23.1,98.3,Standard
1081,2024-08-31,2024-09-02,2024-09-06,WH-D,Carrier-2,South,43.5,159.82,Standard
1082,2024-05-08,2024-05-15,2024-05-21,WH-C,Carrier-2,North,38.2,35.93,Express
1083,2025-05-16,2025-05-23,2025-05-23,WH-D,Carrier-3,West,10.1,81.04,Express
1084,2025-04-11,2025-04-19,2025-04-23,WH-B,Carrier-2,South,79.3,13.95,Standard
1085,2024-08-14,2024-08-18,2024-08-25,WH-C,Carrier-3,South,2.5,108.23,Critical
1086,2025-04-24,2025-04-30,2025-05-02,WH-A,Carrier-2,South,65.0,222.46,Critical
1087,2025-10-04,2025-10-08,2025-10-06,WH-A,Carrier-1,South,15.9,125.65,Standard
1088,2024-05-11,2024-05-19,2024-05-17,WH-D,Carrier-1,East,0.8,26.38,Express
1089,2024-12-03,2024-12-07,2024-12-13,WH-B,Carrier-1,East,19.4,4.54,Standard
1090,2024-09-08,2024-09-12,2024-09-10,WH-A,Carrier-2,West,2.5,161.61,Express
1091,2025-06-05,2025-06-10,2025-06-09,WH-D,Carrier-2,West,45.5,205.49,Express
1092,2026-04-26,2026-04-30,2026-04-30,WH-B,Carrier-2,East,10.5,60.52,Critical
1093,2025-06-26,2025-07-02,2025-07-07,WH-A,Carrier-1,South,60.3,82.99,Critical
1094,2024-03-19,2024-03-27,2024-04-04,WH-C,Carrier-2,West,44.3,229.5,Critical
1095,2025-10-09,2025-10-12,,WH-C,Carrier-1,West,22.7,144.5,Standard
1096,2025-05-30,2025-06-03,2025-06-03,WH-B,Carrier-2,North,44.9,162.45,Standard
1097,2025-12-12,2025-12-19,2025-12-18,WH-B,Carrier-1,West,37.1,118.59,Express
1098,2026-06-23,2026-06-26,2026-06-26,WH-B,Carrier-1,East,22.8,93.83,Express
1099,2024-12-12,2024-12-17,2024-12-25,WH-A,Carrier-3,North,67.9,73.68,Express
1100,2024-12-30,2025-01-01,2025-01-01,WH-C,Carrier-3,East,54.6,65.99,Standard
1101,2025-05-10,2025-05-15,2025-05-14,WH-B,Carrier-1,East,61.0,92.74,Express
1102,2026-05-09,2026-05-12,2026-05-10,WH-C,Carrier-2,South,5.0,211.95,Standard
1103,2024-02-13,2024-02-19,2024-02-19,WH-A,Carrier-2,North,3.3,238.41,Critical
1104,2024-04-16,2024-04-19,2024-04-20,WH-C,Carrier-3,North,30.2,108.59,Express
1105,2026-06-08,2026-06-11,2026-06-18,WH-C,Carrier-2,East,43.3,28.51,Standard
1106,2026-05-02,2026-05-08,2026-05-11,WH-B,Carrier-3,North,71.6,53.64,Standard
1107,2025-06-24,2025-07-01,2025-07-08,WH-A,Carrier-3,East,11.2,68.77,Standard
1108,2024-10-07,2024-10-15,2024-10-22,WH-D,Carrier-1,North,3.8,97.48,Standard
1109,2025-02-17,2025-02-21,,WH-B,Carrier-3,North,5.8,56.45,Critical
1110,2026-04-25,2026-04-30,2026-05-03,WH-D,Carrier-1,North,65.4,75.8,Standard
1111,2024-09-06,2024-09-09,2024-09-15,WH-C,Carrier-3,South,7.4,44.61,Express
1112,2026-06-22,2026-06-27,2026-06-29,WH-B,Carrier-2,West,46.6,79.66,Critical
1113,2025-02-12,2025-02-17,,WH-D,Carrier-1,East,71.4,170.92,Standard
1114,2025-01-19,2025-01-23,2025-01-27,WH-A,Carrier-2,West,70.5,216.91,Express
1115,2024-04-30,2024-05-04,2024-05-12,WH-C,Carrier-1,South,10.8,115.83,Standard
1116,2025-07-07,2025-07-11,2025-07-18,WH-C,Carrier-1,South,61.8,123.63,Express
1117,2024-08-19,2024-08-21,2024-08-25,WH-B,Carrier-3,South,62.2,234.03,Express
1118,2025-08-27,2025-08-29,,WH-D,Carrier-3,North,52.3,83.91,Express
1119,2024-01-06,2024-01-12,2024-01-16,WH-D,Carrier-2,South,53.2,138.47,Express
1120,2024-05-30,2024-06-07,2024-06-12,WH-C,Carrier-3,South,72.4,190.03,Express
1121,2025-02-16,2025-02-20,2025-02-28,WH-D,Carrier-1,East,40.0,212.17,Standard
1122,2025-07-05,2025-07-12,2025-07-10,WH-B,Carrier-3,North,16.5,191.05,Express
1123,2025-08-06,2025-08-10,2025-08-13,WH-D,Carrier-3,North,24.3,107.26,Standard
1124,2025-09-07,2025-09-09,2025-09-15,WH-B,Carrier-3,North,59.5,67.32,Express
1125,2025-08-04,2025-08-10,2025-08-08,WH-B,Carrier-2,North,48.9,26.16,Standard
1126,2025-06-14,2025-06-20,2025-06-24,WH-B,Carrier-1,North,5.3,65.55,Critical
1127,2024-03-16,2024-03-19,2024-03-17,WH-B,Carrier-2,South,39.0,28.57,Critical
1128,2024-12-04,2024-12-12,2024-12-19,WH-D,Carrier-3,North,67.1,146.71,Standard
1129,2025-04-13,2025-04-20,2025-04-18,WH-A,Carrier-2,North,67.7,157.15,Critical
1130,2026-05-21,2026-05-28,2026-06-01,WH-A,Carrier-2,South,34.0,57.16,Standard
1131,2024-01-20,2024-01-24,2024-01-26,WH-D,Carrier-2,South,79.2,14.42,Critical
1132,2024-10-28,2024-10-30,2024-11-04,WH-D,Carrier-1,South,63.5,184.89,Standard
1133,2025-10-27,2025-10-30,2025-11-03,WH-C,Carrier-3,South,53.5,49.75,Standard
1134,2025-02-26,2025-02-28,,WH-D,Carrier-1,South,79.6,86.28,Critical
1135,2025-04-29,2025-05-07,2025-05-13,WH-D,Carrier-3,West,31.4,111.33,Express
1136,2025-11-21,2025-11-25,2025-11-30,WH-C,Carrier-3,East,3.9,111.93,Express
1137,2024-12-04,2024-12-06,2024-12-12,WH-B,Carrier-1,South,4.7,122.93,Standard
1138,2026-05-16,2026-05-22,2026-05-30,WH-B,Carrier-1,South,29.8,109.13,Express
1139,2024-03-10,2024-03-16,2024-03-23,WH-B,Carrier-3,East,31.9,188.61,Standard
1140,2026-08-22,2026-08-25,2026-08-29,WH-D,Carrier-3,North,66.9,159.79,Express
1141,2024-10-03,2024-10-09,2024-10-11,WH-B,Carrier-3,North,28.7,214.99,Standard
1142,2024-07-19,2024-07-21,2024-07-21,WH-C,Carrier-2,North,39.6,237.99,Express
1143,2025-09-18,2025-09-20,2025-09-21,WH-A,Carrier-3,North,2.0,199.86,Express
1144,2025-10-02,2025-10-10,2025-10-10,WH-A,Carrier-2,West,74.8,71.38,Express
1145,2025-12-25,2025-12-31,2025-12-31,WH-D,Carrier-2,South,23.9,77.76,Critical
1146,2024-07-08,2024-07-16,2024-07-24,WH-D,Carrier-3,North,57.6,235.79,Critical
1147,2024-03-11,2024-03-13,2024-03-16,WH-A,Carrier-3,West,69.4,122.76,Critical
1148,2024-02-10,2024-02-18,2024-02-17,WH-A,Carrier-1,South,6.8,184.47,Standard
1149,2025-01-01,2025-01-09,2025-01-15,WH-B,Carrier-1,South,55.5,142.14,Standard
1150,2025-07-07,2025-07-09,2025-07-13,WH-B,Carrier-3,West,6.4,132.16,Critical
1151,2024-09-08,2024-09-15,2024-09-19,WH-C,Carrier-3,North,51.9,155.51,Express
1152,2025-06-30,2025-07-04,2025-07-03,WH-B,Carrier-2,East,34.1,137.71,Critical
1153,2026-02-15,2026-02-23,2026-02-26,WH-D,Carrier-3,West,51.9,156.68,Critical
1154,2024-07-30,2024-08-05,2024-08-12,WH-D,Carrier-1,North,27.8,139.39,Standard
1155,2025-01-09,2025-01-14,,WH-D,Carrier-1,North,14.7,112.45,Standard
1156,2024-04-26,2024-05-04,2024-05-02,WH-C,Carrier-1,West,48.0,80.09,Critical
1157,2024-01-22,2024-01-25,2024-01-23,WH-A,Carrier-2,South,77.6,100.26,Express
1158,2024-08-18,2024-08-23,2024-08-31,WH-D,Carrier-3,South,51.0,56.99,Critical
1159,2024-10-31,2024-11-08,2024-11-09,WH-D,Carrier-2,North,17.8,188.64,Express
1160,2025-07-30,2025-08-01,2025-08-05,WH-B,Carrier-2,South,27.9,68.67,Critical
1161,2025-02-19,2025-02-24,2025-03-01,WH-D,Carrier-1,North,72.5,43.93,Standard
1162,2025-07-23,2025-07-29,2025-07-29,WH-C,Carrier-1,North,9.2,129.39,Express
1163,2024-11-27,2024-12-04,2024-12-02,WH-C,Carrier-2,South,67.1,216.15,Standard
1164,2026-07-10,2026-07-16,2026-07-18,WH-C,Carrier-1,East,76.9,195.18,Critical
1165,2025-01-01,2025-01-05,2025-01-09,WH-C,Carrier-3,West,61.6,12.8,Express
1166,2024-05-29,2024-06-06,2024-06-05,WH-B,Carrier-3,South,8.6,22.9,Standard
1167,2025-05-21,2025-05-25,2025-05-30,WH-B,Carrier-1,North,27.2,62.41,Standard
1168,2025-06-19,2025-06-22,2025-06-21,WH-B,Carrier-2,North,47.4,33.31,Critical
1169,2024-08-30,2024-09-06,2024-09-05,WH-D,Carrier-3,West,28.0,15.54,Critical
1170,2024-11-24,2024-11-26,,WH-A,Carrier-1,North,24.2,205.4,Express
1171,2026-08-16,2026-08-18,2026-08-21,WH-B,Carrier-3,South,74.4,12.12,Critical
1172,2024-05-07,2024-05-15,2024-05-22,WH-C,Carrier-1,West,9.4,188.98,Critical
1173,2025-08-07,2025-08-13,2025-08-12,WH-B,Carrier-1,West,18.5,5.81,Express
1174,2025-10-06,2025-10-14,2025-10-19,WH-B,Carrier-3,East,21.9,54.08,Express
1175,2024-03-01,2024-03-08,2024-03-13,WH-C,Carrier-3,South,38.4,179.39,Express
1176,2026-06-05,2026-06-13,2026-06-11,WH-A,Carrier-1,North,77.9,138.11,Standard
1177,2025-02-03,2025-02-09,2025-02-14,WH-B,Carrier-2,West,43.4,198.98,Standard
1178,2024-11-22,2024-11-30,2024-12-02,WH-B,Carrier-1,West,8.0,237.0,Standard
1179,2024-07-04,2024-07-07,2024-07-10,WH-A,Carrier-3,South,54.5,173.59,Express
1180,2026-02-27,2026-03-01,,WH-B,Carrier-1,East,28.2,139.49,Critical
1181,2024-07-21,2024-07-27,2024-07-25,WH-B,Carrier-3,North,50.4,190.99,Critical
1182,2026-08-18,2026-08-26,2026-08-31,WH-A,Carrier-2,East,65.9,218.86,Express
1183,2024-03-09,2024-03-14,2024-03-18,WH-B,Carrier-3,West,73.8,4.15,Critical
1184,2026-04-17,2026-04-23,2026-04-21,WH-B,Carrier-2,West,59.7,117.79,Express
1185,2025-07-11,2025-07-17,2025-07-17,WH-D,Carrier-3,South,13.3,46.46,Critical
1186,2024-06-10,2024-06-18,2024-06-25,WH-B,Carrier-2,East,55.9,62.73,Standard
1187,2025-06-16,2025-06-24,2025-06-28,WH-C,Carrier-2,East,63.1,157.33,Critical
1188,2025-09-19,2025-09-24,2025-09-27,WH-C,Carrier-2,North,0.5,51.31,Express
1189,2026-08-12,2026-08-20,2026-08-26,WH-A,Carrier-1,West,63.2,69.61,Standard
1190,2024-05-24,2024-05-27,2024-05-30,WH-D,Carrier-1,East,10.7,82.4,Express
1191,2026-03-03,2026-03-09,2026-03-14,WH-C,Carrier-2,South,8.5,224.22,Express
1192,2024-11-21,2024-11-24,2024-11-22,WH-D,Carrier-2,North,55.3,50.99,Critical
1193,2025-08-20,2025-08-22,2025-08-27,WH-B,Carrier-2,South,40.9,115.66,Standard
1194,2024-02-03,2024-02-05,2024-02-04,WH-A,Carrier-2,West,10.8,136.85,Standard
1195,2024-12-27,2025-01-02,2024-12-31,WH-B,Carrier-3,South,61.7,125.93,Critical
1196,2025-12-07,2025-12-14,2025-12-19,WH-D,Carrier-3,West,75.9,129.72,Standard
1197,2026-08-06,2026-08-13,2026-08-18,WH-D,Carrier-3,West,64.7,22.86,Standard
1198,2024-09-13,2024-09-18,2024-09-16,WH-D,Carrier-1,North,57.3,157.34,Critical
1199,2026-08-04,2026-08-10,2026-08-18,WH-B,Carrier-3,South,10.5,157.46,Standard
1200,2024-02-10,2024-02-17,2024-02-18,WH-B,Carrier-1,West,49.7,136.68,Critical
1201,2026-04-29,2026-05-06,2026-05-11,WH-B,Carrier-2,East,76.8,73.06,Express
1202,2025-04-07,2025-04-11,2025-04-15,WH-C,Carrier-1,North,57.0,69.91,Critical
1203,2024-03-13,2024-03-19,2024-03-25,WH-B,Carrier-2,East,38.6,26.46,Critical
1204,2024-05-29,2024-06-06,2024-06-06,WH-B,Carrier-2,North,23.6,206.47,Express
1205,2025-11-05,2025-11-13,2025-11-18,WH-B,Carrier-2,East,60.9,169.76,Critical
1206,2024-08-31,2024-09-04,2024-09-06,WH-C,Carrier-3,South,23.2,224.59,Express
1207,2024-12-11,2024-12-18,2024-12-16,WH-A,Carrier-1,West,68.5,153.91,Standard
1208,2025-10-10,2025-10-16,2025-10-18,WH-C,Carrier-2,East,52.4,61.1,Standard
1209,2026-03-01,2026-03-04,2026-03-09,WH-B,Carrier-1,North,42.5,172.81,Critical
1210,2025-11-19,2025-11-26,2025-12-04,WH-D,Carrier-2,East,12.0,144.25,Express
1211,2025-07-27,2025-08-02,2025-08-06,WH-A,Carrier-2,West,66.5,147.49,Critical
1212,2024-09-23,2024-09-25,2024-09-23,WH-C,Carrier-2,South,34.9,20.41,Standard
1213,2025-07-21,2025-07-28,2025-07-30,WH-B,Carrier-1,East,35.2,185.71,Standard
1214,2025-07-25,2025-07-31,2025-07-30,WH-B,Carrier-1,North,55.0,179.29,Standard
1215,2024-09-17,2024-09-21,2024-09-27,WH-C,Carrier-2,East,25.3,210.48,Critical
1216,2026-03-23,2026-03-31,2026-04-03,WH-D,Carrier-2,West,70.3,157.76,Express
1217,2024-11-07,2024-11-11,2024-11-10,WH-C,Carrier-3,South,34.3,239.23,Critical
1218,2024-03-16,2024-03-19,2024-03-25,WH-D,Carrier-1,North,54.6,111.36,Standard
1219,2026-05-03,2026-05-10,2026-05-11,WH-A,Carrier-1,West,17.1,150.98,Critical
1220,2026-08-23,2026-08-31,2026-09-06,WH-A,Carrier-1,North,65.1,32.26,Standard
1221,2025-12-12,2025-12-20,2025-12-26,WH-C,Carrier-2,North,59.6,194.77,Standard
1222,2025-12-10,2025-12-16,2025-12-19,WH-B,Carrier-2,West,60.5,167.95,Express
1223,2024-04-13,2024-04-17,2024-04-19,WH-C,Carrier-2,East,67.1,150.32,Standard
1224,2025-07-16,2025-07-23,2025-07-25,WH-D,Carrier-1,East,8.7,107.46,Standard
1225,2024-11-22,2024-11-27,2024-11-27,WH-C,Carrier-2,South,73.7,191.02,Express
1226,2025-02-05,2025-02-09,2025-02-12,WH-A,Carrier-3,North,52.8,81.02,Critical
1227,2025-09-22,2025-09-26,2025-10-01,WH-B,Carrier-3,North,77.2,200.69,Standard
1228,2025-05-19,2025-05-23,2025-05-21,WH-D,Carrier-2,West,50.9,207.03,Standard
1229,2025-04-14,2025-04-22,2025-04-24,WH-C,Carrier-2,East,49.0,38.49,Standard
1230,2024-01-16,2024-01-24,2024-02-01,WH-A,Carrier-3,East,67.3,17.3,Express
1231,2024-05-18,2024-05-22,2024-05-30,WH-B,Carrier-3,East,73.9,11.92,Express
1232,2026-07-08,2026-07-15,2026-07-23,WH-A,Carrier-2,South,77.8,163.18,Standard
1233,2024-10-30,2024-11-06,2024-11-05,WH-A,Carrier-3,East,59.3,202.76,Critical
1234,2026-05-12,2026-05-20,2026-05-22,WH-C,Carrier-1,West,32.4,109.48,Critical
1235,2024-03-30,2024-04-04,2024-04-05,WH-C,Carrier-3,South,12.6,19.32,Standard
1236,2025-07-17,2025-07-25,2025-07-26,WH-C,Carrier-3,West,10.3,119.65,Critical
1237,2024-06-15,2024-06-23,2024-06-22,WH-A,Carrier-2,South,39.0,187.44,Standard
1238,2024-01-18,2024-01-26,2024-01-29,WH-D,Carrier-3,South,30.4,156.22,Standard
1239,2024-02-11,2024-02-18,2024-02-20,WH-D,Carrier-2,West,23.2,218.46,Standard
1240,2025-01-10,2025-01-13,2025-01-19,WH-D,Carrier-3,East,66.5,113.43,Critical
1241,2025-08-28,2025-09-04,2025-09-04,WH-C,Carrier-1,West,31.0,147.53,Critical
1242,2026-05-11,2026-05-19,2026-05-17,WH-D,Carrier-3,South,12.2,27.3,Critical
1243,2026-06-06,2026-06-14,2026-06-15,WH-C,Carrier-3,West,20.2,99.84,Standard
1244,2024-03-15,2024-03-22,2024-03-22,WH-A,Carrier-1,West,38.7,144.01,Critical
1245,2024-07-14,2024-07-17,2024-07-25,WH-B,Carrier-3,East,7.0,206.25,Critical
1246,2024-01-17,2024-01-25,2024-01-27,WH-A,Carrier-2,North,36.9,221.91,Critical
1247,2024-03-02,2024-03-04,2024-03-11,WH-B,Carrier-1,East,11.5,72.47,Critical
1248,2025-12-17,2025-12-21,2025-12-21,WH-C,Carrier-1,West,37.2,30.58,Express
1249,2025-10-09,2025-10-15,2025-10-13,WH-B,Carrier-3,South,36.9,186.73,Express
1250,2026-08-21,2026-08-25,2026-09-01,WH-C,Carrier-2,South,15.9,75.72,Standard
1251,2024-11-10,2024-11-14,2024-11-18,WH-A,Carrier-2,East,8.5,49.55,Critical
1252,2025-10-26,2025-11-02,2025-11-10,WH-A,Carrier-1,South,17.4,181.85,Standard
1253,2024-02-25,2024-03-01,2024-03-01,WH-D,Carrier-1,North,58.6,28.63,Express
1254,2026-05-07,2026-05-15,2026-05-20,WH-A,Carrier-1,West,25.7,37.49,Standard
1255,2026-06-20,2026-06-23,2026-06-21,WH-D,Carrier-1,West,11.7,225.28,Express
1256,2024-03-05,2024-03-09,2024-03-16,WH-C,Carrier-1,West,7.3,31.27,Express
1257,2024-12-22,2024-12-24,2024-12-30,WH-C,Carrier-1,East,2.0,181.31,Standard
1258,2024-06-02,2024-06-06,2024-06-11,WH-C,Carrier-2,West,40.6,111.49,Standard
1259,2026-05-24,2026-05-28,2026-06-04,WH-B,Carrier-3,East,9.6,148.99,Critical
1260,2025-03-04,2025-03-12,2025-03-13,WH-B,Carrier-2,South,13.7,160.03,Standard
1261,2026-04-01,2026-04-08,2026-04-06,WH-B,Carrier-3,East,18.8,7.81,Critical
1262,2024-01-19,2024-01-21,2024-01-25,WH-B,Carrier-1,North,74.9,202.38,Critical
1263,2026-06-26,2026-07-01,2026-07-05,WH-C,Carrier-2,West,33.1,198.26,Standard
1264,2026-04-23,2026-05-01,2026-05-06,WH-A,Carrier-1,West,32.0,27.4,Express
1265,2025-04-04,2025-04-11,,WH-D,Carrier-3,West,16.1,199.7,Critical
1266,2026-02-25,2026-03-03,2026-03-06,WH-A,Carrier-1,West,13.6,22.99,Critical
1267,2025-06-29,2025-07-01,2025-06-30,WH-B,Carrier-2,West,18.5,104.24,Standard
1268,2025-03-12,2025-03-17,2025-03-25,WH-C,Carrier-1,East,70.0,137.6,Standard
1269,2026-05-05,2026-05-10,2026-05-14,WH-B,Carrier-1,West,48.4,163.65,Critical
1270,2026-02-12,2026-02-17,2026-02-20,WH-A,Carrier-3,West,3.0,209.73,Standard
1271,2025-01-27,2025-01-29,2025-02-06,WH-A,Carrier-2,East,34.3,134.4,Express
1272,2024-01-08,2024-01-11,2024-01-17,WH-A,Carrier-1,East,1.9,18.64,Standard
1273,2024-09-26,2024-09-30,2024-10-05,WH-D,Carrier-1,South,21.2,62.99,Critical
1274,2026-01-04,2026-01-11,2026-01-16,WH-D,Carrier-1,South,13.0,164.32,Standard
1275,2024-03-16,2024-03-19,2024-03-26,WH-A,Carrier-2,North,53.6,140.21,Critical
1276,2026-03-29,2026-03-31,2026-04-03,WH-A,Carrier-3,East,50.1,132.94,Standard
1277,2025-04-10,2025-04-12,2025-04-12,WH-A,Carrier-3,East,9.8,212.57,Standard
1278,2026-05-28,2026-06-01,2026-06-01,WH-C,Carrier-3,North,71.2,186.45,Express
1279,2025-11-17,2025-11-25,2025-11-26,WH-B,Carrier-3,South,28.7,132.24,Standard
1280,2024-08-04,2024-08-08,2024-08-08,WH-C,Carrier-3,West,44.2,179.42,Standard
1281,2025-11-11,2025-11-13,2025-11-18,WH-C,Carrier-2,North,36.6,122.63,Critical
1282,2025-02-11,2025-02-17,2025-02-24,WH-C,Carrier-3,West,47.5,23.84,Critical
1283,2024-11-29,2024-12-07,2024-12-15,WH-C,Carrier-2,West,2.3,126.37,Critical
1284,2025-08-04,2025-08-08,2025-08-13,WH-B,Carrier-3,North,27.4,204.63,Express
1285,2025-05-16,2025-05-19,2025-05-26,WH-A,Carrier-3,South,29.1,136.7,Standard
1286,2025-04-07,2025-04-14,2025-04-15,WH-B,Carrier-1,South,75.3,113.55,Standard
1287,2026-03-21,2026-03-29,2026-04-05,WH-A,Carrier-1,East,57.4,201.16,Standard
1288,2025-12-02,2025-12-06,2025-12-05,WH-B,Carrier-3,East,23.2,211.21,Express
1289,2024-12-05,2024-12-07,2024-12-09,WH-B,Carrier-3,South,1.5,43.53,Critical
1290,2024-04-03,2024-04-11,2024-04-18,WH-C,Carrier-2,West,35.3,7.94,Express
1291,2025-11-11,2025-11-15,2025-11-17,WH-B,Carrier-2,West,7.1,202.74,Critical
1292,2024-11-27,2024-12-05,2024-12-08,WH-B,Carrier-2,South,59.8,208.41,Critical
1293,2025-01-20,2025-01-23,2025-01-29,WH-C,Carrier-3,East,42.1,171.22,Standard
1294,2024-08-16,2024-08-19,2024-08-17,WH-C,Carrier-1,South,60.1,192.55,Express
1295,2024-07-23,2024-07-31,2024-08-01,WH-A,Carrier-2,West,21.9,123.05,Critical
1296,2025-12-30,2026-01-07,2026-01-11,WH-C,Carrier-2,West,70.7,171.86,Standard
1297,2025-11-02,2025-11-05,2025-11-12,WH-D,Carrier-1,West,57.5,182.47,Express
1298,2024-04-09,2024-04-17,2024-04-21,WH-B,Carrier-3,North,35.3,113.69,Critical
1299,2026-02-21,2026-02-26,2026-02-28,WH-D,Carrier-3,North,33.6,222.05,Standard
1300,2024-02-25,2024-03-04,2024-03-03,WH-A,Carrier-1,East,2.2,149.89,Standard
1301,2024-01-03,2024-01-06,2024-01-07,WH-B,Carrier-1,West,9.8,103.25,Express
1302,2025-01-29,2025-02-01,2025-02-06,WH-B,Carrier-3,North,67.5,114.93,Standard
1303,2025-10-31,2025-11-08,2025-11-13,WH-A,Carrier-2,East,27.9,17.24,Critical
1304,2025-08-15,2025-08-23,2025-08-24,WH-D,Carrier-3,East,65.0,211.43,Express
1305,2024-05-11,2024-05-16,2024-05-18,WH-B,Carrier-2,East,3.2,137.37,Standard
1306,2025-06-18,2025-06-21,2025-06-27,WH-B,Carrier-1,East,51.8,151.66,Express
1307,2026-02-24,2026-02-26,2026-03-01,WH-C,Carrier-2,East,41.2,182.33,Critical
1308,2025-01-08,2025-01-11,,WH-A,Carrier-3,North,54.6,187.17,Express
1309,2025-11-25,2025-11-27,2025-12-02,WH-C,Carrier-3,West,4.4,96.32,Standard
1310,2024-04-26,2024-05-01,2024-05-01,WH-D,Carrier-2,South,7.9,179.15,Critical
1311,2025-12-10,2025-12-18,2025-12-24,WH-A,Carrier-3,North,63.6,214.7,Standard
1312,2024-07-11,2024-07-16,2024-07-20,WH-D,Carrier-3,West,29.5,98.98,Standard
1313,2025-03-05,2025-03-12,2025-03-19,WH-B,Carrier-2,South,77.3,40.78,Standard
1314,2025-10-17,2025-10-19,2025-10-20,WH-C,Carrier-3,North,42.1,114.44,Critical
1315,2025-06-22,2025-06-24,2025-06-30,WH-D,Carrier-3,North,59.1,48.67,Express
1316,2025-03-21,2025-03-23,2025-03-23,WH-C,Carrier-2,West,50.4,148.84,Express
1317,2025-10-14,2025-10-18,2025-10-26,WH-B,Carrier-2,South,21.4,177.55,Express
1318,2026-06-26,2026-07-01,2026-07-06,WH-B,Carrier-1,East,66.8,136.87,Standard
1319,2024-01-18,2024-01-22,2024-01-21,WH-C,Carrier-3,North,29.9,90.88,Standard
1320,2025-11-23,2025-11-29,2025-12-07,WH-C,Carrier-3,North,46.2,16.34,Critical
1321,2024-10-30,2024-11-04,2024-11-11,WH-B,Carrier-2,North,69.6,235.0,Standard
1322,2026-04-26,2026-04-28,2026-04-28,WH-C,Carrier-1,North,31.3,41.66,Standard
1323,2024-03-25,2024-03-30,2024-04-03,WH-A,Carrier-2,West,76.3,45.03,Critical
1324,2024-10-09,2024-10-13,2024-10-15,WH-B,Carrier-2,East,0.9,62.16,Critical
1325,2024-12-05,2024-12-07,2024-12-14,WH-B,Carrier-1,West,34.0,110.91,Critical
1326,2026-03-05,2026-03-10,2026-03-18,WH-B,Carrier-2,East,40.9,161.51,Express
1327,2025-01-25,2025-01-31,2025-02-06,WH-D,Carrier-3,West,49.5,112.78,Standard
1328,2025-02-05,2025-02-12,2025-02-17,WH-A,Carrier-2,East,78.9,145.32,Standard
1329,2025-02-03,2025-02-09,2025-02-11,WH-A,Carrier-1,South,31.3,59.14,Standard
1330,2025-02-21,2025-02-28,2025-03-05,WH-B,Carrier-3,West,8.9,37.94,Critical
1331,2026-03-08,2026-03-13,2026-03-13,WH-D,Carrier-1,West,16.7,39.44,Standard
1332,2024-09-26,2024-10-02,2024-10-09,WH-C,Carrier-3,West,50.2,229.63,Critical
1333,2025-05-09,2025-05-17,2025-05-18,WH-A,Carrier-3,West,44.4,201.87,Critical
1334,2026-06-28,2026-07-04,2026-07-08,WH-A,Carrier-1,South,73.2,25.12,Standard
1335,2024-09-14,2024-09-17,2024-09-24,WH-A,Carrier-1,North,38.5,22.95,Critical
1336,2025-05-05,2025-05-10,2025-05-08,WH-D,Carrier-1,South,1.1,6.54,Standard
1337,2025-10-14,2025-10-18,2025-10-25,WH-C,Carrier-1,South,29.4,165.04,Express
1338,2024-01-10,2024-01-13,2024-01-19,WH-B,Carrier-1,South,7.2,132.71,Standard
1339,2026-08-26,2026-08-30,2026-08-30,WH-D,Carrier-1,East,66.6,157.29,Critical
1340,2026-03-31,2026-04-07,2026-04-13,WH-B,Carrier-3,East,80.0,23.38,Express
1341,2025-06-30,2025-07-04,2025-07-05,WH-C,Carrier-2,East,63.2,203.26,Standard
1342,2026-01-11,2026-01-15,2026-01-20,WH-A,Carrier-1,East,17.4,82.01,Express
1343,2024-10-18,2024-10-26,2024-10-25,WH-A,Carrier-3,West,8.1,40.94,Standard
1344,2025-06-11,2025-06-16,2025-06-20,WH-B,Carrier-1,North,76.4,33.03,Express
1345,2024-10-13,2024-10-21,,WH-C,Carrier-3,North,67.4,193.51,Express
1346,2024-03-11,2024-03-18,2024-03-17,WH-A,Carrier-2,West,62.1,142.01,Critical
1347,2024-01-08,2024-01-15,2024-01-21,WH-D,Carrier-2,North,15.3,49.8,Express
1348,2026-02-25,2026-03-01,2026-03-03,WH-C,Carrier-1,West,16.3,167.4,Standard
1349,2024-09-26,2024-09-29,2024-09-29,WH-A,Carrier-3,South,46.0,199.05,Express
1350,2024-01-20,2024-01-26,2024-01-30,WH-D,Carrier-2,South,29.0,143.32,Standard
1351,2025-03-20,2025-03-26,2025-04-03,WH-C,Carrier-2,East,69.1,128.4,Express
1352,2024-07-15,2024-07-22,2024-07-20,WH-D,Carrier-2,North,69.5,213.48,Express
1353,2026-04-07,2026-04-14,2026-04-13,WH-C,Carrier-3,North,68.9,101.08,Express
1354,2024-12-10,2024-12-14,2024-12-20,WH-C,Carrier-1,West,45.7,116.89,Standard
1355,2026-01-25,2026-02-01,2026-02-03,WH-C,Carrier-2,South,32.8,130.42,Standard
1356,2025-11-02,2025-11-06,2025-11-10,WH-C,Carrier-2,East,36.2,67.47,Critical
1357,2025-01-28,2025-02-03,2025-02-05,WH-A,Carrier-2,North,22.3,46.78,Express
1358,2024-09-17,2024-09-19,2024-09-24,WH-B,Carrier-1,North,74.4,80.86,Critical
1359,2025-01-17,2025-01-24,2025-02-01,WH-A,Carrier-2,South,12.0,191.2,Standard
1360,2025-06-09,2025-06-14,2025-06-18,WH-C,Carrier-1,West,13.2,107.2,Express
1361,2026-04-17,2026-04-24,2026-04-23,WH-D,Carrier-1,West,51.0,112.08,Critical
1362,2025-06-13,2025-06-15,2025-06-15,WH-C,Carrier-1,North,4.7,145.13,Standard
1363,2025-08-03,2025-08-09,2025-08-08,WH-D,Carrier-2,South,63.7,198.09,Standard
1364,2024-08-10,2024-08-12,2024-08-19,WH-C,Carrier-1,East,74.7,67.94,Critical
1365,2024-07-02,2024-07-09,2024-07-12,WH-C,Carrier-1,South,9.8,60.41,Critical
1366,2026-08-28,2026-08-30,2026-08-30,WH-B,Carrier-2,North,10.9,55.8,Critical
1367,2024-04-06,2024-04-10,,WH-D,Carrier-2,South,33.6,225.5,Standard
1368,2026-05-21,2026-05-28,2026-05-26,WH-B,Carrier-1,South,38.3,90.17,Critical
1369,2026-08-21,2026-08-25,2026-08-25,WH-B,Carrier-3,South,16.9,149.22,Critical
1370,2024-12-31,2025-01-06,2025-01-14,WH-C,Carrier-2,West,73.8,64.06,Critical
1371,2024-02-03,2024-02-07,2024-02-15,WH-B,Carrier-2,East,69.9,226.35,Express
1372,2026-02-12,2026-02-16,2026-02-19,WH-B,Carrier-2,East,60.7,115.99,Express
1373,2025-09-29,2025-10-02,2025-10-08,WH-D,Carrier-3,East,34.0,208.05,Critical
1374,2026-03-16,2026-03-24,2026-03-27,WH-C,Carrier-1,East,13.0,5.21,Standard
1375,2025-05-22,2025-05-26,,WH-C,Carrier-1,East,47.5,54.07,Standard
1376,2025-03-28,2025-04-04,2025-04-11,WH-B,Carrier-3,East,28.1,64.51,Critical
1377,2026-05-13,2026-05-19,2026-05-17,WH-D,Carrier-2,West,73.8,69.84,Express
1378,2026-08-23,2026-08-26,2026-08-27,WH-B,Carrier-2,North,58.4,79.18,Critical
1379,2024-07-18,2024-07-22,,WH-D,Carrier-1,South,17.0,137.84,Express
1380,2024-08-03,2024-08-08,2024-08-15,WH-D,Carrier-2,East,39.1,165.41,Critical
1381,2025-05-19,2025-05-23,2025-05-24,WH-A,Carrier-1,North,69.0,133.88,Critical
1382,2024-05-05,2024-05-12,2024-05-11,WH-A,Carrier-3,North,32.5,58.94,Critical
1383,2024-06-05,2024-06-11,2024-06-12,WH-A,Carrier-2,North,77.2,91.77,Express
1384,2026-04-03,2026-04-05,2026-04-13,WH-A,Carrier-1,West,78.4,201.61,Critical
1385,2025-11-28,2025-12-01,2025-11-30,WH-D,Carrier-1,South,48.8,158.28,Critical
1386,2026-01-09,2026-01-13,2026-01-19,WH-D,Carrier-2,West,48.2,11.81,Standard
1387,2026-02-11,2026-02-17,2026-02-22,WH-A,Carrier-1,North,17.8,40.21,Express
1388,2026-06-09,2026-06-12,2026-06-13,WH-C,Carrier-1,North,11.9,197.71,Express
1389,2025-12-03,2025-12-07,2025-12-05,WH-B,Carrier-1,North,58.7,137.79,Express
1390,2024-07-09,2024-07-16,2024-07-16,WH-B,Carrier-3,South,73.1,7.2,Standard
1391,2026-08-17,2026-08-22,2026-08-21,WH-D,Carrier-2,South,52.3,85.98,Critical
1392,2026-03-02,2026-03-07,,WH-D,Carrier-1,East,14.0,142.87,Critical
1393,2025-11-25,2025-11-27,2025-11-27,WH-C,Carrier-1,East,63.6,231.81,Express
1394,2026-04-17,2026-04-19,2026-04-20,WH-B,Carrier-3,South,1.8,56.4,Critical
1395,2026-03-28,2026-03-31,2026-04-05,WH-B,Carrier-3,South,9.2,20.14,Standard
1396,2025-10-25,2025-10-27,2025-10-28,WH-D,Carrier-2,East,54.4,86.49,Critical
1397,2025-10-07,2025-10-10,2025-10-08,WH-D,Carrier-2,North,4.5,49.55,Express
1398,2024-01-11,2024-01-14,2024-01-22,WH-B,Carrier-2,East,73.4,167.16,Critical
1399,2024-12-17,2024-12-23,2024-12-25,WH-C,Carrier-2,East,43.3,196.59,Standard
1400,2025-11-04,2025-11-08,2025-11-08,WH-B,Carrier-3,East,42.4,177.29,Express
1401,2024-09-28,2024-10-04,2024-10-12,WH-C,Carrier-1,East,78.8,10.15,Critical
1402,2025-08-17,2025-08-23,2025-08-26,WH-A,Carrier-3,West,50.3,186.09,Critical
1403,2026-08-25,2026-09-02,2026-09-06,WH-B,Carrier-1,North,46.3,215.74,Critical
1404,2026-07-21,2026-07-27,2026-07-25,WH-C,Carrier-3,North,28.3,79.18,Critical
1405,2026-03-12,2026-03-19,2026-03-19,WH-B,Carrier-3,West,27.6,150.88,Express
1406,2024-01-10,2024-01-12,,WH-B,Carrier-3,South,75.7,209.92,Express
1407,2026-02-22,2026-03-02,2026-03-03,WH-A,Carrier-2,South,8.7,53.23,Standard
1408,2024-03-15,2024-03-22,2024-03-27,WH-B,Carrier-3,South,74.4,38.13,Express
1409,2025-07-08,2025-07-14,,WH-B,Carrier-1,East,60.6,32.51,Standard
1410,2024-07-07,2024-07-15,2024-07-20,WH-A,Carrier-1,North,24.7,126.97,Express
1411,2024-04-14,2024-04-21,2024-04-26,WH-A,Carrier-1,East,10.7,153.67,Standard
1412,2025-07-24,2025-07-28,2025-07-30,WH-A,Carrier-1,South,30.2,104.46,Express
1413,2025-10-05,2025-10-09,2025-10-12,WH-B,Carrier-2,West,42.9,18.38,Standard
1414,2025-04-30,2025-05-02,2025-05-09,WH-B,Carrier-2,East,67.4,165.54,Express
1415,2026-06-07,2026-06-14,2026-06-17,WH-D,Carrier-3,East,75.6,188.69,Critical
1416,2024-12-19,2024-12-24,2024-12-31,WH-A,Carrier-3,East,16.2,109.75,Standard
1417,2025-04-06,2025-04-13,2025-04-21,WH-A,Carrier-3,North,68.2,235.31,Critical
1418,2024-08-05,2024-08-12,2024-08-17,WH-D,Carrier-2,East,39.7,156.31,Standard
1419,2025-06-23,2025-07-01,2025-07-07,WH-A,Carrier-2,West,15.9,62.25,Express
1420,2026-04-13,2026-04-18,2026-04-19,WH-B,Carrier-1,South,30.5,54.2,Standard
1421,2024-01-10,2024-01-18,2024-01-20,WH-B,Carrier-1,North,56.6,37.57,Standard
1422,2026-05-14,2026-05-22,2026-05-29,WH-C,Carrier-3,North,54.4,130.81,Critical
1423,2024-07-24,2024-07-26,2024-07-27,WH-D,Carrier-1,East,33.6,163.95,Standard
1424,2024-03-10,2024-03-17,2024-03-24,WH-C,Carrier-1,North,28.5,104.54,Critical
1425,2026-08-20,2026-08-25,2026-08-26,WH-B,Carrier-3,South,6.9,100.04,Express
1426,2025-09-16,2025-09-18,2025-09-20,WH-C,Carrier-2,West,17.0,55.21,Critical
1427,2024-07-15,2024-07-21,2024-07-19,WH-B,Carrier-3,North,71.9,96.17,Critical
1428,2024-09-14,2024-09-19,2024-09-25,WH-D,Carrier-3,South,58.8,36.4,Critical
1429,2025-02-20,2025-02-26,2025-02-26,WH-D,Carrier-2,East,78.4,56.82,Express
1430,2026-02-19,2026-02-22,2026-02-23,WH-D,Carrier-1,South,75.7,183.14,Express
1431,2024-12-18,2024-12-23,2024-12-21,WH-B,Carrier-3,South,45.8,35.26,Express
1432,2025-04-16,2025-04-19,2025-04-22,WH-C,Carrier-1,West,13.5,45.0,Critical
1433,2024-06-23,2024-07-01,2024-07-03,WH-D,Carrier-3,West,3.2,187.62,Standard
1434,2024-04-17,2024-04-19,2024-04-24,WH-D,Carrier-2,West,5.3,159.29,Standard
1435,2024-02-05,2024-02-13,2024-02-15,WH-C,Carrier-2,South,68.1,49.5,Standard
1436,2024-11-04,2024-11-12,2024-11-11,WH-C,Carrier-1,North,58.9,41.75,Express
1437,2026-07-05,2026-07-10,2026-07-16,WH-A,Carrier-3,East,41.5,79.66,Express
1438,2024-07-04,2024-07-10,2024-07-18,WH-B,Carrier-1,West,34.4,141.77,Critical
1439,2024-04-30,2024-05-04,2024-05-12,WH-D,Carrier-3,South,50.7,105.96,Standard
1440,2025-01-30,2025-02-06,2025-02-04,WH-A,Carrier-3,East,77.7,106.09,Standard
1441,2026-07-30,2026-08-04,2026-08-06,WH-C,Carrier-3,East,67.3,120.68,Critical
1442,2024-11-03,2024-11-07,2024-11-11,WH-B,Carrier-3,North,9.2,17.39,Standard
1443,2025-12-27,2025-12-29,2025-12-28,WH-D,Carrier-2,West,8.9,114.58,Standard
1444,2024-02-19,2024-02-22,2024-02-24,WH-C,Carrier-3,West,16.8,160.71,Express
1445,2025-04-11,2025-04-15,2025-04-14,WH-B,Carrier-3,West,8.7,146.66,Critical
1446,2026-07-10,2026-07-13,2026-07-19,WH-D,Carrier-1,West,36.1,136.63,Standard
1447,2025-05-01,2025-05-04,2025-05-09,WH-A,Carrier-3,East,1.9,200.69,Express
1448,2024-10-25,2024-11-02,2024-11-05,WH-D,Carrier-1,South,0.9,226.36,Express
1449,2025-11-15,2025-11-20,2025-11-25,WH-D,Carrier-2,West,57.7,105.08,Standard
1450,2024-05-24,2024-05-30,2024-05-31,WH-D,Carrier-2,East,32.5,183.28,Express
1451,2026-05-19,2026-05-24,2026-05-29,WH-B,Carrier-2,South,69.1,28.57,Critical
1452,2024-03-06,2024-03-14,2024-03-21,WH-C,Carrier-2,North,76.8,89.11,Critical
1453,2026-05-15,2026-05-21,2026-05-26,WH-A,Carrier-1,South,4.3,9.61,Express
1454,2026-03-26,2026-03-29,2026-03-28,WH-C,Carrier-1,East,35.4,210.26,Express
1455,2026-04-05,2026-04-13,2026-04-21,WH-C,Carrier-3,South,65.9,179.83,Standard
1456,2026-04-24,2026-04-29,2026-04-27,WH-B,Carrier-3,South,72.0,14.36,Express
1457,2025-07-16,2025-07-24,2025-07-28,WH-D,Carrier-2,South,18.6,235.47,Critical
1458,2026-04-17,2026-04-21,2026-04-24,WH-B,Carrier-3,West,64.4,229.37,Express
1459,2024-11-16,2024-11-18,2024-11-22,WH-D,Carrier-2,South,2.4,181.46,Critical
1460,2024-11-16,2024-11-20,2024-11-24,WH-D,Carrier-3,East,10.9,173.5,Critical
1461,2024-03-14,2024-03-17,2024-03-19,WH-B,Carrier-2,West,31.3,183.99,Standard
1462,2024-09-06,2024-09-12,2024-09-17,WH-D,Carrier-1,East,47.5,185.83,Standard
1463,2024-07-12,2024-07-19,2024-07-24,WH-D,Carrier-2,North,32.5,117.37,Express
1464,2025-09-23,2025-09-30,2025-10-01,WH-B,Carrier-2,North,28.3,13.98,Express
1465,2024-11-26,2024-11-29,2024-12-07,WH-D,Carrier-2,West,20.8,180.06,Express
1466,2024-01-15,2024-01-17,2024-01-22,WH-D,Carrier-2,South,42.7,25.51,Express
1467,2025-02-28,2025-03-02,2025-03-08,WH-D,Carrier-2,West,12.6,53.72,Critical
1468,2025-12-15,2025-12-17,2025-12-16,WH-D,Carrier-2,East,22.5,133.84,Standard
1469,2026-06-04,2026-06-06,2026-06-12,WH-A,Carrier-3,North,49.3,21.6,Critical
1470,2024-02-23,2024-02-28,2024-03-03,WH-B,Carrier-3,West,14.6,91.12,Standard
1471,2024-12-15,2024-12-18,2024-12-25,WH-B,Carrier-1,East,51.0,162.8,Critical
1472,2025-04-21,2025-04-23,2025-04-27,WH-B,Carrier-1,North,20.7,154.82,Standard
1473,2024-12-04,2024-12-07,2024-12-12,WH-A,Carrier-3,West,2.8,80.78,Standard
1474,2025-06-22,2025-06-25,2025-07-01,WH-B,Carrier-2,South,25.6,192.52,Critical
1475,2025-12-29,2025-12-31,2026-01-08,WH-D,Carrier-2,South,63.6,227.59,Critical
1476,2025-01-02,2025-01-08,2025-01-08,WH-B,Carrier-1,West,32.0,56.85,Express
1477,2026-07-14,2026-07-22,2026-07-22,WH-A,Carrier-1,West,18.3,217.28,Standard
1478,2026-07-16,2026-07-24,2026-07-27,WH-B,Carrier-2,South,69.0,20.84,Standard
1479,2025-09-02,2025-09-05,2025-09-04,WH-C,Carrier-2,East,64.7,23.15,Standard
1480,2026-08-25,2026-08-31,2026-09-07,WH-B,Carrier-1,South,56.0,91.05,Express
1481,2025-10-05,2025-10-11,2025-10-16,WH-B,Carrier-2,West,39.9,188.24,Critical
1482,2024-06-03,2024-06-09,2024-06-13,WH-A,Carrier-2,South,67.8,106.92,Standard
1483,2026-05-30,2026-06-04,2026-06-06,WH-B,Carrier-2,North,41.8,30.75,Express
1484,2024-10-09,2024-10-15,2024-10-17,WH-B,Carrier-2,East,16.2,155.74,Critical
1485,2026-03-20,2026-03-22,2026-03-25,WH-B,Carrier-1,East,15.4,191.55,Standard
1486,2024-12-23,2024-12-29,2024-12-28,WH-A,Carrier-2,North,1.0,142.74,Standard
1487,2026-01-24,2026-01-30,2026-02-04,WH-C,Carrier-1,West,54.1,216.68,Express
1488,2025-11-27,2025-11-29,2025-12-04,WH-A,Carrier-3,West,13.7,121.49,Express
1489,2024-09-11,2024-09-14,2024-09-16,WH-C,Carrier-2,West,43.1,169.03,Critical
1490,2025-11-10,2025-11-14,2025-11-19,WH-C,Carrier-2,West,64.6,221.87,Standard
1491,2024-02-08,2024-02-15,2024-02-14,WH-C,Carrier-3,South,27.9,125.27,Standard
1492,2025-05-06,2025-05-14,2025-05-17,WH-A,Carrier-3,North,40.0,51.85,Express
1493,2026-04-20,2026-04-22,2026-04-25,WH-C,Carrier-2,North,14.1,136.6,Critical
1494,2025-01-05,2025-01-11,2025-01-18,WH-A,Carrier-1,South,12.5,31.54,Standard
1495,2026-06-26,2026-07-04,2026-07-07,WH-D,Carrier-1,South,36.9,56.88,Standard
1496,2025-05-27,2025-06-01,2025-06-05,WH-B,Carrier-2,South,33.4,203.0,Express
1497,2024-06-14,2024-06-18,2024-06-24,WH-A,Carrier-1,North,46.8,23.63,Critical
1498,2024-06-04,2024-06-09,2024-06-16,WH-D,Carrier-2,West,5.0,210.83,Express
1499,2026-08-04,2026-08-09,2026-08-11,WH-C,Carrier-2,South,35.1,58.97,Standard
1500,2024-10-25,2024-10-27,2024-10-30,WH-A,Carrier-3,North,10.4,89.89,Express
1501,2024-05-30,2024-06-04,2024-06-06,WH-A,Carrier-2,West,19.4,208.8,Standard
1502,2025-07-21,2025-07-29,2025-08-04,WH-B,Carrier-3,East,63.2,48.24,Critical
1503,2026-04-12,2026-04-17,2026-04-24,WH-C,Carrier-3,South,41.1,19.88,Express
1504,2024-06-11,2024-06-15,2024-06-22,WH-D,Carrier-1,West,59.5,101.73,Critical
1505,2024-05-06,2024-05-14,2024-05-12,WH-D,Carrier-2,North,55.5,38.24,Express
1506,2024-08-21,2024-08-28,2024-09-04,WH-B,Carrier-2,South,32.0,160.14,Standard
1507,2026-05-29,2026-06-06,2026-06-04,WH-B,Carrier-1,North,66.4,147.59,Standard
1508,2024-06-11,2024-06-15,2024-06-16,WH-B,Carrier-3,West,64.6,84.92,Critical
1509,2024-12-12,2024-12-20,2024-12-27,WH-C,Carrier-2,East,36.1,145.54,Critical
1510,2024-03-26,2024-03-29,2024-04-02,WH-A,Carrier-1,North,42.8,159.4,Express
1511,2026-07-07,2026-07-11,2026-07-12,WH-D,Carrier-1,South,7.1,158.44,Critical
1512,2026-05-16,2026-05-18,2026-05-18,WH-C,Carrier-1,North,56.8,171.22,Express
1513,2024-07-04,2024-07-12,2024-07-18,WH-A,Carrier-3,South,72.8,195.97,Critical
1514,2025-09-07,2025-09-15,2025-09-17,WH-A,Carrier-2,North,21.7,19.42,Express
1515,2024-12-09,2024-12-17,2024-12-17,WH-C,Carrier-3,West,59.3,148.96,Standard
1516,2026-05-03,2026-05-10,2026-05-09,WH-D,Carrier-3,East,14.3,154.2,Standard
1517,2025-09-07,2025-09-12,2025-09-16,WH-A,Carrier-3,North,75.9,191.41,Standard
1518,2024-10-07,2024-10-14,2024-10-21,WH-C,Carrier-2,South,29.0,56.34,Standard
1519,2026-05-09,2026-05-12,2026-05-15,WH-D,Carrier-1,South,23.0,104.44,Critical
1520,2025-05-07,2025-05-13,2025-05-14,WH-D,Carrier-3,East,28.5,80.2,Express
1521,2025-11-17,2025-11-25,2025-11-23,WH-D,Carrier-3,South,15.5,175.33,Standard
1522,2025-06-23,2025-06-26,2025-06-28,WH-B,Carrier-2,South,38.0,134.21,Standard
1523,2025-01-20,2025-01-28,2025-02-02,WH-D,Carrier-3,East,66.3,215.82,Standard
1524,2026-04-03,2026-04-10,2026-04-12,WH-D,Carrier-3,East,29.7,133.28,Standard
1525,2026-05-18,2026-05-23,2026-05-31,WH-C,Carrier-1,North,39.1,83.93,Standard
1526,2025-05-15,2025-05-17,2025-05-15,WH-B,Carrier-3,West,74.9,86.92,Critical
1527,2024-04-23,2024-04-30,2024-05-05,WH-A,Carrier-1,North,14.1,198.56,Express
1528,2026-03-09,2026-03-17,2026-03-25,WH-B,Carrier-3,East,75.2,19.16,Express
1529,2024-12-12,2024-12-18,2024-12-17,WH-A,Carrier-3,West,28.9,171.2,Express
1530,2024-07-17,2024-07-25,2024-07-30,WH-D,Carrier-2,East,24.5,15.77,Critical
1531,2025-12-24,2025-12-26,2025-12-24,WH-A,Carrier-1,North,47.1,89.21,Express
1532,2024-04-07,2024-04-10,2024-04-08,WH-C,Carrier-2,East,11.3,195.28,Standard
1533,2025-07-12,2025-07-19,2025-07-19,WH-A,Carrier-3,North,6.6,183.63,Critical
1534,2025-10-08,2025-10-10,2025-10-09,WH-A,Carrier-2,East,16.0,186.0,Express
1535,2025-04-17,2025-04-21,2025-04-19,WH-B,Carrier-3,West,70.2,140.42,Critical
1536,2024-10-23,2024-10-26,2024-11-01,WH-B,Carrier-1,North,6.0,196.76,Express
1537,2025-05-09,2025-05-13,2025-05-16,WH-A,Carrier-2,East,29.6,47.84,Standard
1538,2024-05-07,2024-05-11,2024-05-13,WH-A,Carrier-1,North,65.3,236.41,Critical
1539,2026-08-06,2026-08-09,2026-08-07,WH-D,Carrier-3,North,9.0,114.99,Critical
1540,2024-12-08,2024-12-11,2024-12-19,WH-A,Carrier-2,South,4.3,170.93,Standard
1541,2024-09-03,2024-09-06,2024-09-09,WH-A,Carrier-2,East,20.6,90.14,Critical
1542,2024-08-29,2024-09-02,,WH-B,Carrier-3,West,66.1,110.92,Express
1543,2024-06-01,2024-06-07,2024-06-08,WH-A,Carrier-1,West,47.5,166.25,Critical
1544,2024-08-29,2024-08-31,2024-09-03,WH-D,Carrier-2,West,47.9,188.96,Standard
1545,2024-01-05,2024-01-12,2024-01-17,WH-D,Carrier-1,North,47.1,207.1,Standard
1546,2024-12-19,2024-12-23,2024-12-29,WH-A,Carrier-1,East,64.2,85.89,Critical
1547,2024-07-23,2024-07-29,2024-07-30,WH-B,Carrier-1,West,1.9,174.93,Critical
1548,2025-01-15,2025-01-20,2025-01-28,WH-B,Carrier-3,North,47.1,58.73,Standard
1549,2026-02-13,2026-02-16,2026-02-16,WH-C,Carrier-1,West,27.2,128.34,Standard
1550,2025-02-06,2025-02-14,2025-02-21,WH-B,Carrier-1,South,61.9,201.11,Critical
1551,2024-05-10,2024-05-18,2024-05-16,WH-D,Carrier-2,West,71.7,66.36,Critical
1552,2026-01-09,2026-01-12,2026-01-20,WH-A,Carrier-1,South,20.5,186.43,Standard
1553,2024-03-16,2024-03-18,2024-03-17,WH-B,Carrier-1,East,71.7,152.57,Critical
1554,2024-06-14,2024-06-21,2024-06-24,WH-D,Carrier-3,East,48.7,177.83,Standard
1555,2026-07-20,2026-07-25,2026-07-28,WH-A,Carrier-2,South,76.6,33.4,Critical
1556,2024-07-15,2024-07-21,2024-07-20,WH-A,Carrier-1,West,25.7,213.14,Standard
1557,2024-02-10,2024-02-12,2024-02-15,WH-A,Carrier-2,North,6.6,212.08,Standard
1558,2024-02-18,2024-02-21,2024-02-28,WH-C,Carrier-1,East,72.9,183.1,Critical
1559,2025-07-06,2025-07-12,2025-07-12,WH-C,Carrier-2,South,45.7,237.32,Express
1560,2024-01-03,2024-01-08,2024-01-10,WH-B,Carrier-2,East,28.4,198.02,Standard
1561,2024-05-16,2024-05-21,2024-05-22,WH-B,Carrier-1,South,54.8,66.05,Standard
1562,2024-11-24,2024-11-30,2024-12-01,WH-C,Carrier-3,South,44.4,37.41,Critical
1563,2024-07-31,2024-08-06,,WH-C,Carrier-3,North,71.1,130.92,Standard
1564,2024-07-15,2024-07-20,2024-07-18,WH-C,Carrier-1,North,78.3,100.56,Critical
1565,2025-06-17,2025-06-21,2025-06-27,WH-C,Carrier-1,East,44.6,38.3,Express
1566,2026-07-08,2026-07-11,2026-07-16,WH-A,Carrier-3,North,34.2,59.9,Express
1567,2025-03-31,2025-04-06,2025-04-04,WH-D,Carrier-2,South,3.8,183.32,Critical
1568,2026-05-01,2026-05-07,2026-05-09,WH-C,Carrier-1,West,15.4,197.1,Critical
1569,2025-10-14,2025-10-21,2025-10-19,WH-B,Carrier-1,West,46.5,73.37,Express
1570,2025-08-02,2025-08-05,2025-08-08,WH-B,Carrier-1,West,2.9,46.95,Critical
1571,2024-01-19,2024-01-23,2024-01-31,WH-C,Carrier-1,West,31.9,175.29,Critical
1572,2025-09-27,2025-10-02,2025-10-04,WH-A,Carrier-3,North,35.2,97.98,Standard
1573,2026-07-01,2026-07-03,2026-07-10,WH-B,Carrier-1,North,33.6,59.27,Standard
1574,2024-10-13,2024-10-15,2024-10-20,WH-A,Carrier-3,East,30.6,225.28,Standard
1575,2024-09-27,2024-10-05,2024-10-05,WH-D,Carrier-3,East,0.9,143.98,Standard
1576,2025-12-18,2025-12-25,2026-01-02,WH-C,Carrier-3,East,66.1,184.65,Express
1577,2024-08-27,2024-09-01,2024-09-06,WH-B,Carrier-2,North,26.2,35.95,Standard
1578,2024-07-07,2024-07-11,2024-07-10,WH-D,Carrier-3,North,56.6,189.82,Express
1579,2025-03-11,2025-03-15,2025-03-23,WH-A,Carrier-2,East,30.8,210.63,Express
1580,2025-05-14,2025-05-20,2025-05-26,WH-B,Carrier-3,North,49.3,22.5,Express
1581,2024-08-28,2024-09-05,2024-09-08,WH-D,Carrier-2,West,70.4,9.45,Critical
1582,2024-10-15,2024-10-21,2024-10-19,WH-B,Carrier-2,North,67.7,21.0,Express
1583,2026-08-08,2026-08-10,2026-08-17,WH-C,Carrier-3,North,43.2,89.28,Critical
1584,2025-09-03,2025-09-10,2025-09-08,WH-D,Carrier-1,North,66.5,114.43,Critical
1585,2025-03-10,2025-03-17,2025-03-17,WH-B,Carrier-3,East,1.9,214.88,Critical
1586,2024-03-28,2024-04-04,2024-04-04,WH-A,Carrier-1,South,75.4,239.8,Standard
1587,2025-01-27,2025-02-02,2025-02-10,WH-D,Carrier-1,West,32.8,193.78,Critical
1588,2024-11-01,2024-11-09,2024-11-17,WH-A,Carrier-1,East,8.4,31.77,Express
1589,2025-01-17,2025-01-24,2025-01-30,WH-B,Carrier-2,North,18.9,62.16,Critical
1590,2024-10-03,2024-10-10,2024-10-16,WH-B,Carrier-2,North,58.8,178.7,Standard
1591,2025-05-27,2025-06-01,2025-05-30,WH-D,Carrier-3,South,18.7,170.02,Critical
1592,2024-05-17,2024-05-22,2024-05-28,WH-B,Carrier-3,East,29.4,17.32,Critical
1593,2025-01-01,2025-01-03,2025-01-11,WH-A,Carrier-1,East,72.3,100.14,Critical
1594,2024-08-11,2024-08-15,2024-08-16,WH-A,Carrier-3,North,50.9,69.87,Express
1595,2025-05-14,2025-05-21,2025-05-21,WH-C,Carrier-3,West,60.6,20.04,Standard
1596,2024-04-01,2024-04-03,2024-04-11,WH-C,Carrier-2,West,36.2,207.78,Express
1597,2025-09-21,2025-09-24,2025-09-23,WH-A,Carrier-2,East,69.3,14.54,Critical
1598,2025-01-12,2025-01-18,2025-01-20,WH-B,Carrier-3,West,37.4,40.19,Critical
1599,2025-12-12,2025-12-17,2025-12-17,WH-B,Carrier-2,South,26.2,129.1,Critical
1600,2024-05-21,2024-05-28,2024-05-26,WH-D,Carrier-3,East,7.9,30.42,Standard
1601,2025-07-27,2025-08-04,2025-08-05,WH-C,Carrier-1,West,8.6,151.07,Express
1602,2024-04-21,2024-04-29,2024-05-03,WH-C,Carrier-3,North,79.6,100.89,Critical
1603,2025-12-05,2025-12-08,2025-12-12,WH-C,Carrier-1,South,53.5,127.87,Standard
1604,2026-08-06,2026-08-12,2026-08-12,WH-D,Carrier-2,East,25.4,66.21,Standard
1605,2024-05-07,2024-05-10,2024-05-15,WH-D,Carrier-2,East,7.2,77.67,Express
1606,2024-08-07,2024-08-11,2024-08-13,WH-A,Carrier-3,North,4.0,192.74,Express
1607,2026-06-06,2026-06-12,2026-06-18,WH-B,Carrier-3,North,9.3,151.82,Express
1608,2026-01-06,2026-01-08,2026-01-11,WH-C,Carrier-2,North,7.6,58.43,Critical
1609,2024-06-16,2024-06-21,2024-06-19,WH-C,Carrier-1,North,16.7,6.93,Standard
1610,2024-08-12,2024-08-15,2024-08-13,WH-C,Carrier-2,West,18.1,117.6,Express
1611,2024-01-16,2024-01-18,2024-01-24,WH-C,Carrier-1,East,44.6,37.47,Critical
1612,2024-03-04,2024-03-11,2024-03-11,WH-C,Carrier-3,South,62.2,156.19,Standard
1613,2026-01-06,2026-01-10,,WH-B,Carrier-1,West,78.6,50.45,Standard
1614,2026-03-12,2026-03-17,2026-03-18,WH-A,Carrier-2,West,33.9,211.98,Critical
1615,2026-05-08,2026-05-16,2026-05-21,WH-A,Carrier-3,South,10.7,51.91,Standard
1616,2025-10-11,2025-10-19,2025-10-19,WH-D,Carrier-2,East,59.4,150.61,Standard
1617,2024-04-26,2024-04-29,2024-04-29,WH-D,Carrier-3,East,51.4,108.02,Critical
1618,2025-03-30,2025-04-07,2025-04-11,WH-A,Carrier-1,West,37.6,16.8,Standard
1619,2024-12-17,2024-12-24,2024-12-27,WH-A,Carrier-2,West,30.0,52.32,Standard
1620,2026-06-05,2026-06-12,2026-06-16,WH-D,Carrier-3,West,32.4,89.55,Express
1621,2024-05-12,2024-05-14,2024-05-20,WH-C,Carrier-1,North,5.8,182.25,Standard
1622,2026-06-14,2026-06-22,2026-06-29,WH-C,Carrier-2,North,53.1,131.14,Express
1623,2026-05-26,2026-05-31,2026-05-30,WH-A,Carrier-3,East,71.9,144.63,Express
1624,2026-04-21,2026-04-29,2026-05-01,WH-D,Carrier-2,North,76.7,234.55,Standard
1625,2024-05-11,2024-05-15,2024-05-16,WH-A,Carrier-3,West,6.1,115.45,Express
1626,2024-06-05,2024-06-08,2024-06-15,WH-D,Carrier-3,East,30.5,58.32,Standard
1627,2024-09-07,2024-09-12,2024-09-16,WH-D,Carrier-2,West,17.8,8.08,Express
1628,2024-08-30,2024-09-06,,WH-D,Carrier-3,East,8.7,227.54,Critical
1629,2024-05-29,2024-06-04,2024-06-07,WH-C,Carrier-1,East,5.1,116.35,Standard
1630,2024-11-21,2024-11-24,2024-11-25,WH-D,Carrier-1,North,36.0,52.91,Critical
1631,2025-10-10,2025-10-16,2025-10-19,WH-D,Carrier-3,East,52.1,66.54,Critical
1632,2025-10-03,2025-10-06,2025-10-14,WH-C,Carrier-1,North,13.9,37.23,Express
1633,2024-05-19,2024-05-22,2024-05-23,WH-A,Carrier-2,North,38.6,26.41,Standard
1634,2024-11-11,2024-11-17,2024-11-21,WH-B,Carrier-3,West,26.8,171.21,Express
1635,2025-06-27,2025-07-04,2025-07-12,WH-C,Carrier-1,East,40.1,49.47,Standard
1636,2025-09-01,2025-09-09,2025-09-08,WH-C,Carrier-1,West,78.3,239.3,Standard
1637,2024-07-26,2024-07-31,2024-08-04,WH-B,Carrier-2,East,17.7,91.81,Critical
1638,2025-03-02,2025-03-10,2025-03-08,WH-A,Carrier-2,North,58.0,146.67,Critical
1639,2025-05-21,2025-05-27,2025-05-25,WH-C,Carrier-3,North,48.4,146.0,Critical
1640,2024-05-27,2024-06-01,2024-06-05,WH-A,Carrier-2,East,24.6,221.58,Critical
1641,2025-01-05,2025-01-13,2025-01-19,WH-D,Carrier-1,West,75.6,72.24,Critical
1642,2026-01-10,2026-01-18,2026-01-16,WH-C,Carrier-1,West,44.3,22.97,Critical
1643,2024-05-10,2024-05-17,,WH-D,Carrier-1,West,45.9,41.58,Critical
1644,2024-05-03,2024-05-07,2024-05-11,WH-A,Carrier-3,North,21.0,138.43,Express
1645,2025-01-14,2025-01-17,2025-01-18,WH-D,Carrier-1,South,60.0,116.98,Express
1646,2026-04-29,2026-05-01,2026-05-01,WH-A,Carrier-3,South,76.9,59.51,Critical
1647,2025-08-05,2025-08-10,2025-08-12,WH-B,Carrier-2,South,5.6,81.94,Standard
1648,2024-04-05,2024-04-08,,WH-D,Carrier-2,West,24.3,153.75,Express
1649,2025-05-23,2025-05-28,2025-05-26,WH-C,Carrier-2,East,9.3,136.72,Express
1650,2025-06-24,2025-06-30,2025-06-28,WH-B,Carrier-3,East,77.8,173.21,Express
1651,2024-07-26,2024-07-29,2024-07-27,WH-B,Carrier-3,West,68.2,79.07,Express
1652,2025-01-29,2025-02-01,2025-02-06,WH-C,Carrier-3,North,60.8,153.2,Critical
1653,2024-08-01,2024-08-07,2024-08-06,WH-A,Carrier-2,South,56.2,225.67,Standard
1654,2025-08-31,2025-09-08,2025-09-15,WH-A,Carrier-2,East,50.8,12.55,Standard
1655,2025-02-22,2025-02-24,2025-02-26,WH-A,Carrier-3,South,45.7,213.77,Express
1656,2024-06-30,2024-07-04,2024-07-08,WH-C,Carrier-3,South,26.8,224.03,Standard
1657,2024-06-06,2024-06-10,2024-06-14,WH-B,Carrier-1,South,43.2,39.57,Critical
1658,2024-05-24,2024-05-28,2024-05-27,WH-A,Carrier-2,North,38.5,4.69,Standard
1659,2024-06-27,2024-07-01,2024-07-07,WH-A,Carrier-3,West,3.4,41.2,Express
1660,2024-05-28,2024-06-05,2024-06-03,WH-A,Carrier-3,North,61.1,236.65,Express
1661,2025-06-15,2025-06-20,2025-06-18,WH-B,Carrier-2,South,50.9,34.58,Critical
1662,2024-11-18,2024-11-21,2024-11-25,WH-A,Carrier-3,West,52.8,66.27,Critical
1663,2024-11-15,2024-11-21,2024-11-28,WH-A,Carrier-3,South,27.1,59.82,Express
1664,2024-11-01,2024-11-09,2024-11-16,WH-B,Carrier-3,East,61.0,25.35,Standard
1665,2025-12-25,2025-12-28,2026-01-01,WH-A,Carrier-1,West,44.0,77.75,Express
1666,2025-06-07,2025-06-13,2025-06-11,WH-B,Carrier-3,East,71.2,222.1,Critical
1667,2024-04-12,2024-04-17,2024-04-23,WH-D,Carrier-1,West,35.8,55.96,Critical
1668,2026-06-18,2026-06-23,2026-06-26,WH-D,Carrier-2,West,76.1,130.93,Standard
1669,2024-11-19,2024-11-24,2024-12-01,WH-D,Carrier-2,North,74.3,16.55,Standard
1670,2025-04-04,2025-04-07,2025-04-07,WH-D,Carrier-1,North,13.9,168.08,Express
1671,2026-07-03,2026-07-11,2026-07-17,WH-A,Carrier-3,South,48.8,85.01,Standard
1672,2024-05-19,2024-05-24,2024-05-30,WH-B,Carrier-1,North,5.2,122.01,Critical
1673,2024-09-21,2024-09-29,2024-10-02,WH-C,Carrier-3,South,47.6,176.33,Express
1674,2025-01-02,2025-01-10,2025-01-10,WH-B,Carrier-1,East,37.4,227.82,Standard
1675,2024-02-17,2024-02-21,,WH-C,Carrier-1,North,47.7,182.4,Critical
1676,2025-05-10,2025-05-12,2025-05-15,WH-B,Carrier-2,West,77.8,96.98,Critical
1677,2024-01-05,2024-01-09,,WH-C,Carrier-2,East,27.7,188.93,Critical
1678,2025-06-14,2025-06-19,,WH-C,Carrier-3,North,18.2,211.29,Critical
1679,2026-04-13,2026-04-18,2026-04-21,WH-C,Carrier-3,South,65.6,171.1,Standard
1680,2026-03-29,2026-03-31,2026-03-30,WH-C,Carrier-1,West,75.7,196.52,Critical
1681,2024-02-14,2024-02-18,2024-02-20,WH-D,Carrier-3,West,26.2,166.8,Express
1682,2026-07-06,2026-07-11,2026-07-17,WH-B,Carrier-3,West,23.4,29.5,Standard
1683,2024-11-13,2024-11-21,2024-11-20,WH-A,Carrier-2,East,34.7,88.01,Express
1684,2026-01-23,2026-01-31,2026-01-30,WH-D,Carrier-1,East,71.6,99.36,Express
1685,2024-11-21,2024-11-23,2024-11-24,WH-A,Carrier-1,East,66.5,181.92,Standard
1686,2024-06-19,2024-06-22,2024-06-25,WH-C,Carrier-3,East,34.0,18.13,Critical
1687,2025-11-21,2025-11-26,2025-11-29,WH-B,Carrier-3,South,41.6,93.06,Standard
1688,2024-11-04,2024-11-10,2024-11-12,WH-D,Carrier-1,East,49.3,125.11,Critical
1689,2025-05-16,2025-05-22,2025-05-29,WH-D,Carrier-3,South,55.6,80.41,Standard
1690,2025-04-13,2025-04-20,2025-04-20,WH-B,Carrier-1,North,45.0,214.29,Critical
1691,2026-07-04,2026-07-07,2026-07-12,WH-C,Carrier-3,South,56.3,119.49,Critical
1692,2025-05-18,2025-05-26,,WH-B,Carrier-2,East,34.9,223.82,Critical
1693,2026-08-09,2026-08-13,2026-08-14,WH-C,Carrier-2,West,52.9,123.88,Express
1694,2025-02-08,2025-02-16,2025-02-15,WH-D,Carrier-1,East,78.9,134.81,Standard
1695,2024-05-06,2024-05-11,2024-05-11,WH-B,Carrier-3,South,32.4,197.59,Standard
1696,2025-07-16,2025-07-24,2025-07-27,WH-C,Carrier-2,East,38.3,56.53,Express
1697,2025-05-01,2025-05-03,2025-05-06,WH-B,Carrier-2,North,12.5,69.36,Express
1698,2025-01-05,2025-01-11,2025-01-16,WH-D,Carrier-1,South,48.7,117.56,Critical
1699,2024-06-03,2024-06-06,2024-06-05,WH-A,Carrier-3,West,61.0,141.74,Critical
1700,2025-04-05,2025-04-10,2025-04-10,WH-A,Carrier-2,West,35.0,235.48,Standard
1701,2024-12-17,2024-12-25,2024-12-28,WH-C,Carrier-3,North,76.8,18.57,Standard
1702,2026-08-26,2026-08-28,2026-08-26,WH-D,Carrier-2,North,55.7,18.53,Express
1703,2024-09-24,2024-09-29,2024-10-01,WH-B,Carrier-1,West,7.1,76.7,Standard
1704,2026-07-21,2026-07-28,2026-08-02,WH-D,Carrier-1,South,32.3,237.02,Express
1705,2025-01-15,2025-01-19,2025-01-19,WH-C,Carrier-1,East,74.2,165.69,Critical
1706,2025-11-03,2025-11-10,2025-11-14,WH-A,Carrier-3,North,60.7,120.68,Critical
1707,2025-03-24,2025-03-30,2025-04-03,WH-D,Carrier-2,East,71.0,139.96,Critical
1708,2025-07-25,2025-07-30,2025-07-28,WH-D,Carrier-2,South,32.7,164.6,Critical
1709,2025-07-14,2025-07-22,2025-07-25,WH-D,Carrier-3,East,36.0,129.76,Critical
1710,2024-01-22,2024-01-24,2024-01-23,WH-D,Carrier-1,East,50.5,185.61,Express
1711,2026-08-04,2026-08-11,2026-08-19,WH-C,Carrier-3,North,32.6,68.05,Express
1712,2024-02-11,2024-02-15,2024-02-15,WH-C,Carrier-2,East,43.8,67.57,Standard
1713,2025-11-24,2025-11-29,2025-11-27,WH-C,Carrier-1,West,15.3,135.77,Standard
1714,2026-08-09,2026-08-14,2026-08-13,WH-B,Carrier-3,West,15.5,165.49,Express
1715,2024-07-19,2024-07-21,2024-07-23,WH-D,Carrier-1,West,17.2,216.09,Standard
1716,2025-11-27,2025-12-02,2025-12-06,WH-C,Carrier-1,West,77.5,206.75,Express
1717,2024-05-26,2024-06-01,2024-05-30,WH-B,Carrier-3,North,56.3,226.08,Critical
1718,2025-04-12,2025-04-15,2025-04-17,WH-D,Carrier-2,West,41.9,53.13,Standard
1719,2024-04-08,2024-04-11,2024-04-19,WH-D,Carrier-3,South,1.9,103.17,Express
1720,2025-09-30,2025-10-06,2025-10-13,WH-D,Carrier-1,East,38.4,220.44,Critical
1721,2025-07-15,2025-07-18,2025-07-25,WH-B,Carrier-2,West,45.0,205.45,Standard
1722,2024-03-29,2024-04-02,2024-04-08,WH-C,Carrier-3,West,71.1,93.0,Express
1723,2025-06-23,2025-06-29,2025-07-04,WH-C,Carrier-3,South,9.0,220.2,Standard
1724,2025-09-06,2025-09-14,2025-09-15,WH-A,Carrier-1,South,66.5,136.16,Express
1725,2024-11-27,2024-12-03,2024-12-02,WH-C,Carrier-3,North,24.9,132.37,Express
1726,2025-10-09,2025-10-14,2025-10-18,WH-C,Carrier-2,South,2.1,220.01,Critical
1727,2025-05-18,2025-05-21,2025-05-23,WH-C,Carrier-1,North,0.7,108.57,Critical
1728,2026-08-05,2026-08-12,,WH-B,Carrier-1,South,29.9,235.46,Critical
1729,2025-03-22,2025-03-26,2025-03-25,WH-A,Carrier-2,South,35.7,69.19,Standard
1730,2025-04-25,2025-04-30,2025-04-28,WH-B,Carrier-1,East,19.4,183.61,Express
1731,2024-01-06,2024-01-08,2024-01-15,WH-D,Carrier-2,East,74.3,63.96,Express
1732,2025-01-09,2025-01-14,2025-01-12,WH-A,Carrier-3,South,15.4,11.92,Standard
1733,2025-02-08,2025-02-16,2025-02-15,WH-B,Carrier-3,South,25.9,11.38,Express
1734,2024-02-10,2024-02-14,2024-02-22,WH-C,Carrier-2,South,67.2,19.21,Standard
1735,2024-06-14,2024-06-18,2024-06-21,WH-C,Carrier-1,East,61.2,203.25,Critical
1736,2024-11-11,2024-11-14,2024-11-16,WH-A,Carrier-2,West,40.9,199.27,Standard
1737,2024-03-21,2024-03-25,2024-03-28,WH-C,Carrier-3,East,67.6,188.88,Critical
1738,2025-12-25,2025-12-31,2026-01-06,WH-B,Carrier-3,North,68.8,96.39,Critical
1739,2024-11-02,2024-11-06,2024-11-13,WH-C,Carrier-3,West,75.8,29.4,Express
1740,2026-04-01,2026-04-04,2026-04-06,WH-C,Carrier-3,South,67.9,85.29,Critical
1741,2024-07-30,2024-08-02,2024-08-10,WH-B,Carrier-2,South,46.8,172.69,Express
1742,2025-08-26,2025-09-03,2025-09-01,WH-D,Carrier-3,South,28.1,164.18,Critical
1743,2026-03-30,2026-04-05,2026-04-12,WH-C,Carrier-2,West,18.2,89.97,Standard
1744,2026-01-30,2026-02-03,2026-02-07,WH-A,Carrier-3,North,56.5,66.04,Standard
1745,2025-08-11,2025-08-16,2025-08-17,WH-D,Carrier-1,West,12.4,96.7,Express
1746,2024-02-27,2024-03-06,2024-03-11,WH-D,Carrier-1,North,39.2,29.51,Express
1747,2025-11-27,2025-12-03,2025-12-08,WH-B,Carrier-3,North,27.8,113.56,Express
1748,2025-10-09,2025-10-12,2025-10-15,WH-A,Carrier-2,East,54.4,135.19,Standard
1749,2026-05-17,2026-05-22,2026-05-27,WH-A,Carrier-3,North,77.2,170.64,Standard
1750,2024-11-17,2024-11-23,2024-11-29,WH-B,Carrier-2,East,23.2,97.23,Critical
1751,2024-07-01,2024-07-09,2024-07-08,WH-B,Carrier-3,North,39.0,130.51,Standard
1752,2025-11-15,2025-11-20,2025-11-25,WH-C,Carrier-2,West,51.7,66.85,Critical
1753,2025-10-01,2025-10-08,2025-10-12,WH-C,Carrier-3,East,33.7,236.43,Critical
1754,2025-10-12,2025-10-20,2025-10-27,WH-C,Carrier-2,West,25.9,213.57,Standard
1755,2024-04-05,2024-04-10,2024-04-11,WH-D,Carrier-2,East,51.4,43.72,Express
1756,2025-02-11,2025-02-15,2025-02-16,WH-A,Carrier-1,North,18.9,134.14,Express
1757,2024-12-11,2024-12-14,2024-12-16,WH-B,Carrier-3,East,39.2,120.18,Standard
1758,2025-06-04,2025-06-10,2025-06-14,WH-A,Carrier-2,West,63.4,48.83,Critical
1759,2024-05-20,2024-05-22,2024-05-27,WH-B,Carrier-2,South,59.1,113.9,Express
1760,2024-08-25,2024-09-02,2024-09-08,WH-A,Carrier-1,West,42.5,82.99,Express
1761,2026-02-18,2026-02-26,2026-03-06,WH-C,Carrier-2,West,42.4,237.91,Express
1762,2024-09-25,2024-10-01,2024-09-30,WH-B,Carrier-1,North,51.5,35.48,Express
1763,2025-06-24,2025-06-27,2025-06-25,WH-A,Carrier-3,East,54.7,222.25,Critical
1764,2025-08-19,2025-08-22,2025-08-20,WH-B,Carrier-3,East,3.8,129.96,Express
1765,2026-06-03,2026-06-11,2026-06-09,WH-D,Carrier-1,North,76.1,29.77,Critical
1766,2025-11-04,2025-11-11,,WH-A,Carrier-2,West,26.4,148.12,Critical
1767,2025-06-23,2025-07-01,2025-06-30,WH-A,Carrier-1,North,5.3,96.58,Critical
1768,2025-02-24,2025-03-01,2025-03-06,WH-B,Carrier-2,West,12.2,209.21,Standard
1769,2026-06-27,2026-06-30,2026-07-06,WH-C,Carrier-2,North,41.7,206.11,Critical
1770,2025-12-16,2025-12-21,2025-12-21,WH-B,Carrier-2,North,36.7,230.88,Standard
1771,2025-03-28,2025-03-30,2025-04-01,WH-B,Carrier-1,South,33.0,199.71,Standard
1772,2026-05-31,2026-06-04,2026-06-10,WH-C,Carrier-2,North,10.2,102.75,Standard
1773,2024-04-27,2024-04-29,2024-04-27,WH-A,Carrier-3,South,57.6,10.3,Express
1774,2024-11-24,2024-11-28,2024-11-27,WH-D,Carrier-2,East,3.4,18.42,Standard
1775,2026-08-11,2026-08-19,2026-08-21,WH-A,Carrier-2,North,46.5,143.01,Critical
1776,2024-09-19,2024-09-21,2024-09-24,WH-B,Carrier-3,North,8.3,122.83,Standard
1777,2024-01-26,2024-02-01,2024-02-03,WH-B,Carrier-1,South,42.5,144.84,Standard
1778,2024-12-17,2024-12-22,2024-12-25,WH-B,Carrier-3,West,8.8,7.29,Standard
1779,2026-07-15,2026-07-20,2026-07-21,WH-D,Carrier-3,South,55.4,176.71,Standard
1780,2025-07-08,2025-07-13,2025-07-14,WH-C,Carrier-1,South,31.0,131.4,Express
1781,2026-04-08,2026-04-16,2026-04-16,WH-D,Carrier-2,West,29.0,69.85,Express
1782,2025-12-20,2025-12-24,2025-12-29,WH-D,Carrier-2,East,41.5,205.73,Standard
1783,2025-02-06,2025-02-11,,WH-B,Carrier-1,South,8.3,177.22,Express
1784,2025-08-21,2025-08-25,2025-08-31,WH-A,Carrier-3,East,76.0,11.82,Standard
1785,2024-01-09,2024-01-17,2024-01-20,WH-C,Carrier-3,East,8.8,47.9,Express
1786,2025-01-03,2025-01-08,2025-01-12,WH-A,Carrier-3,North,27.7,136.97,Critical
1787,2025-10-30,2025-11-02,2025-11-05,WH-C,Carrier-1,South,24.5,87.57,Express
1788,2026-02-25,2026-02-27,2026-02-27,WH-B,Carrier-2,South,28.5,152.75,Standard
1789,2026-04-10,2026-04-13,2026-04-14,WH-A,Carrier-1,North,43.8,21.45,Critical
1790,2024-05-24,2024-05-30,2024-06-04,WH-C,Carrier-2,North,24.0,85.17,Express
1791,2024-03-17,2024-03-25,2024-04-02,WH-D,Carrier-1,North,46.3,113.08,Express
1792,2025-12-29,2026-01-04,2026-01-12,WH-B,Carrier-3,South,39.5,127.41,Critical
1793,2024-12-31,2025-01-08,,WH-C,Carrier-2,North,69.7,60.94,Critical
1794,2025-06-17,2025-06-25,2025-07-01,WH-A,Carrier-3,East,48.3,163.05,Critical
1795,2026-04-27,2026-05-04,2026-05-10,WH-A,Carrier-3,South,36.0,80.55,Standard
1796,2026-04-09,2026-04-11,2026-04-19,WH-B,Carrier-1,West,28.4,235.8,Standard
1797,2025-02-11,2025-02-17,,WH-B,Carrier-3,South,3.0,161.09,Express
1798,2026-05-27,2026-06-03,2026-06-08,WH-B,Carrier-3,South,25.8,35.68,Express
1799,2026-04-25,2026-05-01,2026-04-30,WH-D,Carrier-2,West,39.4,63.1,Express
1800,2025-06-08,2025-06-12,2025-06-10,WH-C,Carrier-1,East,47.6,190.4,Express
1801,2026-07-01,2026-07-03,2026-07-02,WH-C,Carrier-2,East,34.9,186.23,Critical
1802,2024-05-01,2024-05-04,2024-05-09,WH-C,Carrier-3,East,71.4,77.83,Standard
1803,2024-11-23,2024-11-26,2024-12-03,WH-B,Carrier-1,South,38.7,66.24,Standard
1804,2025-09-04,2025-09-06,2025-09-11,WH-B,Carrier-3,South,52.8,75.61,Express
1805,2025-07-04,2025-07-06,2025-07-07,WH-D,Carrier-2,East,9.8,10.92,Express
1806,2024-09-08,2024-09-13,2024-09-21,WH-B,Carrier-2,East,2.2,159.39,Standard
1807,2026-04-13,2026-04-18,2026-04-18,WH-A,Carrier-1,South,47.3,188.32,Standard
1808,2024-02-12,2024-02-20,2024-02-20,WH-D,Carrier-2,East,28.1,113.33,Critical
1809,2026-05-14,2026-05-19,2026-05-23,WH-A,Carrier-1,South,51.2,19.87,Express
1810,2026-03-02,2026-03-06,2026-03-08,WH-D,Carrier-2,South,4.4,167.15,Standard
1811,2025-07-18,2025-07-21,2025-07-20,WH-C,Carrier-1,North,76.1,182.32,Standard
1812,2025-12-02,2025-12-07,2025-12-05,WH-A,Carrier-3,North,54.8,41.7,Critical
1813,2025-03-08,2025-03-16,2025-03-16,WH-B,Carrier-1,North,28.0,128.72,Express
1814,2024-04-10,2024-04-12,2024-04-11,WH-A,Carrier-1,North,78.8,211.44,Critical
1815,2025-02-04,2025-02-07,2025-02-10,WH-A,Carrier-1,South,48.3,14.5,Express
1816,2026-02-04,2026-02-07,2026-02-09,WH-D,Carrier-3,South,28.5,231.49,Critical
1817,2024-03-14,2024-03-18,2024-03-20,WH-D,Carrier-2,West,61.1,85.5,Standard
1818,2026-07-09,2026-07-13,,WH-C,Carrier-1,North,55.9,63.44,Standard
1819,2024-04-10,2024-04-13,2024-04-14,WH-B,Carrier-2,North,73.3,135.68,Critical
1820,2025-02-18,2025-02-26,2025-02-25,WH-D,Carrier-2,North,58.1,224.92,Express
1821,2025-11-23,2025-11-29,2025-12-07,WH-A,Carrier-3,North,1.7,184.92,Standard
1822,2024-09-02,2024-09-10,2024-09-16,WH-B,Carrier-2,North,38.9,182.93,Critical
1823,2026-01-10,2026-01-14,2026-01-12,WH-B,Carrier-1,East,9.8,164.5,Critical
1824,2024-02-16,2024-02-24,2024-02-24,WH-A,Carrier-2,South,20.6,197.37,Critical
1825,2024-02-19,2024-02-23,2024-02-27,WH-C,Carrier-2,South,43.4,143.82,Critical
1826,2024-03-04,2024-03-12,2024-03-17,WH-B,Carrier-3,East,79.3,159.31,Standard
1827,2024-10-04,2024-10-08,2024-10-08,WH-A,Carrier-3,West,18.0,231.79,Standard
1828,2024-03-11,2024-03-18,2024-03-21,WH-A,Carrier-1,East,8.6,124.66,Critical
1829,2024-05-22,2024-05-27,2024-05-25,WH-A,Carrier-1,South,60.1,195.03,Standard
1830,2025-04-18,2025-04-23,2025-04-21,WH-A,Carrier-1,North,46.3,28.5,Critical
1831,2025-01-18,2025-01-23,2025-01-27,WH-A,Carrier-3,East,24.4,46.61,Critical
1832,2025-08-20,2025-08-22,2025-08-23,WH-B,Carrier-3,East,48.2,80.46,Express
1833,2025-12-05,2025-12-09,2025-12-07,WH-D,Carrier-1,East,41.3,4.87,Express
1834,2026-05-16,2026-05-20,2026-05-18,WH-B,Carrier-2,East,68.1,175.04,Express
1835,2024-03-20,2024-03-25,2024-04-02,WH-D,Carrier-3,South,40.3,79.27,Standard
1836,2024-09-18,2024-09-23,2024-09-29,WH-A,Carrier-1,South,70.8,223.33,Standard
1837,2025-11-22,2025-11-27,2025-11-28,WH-A,Carrier-1,West,59.5,53.15,Standard
1838,2025-09-26,2025-10-03,2025-10-10,WH-B,Carrier-3,South,63.0,113.99,Express
1839,2025-08-13,2025-08-18,2025-08-22,WH-C,Carrier-2,East,76.2,4.35,Critical
1840,2025-06-24,2025-07-01,2025-07-09,WH-C,Carrier-3,West,59.1,179.93,Critical
1841,2025-10-06,2025-10-11,2025-10-17,WH-D,Carrier-2,West,61.4,208.65,Express
1842,2025-11-12,2025-11-16,2025-11-16,WH-C,Carrier-2,West,27.3,77.7,Critical
1843,2024-02-22,2024-02-29,,WH-A,Carrier-1,West,19.3,32.58,Express
1844,2026-03-11,2026-03-18,2026-03-25,WH-D,Carrier-1,East,60.4,144.64,Critical
1845,2025-07-02,2025-07-09,2025-07-08,WH-B,Carrier-2,North,54.8,30.46,Express
1846,2024-10-28,2024-11-04,2024-11-10,WH-C,Carrier-2,West,29.7,158.2,Express
1847,2024-01-31,2024-02-08,2024-02-07,WH-D,Carrier-3,South,71.2,26.7,Standard
1848,2024-11-19,2024-11-24,,WH-B,Carrier-1,South,27.2,45.04,Standard
1849,2026-03-02,2026-03-09,2026-03-16,WH-C,Carrier-1,North,3.0,124.77,Critical
1850,2026-05-31,2026-06-03,2026-06-09,WH-B,Carrier-1,South,65.6,198.74,Critical
1851,2025-02-03,2025-02-10,2025-02-09,WH-B,Carrier-3,East,55.4,59.17,Express
1852,2026-08-26,2026-09-02,2026-09-07,WH-A,Carrier-2,North,73.2,113.66,Critical
1853,2025-11-09,2025-11-15,2025-11-23,WH-D,Carrier-1,West,42.2,150.3,Express
1854,2026-03-24,2026-03-30,2026-03-30,WH-C,Carrier-1,East,68.4,44.47,Express
1855,2025-08-19,2025-08-21,2025-08-22,WH-C,Carrier-3,East,69.0,236.72,Express
1856,2024-12-27,2024-12-29,2024-12-30,WH-C,Carrier-3,East,31.0,82.58,Critical
1857,2026-05-01,2026-05-09,2026-05-12,WH-C,Carrier-2,East,21.1,178.1,Express
1858,2025-01-02,2025-01-10,2025-01-18,WH-C,Carrier-2,West,22.5,42.96,Standard
1859,2026-05-14,2026-05-20,2026-05-26,WH-D,Carrier-1,South,35.3,190.75,Critical
1860,2024-07-08,2024-07-12,2024-07-16,WH-A,Carrier-1,East,33.5,67.82,Express
1861,2025-01-10,2025-01-16,2025-01-24,WH-C,Carrier-2,West,23.9,174.64,Standard
1862,2024-02-22,2024-02-29,2024-03-02,WH-B,Carrier-1,South,78.2,48.0,Critical
1863,2024-08-04,2024-08-10,2024-08-13,WH-D,Carrier-1,North,6.2,139.17,Critical
1864,2026-03-27,2026-03-31,2026-04-05,WH-A,Carrier-1,South,35.2,21.25,Critical
1865,2025-12-22,2025-12-24,2025-12-24,WH-A,Carrier-1,South,68.5,40.39,Standard
1866,2026-07-03,2026-07-05,2026-07-10,WH-A,Carrier-1,North,74.1,111.34,Standard
1867,2024-09-22,2024-09-29,2024-10-01,WH-B,Carrier-2,East,64.6,203.87,Critical
1868,2026-03-27,2026-04-01,2026-03-30,WH-B,Carrier-3,West,52.6,151.88,Standard
1869,2025-05-18,2025-05-22,2025-05-25,WH-D,Carrier-1,West,17.4,87.95,Express
1870,2024-04-16,2024-04-21,2024-04-28,WH-D,Carrier-1,East,58.4,215.07,Critical
1871,2024-08-28,2024-09-01,2024-09-03,WH-A,Carrier-3,South,71.7,42.65,Critical
1872,2024-12-07,2024-12-14,2024-12-20,WH-B,Carrier-2,North,23.9,182.39,Critical
1873,2024-05-06,2024-05-09,2024-05-07,WH-A,Carrier-2,East,0.9,140.1,Standard
1874,2025-10-31,2025-11-02,2025-11-06,WH-D,Carrier-1,South,43.3,117.01,Express
1875,2025-08-01,2025-08-09,,WH-A,Carrier-3,East,70.4,191.82,Standard
1876,2026-01-13,2026-01-21,2026-01-19,WH-D,Carrier-1,North,8.6,152.59,Express
1877,2024-11-19,2024-11-24,2024-11-25,WH-B,Carrier-3,North,16.7,140.63,Standard
1878,2025-09-08,2025-09-15,2025-09-15,WH-C,Carrier-3,South,16.5,115.73,Standard
1879,2025-11-21,2025-11-27,2025-12-05,WH-A,Carrier-3,East,68.3,221.38,Standard
1880,2024-03-28,2024-04-01,,WH-D,Carrier-1,North,79.3,86.55,Standard
1881,2024-10-10,2024-10-15,2024-10-21,WH-D,Carrier-1,South,36.8,145.46,Standard
1882,2024-07-17,2024-07-24,2024-07-27,WH-D,Carrier-3,South,59.4,46.55,Standard
1883,2024-03-28,2024-04-04,,WH-C,Carrier-3,South,41.8,143.55,Express
1884,2026-08-03,2026-08-10,2026-08-10,WH-C,Carrier-1,South,24.2,175.86,Standard
1885,2024-12-12,2024-12-14,2024-12-22,WH-C,Carrier-3,South,2.8,130.25,Express
1886,2025-08-16,2025-08-24,2025-08-25,WH-B,Carrier-2,West,34.3,119.41,Express
1887,2026-05-23,2026-05-26,2026-05-30,WH-D,Carrier-3,South,4.8,71.41,Standard
1888,2025-10-11,2025-10-17,2025-10-24,WH-C,Carrier-2,South,56.1,77.18,Critical
1889,2025-03-24,2025-03-31,2025-03-29,WH-C,Carrier-3,North,71.5,114.59,Standard
1890,2025-06-21,2025-06-28,2025-07-04,WH-D,Carrier-2,West,45.0,129.36,Critical
1891,2024-02-18,2024-02-26,2024-03-02,WH-B,Carrier-2,South,51.9,107.59,Critical
1892,2024-11-03,2024-11-05,2024-11-09,WH-C,Carrier-1,East,32.9,11.24,Critical
1893,2025-02-12,2025-02-15,2025-02-20,WH-C,Carrier-2,East,75.6,231.64,Express
1894,2026-02-04,2026-02-07,2026-02-13,WH-C,Carrier-2,East,78.5,72.69,Express
1895,2025-11-23,2025-11-26,2025-11-26,WH-A,Carrier-2,South,29.3,227.58,Express
1896,2026-03-29,2026-03-31,2026-03-30,WH-A,Carrier-2,South,45.6,215.42,Standard
1897,2026-05-18,2026-05-23,2026-05-31,WH-B,Carrier-2,South,41.3,14.67,Express
1898,2025-04-07,2025-04-13,2025-04-12,WH-B,Carrier-3,West,42.7,183.5,Standard
1899,2024-03-07,2024-03-11,2024-03-10,WH-B,Carrier-3,South,61.4,46.51,Critical
1900,2025-11-15,2025-11-21,2025-11-28,WH-C,Carrier-3,South,19.7,196.34,Standard
1901,2025-10-17,2025-10-24,2025-10-30,WH-C,Carrier-2,South,55.9,124.92,Standard
1902,2024-10-27,2024-11-04,2024-11-07,WH-A,Carrier-2,South,49.6,4.61,Standard
1903,2024-04-04,2024-04-08,2024-04-08,WH-D,Carrier-1,North,74.7,224.11,Standard
1904,2024-05-05,2024-05-08,2024-05-14,WH-D,Carrier-3,East,35.2,192.95,Critical
1905,2024-06-23,2024-07-01,,WH-B,Carrier-3,East,22.3,213.07,Critical
1906,2025-06-19,2025-06-22,2025-06-20,WH-D,Carrier-3,West,56.6,70.82,Standard
1907,2026-08-23,2026-08-26,2026-08-28,WH-A,Carrier-2,North,64.3,73.55,Critical
1908,2025-11-17,2025-11-20,2025-11-28,WH-D,Carrier-2,West,66.5,117.91,Standard
1909,2024-02-26,2024-03-04,2024-03-12,WH-D,Carrier-1,North,38.9,110.69,Express
1910,2025-11-10,2025-11-18,2025-11-18,WH-B,Carrier-2,East,44.6,129.4,Standard
1911,2025-09-28,2025-10-06,2025-10-10,WH-B,Carrier-3,West,79.5,98.76,Critical
1912,2026-02-27,2026-03-04,2026-03-12,WH-B,Carrier-2,East,16.5,63.37,Critical
1913,2025-04-05,2025-04-10,2025-04-14,WH-A,Carrier-1,North,57.5,125.82,Standard
1914,2024-07-07,2024-07-12,2024-07-17,WH-D,Carrier-1,North,34.8,29.73,Express
1915,2024-12-01,2024-12-05,2024-12-10,WH-A,Carrier-1,West,75.3,34.28,Standard
1916,2026-06-04,2026-06-10,2026-06-15,WH-B,Carrier-1,North,18.4,200.13,Express
1917,2026-01-12,2026-01-19,2026-01-26,WH-B,Carrier-3,West,60.0,150.84,Critical
1918,2025-02-17,2025-02-21,2025-02-23,WH-B,Carrier-2,North,52.6,77.84,Express
1919,2026-05-22,2026-05-27,2026-06-02,WH-C,Carrier-3,North,5.9,134.34,Express
1920,2024-06-11,2024-06-15,2024-06-14,WH-A,Carrier-3,South,54.4,104.83,Standard
1921,2025-04-06,2025-04-14,2025-04-17,WH-C,Carrier-2,North,22.4,122.19,Critical
1922,2025-03-01,2025-03-04,2025-03-12,WH-A,Carrier-3,North,15.1,139.33,Express
1923,2025-08-24,2025-08-30,2025-09-01,WH-D,Carrier-3,West,42.2,82.64,Critical
1924,2024-11-19,2024-11-24,2024-11-28,WH-D,Carrier-3,West,42.0,18.48,Express
1925,2025-05-24,2025-05-29,2025-05-27,WH-C,Carrier-2,West,44.6,11.41,Standard
1926,2026-07-23,2026-07-29,2026-08-01,WH-D,Carrier-1,West,40.2,9.99,Standard
1927,2025-04-02,2025-04-04,2025-04-03,WH-D,Carrier-2,North,51.1,25.95,Critical
1928,2026-08-26,2026-09-02,2026-09-04,WH-D,Carrier-3,North,76.6,124.22,Express
1929,2025-05-25,2025-06-02,2025-06-06,WH-C,Carrier-2,West,49.0,147.22,Express
1930,2024-03-27,2024-03-31,2024-04-05,WH-D,Carrier-3,East,26.7,95.62,Express
1931,2024-10-05,2024-10-08,2024-10-16,WH-C,Carrier-1,East,56.0,101.55,Critical
1932,2026-05-05,2026-05-13,2026-05-13,WH-A,Carrier-3,West,49.1,16.91,Express
1933,2024-01-15,2024-01-20,,WH-A,Carrier-2,North,79.8,238.52,Critical
1934,2025-09-03,2025-09-06,2025-09-14,WH-D,Carrier-1,West,73.2,79.19,Express
1935,2026-04-19,2026-04-26,2026-04-25,WH-B,Carrier-2,North,34.7,30.2,Express
1936,2024-07-22,2024-07-24,2024-07-31,WH-C,Carrier-3,South,2.4,106.72,Critical
1937,2026-07-26,2026-08-01,2026-08-02,WH-A,Carrier-1,South,27.9,36.26,Standard
1938,2025-03-03,2025-03-06,2025-03-10,WH-B,Carrier-1,West,79.6,133.56,Standard
1939,2026-01-20,2026-01-23,2026-01-28,WH-B,Carrier-3,South,41.1,127.26,Express
1940,2026-02-02,2026-02-10,2026-02-18,WH-A,Carrier-3,North,38.5,70.93,Express
1941,2024-11-12,2024-11-17,2024-11-15,WH-A,Carrier-3,South,20.7,168.2,Standard
1942,2024-06-02,2024-06-04,2024-06-04,WH-A,Carrier-3,North,41.7,231.6,Standard
1943,2024-07-12,2024-07-16,2024-07-20,WH-C,Carrier-1,South,12.2,17.19,Standard
1944,2025-05-01,2025-05-04,,WH-A,Carrier-2,North,69.8,188.0,Standard
1945,2024-08-21,2024-08-29,,WH-A,Carrier-3,South,43.1,141.17,Express
1946,2025-11-12,2025-11-19,2025-11-19,WH-A,Carrier-2,North,39.8,206.1,Critical
1947,2024-07-26,2024-07-31,2024-08-04,WH-C,Carrier-1,East,63.2,155.88,Critical
1948,2024-05-07,2024-05-09,2024-05-10,WH-C,Carrier-3,East,77.6,127.71,Standard
1949,2025-10-08,2025-10-14,,WH-A,Carrier-1,East,72.5,52.69,Standard
1950,2024-11-19,2024-11-27,2024-11-25,WH-C,Carrier-2,North,12.7,207.98,Critical
1951,2025-12-10,2025-12-12,2025-12-16,WH-D,Carrier-3,South,29.5,113.04,Standard
1952,2026-06-25,2026-07-02,2026-07-07,WH-C,Carrier-2,South,55.8,39.24,Express
1953,2025-01-24,2025-01-28,2025-02-01,WH-C,Carrier-3,West,73.2,194.48,Express
1954,2025-06-05,2025-06-12,,WH-A,Carrier-3,South,33.4,208.83,Express
1955,2025-02-15,2025-02-19,2025-02-23,WH-D,Carrier-2,East,74.9,11.97,Express
1956,2026-03-04,2026-03-09,2026-03-16,WH-B,Carrier-3,North,45.0,95.71,Express
1957,2025-03-15,2025-03-22,2025-03-29,WH-C,Carrier-1,North,7.0,235.0,Standard
1958,2025-03-06,2025-03-14,2025-03-16,WH-D,Carrier-1,West,9.2,155.04,Critical
1959,2025-01-13,2025-01-15,2025-01-16,WH-B,Carrier-3,West,60.1,217.75,Critical
1960,2026-07-06,2026-07-10,2026-07-12,WH-B,Carrier-2,West,74.0,70.99,Standard
1961,2025-03-02,2025-03-10,2025-03-14,WH-B,Carrier-1,East,7.1,120.54,Express
1962,2024-08-30,2024-09-07,2024-09-10,WH-D,Carrier-2,West,49.9,19.33,Critical
1963,2025-04-18,2025-04-26,,WH-D,Carrier-3,East,76.0,236.12,Critical
1964,2025-01-11,2025-01-16,,WH-B,Carrier-2,South,19.4,170.82,Standard
1965,2025-10-31,2025-11-08,2025-11-16,WH-D,Carrier-1,North,51.1,51.06,Standard
1966,2024-07-19,2024-07-23,2024-07-29,WH-B,Carrier-3,East,11.5,231.29,Critical
1967,2025-11-04,2025-11-10,2025-11-08,WH-A,Carrier-2,West,59.3,101.83,Standard
1968,2024-12-26,2025-01-02,2025-01-03,WH-D,Carrier-1,East,3.5,87.34,Express
1969,2026-05-26,2026-06-01,2026-06-04,WH-C,Carrier-2,South,23.0,145.18,Express
1970,2025-09-07,2025-09-13,2025-09-11,WH-D,Carrier-1,East,44.1,170.75,Express
1971,2025-12-31,2026-01-03,2026-01-02,WH-D,Carrier-3,West,44.3,181.2,Standard
1972,2025-02-20,2025-02-25,,WH-D,Carrier-1,East,11.8,42.3,Express
1973,2026-07-27,2026-08-02,2026-07-31,WH-B,Carrier-3,North,34.3,13.9,Critical
1974,2024-09-04,2024-09-08,2024-09-08,WH-D,Carrier-2,East,70.8,165.48,Standard
1975,2025-01-01,2025-01-06,2025-01-05,WH-D,Carrier-2,West,9.9,210.32,Express
1976,2024-08-05,2024-08-11,2024-08-15,WH-B,Carrier-1,South,53.9,100.83,Critical
1977,2025-01-04,2025-01-08,2025-01-10,WH-D,Carrier-3,West,28.6,136.05,Express
1978,2025-07-21,2025-07-26,2025-07-29,WH-A,Carrier-3,South,66.1,24.92,Critical
1979,2024-02-25,2024-02-27,2024-03-01,WH-B,Carrier-3,East,10.0,67.23,Express
1980,2026-02-02,2026-02-06,2026-02-05,WH-A,Carrier-3,North,16.8,111.55,Critical
1981,2025-07-09,2025-07-13,2025-07-16,WH-A,Carrier-3,North,50.3,7.1,Standard
1982,2024-04-24,2024-05-02,2024-04-30,WH-A,Carrier-1,East,42.4,197.8,Standard
1983,2026-03-19,2026-03-23,,WH-A,Carrier-3,South,37.4,181.96,Express
1984,2025-12-11,2025-12-14,2025-12-22,WH-A,Carrier-3,West,34.9,209.44,Critical
1985,2026-02-22,2026-02-28,2026-02-27,WH-A,Carrier-1,East,32.7,157.74,Standard
1986,2024-12-12,2024-12-17,2024-12-20,WH-D,Carrier-2,West,69.6,62.61,Standard
1987,2024-07-11,2024-07-19,2024-07-23,WH-D,Carrier-2,West,77.6,232.8,Express
1988,2026-03-27,2026-03-30,2026-04-04,WH-C,Carrier-1,North,55.7,139.84,Express
1989,2025-05-06,2025-05-14,2025-05-15,WH-D,Carrier-1,South,75.4,57.04,Express
1990,2025-06-10,2025-06-14,2025-06-22,WH-A,Carrier-1,West,43.9,37.82,Critical
1991,2024-08-30,2024-09-01,,WH-C,Carrier-3,West,60.1,43.94,Standard
1992,2025-12-08,2025-12-10,2025-12-08,WH-B,Carrier-3,West,6.0,150.57,Express
1993,2026-02-15,2026-02-19,2026-02-27,WH-C,Carrier-3,East,39.9,208.72,Standard
1994,2024-05-01,2024-05-08,2024-05-12,WH-C,Carrier-2,West,33.5,87.94,Express
1995,2024-06-17,2024-06-20,2024-06-26,WH-D,Carrier-2,South,15.0,233.62,Standard
1996,2024-03-28,2024-04-02,2024-04-03,WH-B,Carrier-2,West,35.3,229.68,Critical
1997,2024-02-29,2024-03-05,2024-03-11,WH-A,Carrier-2,South,17.2,118.95,Standard
1998,2024-09-17,2024-09-25,2024-09-29,WH-B,Carrier-1,South,7.9,39.09,Standard
1999,2026-02-19,2026-02-24,2026-02-25,WH-A,Carrier-3,West,31.9,59.89,Standard
2000,2024-12-20,2024-12-24,2024-12-24,WH-C,Carrier-1,West,10.3,9.84,Express
2001,2025-11-29,2025-12-01,2025-12-08,WH-D,Carrier-3,East,21.3,194.65,Standard
2002,2024-01-28,2024-02-01,2024-02-03,WH-A,Carrier-1,East,14.8,184.22,Standard
2003,2026-05-11,2026-05-14,2026-05-15,WH-D,Carrier-2,North,43.1,191.9,Express
2004,2026-07-19,2026-07-22,2026-07-26,WH-D,Carrier-2,West,35.3,39.54,Standard
2005,2024-04-12,2024-04-16,2024-04-23,WH-D,Carrier-1,South,40.7,63.39,Express
2006,2025-01-02,2025-01-07,2025-01-06,WH-A,Carrier-2,South,73.5,97.05,Critical
2007,2025-11-07,2025-11-10,2025-11-10,WH-A,Carrier-3,West,54.8,52.09,Critical
2008,2024-12-30,2025-01-07,2025-01-13,WH-C,Carrier-1,North,11.2,156.25,Critical
2009,2024-10-11,2024-10-14,,WH-C,Carrier-1,North,22.0,142.27,Critical
2010,2025-08-21,2025-08-27,2025-09-01,WH-D,Carrier-3,West,48.5,209.04,Express
2011,2024-10-17,2024-10-21,2024-10-23,WH-D,Carrier-2,North,7.0,88.77,Express
2012,2025-09-16,2025-09-20,2025-09-24,WH-A,Carrier-2,East,11.1,170.98,Critical
2013,2025-04-07,2025-04-09,2025-04-17,WH-B,Carrier-1,West,21.9,33.35,Standard
2014,2024-09-03,2024-09-07,2024-09-13,WH-A,Carrier-3,North,65.1,92.95,Standard
2015,2024-12-22,2024-12-28,2024-12-27,WH-B,Carrier-3,North,21.3,165.53,Express
2016,2025-05-11,2025-05-19,2025-05-27,WH-B,Carrier-1,East,10.8,146.7,Express
2017,2025-05-24,2025-05-27,2025-05-26,WH-A,Carrier-1,East,16.1,53.84,Express
2018,2026-03-24,2026-03-28,2026-04-05,WH-C,Carrier-3,West,70.0,189.58,Express
2019,2024-01-27,2024-02-04,2024-02-02,WH-D,Carrier-2,East,62.9,81.07,Standard
2020,2025-08-20,2025-08-25,2025-09-02,WH-D,Carrier-3,East,23.7,184.02,Critical
2021,2024-06-27,2024-07-04,,WH-D,Carrier-3,South,68.4,101.08,Standard
2022,2024-04-04,2024-04-07,,WH-C,Carrier-1,West,16.0,151.76,Express
2023,2025-03-21,2025-03-25,2025-03-24,WH-B,Carrier-2,South,9.8,103.07,Standard
2024,2026-04-26,2026-05-02,2026-04-30,WH-C,Carrier-3,East,10.6,81.84,Express
2025,2025-03-10,2025-03-17,2025-03-21,WH-C,Carrier-1,West,24.9,15.11,Express
2026,2026-03-28,2026-04-03,2026-04-04,WH-D,Carrier-3,North,75.2,96.16,Express
2027,2025-10-02,2025-10-09,2025-10-11,WH-A,Carrier-3,West,39.2,217.52,Express
2028,2025-12-21,2025-12-27,2026-01-02,WH-B,Carrier-2,South,45.1,68.32,Critical
2029,2024-07-11,2024-07-19,2024-07-26,WH-A,Carrier-2,West,35.6,159.92,Standard
2030,2024-07-25,2024-08-02,2024-08-02,WH-B,Carrier-2,South,33.0,51.05,Critical
2031,2024-09-15,2024-09-18,2024-09-23,WH-D,Carrier-1,North,43.9,148.5,Standard
2032,2024-07-25,2024-07-28,2024-07-28,WH-C,Carrier-2,East,61.2,187.07,Critical
2033,2026-01-04,2026-01-09,2026-01-10,WH-C,Carrier-2,East,63.5,114.68,Express
2034,2025-12-05,2025-12-13,2025-12-18,WH-D,Carrier-1,West,28.3,75.53,Standard
2035,2025-02-08,2025-02-15,2025-02-22,WH-A,Carrier-1,South,18.5,12.76,Standard
2036,2025-09-27,2025-10-05,,WH-C,Carrier-1,North,11.2,27.02,Critical
2037,2024-08-10,2024-08-18,2024-08-16,WH-D,Carrier-1,South,9.0,53.97,Critical
2038,2026-03-09,2026-03-13,2026-03-12,WH-D,Carrier-3,West,14.4,177.5,Critical
2039,2025-11-19,2025-11-23,2025-12-01,WH-A,Carrier-1,South,62.5,171.96,Express
2040,2026-08-11,2026-08-13,2026-08-17,WH-B,Carrier-2,South,20.5,214.72,Critical
2041,2025-02-11,2025-02-17,2025-02-21,WH-B,Carrier-2,South,12.5,109.77,Express
2042,2024-11-08,2024-11-15,2024-11-20,WH-D,Carrier-2,North,30.4,126.82,Standard
2043,2025-02-18,2025-02-25,2025-03-01,WH-A,Carrier-1,East,69.5,229.52,Standard
2044,2026-07-10,2026-07-12,2026-07-18,WH-B,Carrier-3,North,40.3,230.77,Express
2045,2026-03-09,2026-03-17,2026-03-16,WH-A,Carrier-2,North,28.0,238.15,Express
2046,2025-01-31,2025-02-03,2025-02-11,WH-C,Carrier-3,West,9.1,74.21,Critical
2047,2024-11-19,2024-11-27,2024-11-28,WH-A,Carrier-1,East,64.1,203.63,Express
2048,2025-10-14,2025-10-20,2025-10-27,WH-C,Carrier-2,South,21.9,103.43,Critical
2049,2024-06-16,2024-06-21,2024-06-26,WH-A,Carrier-1,East,22.3,178.62,Standard
2050,2024-09-28,2024-10-02,2024-10-09,WH-C,Carrier-3,North,22.8,37.9,Critical
2051,2025-04-01,2025-04-06,2025-04-08,WH-D,Carrier-1,South,19.7,140.0,Express
2052,2025-02-03,2025-02-05,2025-02-04,WH-D,Carrier-1,North,18.4,111.22,Express
2053,2025-11-01,2025-11-04,2025-11-04,WH-C,Carrier-1,North,38.0,123.14,Standard
2054,2024-03-21,2024-03-24,2024-03-23,WH-B,Carrier-3,South,70.4,6.33,Express
2055,2026-08-18,2026-08-23,2026-08-27,WH-D,Carrier-2,West,38.5,98.28,Critical
2056,2024-07-14,2024-07-19,2024-07-21,WH-D,Carrier-2,South,16.9,185.54,Express
2057,2026-04-30,2026-05-04,2026-05-12,WH-D,Carrier-1,South,76.2,48.9,Express
2058,2026-03-12,2026-03-17,2026-03-25,WH-A,Carrier-1,North,38.4,187.06,Express
2059,2025-06-16,2025-06-21,2025-06-21,WH-B,Carrier-3,South,9.3,124.8,Standard
2060,2024-04-27,2024-05-01,2024-05-05,WH-C,Carrier-3,South,55.5,11.88,Critical
2061,2025-11-26,2025-12-04,2025-12-04,WH-C,Carrier-2,West,54.3,211.38,Express
2062,2024-07-16,2024-07-23,2024-07-29,WH-B,Carrier-2,West,17.7,159.66,Express
2063,2025-01-05,2025-01-13,2025-01-17,WH-A,Carrier-1,North,39.5,73.17,Critical
2064,2026-07-01,2026-07-06,2026-07-04,WH-D,Carrier-1,South,38.4,70.82,Critical
2065,2024-11-30,2024-12-02,2024-12-02,WH-B,Carrier-1,East,34.3,120.37,Express
2066,2024-08-05,2024-08-09,2024-08-08,WH-B,Carrier-2,South,77.9,213.41,Express
2067,2025-01-22,2025-01-28,2025-01-31,WH-C,Carrier-2,West,45.9,155.02,Critical
2068,2024-02-22,2024-02-29,2024-03-02,WH-A,Carrier-1,North,3.6,115.95,Critical
2069,2025-01-18,2025-01-22,2025-01-24,WH-B,Carrier-3,North,21.4,25.22,Express
2070,2026-07-21,2026-07-24,2026-07-23,WH-C,Carrier-1,South,17.8,61.86,Critical
2071,2025-01-04,2025-01-11,2025-01-09,WH-A,Carrier-2,North,44.1,118.77,Standard
2072,2026-01-15,2026-01-19,2026-01-25,WH-B,Carrier-2,South,15.1,222.52,Express
2073,2025-02-14,2025-02-20,,WH-A,Carrier-2,South,12.6,41.0,Express
2074,2024-11-25,2024-11-29,2024-12-03,WH-D,Carrier-3,West,55.0,130.61,Express
2075,2026-01-09,2026-01-13,2026-01-21,WH-A,Carrier-3,North,74.5,192.72,Express
2076,2025-04-06,2025-04-11,2025-04-09,WH-C,Carrier-2,East,16.8,113.95,Standard
2077,2025-09-28,2025-10-06,2025-10-04,WH-C,Carrier-2,East,60.2,179.17,Standard
2078,2024-05-11,2024-05-19,2024-05-21,WH-D,Carrier-3,South,67.5,146.83,Critical
2079,2024-04-09,2024-04-15,2024-04-15,WH-C,Carrier-3,South,6.6,10.21,Critical
2080,2024-10-23,2024-10-27,2024-10-27,WH-B,Carrier-2,East,13.7,39.31,Critical
2081,2024-05-28,2024-06-01,2024-06-05,WH-A,Carrier-3,West,32.2,97.36,Critical
2082,2026-05-07,2026-05-15,2026-05-18,WH-C,Carrier-1,South,12.5,115.57,Express
2083,2024-06-03,2024-06-05,2024-06-10,WH-B,Carrier-1,North,19.2,163.36,Express
2084,2024-01-05,2024-01-11,2024-01-15,WH-D,Carrier-2,South,53.9,205.34,Standard
2085,2024-02-22,2024-02-24,2024-03-02,WH-A,Carrier-2,East,71.3,103.37,Critical
2086,2026-05-07,2026-05-11,2026-05-15,WH-B,Carrier-1,South,3.5,217.76,Express
2087,2025-03-09,2025-03-11,2025-03-15,WH-A,Carrier-2,North,55.5,17.33,Critical
2088,2024-01-09,2024-01-15,2024-01-14,WH-C,Carrier-2,East,21.7,37.66,Standard
2089,2024-10-17,2024-10-25,2024-10-25,WH-C,Carrier-2,West,23.7,17.98,Express
2090,2025-03-26,2025-03-29,2025-04-04,WH-A,Carrier-2,West,70.7,98.13,Standard
2091,2025-07-25,2025-07-30,,WH-A,Carrier-1,East,78.7,235.12,Critical
2092,2025-06-15,2025-06-22,2025-06-27,WH-A,Carrier-1,West,14.4,53.25,Standard
2093,2024-09-02,2024-09-04,2024-09-12,WH-A,Carrier-2,North,55.5,115.04,Standard
2094,2024-04-17,2024-04-24,2024-04-23,WH-A,Carrier-3,North,29.3,200.0,Standard
2095,2025-11-12,2025-11-18,2025-11-20,WH-C,Carrier-1,West,21.4,115.68,Critical
2096,2025-11-03,2025-11-09,2025-11-08,WH-A,Carrier-1,West,53.3,28.17,Standard
2097,2025-07-09,2025-07-17,2025-07-25,WH-D,Carrier-3,West,33.8,91.38,Standard
2098,2026-01-19,2026-01-23,2026-01-24,WH-C,Carrier-2,North,32.8,66.72,Critical
2099,2024-06-25,2024-06-27,2024-06-26,WH-A,Carrier-2,East,54.2,209.21,Standard
2100,2024-02-11,2024-02-13,,WH-C,Carrier-3,South,33.6,113.36,Critical
2101,2026-01-29,2026-02-03,2026-02-05,WH-A,Carrier-3,South,35.8,107.52,Express
2102,2024-04-17,2024-04-24,2024-04-28,WH-C,Carrier-3,North,42.0,182.65,Express
2103,2024-03-20,2024-03-23,2024-03-30,WH-B,Carrier-3,East,26.7,123.8,Standard
2104,2025-06-02,2025-06-07,2025-06-15,WH-B,Carrier-1,West,73.0,133.99,Standard
2105,2024-02-04,2024-02-07,2024-02-12,WH-A,Carrier-3,West,57.2,100.85,Express
2106,2026-03-11,2026-03-19,2026-03-20,WH-D,Carrier-3,West,21.3,189.72,Critical
2107,2025-06-26,2025-06-28,2025-07-02,WH-D,Carrier-3,West,23.2,39.06,Express
2108,2024-07-24,2024-07-31,2024-08-03,WH-B,Carrier-1,East,59.9,46.89,Express
2109,2024-06-18,2024-06-20,2024-06-24,WH-B,Carrier-2,South,69.3,213.56,Express
2110,2026-07-21,2026-07-29,2026-08-06,WH-D,Carrier-2,West,52.2,19.11,Standard
2111,2024-03-03,2024-03-07,2024-03-06,WH-A,Carrier-2,South,42.0,99.93,Express
2112,2024-04-23,2024-04-28,2024-05-06,WH-A,Carrier-3,West,76.1,128.55,Express
2113,2024-02-21,2024-02-25,2024-03-01,WH-C,Carrier-3,South,49.3,232.88,Standard
2114,2026-07-28,2026-08-03,2026-08-01,WH-B,Carrier-2,North,57.5,15.76,Standard
2115,2025-05-23,2025-05-26,2025-05-26,WH-D,Carrier-1,East,79.5,142.43,Critical
2116,2026-07-23,2026-07-30,2026-08-06,WH-A,Carrier-3,East,27.3,84.66,Standard
2117,2024-12-26,2024-12-29,2025-01-05,WH-D,Carrier-3,West,72.6,53.99,Critical
2118,2025-08-10,2025-08-17,2025-08-18,WH-A,Carrier-2,West,60.3,123.21,Critical
2119,2025-04-01,2025-04-04,,WH-B,Carrier-2,West,75.9,81.97,Standard
2120,2026-07-05,2026-07-12,2026-07-10,WH-B,Carrier-1,West,28.9,210.98,Standard
2121,2025-11-11,2025-11-16,2025-11-15,WH-B,Carrier-3,West,56.5,55.74,Express
2122,2026-07-08,2026-07-14,2026-07-16,WH-C,Carrier-1,North,43.1,29.06,Express
2123,2024-03-10,2024-03-18,2024-03-17,WH-A,Carrier-1,East,11.8,125.68,Critical
2124,2025-02-21,2025-02-25,2025-02-28,WH-C,Carrier-2,North,41.6,42.68,Standard
2125,2025-01-26,2025-02-01,2025-02-04,WH-D,Carrier-1,West,1.2,65.7,Express
2126,2025-08-03,2025-08-07,2025-08-13,WH-B,Carrier-3,North,72.8,126.62,Standard
2127,2024-05-14,2024-05-18,2024-05-18,WH-A,Carrier-3,South,43.7,35.58,Critical
2128,2025-07-21,2025-07-23,2025-07-24,WH-B,Carrier-1,North,5.4,70.04,Express
2129,2024-10-27,2024-11-02,2024-11-04,WH-A,Carrier-1,North,55.5,65.25,Standard
2130,2025-07-18,2025-07-20,2025-07-24,WH-C,Carrier-2,East,69.6,138.25,Express
2131,2024-09-24,2024-09-26,2024-10-04,WH-D,Carrier-2,North,5.7,230.73,Express
2132,2024-05-22,2024-05-26,2024-05-27,WH-A,Carrier-3,East,65.1,120.29,Standard
2133,2024-08-17,2024-08-23,2024-08-21,WH-C,Carrier-1,North,73.6,123.96,Express
2134,2024-10-11,2024-10-13,2024-10-15,WH-D,Carrier-1,North,72.0,132.84,Standard
2135,2024-11-26,2024-11-28,2024-11-29,WH-D,Carrier-1,South,57.7,179.86,Express
2136,2025-07-14,2025-07-16,,WH-C,Carrier-2,West,43.5,131.19,Standard
2137,2024-10-17,2024-10-20,2024-10-28,WH-A,Carrier-2,West,55.4,44.7,Express
2138,2025-12-13,2025-12-18,2025-12-21,WH-D,Carrier-2,West,12.5,189.56,Critical
2139,2026-08-03,2026-08-06,2026-08-14,WH-C,Carrier-3,West,6.9,173.67,Standard
2140,2025-10-16,2025-10-21,2025-10-20,WH-C,Carrier-1,East,5.1,201.34,Critical
2141,2025-12-27,2026-01-03,2026-01-09,WH-C,Carrier-2,North,0.3,27.92,Standard
2142,2026-06-29,2026-07-04,2026-07-07,WH-C,Carrier-1,West,47.7,12.8,Standard
2143,2024-10-09,2024-10-13,2024-10-15,WH-C,Carrier-1,West,43.2,28.43,Critical
2144,2024-12-16,2024-12-21,2024-12-24,WH-D,Carrier-2,South,16.5,47.83,Critical
2145,2025-06-13,2025-06-18,2025-06-19,WH-C,Carrier-3,East,49.1,19.85,Critical
2146,2025-05-26,2025-05-29,2025-06-04,WH-A,Carrier-2,North,76.3,45.12,Express
2147,2024-09-15,2024-09-23,2024-09-28,WH-A,Carrier-3,North,7.7,173.11,Standard
2148,2026-08-24,2026-08-30,2026-08-31,WH-B,Carrier-2,South,54.1,75.14,Critical
2149,2025-06-30,2025-07-02,2025-07-03,WH-D,Carrier-2,West,55.3,207.69,Express
2150,2026-07-11,2026-07-17,2026-07-17,WH-C,Carrier-1,West,50.2,212.76,Critical
2151,2026-05-28,2026-06-03,2026-06-03,WH-B,Carrier-3,North,64.6,183.97,Standard
2152,2025-05-26,2025-05-28,2025-06-03,WH-D,Carrier-1,South,75.0,115.53,Standard
2153,2025-03-12,2025-03-16,2025-03-23,WH-B,Carrier-2,South,2.9,42.25,Critical
2154,2025-05-31,2025-06-08,2025-06-07,WH-B,Carrier-2,North,55.0,170.23,Express
2155,2025-11-14,2025-11-18,2025-11-16,WH-C,Carrier-1,North,6.9,91.33,Critical
2156,2025-05-26,2025-06-02,2025-06-08,WH-B,Carrier-2,East,74.4,190.25,Standard
2157,2026-08-17,2026-08-22,2026-08-30,WH-B,Carrier-3,South,8.3,11.6,Critical
2158,2024-09-29,2024-10-06,2024-10-04,WH-A,Carrier-3,West,26.7,24.29,Standard
2159,2026-02-27,2026-03-05,2026-03-06,WH-D,Carrier-2,North,75.8,188.8,Standard
2160,2024-10-12,2024-10-15,2024-10-13,WH-B,Carrier-1,South,50.3,21.75,Standard
2161,2024-01-16,2024-01-23,2024-01-26,WH-D,Carrier-2,East,76.7,133.36,Standard
2162,2024-06-17,2024-06-23,2024-06-25,WH-C,Carrier-3,South,14.9,63.22,Critical
2163,2024-11-24,2024-11-26,2024-11-28,WH-A,Carrier-1,West,53.0,143.8,Critical
2164,2024-07-03,2024-07-08,2024-07-06,WH-A,Carrier-2,East,21.7,166.88,Express
2165,2024-05-13,2024-05-19,2024-05-23,WH-A,Carrier-1,North,2.0,11.03,Critical
2166,2024-01-20,2024-01-26,2024-01-24,WH-C,Carrier-1,North,0.9,97.37,Critical
2167,2024-05-31,2024-06-08,,WH-B,Carrier-1,South,57.9,211.94,Express
2168,2025-08-29,2025-09-02,2025-09-04,WH-B,Carrier-3,West,61.0,4.35,Express
2169,2025-04-17,2025-04-24,2025-04-25,WH-A,Carrier-3,North,79.4,110.24,Standard
2170,2024-11-11,2024-11-16,2024-11-17,WH-B,Carrier-3,North,33.6,150.96,Standard
2171,2025-07-02,2025-07-05,2025-07-04,WH-D,Carrier-3,East,14.4,180.64,Critical
2172,2026-06-12,2026-06-15,2026-06-15,WH-D,Carrier-2,South,43.8,22.14,Critical
2173,2024-02-19,2024-02-27,2024-02-27,WH-B,Carrier-3,South,56.6,52.44,Express
2174,2026-06-02,2026-06-04,2026-06-09,WH-D,Carrier-2,South,8.1,45.78,Standard
2175,2025-03-18,2025-03-25,2025-03-29,WH-D,Carrier-1,East,64.8,155.8,Express
2176,2026-07-14,2026-07-21,2026-07-26,WH-C,Carrier-2,South,16.1,20.34,Express
2177,2024-03-28,2024-03-30,2024-03-28,WH-B,Carrier-1,West,47.0,177.37,Standard
2178,2026-07-29,2026-08-03,2026-08-01,WH-C,Carrier-1,North,29.9,149.93,Critical
2179,2025-08-12,2025-08-19,2025-08-26,WH-A,Carrier-2,West,23.7,44.69,Standard
2180,2024-11-18,2024-11-21,2024-11-21,WH-A,Carrier-1,North,55.2,106.3,Standard
2181,2024-11-18,2024-11-25,2024-11-23,WH-C,Carrier-3,West,56.4,119.47,Standard
2182,2026-05-02,2026-05-07,2026-05-08,WH-C,Carrier-3,West,79.8,147.64,Critical
2183,2025-09-26,2025-09-28,2025-10-04,WH-C,Carrier-2,North,38.7,145.02,Critical
2184,2024-08-28,2024-09-02,2024-08-31,WH-D,Carrier-3,South,77.8,94.74,Critical
2185,2026-07-29,2026-08-04,,WH-C,Carrier-2,North,69.3,159.6,Standard
2186,2025-01-20,2025-01-22,2025-01-27,WH-A,Carrier-3,East,23.3,4.57,Critical
2187,2025-03-07,2025-03-10,2025-03-14,WH-C,Carrier-1,West,53.6,71.04,Express
2188,2024-03-09,2024-03-13,2024-03-12,WH-A,Carrier-1,South,18.9,115.34,Express
2189,2024-02-20,2024-02-26,2024-02-26,WH-D,Carrier-1,South,63.3,142.41,Express
2190,2024-10-04,2024-10-12,2024-10-16,WH-B,Carrier-1,North,13.2,236.16,Express
2191,2025-10-20,2025-10-24,2025-10-30,WH-C,Carrier-1,North,30.9,146.09,Express
2192,2024-10-24,2024-10-30,2024-11-06,WH-A,Carrier-1,North,7.5,9.93,Critical
2193,2024-07-18,2024-07-20,2024-07-18,WH-A,Carrier-3,West,20.8,142.51,Critical
2194,2025-09-04,2025-09-12,2025-09-13,WH-C,Carrier-3,South,3.3,173.56,Critical
2195,2025-10-28,2025-11-03,,WH-D,Carrier-2,West,24.6,78.23,Express
2196,2026-05-31,2026-06-07,2026-06-15,WH-D,Carrier-3,South,23.1,137.86,Critical
2197,2026-05-07,2026-05-15,2026-05-23,WH-D,Carrier-2,East,6.8,236.89,Standard
2198,2025-02-14,2025-02-21,2025-02-21,WH-A,Carrier-1,East,13.3,62.72,Critical
2199,2024-02-01,2024-02-08,2024-02-10,WH-D,Carrier-2,South,74.8,220.14,Critical
2200,2026-08-26,2026-09-01,2026-09-02,WH-A,Carrier-1,West,25.7,228.69,Critical
2201,2025-05-16,2025-05-18,2025-05-23,WH-C,Carrier-3,West,17.4,111.24,Critical
2202,2024-08-05,2024-08-08,2024-08-14,WH-A,Carrier-2,East,20.2,169.7,Express
2203,2026-02-27,2026-03-02,2026-03-05,WH-B,Carrier-3,West,21.5,175.86,Critical
2204,2024-08-18,2024-08-23,2024-08-29,WH-A,Carrier-1,North,73.3,161.25,Standard
2205,2025-03-06,2025-03-09,2025-03-11,WH-B,Carrier-3,West,19.2,95.54,Standard
2206,2026-05-15,2026-05-18,2026-05-25,WH-A,Carrier-1,North,49.1,68.18,Standard
2207,2026-07-13,2026-07-16,,WH-D,Carrier-2,East,45.3,69.4,Express
2208,2024-12-07,2024-12-12,2024-12-10,WH-A,Carrier-3,East,23.5,73.2,Critical
2209,2025-12-18,2025-12-22,,WH-D,Carrier-2,South,6.8,54.22,Critical
2210,2025-03-12,2025-03-16,2025-03-20,WH-B,Carrier-2,East,57.3,191.38,Express
2211,2026-07-20,2026-07-24,2026-07-25,WH-C,Carrier-1,South,20.4,138.59,Express
2212,2024-01-03,2024-01-05,2024-01-06,WH-A,Carrier-2,West,7.0,103.13,Express
2213,2024-12-14,2024-12-20,2024-12-22,WH-A,Carrier-2,South,70.2,56.06,Express
2214,2026-04-18,2026-04-23,2026-04-28,WH-A,Carrier-1,East,78.5,100.28,Standard
2215,2025-05-24,2025-05-29,2025-05-31,WH-D,Carrier-3,West,32.7,70.12,Critical
2216,2026-04-10,2026-04-17,2026-04-16,WH-D,Carrier-3,West,67.4,88.41,Express
2217,2025-10-17,2025-10-21,2025-10-19,WH-D,Carrier-2,North,35.2,205.34,Express
2218,2026-08-25,2026-08-29,2026-08-27,WH-D,Carrier-1,East,60.3,17.76,Express
2219,2025-09-13,2025-09-18,2025-09-20,WH-D,Carrier-2,North,74.8,226.09,Critical
2220,2026-07-29,2026-08-03,2026-08-09,WH-A,Carrier-2,North,10.9,199.67,Critical
2221,2025-12-31,2026-01-06,2026-01-14,WH-D,Carrier-3,East,61.0,132.1,Standard
2222,2025-05-29,2025-06-04,2025-06-06,WH-A,Carrier-3,West,8.8,8.51,Standard
2223,2025-04-06,2025-04-12,2025-04-17,WH-C,Carrier-1,West,37.9,207.07,Standard
2224,2025-06-03,2025-06-05,2025-06-10,WH-D,Carrier-1,West,73.3,101.33,Standard
2225,2025-05-19,2025-05-25,2025-06-02,WH-C,Carrier-2,West,0.9,187.2,Critical
2226,2026-05-17,2026-05-22,,WH-A,Carrier-1,East,50.8,190.11,Standard
2227,2024-04-26,2024-05-03,,WH-D,Carrier-2,West,33.2,106.43,Critical
2228,2026-03-07,2026-03-11,2026-03-12,WH-C,Carrier-1,North,3.3,213.22,Express
2229,2024-01-21,2024-01-27,2024-02-03,WH-A,Carrier-3,East,15.4,127.35,Standard
2230,2024-06-07,2024-06-10,2024-06-16,WH-D,Carrier-3,East,39.8,16.78,Critical
2231,2025-09-22,2025-09-25,2025-09-25,WH-A,Carrier-3,West,59.5,12.43,Express
2232,2026-04-08,2026-04-11,2026-04-14,WH-C,Carrier-1,South,71.7,220.53,Standard
2233,2024-08-26,2024-08-31,2024-09-03,WH-D,Carrier-2,North,46.3,164.39,Express
2234,2024-10-20,2024-10-25,2024-10-29,WH-B,Carrier-1,East,20.3,93.77,Standard
2235,2024-05-13,2024-05-21,2024-05-22,WH-B,Carrier-3,West,8.1,55.02,Critical
2236,2025-07-03,2025-07-06,2025-07-08,WH-A,Carrier-1,East,74.9,149.13,Critical
2237,2025-06-22,2025-06-29,,WH-D,Carrier-1,South,12.2,111.33,Express
2238,2025-08-19,2025-08-21,2025-08-22,WH-D,Carrier-1,South,25.8,102.27,Express
2239,2024-04-08,2024-04-12,2024-04-12,WH-C,Carrier-1,East,3.0,231.22,Express
2240,2026-04-22,2026-04-25,2026-05-03,WH-D,Carrier-3,West,18.7,170.16,Critical
2241,2025-09-03,2025-09-10,2025-09-11,WH-B,Carrier-1,North,23.3,118.06,Critical
2242,2025-09-19,2025-09-25,2025-10-01,WH-C,Carrier-3,South,2.5,32.33,Express
2243,2025-03-16,2025-03-23,2025-03-22,WH-B,Carrier-1,West,19.1,145.81,Critical
2244,2024-11-11,2024-11-18,2024-11-17,WH-A,Carrier-1,West,4.5,219.81,Express
2245,2024-06-28,2024-07-03,2024-07-05,WH-C,Carrier-2,South,52.1,42.64,Standard
2246,2026-08-13,2026-08-17,2026-08-24,WH-B,Carrier-2,South,41.8,159.85,Critical
2247,2026-01-21,2026-01-28,2026-02-03,WH-A,Carrier-1,North,34.3,177.07,Standard
2248,2025-03-26,2025-04-02,2025-03-31,WH-C,Carrier-2,North,70.1,91.23,Standard
2249,2024-03-30,2024-04-06,2024-04-10,WH-C,Carrier-2,West,79.1,238.35,Critical
2250,2026-05-26,2026-05-31,2026-06-01,WH-D,Carrier-3,North,14.5,18.34,Express
2251,2026-06-03,2026-06-10,2026-06-14,WH-A,Carrier-2,West,5.2,86.74,Critical
2252,2024-12-12,2024-12-15,2024-12-20,WH-A,Carrier-3,South,51.7,136.97,Express
2253,2025-06-25,2025-06-27,2025-07-03,WH-B,Carrier-2,South,11.7,147.88,Express
2254,2024-07-03,2024-07-09,2024-07-13,WH-A,Carrier-1,West,25.9,171.05,Express
2255,2024-08-14,2024-08-18,2024-08-16,WH-B,Carrier-1,South,37.2,6.56,Standard
2256,2026-04-06,2026-04-12,2026-04-11,WH-C,Carrier-1,West,50.0,94.51,Critical
2257,2025-02-03,2025-02-10,2025-02-13,WH-D,Carrier-3,East,17.7,82.37,Standard
2258,2026-03-21,2026-03-29,2026-04-01,WH-A,Carrier-1,West,3.7,217.88,Express
2259,2026-02-08,2026-02-14,2026-02-20,WH-C,Carrier-3,South,55.9,75.52,Standard
2260,2025-04-18,2025-04-23,2025-04-21,WH-C,Carrier-1,South,70.5,78.65,Express
2261,2024-02-01,2024-02-05,2024-02-04,WH-C,Carrier-1,North,13.5,95.15,Standard
2262,2025-03-28,2025-04-03,2025-04-02,WH-C,Carrier-2,East,73.8,203.59,Standard
2263,2025-09-06,2025-09-13,2025-09-16,WH-C,Carrier-1,West,12.2,103.24,Critical
2264,2026-07-26,2026-08-03,2026-08-01,WH-A,Carrier-3,South,30.5,31.66,Express
2265,2024-03-29,2024-03-31,2024-04-03,WH-D,Carrier-3,East,67.5,12.39,Critical
2266,2025-12-08,2025-12-16,2025-12-22,WH-C,Carrier-1,North,65.5,113.2,Critical
2267,2026-05-11,2026-05-15,2026-05-23,WH-A,Carrier-3,South,54.5,110.67,Critical
2268,2024-05-09,2024-05-17,2024-05-15,WH-D,Carrier-2,East,20.8,69.15,Standard
2269,2025-05-24,2025-06-01,2025-06-07,WH-C,Carrier-2,East,69.4,195.75,Critical
2270,2025-06-10,2025-06-18,2025-06-22,WH-B,Carrier-2,South,26.2,110.49,Standard
2271,2025-06-19,2025-06-21,2025-06-23,WH-B,Carrier-1,South,37.8,95.31,Express
2272,2026-07-01,2026-07-04,2026-07-05,WH-C,Carrier-3,North,19.1,191.65,Critical
2273,2026-04-18,2026-04-20,2026-04-23,WH-D,Carrier-2,East,54.2,139.43,Critical
2274,2026-06-30,2026-07-07,2026-07-14,WH-C,Carrier-2,North,40.8,106.95,Express
2275,2024-05-20,2024-05-22,,WH-B,Carrier-3,South,63.7,22.06,Express
2276,2024-12-28,2025-01-02,2025-01-01,WH-A,Carrier-1,South,58.8,152.74,Standard
2277,2025-11-16,2025-11-20,2025-11-25,WH-A,Carrier-1,South,63.0,182.92,Critical
2278,2024-04-12,2024-04-17,2024-04-15,WH-C,Carrier-3,South,49.7,108.11,Standard
2279,2026-01-25,2026-01-27,2026-01-25,WH-B,Carrier-2,North,61.3,233.23,Express
2280,2025-08-12,2025-08-16,2025-08-24,WH-B,Carrier-3,West,71.9,25.17,Express
2281,2026-01-27,2026-02-02,2026-02-08,WH-D,Carrier-2,East,26.7,226.6,Express
2282,2024-07-31,2024-08-07,2024-08-11,WH-A,Carrier-3,North,34.5,172.75,Standard
2283,2024-10-12,2024-10-17,2024-10-24,WH-B,Carrier-3,South,0.8,87.97,Critical
2284,2024-01-15,2024-01-17,2024-01-18,WH-A,Carrier-1,South,10.0,59.47,Standard
2285,2024-04-03,2024-04-10,2024-04-08,WH-B,Carrier-2,South,57.8,133.28,Express
2286,2025-09-01,2025-09-06,2025-09-06,WH-B,Carrier-2,East,58.7,191.41,Critical
2287,2026-04-07,2026-04-11,2026-04-13,WH-A,Carrier-2,South,60.8,170.09,Standard
2288,2025-09-21,2025-09-24,2025-09-27,WH-B,Carrier-3,North,10.9,153.49,Express
2289,2026-01-16,2026-01-24,2026-01-26,WH-A,Carrier-1,South,77.5,15.53,Express
2290,2024-03-23,2024-03-26,2024-03-26,WH-D,Carrier-2,West,13.9,196.9,Express
2291,2024-02-25,2024-03-04,2024-03-02,WH-C,Carrier-2,East,51.9,68.7,Standard
2292,2025-11-22,2025-11-24,2025-11-27,WH-D,Carrier-2,North,33.0,156.65,Express
2293,2024-12-12,2024-12-14,2024-12-17,WH-B,Carrier-1,South,49.6,32.83,Express
2294,2024-12-19,2024-12-23,2024-12-27,WH-C,Carrier-2,South,58.6,214.09,Critical
2295,2025-04-21,2025-04-28,2025-05-04,WH-A,Carrier-2,East,27.9,122.52,Critical
2296,2025-04-27,2025-05-01,2025-05-03,WH-C,Carrier-1,West,18.1,120.51,Express
2297,2025-10-13,2025-10-19,2025-10-17,WH-A,Carrier-2,North,42.1,206.72,Standard
2298,2024-12-25,2025-01-01,2025-01-02,WH-B,Carrier-3,East,34.6,27.67,Standard
2299,2025-02-09,2025-02-16,2025-02-20,WH-A,Carrier-1,North,24.9,56.57,Critical
2300,2025-12-11,2025-12-16,2025-12-15,WH-C,Carrier-3,West,21.2,20.09,Express
2301,2026-07-31,2026-08-03,2026-08-10,WH-C,Carrier-2,East,35.9,118.47,Express
2302,2026-04-07,2026-04-14,2026-04-20,WH-D,Carrier-2,West,38.3,7.87,Standard
2303,2024-08-09,2024-08-17,2024-08-17,WH-D,Carrier-1,East,39.2,116.37,Standard
2304,2025-06-01,2025-06-03,2025-06-09,WH-A,Carrier-1,South,30.8,90.44,Standard
2305,2025-09-08,2025-09-15,2025-09-23,WH-D,Carrier-1,North,29.7,226.97,Express
2306,2025-05-22,2025-05-30,2025-06-04,WH-A,Carrier-2,West,23.8,215.03,Express
2307,2024-01-04,2024-01-10,2024-01-17,WH-A,Carrier-1,East,51.8,110.34,Express
2308,2025-12-08,2025-12-12,2025-12-11,WH-B,Carrier-3,North,50.9,231.48,Express
2309,2025-02-17,2025-02-19,,WH-D,Carrier-3,North,52.6,43.24,Express
2310,2024-04-08,2024-04-12,2024-04-16,WH-A,Carrier-1,West,39.8,38.29,Critical
2311,2026-04-11,2026-04-17,2026-04-18,WH-A,Carrier-3,North,28.6,200.74,Express
2312,2024-06-09,2024-06-17,2024-06-25,WH-C,Carrier-3,East,33.3,48.17,Standard
2313,2025-02-11,2025-02-16,2025-02-19,WH-A,Carrier-2,East,78.2,116.52,Express
2314,2026-02-26,2026-03-04,2026-03-12,WH-D,Carrier-3,East,54.9,194.88,Critical
2315,2024-09-15,2024-09-22,2024-09-23,WH-B,Carrier-2,East,50.6,177.19,Critical
2316,2024-05-13,2024-05-15,2024-05-13,WH-A,Carrier-1,North,51.5,115.71,Standard
2317,2024-11-28,2024-12-04,2024-12-03,WH-D,Carrier-2,East,73.4,65.88,Express
2318,2025-03-28,2025-04-02,2025-03-31,WH-B,Carrier-2,West,19.5,36.88,Critical
2319,2024-12-13,2024-12-21,2024-12-29,WH-B,Carrier-2,East,43.9,107.42,Standard
2320,2025-01-15,2025-01-23,2025-01-29,WH-B,Carrier-3,South,58.3,148.54,Express
2321,2024-01-25,2024-01-30,2024-02-06,WH-D,Carrier-2,South,12.1,148.04,Express
2322,2026-01-01,2026-01-03,2026-01-01,WH-B,Carrier-1,West,17.0,155.44,Standard
2323,2025-05-18,2025-05-21,,WH-A,Carrier-3,West,53.7,18.35,Critical
2324,2026-03-19,2026-03-26,,WH-C,Carrier-3,East,74.6,165.33,Express
2325,2024-07-09,2024-07-13,2024-07-21,WH-A,Carrier-2,West,21.5,122.42,Standard
2326,2026-08-11,2026-08-18,2026-08-22,WH-B,Carrier-3,South,72.3,79.62,Express
2327,2025-03-05,2025-03-08,2025-03-16,WH-A,Carrier-3,North,34.4,215.29,Standard
2328,2025-04-17,2025-04-20,2025-04-27,WH-B,Carrier-3,East,1.0,140.86,Standard
2329,2026-05-29,2026-06-01,2026-06-08,WH-D,Carrier-1,East,4.9,39.31,Standard
2330,2025-03-22,2025-03-28,2025-03-31,WH-D,Carrier-1,South,9.7,201.24,Standard
2331,2025-04-07,2025-04-11,2025-04-14,WH-C,Carrier-1,East,45.7,226.78,Express
2332,2026-07-25,2026-08-01,2026-08-07,WH-C,Carrier-1,North,61.1,234.21,Standard
2333,2025-05-02,2025-05-05,2025-05-08,WH-A,Carrier-3,North,11.7,127.42,Critical
2334,2025-03-20,2025-03-22,2025-03-30,WH-C,Carrier-3,East,23.9,158.48,Standard
2335,2024-08-30,2024-09-07,2024-09-09,WH-A,Carrier-1,South,77.3,224.82,Critical
2336,2025-05-30,2025-06-03,2025-06-09,WH-D,Carrier-1,South,40.8,167.29,Critical
2337,2024-12-08,2024-12-15,,WH-B,Carrier-1,West,63.4,209.13,Critical
2338,2024-12-11,2024-12-15,2024-12-17,WH-A,Carrier-3,South,53.9,68.77,Critical
2339,2026-04-17,2026-04-20,2026-04-21,WH-B,Carrier-2,East,64.2,140.1,Standard
2340,2024-08-02,2024-08-07,2024-08-13,WH-C,Carrier-3,East,36.8,169.49,Critical
2341,2025-12-06,2025-12-10,2025-12-09,WH-B,Carrier-1,West,76.7,98.05,Critical
2342,2024-05-10,2024-05-18,2024-05-17,WH-D,Carrier-1,East,17.4,84.39,Express
2343,2026-03-21,2026-03-23,2026-03-26,WH-B,Carrier-3,South,59.7,138.7,Express
2344,2024-09-05,2024-09-13,2024-09-19,WH-D,Carrier-3,East,32.4,117.84,Standard
2345,2024-11-21,2024-11-26,2024-12-03,WH-A,Carrier-2,North,17.2,215.35,Critical
2346,2026-04-28,2026-05-02,2026-05-03,WH-B,Carrier-3,East,10.4,54.4,Critical
2347,2024-07-13,2024-07-15,2024-07-20,WH-C,Carrier-3,North,71.9,150.99,Critical
2348,2025-10-11,2025-10-14,2025-10-13,WH-D,Carrier-2,East,75.8,9.15,Express
2349,2025-09-09,2025-09-17,2025-09-25,WH-D,Carrier-1,East,0.7,59.15,Critical
2350,2026-04-18,2026-04-21,,WH-A,Carrier-1,North,50.9,188.57,Express
2351,2024-12-11,2024-12-18,2024-12-19,WH-A,Carrier-1,North,1.0,77.06,Standard
2352,2026-06-02,2026-06-05,2026-06-06,WH-A,Carrier-2,South,73.7,33.33,Critical
2353,2026-07-15,2026-07-17,2026-07-21,WH-D,Carrier-3,West,75.6,204.54,Standard
2354,2024-04-08,2024-04-12,2024-04-15,WH-A,Carrier-2,North,25.5,164.42,Critical
2355,2024-03-21,2024-03-29,2024-03-29,WH-D,Carrier-1,South,27.0,235.65,Express
2356,2026-02-09,2026-02-16,2026-02-16,WH-C,Carrier-1,West,22.0,210.34,Express
2357,2024-12-22,2024-12-24,2024-12-23,WH-B,Carrier-2,South,53.8,39.15,Express
2358,2026-07-21,2026-07-26,2026-07-28,WH-A,Carrier-3,North,45.7,110.57,Standard
2359,2026-03-13,2026-03-17,2026-03-17,WH-D,Carrier-2,North,8.6,173.48,Critical
2360,2024-01-30,2024-02-02,2024-02-04,WH-A,Carrier-1,South,68.2,38.66,Express
2361,2024-11-27,2024-12-05,2024-12-07,WH-D,Carrier-2,South,17.8,155.65,Express
2362,2025-11-22,2025-11-27,2025-11-29,WH-C,Carrier-1,East,43.2,41.66,Express
2363,2025-05-09,2025-05-16,2025-05-21,WH-C,Carrier-1,East,54.6,40.84,Express
2364,2024-12-09,2024-12-11,2024-12-17,WH-D,Carrier-2,South,74.6,26.35,Express
2365,2025-02-26,2025-03-04,2025-03-05,WH-A,Carrier-1,North,51.3,4.95,Express
2366,2024-11-23,2024-12-01,2024-12-05,WH-B,Carrier-3,West,14.8,5.24,Critical
2367,2026-07-29,2026-08-06,2026-08-13,WH-D,Carrier-2,East,29.1,176.74,Critical
2368,2024-11-01,2024-11-03,2024-11-10,WH-C,Carrier-2,West,45.6,61.29,Critical
2369,2024-06-15,2024-06-23,2024-06-24,WH-A,Carrier-2,West,9.6,199.01,Express
2370,2025-01-28,2025-02-03,2025-02-08,WH-A,Carrier-3,North,40.0,211.32,Express
2371,2024-05-12,2024-05-20,2024-05-21,WH-C,Carrier-3,South,20.5,20.18,Standard
2372,2024-05-25,2024-06-01,2024-06-05,WH-A,Carrier-1,South,0.7,126.87,Critical
2373,2025-06-25,2025-07-03,2025-07-10,WH-A,Carrier-1,West,46.7,161.41,Express
2374,2024-08-26,2024-08-28,2024-09-05,WH-C,Carrier-2,North,5.3,173.45,Critical
2375,2024-08-13,2024-08-17,2024-08-19,WH-C,Carrier-3,North,68.2,95.45,Express
2376,2025-11-04,2025-11-09,2025-11-08,WH-B,Carrier-3,South,22.2,137.87,Express
2377,2025-05-11,2025-05-18,2025-05-18,WH-C,Carrier-1,North,65.0,73.93,Standard
2378,2025-10-09,2025-10-11,2025-10-11,WH-B,Carrier-2,North,38.6,89.76,Express
2379,2025-05-16,2025-05-18,2025-05-16,WH-B,Carrier-2,West,44.7,86.86,Express
2380,2025-12-13,2025-12-17,2025-12-18,WH-B,Carrier-2,North,72.0,115.02,Critical
2381,2024-11-24,2024-11-28,2024-11-30,WH-D,Carrier-3,South,32.9,168.58,Critical
2382,2025-12-09,2025-12-14,2025-12-17,WH-A,Carrier-2,South,21.1,187.72,Standard
2383,2025-05-26,2025-05-30,2025-05-28,WH-B,Carrier-3,South,28.7,119.78,Critical
2384,2024-01-25,2024-02-01,2024-02-07,WH-C,Carrier-2,South,46.2,96.19,Standard
2385,2024-02-20,2024-02-25,2024-03-03,WH-A,Carrier-3,North,16.4,86.32,Express
2386,2024-05-22,2024-05-28,,WH-D,Carrier-1,East,61.4,32.78,Express
2387,2024-02-18,2024-02-20,2024-02-19,WH-C,Carrier-2,East,54.7,74.88,Express
2388,2026-01-10,2026-01-13,2026-01-15,WH-C,Carrier-2,North,51.1,8.03,Express
2389,2024-08-09,2024-08-11,2024-08-15,WH-B,Carrier-2,North,49.8,131.7,Critical
2390,2025-09-22,2025-09-27,2025-09-29,WH-B,Carrier-1,South,72.1,32.34,Standard
2391,2025-06-29,2025-07-01,2025-07-02,WH-D,Carrier-2,South,57.8,167.37,Express
2392,2024-06-22,2024-06-29,2024-07-06,WH-B,Carrier-2,West,54.5,156.0,Critical
2393,2025-02-17,2025-02-19,2025-02-17,WH-B,Carrier-2,East,6.8,55.67,Express
2394,2025-06-04,2025-06-07,,WH-A,Carrier-3,West,19.5,111.12,Critical
2395,2025-02-07,2025-02-11,2025-02-19,WH-C,Carrier-3,West,70.7,63.74,Express
2396,2026-08-27,2026-08-31,2026-09-05,WH-A,Carrier-3,North,55.3,190.25,Standard
2397,2024-03-18,2024-03-21,2024-03-21,WH-D,Carrier-2,South,25.9,183.62,Express
2398,2024-03-12,2024-03-20,2024-03-27,WH-A,Carrier-2,South,22.4,53.59,Critical
2399,2026-04-29,2026-05-01,2026-04-30,WH-A,Carrier-2,East,48.4,90.56,Critical
2400,2024-12-03,2024-12-11,2024-12-16,WH-C,Carrier-3,North,41.5,10.23,Express
2401,2025-06-20,2025-06-27,2025-06-25,WH-C,Carrier-1,South,21.0,190.97,Critical
2402,2026-03-28,2026-04-02,2026-04-08,WH-D,Carrier-1,West,54.0,209.93,Standard
2403,2026-08-20,2026-08-22,2026-08-26,WH-D,Carrier-2,West,78.4,143.44,Express
2404,2025-06-12,2025-06-19,2025-06-19,WH-D,Carrier-2,South,2.3,27.08,Express
2405,2025-10-24,2025-10-26,2025-10-28,WH-A,Carrier-1,South,75.7,129.1,Critical
2406,2026-07-17,2026-07-25,2026-07-25,WH-C,Carrier-1,South,58.1,128.38,Critical
2407,2025-01-28,2025-01-31,2025-01-30,WH-D,Carrier-3,East,5.3,104.86,Critical
2408,2025-03-22,2025-03-27,2025-03-30,WH-C,Carrier-1,East,25.3,63.45,Standard
2409,2025-12-06,2025-12-10,2025-12-09,WH-B,Carrier-3,West,63.7,76.65,Express
2410,2024-10-23,2024-10-27,2024-10-26,WH-B,Carrier-3,East,71.4,224.16,Express
2411,2024-08-06,2024-08-12,2024-08-10,WH-B,Carrier-1,East,12.6,97.54,Standard
2412,2024-09-28,2024-10-05,2024-10-04,WH-B,Carrier-2,South,21.9,24.06,Critical
2413,2025-09-27,2025-09-30,2025-10-08,WH-A,Carrier-2,East,25.1,198.3,Express
2414,2024-04-21,2024-04-25,2024-04-28,WH-A,Carrier-1,North,59.4,143.6,Express
2415,2026-06-12,2026-06-15,2026-06-18,WH-C,Carrier-2,West,5.3,131.18,Express
2416,2024-01-03,2024-01-05,2024-01-13,WH-A,Carrier-1,East,20.2,199.21,Standard
2417,2025-01-21,2025-01-27,2025-02-03,WH-C,Carrier-1,East,71.4,205.32,Express
2418,2025-08-29,2025-09-04,2025-09-05,WH-C,Carrier-1,North,47.1,53.94,Standard
2419,2026-06-29,2026-07-07,2026-07-05,WH-B,Carrier-3,West,46.9,18.88,Express
2420,2026-04-25,2026-04-28,2026-05-06,WH-B,Carrier-1,South,21.3,13.33,Standard
2421,2024-09-20,2024-09-23,2024-09-26,WH-C,Carrier-1,East,12.9,79.65,Standard
2422,2024-12-22,2024-12-24,2024-12-23,WH-B,Carrier-1,East,0.6,196.0,Critical
2423,2024-03-20,2024-03-25,2024-03-26,WH-B,Carrier-2,South,15.1,188.77,Critical
2424,2024-08-01,2024-08-07,2024-08-10,WH-D,Carrier-1,North,60.9,239.6,Critical
2425,2024-11-09,2024-11-17,2024-11-18,WH-B,Carrier-3,North,77.7,207.62,Standard
2426,2024-01-14,2024-01-18,2024-01-23,WH-D,Carrier-1,South,0.7,34.94,Express
2427,2024-09-24,2024-10-01,2024-10-06,WH-B,Carrier-3,East,36.5,96.8,Standard
2428,2026-07-22,2026-07-26,2026-07-29,WH-A,Carrier-1,South,46.6,48.06,Express
2429,2026-02-06,2026-02-12,2026-02-20,WH-A,Carrier-3,North,32.2,100.39,Critical
2430,2026-06-09,2026-06-12,2026-06-13,WH-C,Carrier-1,West,18.6,161.18,Standard
2431,2024-02-11,2024-02-18,2024-02-20,WH-D,Carrier-1,East,21.7,98.2,Express
2432,2024-05-02,2024-05-10,2024-05-12,WH-C,Carrier-2,West,64.4,64.28,Express
2433,2025-12-05,2025-12-07,2025-12-07,WH-B,Carrier-1,South,51.9,25.66,Standard
2434,2026-04-18,2026-04-23,2026-04-29,WH-C,Carrier-1,North,47.1,168.77,Express
2435,2024-10-28,2024-11-01,2024-11-06,WH-B,Carrier-1,West,71.5,234.56,Express
2436,2025-12-08,2025-12-15,2025-12-23,WH-B,Carrier-1,West,10.3,161.68,Critical
2437,2025-04-26,2025-05-04,2025-05-09,WH-B,Carrier-2,East,29.4,49.47,Critical
2438,2024-02-01,2024-02-04,2024-02-10,WH-A,Carrier-1,West,31.7,208.18,Critical
2439,2026-05-24,2026-05-26,2026-06-03,WH-A,Carrier-1,East,39.4,143.68,Standard
2440,2026-06-20,2026-06-22,2026-06-28,WH-A,Carrier-1,East,2.8,183.08,Express
2441,2025-11-08,2025-11-16,2025-11-16,WH-A,Carrier-3,East,30.3,199.61,Critical
2442,2026-05-13,2026-05-19,2026-05-17,WH-A,Carrier-1,South,58.8,182.62,Express
2443,2025-11-27,2025-12-01,2025-12-09,WH-A,Carrier-3,South,41.4,219.94,Standard
2444,2025-04-14,2025-04-16,2025-04-15,WH-B,Carrier-3,North,71.1,113.74,Express
2445,2026-07-20,2026-07-22,2026-07-30,WH-B,Carrier-1,East,75.9,4.41,Critical
2446,2025-12-30,2026-01-03,2026-01-05,WH-C,Carrier-3,South,53.5,156.39,Critical
2447,2025-02-08,2025-02-12,2025-02-20,WH-C,Carrier-1,North,67.3,222.45,Critical
2448,2024-12-03,2024-12-06,2024-12-13,WH-C,Carrier-3,West,46.6,122.71,Standard
2449,2025-11-11,2025-11-14,2025-11-16,WH-D,Carrier-1,West,29.3,232.1,Express
2450,2025-03-30,2025-04-04,2025-04-03,WH-C,Carrier-1,North,33.0,158.94,Critical
2451,2026-03-24,2026-03-26,2026-03-30,WH-A,Carrier-3,South,58.4,161.73,Standard
2452,2024-03-29,2024-04-05,2024-04-04,WH-A,Carrier-1,West,58.9,186.44,Critical
2453,2024-07-23,2024-07-25,2024-07-30,WH-C,Carrier-3,West,38.7,158.05,Express
2454,2025-07-27,2025-07-31,2025-08-08,WH-D,Carrier-2,North,57.5,57.79,Standard
2455,2025-11-15,2025-11-23,2025-11-30,WH-A,Carrier-1,South,49.6,76.71,Standard
2456,2024-03-17,2024-03-22,2024-03-22,WH-C,Carrier-2,North,38.5,74.22,Critical
2457,2024-05-20,2024-05-26,2024-05-30,WH-B,Carrier-3,South,12.9,96.54,Standard
2458,2025-06-09,2025-06-12,2025-06-15,WH-B,Carrier-1,West,76.4,155.36,Critical
2459,2024-06-25,2024-07-03,2024-07-09,WH-B,Carrier-3,North,27.4,116.64,Standard
2460,2024-06-26,2024-07-02,2024-07-07,WH-C,Carrier-3,West,69.5,96.3,Critical
2461,2026-03-19,2026-03-25,2026-03-27,WH-C,Carrier-1,North,12.4,184.85,Standard
2462,2026-01-12,2026-01-20,2026-01-26,WH-C,Carrier-1,South,27.1,18.05,Standard
2463,2024-08-20,2024-08-25,2024-08-24,WH-D,Carrier-1,South,33.2,65.71,Express
2464,2025-12-02,2025-12-06,2025-12-10,WH-B,Carrier-3,East,11.8,42.29,Critical
2465,2025-05-31,2025-06-03,2025-06-02,WH-A,Carrier-1,South,7.1,196.34,Standard
2466,2025-10-25,2025-10-31,2025-10-31,WH-C,Carrier-2,West,28.3,184.36,Express
2467,2024-11-12,2024-11-19,2024-11-24,WH-C,Carrier-2,South,60.5,154.57,Express
2468,2026-05-13,2026-05-21,2026-05-28,WH-B,Carrier-3,South,59.9,93.64,Standard
2469,2025-05-15,2025-05-18,2025-05-21,WH-D,Carrier-2,South,50.3,27.69,Express
2470,2025-07-30,2025-08-07,2025-08-10,WH-B,Carrier-1,North,62.0,110.09,Critical
2471,2025-10-12,2025-10-20,2025-10-22,WH-D,Carrier-2,West,19.6,149.65,Critical
2472,2025-01-29,2025-02-03,2025-02-07,WH-C,Carrier-1,West,47.9,82.02,Express
2473,2025-03-20,2025-03-27,2025-04-02,WH-D,Carrier-1,East,60.9,105.61,Critical
2474,2025-10-15,2025-10-17,2025-10-20,WH-C,Carrier-2,South,7.8,216.13,Express
2475,2025-02-03,2025-02-11,2025-02-09,WH-D,Carrier-3,West,42.0,88.91,Critical
2476,2025-02-13,2025-02-20,2025-02-28,WH-D,Carrier-3,East,65.6,108.61,Standard
2477,2025-07-14,2025-07-20,2025-07-18,WH-B,Carrier-2,East,77.7,209.56,Standard
2478,2026-05-22,2026-05-26,2026-05-30,WH-B,Carrier-1,East,65.7,133.42,Critical
2479,2025-08-12,2025-08-19,2025-08-20,WH-B,Carrier-3,West,57.0,146.55,Critical
2480,2025-10-09,2025-10-12,2025-10-14,WH-C,Carrier-3,West,30.2,159.5,Express
2481,2026-07-28,2026-08-05,2026-08-04,WH-C,Carrier-1,East,26.7,20.81,Standard
2482,2024-05-09,2024-05-13,2024-05-16,WH-C,Carrier-3,West,77.0,126.35,Standard
2483,2026-07-28,2026-08-05,2026-08-10,WH-B,Carrier-2,North,69.8,114.57,Express
2484,2024-09-19,2024-09-22,2024-09-22,WH-A,Carrier-3,East,79.3,102.8,Standard
2485,2024-09-16,2024-09-19,2024-09-17,WH-B,Carrier-3,South,41.2,20.89,Standard
2486,2024-08-20,2024-08-26,2024-08-24,WH-D,Carrier-3,South,39.8,28.19,Express
2487,2024-05-19,2024-05-23,2024-05-29,WH-C,Carrier-3,South,5.5,53.97,Standard
2488,2024-08-16,2024-08-24,2024-08-30,WH-B,Carrier-3,East,35.5,210.27,Express
2489,2024-09-03,2024-09-11,,WH-A,Carrier-3,East,69.4,177.15,Express
2490,2024-12-10,2024-12-12,2024-12-15,WH-B,Carrier-3,West,74.2,110.35,Express
2491,2025-03-27,2025-04-03,2025-04-02,WH-A,Carrier-2,East,5.7,237.17,Express
2492,2024-11-08,2024-11-16,2024-11-21,WH-A,Carrier-2,East,47.0,238.05,Standard
2493,2026-04-16,2026-04-24,2026-04-27,WH-B,Carrier-1,East,49.2,12.48,Critical
2494,2024-11-17,2024-11-23,2024-11-30,WH-A,Carrier-1,North,47.8,27.9,Standard
2495,2026-04-30,2026-05-06,2026-05-06,WH-C,Carrier-3,West,16.4,238.22,Express
2496,2025-03-24,2025-04-01,2025-04-03,WH-D,Carrier-3,South,30.9,145.17,Critical
2497,2024-05-26,2024-05-30,2024-06-05,WH-C,Carrier-1,East,21.5,151.95,Standard
2498,2025-01-20,2025-01-28,2025-02-03,WH-B,Carrier-1,South,42.1,174.69,Express
2499,2025-11-27,2025-11-29,2025-12-01,WH-B,Carrier-3,South,23.6,207.08,Standard
2500,2025-02-16,2025-02-24,2025-03-04,WH-B,Carrier-2,South,0.9,136.38,Critical
2501,2025-05-04,2025-05-06,2025-05-07,WH-A,Carrier-2,South,19.0,111.68,Express
2502,2026-06-16,2026-06-21,2026-06-22,WH-A,Carrier-2,West,30.9,223.29,Express
2503,2024-03-05,2024-03-09,2024-03-16,WH-B,Carrier-3,East,70.2,216.6,Standard
2504,2026-01-30,2026-02-01,2026-02-07,WH-A,Carrier-1,West,60.0,11.67,Critical
2505,2026-04-07,2026-04-12,2026-04-14,WH-A,Carrier-1,West,15.5,135.22,Critical
2506,2025-07-29,2025-08-04,2025-08-08,WH-C,Carrier-1,West,48.8,10.22,Critical
2507,2026-03-25,2026-03-29,2026-04-03,WH-C,Carrier-1,East,53.8,190.15,Standard
2508,2025-04-12,2025-04-19,2025-04-17,WH-B,Carrier-2,East,8.1,26.52,Standard
2509,2025-02-24,2025-02-26,2025-02-28,WH-B,Carrier-2,East,23.1,166.14,Standard
2510,2024-09-04,2024-09-09,,WH-B,Carrier-1,West,46.2,102.18,Critical
2511,2024-05-22,2024-05-24,2024-05-25,WH-C,Carrier-3,North,66.6,118.66,Critical
2512,2024-03-13,2024-03-19,2024-03-17,WH-A,Carrier-3,East,37.5,86.07,Express
2513,2025-06-10,2025-06-15,,WH-D,Carrier-2,West,67.3,99.78,Critical
2514,2024-05-09,2024-05-15,2024-05-15,WH-B,Carrier-2,West,55.9,89.85,Express
2515,2025-05-09,2025-05-17,2025-05-24,WH-B,Carrier-1,West,21.2,200.65,Standard
2516,2025-11-19,2025-11-22,2025-11-24,WH-D,Carrier-2,West,21.5,141.56,Critical
2517,2025-03-02,2025-03-05,2025-03-06,WH-C,Carrier-3,South,48.9,231.23,Critical
2518,2024-01-22,2024-01-26,2024-02-02,WH-B,Carrier-2,East,50.3,122.59,Critical
2519,2024-02-19,2024-02-25,,WH-C,Carrier-3,West,69.5,130.14,Express
2520,2025-11-13,2025-11-16,2025-11-23,WH-B,Carrier-2,East,76.5,93.01,Critical
2521,2024-05-15,2024-05-21,2024-05-19,WH-C,Carrier-3,North,6.6,94.46,Express
2522,2025-08-27,2025-09-01,2025-09-01,WH-D,Carrier-3,South,78.9,78.06,Critical
2523,2026-07-12,2026-07-15,,WH-B,Carrier-3,West,40.7,237.26,Standard
2524,2024-04-04,2024-04-07,2024-04-13,WH-B,Carrier-2,East,6.8,229.26,Critical
2525,2024-12-13,2024-12-20,2024-12-22,WH-C,Carrier-1,South,7.4,171.32,Express
2526,2024-02-17,2024-02-21,2024-02-23,WH-B,Carrier-2,West,70.8,221.14,Express
2527,2025-09-21,2025-09-23,2025-09-21,WH-D,Carrier-3,North,43.0,232.49,Critical
2528,2024-09-29,2024-10-01,2024-09-30,WH-A,Carrier-3,South,30.5,199.05,Express
2529,2025-12-26,2025-12-28,2026-01-04,WH-A,Carrier-2,East,27.1,33.21,Critical
2530,2025-10-13,2025-10-16,,WH-C,Carrier-1,North,42.1,227.9,Critical
2531,2024-07-07,2024-07-15,2024-07-16,WH-A,Carrier-3,South,1.8,162.72,Critical
2532,2024-07-08,2024-07-14,2024-07-17,WH-D,Carrier-1,South,21.1,144.47,Express
2533,2026-02-18,2026-02-21,2026-02-27,WH-A,Carrier-2,West,77.1,181.99,Express
2534,2024-05-12,2024-05-16,2024-05-23,WH-A,Carrier-3,West,18.4,59.09,Standard
2535,2024-12-26,2024-12-28,,WH-C,Carrier-1,East,79.3,177.41,Standard
2536,2025-05-20,2025-05-27,2025-05-28,WH-C,Carrier-2,South,50.8,26.34,Express
2537,2025-12-14,2025-12-19,2025-12-17,WH-B,Carrier-1,West,2.1,108.55,Critical
2538,2024-10-14,2024-10-16,2024-10-23,WH-B,Carrier-2,East,20.8,104.28,Critical
2539,2024-02-27,2024-03-03,2024-03-05,WH-C,Carrier-2,North,37.9,193.99,Express
2540,2026-01-22,2026-01-30,2026-01-29,WH-D,Carrier-3,North,26.8,135.17,Standard
2541,2024-11-26,2024-11-30,2024-11-28,WH-A,Carrier-1,South,63.8,88.15,Critical
2542,2024-04-08,2024-04-16,2024-04-22,WH-B,Carrier-2,North,40.9,43.45,Standard
2543,2024-12-01,2024-12-06,2024-12-12,WH-B,Carrier-1,East,65.8,147.36,Express
2544,2025-09-08,2025-09-12,2025-09-19,WH-A,Carrier-2,North,10.4,59.29,Express
2545,2025-04-23,2025-05-01,,WH-A,Carrier-2,West,10.4,205.97,Critical
2546,2026-08-14,2026-08-17,2026-08-25,WH-A,Carrier-2,East,28.3,136.88,Standard
2547,2025-08-29,2025-09-03,2025-09-05,WH-A,Carrier-3,North,31.4,91.49,Critical
2548,2026-01-20,2026-01-23,2026-01-27,WH-A,Carrier-2,South,7.2,234.32,Standard
2549,2024-06-12,2024-06-20,2024-06-23,WH-D,Carrier-2,West,13.5,173.62,Critical
2550,2024-09-18,2024-09-25,2024-09-28,WH-B,Carrier-3,West,29.4,184.23,Critical
2551,2026-04-10,2026-04-14,2026-04-17,WH-A,Carrier-1,South,18.2,185.8,Critical
2552,2025-08-04,2025-08-10,2025-08-11,WH-B,Carrier-3,South,65.4,134.22,Critical
2553,2025-08-16,2025-08-18,2025-08-26,WH-D,Carrier-1,West,49.4,228.02,Standard
2554,2025-03-01,2025-03-08,2025-03-12,WH-C,Carrier-2,North,36.7,118.7,Standard
2555,2024-10-26,2024-11-03,2024-11-02,WH-B,Carrier-2,West,45.3,239.1,Critical
2556,2024-01-11,2024-01-13,,WH-C,Carrier-2,West,48.0,171.07,Express
2557,2024-02-19,2024-02-21,2024-02-22,WH-A,Carrier-2,North,57.8,118.54,Critical
2558,2024-01-11,2024-01-16,2024-01-23,WH-A,Carrier-3,West,56.8,211.66,Express
2559,2024-03-23,2024-03-27,2024-03-28,WH-B,Carrier-2,North,62.8,140.66,Standard
2560,2024-09-25,2024-10-01,2024-10-06,WH-D,Carrier-2,West,6.8,35.94,Standard
2561,2025-07-08,2025-07-12,2025-07-16,WH-B,Carrier-1,South,56.9,168.7,Express
2562,2026-05-09,2026-05-13,2026-05-15,WH-D,Carrier-2,South,2.9,182.39,Express
2563,2024-11-12,2024-11-15,2024-11-17,WH-A,Carrier-1,South,35.4,74.43,Express
2564,2025-09-28,2025-10-01,2025-10-02,WH-A,Carrier-2,North,28.0,63.78,Express
2565,2026-03-12,2026-03-20,2026-03-22,WH-A,Carrier-2,West,41.9,99.13,Express
2566,2024-09-07,2024-09-10,2024-09-16,WH-A,Carrier-1,South,27.1,231.22,Standard
2567,2026-04-03,2026-04-06,2026-04-09,WH-C,Carrier-3,West,24.0,189.22,Express
2568,2024-12-31,2025-01-05,2025-01-07,WH-B,Carrier-1,East,26.6,164.63,Standard
2569,2025-03-10,2025-03-14,2025-03-18,WH-D,Carrier-2,North,40.7,190.29,Express
2570,2024-12-24,2024-12-31,2025-01-05,WH-D,Carrier-1,North,65.3,21.81,Express
2571,2026-05-20,2026-05-28,2026-06-04,WH-D,Carrier-3,South,69.5,50.57,Express
2572,2026-04-26,2026-05-01,2026-05-07,WH-D,Carrier-3,West,77.7,128.3,Critical
2573,2024-04-17,2024-04-25,2024-05-03,WH-D,Carrier-3,South,78.9,77.08,Critical
2574,2025-12-11,2025-12-15,2025-12-17,WH-D,Carrier-3,West,16.1,234.23,Express
2575,2024-04-27,2024-05-02,2024-05-07,WH-B,Carrier-1,East,73.4,87.95,Express
2576,2025-04-04,2025-04-08,2025-04-06,WH-A,Carrier-3,South,40.2,182.64,Critical
2577,2024-09-27,2024-10-02,2024-10-08,WH-D,Carrier-1,East,63.2,77.06,Express
2578,2024-05-25,2024-05-30,2024-06-04,WH-C,Carrier-1,West,29.7,202.73,Express
2579,2024-01-25,2024-02-02,2024-02-02,WH-D,Carrier-2,South,64.2,7.57,Express
2580,2024-05-12,2024-05-18,2024-05-23,WH-A,Carrier-3,South,53.7,24.43,Express
2581,2024-03-16,2024-03-19,2024-03-20,WH-C,Carrier-1,South,59.2,168.59,Standard
2582,2024-02-18,2024-02-25,2024-03-02,WH-D,Carrier-3,North,51.5,90.62,Express
2583,2024-04-30,2024-05-06,,WH-B,Carrier-3,West,29.9,164.89,Express
2584,2025-07-04,2025-07-12,2025-07-14,WH-D,Carrier-2,East,47.3,213.59,Critical
2585,2025-07-25,2025-07-28,2025-08-04,WH-A,Carrier-2,South,27.2,93.07,Express
2586,2025-05-11,2025-05-16,2025-05-16,WH-D,Carrier-2,North,39.7,47.36,Critical
2587,2024-05-04,2024-05-09,2024-05-16,WH-C,Carrier-1,West,74.3,239.9,Critical
2588,2024-07-02,2024-07-04,2024-07-12,WH-D,Carrier-1,West,58.9,50.33,Express
2589,2024-07-11,2024-07-13,2024-07-21,WH-C,Carrier-2,East,72.7,218.62,Standard
2590,2025-03-29,2025-04-02,2025-04-06,WH-A,Carrier-3,East,18.9,79.37,Critical
2591,2024-12-18,2024-12-22,2024-12-20,WH-B,Carrier-2,East,8.6,14.86,Critical
2592,2026-05-01,2026-05-05,2026-05-11,WH-C,Carrier-1,South,58.8,127.47,Standard
2593,2025-04-25,2025-04-28,,WH-D,Carrier-3,West,63.3,5.44,Critical
2594,2025-11-06,2025-11-09,2025-11-10,WH-D,Carrier-1,East,3.9,11.19,Standard
2595,2026-07-07,2026-07-14,2026-07-15,WH-C,Carrier-3,East,45.8,221.12,Critical
2596,2024-04-19,2024-04-27,2024-04-30,WH-A,Carrier-3,East,17.0,233.55,Critical
2597,2024-10-08,2024-10-11,2024-10-17,WH-B,Carrier-3,North,22.0,227.05,Express
2598,2026-06-08,2026-06-16,2026-06-23,WH-B,Carrier-2,North,35.4,231.26,Critical
2599,2026-04-02,2026-04-07,2026-04-05,WH-C,Carrier-3,South,31.2,45.92,Critical
2600,2024-03-26,2024-03-29,2024-04-02,WH-D,Carrier-1,South,37.1,219.14,Standard
2601,2024-02-04,2024-02-09,2024-02-14,WH-B,Carrier-1,East,78.4,101.3,Standard
2602,2024-07-24,2024-07-26,2024-07-26,WH-B,Carrier-1,North,31.8,192.06,Critical
2603,2026-04-22,2026-04-30,2026-04-30,WH-D,Carrier-3,East,66.3,215.81,Express
2604,2026-01-17,2026-01-25,,WH-C,Carrier-1,South,76.3,168.58,Critical
2605,2024-04-09,2024-04-14,2024-04-17,WH-B,Carrier-3,North,41.1,28.62,Express
2606,2024-05-31,2024-06-03,2024-06-01,WH-B,Carrier-3,East,8.1,184.34,Critical
2607,2025-06-18,2025-06-25,2025-06-25,WH-A,Carrier-3,East,23.7,13.77,Standard
2608,2024-06-30,2024-07-04,2024-07-09,WH-A,Carrier-1,East,71.1,236.34,Standard
2609,2025-09-04,2025-09-12,2025-09-17,WH-B,Carrier-2,West,17.7,214.09,Critical
2610,2024-04-03,2024-04-06,2024-04-07,WH-A,Carrier-1,North,67.5,32.43,Express
2611,2025-11-12,2025-11-20,2025-11-28,WH-B,Carrier-1,West,37.3,55.18,Express
2612,2025-09-29,2025-10-03,2025-10-05,WH-D,Carrier-3,West,9.9,195.15,Standard
2613,2024-04-06,2024-04-08,2024-04-06,WH-C,Carrier-1,West,75.1,37.53,Critical
2614,2024-06-25,2024-06-29,2024-07-05,WH-A,Carrier-3,West,20.2,169.9,Express
2615,2026-03-26,2026-04-03,2026-04-10,WH-B,Carrier-3,North,29.3,202.57,Standard
2616,2024-05-31,2024-06-08,2024-06-11,WH-C,Carrier-3,North,54.5,47.77,Express
2617,2025-03-02,2025-03-10,2025-03-12,WH-A,Carrier-1,North,64.0,160.15,Standard
2618,2025-06-05,2025-06-08,,WH-C,Carrier-2,South,52.0,208.67,Critical
2619,2025-11-29,2025-12-03,,WH-D,Carrier-2,South,59.9,16.95,Express
2620,2024-11-27,2024-12-03,2024-12-07,WH-C,Carrier-1,East,70.1,228.06,Express
2621,2024-11-30,2024-12-08,2024-12-16,WH-B,Carrier-1,West,46.2,166.0,Standard
2622,2026-03-13,2026-03-21,2026-03-23,WH-A,Carrier-1,West,36.5,171.32,Express
2623,2026-02-24,2026-02-27,2026-03-05,WH-A,Carrier-3,North,42.8,52.65,Critical
2624,2026-03-28,2026-03-30,2026-03-31,WH-A,Carrier-2,West,37.0,185.44,Standard
2625,2025-03-18,2025-03-23,2025-03-22,WH-D,Carrier-3,West,12.8,25.41,Express
2626,2025-10-15,2025-10-23,2025-10-29,WH-D,Carrier-3,West,41.4,123.82,Standard
2627,2026-04-29,2026-05-03,2026-05-11,WH-B,Carrier-3,East,29.6,96.29,Critical
2628,2024-10-20,2024-10-24,2024-10-28,WH-B,Carrier-3,West,61.2,26.21,Standard
2629,2024-05-21,2024-05-26,2024-05-28,WH-C,Carrier-2,West,15.1,148.9,Critical
2630,2024-11-12,2024-11-18,2024-11-23,WH-B,Carrier-3,South,20.2,30.77,Critical
2631,2025-09-04,2025-09-10,2025-09-16,WH-D,Carrier-1,West,55.7,110.22,Express
2632,2025-05-30,2025-06-04,2025-06-04,WH-D,Carrier-3,South,10.8,201.95,Standard
2633,2026-06-07,2026-06-13,2026-06-20,WH-B,Carrier-1,South,7.2,210.77,Express
2634,2025-04-05,2025-04-10,2025-04-14,WH-A,Carrier-2,North,72.6,26.77,Express
2635,2025-01-18,2025-01-22,2025-01-29,WH-D,Carrier-2,East,68.1,179.19,Critical
2636,2025-02-23,2025-02-28,2025-03-01,WH-A,Carrier-3,North,23.1,169.91,Critical
2637,2025-02-04,2025-02-07,2025-02-06,WH-D,Carrier-1,North,3.0,183.25,Express
2638,2025-09-18,2025-09-21,2025-09-27,WH-B,Carrier-3,East,58.4,142.78,Critical
2639,2025-06-07,2025-06-11,2025-06-17,WH-A,Carrier-3,West,10.9,66.48,Critical
2640,2026-06-15,2026-06-21,2026-06-23,WH-B,Carrier-2,North,9.0,143.24,Express
2641,2024-01-15,2024-01-21,2024-01-26,WH-D,Carrier-2,West,17.6,109.54,Express
2642,2025-01-22,2025-01-28,2025-02-05,WH-A,Carrier-2,East,38.4,67.76,Express
2643,2024-10-11,2024-10-18,,WH-B,Carrier-3,North,28.1,72.65,Express
2644,2026-06-07,2026-06-15,2026-06-21,WH-B,Carrier-1,West,15.2,154.55,Standard
2645,2025-08-15,2025-08-19,2025-08-19,WH-C,Carrier-3,North,79.8,127.68,Standard
2646,2024-11-26,2024-11-29,2024-12-01,WH-C,Carrier-3,North,61.1,191.55,Express
2647,2024-11-06,2024-11-12,2024-11-14,WH-D,Carrier-3,West,38.0,60.74,Standard
2648,2026-02-16,2026-02-19,,WH-C,Carrier-3,South,39.5,159.08,Express
2649,2026-02-15,2026-02-18,2026-02-18,WH-A,Carrier-1,East,39.5,28.4,Standard
2650,2025-07-23,2025-07-30,2025-07-30,WH-D,Carrier-3,East,38.8,117.66,Standard
2651,2025-05-04,2025-05-08,2025-05-08,WH-C,Carrier-1,West,58.2,140.92,Express
2652,2024-02-04,2024-02-07,2024-02-13,WH-B,Carrier-2,North,50.9,58.36,Critical
2653,2024-12-10,2024-12-17,2024-12-23,WH-D,Carrier-1,South,54.2,109.25,Express
2654,2024-05-05,2024-05-11,2024-05-14,WH-D,Carrier-1,West,78.3,136.11,Critical
2655,2024-05-29,2024-06-06,2024-06-13,WH-A,Carrier-3,North,72.8,82.76,Standard
2656,2026-03-06,2026-03-08,2026-03-15,WH-C,Carrier-3,South,9.8,131.37,Standard
2657,2024-11-16,2024-11-18,2024-11-16,WH-C,Carrier-1,South,8.7,133.25,Express
2658,2024-12-03,2024-12-06,2024-12-11,WH-A,Carrier-2,North,42.2,91.82,Critical
2659,2025-03-12,2025-03-16,2025-03-19,WH-B,Carrier-2,East,40.9,112.76,Express
2660,2025-05-24,2025-05-26,2025-05-31,WH-B,Carrier-2,East,36.9,164.22,Critical
2661,2024-12-16,2024-12-23,2024-12-23,WH-A,Carrier-2,West,4.8,143.99,Critical
2662,2026-05-28,2026-06-01,2026-05-30,WH-B,Carrier-3,East,39.0,202.63,Standard
2663,2026-02-19,2026-02-23,2026-02-28,WH-C,Carrier-2,East,17.0,90.47,Critical
2664,2024-05-27,2024-05-31,2024-06-07,WH-B,Carrier-3,East,62.6,121.66,Standard
2665,2026-07-15,2026-07-21,,WH-D,Carrier-1,West,52.3,75.81,Express
2666,2026-03-13,2026-03-16,2026-03-20,WH-A,Carrier-2,South,78.0,177.79,Standard
2667,2026-04-05,2026-04-08,2026-04-15,WH-D,Carrier-2,North,60.4,110.11,Critical
2668,2025-03-08,2025-03-11,2025-03-11,WH-A,Carrier-1,South,79.2,199.78,Express
2669,2025-06-04,2025-06-09,2025-06-11,WH-B,Carrier-2,North,64.2,216.03,Standard
2670,2026-05-10,2026-05-16,2026-05-14,WH-D,Carrier-3,East,45.1,134.66,Critical
2671,2025-03-09,2025-03-13,2025-03-13,WH-D,Carrier-3,South,62.4,215.54,Express
2672,2025-08-31,2025-09-02,2025-09-02,WH-D,Carrier-2,West,74.7,58.81,Standard
2673,2026-03-27,2026-04-03,2026-04-10,WH-A,Carrier-2,South,14.9,73.62,Express
2674,2024-09-09,2024-09-17,2024-09-23,WH-B,Carrier-2,East,22.1,189.7,Express
2675,2025-06-16,2025-06-20,2025-06-22,WH-C,Carrier-2,East,55.3,196.77,Express
2676,2024-06-27,2024-07-02,2024-07-07,WH-A,Carrier-1,North,50.9,36.43,Express
2677,2025-10-26,2025-10-31,,WH-C,Carrier-2,South,36.3,215.6,Standard
2678,2024-02-21,2024-02-26,2024-02-28,WH-C,Carrier-2,South,48.5,61.04,Standard
2679,2025-05-22,2025-05-28,2025-05-29,WH-D,Carrier-2,West,29.5,88.07,Express
2680,2025-03-27,2025-04-01,2025-04-03,WH-A,Carrier-1,East,19.7,108.05,Express
2681,2026-01-15,2026-01-22,2026-01-28,WH-D,Carrier-2,North,58.2,5.6,Express
2682,2026-05-11,2026-05-15,2026-05-20,WH-B,Carrier-3,East,65.1,238.05,Standard
2683,2026-03-16,2026-03-21,2026-03-22,WH-D,Carrier-1,East,57.4,93.91,Critical
2684,2025-07-08,2025-07-16,2025-07-19,WH-A,Carrier-1,North,31.4,27.23,Critical
2685,2025-06-01,2025-06-05,2025-06-04,WH-D,Carrier-2,West,68.8,30.61,Express
2686,2026-02-18,2026-02-24,2026-02-27,WH-B,Carrier-2,North,37.5,99.16,Standard
2687,2025-03-28,2025-04-04,2025-04-08,WH-B,Carrier-1,East,15.4,139.08,Standard
2688,2024-04-17,2024-04-24,2024-05-01,WH-C,Carrier-2,North,79.9,70.57,Critical
2689,2024-06-13,2024-06-15,2024-06-18,WH-D,Carrier-2,North,25.2,114.57,Express
2690,2024-03-24,2024-04-01,2024-04-02,WH-B,Carrier-1,South,71.0,126.45,Express
2691,2025-07-27,2025-07-30,2025-08-02,WH-B,Carrier-2,South,28.4,92.35,Critical
2692,2026-05-08,2026-05-15,2026-05-15,WH-B,Carrier-1,East,30.2,179.77,Express
2693,2026-03-18,2026-03-26,2026-03-25,WH-C,Carrier-2,North,64.7,7.12,Standard
2694,2024-05-08,2024-05-14,2024-05-18,WH-C,Carrier-3,North,36.9,77.9,Standard
2695,2026-05-17,2026-05-23,2026-05-31,WH-C,Carrier-2,South,59.3,85.72,Express
2696,2026-05-21,2026-05-27,2026-06-01,WH-D,Carrier-2,South,46.7,93.09,Critical
2697,2024-03-16,2024-03-23,2024-03-26,WH-D,Carrier-3,East,37.3,42.13,Standard
2698,2024-12-23,2024-12-29,2024-12-27,WH-A,Carrier-1,East,62.4,142.35,Standard
2699,2025-10-20,2025-10-24,2025-10-26,WH-D,Carrier-2,East,37.8,194.21,Critical
2700,2025-08-05,2025-08-08,2025-08-12,WH-C,Carrier-1,South,61.1,206.34,Express
2701,2026-07-13,2026-07-17,2026-07-15,WH-C,Carrier-2,North,64.5,80.4,Standard
2702,2026-07-11,2026-07-16,2026-07-14,WH-B,Carrier-2,South,55.9,65.39,Standard
2703,2025-10-17,2025-10-22,2025-10-23,WH-D,Carrier-1,East,14.2,128.02,Standard
2704,2024-02-13,2024-02-16,2024-02-23,WH-D,Carrier-3,East,74.1,19.78,Standard
2705,2026-01-07,2026-01-09,2026-01-12,WH-D,Carrier-3,East,72.2,21.03,Critical
2706,2024-07-10,2024-07-15,2024-07-19,WH-C,Carrier-1,East,34.1,87.43,Critical
2707,2025-09-16,2025-09-21,2025-09-19,WH-B,Carrier-2,South,67.6,228.47,Standard
2708,2024-11-17,2024-11-19,2024-11-22,WH-D,Carrier-1,North,2.1,98.21,Express
2709,2026-06-19,2026-06-23,2026-06-25,WH-B,Carrier-2,East,56.0,72.73,Critical
2710,2024-10-26,2024-11-03,2024-11-10,WH-D,Carrier-2,North,64.7,111.99,Critical
2711,2024-02-13,2024-02-16,2024-02-20,WH-D,Carrier-1,West,49.1,162.0,Express
2712,2024-06-30,2024-07-07,2024-07-11,WH-C,Carrier-3,West,56.5,65.4,Standard
2713,2024-07-05,2024-07-12,2024-07-18,WH-D,Carrier-3,West,46.7,60.52,Express
2714,2024-07-25,2024-07-29,2024-08-01,WH-D,Carrier-2,North,5.0,96.64,Standard
2715,2025-03-08,2025-03-16,2025-03-24,WH-D,Carrier-1,East,60.3,178.75,Standard
2716,2026-07-03,2026-07-09,2026-07-13,WH-B,Carrier-1,West,25.8,233.6,Critical
2717,2026-05-05,2026-05-12,2026-05-13,WH-A,Carrier-3,East,6.5,147.94,Critical
2718,2024-12-16,2024-12-20,2024-12-23,WH-D,Carrier-1,East,30.5,184.15,Express
2719,2025-02-27,2025-03-04,2025-03-09,WH-B,Carrier-1,West,54.4,236.58,Express
2720,2024-01-12,2024-01-14,2024-01-22,WH-C,Carrier-1,South,63.8,232.78,Critical
2721,2026-08-05,2026-08-07,2026-08-14,WH-A,Carrier-1,East,73.3,131.21,Express
2722,2024-06-16,2024-06-19,2024-06-27,WH-D,Carrier-3,East,2.0,130.84,Critical
2723,2026-05-18,2026-05-25,2026-05-24,WH-D,Carrier-2,West,21.0,12.53,Standard
2724,2026-08-08,2026-08-15,2026-08-15,WH-B,Carrier-3,East,38.3,232.62,Standard
2725,2024-12-29,2025-01-03,2025-01-02,WH-B,Carrier-3,East,12.0,124.32,Standard
2726,2024-07-21,2024-07-27,2024-07-30,WH-A,Carrier-2,South,26.1,114.02,Critical
2727,2024-02-29,2024-03-03,2024-03-02,WH-B,Carrier-1,East,3.6,119.88,Express
2728,2024-11-11,2024-11-17,2024-11-22,WH-C,Carrier-2,West,39.5,83.85,Critical
2729,2026-03-01,2026-03-09,2026-03-14,WH-D,Carrier-3,North,2.0,36.79,Critical
2730,2025-02-25,2025-02-28,2025-03-07,WH-B,Carrier-2,East,61.6,29.52,Critical
2731,2024-05-22,2024-05-30,2024-06-05,WH-B,Carrier-2,North,1.2,54.62,Critical
2732,2024-12-25,2025-01-02,2025-01-02,WH-B,Carrier-2,East,58.3,212.39,Express
2733,2024-07-05,2024-07-13,2024-07-21,WH-D,Carrier-1,West,65.7,78.89,Critical
2734,2024-02-11,2024-02-13,2024-02-20,WH-D,Carrier-3,East,60.7,60.81,Standard
2735,2025-03-08,2025-03-10,2025-03-12,WH-A,Carrier-2,West,0.8,202.04,Express
2736,2025-02-18,2025-02-24,2025-02-28,WH-A,Carrier-3,East,31.4,51.97,Critical
2737,2025-09-16,2025-09-22,,WH-B,Carrier-3,East,5.6,190.26,Critical
2738,2026-08-18,2026-08-26,2026-08-29,WH-C,Carrier-3,South,7.3,9.25,Standard
2739,2025-08-01,2025-08-09,2025-08-11,WH-B,Carrier-2,East,1.1,80.71,Express
2740,2025-03-03,2025-03-08,2025-03-12,WH-B,Carrier-3,South,3.3,110.48,Standard
2741,2026-01-05,2026-01-13,2026-01-12,WH-D,Carrier-1,North,38.6,30.37,Standard
2742,2024-12-22,2024-12-25,2024-12-31,WH-D,Carrier-1,South,35.8,193.35,Standard
2743,2025-03-21,2025-03-24,2025-04-01,WH-A,Carrier-1,East,48.8,42.94,Express
2744,2025-01-14,2025-01-18,2025-01-23,WH-D,Carrier-1,South,17.9,127.01,Express
2745,2025-11-05,2025-11-11,2025-11-15,WH-C,Carrier-1,South,0.7,75.26,Express
2746,2026-07-04,2026-07-09,,WH-D,Carrier-1,South,35.8,122.79,Standard
2747,2024-12-15,2024-12-22,,WH-D,Carrier-1,North,51.3,137.15,Critical
2748,2025-12-15,2025-12-17,2025-12-18,WH-A,Carrier-3,East,46.3,89.62,Standard
2749,2024-04-06,2024-04-11,2024-04-16,WH-B,Carrier-2,South,70.1,226.38,Standard
2750,2026-06-30,2026-07-02,2026-07-05,WH-C,Carrier-1,South,56.1,233.78,Critical
2751,2024-03-12,2024-03-18,2024-03-24,WH-B,Carrier-1,East,60.8,169.57,Express
2752,2025-07-26,2025-07-29,2025-07-30,WH-A,Carrier-3,South,5.4,44.64,Critical
2753,2024-11-17,2024-11-22,2024-11-29,WH-A,Carrier-3,West,43.1,239.01,Critical
2754,2024-04-08,2024-04-16,2024-04-24,WH-D,Carrier-2,North,73.3,58.54,Standard
2755,2026-03-17,2026-03-25,2026-04-02,WH-D,Carrier-1,North,53.9,165.93,Express
2756,2025-08-02,2025-08-10,2025-08-13,WH-B,Carrier-2,East,71.6,71.61,Standard
2757,2024-04-17,2024-04-21,2024-04-25,WH-D,Carrier-3,South,11.4,17.35,Express
2758,2024-05-25,2024-06-01,2024-06-03,WH-C,Carrier-3,West,32.4,110.42,Standard
2759,2026-04-04,2026-04-12,2026-04-14,WH-D,Carrier-2,East,40.2,232.71,Express
2760,2025-11-29,2025-12-07,2025-12-06,WH-A,Carrier-3,East,59.7,13.0,Standard
2761,2025-08-18,2025-08-26,2025-08-31,WH-B,Carrier-2,West,31.0,75.08,Express
2762,2025-04-05,2025-04-11,2025-04-17,WH-D,Carrier-1,North,0.4,75.21,Critical
2763,2024-06-15,2024-06-21,2024-06-25,WH-D,Carrier-3,East,12.1,183.42,Standard
2764,2026-07-17,2026-07-22,2026-07-29,WH-B,Carrier-3,East,36.1,155.77,Critical
2765,2024-01-11,2024-01-17,2024-01-19,WH-D,Carrier-3,West,9.6,206.12,Critical
2766,2024-07-08,2024-07-11,2024-07-15,WH-B,Carrier-1,West,27.9,108.75,Express
2767,2026-06-08,2026-06-16,2026-06-24,WH-B,Carrier-3,West,62.9,152.38,Standard
2768,2025-12-30,2026-01-05,2026-01-05,WH-B,Carrier-3,North,71.2,55.21,Standard
2769,2026-07-14,2026-07-18,2026-07-19,WH-B,Carrier-3,West,12.8,239.03,Critical
2770,2024-09-07,2024-09-09,2024-09-10,WH-A,Carrier-1,East,23.3,66.84,Express
2771,2024-04-16,2024-04-21,2024-04-25,WH-D,Carrier-3,North,20.8,37.5,Express
2772,2024-02-19,2024-02-21,2024-02-25,WH-A,Carrier-2,West,7.2,66.2,Standard
2773,2025-08-13,2025-08-19,2025-08-27,WH-C,Carrier-1,East,15.5,39.53,Standard
2774,2024-05-16,2024-05-22,,WH-C,Carrier-3,West,47.2,93.84,Critical
2775,2025-06-14,2025-06-19,2025-06-27,WH-D,Carrier-3,North,60.3,62.12,Express
2776,2026-05-22,2026-05-30,2026-05-30,WH-A,Carrier-2,West,9.7,204.93,Standard
2777,2025-02-09,2025-02-13,2025-02-15,WH-B,Carrier-1,South,2.6,136.51,Express
2778,2024-05-19,2024-05-21,2024-05-26,WH-B,Carrier-3,North,39.6,196.87,Express
2779,2026-07-09,2026-07-11,2026-07-18,WH-B,Carrier-3,West,66.4,7.83,Express
2780,2024-11-25,2024-11-29,2024-12-05,WH-C,Carrier-2,West,75.7,28.83,Standard
2781,2026-02-02,2026-02-10,2026-02-10,WH-A,Carrier-3,East,79.8,32.21,Express
2782,2025-03-11,2025-03-18,2025-03-26,WH-D,Carrier-1,East,65.2,141.57,Critical
2783,2026-07-06,2026-07-12,2026-07-19,WH-A,Carrier-1,West,9.6,114.02,Standard
2784,2024-09-28,2024-10-05,2024-10-04,WH-A,Carrier-2,East,16.2,36.69,Critical
2785,2025-09-30,2025-10-06,2025-10-14,WH-C,Carrier-2,East,11.8,46.43,Critical
2786,2025-12-27,2025-12-29,2026-01-05,WH-B,Carrier-3,North,73.0,69.24,Critical
2787,2024-07-21,2024-07-27,2024-08-01,WH-A,Carrier-1,North,51.1,51.5,Express
2788,2025-03-29,2025-04-04,2025-04-09,WH-C,Carrier-3,South,60.6,34.46,Standard
2789,2024-02-10,2024-02-16,2024-02-21,WH-B,Carrier-2,North,43.7,118.65,Standard
2790,2025-07-19,2025-07-25,2025-07-25,WH-B,Carrier-3,West,14.2,34.75,Express
2791,2024-02-02,2024-02-07,2024-02-08,WH-A,Carrier-3,North,72.2,39.62,Express
2792,2025-04-25,2025-05-02,,WH-D,Carrier-2,South,50.1,223.43,Standard
2793,2026-06-26,2026-06-29,2026-06-28,WH-A,Carrier-2,North,68.5,159.83,Critical
2794,2024-04-18,2024-04-22,2024-04-26,WH-B,Carrier-3,East,21.6,11.79,Express
2795,2025-05-29,2025-05-31,2025-06-07,WH-C,Carrier-2,East,48.9,117.05,Express
2796,2024-04-19,2024-04-27,2024-04-29,WH-D,Carrier-1,North,43.0,136.31,Express
2797,2025-02-15,2025-02-19,2025-02-22,WH-A,Carrier-2,West,62.3,49.89,Standard
2798,2024-12-22,2024-12-30,2024-12-30,WH-A,Carrier-3,West,71.9,79.21,Critical
2799,2024-06-03,2024-06-09,2024-06-17,WH-C,Carrier-1,North,40.3,208.09,Express
2800,2025-06-15,2025-06-23,2025-06-29,WH-C,Carrier-2,East,45.8,81.26,Standard
2801,2024-01-31,2024-02-02,2024-02-08,WH-B,Carrier-3,West,45.7,110.31,Standard
2802,2026-07-10,2026-07-15,2026-07-18,WH-C,Carrier-3,East,4.8,154.9,Critical
2803,2026-01-23,2026-01-28,2026-02-03,WH-A,Carrier-2,East,62.6,193.81,Critical
2804,2024-12-28,2025-01-01,2025-01-03,WH-B,Carrier-3,North,35.9,88.36,Critical
2805,2026-01-04,2026-01-07,2026-01-07,WH-B,Carrier-1,West,58.1,212.53,Express
2806,2025-03-13,2025-03-16,2025-03-17,WH-B,Carrier-3,North,43.3,223.89,Standard
2807,2024-04-13,2024-04-20,2024-04-25,WH-C,Carrier-2,East,64.0,64.63,Express
2808,2026-05-29,2026-06-04,2026-06-06,WH-A,Carrier-1,North,68.8,170.1,Express
2809,2025-02-06,2025-02-12,2025-02-16,WH-C,Carrier-1,East,18.3,98.1,Critical
2810,2025-05-16,2025-05-22,2025-05-28,WH-A,Carrier-2,South,8.7,166.96,Express
2811,2024-02-18,2024-02-23,2024-02-21,WH-B,Carrier-3,West,9.5,64.66,Critical
2812,2024-06-22,2024-06-26,2024-07-02,WH-B,Carrier-3,North,20.3,57.87,Critical
2813,2024-03-17,2024-03-25,2024-03-25,WH-B,Carrier-3,East,45.6,123.17,Critical
2814,2025-12-21,2025-12-25,2025-12-25,WH-A,Carrier-3,North,55.6,228.12,Critical
2815,2024-06-20,2024-06-24,2024-06-30,WH-D,Carrier-1,East,69.6,103.61,Critical
2816,2024-01-03,2024-01-07,2024-01-12,WH-A,Carrier-1,East,53.3,214.27,Critical
2817,2025-08-26,2025-08-28,,WH-A,Carrier-2,North,75.7,99.22,Express
2818,2024-07-22,2024-07-26,2024-08-01,WH-A,Carrier-3,East,34.7,207.98,Express
2819,2024-04-16,2024-04-19,2024-04-19,WH-A,Carrier-2,East,64.0,15.13,Critical
2820,2024-05-02,2024-05-06,2024-05-10,WH-D,Carrier-2,West,36.8,131.34,Critical
2821,2025-07-07,2025-07-15,2025-07-17,WH-B,Carrier-3,West,29.7,113.77,Standard
2822,2024-01-03,2024-01-08,2024-01-11,WH-A,Carrier-2,South,12.6,33.77,Critical
2823,2026-08-05,2026-08-12,2026-08-13,WH-B,Carrier-1,South,5.7,42.3,Express
2824,2025-04-05,2025-04-09,2025-04-15,WH-A,Carrier-2,North,77.3,167.9,Express
2825,2026-01-21,2026-01-28,2026-02-04,WH-B,Carrier-3,North,30.1,192.57,Express
2826,2024-10-24,2024-10-27,2024-11-01,WH-A,Carrier-2,South,42.8,14.1,Standard
2827,2025-03-03,2025-03-11,2025-03-10,WH-D,Carrier-1,West,16.4,15.37,Critical
2828,2025-08-01,2025-08-06,2025-08-09,WH-D,Carrier-1,North,56.0,167.73,Critical
2829,2026-05-03,2026-05-07,2026-05-06,WH-B,Carrier-1,North,18.0,29.2,Critical
2830,2025-02-26,2025-03-02,2025-03-06,WH-C,Carrier-3,North,53.0,197.02,Express
2831,2025-03-12,2025-03-15,2025-03-14,WH-D,Carrier-1,North,62.1,14.55,Standard
2832,2026-06-17,2026-06-19,2026-06-22,WH-A,Carrier-3,North,1.1,59.12,Standard
2833,2026-02-17,2026-02-24,2026-02-22,WH-B,Carrier-3,East,18.9,97.72,Critical
2834,2025-12-29,2026-01-03,2026-01-10,WH-C,Carrier-1,North,8.1,5.4,Express
2835,2026-06-20,2026-06-27,2026-06-26,WH-C,Carrier-1,West,21.7,56.4,Express
2836,2024-10-04,2024-10-11,2024-10-18,WH-D,Carrier-2,West,50.0,121.03,Standard
2837,2024-09-27,2024-09-30,,WH-C,Carrier-2,North,78.3,164.55,Express
2838,2026-06-21,2026-06-25,2026-06-30,WH-A,Carrier-3,South,22.8,50.68,Standard
2839,2024-02-03,2024-02-06,2024-02-09,WH-B,Carrier-2,East,69.4,199.26,Express
2840,2025-05-15,2025-05-17,2025-05-18,WH-C,Carrier-2,South,35.3,174.66,Standard
2841,2026-07-26,2026-07-28,2026-08-01,WH-A,Carrier-2,North,49.7,35.94,Express
2842,2024-09-09,2024-09-17,2024-09-15,WH-C,Carrier-3,East,61.7,131.53,Critical
2843,2025-04-27,2025-04-29,2025-05-04,WH-B,Carrier-3,North,50.9,113.58,Standard
2844,2024-10-16,2024-10-24,2024-10-22,WH-A,Carrier-3,South,41.3,171.21,Express
2845,2026-05-15,2026-05-17,2026-05-17,WH-C,Carrier-2,West,55.4,35.99,Critical
2846,2025-10-12,2025-10-17,2025-10-16,WH-B,Carrier-1,East,39.6,145.93,Critical
2847,2024-11-19,2024-11-26,2024-12-04,WH-A,Carrier-3,East,18.9,108.23,Express
2848,2025-05-15,2025-05-20,2025-05-28,WH-C,Carrier-3,South,18.8,65.15,Standard
2849,2025-08-05,2025-08-10,2025-08-12,WH-B,Carrier-3,West,3.3,146.14,Standard
2850,2025-01-30,2025-02-01,2025-02-09,WH-C,Carrier-1,South,41.8,26.65,Standard
2851,2026-06-27,2026-07-03,2026-07-05,WH-A,Carrier-1,East,15.2,12.9,Critical
2852,2025-09-12,2025-09-18,2025-09-25,WH-A,Carrier-1,North,62.4,142.87,Critical
2853,2024-03-24,2024-03-28,2024-03-31,WH-C,Carrier-1,South,39.8,100.65,Critical
2854,2024-09-29,2024-10-04,,WH-C,Carrier-3,East,34.6,38.84,Standard
2855,2026-02-14,2026-02-22,2026-02-26,WH-D,Carrier-1,East,44.8,189.69,Standard
2856,2026-04-28,2026-05-06,2026-05-06,WH-A,Carrier-2,South,14.9,201.39,Standard
2857,2024-12-24,2024-12-27,2024-12-31,WH-C,Carrier-3,South,42.6,75.87,Standard
2858,2026-05-18,2026-05-21,2026-05-19,WH-C,Carrier-1,North,62.8,221.62,Standard
2859,2024-05-27,2024-05-29,,WH-B,Carrier-1,North,55.6,170.49,Critical
2860,2025-01-03,2025-01-08,2025-01-13,WH-C,Carrier-1,West,55.6,102.92,Express
2861,2024-08-31,2024-09-08,2024-09-16,WH-A,Carrier-3,East,0.7,166.41,Standard
2862,2025-10-04,2025-10-06,2025-10-09,WH-D,Carrier-3,West,34.3,177.46,Standard
2863,2025-10-31,2025-11-08,2025-11-07,WH-C,Carrier-1,North,47.4,97.92,Express
2864,2025-12-04,2025-12-11,2025-12-17,WH-C,Carrier-2,North,10.3,78.77,Critical
2865,2024-02-14,2024-02-22,2024-02-21,WH-A,Carrier-2,West,61.7,44.02,Standard
2866,2025-01-03,2025-01-11,2025-01-18,WH-B,Carrier-2,West,37.4,209.3,Critical
2867,2025-07-21,2025-07-24,2025-07-27,WH-B,Carrier-2,West,32.1,150.34,Standard
2868,2024-07-21,2024-07-29,2024-08-01,WH-D,Carrier-2,West,12.5,114.07,Standard
2869,2024-01-29,2024-01-31,2024-02-07,WH-A,Carrier-2,East,56.2,127.69,Express
2870,2026-04-17,2026-04-22,2026-04-29,WH-C,Carrier-1,North,13.8,238.78,Critical
2871,2024-03-13,2024-03-21,2024-03-22,WH-A,Carrier-1,South,25.4,12.72,Standard
2872,2026-08-06,2026-08-11,2026-08-11,WH-B,Carrier-1,North,52.0,95.33,Standard
2873,2026-05-03,2026-05-11,2026-05-13,WH-B,Carrier-3,North,75.7,109.38,Critical
2874,2025-09-22,2025-09-27,2025-10-01,WH-A,Carrier-3,South,47.5,66.13,Express
2875,2026-05-15,2026-05-21,2026-05-24,WH-D,Carrier-3,North,62.3,72.76,Express
2876,2025-03-13,2025-03-16,2025-03-20,WH-D,Carrier-2,West,29.9,192.35,Standard
2877,2026-01-31,2026-02-05,2026-02-05,WH-C,Carrier-3,North,64.9,123.5,Standard
2878,2025-04-19,2025-04-27,2025-05-02,WH-C,Carrier-1,West,54.1,179.96,Standard
2879,2024-05-10,2024-05-14,2024-05-17,WH-D,Carrier-1,South,30.9,118.75,Critical
2880,2025-10-21,2025-10-29,2025-10-27,WH-C,Carrier-3,South,16.3,228.58,Express
2881,2026-01-15,2026-01-21,2026-01-24,WH-A,Carrier-1,South,35.1,46.52,Express
2882,2024-10-14,2024-10-20,2024-10-23,WH-C,Carrier-3,South,14.0,214.42,Express
2883,2024-10-15,2024-10-19,2024-10-25,WH-B,Carrier-1,West,62.7,197.68,Standard
2884,2026-02-27,2026-03-02,2026-03-03,WH-C,Carrier-2,South,45.3,107.72,Standard
2885,2025-01-02,2025-01-09,2025-01-08,WH-C,Carrier-1,South,53.6,147.24,Critical
2886,2025-04-29,2025-05-02,2025-05-07,WH-A,Carrier-1,South,59.2,223.94,Express
2887,2025-07-16,2025-07-21,2025-07-19,WH-B,Carrier-3,North,34.2,117.15,Express
2888,2024-11-01,2024-11-04,2024-11-04,WH-A,Carrier-2,North,71.8,194.64,Critical
2889,2025-10-10,2025-10-18,2025-10-17,WH-A,Carrier-2,North,75.7,63.14,Express
2890,2024-02-13,2024-02-21,2024-02-24,WH-D,Carrier-3,West,65.1,42.79,Critical
2891,2024-05-25,2024-05-29,2024-05-27,WH-C,Carrier-1,East,13.0,39.63,Standard
2892,2026-05-29,2026-06-03,2026-06-01,WH-B,Carrier-3,South,60.5,189.34,Critical
2893,2026-04-01,2026-04-03,2026-04-02,WH-B,Carrier-3,North,69.3,101.66,Critical
2894,2026-08-20,2026-08-28,2026-08-28,WH-C,Carrier-1,North,51.3,107.26,Express
2895,2026-02-26,2026-03-04,2026-03-12,WH-A,Carrier-3,South,63.1,124.94,Critical
2896,2025-02-01,2025-02-05,2025-02-12,WH-D,Carrier-3,East,19.0,29.2,Express
2897,2024-11-28,2024-12-01,2024-12-04,WH-B,Carrier-3,East,73.2,78.68,Express
2898,2024-12-13,2024-12-15,2024-12-18,WH-D,Carrier-1,South,32.8,70.26,Standard
2899,2024-12-29,2025-01-06,2025-01-10,WH-A,Carrier-3,East,25.8,46.42,Standard
2900,2026-07-12,2026-07-17,2026-07-22,WH-D,Carrier-3,West,48.8,124.03,Express
2901,2024-10-28,2024-11-03,2024-11-11,WH-C,Carrier-1,West,31.0,168.09,Express
2902,2025-11-18,2025-11-21,2025-11-26,WH-C,Carrier-3,West,49.3,192.23,Express
2903,2026-07-12,2026-07-17,2026-07-22,WH-D,Carrier-3,South,56.5,27.86,Standard
2904,2025-08-11,2025-08-13,,WH-C,Carrier-3,North,27.9,203.36,Standard
2905,2024-08-22,2024-08-24,2024-08-23,WH-A,Carrier-2,South,20.4,29.21,Critical
2906,2025-01-20,2025-01-27,2025-01-26,WH-B,Carrier-2,North,18.5,18.03,Critical
2907,2024-05-23,2024-05-28,2024-06-02,WH-C,Carrier-2,North,21.1,225.11,Critical
2908,2025-10-14,2025-10-17,2025-10-15,WH-B,Carrier-3,North,26.1,63.67,Standard
2909,2024-01-02,2024-01-08,2024-01-14,WH-C,Carrier-1,West,19.9,115.88,Standard
2910,2026-01-07,2026-01-15,2026-01-15,WH-D,Carrier-3,North,67.6,101.66,Critical
2911,2025-09-20,2025-09-22,2025-09-29,WH-B,Carrier-1,North,2.8,80.89,Critical
2912,2024-10-19,2024-10-25,2024-10-31,WH-D,Carrier-3,South,58.1,188.57,Standard
2913,2024-01-24,2024-01-27,2024-01-29,WH-C,Carrier-3,South,10.7,156.06,Express
2914,2024-07-29,2024-08-05,2024-08-13,WH-A,Carrier-2,West,50.3,120.35,Express
2915,2025-06-19,2025-06-25,2025-06-23,WH-A,Carrier-1,East,25.8,94.19,Standard
2916,2025-03-09,2025-03-15,2025-03-17,WH-B,Carrier-1,South,67.3,55.28,Standard
2917,2025-11-07,2025-11-14,2025-11-14,WH-D,Carrier-2,South,25.8,54.44,Standard
2918,2024-03-21,2024-03-23,2024-03-22,WH-B,Carrier-2,North,39.7,215.24,Critical
2919,2025-02-14,2025-02-22,2025-02-25,WH-A,Carrier-3,North,30.5,83.24,Express
2920,2025-09-06,2025-09-14,2025-09-15,WH-B,Carrier-2,North,45.8,90.82,Critical
2921,2024-04-06,2024-04-08,2024-04-15,WH-A,Carrier-2,East,58.4,80.44,Critical
2922,2024-09-30,2024-10-08,2024-10-10,WH-A,Carrier-3,North,78.3,47.9,Critical
2923,2025-07-06,2025-07-11,2025-07-11,WH-B,Carrier-2,East,28.4,42.76,Express
2924,2024-04-14,2024-04-20,2024-04-22,WH-B,Carrier-2,West,47.7,233.97,Express
2925,2024-12-15,2024-12-17,2024-12-22,WH-B,Carrier-3,South,6.6,213.4,Express
2926,2024-10-19,2024-10-23,2024-10-25,WH-B,Carrier-2,North,46.8,6.52,Critical
2927,2025-06-09,2025-06-15,2025-06-13,WH-A,Carrier-2,West,20.0,135.94,Critical
2928,2024-03-13,2024-03-15,2024-03-13,WH-A,Carrier-2,South,26.9,27.01,Express
2929,2026-05-11,2026-05-17,2026-05-15,WH-B,Carrier-3,West,27.8,45.39,Express
2930,2025-04-18,2025-04-22,,WH-A,Carrier-3,West,45.8,50.13,Critical
2931,2026-07-14,2026-07-17,2026-07-22,WH-A,Carrier-1,East,0.6,81.0,Standard
2932,2025-03-23,2025-03-26,2025-03-29,WH-D,Carrier-3,East,66.2,220.1,Standard
2933,2026-04-15,2026-04-21,,WH-D,Carrier-2,South,0.9,45.83,Express
2934,2024-11-21,2024-11-23,2024-11-28,WH-A,Carrier-1,North,5.7,183.47,Express
2935,2024-12-15,2024-12-21,2024-12-24,WH-D,Carrier-2,West,50.7,187.26,Standard
2936,2024-12-31,2025-01-02,2025-01-01,WH-A,Carrier-2,North,19.9,7.8,Express
2937,2025-10-27,2025-10-31,2025-11-02,WH-B,Carrier-2,East,7.0,115.58,Standard
2938,2026-04-26,2026-04-29,2026-04-27,WH-C,Carrier-2,North,51.4,231.59,Critical
2939,2026-05-14,2026-05-20,2026-05-19,WH-C,Carrier-1,North,61.2,119.67,Critical
2940,2026-05-15,2026-05-22,2026-05-28,WH-B,Carrier-1,North,38.1,224.99,Standard
2941,2025-03-26,2025-03-29,2025-03-27,WH-C,Carrier-3,South,60.1,228.86,Express
2942,2025-09-19,2025-09-22,2025-09-29,WH-C,Carrier-1,North,15.9,156.28,Express
2943,2025-09-06,2025-09-10,2025-09-11,WH-B,Carrier-3,South,52.1,4.73,Standard
2944,2024-11-01,2024-11-07,2024-11-10,WH-A,Carrier-3,East,60.3,203.02,Express
2945,2024-09-08,2024-09-10,2024-09-11,WH-A,Carrier-1,East,67.8,50.62,Critical
2946,2026-04-18,2026-04-23,2026-04-25,WH-B,Carrier-2,North,78.3,58.52,Critical
2947,2025-08-13,2025-08-17,2025-08-18,WH-B,Carrier-1,South,28.9,114.3,Critical
2948,2025-03-12,2025-03-14,2025-03-12,WH-C,Carrier-3,West,19.2,68.4,Express
2949,2024-08-08,2024-08-15,2024-08-15,WH-D,Carrier-1,West,48.5,119.4,Express
2950,2024-04-20,2024-04-24,2024-04-24,WH-D,Carrier-3,South,62.0,74.49,Express
2951,2025-05-21,2025-05-23,2025-05-24,WH-A,Carrier-3,South,26.9,232.3,Express
2952,2026-02-13,2026-02-20,2026-02-18,WH-B,Carrier-3,West,58.0,173.35,Standard
2953,2025-03-28,2025-03-30,2025-04-04,WH-A,Carrier-2,East,61.7,30.49,Express
2954,2026-03-21,2026-03-23,2026-03-29,WH-A,Carrier-2,South,4.4,40.29,Standard
2955,2024-05-09,2024-05-16,2024-05-14,WH-C,Carrier-2,East,16.7,143.67,Standard
2956,2025-06-10,2025-06-13,2025-06-20,WH-C,Carrier-2,North,25.3,181.43,Express
2957,2025-02-13,2025-02-17,2025-02-19,WH-B,Carrier-1,West,75.5,146.13,Critical
2958,2024-10-15,2024-10-19,2024-10-25,WH-C,Carrier-2,South,20.9,131.23,Critical
2959,2026-07-29,2026-07-31,2026-08-01,WH-C,Carrier-2,South,34.1,143.04,Standard
2960,2024-12-08,2024-12-11,2024-12-10,WH-D,Carrier-1,West,1.7,38.98,Critical
2961,2024-11-16,2024-11-20,2024-11-23,WH-C,Carrier-1,South,63.4,188.87,Standard
2962,2024-07-27,2024-07-29,2024-07-28,WH-B,Carrier-3,East,33.4,139.07,Express
2963,2026-04-19,2026-04-23,2026-04-26,WH-B,Carrier-1,South,23.1,64.97,Express
2964,2024-04-27,2024-05-04,2024-05-02,WH-A,Carrier-1,South,38.3,84.19,Standard
2965,2025-10-19,2025-10-26,2025-10-28,WH-C,Carrier-2,North,4.3,61.43,Critical
2966,2024-05-17,2024-05-25,2024-05-29,WH-A,Carrier-1,West,26.2,22.22,Express
2967,2025-11-30,2025-12-06,2025-12-04,WH-D,Carrier-2,North,27.4,83.38,Critical
2968,2026-05-13,2026-05-17,2026-05-23,WH-A,Carrier-3,North,33.1,53.36,Critical
2969,2026-06-16,2026-06-20,2026-06-28,WH-C,Carrier-2,West,69.8,154.6,Express
2970,2026-01-15,2026-01-17,2026-01-25,WH-B,Carrier-1,North,23.8,16.52,Standard
2971,2024-06-12,2024-06-19,2024-06-26,WH-D,Carrier-1,East,50.0,172.61,Standard
2972,2025-08-14,2025-08-20,,WH-C,Carrier-3,South,43.9,16.41,Express
2973,2025-05-10,2025-05-17,2025-05-23,WH-C,Carrier-2,North,28.4,74.93,Express
2974,2025-11-06,2025-11-14,2025-11-18,WH-B,Carrier-3,North,29.1,126.92,Standard
2975,2025-03-24,2025-03-26,2025-03-28,WH-B,Carrier-2,West,66.7,63.17,Express
2976,2024-04-14,2024-04-16,2024-04-23,WH-C,Carrier-3,East,40.1,205.19,Standard
2977,2025-03-13,2025-03-19,2025-03-20,WH-A,Carrier-1,East,75.6,203.42,Standard
2978,2026-08-14,2026-08-21,2026-08-20,WH-D,Carrier-1,West,79.0,108.54,Standard
2979,2025-05-30,2025-06-01,2025-06-06,WH-A,Carrier-2,North,79.5,177.48,Critical
2980,2024-01-29,2024-02-04,2024-02-05,WH-B,Carrier-2,South,27.2,31.69,Critical
2981,2026-02-18,2026-02-23,2026-03-03,WH-D,Carrier-1,West,52.8,107.02,Express
2982,2024-12-31,2025-01-04,,WH-B,Carrier-1,South,38.3,8.19,Express
2983,2026-03-11,2026-03-19,2026-03-22,WH-A,Carrier-3,East,57.3,77.7,Express
2984,2025-01-26,2025-02-02,2025-01-31,WH-C,Carrier-1,South,10.0,148.36,Express
2985,2024-03-15,2024-03-19,2024-03-26,WH-D,Carrier-1,North,15.8,100.67,Standard
2986,2026-06-17,2026-06-22,2026-06-25,WH-B,Carrier-3,North,9.0,130.94,Critical
2987,2026-04-07,2026-04-14,2026-04-13,WH-D,Carrier-1,North,4.4,170.28,Standard
2988,2024-05-23,2024-05-30,2024-06-02,WH-A,Carrier-2,North,75.0,11.99,Express
2989,2025-12-30,2026-01-05,2026-01-05,WH-A,Carrier-1,West,11.7,190.98,Standard
2990,2026-03-01,2026-03-04,2026-03-08,WH-B,Carrier-2,North,21.9,54.8,Critical
2991,2025-11-22,2025-11-26,2025-11-28,WH-D,Carrier-2,East,34.1,72.82,Critical
2992,2024-08-26,2024-09-03,,WH-B,Carrier-3,North,46.1,221.54,Express
2993,2024-05-23,2024-05-26,2024-05-29,WH-C,Carrier-2,East,61.9,170.12,Express
2994,2024-03-01,2024-03-09,2024-03-11,WH-D,Carrier-1,North,37.9,192.98,Standard
2995,2024-01-09,2024-01-14,2024-01-16,WH-D,Carrier-1,North,24.0,165.8,Standard
2996,2025-06-30,2025-07-07,2025-07-05,WH-D,Carrier-3,East,66.2,80.28,Express
2997,2024-09-12,2024-09-16,2024-09-24,WH-D,Carrier-2,South,54.8,79.74,Standard
2998,2024-07-18,2024-07-26,2024-07-25,WH-B,Carrier-3,East,24.6,101.14,Express
2999,2025-08-29,2025-09-04,2025-09-11,WH-B,Carrier-1,East,19.3,160.4,Express
3000,2025-08-09,2025-08-17,2025-08-16,WH-C,Carrier-2,North,61.1,105.42,Standard
3001,2025-10-15,2025-10-23,,WH-D,Carrier-3,West,51.1,132.9,Express
3002,2026-06-10,2026-06-17,,WH-A,Carrier-3,East,60.9,122.17,Standard
3003,2025-12-04,2025-12-09,2025-12-08,WH-C,Carrier-2,South,19.8,230.84,Critical
3004,2024-04-11,2024-04-16,2024-04-14,WH-C,Carrier-2,North,45.4,233.8,Standard
3005,2024-05-19,2024-05-24,2024-05-31,WH-D,Carrier-1,West,10.8,89.13,Express
3006,2024-08-07,2024-08-10,2024-08-09,WH-B,Carrier-1,South,67.3,143.82,Express
3007,2026-03-16,2026-03-22,2026-03-22,WH-B,Carrier-3,South,75.5,226.77,Standard
3008,2024-11-23,2024-12-01,2024-12-08,WH-B,Carrier-1,East,60.2,90.68,Express
3009,2025-02-09,2025-02-14,2025-02-20,WH-A,Carrier-3,North,12.4,202.72,Critical
3010,2025-11-11,2025-11-16,2025-11-24,WH-A,Carrier-3,East,14.7,93.92,Standard
3011,2024-05-28,2024-06-05,2024-06-10,WH-C,Carrier-2,North,40.2,64.98,Express
3012,2024-09-09,2024-09-13,2024-09-21,WH-C,Carrier-3,South,44.1,219.65,Express
3013,2026-04-18,2026-04-23,2026-04-21,WH-C,Carrier-1,South,56.1,198.93,Express
3014,2024-01-13,2024-01-16,2024-01-18,WH-B,Carrier-2,North,59.8,27.4,Standard
3015,2026-07-10,2026-07-13,2026-07-17,WH-C,Carrier-2,West,42.9,54.43,Critical
3016,2024-01-10,2024-01-17,2024-01-23,WH-A,Carrier-2,South,26.0,4.35,Standard
3017,2025-04-04,2025-04-12,2025-04-19,WH-B,Carrier-1,South,46.9,177.6,Critical
3018,2025-10-28,2025-11-02,2025-11-09,WH-B,Carrier-3,East,17.3,167.95,Standard
3019,2025-06-07,2025-06-09,2025-06-15,WH-D,Carrier-3,North,67.7,130.07,Standard
3020,2024-06-14,2024-06-20,2024-06-19,WH-A,Carrier-3,South,70.6,224.68,Critical
3021,2024-09-03,2024-09-06,2024-09-04,WH-A,Carrier-3,East,61.8,130.52,Standard
3022,2025-07-21,2025-07-25,2025-07-23,WH-B,Carrier-3,East,53.7,147.86,Standard
3023,2026-08-12,2026-08-19,2026-08-24,WH-D,Carrier-2,West,8.1,224.01,Express
3024,2026-03-10,2026-03-15,2026-03-19,WH-D,Carrier-3,South,33.3,19.55,Critical
3025,2026-01-23,2026-01-26,2026-01-29,WH-C,Carrier-3,South,32.4,108.09,Express
3026,2024-04-18,2024-04-22,2024-04-21,WH-D,Carrier-2,North,7.0,39.08,Express
3027,2026-06-20,2026-06-24,2026-06-22,WH-A,Carrier-3,East,58.5,111.77,Critical
3028,2025-04-02,2025-04-10,2025-04-13,WH-A,Carrier-3,South,27.6,26.45,Critical
3029,2024-08-19,2024-08-21,2024-08-27,WH-B,Carrier-1,South,56.3,201.89,Standard
3030,2025-12-27,2026-01-01,,WH-C,Carrier-2,East,39.1,61.83,Critical
3031,2026-07-03,2026-07-09,2026-07-17,WH-D,Carrier-1,South,46.3,168.22,Critical
3032,2025-05-11,2025-05-14,2025-05-16,WH-D,Carrier-2,East,42.4,52.1,Express
3033,2025-10-30,2025-11-03,2025-11-07,WH-B,Carrier-3,South,53.9,127.34,Standard
3034,2024-01-11,2024-01-16,2024-01-16,WH-D,Carrier-1,West,64.2,104.38,Express
3035,2026-07-21,2026-07-25,2026-08-01,WH-B,Carrier-3,South,8.0,90.59,Standard
3036,2024-03-04,2024-03-08,2024-03-10,WH-C,Carrier-2,South,37.2,161.86,Standard
3037,2024-11-09,2024-11-14,2024-11-20,WH-A,Carrier-2,South,5.3,77.12,Critical
3038,2025-02-02,2025-02-05,2025-02-08,WH-B,Carrier-2,North,6.5,16.13,Critical
3039,2024-08-09,2024-08-14,2024-08-17,WH-B,Carrier-1,South,39.8,219.81,Critical
3040,2025-08-02,2025-08-08,2025-08-15,WH-D,Carrier-3,West,9.8,173.15,Express
3041,2025-07-10,2025-07-13,2025-07-20,WH-C,Carrier-1,North,20.7,229.02,Express
3042,2024-04-09,2024-04-12,2024-04-14,WH-B,Carrier-1,South,40.3,78.11,Critical
3043,2024-01-10,2024-01-18,2024-01-19,WH-C,Carrier-1,East,4.8,141.92,Standard
3044,2026-01-04,2026-01-09,,WH-D,Carrier-3,East,66.4,70.9,Critical
3045,2026-03-20,2026-03-27,2026-03-25,WH-D,Carrier-2,North,45.8,33.83,Standard
3046,2024-08-10,2024-08-17,2024-08-19,WH-D,Carrier-1,North,54.4,178.4,Standard
3047,2024-02-03,2024-02-11,2024-02-12,WH-C,Carrier-3,South,1.9,224.92,Critical
3048,2024-03-28,2024-04-01,2024-04-08,WH-A,Carrier-1,East,12.9,237.36,Standard
3049,2024-01-04,2024-01-12,2024-01-13,WH-C,Carrier-2,East,32.3,237.87,Express
3050,2024-06-18,2024-06-25,2024-06-25,WH-B,Carrier-3,West,31.6,181.96,Standard
3051,2026-03-16,2026-03-23,2026-03-22,WH-B,Carrier-2,East,73.2,139.53,Standard
3052,2026-05-18,2026-05-26,2026-05-30,WH-A,Carrier-3,North,28.0,24.69,Express
3053,2026-07-10,2026-07-13,,WH-D,Carrier-3,North,31.7,47.4,Express
3054,2024-01-30,2024-02-02,2024-02-10,WH-C,Carrier-3,East,32.3,22.76,Critical
3055,2025-12-22,2025-12-26,2026-01-02,WH-A,Carrier-2,North,48.7,201.24,Critical
3056,2026-02-20,2026-02-23,2026-02-22,WH-B,Carrier-3,South,60.7,17.85,Critical
3057,2025-09-26,2025-09-30,2025-10-08,WH-A,Carrier-2,South,31.8,117.66,Standard
3058,2025-09-25,2025-09-30,2025-10-03,WH-C,Carrier-2,South,9.3,234.41,Standard
3059,2025-09-10,2025-09-17,2025-09-25,WH-B,Carrier-1,West,47.2,230.78,Standard
3060,2025-10-28,2025-10-30,2025-10-30,WH-B,Carrier-2,West,35.9,215.77,Critical
3061,2026-07-15,2026-07-19,2026-07-20,WH-B,Carrier-2,North,58.8,132.83,Critical
3062,2024-08-07,2024-08-12,2024-08-18,WH-A,Carrier-3,North,47.3,140.29,Express
3063,2024-05-16,2024-05-19,2024-05-27,WH-B,Carrier-2,South,17.2,163.24,Critical
3064,2025-04-26,2025-05-03,2025-05-02,WH-B,Carrier-3,West,75.1,70.5,Standard
3065,2025-08-09,2025-08-13,2025-08-15,WH-B,Carrier-3,South,52.1,13.96,Express
3066,2024-02-03,2024-02-11,2024-02-15,WH-B,Carrier-3,North,46.4,27.63,Critical
3067,2024-05-18,2024-05-22,2024-05-20,WH-D,Carrier-1,North,63.8,53.11,Standard
3068,2024-11-23,2024-11-26,2024-12-02,WH-C,Carrier-3,East,23.9,228.98,Standard
3069,2024-11-07,2024-11-14,2024-11-14,WH-C,Carrier-2,South,3.9,225.22,Standard
3070,2024-12-20,2024-12-22,2024-12-27,WH-B,Carrier-2,West,36.1,184.96,Critical
3071,2025-03-14,2025-03-21,2025-03-27,WH-B,Carrier-1,East,54.2,58.16,Critical
3072,2025-08-01,2025-08-08,2025-08-16,WH-C,Carrier-1,North,10.5,6.06,Express
3073,2025-06-08,2025-06-12,2025-06-20,WH-D,Carrier-1,North,16.0,44.17,Standard
3074,2026-03-20,2026-03-27,2026-03-28,WH-C,Carrier-3,South,45.9,12.52,Critical
3075,2026-07-25,2026-07-31,2026-07-31,WH-C,Carrier-3,West,74.4,144.14,Standard
3076,2025-04-07,2025-04-11,2025-04-14,WH-C,Carrier-2,West,53.3,172.87,Standard
3077,2024-07-15,2024-07-17,2024-07-16,WH-A,Carrier-3,West,49.4,67.3,Standard
3078,2026-08-27,2026-09-01,2026-08-31,WH-A,Carrier-2,West,8.5,53.91,Express
3079,2025-12-03,2025-12-08,2025-12-10,WH-D,Carrier-3,North,77.5,175.47,Standard
3080,2025-06-12,2025-06-17,2025-06-17,WH-A,Carrier-3,East,78.9,179.96,Express
3081,2025-06-09,2025-06-12,2025-06-11,WH-C,Carrier-2,North,29.9,206.19,Critical
3082,2025-09-21,2025-09-27,2025-10-04,WH-B,Carrier-1,West,49.3,22.59,Express
3083,2024-04-27,2024-05-03,2024-05-02,WH-A,Carrier-1,East,31.6,235.6,Standard
3084,2025-01-10,2025-01-13,2025-01-17,WH-C,Carrier-1,East,13.0,23.47,Critical
3085,2026-06-10,2026-06-18,2026-06-22,WH-B,Carrier-2,South,75.5,165.04,Standard
3086,2024-08-21,2024-08-23,2024-08-21,WH-C,Carrier-2,East,11.3,120.88,Critical
3087,2024-07-14,2024-07-18,2024-07-23,WH-A,Carrier-2,West,1.9,206.43,Standard
3088,2024-10-18,2024-10-22,2024-10-28,WH-D,Carrier-1,West,75.6,224.94,Critical
3089,2024-11-08,2024-11-13,2024-11-15,WH-B,Carrier-1,North,64.4,155.31,Standard
3090,2024-10-17,2024-10-22,2024-10-21,WH-C,Carrier-1,East,34.7,54.69,Express
3091,2025-05-16,2025-05-20,2025-05-28,WH-B,Carrier-3,South,24.3,234.74,Express
3092,2026-07-18,2026-07-20,2026-07-18,WH-D,Carrier-1,North,17.6,103.46,Critical
3093,2025-05-11,2025-05-16,2025-05-16,WH-C,Carrier-1,South,72.4,178.33,Standard
3094,2024-06-07,2024-06-10,2024-06-14,WH-A,Carrier-2,East,75.3,229.48,Standard
3095,2025-08-13,2025-08-18,2025-08-26,WH-A,Carrier-1,South,45.9,195.21,Standard
3096,2025-04-15,2025-04-17,2025-04-16,WH-C,Carrier-1,South,32.7,185.56,Standard
3097,2026-06-01,2026-06-05,2026-06-08,WH-D,Carrier-2,West,77.6,8.7,Express
3098,2025-02-15,2025-02-21,2025-02-21,WH-B,Carrier-3,West,49.2,179.9,Express
3099,2025-02-07,2025-02-09,2025-02-13,WH-C,Carrier-2,South,65.9,93.18,Critical
3100,2025-03-08,2025-03-15,2025-03-22,WH-A,Carrier-2,West,66.3,216.87,Critical
3101,2024-05-26,2024-06-02,2024-06-01,WH-B,Carrier-1,East,2.1,123.23,Standard
3102,2026-02-24,2026-03-02,2026-03-05,WH-A,Carrier-2,West,31.0,223.55,Standard
3103,2026-07-08,2026-07-11,2026-07-17,WH-C,Carrier-2,North,17.1,46.9,Express
3104,2025-10-03,2025-10-08,2025-10-08,WH-B,Carrier-2,East,46.8,231.0,Express
3105,2025-09-22,2025-09-28,,WH-B,Carrier-1,North,68.6,47.08,Critical
3106,2026-08-09,2026-08-13,2026-08-21,WH-C,Carrier-3,North,26.4,124.7,Express
3107,2025-12-07,2025-12-10,2025-12-17,WH-D,Carrier-2,South,45.5,190.37,Critical
3108,2024-06-29,2024-07-07,2024-07-09,WH-A,Carrier-3,East,51.0,96.1,Express
3109,2024-06-24,2024-06-28,2024-07-03,WH-C,Carrier-1,East,69.1,164.4,Critical
3110,2024-02-27,2024-03-03,2024-03-04,WH-D,Carrier-3,East,67.6,141.49,Critical
3111,2024-03-25,2024-03-29,2024-03-28,WH-B,Carrier-1,North,46.2,112.61,Standard
3112,2026-07-25,2026-07-30,2026-07-28,WH-D,Carrier-3,South,65.2,212.19,Express
3113,2026-02-21,2026-03-01,2026-02-27,WH-B,Carrier-2,North,34.8,80.75,Critical
3114,2025-08-13,2025-08-19,2025-08-24,WH-A,Carrier-3,East,44.8,70.43,Critical
3115,2024-04-26,2024-05-01,2024-05-07,WH-A,Carrier-2,East,26.2,191.48,Express
3116,2024-03-13,2024-03-17,2024-03-15,WH-B,Carrier-2,East,48.3,6.09,Standard
3117,2024-05-29,2024-05-31,2024-06-02,WH-C,Carrier-2,South,7.5,139.02,Critical
3118,2025-10-19,2025-10-25,2025-11-02,WH-A,Carrier-1,South,35.3,178.53,Critical
3119,2026-04-10,2026-04-16,,WH-A,Carrier-3,East,32.4,22.95,Critical
3120,2025-07-06,2025-07-12,2025-07-13,WH-C,Carrier-2,North,17.8,93.46,Critical
3121,2025-02-05,2025-02-11,2025-02-16,WH-D,Carrier-3,North,67.1,233.91,Standard
3122,2024-01-27,2024-02-02,2024-02-03,WH-C,Carrier-1,South,49.5,174.13,Standard
3123,2026-01-24,2026-01-30,2026-02-02,WH-D,Carrier-1,North,65.9,136.71,Express
3124,2026-02-21,2026-02-26,2026-03-01,WH-A,Carrier-3,North,71.3,121.66,Critical
3125,2026-08-07,2026-08-11,2026-08-19,WH-A,Carrier-3,South,44.5,81.4,Standard
3126,2026-06-22,2026-06-29,2026-07-02,WH-D,Carrier-1,South,50.6,166.02,Critical
3127,2026-02-02,2026-02-06,2026-02-04,WH-C,Carrier-3,East,51.6,77.67,Critical
3128,2025-08-23,2025-08-30,2025-09-01,WH-A,Carrier-1,West,56.1,27.86,Standard
3129,2025-03-11,2025-03-18,2025-03-26,WH-C,Carrier-1,West,58.1,22.91,Express
3130,2024-03-10,2024-03-17,2024-03-22,WH-B,Carrier-1,East,75.2,26.55,Critical
3131,2026-06-01,2026-06-04,2026-06-04,WH-D,Carrier-2,West,46.7,12.17,Standard
3132,2026-06-09,2026-06-15,2026-06-22,WH-B,Carrier-2,South,43.9,160.85,Standard
3133,2026-08-05,2026-08-10,2026-08-17,WH-D,Carrier-1,West,77.8,13.69,Critical
3134,2024-07-31,2024-08-08,2024-08-14,WH-C,Carrier-1,East,8.8,81.69,Express
3135,2026-07-14,2026-07-18,2026-07-18,WH-B,Carrier-3,West,20.4,102.13,Express
3136,2024-11-14,2024-11-22,2024-11-24,WH-C,Carrier-1,West,47.9,63.97,Standard
3137,2024-05-14,2024-05-19,2024-05-18,WH-D,Carrier-1,West,16.9,171.3,Express
3138,2025-10-26,2025-11-03,2025-11-01,WH-D,Carrier-2,North,14.8,160.52,Express
3139,2025-01-29,2025-02-02,2025-02-03,WH-C,Carrier-1,North,79.4,72.15,Express
3140,2025-03-13,2025-03-16,2025-03-18,WH-C,Carrier-3,West,3.2,108.75,Critical
3141,2025-02-15,2025-02-18,2025-02-16,WH-D,Carrier-3,West,41.2,198.53,Critical
3142,2026-08-20,2026-08-27,2026-08-30,WH-A,Carrier-2,East,23.3,158.34,Express
3143,2024-08-25,2024-08-29,2024-09-01,WH-D,Carrier-3,North,55.3,140.96,Standard
3144,2024-04-11,2024-04-17,,WH-B,Carrier-1,West,2.0,100.08,Express
3145,2025-10-19,2025-10-26,2025-10-28,WH-D,Carrier-2,North,40.1,67.4,Critical
3146,2026-05-25,2026-05-28,2026-06-05,WH-C,Carrier-2,North,24.1,36.45,Standard
3147,2025-06-28,2025-07-04,2025-07-05,WH-D,Carrier-2,South,38.7,89.88,Standard
3148,2024-07-17,2024-07-19,2024-07-22,WH-A,Carrier-2,East,25.7,215.2,Standard
3149,2025-01-10,2025-01-15,2025-01-17,WH-A,Carrier-1,South,4.5,75.03,Express
3150,2024-10-25,2024-10-31,,WH-B,Carrier-2,West,77.4,175.88,Critical
3151,2025-04-04,2025-04-07,2025-04-10,WH-C,Carrier-2,East,1.0,205.32,Standard
3152,2024-07-03,2024-07-09,2024-07-17,WH-C,Carrier-2,East,12.0,209.63,Critical
3153,2026-01-16,2026-01-20,2026-01-18,WH-B,Carrier-1,East,77.2,81.48,Standard
3154,2024-05-03,2024-05-07,2024-05-05,WH-C,Carrier-2,West,12.2,230.31,Critical
3155,2024-09-26,2024-09-30,2024-10-01,WH-B,Carrier-2,South,29.6,169.71,Critical
3156,2024-07-07,2024-07-12,2024-07-18,WH-C,Carrier-3,North,9.9,58.44,Express
3157,2024-03-19,2024-03-21,2024-03-23,WH-D,Carrier-1,South,43.9,234.27,Critical
3158,2026-07-24,2026-07-29,2026-07-30,WH-B,Carrier-3,North,39.4,12.82,Standard
3159,2024-09-12,2024-09-19,2024-09-25,WH-A,Carrier-3,North,22.1,237.38,Standard
3160,2025-02-02,2025-02-06,2025-02-08,WH-D,Carrier-1,South,67.8,208.01,Critical
3161,2025-03-02,2025-03-07,2025-03-12,WH-B,Carrier-3,South,76.3,197.69,Standard
3162,2026-06-25,2026-07-01,2026-07-05,WH-B,Carrier-1,South,37.0,80.45,Critical
3163,2024-01-17,2024-01-20,2024-01-20,WH-B,Carrier-1,West,23.4,202.91,Critical
3164,2025-12-26,2026-01-02,2026-01-05,WH-C,Carrier-2,South,7.2,50.27,Standard
3165,2024-02-22,2024-03-01,2024-03-06,WH-B,Carrier-1,South,36.4,193.44,Critical
3166,2026-08-23,2026-08-28,2026-09-03,WH-C,Carrier-2,West,60.1,34.12,Standard
3167,2025-02-05,2025-02-07,2025-02-12,WH-D,Carrier-1,East,33.7,120.31,Express
3168,2024-06-12,2024-06-14,,WH-B,Carrier-1,South,52.7,66.29,Express
3169,2024-04-17,2024-04-24,2024-04-25,WH-A,Carrier-1,East,8.7,147.23,Critical
3170,2024-07-20,2024-07-27,2024-07-31,WH-A,Carrier-2,North,2.5,133.36,Standard
3171,2025-05-07,2025-05-14,2025-05-19,WH-A,Carrier-1,North,63.7,190.5,Critical
3172,2026-04-26,2026-05-01,2026-04-29,WH-B,Carrier-2,North,26.9,125.99,Standard
3173,2024-01-24,2024-01-31,2024-01-31,WH-B,Carrier-3,East,2.4,64.2,Express
3174,2025-06-28,2025-07-03,2025-07-10,WH-B,Carrier-3,South,11.3,180.76,Express
3175,2024-04-13,2024-04-19,2024-04-27,WH-A,Carrier-3,South,78.3,117.4,Standard
3176,2025-05-29,2025-06-05,2025-06-08,WH-A,Carrier-1,North,47.9,94.21,Standard
3177,2024-08-22,2024-08-29,2024-08-28,WH-D,Carrier-1,East,16.8,141.34,Critical
3178,2024-05-19,2024-05-27,2024-06-02,WH-B,Carrier-2,South,57.1,210.94,Standard
3179,2025-01-03,2025-01-08,2025-01-09,WH-B,Carrier-3,West,29.2,122.72,Express
3180,2024-11-09,2024-11-14,2024-11-17,WH-B,Carrier-1,West,16.5,35.59,Standard
3181,2026-02-16,2026-02-24,2026-02-28,WH-C,Carrier-3,West,66.8,30.56,Express
3182,2024-06-25,2024-06-29,2024-07-06,WH-D,Carrier-1,South,24.5,174.25,Critical
3183,2024-08-24,2024-08-31,2024-08-29,WH-D,Carrier-2,West,9.5,16.68,Express
3184,2026-01-11,2026-01-17,2026-01-25,WH-C,Carrier-2,North,23.8,94.77,Standard
3185,2025-03-14,2025-03-19,2025-03-17,WH-B,Carrier-3,South,44.5,47.8,Express
3186,2025-06-05,2025-06-11,2025-06-15,WH-A,Carrier-3,North,47.7,32.79,Critical
3187,2026-03-16,2026-03-20,2026-03-22,WH-C,Carrier-1,North,8.1,138.92,Critical
3188,2024-08-13,2024-08-16,2024-08-24,WH-A,Carrier-2,North,52.7,8.7,Express
3189,2024-09-30,2024-10-04,2024-10-09,WH-C,Carrier-3,West,16.2,141.6,Critical
3190,2025-05-08,2025-05-12,2025-05-15,WH-C,Carrier-1,West,51.8,128.08,Express
3191,2025-08-06,2025-08-08,2025-08-10,WH-A,Carrier-1,South,28.0,192.12,Standard
3192,2025-09-29,2025-10-05,2025-10-06,WH-B,Carrier-2,North,52.1,230.37,Critical
3193,2024-10-25,2024-11-02,2024-11-10,WH-D,Carrier-1,South,0.3,101.29,Express
3194,2024-04-02,2024-04-08,2024-04-10,WH-D,Carrier-2,South,57.0,28.6,Standard
3195,2024-05-16,2024-05-19,2024-05-24,WH-B,Carrier-2,North,6.5,141.35,Express
3196,2024-08-31,2024-09-05,2024-09-10,WH-D,Carrier-3,East,46.5,160.54,Standard
3197,2026-01-16,2026-01-21,2026-01-23,WH-C,Carrier-3,South,39.5,55.91,Standard
3198,2025-07-09,2025-07-11,,WH-D,Carrier-3,South,41.9,29.73,Standard
3199,2025-02-02,2025-02-04,2025-02-09,WH-C,Carrier-1,West,47.1,191.35,Standard
3200,2025-10-14,2025-10-22,2025-10-20,WH-B,Carrier-3,East,14.8,205.11,Critical
3201,2025-04-30,2025-05-02,2025-05-01,WH-A,Carrier-3,South,73.2,223.95,Standard
3202,2026-01-16,2026-01-18,,WH-C,Carrier-3,South,35.9,237.18,Express
3203,2024-03-06,2024-03-09,2024-03-12,WH-C,Carrier-2,North,26.1,112.83,Express
3204,2024-07-11,2024-07-16,2024-07-15,WH-C,Carrier-1,East,10.5,121.23,Standard
3205,2026-07-06,2026-07-08,2026-07-14,WH-A,Carrier-1,West,36.1,10.07,Express
3206,2025-03-23,2025-03-30,2025-04-07,WH-C,Carrier-2,North,14.9,121.41,Critical
3207,2026-03-06,2026-03-14,2026-03-19,WH-C,Carrier-2,North,41.6,202.6,Express
3208,2024-06-14,2024-06-18,2024-06-17,WH-D,Carrier-1,West,11.9,39.24,Standard
3209,2024-11-04,2024-11-06,2024-11-06,WH-B,Carrier-2,East,79.5,161.87,Critical
3210,2024-09-22,2024-09-26,2024-10-02,WH-B,Carrier-2,East,17.2,84.91,Express
3211,2024-08-28,2024-09-01,2024-09-08,WH-B,Carrier-1,East,7.7,77.79,Express
3212,2024-10-07,2024-10-12,2024-10-15,WH-C,Carrier-3,East,39.8,49.11,Express
3213,2024-03-22,2024-03-27,2024-04-01,WH-A,Carrier-2,East,74.5,103.89,Critical
3214,2026-06-12,2026-06-16,2026-06-19,WH-C,Carrier-3,East,76.0,167.92,Critical
3215,2026-02-01,2026-02-08,2026-02-14,WH-D,Carrier-1,West,46.7,93.74,Critical
3216,2025-02-28,2025-03-03,2025-03-07,WH-B,Carrier-2,South,62.9,120.28,Express
3217,2025-01-13,2025-01-17,2025-01-15,WH-D,Carrier-3,West,75.7,168.9,Express
3218,2025-07-01,2025-07-06,2025-07-13,WH-C,Carrier-3,East,50.8,111.07,Express
3219,2025-07-01,2025-07-06,2025-07-07,WH-D,Carrier-1,South,31.7,69.99,Critical
3220,2026-07-29,2026-08-01,2026-08-05,WH-B,Carrier-1,South,65.8,55.66,Standard
3221,2024-10-11,2024-10-14,2024-10-21,WH-D,Carrier-1,East,18.6,133.44,Express
3222,2024-02-21,2024-02-25,2024-03-04,WH-B,Carrier-3,East,24.2,107.19,Critical
3223,2026-03-06,2026-03-13,2026-03-17,WH-A,Carrier-1,South,48.3,215.54,Express
3224,2026-05-05,2026-05-11,2026-05-11,WH-B,Carrier-2,East,25.2,221.22,Standard
3225,2026-04-08,2026-04-14,2026-04-21,WH-B,Carrier-3,South,61.3,237.21,Express
3226,2024-09-30,2024-10-03,2024-10-09,WH-D,Carrier-2,North,59.4,154.83,Critical
3227,2024-08-30,2024-09-04,2024-09-04,WH-C,Carrier-3,East,55.4,49.92,Standard
3228,2025-04-09,2025-04-13,2025-04-11,WH-D,Carrier-3,North,77.2,183.64,Standard
3229,2024-06-15,2024-06-22,2024-06-27,WH-B,Carrier-3,West,27.4,103.27,Standard
3230,2024-04-25,2024-04-27,2024-04-29,WH-C,Carrier-2,South,71.8,218.85,Standard
3231,2025-01-13,2025-01-20,2025-01-21,WH-D,Carrier-3,South,32.7,164.58,Express
3232,2025-04-07,2025-04-12,,WH-C,Carrier-2,North,40.1,24.65,Express
3233,2026-03-01,2026-03-08,2026-03-14,WH-C,Carrier-3,South,42.9,110.88,Critical
3234,2024-09-02,2024-09-06,2024-09-11,WH-C,Carrier-2,West,54.6,11.91,Critical
3235,2025-11-21,2025-11-25,2025-12-02,WH-A,Carrier-2,North,38.2,88.57,Critical
3236,2025-06-07,2025-06-15,2025-06-17,WH-B,Carrier-2,South,57.1,90.03,Standard
3237,2026-01-03,2026-01-09,2026-01-10,WH-C,Carrier-1,West,61.1,47.11,Critical
3238,2025-10-29,2025-10-31,2025-10-31,WH-D,Carrier-3,South,1.7,219.75,Standard
3239,2025-12-01,2025-12-09,2025-12-15,WH-D,Carrier-1,South,61.7,76.4,Critical
3240,2026-08-19,2026-08-24,2026-08-25,WH-C,Carrier-3,North,68.4,177.31,Standard
3241,2025-07-19,2025-07-23,2025-07-29,WH-C,Carrier-1,West,7.6,180.14,Standard
3242,2026-06-17,2026-06-25,,WH-C,Carrier-1,North,25.4,104.7,Critical
3243,2026-02-01,2026-02-07,2026-02-15,WH-A,Carrier-2,West,26.8,193.49,Express
3244,2026-08-16,2026-08-20,2026-08-21,WH-C,Carrier-3,North,19.0,209.72,Standard
3245,2024-10-19,2024-10-27,2024-10-25,WH-A,Carrier-3,East,11.0,107.67,Standard
3246,2025-09-10,2025-09-18,2025-09-19,WH-C,Carrier-1,South,30.2,40.35,Standard
3247,2024-11-17,2024-11-22,2024-11-24,WH-C,Carrier-3,North,63.1,92.35,Standard
3248,2024-10-26,2024-10-30,2024-10-31,WH-C,Carrier-1,West,15.8,112.09,Critical
3249,2025-08-02,2025-08-04,2025-08-02,WH-D,Carrier-2,West,32.1,166.77,Standard
3250,2024-07-27,2024-07-29,2024-08-01,WH-D,Carrier-2,West,11.4,195.55,Express
3251,2025-02-14,2025-02-22,2025-02-22,WH-D,Carrier-3,North,75.6,43.8,Critical
3252,2025-02-19,2025-02-25,2025-02-26,WH-A,Carrier-2,West,69.9,95.9,Express
3253,2024-05-01,2024-05-04,2024-05-10,WH-A,Carrier-3,North,17.8,218.97,Express
3254,2026-08-11,2026-08-16,2026-08-23,WH-B,Carrier-2,South,70.9,78.23,Express
3255,2024-10-28,2024-11-03,2024-11-07,WH-D,Carrier-2,East,43.5,186.07,Standard
3256,2025-10-09,2025-10-16,2025-10-24,WH-C,Carrier-2,East,53.7,117.86,Standard
3257,2025-09-05,2025-09-12,2025-09-14,WH-D,Carrier-3,East,72.9,219.29,Express
3258,2024-01-08,2024-01-10,2024-01-11,WH-C,Carrier-3,West,9.3,156.41,Critical
3259,2025-10-27,2025-11-02,2025-11-06,WH-D,Carrier-3,East,70.8,224.65,Express
3260,2024-06-07,2024-06-11,2024-06-09,WH-D,Carrier-2,North,28.2,14.41,Critical
3261,2025-09-18,2025-09-25,2025-09-30,WH-C,Carrier-2,East,78.0,182.17,Express
3262,2024-04-20,2024-04-26,,WH-A,Carrier-1,South,69.8,119.41,Express
3263,2024-01-09,2024-01-11,2024-01-15,WH-B,Carrier-3,East,46.6,118.08,Standard
3264,2026-07-03,2026-07-09,2026-07-12,WH-D,Carrier-3,East,26.4,15.65,Critical
3265,2024-04-02,2024-04-07,,WH-D,Carrier-2,East,0.7,193.15,Standard
3266,2024-04-04,2024-04-07,2024-04-14,WH-B,Carrier-1,East,48.4,95.45,Express
3267,2025-08-13,2025-08-20,2025-08-25,WH-D,Carrier-2,East,15.4,144.47,Critical
3268,2026-03-18,2026-03-26,,WH-D,Carrier-3,East,26.2,6.94,Standard
3269,2025-03-25,2025-03-28,2025-03-29,WH-A,Carrier-1,West,79.1,81.1,Standard
3270,2025-04-10,2025-04-14,2025-04-14,WH-C,Carrier-3,South,55.9,71.41,Critical
3271,2024-06-05,2024-06-10,2024-06-12,WH-C,Carrier-2,West,57.3,73.06,Express
3272,2025-07-28,2025-08-02,2025-08-02,WH-D,Carrier-3,East,40.9,18.55,Critical
3273,2026-06-13,2026-06-15,,WH-D,Carrier-3,East,22.2,159.88,Express
3274,2025-01-28,2025-02-04,2025-02-07,WH-C,Carrier-2,West,62.4,54.73,Express
3275,2025-03-10,2025-03-18,2025-03-25,WH-A,Carrier-3,South,10.6,67.46,Critical
3276,2024-02-06,2024-02-13,2024-02-21,WH-D,Carrier-1,South,44.7,31.4,Critical
3277,2026-03-07,2026-03-11,2026-03-12,WH-B,Carrier-2,West,2.0,119.19,Critical
3278,2025-08-16,2025-08-18,2025-08-21,WH-A,Carrier-1,West,52.2,161.08,Express
3279,2026-07-06,2026-07-13,,WH-D,Carrier-2,South,73.4,162.74,Standard
3280,2025-04-07,2025-04-09,2025-04-13,WH-C,Carrier-2,North,11.4,75.86,Critical
3281,2025-05-01,2025-05-05,2025-05-11,WH-D,Carrier-3,West,31.2,132.07,Express
3282,2026-06-01,2026-06-06,,WH-A,Carrier-3,South,26.1,130.17,Critical
3283,2026-04-01,2026-04-09,2026-04-14,WH-D,Carrier-3,North,28.4,54.78,Critical
3284,2024-02-27,2024-03-04,2024-03-06,WH-B,Carrier-1,North,66.9,161.99,Standard
3285,2025-06-04,2025-06-09,2025-06-17,WH-D,Carrier-2,East,69.3,172.58,Express
3286,2024-12-29,2025-01-01,2024-12-30,WH-D,Carrier-2,North,19.4,18.39,Express
3287,2026-01-28,2026-02-03,2026-02-06,WH-A,Carrier-3,North,72.4,181.86,Critical
3288,2026-06-07,2026-06-09,2026-06-16,WH-C,Carrier-1,East,5.2,163.56,Express
3289,2024-08-30,2024-09-01,2024-09-04,WH-D,Carrier-2,North,22.1,232.26,Standard
3290,2025-07-29,2025-08-03,2025-08-04,WH-D,Carrier-1,South,68.0,106.34,Critical
3291,2025-12-05,2025-12-07,2025-12-13,WH-A,Carrier-3,East,39.9,150.43,Express
3292,2026-05-21,2026-05-26,2026-05-27,WH-B,Carrier-2,North,38.4,179.43,Express
3293,2025-11-10,2025-11-13,2025-11-13,WH-D,Carrier-2,North,52.6,25.79,Express
3294,2025-03-26,2025-03-29,2025-04-06,WH-C,Carrier-3,East,57.3,91.01,Express
3295,2026-04-15,2026-04-17,2026-04-16,WH-D,Carrier-3,South,6.3,95.24,Standard
3296,2024-04-17,2024-04-21,,WH-A,Carrier-1,North,76.1,236.23,Express
3297,2025-11-06,2025-11-08,2025-11-07,WH-B,Carrier-1,South,29.1,70.89,Express
3298,2026-03-12,2026-03-15,2026-03-21,WH-D,Carrier-1,West,43.4,185.54,Standard
3299,2024-10-18,2024-10-20,2024-10-26,WH-A,Carrier-3,South,11.1,34.55,Express
3300,2025-01-11,2025-01-14,2025-01-21,WH-C,Carrier-1,South,35.1,39.43,Critical
3301,2026-02-13,2026-02-17,2026-02-19,WH-A,Carrier-3,West,13.4,146.09,Standard
3302,2024-12-22,2024-12-25,2024-12-24,WH-C,Carrier-3,North,46.4,88.42,Standard
3303,2026-08-22,2026-08-25,2026-08-26,WH-D,Carrier-2,South,73.9,129.34,Critical
3304,2024-09-03,2024-09-11,2024-09-17,WH-C,Carrier-1,South,29.4,102.37,Standard
3305,2025-03-24,2025-03-26,2025-03-31,WH-C,Carrier-2,East,65.8,119.62,Standard
3306,2026-01-04,2026-01-06,2026-01-13,WH-C,Carrier-1,West,7.4,212.46,Standard
3307,2026-06-11,2026-06-17,2026-06-18,WH-C,Carrier-2,East,42.0,236.66,Express
3308,2024-01-01,2024-01-03,2024-01-06,WH-B,Carrier-2,West,40.8,43.14,Standard
3309,2024-03-10,2024-03-12,2024-03-19,WH-A,Carrier-1,East,70.0,183.49,Standard
3310,2024-08-12,2024-08-17,2024-08-24,WH-C,Carrier-3,North,18.7,103.94,Critical
3311,2025-07-25,2025-08-01,2025-08-04,WH-B,Carrier-3,South,20.5,93.12,Critical
3312,2024-06-26,2024-06-29,2024-06-30,WH-D,Carrier-3,South,21.6,222.42,Standard
3313,2024-08-27,2024-09-02,2024-09-05,WH-D,Carrier-1,North,2.4,121.36,Express
3314,2024-12-25,2024-12-27,2024-12-27,WH-B,Carrier-2,West,4.9,34.23,Standard
3315,2025-01-15,2025-01-18,2025-01-18,WH-B,Carrier-2,North,41.5,60.49,Critical
3316,2024-12-09,2024-12-14,2024-12-14,WH-B,Carrier-2,West,69.4,225.56,Critical
3317,2025-08-20,2025-08-26,2025-08-27,WH-C,Carrier-1,North,78.0,198.57,Critical
3318,2026-08-21,2026-08-27,2026-08-27,WH-C,Carrier-3,North,47.3,58.5,Standard
3319,2025-01-08,2025-01-11,2025-01-19,WH-A,Carrier-3,North,67.9,54.5,Standard
3320,2024-06-30,2024-07-07,2024-07-15,WH-B,Carrier-3,West,5.5,135.0,Standard
3321,2024-12-18,2024-12-21,2024-12-24,WH-C,Carrier-1,North,2.1,104.78,Express
3322,2024-10-18,2024-10-24,2024-10-26,WH-B,Carrier-2,North,69.4,202.92,Critical
3323,2024-05-25,2024-05-29,2024-05-31,WH-B,Carrier-3,South,26.8,8.35,Standard
3324,2026-06-04,2026-06-09,2026-06-07,WH-A,Carrier-3,East,75.8,150.71,Critical
3325,2024-08-05,2024-08-08,2024-08-06,WH-D,Carrier-3,West,46.1,148.69,Critical
3326,2024-05-30,2024-06-06,2024-06-04,WH-C,Carrier-2,South,17.5,222.48,Critical
3327,2025-11-10,2025-11-12,2025-11-13,WH-D,Carrier-1,North,20.9,57.22,Critical
3328,2024-06-09,2024-06-12,2024-06-20,WH-A,Carrier-1,West,27.7,68.83,Critical
3329,2024-08-07,2024-08-12,2024-08-16,WH-A,Carrier-1,East,75.0,163.1,Standard
3330,2024-09-19,2024-09-26,2024-09-27,WH-A,Carrier-2,North,20.5,55.16,Critical
3331,2025-05-07,2025-05-13,2025-05-20,WH-C,Carrier-2,East,9.4,118.47,Critical
3332,2024-06-09,2024-06-14,2024-06-15,WH-A,Carrier-2,South,18.3,56.06,Critical
3333,2024-07-08,2024-07-14,2024-07-12,WH-C,Carrier-2,West,55.1,199.03,Standard
3334,2025-09-07,2025-09-11,2025-09-10,WH-C,Carrier-2,West,55.7,230.64,Standard
3335,2024-03-09,2024-03-13,2024-03-17,WH-A,Carrier-3,West,60.0,225.13,Critical
3336,2024-10-21,2024-10-28,2024-10-31,WH-B,Carrier-3,West,1.4,135.98,Express
3337,2026-07-09,2026-07-12,2026-07-18,WH-D,Carrier-2,North,26.9,100.26,Standard
3338,2025-11-22,2025-11-29,,WH-C,Carrier-2,West,55.6,9.58,Critical
3339,2026-01-27,2026-01-31,2026-02-08,WH-A,Carrier-1,East,7.3,18.87,Express
3340,2024-02-22,2024-02-27,2024-02-26,WH-B,Carrier-1,South,12.8,182.71,Critical
3341,2024-05-23,2024-05-29,,WH-D,Carrier-3,West,73.2,49.15,Critical
3342,2026-08-28,2026-09-04,2026-09-09,WH-D,Carrier-3,East,32.2,208.24,Standard
3343,2025-05-02,2025-05-05,2025-05-04,WH-D,Carrier-1,West,72.5,223.58,Standard
3344,2025-12-28,2026-01-03,2026-01-07,WH-C,Carrier-1,East,59.1,50.9,Standard
3345,2024-09-30,2024-10-05,2024-10-06,WH-B,Carrier-1,West,39.5,11.87,Express
3346,2025-05-14,2025-05-17,2025-05-19,WH-C,Carrier-1,West,23.0,68.37,Critical
3347,2024-06-13,2024-06-21,2024-06-21,WH-B,Carrier-2,East,69.3,14.03,Express
3348,2024-08-23,2024-08-26,2024-09-02,WH-B,Carrier-2,North,46.3,149.51,Standard
3349,2025-09-25,2025-10-03,2025-10-10,WH-C,Carrier-3,South,51.0,145.31,Standard
3350,2025-12-31,2026-01-04,2026-01-05,WH-D,Carrier-1,West,30.4,166.51,Express
3351,2024-11-15,2024-11-20,2024-11-19,WH-C,Carrier-3,North,37.0,24.77,Express
3352,2025-10-03,2025-10-05,2025-10-03,WH-A,Carrier-2,West,45.9,231.13,Critical
3353,2025-11-30,2025-12-08,2025-12-13,WH-A,Carrier-2,West,1.9,124.26,Standard
3354,2024-07-13,2024-07-16,2024-07-22,WH-A,Carrier-3,South,18.2,28.8,Critical
3355,2026-06-10,2026-06-13,2026-06-19,WH-C,Carrier-2,North,47.1,45.1,Standard
3356,2026-05-14,2026-05-22,2026-05-21,WH-D,Carrier-2,West,59.6,190.51,Standard
3357,2024-10-19,2024-10-27,2024-10-26,WH-A,Carrier-1,South,74.8,134.26,Standard
3358,2024-07-09,2024-07-17,2024-07-19,WH-C,Carrier-3,South,21.3,151.84,Express
3359,2025-08-03,2025-08-05,2025-08-03,WH-B,Carrier-3,North,48.3,73.78,Express
3360,2026-07-14,2026-07-20,2026-07-18,WH-C,Carrier-1,South,2.3,33.2,Standard
3361,2024-09-29,2024-10-07,2024-10-07,WH-A,Carrier-2,South,47.3,119.18,Critical
3362,2024-07-19,2024-07-24,2024-07-31,WH-C,Carrier-2,West,8.0,219.87,Standard
3363,2025-03-07,2025-03-14,2025-03-12,WH-A,Carrier-3,North,68.4,69.4,Express
3364,2024-11-10,2024-11-14,2024-11-22,WH-A,Carrier-1,West,34.2,31.96,Critical
3365,2024-12-25,2024-12-30,2025-01-04,WH-C,Carrier-2,North,17.8,139.84,Critical
3366,2026-06-22,2026-06-25,2026-06-23,WH-B,Carrier-1,North,56.7,148.45,Critical
3367,2025-03-14,2025-03-18,2025-03-23,WH-A,Carrier-1,North,23.2,91.65,Standard
3368,2025-10-18,2025-10-22,2025-10-21,WH-C,Carrier-3,North,45.3,121.75,Express
3369,2026-04-29,2026-05-07,2026-05-13,WH-B,Carrier-2,South,23.5,238.69,Express
3370,2025-04-02,2025-04-06,2025-04-04,WH-B,Carrier-3,West,71.3,148.1,Critical
3371,2025-09-30,2025-10-02,2025-10-02,WH-B,Carrier-3,East,9.7,185.95,Express
3372,2024-08-10,2024-08-13,2024-08-14,WH-A,Carrier-3,North,11.0,68.71,Critical
3373,2026-03-12,2026-03-17,2026-03-23,WH-B,Carrier-2,West,44.8,43.99,Critical
3374,2025-05-12,2025-05-16,2025-05-16,WH-A,Carrier-2,West,35.5,218.43,Standard
3375,2024-02-14,2024-02-17,2024-02-18,WH-A,Carrier-3,South,36.5,34.81,Express
3376,2025-02-09,2025-02-14,2025-02-16,WH-B,Carrier-2,East,17.7,31.21,Standard
3377,2024-03-08,2024-03-16,2024-03-22,WH-D,Carrier-3,East,35.0,24.01,Standard
3378,2025-12-24,2025-12-29,2026-01-04,WH-B,Carrier-2,South,59.2,201.94,Express
3379,2025-10-05,2025-10-08,2025-10-12,WH-D,Carrier-3,North,65.0,101.62,Express
3380,2026-04-14,2026-04-20,2026-04-25,WH-D,Carrier-3,South,64.9,51.99,Standard
3381,2024-08-22,2024-08-30,2024-08-28,WH-B,Carrier-1,West,14.5,100.38,Standard
3382,2025-12-25,2025-12-27,2025-12-30,WH-C,Carrier-2,North,79.5,217.69,Express
3383,2025-08-09,2025-08-17,2025-08-19,WH-B,Carrier-2,South,6.1,197.02,Express
3384,2024-05-22,2024-05-30,2024-06-06,WH-C,Carrier-2,South,13.0,161.01,Standard
3385,2024-03-05,2024-03-08,2024-03-09,WH-A,Carrier-2,West,12.1,209.0,Critical
3386,2026-08-26,2026-08-29,2026-09-05,WH-B,Carrier-1,West,16.9,29.39,Standard
3387,2024-11-01,2024-11-05,2024-11-07,WH-B,Carrier-2,West,8.0,110.17,Express
3388,2025-12-07,2025-12-12,2025-12-17,WH-D,Carrier-1,East,8.1,45.36,Express
3389,2026-04-16,2026-04-21,2026-04-27,WH-B,Carrier-1,North,56.2,121.48,Critical
3390,2026-08-28,2026-09-02,,WH-C,Carrier-1,South,28.5,74.95,Express
3391,2025-08-26,2025-09-03,2025-09-04,WH-C,Carrier-3,North,48.7,83.74,Critical
3392,2024-06-08,2024-06-14,2024-06-18,WH-A,Carrier-3,East,59.3,54.53,Express
3393,2024-05-09,2024-05-15,2024-05-14,WH-B,Carrier-2,West,9.9,145.33,Express
3394,2024-02-16,2024-02-23,2024-03-02,WH-A,Carrier-2,South,54.4,105.49,Express
3395,2025-12-08,2025-12-16,2025-12-15,WH-A,Carrier-1,West,67.3,130.46,Express
3396,2025-07-14,2025-07-19,2025-07-19,WH-A,Carrier-3,West,47.7,146.63,Critical
3397,2026-05-14,2026-05-16,2026-05-16,WH-D,Carrier-2,West,8.6,165.95,Express
3398,2024-05-27,2024-06-04,,WH-B,Carrier-1,West,42.8,17.2,Critical
3399,2025-03-28,2025-03-31,2025-04-06,WH-B,Carrier-2,South,77.6,109.4,Critical
3400,2024-01-28,2024-02-03,2024-02-09,WH-C,Carrier-3,East,31.2,135.46,Standard
3401,2025-12-20,2025-12-28,2025-12-27,WH-A,Carrier-3,South,69.4,224.27,Critical
3402,2025-09-21,2025-09-26,,WH-A,Carrier-3,North,6.0,225.7,Express
3403,2026-04-17,2026-04-19,,WH-D,Carrier-1,West,54.5,137.1,Standard
3404,2026-01-19,2026-01-25,2026-02-02,WH-B,Carrier-1,South,65.9,198.52,Standard
3405,2025-06-27,2025-07-01,2025-07-06,WH-B,Carrier-3,West,46.6,173.8,Critical
3406,2024-07-04,2024-07-08,2024-07-14,WH-A,Carrier-1,North,5.8,91.93,Critical
3407,2024-08-30,2024-09-03,2024-09-02,WH-C,Carrier-1,North,71.5,166.94,Standard
3408,2024-11-25,2024-11-27,2024-11-28,WH-D,Carrier-1,North,26.3,108.52,Critical
3409,2025-08-16,2025-08-22,2025-08-24,WH-D,Carrier-1,West,49.1,136.84,Express
3410,2026-01-17,2026-01-21,2026-01-24,WH-D,Carrier-3,East,63.4,124.31,Critical
3411,2025-10-14,2025-10-22,2025-10-27,WH-C,Carrier-1,South,33.9,202.98,Standard
3412,2024-04-11,2024-04-14,2024-04-17,WH-A,Carrier-1,West,20.4,99.21,Standard
3413,2026-07-17,2026-07-19,2026-07-27,WH-C,Carrier-1,South,20.4,213.12,Standard
3414,2024-01-01,2024-01-08,2024-01-06,WH-B,Carrier-1,East,30.8,147.19,Express
3415,2024-07-13,2024-07-15,2024-07-22,WH-A,Carrier-3,South,44.9,148.2,Express
3416,2025-10-30,2025-11-01,2025-10-31,WH-B,Carrier-1,North,54.5,36.74,Express
3417,2026-08-28,2026-09-05,2026-09-04,WH-D,Carrier-2,West,52.4,113.23,Standard
3418,2025-09-10,2025-09-17,2025-09-24,WH-B,Carrier-2,East,14.3,166.95,Express
3419,2024-02-09,2024-02-12,2024-02-18,WH-C,Carrier-1,North,27.2,10.93,Standard
3420,2026-07-01,2026-07-04,2026-07-05,WH-B,Carrier-3,North,31.6,17.85,Standard
3421,2024-05-07,2024-05-14,2024-05-21,WH-D,Carrier-1,South,29.5,137.81,Standard
3422,2025-05-06,2025-05-12,2025-05-17,WH-D,Carrier-3,North,34.3,212.66,Critical
3423,2025-08-22,2025-08-28,2025-08-29,WH-D,Carrier-1,East,6.1,43.72,Express
3424,2025-03-21,2025-03-29,2025-04-06,WH-B,Carrier-1,West,9.0,231.02,Critical
3425,2024-07-07,2024-07-15,2024-07-23,WH-B,Carrier-2,South,67.2,220.51,Critical
3426,2024-01-15,2024-01-20,2024-01-25,WH-A,Carrier-2,East,77.7,233.02,Critical
3427,2025-01-15,2025-01-19,2025-01-23,WH-C,Carrier-3,West,0.7,232.79,Express
3428,2024-05-20,2024-05-22,2024-05-28,WH-C,Carrier-2,West,52.9,31.27,Express
3429,2026-05-16,2026-05-20,2026-05-28,WH-B,Carrier-1,East,74.7,187.62,Standard
3430,2025-06-29,2025-07-02,2025-07-07,WH-B,Carrier-2,South,35.9,6.85,Express
3431,2024-05-21,2024-05-28,2024-06-05,WH-C,Carrier-1,West,57.2,5.6,Critical
3432,2024-07-23,2024-07-30,2024-08-06,WH-D,Carrier-1,North,23.2,93.29,Express
3433,2024-06-03,2024-06-09,2024-06-12,WH-C,Carrier-3,North,73.7,201.73,Critical
3434,2026-02-22,2026-02-26,2026-02-28,WH-B,Carrier-2,West,72.0,210.22,Standard
3435,2024-08-30,2024-09-06,,WH-A,Carrier-2,South,40.5,85.84,Critical
3436,2024-05-28,2024-05-31,2024-06-04,WH-C,Carrier-1,West,23.8,52.02,Critical
3437,2026-07-06,2026-07-11,2026-07-17,WH-A,Carrier-1,South,4.5,146.72,Critical
3438,2025-01-22,2025-01-29,2025-02-01,WH-C,Carrier-2,North,11.1,190.67,Express
3439,2026-01-13,2026-01-16,2026-01-18,WH-C,Carrier-2,South,65.9,87.81,Critical
3440,2024-02-26,2024-03-05,2024-03-08,WH-C,Carrier-2,South,5.2,108.71,Express
3441,2025-09-05,2025-09-09,2025-09-09,WH-D,Carrier-3,West,5.7,193.41,Standard
3442,2024-09-10,2024-09-18,2024-09-16,WH-A,Carrier-1,South,7.9,187.81,Critical
3443,2026-06-28,2026-07-03,2026-07-02,WH-C,Carrier-3,South,25.2,50.48,Critical
3444,2026-08-12,2026-08-14,2026-08-15,WH-D,Carrier-2,East,71.2,173.58,Express
3445,2025-07-21,2025-07-23,2025-07-25,WH-D,Carrier-2,North,2.7,195.13,Express
3446,2024-03-31,2024-04-03,2024-04-03,WH-D,Carrier-3,East,73.7,116.28,Standard
3447,2024-06-24,2024-06-30,2024-06-29,WH-A,Carrier-1,West,52.0,197.85,Critical
3448,2026-05-04,2026-05-12,2026-05-10,WH-B,Carrier-2,South,37.8,89.86,Express
3449,2024-03-02,2024-03-10,2024-03-17,WH-A,Carrier-3,West,38.6,149.38,Critical
3450,2026-07-31,2026-08-07,2026-08-14,WH-B,Carrier-2,North,53.9,21.87,Express
3451,2024-06-23,2024-06-28,2024-07-01,WH-B,Carrier-3,West,45.1,233.31,Standard
3452,2024-12-18,2024-12-26,2024-12-28,WH-C,Carrier-2,North,76.4,201.67,Critical
3453,2024-05-12,2024-05-17,2024-05-17,WH-C,Carrier-2,West,31.4,86.79,Standard
3454,2026-02-15,2026-02-19,,WH-A,Carrier-1,West,70.3,230.85,Standard
3455,2026-06-03,2026-06-05,2026-06-10,WH-A,Carrier-2,North,55.8,150.42,Express
3456,2025-07-12,2025-07-15,2025-07-14,WH-A,Carrier-2,South,53.5,143.21,Express
3457,2025-12-08,2025-12-11,2025-12-10,WH-B,Carrier-2,North,78.3,33.3,Express
3458,2026-07-27,2026-08-02,2026-08-02,WH-D,Carrier-1,North,24.9,16.88,Standard
3459,2025-09-13,2025-09-18,2025-09-20,WH-A,Carrier-3,West,68.1,7.67,Critical
3460,2026-04-11,2026-04-17,2026-04-17,WH-C,Carrier-1,North,3.7,223.67,Critical
3461,2026-07-04,2026-07-07,2026-07-09,WH-B,Carrier-1,West,5.4,170.97,Express
3462,2024-06-21,2024-06-25,2024-07-01,WH-B,Carrier-3,East,4.5,9.02,Critical
3463,2024-06-18,2024-06-26,2024-06-28,WH-B,Carrier-3,South,71.5,211.13,Standard
3464,2024-11-18,2024-11-24,2024-11-25,WH-A,Carrier-2,South,25.7,69.8,Express
3465,2025-10-30,2025-11-01,2025-11-09,WH-C,Carrier-2,West,79.5,127.44,Critical
3466,2024-05-09,2024-05-15,2024-05-13,WH-B,Carrier-2,South,79.1,114.43,Critical
3467,2024-07-20,2024-07-25,2024-07-26,WH-A,Carrier-3,East,24.3,108.52,Express
3468,2025-03-16,2025-03-21,2025-03-27,WH-B,Carrier-1,South,65.0,15.61,Standard
3469,2024-02-21,2024-02-25,2024-02-28,WH-B,Carrier-2,North,33.8,95.04,Standard
3470,2025-09-19,2025-09-23,2025-09-30,WH-B,Carrier-1,West,63.3,128.5,Express
3471,2025-04-13,2025-04-18,2025-04-24,WH-D,Carrier-3,South,51.9,117.58,Express
3472,2025-03-11,2025-03-14,2025-03-22,WH-B,Carrier-1,East,34.4,134.2,Standard
3473,2024-04-24,2024-04-26,2024-04-24,WH-D,Carrier-2,North,38.4,141.34,Express
3474,2024-11-21,2024-11-28,2024-12-05,WH-D,Carrier-2,East,19.6,156.99,Standard
3475,2025-08-07,2025-08-09,,WH-D,Carrier-1,East,59.8,19.06,Critical
3476,2024-08-20,2024-08-24,2024-08-25,WH-D,Carrier-1,South,65.7,212.47,Express
3477,2025-05-09,2025-05-15,2025-05-21,WH-A,Carrier-3,West,13.6,5.14,Standard
3478,2025-11-22,2025-11-29,2025-11-27,WH-A,Carrier-1,East,7.6,78.49,Critical
3479,2026-03-27,2026-04-03,2026-04-02,WH-C,Carrier-2,East,62.7,40.08,Express
3480,2025-10-09,2025-10-11,,WH-C,Carrier-1,South,51.0,128.72,Critical
3481,2024-06-22,2024-06-27,2024-07-05,WH-C,Carrier-1,East,62.8,224.14,Express
3482,2025-05-10,2025-05-12,2025-05-17,WH-A,Carrier-1,East,13.6,58.13,Standard
3483,2025-03-31,2025-04-04,2025-04-08,WH-B,Carrier-3,North,1.7,177.15,Standard
3484,2025-06-17,2025-06-22,2025-06-25,WH-D,Carrier-1,West,45.2,34.7,Standard
3485,2024-01-26,2024-01-31,2024-02-07,WH-C,Carrier-2,West,18.3,115.31,Express
3486,2024-03-29,2024-04-03,2024-04-05,WH-D,Carrier-1,North,28.0,168.36,Standard
3487,2024-07-03,2024-07-06,2024-07-06,WH-C,Carrier-3,South,71.2,81.82,Express
3488,2024-08-24,2024-09-01,2024-09-09,WH-A,Carrier-2,South,73.2,155.21,Express
3489,2026-02-15,2026-02-18,2026-02-17,WH-B,Carrier-3,South,24.9,236.14,Express
3490,2025-05-12,2025-05-19,2025-05-24,WH-D,Carrier-1,North,4.2,234.48,Critical
3491,2025-12-23,2025-12-27,,WH-D,Carrier-2,North,1.9,219.79,Standard
3492,2025-07-02,2025-07-09,2025-07-14,WH-A,Carrier-3,South,17.8,92.07,Critical
3493,2026-04-14,2026-04-21,2026-04-20,WH-C,Carrier-2,North,52.0,213.18,Standard
3494,2026-04-27,2026-05-02,2026-05-04,WH-A,Carrier-2,South,7.1,57.09,Standard
3495,2025-05-10,2025-05-16,2025-05-22,WH-C,Carrier-2,West,26.9,119.0,Critical
3496,2024-10-24,2024-10-26,2024-11-02,WH-A,Carrier-1,South,35.2,150.5,Standard
3497,2025-11-25,2025-11-28,,WH-B,Carrier-1,South,57.1,25.06,Standard
3498,2024-04-13,2024-04-20,2024-04-26,WH-C,Carrier-2,South,41.6,54.01,Standard
3499,2025-04-16,2025-04-20,2025-04-25,WH-D,Carrier-3,South,33.4,148.15,Critical
3500,2026-07-03,2026-07-07,,WH-C,Carrier-1,East,63.5,6.21,Critical
3501,2024-03-10,2024-03-17,2024-03-20,WH-C,Carrier-2,North,39.1,39.77,Standard
3502,2026-06-09,2026-06-11,2026-06-12,WH-D,Carrier-3,West,45.9,138.56,Express
3503,2026-02-02,2026-02-05,2026-02-03,WH-B,Carrier-1,South,63.9,82.9,Critical
3504,2024-09-28,2024-10-04,2024-10-03,WH-A,Carrier-3,East,60.0,201.69,Critical
3505,2026-07-03,2026-07-11,2026-07-14,WH-C,Carrier-1,South,55.0,67.01,Standard
3506,2024-09-15,2024-09-21,2024-09-19,WH-A,Carrier-2,South,1.9,95.03,Standard
3507,2026-08-05,2026-08-09,2026-08-11,WH-B,Carrier-1,North,31.1,61.17,Express
3508,2026-02-17,2026-02-19,2026-02-22,WH-D,Carrier-2,East,44.3,97.44,Express
3509,2025-07-29,2025-08-03,2025-08-01,WH-D,Carrier-1,South,56.7,6.43,Critical
3510,2024-09-30,2024-10-05,2024-10-08,WH-B,Carrier-1,South,29.3,7.64,Express
3511,2024-05-31,2024-06-04,2024-06-10,WH-C,Carrier-1,East,77.2,174.44,Express
3512,2024-04-13,2024-04-19,2024-04-23,WH-A,Carrier-2,South,27.8,192.48,Critical
3513,2025-12-10,2025-12-16,,WH-B,Carrier-2,South,15.0,62.68,Critical
3514,2026-04-14,2026-04-20,2026-04-28,WH-C,Carrier-1,North,2.7,168.42,Critical
3515,2024-05-13,2024-05-17,2024-05-18,WH-C,Carrier-3,North,42.5,93.96,Standard
3516,2026-07-03,2026-07-09,2026-07-08,WH-B,Carrier-1,East,45.1,76.65,Standard
3517,2024-02-18,2024-02-25,2024-02-23,WH-C,Carrier-1,North,20.1,219.19,Standard
3518,2024-02-22,2024-02-29,2024-02-28,WH-C,Carrier-2,West,22.1,235.66,Express
3519,2024-06-05,2024-06-07,2024-06-09,WH-D,Carrier-1,South,46.0,118.35,Standard
3520,2025-01-14,2025-01-22,2025-01-23,WH-B,Carrier-2,East,61.6,150.93,Critical
3521,2025-09-21,2025-09-28,2025-09-30,WH-C,Carrier-2,North,10.6,4.05,Critical
3522,2026-05-17,2026-05-20,2026-05-28,WH-C,Carrier-1,South,21.4,209.06,Standard
3523,2025-05-10,2025-05-15,2025-05-17,WH-D,Carrier-2,South,22.5,32.08,Standard
3524,2024-06-17,2024-06-21,2024-06-21,WH-B,Carrier-1,South,13.6,120.73,Express
3525,2024-05-13,2024-05-16,2024-05-16,WH-C,Carrier-2,South,31.9,153.39,Critical
3526,2026-04-13,2026-04-21,2026-04-20,WH-B,Carrier-2,West,36.0,136.81,Critical
3527,2024-08-30,2024-09-07,2024-09-10,WH-A,Carrier-2,East,50.5,139.06,Express
3528,2025-09-02,2025-09-06,2025-09-07,WH-A,Carrier-1,East,2.4,61.41,Critical
3529,2026-07-09,2026-07-17,2026-07-20,WH-D,Carrier-3,North,34.5,13.58,Express
3530,2025-04-13,2025-04-20,2025-04-25,WH-A,Carrier-2,East,5.0,151.48,Critical
3531,2025-09-02,2025-09-10,2025-09-09,WH-A,Carrier-2,West,58.0,164.0,Critical
3532,2025-01-24,2025-02-01,2025-02-03,WH-A,Carrier-3,East,79.4,212.44,Standard
3533,2025-10-12,2025-10-15,2025-10-19,WH-D,Carrier-2,West,15.2,87.2,Express
3534,2026-04-24,2026-04-28,2026-04-29,WH-A,Carrier-2,South,49.1,151.56,Critical
3535,2024-06-04,2024-06-08,2024-06-09,WH-B,Carrier-1,North,11.8,209.38,Critical
3536,2025-07-02,2025-07-05,2025-07-09,WH-C,Carrier-2,South,42.9,144.17,Critical
3537,2024-12-25,2025-01-02,2025-01-03,WH-D,Carrier-1,East,30.6,202.76,Standard
3538,2025-10-03,2025-10-09,2025-10-10,WH-A,Carrier-2,East,16.0,8.83,Critical
3539,2024-08-06,2024-08-09,2024-08-09,WH-A,Carrier-1,West,5.0,216.85,Express
3540,2025-01-06,2025-01-08,2025-01-11,WH-D,Carrier-1,West,65.5,111.4,Critical
3541,2024-01-05,2024-01-09,2024-01-14,WH-D,Carrier-1,West,15.2,168.04,Express
3542,2024-08-18,2024-08-24,2024-08-25,WH-A,Carrier-1,West,1.6,228.09,Standard
3543,2024-11-06,2024-11-13,2024-11-19,WH-B,Carrier-2,East,54.4,32.65,Standard
3544,2025-01-13,2025-01-17,2025-01-25,WH-C,Carrier-2,South,41.7,151.74,Standard
3545,2024-12-28,2025-01-05,2025-01-08,WH-A,Carrier-3,North,43.3,180.22,Standard
3546,2025-08-01,2025-08-07,2025-08-12,WH-B,Carrier-2,North,13.3,100.56,Critical
3547,2025-11-26,2025-11-29,2025-11-29,WH-A,Carrier-2,South,71.6,77.61,Standard
3548,2026-05-17,2026-05-25,2026-05-30,WH-D,Carrier-2,South,57.3,140.75,Express
3549,2024-08-28,2024-09-01,2024-09-08,WH-A,Carrier-2,East,44.7,57.63,Standard
3550,2025-04-22,2025-04-24,2025-04-22,WH-D,Carrier-3,West,5.7,236.12,Standard
3551,2024-09-01,2024-09-05,2024-09-03,WH-A,Carrier-2,West,59.7,14.61,Standard
3552,2024-08-19,2024-08-22,2024-08-23,WH-C,Carrier-1,South,8.7,170.5,Standard
3553,2024-05-19,2024-05-27,2024-05-29,WH-D,Carrier-1,South,36.5,22.48,Express
3554,2024-01-18,2024-01-21,2024-01-26,WH-D,Carrier-2,West,57.6,157.74,Express
3555,2026-01-31,2026-02-08,2026-02-15,WH-B,Carrier-3,South,22.6,33.01,Standard
3556,2024-05-04,2024-05-11,2024-05-10,WH-D,Carrier-2,East,28.9,92.35,Critical
3557,2025-12-16,2025-12-24,2026-01-01,WH-C,Carrier-1,West,28.3,32.57,Critical
3558,2025-12-03,2025-12-08,2025-12-13,WH-A,Carrier-1,East,23.2,121.94,Critical
3559,2026-04-17,2026-04-25,2026-05-02,WH-C,Carrier-2,East,66.9,137.48,Standard
3560,2024-02-24,2024-03-02,2024-03-03,WH-B,Carrier-3,East,18.0,198.93,Express
3561,2024-01-16,2024-01-21,2024-01-25,WH-D,Carrier-1,East,12.0,26.38,Standard
3562,2026-03-17,2026-03-23,2026-03-21,WH-A,Carrier-2,West,53.0,191.53,Standard
3563,2024-12-13,2024-12-16,2024-12-15,WH-D,Carrier-3,North,12.3,53.7,Critical
3564,2024-07-09,2024-07-17,2024-07-24,WH-A,Carrier-3,West,56.8,143.55,Express
3565,2026-03-31,2026-04-03,2026-04-10,WH-D,Carrier-1,East,70.0,220.95,Critical
3566,2026-04-29,2026-05-03,2026-05-01,WH-C,Carrier-2,North,60.9,106.7,Standard
3567,2025-10-27,2025-11-02,2025-11-02,WH-C,Carrier-2,North,30.0,9.38,Express
3568,2024-06-10,2024-06-12,2024-06-15,WH-A,Carrier-3,West,5.8,85.23,Express
3569,2024-01-03,2024-01-09,2024-01-10,WH-A,Carrier-2,South,11.1,221.61,Express
3570,2024-12-24,2024-12-26,,WH-C,Carrier-2,North,8.6,193.96,Express
3571,2026-05-09,2026-05-14,2026-05-13,WH-C,Carrier-1,West,71.3,228.21,Express
3572,2025-07-18,2025-07-22,2025-07-22,WH-C,Carrier-1,North,69.0,36.26,Express
3573,2024-08-31,2024-09-02,2024-09-09,WH-B,Carrier-1,South,10.9,16.15,Standard
3574,2025-09-01,2025-09-06,2025-09-10,WH-D,Carrier-2,West,52.2,207.89,Critical
3575,2026-01-18,2026-01-24,2026-01-29,WH-D,Carrier-2,East,55.5,77.68,Standard
3576,2025-04-10,2025-04-12,2025-04-10,WH-D,Carrier-3,West,41.1,66.38,Critical
3577,2024-01-24,2024-01-26,2024-01-24,WH-A,Carrier-2,West,7.5,120.64,Critical
3578,2026-07-19,2026-07-21,2026-07-28,WH-B,Carrier-1,South,27.4,7.7,Express
3579,2025-09-26,2025-09-29,2025-10-05,WH-B,Carrier-1,South,29.8,199.83,Critical
3580,2025-06-10,2025-06-13,2025-06-12,WH-B,Carrier-1,South,23.4,101.31,Standard
3581,2024-12-24,2025-01-01,2025-01-08,WH-B,Carrier-1,North,40.0,86.98,Critical
3582,2025-11-19,2025-11-21,2025-11-26,WH-D,Carrier-3,South,55.9,220.03,Express
3583,2024-06-04,2024-06-11,2024-06-11,WH-C,Carrier-2,North,3.0,15.18,Express
3584,2026-03-08,2026-03-10,2026-03-12,WH-C,Carrier-2,North,75.1,41.24,Express
3585,2026-08-10,2026-08-12,2026-08-13,WH-C,Carrier-3,South,70.9,165.52,Critical
3586,2024-10-18,2024-10-25,2024-11-02,WH-B,Carrier-2,East,3.1,81.66,Express
3587,2025-05-05,2025-05-08,,WH-B,Carrier-3,East,26.8,26.93,Express
3588,2026-05-29,2026-06-03,2026-06-04,WH-C,Carrier-2,West,43.7,175.21,Critical
3589,2024-07-05,2024-07-07,2024-07-10,WH-C,Carrier-2,East,33.0,41.17,Standard
3590,2024-06-08,2024-06-16,2024-06-24,WH-C,Carrier-3,North,23.8,176.9,Standard
3591,2024-04-03,2024-04-07,2024-04-14,WH-D,Carrier-3,North,72.7,146.24,Critical
3592,2025-04-21,2025-04-26,2025-05-03,WH-C,Carrier-3,East,4.1,116.49,Critical
3593,2024-11-02,2024-11-05,2024-11-07,WH-C,Carrier-1,South,41.1,25.33,Express
3594,2025-05-20,2025-05-22,,WH-A,Carrier-1,East,28.2,50.24,Standard
3595,2024-07-17,2024-07-22,,WH-B,Carrier-1,South,58.0,122.15,Critical
3596,2026-07-13,2026-07-19,2026-07-27,WH-B,Carrier-3,East,43.7,87.91,Standard
3597,2025-05-08,2025-05-16,2025-05-21,WH-D,Carrier-2,South,49.4,182.38,Express
3598,2025-09-12,2025-09-14,2025-09-13,WH-D,Carrier-3,East,5.9,6.08,Critical
3599,2026-07-18,2026-07-20,2026-07-22,WH-D,Carrier-3,East,23.8,31.29,Critical
3600,2024-05-15,2024-05-23,2024-05-27,WH-B,Carrier-2,North,35.6,144.49,Express
3601,2025-04-24,2025-04-28,2025-05-04,WH-A,Carrier-3,West,64.5,132.03,Standard
3602,2025-05-27,2025-05-30,,WH-B,Carrier-2,West,45.7,11.7,Standard
3603,2025-11-07,2025-11-14,2025-11-13,WH-B,Carrier-2,North,45.4,99.88,Standard
3604,2025-05-17,2025-05-22,2025-05-27,WH-C,Carrier-3,West,44.3,24.52,Critical
3605,2026-01-24,2026-01-29,2026-02-01,WH-A,Carrier-2,West,59.6,200.26,Critical
3606,2025-03-05,2025-03-12,2025-03-10,WH-B,Carrier-3,East,29.0,215.33,Standard
3607,2025-02-13,2025-02-21,2025-02-19,WH-C,Carrier-3,West,27.8,44.25,Standard
3608,2024-04-11,2024-04-16,2024-04-21,WH-C,Carrier-2,West,11.5,101.96,Critical
3609,2025-01-25,2025-01-30,2025-01-29,WH-B,Carrier-2,West,36.7,185.95,Standard
3610,2026-07-25,2026-07-31,2026-08-06,WH-D,Carrier-3,North,64.1,133.77,Standard
3611,2026-04-13,2026-04-17,2026-04-17,WH-C,Carrier-1,West,60.9,76.82,Express
3612,2024-04-20,2024-04-22,2024-04-28,WH-B,Carrier-3,West,8.8,215.71,Critical
3613,2026-05-09,2026-05-13,2026-05-12,WH-D,Carrier-1,South,11.3,191.59,Express
3614,2025-09-07,2025-09-15,2025-09-13,WH-C,Carrier-2,West,61.7,69.37,Standard
3615,2024-08-10,2024-08-17,2024-08-25,WH-C,Carrier-2,West,32.7,212.76,Standard
3616,2026-04-10,2026-04-13,2026-04-11,WH-B,Carrier-3,West,19.0,190.52,Standard
3617,2025-09-12,2025-09-16,2025-09-22,WH-C,Carrier-2,East,10.3,31.25,Standard
3618,2024-07-15,2024-07-20,2024-07-27,WH-B,Carrier-3,West,32.7,200.44,Express
3619,2025-10-03,2025-10-08,2025-10-14,WH-D,Carrier-1,North,74.7,14.69,Express
3620,2025-03-03,2025-03-05,2025-03-06,WH-D,Carrier-2,North,74.6,74.45,Critical
3621,2024-02-28,2024-03-03,2024-03-02,WH-B,Carrier-1,East,21.6,127.49,Critical
3622,2024-08-12,2024-08-15,2024-08-14,WH-A,Carrier-3,South,36.0,168.04,Express
3623,2024-12-26,2024-12-28,2025-01-01,WH-C,Carrier-3,West,10.2,121.15,Critical
3624,2025-05-12,2025-05-17,2025-05-21,WH-C,Carrier-2,East,25.7,184.78,Express
3625,2024-02-11,2024-02-13,,WH-C,Carrier-1,West,3.3,226.3,Critical
3626,2025-08-13,2025-08-21,2025-08-20,WH-B,Carrier-1,East,24.1,42.75,Standard
3627,2025-02-19,2025-02-27,2025-03-07,WH-D,Carrier-3,North,51.0,13.32,Standard
3628,2026-04-10,2026-04-12,2026-04-20,WH-C,Carrier-3,South,39.9,209.53,Standard
3629,2025-01-20,2025-01-24,2025-01-23,WH-C,Carrier-2,East,66.4,154.2,Express
3630,2024-07-14,2024-07-17,2024-07-20,WH-B,Carrier-3,South,72.7,100.76,Standard
3631,2024-11-03,2024-11-08,2024-11-11,WH-C,Carrier-3,East,49.2,16.04,Standard
3632,2025-11-01,2025-11-06,2025-11-14,WH-B,Carrier-3,North,69.7,203.06,Standard
3633,2025-10-14,2025-10-16,2025-10-16,WH-C,Carrier-2,East,56.2,152.81,Critical
3634,2025-01-29,2025-02-01,2025-02-09,WH-A,Carrier-3,East,70.1,123.83,Critical
3635,2024-11-03,2024-11-05,2024-11-09,WH-B,Carrier-3,South,69.7,172.66,Express
3636,2024-11-30,2024-12-02,2024-12-01,WH-D,Carrier-2,South,29.3,62.08,Standard
3637,2025-11-07,2025-11-13,2025-11-18,WH-A,Carrier-3,North,70.3,162.31,Standard
3638,2026-04-15,2026-04-19,2026-04-23,WH-A,Carrier-3,South,41.9,21.02,Express
3639,2026-01-21,2026-01-26,2026-02-03,WH-D,Carrier-1,East,5.6,194.51,Critical
3640,2025-02-01,2025-02-08,2025-02-16,WH-B,Carrier-3,South,66.3,234.09,Critical
3641,2024-11-21,2024-11-27,2024-11-25,WH-B,Carrier-1,West,7.1,10.65,Express
3642,2024-01-24,2024-01-31,2024-01-30,WH-A,Carrier-2,West,34.4,57.11,Critical
3643,2025-05-03,2025-05-05,2025-05-12,WH-D,Carrier-2,East,29.3,198.25,Critical
3644,2024-04-19,2024-04-23,2024-04-29,WH-C,Carrier-2,North,44.7,10.08,Standard
3645,2025-05-22,2025-05-29,2025-06-06,WH-B,Carrier-1,West,18.9,32.88,Express
3646,2024-10-05,2024-10-12,2024-10-19,WH-C,Carrier-2,West,64.1,72.96,Express
3647,2024-05-24,2024-05-28,2024-06-03,WH-B,Carrier-3,North,15.7,4.97,Express
3648,2026-06-08,2026-06-10,2026-06-10,WH-A,Carrier-3,East,14.4,23.9,Standard
3649,2024-08-30,2024-09-01,,WH-C,Carrier-1,East,36.8,188.7,Standard
3650,2025-12-16,2025-12-20,2025-12-27,WH-A,Carrier-1,South,9.1,194.61,Express
3651,2026-03-17,2026-03-25,,WH-A,Carrier-1,South,23.6,175.9,Critical
3652,2024-04-29,2024-05-04,2024-05-12,WH-A,Carrier-1,North,61.6,63.49,Standard
3653,2026-06-18,2026-06-26,2026-06-29,WH-A,Carrier-3,North,14.1,57.38,Critical
3654,2025-12-06,2025-12-12,2025-12-16,WH-A,Carrier-2,West,53.3,23.47,Standard
3655,2025-04-17,2025-04-20,2025-04-23,WH-B,Carrier-2,South,28.5,77.25,Critical
3656,2025-11-17,2025-11-25,2025-12-03,WH-B,Carrier-3,East,56.5,68.99,Critical
3657,2025-11-19,2025-11-26,2025-11-27,WH-B,Carrier-3,South,76.2,228.94,Critical
3658,2025-11-02,2025-11-04,2025-11-11,WH-A,Carrier-1,North,19.1,201.01,Express
3659,2025-12-30,2026-01-01,2026-01-05,WH-A,Carrier-1,West,50.9,117.23,Express
3660,2025-09-14,2025-09-19,2025-09-25,WH-D,Carrier-1,North,28.3,107.72,Standard
3661,2024-10-29,2024-11-01,2024-11-06,WH-D,Carrier-3,West,4.1,199.26,Critical
3662,2025-02-04,2025-02-06,2025-02-12,WH-C,Carrier-2,West,72.9,207.48,Standard
3663,2026-07-03,2026-07-06,2026-07-06,WH-B,Carrier-2,South,6.8,15.87,Express
3664,2024-02-15,2024-02-23,2024-03-02,WH-A,Carrier-2,West,3.5,108.58,Critical
3665,2025-03-29,2025-04-01,2025-04-03,WH-A,Carrier-1,East,70.2,189.17,Critical
3666,2025-09-19,2025-09-24,2025-09-23,WH-A,Carrier-3,East,1.8,87.26,Express
3667,2026-06-26,2026-07-02,2026-07-07,WH-D,Carrier-3,West,12.0,234.91,Standard
3668,2025-06-15,2025-06-18,2025-06-19,WH-D,Carrier-1,North,47.7,216.35,Critical
3669,2024-09-24,2024-09-27,2024-10-04,WH-C,Carrier-3,East,13.5,51.45,Critical
3670,2024-06-01,2024-06-06,2024-06-09,WH-D,Carrier-3,West,54.6,188.77,Critical
3671,2025-12-08,2025-12-16,,WH-D,Carrier-3,East,9.0,14.24,Standard
3672,2025-01-11,2025-01-17,2025-01-18,WH-A,Carrier-3,South,21.2,230.46,Express
3673,2025-10-20,2025-10-28,2025-10-31,WH-D,Carrier-1,East,71.9,100.05,Standard
3674,2025-08-18,2025-08-26,2025-08-27,WH-A,Carrier-3,East,31.7,195.01,Standard
3675,2025-08-22,2025-08-28,2025-09-05,WH-B,Carrier-1,West,11.0,65.79,Critical
3676,2024-12-05,2024-12-12,2024-12-14,WH-B,Carrier-3,West,49.1,231.23,Express
3677,2024-11-06,2024-11-09,2024-11-07,WH-C,Carrier-1,South,62.2,163.04,Express
3678,2024-12-13,2024-12-18,2024-12-26,WH-B,Carrier-1,West,7.6,107.03,Express
3679,2026-02-26,2026-03-06,2026-03-12,WH-C,Carrier-2,West,12.9,155.63,Critical
3680,2025-04-16,2025-04-24,2025-05-01,WH-C,Carrier-3,North,71.9,191.77,Standard
3681,2025-01-28,2025-02-03,2025-02-09,WH-C,Carrier-2,South,10.0,111.94,Express
3682,2024-08-14,2024-08-21,,WH-A,Carrier-2,West,61.9,23.16,Express
3683,2024-01-23,2024-01-25,2024-01-24,WH-A,Carrier-1,North,72.9,216.07,Express
3684,2026-01-24,2026-01-30,2026-02-05,WH-D,Carrier-3,South,78.4,187.44,Critical
3685,2024-08-29,2024-09-05,2024-09-10,WH-A,Carrier-2,East,56.1,90.26,Express
3686,2026-06-05,2026-06-13,2026-06-18,WH-B,Carrier-3,West,76.2,131.01,Standard
3687,2025-06-27,2025-07-02,2025-06-30,WH-A,Carrier-3,West,12.8,131.1,Express
3688,2024-06-30,2024-07-06,2024-07-10,WH-A,Carrier-1,South,64.6,92.71,Critical
3689,2024-10-05,2024-10-12,2024-10-11,WH-D,Carrier-3,West,79.9,43.76,Express
3690,2024-09-28,2024-10-01,2024-10-04,WH-D,Carrier-1,East,8.5,27.81,Standard
3691,2026-03-29,2026-04-02,2026-04-10,WH-B,Carrier-1,West,21.6,203.75,Critical
3692,2025-09-30,2025-10-04,2025-10-02,WH-D,Carrier-3,South,11.1,202.57,Standard
3693,2024-04-03,2024-04-08,2024-04-15,WH-B,Carrier-3,West,34.6,19.08,Express
3694,2025-10-21,2025-10-23,2025-10-22,WH-D,Carrier-3,South,22.8,214.02,Express
3695,2025-06-28,2025-07-05,2025-07-11,WH-C,Carrier-3,East,14.1,162.57,Standard
3696,2025-12-17,2025-12-22,2025-12-26,WH-C,Carrier-2,North,67.1,63.73,Standard
3697,2024-05-15,2024-05-18,2024-05-23,WH-A,Carrier-2,West,43.8,188.93,Standard
3698,2025-03-27,2025-03-31,2025-04-04,WH-B,Carrier-1,West,70.3,25.97,Express
3699,2024-09-26,2024-10-01,2024-10-09,WH-B,Carrier-3,East,62.3,213.18,Express
3700,2025-10-27,2025-10-31,2025-11-06,WH-D,Carrier-1,West,36.1,227.99,Standard
3701,2026-02-07,2026-02-15,2026-02-14,WH-B,Carrier-1,South,69.6,208.84,Critical
3702,2024-11-30,2024-12-04,2024-12-10,WH-C,Carrier-1,South,68.5,202.64,Express
3703,2025-12-01,2025-12-08,,WH-C,Carrier-1,South,77.5,29.3,Standard
3704,2024-03-13,2024-03-15,2024-03-19,WH-D,Carrier-2,North,21.2,200.67,Standard
3705,2024-08-21,2024-08-23,2024-08-31,WH-D,Carrier-1,South,8.5,49.91,Express
3706,2024-11-23,2024-11-26,2024-11-24,WH-A,Carrier-3,West,2.0,83.29,Critical
3707,2025-05-04,2025-05-08,2025-05-11,WH-A,Carrier-2,East,18.1,206.49,Standard
3708,2025-11-13,2025-11-19,2025-11-17,WH-C,Carrier-3,West,6.0,71.18,Critical
3709,2025-05-12,2025-05-16,2025-05-20,WH-D,Carrier-3,East,64.6,236.03,Critical
3710,2024-02-11,2024-02-19,2024-02-26,WH-A,Carrier-1,North,22.4,127.52,Critical
3711,2024-02-08,2024-02-14,2024-02-14,WH-A,Carrier-3,South,40.4,100.8,Standard
3712,2024-06-03,2024-06-07,2024-06-09,WH-A,Carrier-3,East,54.3,135.09,Express
3713,2025-05-09,2025-05-14,,WH-A,Carrier-3,South,49.8,74.43,Critical
3714,2026-04-14,2026-04-17,2026-04-17,WH-A,Carrier-2,South,44.9,194.06,Critical
3715,2026-04-14,2026-04-21,2026-04-19,WH-D,Carrier-2,East,4.0,234.06,Critical
3716,2026-07-31,2026-08-07,2026-08-05,WH-B,Carrier-3,West,5.5,163.12,Express
3717,2024-02-22,2024-03-01,2024-03-01,WH-B,Carrier-2,South,12.3,182.97,Express
3718,2026-02-28,2026-03-03,,WH-C,Carrier-3,East,59.0,38.79,Standard
3719,2025-04-25,2025-05-02,2025-05-01,WH-D,Carrier-3,South,26.7,121.23,Standard
3720,2026-01-30,2026-02-01,,WH-B,Carrier-3,North,28.5,10.81,Express
3721,2024-06-24,2024-06-26,2024-07-04,WH-C,Carrier-1,East,38.0,58.01,Standard
3722,2026-06-28,2026-07-04,2026-07-09,WH-D,Carrier-3,East,32.1,51.09,Critical
3723,2025-10-14,2025-10-20,2025-10-19,WH-D,Carrier-3,North,29.7,155.51,Standard
3724,2024-08-01,2024-08-05,2024-08-04,WH-C,Carrier-1,East,51.9,182.47,Standard
3725,2025-08-15,2025-08-21,2025-08-28,WH-C,Carrier-3,South,60.4,4.52,Express
3726,2026-06-19,2026-06-25,2026-06-23,WH-A,Carrier-3,West,15.5,90.54,Express
3727,2025-07-01,2025-07-03,2025-07-02,WH-A,Carrier-3,West,7.5,67.29,Critical
3728,2025-03-28,2025-03-30,2025-03-31,WH-B,Carrier-2,North,40.2,182.14,Standard
3729,2025-12-13,2025-12-16,2025-12-24,WH-C,Carrier-3,North,41.1,195.39,Critical
3730,2026-03-09,2026-03-14,2026-03-22,WH-A,Carrier-2,South,45.7,188.12,Critical
3731,2024-10-26,2024-11-03,2024-11-05,WH-D,Carrier-3,North,53.0,239.26,Critical
3732,2026-08-11,2026-08-13,2026-08-14,WH-D,Carrier-3,East,75.5,170.04,Critical
3733,2024-03-05,2024-03-11,2024-03-13,WH-A,Carrier-3,East,26.1,180.0,Standard
3734,2025-06-26,2025-06-30,2025-07-01,WH-A,Carrier-1,West,79.1,206.59,Standard
3735,2024-02-06,2024-02-12,2024-02-14,WH-B,Carrier-1,East,56.9,54.41,Standard
3736,2025-04-06,2025-04-10,2025-04-16,WH-A,Carrier-1,South,17.0,220.09,Critical
3737,2024-04-16,2024-04-20,2024-04-25,WH-B,Carrier-1,West,57.1,151.25,Express
3738,2025-05-19,2025-05-23,2025-05-26,WH-A,Carrier-1,West,55.5,89.05,Standard
3739,2025-04-19,2025-04-27,2025-05-03,WH-D,Carrier-3,South,58.6,198.12,Standard
3740,2025-02-08,2025-02-15,2025-02-23,WH-B,Carrier-2,East,55.6,44.27,Standard
3741,2025-07-30,2025-08-01,,WH-D,Carrier-3,North,23.0,90.08,Express
3742,2024-03-30,2024-04-04,2024-04-06,WH-C,Carrier-1,West,20.2,52.21,Standard
3743,2026-03-26,2026-03-31,2026-04-03,WH-D,Carrier-2,West,11.0,86.96,Standard
3744,2025-03-01,2025-03-08,2025-03-08,WH-B,Carrier-3,South,5.5,237.07,Express
3745,2025-01-09,2025-01-13,2025-01-20,WH-D,Carrier-1,East,27.3,197.17,Critical
3746,2025-02-14,2025-02-19,2025-02-21,WH-D,Carrier-2,West,78.4,11.29,Critical
3747,2026-02-23,2026-02-27,2026-02-27,WH-A,Carrier-1,South,49.2,152.23,Standard
3748,2024-06-08,2024-06-12,2024-06-12,WH-A,Carrier-2,East,62.6,19.9,Express
3749,2024-04-04,2024-04-07,2024-04-14,WH-A,Carrier-3,North,62.0,216.21,Standard
3750,2025-07-07,2025-07-12,2025-07-18,WH-D,Carrier-2,East,45.3,92.0,Express
3751,2024-01-12,2024-01-18,2024-01-21,WH-D,Carrier-2,North,65.5,48.63,Critical
3752,2024-11-11,2024-11-18,2024-11-21,WH-A,Carrier-1,South,19.2,139.57,Critical
3753,2024-10-12,2024-10-14,,WH-D,Carrier-2,South,73.9,164.57,Express
3754,2026-06-15,2026-06-22,,WH-C,Carrier-3,South,8.9,174.38,Standard
3755,2025-11-25,2025-11-29,2025-12-01,WH-A,Carrier-3,East,50.4,25.54,Critical
3756,2025-04-14,2025-04-16,2025-04-18,WH-B,Carrier-1,South,53.1,138.82,Critical
3757,2026-04-01,2026-04-04,2026-04-05,WH-B,Carrier-3,North,11.7,90.03,Critical
3758,2025-02-04,2025-02-11,2025-02-10,WH-D,Carrier-2,South,60.5,226.42,Standard
3759,2026-03-14,2026-03-20,2026-03-20,WH-A,Carrier-2,West,27.0,212.03,Standard
3760,2026-04-19,2026-04-27,2026-04-29,WH-B,Carrier-3,North,16.6,105.86,Standard
3761,2025-07-30,2025-08-06,2025-08-04,WH-D,Carrier-2,South,24.6,150.04,Express
3762,2026-03-11,2026-03-17,2026-03-22,WH-B,Carrier-1,East,49.3,35.24,Critical
3763,2025-05-01,2025-05-04,2025-05-03,WH-C,Carrier-2,East,34.6,117.25,Standard
3764,2024-08-18,2024-08-24,2024-08-28,WH-B,Carrier-2,North,54.2,96.46,Standard
3765,2025-04-09,2025-04-12,2025-04-19,WH-D,Carrier-1,South,45.2,153.87,Express
3766,2025-05-30,2025-06-07,2025-06-06,WH-C,Carrier-2,West,71.0,47.61,Critical
3767,2025-12-01,2025-12-08,2025-12-12,WH-B,Carrier-3,South,63.8,19.67,Express
3768,2025-01-08,2025-01-13,2025-01-19,WH-A,Carrier-2,West,44.6,165.38,Critical
3769,2025-03-14,2025-03-16,2025-03-23,WH-B,Carrier-2,South,33.7,135.31,Express
3770,2025-01-28,2025-01-31,2025-01-29,WH-D,Carrier-2,South,56.5,75.3,Critical
3771,2026-06-13,2026-06-18,2026-06-21,WH-C,Carrier-3,North,27.9,118.45,Standard
3772,2024-05-15,2024-05-22,2024-05-20,WH-C,Carrier-3,North,67.6,7.74,Critical
3773,2024-05-03,2024-05-11,2024-05-12,WH-B,Carrier-1,South,52.5,123.72,Express
3774,2025-04-17,2025-04-25,2025-05-03,WH-D,Carrier-3,West,13.6,154.21,Express
3775,2024-08-12,2024-08-14,2024-08-12,WH-D,Carrier-2,West,32.1,130.01,Critical
3776,2024-03-12,2024-03-15,2024-03-16,WH-D,Carrier-1,North,77.3,168.13,Critical
3777,2025-11-16,2025-11-19,2025-11-18,WH-A,Carrier-3,North,62.3,20.67,Express
3778,2025-06-15,2025-06-19,2025-06-17,WH-C,Carrier-2,South,45.3,175.5,Standard
3779,2024-02-05,2024-02-09,2024-02-09,WH-D,Carrier-3,South,65.9,73.69,Critical
3780,2025-10-28,2025-11-02,2025-10-31,WH-D,Carrier-3,North,52.1,163.46,Critical
3781,2025-03-26,2025-03-31,,WH-A,Carrier-1,West,8.3,174.03,Critical
3782,2024-05-27,2024-06-04,,WH-D,Carrier-3,West,52.6,5.99,Critical
3783,2024-05-25,2024-05-29,2024-06-01,WH-C,Carrier-2,West,45.5,236.03,Express
3784,2025-09-28,2025-10-05,2025-10-13,WH-D,Carrier-2,West,31.7,152.06,Critical
3785,2026-05-30,2026-06-03,2026-06-08,WH-B,Carrier-3,East,70.4,51.43,Critical
3786,2025-11-25,2025-12-02,2025-12-03,WH-D,Carrier-2,East,20.1,165.76,Express
3787,2025-07-08,2025-07-16,2025-07-22,WH-A,Carrier-1,West,70.4,181.9,Standard
3788,2025-03-27,2025-04-03,,WH-C,Carrier-1,West,14.0,230.69,Critical
3789,2025-05-24,2025-05-31,2025-06-01,WH-D,Carrier-2,South,25.3,24.65,Standard
3790,2026-08-17,2026-08-21,2026-08-25,WH-C,Carrier-3,North,62.0,71.61,Express
3791,2024-12-28,2025-01-01,2025-01-03,WH-B,Carrier-2,West,13.7,236.52,Critical
3792,2025-11-13,2025-11-18,2025-11-23,WH-C,Carrier-2,West,75.8,158.56,Express
3793,2026-06-06,2026-06-10,2026-06-12,WH-C,Carrier-1,West,37.6,148.76,Critical
3794,2026-04-19,2026-04-26,2026-04-26,WH-A,Carrier-3,East,5.9,57.27,Standard
3795,2024-01-10,2024-01-17,2024-01-16,WH-D,Carrier-3,West,56.7,239.06,Standard
3796,2026-01-14,2026-01-18,2026-01-24,WH-B,Carrier-3,North,24.2,46.86,Critical
3797,2025-02-20,2025-02-24,2025-02-23,WH-A,Carrier-3,North,33.2,193.04,Standard
3798,2024-08-02,2024-08-09,2024-08-16,WH-D,Carrier-1,East,55.3,188.39,Express
3799,2025-10-13,2025-10-15,2025-10-22,WH-C,Carrier-2,East,38.0,222.0,Critical
3800,2025-09-02,2025-09-07,2025-09-10,WH-A,Carrier-1,South,71.4,95.37,Express
3801,2025-06-29,2025-07-07,2025-07-08,WH-C,Carrier-3,North,21.2,178.71,Express
3802,2024-09-29,2024-10-05,2024-10-13,WH-C,Carrier-2,West,65.4,183.33,Critical
3803,2025-03-29,2025-03-31,2025-04-02,WH-A,Carrier-1,North,34.8,173.53,Express
3804,2024-05-31,2024-06-02,2024-06-04,WH-B,Carrier-1,South,63.1,115.84,Standard
3805,2024-09-18,2024-09-26,2024-09-24,WH-A,Carrier-2,North,13.5,175.48,Critical
3806,2026-08-11,2026-08-18,2026-08-20,WH-B,Carrier-3,West,41.7,87.56,Express
3807,2025-04-27,2025-05-03,2025-05-05,WH-A,Carrier-2,South,21.7,194.75,Express
3808,2025-05-13,2025-05-15,2025-05-15,WH-C,Carrier-3,West,63.6,51.67,Express
3809,2024-06-10,2024-06-13,2024-06-15,WH-A,Carrier-3,West,76.7,37.57,Standard
3810,2025-09-30,2025-10-03,2025-10-06,WH-A,Carrier-3,West,68.5,179.37,Standard
3811,2024-12-30,2025-01-07,2025-01-14,WH-D,Carrier-3,East,3.7,151.14,Standard
3812,2025-08-03,2025-08-06,2025-08-11,WH-A,Carrier-2,North,55.4,75.08,Standard
3813,2024-08-12,2024-08-19,2024-08-27,WH-D,Carrier-3,East,52.6,205.22,Standard
3814,2024-06-21,2024-06-29,2024-07-06,WH-C,Carrier-2,West,61.4,206.43,Express
3815,2025-07-30,2025-08-04,2025-08-05,WH-C,Carrier-1,South,30.3,72.62,Standard
3816,2025-03-15,2025-03-19,2025-03-22,WH-D,Carrier-3,South,32.5,87.58,Standard
3817,2025-12-26,2026-01-02,2026-01-09,WH-C,Carrier-1,East,73.8,117.66,Express
3818,2024-07-14,2024-07-20,2024-07-19,WH-B,Carrier-3,West,60.8,31.52,Express
3819,2026-06-08,2026-06-11,2026-06-18,WH-D,Carrier-3,West,42.4,163.42,Express
3820,2024-11-20,2024-11-28,2024-11-26,WH-C,Carrier-3,South,79.2,164.78,Express
3821,2026-05-11,2026-05-18,2026-05-24,WH-A,Carrier-3,West,50.8,105.98,Express
3822,2026-06-23,2026-06-30,2026-07-04,WH-D,Carrier-2,North,1.2,24.03,Standard
3823,2025-08-09,2025-08-12,2025-08-14,WH-C,Carrier-3,West,7.9,136.16,Express
3824,2024-01-31,2024-02-05,2024-02-09,WH-A,Carrier-3,North,5.8,31.74,Express
3825,2024-05-25,2024-05-31,2024-06-06,WH-B,Carrier-1,North,37.8,210.96,Standard
3826,2025-01-25,2025-01-29,2025-02-02,WH-A,Carrier-2,West,63.9,18.66,Standard
3827,2024-01-25,2024-01-31,2024-01-31,WH-B,Carrier-2,South,3.5,18.35,Critical
3828,2025-06-27,2025-06-30,2025-07-04,WH-D,Carrier-1,North,17.1,217.95,Standard
3829,2024-02-17,2024-02-22,2024-02-23,WH-A,Carrier-1,West,23.5,71.03,Critical
3830,2026-07-03,2026-07-09,2026-07-15,WH-B,Carrier-2,North,37.2,125.69,Express
3831,2026-03-14,2026-03-20,2026-03-18,WH-C,Carrier-2,West,28.7,171.25,Critical
3832,2024-01-13,2024-01-16,2024-01-23,WH-C,Carrier-2,South,59.5,12.49,Express
3833,2025-02-17,2025-02-19,2025-02-27,WH-D,Carrier-2,North,51.0,145.63,Standard
3834,2026-08-11,2026-08-14,2026-08-19,WH-A,Carrier-3,East,63.7,234.24,Express
3835,2025-05-22,2025-05-30,2025-05-31,WH-A,Carrier-2,North,58.1,100.58,Express
3836,2025-07-19,2025-07-23,2025-07-28,WH-C,Carrier-3,North,75.8,121.57,Express
3837,2026-06-27,2026-06-29,2026-07-05,WH-B,Carrier-1,West,78.9,154.76,Critical
3838,2024-10-25,2024-10-29,2024-10-31,WH-A,Carrier-1,West,4.9,13.91,Standard
3839,2025-05-16,2025-05-24,2025-05-24,WH-D,Carrier-3,North,71.7,44.99,Standard
3840,2026-01-09,2026-01-17,2026-01-23,WH-B,Carrier-2,North,45.1,6.63,Critical
3841,2024-10-27,2024-11-01,2024-11-02,WH-A,Carrier-3,South,34.1,48.49,Standard
3842,2024-09-06,2024-09-12,2024-09-17,WH-B,Carrier-2,South,20.4,23.02,Standard
3843,2026-06-04,2026-06-12,2026-06-14,WH-D,Carrier-2,East,69.6,60.76,Express
3844,2025-05-04,2025-05-12,2025-05-11,WH-A,Carrier-3,East,13.3,142.41,Standard
3845,2026-05-14,2026-05-16,2026-05-17,WH-C,Carrier-3,West,73.1,38.97,Express
3846,2025-09-18,2025-09-22,2025-09-21,WH-C,Carrier-3,North,40.5,32.18,Critical
3847,2026-05-07,2026-05-15,2026-05-19,WH-A,Carrier-2,North,6.9,102.18,Critical
3848,2024-03-05,2024-03-12,2024-03-20,WH-D,Carrier-3,South,15.8,152.88,Express
3849,2025-07-11,2025-07-15,2025-07-13,WH-B,Carrier-3,West,64.6,80.45,Express
3850,2026-03-15,2026-03-22,2026-03-28,WH-D,Carrier-2,South,68.7,86.6,Express
3851,2025-10-09,2025-10-12,2025-10-15,WH-C,Carrier-3,West,25.5,115.82,Express
3852,2025-02-12,2025-02-14,2025-02-18,WH-D,Carrier-1,North,71.0,239.69,Critical
3853,2025-07-02,2025-07-07,2025-07-13,WH-D,Carrier-3,South,26.2,51.49,Standard
3854,2024-06-30,2024-07-05,2024-07-10,WH-C,Carrier-3,West,31.0,90.11,Standard
3855,2025-01-27,2025-01-29,2025-02-04,WH-A,Carrier-1,West,39.4,188.2,Express
3856,2024-05-15,2024-05-18,,WH-D,Carrier-2,East,64.9,197.18,Standard
3857,2025-12-11,2025-12-18,2025-12-23,WH-B,Carrier-3,West,20.6,117.51,Standard
3858,2025-07-19,2025-07-23,2025-07-30,WH-B,Carrier-1,East,38.2,4.34,Critical
3859,2024-11-27,2024-12-04,2024-12-06,WH-D,Carrier-1,West,74.0,4.47,Critical
3860,2026-08-07,2026-08-14,2026-08-18,WH-A,Carrier-1,South,60.6,222.98,Critical
3861,2025-02-15,2025-02-17,2025-02-22,WH-D,Carrier-2,West,12.1,155.96,Standard
3862,2025-04-15,2025-04-17,2025-04-22,WH-B,Carrier-3,North,1.0,208.56,Critical
3863,2026-08-06,2026-08-09,2026-08-17,WH-D,Carrier-3,South,57.4,187.85,Express
3864,2024-11-28,2024-12-01,2024-11-29,WH-A,Carrier-3,East,66.7,205.74,Standard
3865,2026-05-09,2026-05-17,2026-05-17,WH-B,Carrier-1,North,15.6,146.75,Standard
3866,2026-08-12,2026-08-15,2026-08-17,WH-B,Carrier-1,North,56.7,126.57,Express
3867,2025-11-04,2025-11-07,2025-11-10,WH-A,Carrier-2,West,27.9,205.24,Express
3868,2024-07-13,2024-07-19,2024-07-20,WH-D,Carrier-2,West,20.0,223.07,Express
3869,2026-01-08,2026-01-14,,WH-A,Carrier-1,East,5.7,134.67,Critical
3870,2024-10-02,2024-10-05,2024-10-12,WH-C,Carrier-1,North,76.1,37.08,Critical
3871,2024-04-07,2024-04-14,2024-04-14,WH-D,Carrier-1,North,62.4,102.82,Express
3872,2026-04-05,2026-04-11,2026-04-10,WH-A,Carrier-1,South,8.5,112.95,Critical
3873,2025-06-20,2025-06-27,2025-07-05,WH-D,Carrier-3,North,0.3,9.76,Express
3874,2025-01-21,2025-01-26,2025-01-25,WH-B,Carrier-1,West,23.6,28.97,Critical
3875,2026-08-04,2026-08-07,2026-08-15,WH-C,Carrier-2,South,73.7,134.72,Critical
3876,2025-03-03,2025-03-10,2025-03-16,WH-A,Carrier-2,East,50.7,194.37,Critical
3877,2024-08-08,2024-08-16,2024-08-14,WH-D,Carrier-2,North,36.5,201.76,Express
3878,2024-06-28,2024-06-30,2024-06-30,WH-B,Carrier-2,North,25.3,47.41,Standard
3879,2026-04-17,2026-04-25,2026-04-25,WH-A,Carrier-2,East,16.0,73.68,Critical
3880,2026-04-22,2026-04-25,2026-04-27,WH-D,Carrier-2,East,28.8,5.19,Express
3881,2024-04-30,2024-05-04,2024-05-07,WH-C,Carrier-3,West,46.2,180.47,Standard
3882,2026-08-02,2026-08-05,2026-08-07,WH-C,Carrier-2,West,29.7,129.54,Critical
3883,2024-08-29,2024-08-31,2024-09-05,WH-B,Carrier-1,West,6.9,36.19,Standard
3884,2025-08-25,2025-08-27,,WH-D,Carrier-2,West,14.4,53.11,Standard
3885,2024-01-13,2024-01-16,2024-01-16,WH-A,Carrier-2,South,26.8,90.54,Standard
3886,2025-04-08,2025-04-12,2025-04-20,WH-D,Carrier-1,East,64.4,14.71,Critical
3887,2025-02-24,2025-03-04,2025-03-10,WH-A,Carrier-1,East,36.0,149.81,Standard
3888,2025-08-22,2025-08-26,2025-08-27,WH-D,Carrier-2,South,24.1,36.99,Critical
3889,2025-03-11,2025-03-16,2025-03-19,WH-B,Carrier-2,North,44.1,66.74,Critical
3890,2024-01-29,2024-02-04,2024-02-12,WH-D,Carrier-2,East,4.0,19.07,Standard
3891,2024-03-21,2024-03-24,2024-04-01,WH-D,Carrier-2,West,69.9,142.57,Critical
3892,2026-03-14,2026-03-21,2026-03-21,WH-A,Carrier-3,West,54.8,101.56,Standard
3893,2024-02-25,2024-02-28,,WH-D,Carrier-1,South,16.5,212.1,Express
3894,2026-05-22,2026-05-28,2026-06-01,WH-D,Carrier-1,North,6.7,28.11,Express
3895,2024-08-04,2024-08-11,2024-08-16,WH-B,Carrier-1,West,31.0,34.87,Standard
3896,2025-05-29,2025-06-05,2025-06-12,WH-B,Carrier-2,West,78.3,225.57,Express
3897,2024-05-08,2024-05-10,,WH-D,Carrier-2,South,76.8,77.71,Standard
3898,2024-11-05,2024-11-07,2024-11-14,WH-D,Carrier-2,South,20.8,209.39,Standard
3899,2024-03-08,2024-03-11,2024-03-13,WH-D,Carrier-2,North,64.9,75.85,Express
3900,2025-08-23,2025-08-31,2025-08-31,WH-B,Carrier-3,East,73.2,222.08,Standard
3901,2025-08-13,2025-08-15,2025-08-20,WH-C,Carrier-2,South,39.8,108.71,Standard
3902,2026-07-17,2026-07-20,2026-07-20,WH-B,Carrier-1,South,6.9,203.38,Critical
3903,2024-06-08,2024-06-14,2024-06-20,WH-A,Carrier-3,East,28.7,43.82,Standard
3904,2025-03-19,2025-03-27,2025-03-27,WH-C,Carrier-1,North,58.3,217.27,Standard
3905,2026-01-24,2026-02-01,2026-02-03,WH-A,Carrier-3,North,29.0,199.82,Standard
3906,2025-07-21,2025-07-26,2025-08-01,WH-D,Carrier-3,East,29.1,183.32,Standard
3907,2025-05-09,2025-05-17,2025-05-16,WH-D,Carrier-2,West,12.1,152.88,Express
3908,2025-09-29,2025-10-01,2025-10-04,WH-A,Carrier-2,West,47.9,148.25,Critical
3909,2024-04-02,2024-04-04,2024-04-08,WH-B,Carrier-3,North,76.5,42.59,Express
3910,2024-03-22,2024-03-25,2024-03-27,WH-D,Carrier-1,East,9.4,134.79,Standard
3911,2026-01-17,2026-01-24,,WH-A,Carrier-2,East,17.7,107.69,Standard
3912,2026-07-12,2026-07-15,2026-07-13,WH-B,Carrier-3,South,2.1,48.34,Express
3913,2025-09-04,2025-09-09,2025-09-15,WH-C,Carrier-3,East,9.7,46.92,Critical
3914,2024-04-24,2024-04-28,,WH-A,Carrier-2,North,69.0,113.41,Critical
3915,2024-05-01,2024-05-04,2024-05-08,WH-A,Carrier-1,North,75.0,52.08,Express
3916,2025-01-23,2025-01-25,2025-01-24,WH-C,Carrier-1,North,4.3,33.82,Express
3917,2026-04-17,2026-04-24,2026-04-28,WH-C,Carrier-1,West,73.6,69.33,Express
3918,2025-05-03,2025-05-05,2025-05-13,WH-C,Carrier-3,South,7.0,194.71,Critical
3919,2025-07-11,2025-07-18,,WH-A,Carrier-2,East,72.3,22.91,Critical
3920,2024-04-10,2024-04-12,2024-04-19,WH-A,Carrier-2,South,32.6,183.5,Express
3921,2025-09-21,2025-09-23,2025-09-29,WH-C,Carrier-2,South,19.2,217.68,Critical
3922,2025-03-16,2025-03-19,2025-03-25,WH-D,Carrier-1,South,10.9,130.47,Express
3923,2026-05-15,2026-05-20,,WH-D,Carrier-1,East,26.6,140.99,Standard
3924,2026-08-04,2026-08-09,2026-08-14,WH-A,Carrier-2,West,79.6,20.27,Critical
3925,2026-02-09,2026-02-11,2026-02-15,WH-D,Carrier-2,South,28.3,114.45,Express
3926,2026-04-04,2026-04-09,2026-04-10,WH-B,Carrier-2,East,22.1,234.74,Critical
3927,2025-07-09,2025-07-17,2025-07-25,WH-B,Carrier-2,West,26.6,138.63,Express
3928,2026-07-24,2026-07-29,2026-07-27,WH-A,Carrier-1,East,57.2,144.51,Critical
3929,2024-02-17,2024-02-23,2024-02-26,WH-A,Carrier-3,East,37.4,231.01,Express
3930,2024-07-22,2024-07-30,2024-07-31,WH-C,Carrier-2,South,59.1,194.46,Critical
3931,2025-01-06,2025-01-13,2025-01-20,WH-A,Carrier-1,East,8.0,118.04,Express
3932,2024-03-02,2024-03-05,2024-03-12,WH-D,Carrier-3,West,39.4,104.52,Standard
3933,2025-12-31,2026-01-07,2026-01-15,WH-B,Carrier-2,East,61.5,193.04,Standard
3934,2026-01-01,2026-01-07,2026-01-12,WH-A,Carrier-3,East,68.2,52.19,Express
3935,2026-05-12,2026-05-20,2026-05-23,WH-C,Carrier-2,North,73.7,195.6,Express
3936,2024-07-18,2024-07-25,2024-07-23,WH-A,Carrier-3,North,77.4,235.44,Critical
3937,2024-03-20,2024-03-27,2024-03-26,WH-B,Carrier-1,West,25.1,206.12,Standard
3938,2024-08-18,2024-08-22,2024-08-24,WH-D,Carrier-2,North,11.0,195.0,Critical
3939,2025-09-09,2025-09-11,2025-09-17,WH-D,Carrier-1,South,15.4,29.52,Standard
3940,2025-03-28,2025-03-31,2025-04-07,WH-B,Carrier-3,East,47.6,182.94,Express
3941,2024-01-29,2024-02-05,2024-02-07,WH-B,Carrier-1,West,13.5,105.16,Express
3942,2026-02-22,2026-02-25,,WH-A,Carrier-1,North,41.3,202.12,Critical
3943,2025-09-22,2025-09-26,2025-09-28,WH-D,Carrier-1,East,35.7,116.93,Express
3944,2024-06-28,2024-07-02,2024-07-10,WH-A,Carrier-2,West,3.5,72.71,Critical
3945,2025-05-02,2025-05-05,,WH-C,Carrier-1,South,6.2,87.95,Standard
3946,2025-09-09,2025-09-13,2025-09-18,WH-D,Carrier-1,South,63.6,209.44,Express
3947,2025-12-02,2025-12-09,2025-12-12,WH-C,Carrier-3,West,8.1,81.06,Standard
3948,2024-08-26,2024-09-01,2024-08-31,WH-C,Carrier-2,East,47.4,230.78,Standard
3949,2024-05-01,2024-05-03,2024-05-02,WH-A,Carrier-3,North,49.2,160.42,Standard
3950,2025-12-12,2025-12-17,2025-12-16,WH-C,Carrier-3,North,72.8,133.52,Critical
3951,2024-06-07,2024-06-11,2024-06-10,WH-B,Carrier-3,North,21.2,67.22,Standard
3952,2024-02-16,2024-02-20,2024-02-27,WH-A,Carrier-2,East,40.0,215.72,Standard
3953,2026-06-28,2026-07-04,2026-07-11,WH-D,Carrier-3,North,3.9,44.22,Express
3954,2025-06-01,2025-06-06,2025-06-09,WH-A,Carrier-3,West,12.3,137.43,Express
3955,2026-07-08,2026-07-10,,WH-C,Carrier-1,West,36.4,192.73,Critical
3956,2024-06-15,2024-06-21,2024-06-24,WH-D,Carrier-2,West,13.9,20.33,Critical
3957,2024-06-07,2024-06-15,2024-06-16,WH-B,Carrier-1,West,12.7,164.79,Critical
3958,2026-05-19,2026-05-26,2026-05-27,WH-D,Carrier-2,North,39.0,100.88,Express
3959,2025-05-19,2025-05-23,2025-05-26,WH-A,Carrier-1,North,42.9,178.51,Express
3960,2024-08-10,2024-08-17,2024-08-19,WH-D,Carrier-3,West,15.3,16.21,Standard
3961,2024-04-07,2024-04-11,2024-04-10,WH-A,Carrier-1,North,42.3,110.5,Express
3962,2026-06-21,2026-06-24,2026-06-24,WH-B,Carrier-3,East,35.8,37.56,Standard
3963,2026-05-30,2026-06-02,2026-06-05,WH-A,Carrier-3,East,70.7,62.27,Critical
3964,2024-10-20,2024-10-23,2024-10-30,WH-B,Carrier-1,South,24.9,89.61,Standard
3965,2026-07-17,2026-07-25,2026-07-23,WH-C,Carrier-2,South,33.5,110.47,Critical
3966,2024-05-14,2024-05-19,2024-05-21,WH-B,Carrier-2,North,78.1,93.46,Critical
3967,2026-05-02,2026-05-04,,WH-A,Carrier-3,East,42.5,52.51,Express
3968,2024-06-07,2024-06-15,2024-06-16,WH-A,Carrier-1,East,63.1,201.06,Standard
3969,2024-08-31,2024-09-07,2024-09-06,WH-C,Carrier-3,West,28.2,11.88,Critical
3970,2025-08-20,2025-08-25,2025-08-28,WH-A,Carrier-3,North,66.0,230.42,Express
3971,2025-09-06,2025-09-08,2025-09-16,WH-C,Carrier-3,North,77.9,158.76,Standard
3972,2025-03-06,2025-03-11,2025-03-10,WH-B,Carrier-3,South,30.8,238.54,Standard
3973,2025-08-30,2025-09-02,2025-09-10,WH-C,Carrier-1,South,34.4,95.94,Standard
3974,2025-03-16,2025-03-20,2025-03-26,WH-D,Carrier-3,West,22.2,122.83,Critical
3975,2026-08-02,2026-08-08,2026-08-14,WH-D,Carrier-2,East,33.0,232.44,Express
3976,2025-09-13,2025-09-19,2025-09-23,WH-A,Carrier-3,South,72.0,235.76,Standard
3977,2026-08-03,2026-08-07,2026-08-12,WH-C,Carrier-3,West,53.7,93.11,Express
3978,2026-04-19,2026-04-26,2026-04-24,WH-B,Carrier-1,East,28.5,125.18,Standard
3979,2024-10-12,2024-10-19,2024-10-17,WH-B,Carrier-3,South,74.1,83.23,Express
3980,2024-09-25,2024-09-28,2024-10-02,WH-C,Carrier-1,South,75.4,173.38,Express
3981,2025-03-22,2025-03-29,2025-04-04,WH-C,Carrier-3,West,41.8,174.88,Critical
3982,2025-10-26,2025-11-02,2025-11-10,WH-A,Carrier-2,South,5.1,187.51,Critical
3983,2025-04-15,2025-04-18,2025-04-18,WH-D,Carrier-2,South,17.4,214.01,Standard
3984,2026-03-19,2026-03-26,2026-04-02,WH-C,Carrier-2,East,17.1,121.2,Standard
3985,2024-11-29,2024-12-03,2024-12-10,WH-D,Carrier-2,West,47.2,198.7,Express
3986,2026-01-07,2026-01-12,2026-01-10,WH-D,Carrier-1,North,3.7,122.86,Express
3987,2025-05-09,2025-05-11,2025-05-10,WH-B,Carrier-1,West,50.7,174.25,Express
3988,2025-04-18,2025-04-22,2025-04-21,WH-C,Carrier-3,East,67.7,66.9,Express
3989,2024-06-03,2024-06-10,2024-06-12,WH-D,Carrier-3,North,58.7,224.2,Standard
3990,2025-10-15,2025-10-21,2025-10-27,WH-B,Carrier-2,South,72.1,41.1,Critical
3991,2026-01-03,2026-01-05,2026-01-10,WH-A,Carrier-3,South,35.8,182.57,Standard
3992,2025-09-21,2025-09-28,2025-10-05,WH-D,Carrier-3,West,11.5,195.49,Critical
3993,2026-03-07,2026-03-11,2026-03-19,WH-C,Carrier-1,East,72.9,90.56,Standard
3994,2025-03-06,2025-03-13,2025-03-15,WH-B,Carrier-1,North,65.7,143.59,Express
3995,2025-11-04,2025-11-11,2025-11-18,WH-D,Carrier-2,West,12.7,150.21,Critical
3996,2025-12-05,2025-12-11,2025-12-11,WH-B,Carrier-3,East,33.2,114.77,Standard
3997,2025-07-10,2025-07-14,2025-07-21,WH-C,Carrier-2,East,42.4,82.85,Critical
3998,2025-04-28,2025-05-02,2025-05-01,WH-B,Carrier-1,South,12.6,16.35,Express
3999,2024-10-04,2024-10-12,2024-10-11,WH-A,Carrier-2,East,29.7,117.71,Standard
4000,2024-07-05,2024-07-13,2024-07-11,WH-C,Carrier-3,East,3.1,76.1,Express
4001,2024-10-31,2024-11-02,2024-11-06,WH-A,Carrier-1,North,18.1,161.76,Standard
4002,2026-04-10,2026-04-16,2026-04-14,WH-A,Carrier-2,West,63.1,67.49,Express
4003,2024-10-25,2024-11-01,2024-11-04,WH-C,Carrier-1,North,45.7,5.11,Critical
4004,2025-05-18,2025-05-23,2025-05-26,WH-B,Carrier-3,North,39.4,99.6,Standard
4005,2024-11-08,2024-11-16,2024-11-17,WH-D,Carrier-3,West,37.9,183.89,Express
4006,2025-10-23,2025-10-30,2025-11-07,WH-C,Carrier-3,West,10.0,156.57,Critical
4007,2025-05-20,2025-05-27,2025-05-26,WH-A,Carrier-1,North,13.8,161.22,Express
4008,2026-04-12,2026-04-14,2026-04-13,WH-B,Carrier-3,North,13.9,58.49,Standard
4009,2025-10-27,2025-11-01,2025-11-06,WH-A,Carrier-3,East,11.1,34.92,Critical
4010,2025-01-16,2025-01-22,2025-01-25,WH-D,Carrier-1,West,11.1,194.48,Critical
4011,2026-01-05,2026-01-09,2026-01-14,WH-C,Carrier-1,East,18.9,51.91,Standard
4012,2024-08-01,2024-08-09,2024-08-10,WH-A,Carrier-1,South,38.9,16.28,Critical
4013,2024-07-29,2024-08-06,2024-08-11,WH-D,Carrier-1,West,60.7,107.22,Critical
4014,2026-08-13,2026-08-17,2026-08-16,WH-A,Carrier-2,East,15.3,112.95,Standard
4015,2025-07-21,2025-07-27,2025-07-28,WH-A,Carrier-3,East,60.2,174.14,Standard
4016,2025-07-07,2025-07-10,2025-07-16,WH-C,Carrier-2,West,4.1,73.45,Critical
4017,2024-10-12,2024-10-17,2024-10-24,WH-C,Carrier-2,West,55.4,176.03,Standard
4018,2025-05-13,2025-05-19,2025-05-22,WH-C,Carrier-3,East,77.2,19.57,Express
4019,2026-04-13,2026-04-15,2026-04-19,WH-B,Carrier-1,North,51.6,76.43,Critical
4020,2024-12-14,2024-12-22,2024-12-29,WH-B,Carrier-3,South,69.2,144.89,Express
4021,2025-06-16,2025-06-24,2025-06-28,WH-A,Carrier-2,North,40.9,200.78,Express
4022,2024-11-02,2024-11-05,2024-11-11,WH-B,Carrier-2,East,5.7,184.42,Critical
4023,2026-08-02,2026-08-06,2026-08-13,WH-B,Carrier-3,South,5.2,160.21,Express
4024,2025-08-08,2025-08-14,2025-08-18,WH-B,Carrier-3,South,0.6,192.68,Express
4025,2024-09-06,2024-09-08,2024-09-16,WH-D,Carrier-1,East,70.7,208.92,Critical
4026,2025-07-26,2025-07-28,2025-07-30,WH-C,Carrier-3,North,63.6,73.84,Critical
4027,2025-03-24,2025-03-26,2025-03-27,WH-D,Carrier-2,East,3.5,220.92,Critical
4028,2026-04-21,2026-04-23,2026-04-29,WH-C,Carrier-2,North,62.1,143.06,Critical
4029,2024-02-20,2024-02-24,2024-02-27,WH-A,Carrier-2,North,48.2,237.01,Critical
4030,2025-10-21,2025-10-25,2025-10-24,WH-D,Carrier-1,East,4.2,88.52,Express
4031,2026-05-06,2026-05-12,2026-05-17,WH-D,Carrier-3,South,78.4,183.63,Critical
4032,2024-01-05,2024-01-12,2024-01-18,WH-B,Carrier-2,South,44.1,72.67,Critical
4033,2024-01-12,2024-01-14,2024-01-17,WH-C,Carrier-2,North,19.8,125.85,Critical
4034,2026-06-02,2026-06-08,2026-06-10,WH-C,Carrier-1,West,52.0,38.88,Standard
4035,2024-11-04,2024-11-07,2024-11-07,WH-C,Carrier-1,North,14.2,156.0,Express
4036,2026-01-01,2026-01-09,2026-01-13,WH-B,Carrier-2,South,56.7,127.24,Critical
4037,2024-06-25,2024-07-03,2024-07-04,WH-D,Carrier-2,South,57.2,29.31,Critical
4038,2026-07-18,2026-07-22,2026-07-25,WH-A,Carrier-3,West,47.0,77.1,Express
4039,2026-02-01,2026-02-08,2026-02-15,WH-A,Carrier-2,West,67.4,11.52,Standard
4040,2025-06-15,2025-06-19,2025-06-23,WH-D,Carrier-3,North,12.9,68.62,Express
4041,2025-04-20,2025-04-27,2025-05-04,WH-A,Carrier-3,West,77.4,219.11,Express
4042,2024-07-01,2024-07-05,2024-07-09,WH-A,Carrier-2,West,79.6,205.6,Express
4043,2026-08-06,2026-08-14,2026-08-18,WH-C,Carrier-2,South,2.4,19.66,Express
4044,2026-02-23,2026-03-01,2026-03-05,WH-D,Carrier-2,North,69.3,48.91,Standard
4045,2025-08-05,2025-08-09,2025-08-17,WH-A,Carrier-1,South,65.4,112.51,Standard
4046,2025-12-07,2025-12-15,2025-12-16,WH-D,Carrier-2,North,27.3,79.61,Critical
4047,2025-01-13,2025-01-17,2025-01-20,WH-D,Carrier-1,South,69.2,167.2,Critical
4048,2024-07-22,2024-07-28,2024-07-26,WH-D,Carrier-2,North,74.6,148.4,Express
4049,2025-02-18,2025-02-22,2025-02-28,WH-A,Carrier-1,West,54.2,132.38,Standard
4050,2026-05-30,2026-06-01,2026-06-03,WH-C,Carrier-3,East,69.2,115.44,Express
4051,2024-12-19,2024-12-26,2024-12-28,WH-D,Carrier-2,West,8.8,87.75,Express
4052,2026-06-14,2026-06-18,2026-06-17,WH-B,Carrier-1,West,32.9,211.69,Standard
4053,2024-09-02,2024-09-09,2024-09-07,WH-B,Carrier-2,South,77.3,109.63,Express
4054,2024-02-18,2024-02-26,2024-02-25,WH-C,Carrier-3,North,48.6,145.34,Critical
4055,2026-02-26,2026-03-02,2026-03-10,WH-B,Carrier-3,West,78.3,229.53,Express
4056,2024-02-20,2024-02-25,2024-02-26,WH-C,Carrier-2,South,22.5,58.89,Express
4057,2026-01-24,2026-02-01,2026-01-30,WH-D,Carrier-2,West,79.0,238.54,Express
4058,2025-08-01,2025-08-03,2025-08-06,WH-A,Carrier-3,West,77.3,198.99,Critical
4059,2025-01-14,2025-01-16,2025-01-22,WH-A,Carrier-1,East,3.7,8.28,Express
4060,2024-04-30,2024-05-05,2024-05-05,WH-A,Carrier-1,South,73.7,31.5,Critical
4061,2025-02-01,2025-02-05,2025-02-07,WH-C,Carrier-2,South,61.6,62.44,Critical
4062,2026-06-18,2026-06-22,2026-06-26,WH-B,Carrier-1,North,20.3,73.27,Standard
4063,2024-07-27,2024-08-03,2024-08-04,WH-A,Carrier-3,South,35.0,142.76,Standard
4064,2025-10-28,2025-11-01,2025-10-31,WH-A,Carrier-1,East,30.7,35.93,Standard
4065,2026-06-27,2026-07-03,2026-07-09,WH-C,Carrier-3,South,14.3,112.49,Standard
4066,2025-04-20,2025-04-27,2025-04-26,WH-D,Carrier-1,East,57.6,235.29,Critical
4067,2024-02-26,2024-02-29,2024-03-05,WH-A,Carrier-1,South,70.3,9.16,Standard
4068,2025-08-25,2025-08-30,2025-09-06,WH-A,Carrier-2,North,37.3,16.44,Express
4069,2025-11-06,2025-11-09,2025-11-08,WH-C,Carrier-1,East,32.5,10.54,Critical
4070,2024-07-20,2024-07-27,2024-08-03,WH-B,Carrier-1,West,22.4,102.54,Express
4071,2024-03-30,2024-04-04,,WH-B,Carrier-3,West,67.8,229.2,Standard
4072,2025-09-13,2025-09-21,2025-09-24,WH-D,Carrier-2,East,70.7,119.45,Express
4073,2026-05-30,2026-06-07,2026-06-09,WH-A,Carrier-3,West,46.2,138.3,Express
4074,2025-02-18,2025-02-23,2025-03-01,WH-A,Carrier-2,South,71.9,83.04,Express
4075,2025-04-29,2025-05-04,2025-05-07,WH-C,Carrier-2,West,47.5,116.75,Critical
4076,2025-03-23,2025-03-31,2025-04-02,WH-A,Carrier-3,North,71.1,47.12,Express
4077,2026-01-01,2026-01-08,2026-01-07,WH-C,Carrier-1,North,41.4,174.46,Standard
4078,2026-02-08,2026-02-16,2026-02-23,WH-C,Carrier-3,East,19.6,230.45,Express
4079,2025-09-04,2025-09-10,2025-09-11,WH-B,Carrier-3,South,49.9,205.49,Express
4080,2024-09-11,2024-09-14,,WH-B,Carrier-3,South,12.1,187.13,Standard
4081,2025-09-30,2025-10-02,2025-10-06,WH-D,Carrier-1,East,54.4,91.69,Express
4082,2026-01-20,2026-01-25,2026-01-30,WH-B,Carrier-2,East,40.7,204.89,Express
4083,2024-07-16,2024-07-22,2024-07-29,WH-B,Carrier-3,South,35.0,46.47,Express
4084,2024-01-26,2024-01-30,2024-02-06,WH-A,Carrier-3,West,53.8,73.34,Critical
4085,2024-08-29,2024-09-06,2024-09-11,WH-B,Carrier-3,West,56.3,201.13,Standard
4086,2026-07-12,2026-07-20,2026-07-28,WH-C,Carrier-3,East,43.4,100.56,Standard
4087,2026-03-24,2026-03-26,2026-03-28,WH-A,Carrier-3,West,70.4,23.02,Critical
4088,2024-08-28,2024-09-04,2024-09-12,WH-D,Carrier-2,West,24.4,21.48,Standard
4089,2024-07-08,2024-07-13,2024-07-12,WH-B,Carrier-3,North,57.6,20.07,Standard
4090,2024-05-05,2024-05-08,2024-05-16,WH-C,Carrier-1,West,38.7,213.83,Standard
4091,2024-08-25,2024-08-30,2024-09-01,WH-C,Carrier-1,North,71.4,12.49,Critical
4092,2024-04-22,2024-04-25,2024-05-02,WH-D,Carrier-3,West,78.7,136.29,Critical
4093,2025-09-11,2025-09-17,2025-09-25,WH-C,Carrier-1,North,41.1,57.46,Express
4094,2024-06-25,2024-06-30,2024-07-03,WH-D,Carrier-1,East,22.3,18.0,Express
4095,2025-11-26,2025-11-29,2025-11-27,WH-B,Carrier-2,South,64.5,112.68,Standard
4096,2024-12-13,2024-12-19,2024-12-18,WH-C,Carrier-3,East,73.6,200.81,Critical
4097,2025-04-29,2025-05-01,2025-05-06,WH-D,Carrier-2,North,29.9,36.35,Express
4098,2025-03-01,2025-03-06,2025-03-10,WH-D,Carrier-3,South,70.8,37.55,Standard
4099,2026-01-10,2026-01-16,2026-01-16,WH-D,Carrier-2,East,14.0,80.38,Critical
4100,2024-12-22,2024-12-29,2025-01-02,WH-C,Carrier-3,South,25.4,59.24,Express
4101,2025-04-22,2025-04-26,2025-04-29,WH-B,Carrier-1,West,1.7,105.9,Critical
4102,2025-12-26,2025-12-31,2026-01-04,WH-B,Carrier-1,West,45.7,231.54,Standard
4103,2025-11-25,2025-12-02,2025-12-09,WH-D,Carrier-2,East,41.4,137.79,Critical
4104,2024-06-23,2024-06-25,2024-06-24,WH-D,Carrier-2,South,48.3,239.09,Critical
4105,2026-07-24,2026-07-28,2026-07-29,WH-C,Carrier-1,East,51.1,126.71,Critical
4106,2024-03-03,2024-03-10,2024-03-13,WH-C,Carrier-3,North,57.0,195.29,Critical
4107,2026-01-18,2026-01-21,2026-01-25,WH-A,Carrier-1,North,32.3,71.94,Standard
4108,2024-11-04,2024-11-10,2024-11-15,WH-B,Carrier-3,South,79.4,182.65,Critical
4109,2025-09-05,2025-09-10,2025-09-14,WH-B,Carrier-2,East,50.2,111.52,Standard
4110,2026-04-15,2026-04-20,2026-04-25,WH-B,Carrier-1,West,9.5,57.67,Standard
4111,2024-10-05,2024-10-11,2024-10-18,WH-C,Carrier-1,West,1.6,34.66,Critical
4112,2026-08-08,2026-08-12,2026-08-12,WH-A,Carrier-3,North,58.6,191.79,Express
4113,2024-11-03,2024-11-07,2024-11-07,WH-C,Carrier-2,West,40.9,171.4,Express
4114,2024-07-15,2024-07-23,2024-07-28,WH-C,Carrier-2,East,34.1,76.36,Critical
4115,2025-06-18,2025-06-20,2025-06-22,WH-C,Carrier-3,West,57.3,178.29,Express
4116,2024-12-25,2024-12-27,2024-12-30,WH-D,Carrier-1,South,24.3,109.34,Standard
4117,2025-04-28,2025-05-01,2025-05-01,WH-D,Carrier-1,West,3.7,100.2,Standard
4118,2026-08-27,2026-08-31,2026-09-08,WH-C,Carrier-1,North,30.2,161.47,Express
4119,2025-08-16,2025-08-24,2025-08-26,WH-A,Carrier-2,West,23.7,158.62,Express
4120,2024-11-01,2024-11-03,2024-11-09,WH-A,Carrier-3,South,17.3,38.57,Express
4121,2025-04-26,2025-05-01,2025-05-03,WH-C,Carrier-3,South,64.0,156.6,Express
4122,2024-07-07,2024-07-13,2024-07-18,WH-D,Carrier-1,North,30.6,63.43,Express
4123,2024-06-13,2024-06-19,2024-06-22,WH-C,Carrier-1,West,16.0,72.41,Standard
4124,2026-03-26,2026-04-02,2026-04-04,WH-D,Carrier-1,East,27.1,190.13,Express
4125,2025-01-04,2025-01-11,2025-01-10,WH-C,Carrier-1,North,43.6,203.53,Standard
4126,2024-04-29,2024-05-04,2024-05-02,WH-B,Carrier-3,East,75.1,209.9,Standard
4127,2025-07-14,2025-07-16,2025-07-18,WH-C,Carrier-2,East,25.1,28.3,Express
4128,2024-04-22,2024-04-27,2024-05-02,WH-B,Carrier-3,North,59.9,43.52,Critical
4129,2026-02-21,2026-03-01,2026-03-09,WH-B,Carrier-2,South,0.9,99.92,Express
4130,2026-04-22,2026-04-28,2026-04-28,WH-D,Carrier-2,South,1.5,213.75,Express
4131,2024-01-29,2024-02-06,2024-02-10,WH-A,Carrier-3,South,66.5,18.8,Critical
4132,2026-04-23,2026-04-25,2026-05-02,WH-A,Carrier-1,South,52.7,16.15,Express
4133,2026-03-11,2026-03-19,2026-03-19,WH-A,Carrier-2,South,70.9,19.93,Standard
4134,2025-06-23,2025-06-30,2025-06-28,WH-A,Carrier-1,East,72.5,39.73,Express
4135,2024-11-30,2024-12-04,2024-12-12,WH-A,Carrier-2,East,7.3,12.56,Critical
4136,2026-03-17,2026-03-23,2026-03-29,WH-B,Carrier-1,West,70.5,138.52,Critical
4137,2024-12-14,2024-12-22,,WH-C,Carrier-3,East,39.7,68.54,Standard
4138,2024-02-09,2024-02-11,2024-02-14,WH-A,Carrier-2,South,17.8,25.98,Critical
4139,2026-07-22,2026-07-27,2026-07-29,WH-A,Carrier-2,East,53.9,19.61,Express
4140,2024-08-14,2024-08-16,2024-08-23,WH-D,Carrier-2,South,19.3,39.6,Critical
4141,2024-01-23,2024-01-30,2024-02-01,WH-D,Carrier-1,South,73.7,201.72,Critical
4142,2024-06-02,2024-06-10,2024-06-10,WH-C,Carrier-2,South,32.3,98.59,Critical
4143,2024-03-28,2024-03-30,2024-04-03,WH-C,Carrier-1,South,59.2,26.16,Standard
4144,2026-07-02,2026-07-04,2026-07-10,WH-A,Carrier-1,North,33.6,224.2,Standard
4145,2025-01-27,2025-02-03,2025-02-02,WH-A,Carrier-3,West,24.7,194.89,Critical
4146,2025-12-28,2025-12-30,2025-12-29,WH-B,Carrier-1,West,45.0,98.95,Express
4147,2024-05-19,2024-05-23,2024-05-28,WH-D,Carrier-1,East,25.1,16.96,Express
4148,2026-01-25,2026-01-31,2026-02-07,WH-D,Carrier-3,East,43.4,45.98,Express
4149,2024-01-11,2024-01-15,2024-01-19,WH-C,Carrier-3,East,45.4,206.31,Standard
4150,2024-10-22,2024-10-29,2024-11-04,WH-B,Carrier-2,West,76.8,104.57,Critical
4151,2026-06-29,2026-07-06,2026-07-10,WH-A,Carrier-1,North,80.0,55.13,Express
4152,2026-08-10,2026-08-12,2026-08-19,WH-A,Carrier-1,North,75.8,8.71,Critical
4153,2025-01-25,2025-01-30,2025-01-29,WH-D,Carrier-2,East,53.1,29.33,Express
4154,2026-01-17,2026-01-23,2026-01-22,WH-A,Carrier-2,South,71.1,79.46,Critical
4155,2025-04-06,2025-04-10,,WH-C,Carrier-2,South,69.7,122.32,Express
4156,2025-04-15,2025-04-22,2025-04-22,WH-D,Carrier-3,South,66.1,136.1,Express
4157,2024-12-19,2024-12-22,2024-12-28,WH-A,Carrier-2,West,33.0,46.69,Standard
4158,2026-05-11,2026-05-17,2026-05-23,WH-B,Carrier-3,South,21.0,135.73,Standard
4159,2025-06-09,2025-06-17,2025-06-19,WH-C,Carrier-3,East,26.2,230.59,Express
4160,2024-09-06,2024-09-09,,WH-D,Carrier-2,North,56.4,24.6,Standard
4161,2025-03-15,2025-03-18,2025-03-23,WH-D,Carrier-3,East,42.7,222.44,Standard
4162,2026-03-08,2026-03-13,2026-03-12,WH-A,Carrier-2,South,28.3,85.61,Express
4163,2026-04-12,2026-04-17,2026-04-18,WH-D,Carrier-1,North,2.1,43.05,Express
4164,2024-12-25,2025-01-01,2025-01-01,WH-D,Carrier-1,West,63.1,97.19,Express
4165,2025-11-07,2025-11-14,2025-11-14,WH-D,Carrier-1,North,60.4,151.73,Critical
4166,2024-07-17,2024-07-23,,WH-C,Carrier-1,West,42.2,171.52,Critical
4167,2025-09-13,2025-09-19,2025-09-19,WH-B,Carrier-3,South,67.8,223.0,Express
4168,2026-05-20,2026-05-24,2026-05-26,WH-B,Carrier-2,South,28.8,104.65,Express
4169,2025-11-26,2025-12-01,2025-12-01,WH-D,Carrier-1,West,7.1,100.95,Critical
4170,2024-05-06,2024-05-12,2024-05-11,WH-A,Carrier-1,West,30.8,185.76,Critical
4171,2025-02-14,2025-02-17,2025-02-20,WH-D,Carrier-3,South,62.9,89.51,Standard
4172,2026-05-30,2026-06-07,2026-06-08,WH-B,Carrier-1,East,74.8,228.09,Express
4173,2024-08-14,2024-08-18,2024-08-19,WH-D,Carrier-3,North,22.8,125.89,Critical
4174,2025-02-17,2025-02-24,2025-03-02,WH-B,Carrier-1,South,64.3,70.04,Express
4175,2025-06-15,2025-06-19,2025-06-25,WH-C,Carrier-3,East,37.4,135.79,Standard
4176,2025-12-05,2025-12-12,2025-12-19,WH-A,Carrier-2,East,2.9,121.16,Critical
4177,2025-12-22,2025-12-24,2025-12-28,WH-D,Carrier-3,East,58.4,10.66,Critical
4178,2025-05-12,2025-05-20,2025-05-19,WH-C,Carrier-1,West,18.4,147.44,Critical
4179,2025-10-02,2025-10-08,2025-10-13,WH-B,Carrier-3,South,79.4,10.36,Standard
4180,2024-04-24,2024-05-01,2024-05-07,WH-A,Carrier-3,East,34.1,156.77,Standard
4181,2024-05-01,2024-05-07,2024-05-13,WH-B,Carrier-2,East,55.6,239.39,Express
4182,2026-06-08,2026-06-16,2026-06-20,WH-A,Carrier-2,North,13.7,101.47,Standard
4183,2025-10-15,2025-10-19,2025-10-18,WH-B,Carrier-3,East,24.0,93.69,Critical
4184,2024-07-31,2024-08-02,2024-07-31,WH-D,Carrier-1,West,14.6,235.73,Critical
4185,2026-06-16,2026-06-24,2026-07-01,WH-C,Carrier-3,North,72.4,199.73,Standard
4186,2025-10-15,2025-10-23,2025-10-29,WH-B,Carrier-2,South,63.3,91.71,Standard
4187,2024-07-20,2024-07-28,2024-08-04,WH-C,Carrier-2,East,34.0,194.38,Critical
4188,2026-06-01,2026-06-09,2026-06-12,WH-A,Carrier-2,South,24.4,43.85,Express
4189,2026-07-03,2026-07-11,2026-07-12,WH-A,Carrier-2,South,39.0,161.99,Standard
4190,2026-04-19,2026-04-26,2026-05-02,WH-B,Carrier-2,South,45.6,4.75,Express
4191,2025-04-15,2025-04-18,2025-04-21,WH-B,Carrier-3,West,20.2,106.18,Critical
4192,2024-07-01,2024-07-07,,WH-B,Carrier-3,East,3.5,96.75,Standard
4193,2025-12-21,2025-12-25,2025-12-24,WH-B,Carrier-3,West,44.2,87.03,Standard
4194,2024-11-01,2024-11-08,2024-11-16,WH-C,Carrier-1,East,47.3,104.08,Critical
4195,2025-10-11,2025-10-15,,WH-D,Carrier-3,West,16.9,47.75,Express
4196,2024-02-23,2024-02-27,2024-02-27,WH-C,Carrier-3,South,15.9,159.25,Express
4197,2026-07-15,2026-07-18,2026-07-25,WH-B,Carrier-3,North,14.6,160.89,Critical
4198,2024-06-07,2024-06-09,2024-06-16,WH-C,Carrier-2,South,71.8,48.28,Express
4199,2024-11-25,2024-11-29,2024-12-02,WH-D,Carrier-3,East,42.5,61.34,Critical
4200,2024-05-10,2024-05-15,2024-05-16,WH-C,Carrier-2,North,42.6,145.77,Critical
4201,2025-05-05,2025-05-10,2025-05-10,WH-D,Carrier-2,South,70.6,42.79,Critical
4202,2024-08-20,2024-08-23,2024-08-31,WH-C,Carrier-3,East,6.1,200.89,Standard
4203,2024-03-09,2024-03-14,2024-03-13,WH-D,Carrier-1,East,67.5,193.31,Standard
4204,2025-08-15,2025-08-20,2025-08-23,WH-B,Carrier-2,East,20.9,178.81,Standard
4205,2024-10-27,2024-10-30,2024-10-31,WH-B,Carrier-2,South,43.8,150.29,Express
4206,2026-05-21,2026-05-25,2026-05-24,WH-D,Carrier-1,South,62.4,194.93,Standard
4207,2025-04-05,2025-04-12,2025-04-11,WH-A,Carrier-2,West,53.7,213.48,Express
4208,2024-10-04,2024-10-09,2024-10-12,WH-C,Carrier-2,East,30.9,99.79,Standard
4209,2024-09-02,2024-09-08,2024-09-09,WH-D,Carrier-1,East,33.3,133.08,Express
4210,2026-01-28,2026-02-01,2026-02-01,WH-A,Carrier-3,East,58.9,53.42,Standard
4211,2024-11-07,2024-11-13,2024-11-18,WH-B,Carrier-3,North,8.4,44.38,Critical
4212,2026-08-10,2026-08-15,2026-08-16,WH-A,Carrier-1,West,31.3,175.23,Standard
4213,2025-01-26,2025-02-02,2025-02-01,WH-B,Carrier-1,North,18.6,12.87,Critical
4214,2024-06-16,2024-06-20,2024-06-28,WH-C,Carrier-2,North,30.1,64.79,Standard
4215,2024-01-21,2024-01-26,2024-01-30,WH-A,Carrier-2,South,64.7,180.88,Express
4216,2025-05-09,2025-05-11,2025-05-18,WH-B,Carrier-2,North,13.4,168.56,Express
4217,2025-12-14,2025-12-17,2025-12-15,WH-A,Carrier-3,South,62.7,17.52,Express
4218,2024-12-11,2024-12-16,,WH-A,Carrier-2,North,15.7,19.01,Standard
4219,2025-07-06,2025-07-11,2025-07-12,WH-D,Carrier-2,North,17.1,108.53,Standard
4220,2024-02-04,2024-02-10,,WH-D,Carrier-2,South,62.6,112.17,Standard
4221,2026-06-16,2026-06-20,2026-06-22,WH-A,Carrier-1,North,32.3,153.98,Critical
4222,2024-05-30,2024-06-01,2024-06-07,WH-D,Carrier-2,South,63.8,98.47,Express
4223,2025-04-01,2025-04-07,,WH-D,Carrier-3,North,37.8,200.12,Critical
4224,2024-12-31,2025-01-03,2025-01-11,WH-C,Carrier-3,South,43.9,170.29,Standard
4225,2024-10-28,2024-10-30,2024-11-06,WH-C,Carrier-3,West,78.5,145.7,Critical
4226,2024-09-08,2024-09-15,2024-09-16,WH-B,Carrier-3,South,6.6,151.9,Critical
4227,2024-04-20,2024-04-27,,WH-B,Carrier-3,North,29.2,156.5,Critical
4228,2025-06-11,2025-06-17,2025-06-15,WH-A,Carrier-2,North,46.6,99.26,Critical
4229,2026-08-09,2026-08-13,2026-08-14,WH-A,Carrier-2,South,64.5,187.6,Express
4230,2025-11-01,2025-11-09,2025-11-12,WH-D,Carrier-1,South,23.0,89.26,Critical
4231,2024-03-15,2024-03-23,2024-03-23,WH-B,Carrier-1,South,67.7,11.56,Critical
4232,2025-05-12,2025-05-16,2025-05-23,WH-B,Carrier-3,South,67.6,114.88,Express
4233,2024-09-06,2024-09-10,2024-09-15,WH-D,Carrier-2,West,70.4,73.81,Critical
4234,2025-07-01,2025-07-08,2025-07-09,WH-A,Carrier-2,South,14.3,53.72,Standard
4235,2025-08-05,2025-08-11,2025-08-14,WH-A,Carrier-2,West,52.1,56.82,Express
4236,2026-01-02,2026-01-09,2026-01-16,WH-D,Carrier-3,West,60.3,71.89,Standard
4237,2025-11-27,2025-12-02,2025-12-05,WH-B,Carrier-1,West,39.9,225.6,Standard
4238,2026-07-21,2026-07-28,2026-08-03,WH-A,Carrier-2,North,16.6,60.71,Critical
4239,2025-11-10,2025-11-13,2025-11-13,WH-B,Carrier-2,South,8.7,30.05,Express
4240,2025-09-21,2025-09-25,2025-09-28,WH-B,Carrier-2,North,23.1,145.04,Critical
4241,2024-06-29,2024-07-04,,WH-B,Carrier-2,West,29.5,130.49,Standard
4242,2024-07-06,2024-07-11,2024-07-19,WH-D,Carrier-1,West,79.7,26.01,Express
4243,2026-01-31,2026-02-02,2026-01-31,WH-B,Carrier-1,North,74.3,230.29,Express
4244,2024-08-04,2024-08-07,2024-08-12,WH-D,Carrier-3,South,29.3,33.05,Standard
4245,2024-07-08,2024-07-16,2024-07-17,WH-C,Carrier-1,South,67.5,214.62,Express
4246,2026-07-29,2026-08-04,2026-08-02,WH-B,Carrier-1,West,75.8,195.97,Standard
4247,2026-07-22,2026-07-26,2026-07-24,WH-A,Carrier-1,East,39.5,37.43,Standard
4248,2024-06-06,2024-06-09,2024-06-10,WH-B,Carrier-3,East,12.4,219.05,Critical
4249,2025-03-04,2025-03-09,2025-03-15,WH-A,Carrier-1,East,61.4,130.3,Standard
4250,2026-05-08,2026-05-13,2026-05-11,WH-D,Carrier-1,South,51.4,146.35,Critical
4251,2024-11-17,2024-11-19,2024-11-20,WH-D,Carrier-3,East,17.3,192.18,Standard
4252,2024-09-07,2024-09-12,2024-09-10,WH-B,Carrier-1,East,60.1,91.71,Express
4253,2025-11-08,2025-11-14,2025-11-21,WH-C,Carrier-1,South,67.1,94.81,Critical
4254,2026-08-20,2026-08-22,2026-08-30,WH-A,Carrier-1,East,18.9,10.73,Express
4255,2024-08-30,2024-09-03,2024-09-02,WH-A,Carrier-1,East,18.3,36.52,Critical
4256,2025-08-20,2025-08-22,2025-08-23,WH-B,Carrier-3,North,6.7,159.36,Critical
4257,2026-01-23,2026-01-28,2026-01-30,WH-A,Carrier-1,North,39.3,205.19,Critical
4258,2025-04-18,2025-04-23,2025-04-27,WH-B,Carrier-2,West,9.4,168.59,Express
4259,2025-05-04,2025-05-08,2025-05-11,WH-C,Carrier-3,East,48.3,121.99,Standard
4260,2026-04-01,2026-04-03,2026-04-06,WH-B,Carrier-1,West,75.8,230.33,Standard
4261,2025-07-19,2025-07-27,2025-07-31,WH-D,Carrier-1,South,42.1,46.44,Standard
4262,2025-11-11,2025-11-13,2025-11-19,WH-D,Carrier-2,South,13.8,235.22,Standard
4263,2024-02-23,2024-03-02,2024-03-07,WH-D,Carrier-2,East,1.6,23.45,Critical
4264,2024-12-12,2024-12-17,2024-12-20,WH-A,Carrier-2,East,51.3,207.01,Express
4265,2025-09-23,2025-09-30,2025-10-01,WH-D,Carrier-2,North,35.3,19.41,Standard
4266,2026-06-17,2026-06-21,2026-06-22,WH-A,Carrier-3,East,45.3,177.56,Critical
4267,2024-02-10,2024-02-16,2024-02-24,WH-B,Carrier-3,South,27.1,65.81,Critical
4268,2024-03-07,2024-03-12,2024-03-16,WH-A,Carrier-2,South,59.9,59.18,Express
4269,2026-02-19,2026-02-25,,WH-A,Carrier-2,East,76.4,83.41,Express
4270,2025-02-18,2025-02-26,2025-03-06,WH-C,Carrier-2,East,60.0,167.06,Standard
4271,2026-02-13,2026-02-19,2026-02-27,WH-C,Carrier-1,West,48.0,181.39,Express
4272,2025-04-11,2025-04-15,2025-04-14,WH-B,Carrier-1,North,79.8,14.49,Express
4273,2026-01-26,2026-01-28,2026-01-29,WH-C,Carrier-1,South,69.7,94.86,Standard
4274,2026-07-05,2026-07-10,2026-07-10,WH-C,Carrier-3,North,68.1,14.52,Critical
4275,2025-11-21,2025-11-29,2025-12-04,WH-B,Carrier-2,West,54.7,35.75,Standard
4276,2024-07-05,2024-07-09,2024-07-15,WH-B,Carrier-3,East,19.3,107.83,Express
4277,2026-03-15,2026-03-18,2026-03-20,WH-A,Carrier-1,South,36.5,103.75,Critical
4278,2025-11-10,2025-11-18,2025-11-24,WH-A,Carrier-3,South,21.3,142.27,Standard
4279,2024-12-06,2024-12-12,2024-12-13,WH-D,Carrier-3,North,0.7,97.36,Standard
4280,2026-01-24,2026-01-27,2026-02-02,WH-D,Carrier-2,North,9.4,102.62,Critical
4281,2024-05-19,2024-05-24,2024-05-24,WH-B,Carrier-1,South,51.6,218.02,Express
4282,2026-04-15,2026-04-19,,WH-D,Carrier-2,North,6.5,162.7,Express
4283,2024-02-14,2024-02-21,2024-02-20,WH-A,Carrier-1,West,62.3,140.28,Express
4284,2025-02-20,2025-02-24,2025-03-01,WH-D,Carrier-3,North,70.4,10.2,Standard
4285,2024-03-03,2024-03-05,2024-03-11,WH-A,Carrier-3,North,43.7,197.84,Standard
4286,2026-06-01,2026-06-05,2026-06-04,WH-B,Carrier-1,South,42.9,54.58,Express
4287,2025-04-23,2025-04-30,2025-05-06,WH-B,Carrier-2,West,55.8,140.86,Standard
4288,2024-02-20,2024-02-23,,WH-A,Carrier-1,West,64.0,86.0,Express
4289,2024-05-01,2024-05-09,2024-05-09,WH-D,Carrier-1,North,48.0,107.66,Standard
4290,2024-02-27,2024-03-04,2024-03-06,WH-C,Carrier-1,East,26.0,98.74,Express
4291,2024-10-30,2024-11-04,2024-11-05,WH-A,Carrier-3,North,40.4,36.55,Standard
4292,2026-08-21,2026-08-29,2026-08-28,WH-C,Carrier-3,West,45.5,172.44,Critical
4293,2024-10-18,2024-10-26,,WH-D,Carrier-1,West,66.0,104.01,Critical
4294,2024-10-19,2024-10-23,2024-10-21,WH-A,Carrier-2,East,55.0,97.86,Standard
4295,2025-01-29,2025-02-04,2025-02-02,WH-A,Carrier-1,West,33.2,118.35,Express
4296,2026-04-05,2026-04-10,2026-04-18,WH-C,Carrier-3,West,20.7,228.31,Critical
4297,2025-04-09,2025-04-12,,WH-C,Carrier-3,South,78.2,78.91,Standard
4298,2025-06-11,2025-06-17,2025-06-19,WH-B,Carrier-2,North,67.3,88.58,Critical
4299,2024-07-26,2024-07-30,2024-08-03,WH-B,Carrier-3,South,34.2,73.38,Critical
4300,2024-02-15,2024-02-18,2024-02-25,WH-D,Carrier-3,West,78.0,89.28,Critical
4301,2025-04-10,2025-04-17,2025-04-25,WH-D,Carrier-2,South,65.6,121.61,Express
4302,2025-06-22,2025-06-29,2025-07-05,WH-D,Carrier-2,South,63.7,24.23,Standard
4303,2025-04-13,2025-04-21,2025-04-28,WH-D,Carrier-1,North,59.5,10.23,Express
4304,2025-04-03,2025-04-10,2025-04-16,WH-B,Carrier-2,East,77.9,192.11,Express
4305,2024-02-17,2024-02-20,2024-02-24,WH-C,Carrier-3,East,47.3,19.26,Standard
4306,2025-04-08,2025-04-12,2025-04-11,WH-D,Carrier-1,East,78.1,33.78,Critical
4307,2024-03-17,2024-03-23,2024-03-27,WH-D,Carrier-2,West,28.4,228.25,Express
4308,2025-06-13,2025-06-17,2025-06-19,WH-B,Carrier-3,North,6.8,82.31,Critical
4309,2025-03-17,2025-03-20,,WH-B,Carrier-2,North,9.7,50.67,Critical
4310,2024-02-29,2024-03-08,2024-03-16,WH-B,Carrier-2,North,42.5,213.21,Standard
4311,2025-08-11,2025-08-18,2025-08-26,WH-B,Carrier-1,South,35.6,11.9,Standard
4312,2024-12-24,2024-12-27,2024-12-28,WH-B,Carrier-1,South,18.7,94.99,Critical
4313,2024-02-21,2024-02-25,2024-02-23,WH-C,Carrier-2,North,21.7,232.07,Critical
4314,2026-06-06,2026-06-13,2026-06-18,WH-B,Carrier-1,North,33.8,63.34,Critical
4315,2025-01-21,2025-01-23,2025-01-24,WH-D,Carrier-1,North,18.9,45.61,Express
4316,2024-05-27,2024-05-30,2024-06-04,WH-D,Carrier-2,North,78.7,134.01,Critical
4317,2026-01-19,2026-01-24,2026-01-31,WH-C,Carrier-1,North,69.2,84.9,Critical
4318,2026-03-08,2026-03-11,2026-03-14,WH-D,Carrier-1,North,59.6,133.9,Critical
4319,2026-02-25,2026-03-01,2026-03-03,WH-B,Carrier-2,East,47.9,168.58,Critical
4320,2024-04-15,2024-04-23,,WH-A,Carrier-1,South,76.3,145.45,Standard
4321,2026-03-14,2026-03-16,2026-03-23,WH-A,Carrier-3,West,31.8,61.55,Critical
4322,2025-08-06,2025-08-08,2025-08-14,WH-D,Carrier-2,West,42.3,99.41,Express
4323,2025-12-30,2026-01-01,2026-01-09,WH-B,Carrier-2,South,27.5,174.15,Critical
4324,2025-12-12,2025-12-14,2025-12-20,WH-B,Carrier-3,South,9.3,36.74,Standard
4325,2024-04-05,2024-04-09,2024-04-12,WH-C,Carrier-2,West,75.8,111.44,Critical
4326,2024-10-25,2024-10-27,2024-11-04,WH-D,Carrier-1,South,61.4,166.45,Express
4327,2026-03-22,2026-03-27,2026-03-25,WH-B,Carrier-3,East,55.4,88.33,Standard
4328,2024-03-11,2024-03-13,2024-03-11,WH-A,Carrier-2,South,70.3,90.81,Standard
4329,2025-06-18,2025-06-21,2025-06-25,WH-C,Carrier-3,North,2.3,47.71,Express
4330,2025-05-05,2025-05-12,2025-05-12,WH-A,Carrier-1,West,34.9,26.41,Express
4331,2026-03-19,2026-03-21,2026-03-29,WH-A,Carrier-2,South,16.8,9.78,Express
4332,2025-03-16,2025-03-19,2025-03-22,WH-C,Carrier-2,North,69.9,78.31,Standard
4333,2025-08-20,2025-08-23,2025-08-30,WH-A,Carrier-2,North,21.8,113.47,Standard
4334,2025-06-09,2025-06-14,2025-06-17,WH-B,Carrier-2,West,19.7,74.24,Express
4335,2024-01-30,2024-02-03,2024-02-11,WH-D,Carrier-3,East,73.0,219.98,Critical
4336,2024-12-04,2024-12-06,2024-12-08,WH-D,Carrier-1,West,7.4,211.02,Express
4337,2024-09-16,2024-09-21,2024-09-23,WH-A,Carrier-1,West,2.1,83.15,Express
4338,2026-02-08,2026-02-14,2026-02-16,WH-B,Carrier-1,East,55.9,219.2,Express
4339,2024-07-07,2024-07-10,2024-07-10,WH-A,Carrier-3,North,1.7,85.51,Express
4340,2025-12-22,2025-12-25,2025-12-23,WH-D,Carrier-1,North,30.7,92.6,Express
4341,2024-11-03,2024-11-08,2024-11-09,WH-D,Carrier-3,North,71.1,116.19,Standard
4342,2024-11-25,2024-12-02,2024-12-01,WH-B,Carrier-2,East,77.2,147.85,Standard
4343,2026-04-01,2026-04-08,2026-04-10,WH-A,Carrier-1,South,28.1,55.6,Critical
4344,2025-06-05,2025-06-12,2025-06-19,WH-C,Carrier-1,West,65.2,5.41,Standard
4345,2025-06-28,2025-07-04,2025-07-05,WH-D,Carrier-1,East,56.7,65.09,Standard
4346,2026-01-12,2026-01-16,,WH-A,Carrier-1,South,74.2,100.61,Standard
4347,2025-08-02,2025-08-09,2025-08-07,WH-B,Carrier-2,East,50.1,236.61,Express
4348,2025-08-22,2025-08-26,2025-08-27,WH-C,Carrier-2,West,63.1,62.67,Standard
4349,2026-02-02,2026-02-09,2026-02-15,WH-C,Carrier-1,East,64.9,11.6,Standard
4350,2024-05-01,2024-05-08,2024-05-16,WH-B,Carrier-2,South,8.2,219.58,Standard
4351,2026-03-03,2026-03-10,2026-03-11,WH-A,Carrier-1,West,58.8,235.11,Express
4352,2025-04-20,2025-04-26,2025-04-24,WH-C,Carrier-3,North,3.7,129.61,Critical
4353,2025-01-16,2025-01-19,2025-01-25,WH-D,Carrier-2,South,10.9,65.09,Critical
4354,2026-07-31,2026-08-04,2026-08-08,WH-B,Carrier-1,North,5.4,16.12,Standard
4355,2025-12-23,2025-12-26,2026-01-02,WH-D,Carrier-3,North,22.6,108.82,Critical
4356,2024-11-01,2024-11-08,2024-11-16,WH-B,Carrier-2,West,30.8,112.71,Critical
4357,2026-05-30,2026-06-04,2026-06-06,WH-C,Carrier-1,North,48.8,57.07,Critical
4358,2026-08-18,2026-08-26,2026-08-25,WH-B,Carrier-1,West,19.6,34.4,Standard
4359,2024-11-15,2024-11-21,2024-11-24,WH-B,Carrier-2,East,68.6,152.31,Express
4360,2025-12-26,2026-01-03,2026-01-11,WH-A,Carrier-2,East,35.7,174.19,Critical
4361,2026-01-03,2026-01-09,2026-01-08,WH-A,Carrier-3,West,33.0,219.01,Standard
4362,2026-05-26,2026-05-28,2026-06-04,WH-C,Carrier-2,South,44.0,29.31,Critical
4363,2025-10-25,2025-11-01,2025-11-01,WH-D,Carrier-3,West,21.1,159.47,Standard
4364,2025-10-10,2025-10-18,2025-10-16,WH-D,Carrier-3,South,3.2,56.03,Critical
4365,2026-04-23,2026-05-01,2026-05-08,WH-C,Carrier-2,East,60.7,27.39,Express
4366,2025-04-08,2025-04-12,2025-04-19,WH-D,Carrier-2,West,10.4,46.48,Express
4367,2024-01-31,2024-02-07,2024-02-05,WH-B,Carrier-3,West,48.3,123.78,Express
4368,2026-02-17,2026-02-25,2026-02-28,WH-A,Carrier-2,South,43.9,228.38,Express
4369,2025-01-21,2025-01-25,2025-02-01,WH-B,Carrier-1,South,32.9,34.47,Critical
4370,2024-08-13,2024-08-20,2024-08-21,WH-C,Carrier-1,East,16.2,158.24,Standard
4371,2024-06-21,2024-06-25,2024-07-03,WH-D,Carrier-2,West,62.5,228.08,Critical
4372,2024-05-14,2024-05-21,2024-05-25,WH-B,Carrier-3,East,60.6,165.31,Express
4373,2024-04-12,2024-04-18,2024-04-24,WH-C,Carrier-2,North,28.6,32.84,Standard
4374,2025-08-31,2025-09-08,2025-09-15,WH-D,Carrier-3,West,53.6,98.97,Critical
4375,2026-07-23,2026-07-27,2026-07-28,WH-C,Carrier-1,West,1.2,106.11,Express
4376,2026-06-26,2026-06-28,2026-06-26,WH-C,Carrier-2,West,12.7,72.7,Express
4377,2025-11-21,2025-11-28,,WH-C,Carrier-3,South,35.0,85.06,Standard
4378,2025-12-27,2025-12-29,2025-12-31,WH-B,Carrier-3,North,40.4,238.61,Standard
4379,2026-03-16,2026-03-20,2026-03-22,WH-D,Carrier-3,South,73.9,221.97,Express
4380,2024-02-11,2024-02-16,,WH-D,Carrier-3,East,64.1,121.52,Critical
4381,2026-08-04,2026-08-06,2026-08-09,WH-C,Carrier-3,North,2.2,238.94,Express
4382,2026-02-11,2026-02-16,2026-02-17,WH-C,Carrier-1,South,42.6,135.18,Critical
4383,2026-08-09,2026-08-13,2026-08-18,WH-C,Carrier-2,East,42.6,34.6,Critical
4384,2025-06-29,2025-07-01,,WH-C,Carrier-1,West,24.4,192.03,Critical
4385,2025-10-01,2025-10-07,2025-10-12,WH-C,Carrier-3,West,20.2,216.0,Express
4386,2025-03-24,2025-03-29,2025-03-28,WH-D,Carrier-3,North,40.6,45.5,Critical
4387,2026-08-27,2026-08-31,2026-09-06,WH-B,Carrier-1,East,66.2,51.43,Critical
4388,2024-07-20,2024-07-28,2024-08-02,WH-C,Carrier-3,East,14.0,89.27,Standard
4389,2026-08-26,2026-09-01,,WH-B,Carrier-2,South,73.2,189.31,Express
4390,2024-11-08,2024-11-14,2024-11-19,WH-C,Carrier-1,North,18.1,47.76,Standard
4391,2024-08-05,2024-08-09,2024-08-08,WH-D,Carrier-1,South,58.6,213.07,Standard
4392,2024-08-02,2024-08-05,2024-08-09,WH-B,Carrier-2,North,59.9,35.68,Standard
4393,2024-12-02,2024-12-06,2024-12-13,WH-B,Carrier-2,South,70.7,156.01,Standard
4394,2024-03-12,2024-03-18,2024-03-20,WH-A,Carrier-3,West,41.6,126.14,Express
4395,2024-11-12,2024-11-18,2024-11-19,WH-C,Carrier-3,North,8.1,209.89,Standard
4396,2024-11-02,2024-11-06,2024-11-11,WH-D,Carrier-3,North,34.8,18.85,Standard
4397,2025-12-02,2025-12-10,2025-12-16,WH-C,Carrier-1,South,33.6,41.83,Standard
4398,2025-11-10,2025-11-16,2025-11-22,WH-D,Carrier-3,North,17.3,185.58,Standard
4399,2024-02-29,2024-03-03,2024-03-04,WH-D,Carrier-3,North,57.3,34.02,Standard
4400,2025-07-03,2025-07-05,2025-07-11,WH-B,Carrier-2,North,39.0,174.33,Express
4401,2025-10-13,2025-10-17,2025-10-24,WH-C,Carrier-2,North,7.5,191.12,Critical
4402,2024-02-16,2024-02-18,2024-02-16,WH-B,Carrier-3,East,9.2,178.31,Critical
4403,2024-11-04,2024-11-12,,WH-A,Carrier-3,West,16.8,118.93,Standard
4404,2024-03-04,2024-03-09,,WH-B,Carrier-3,North,5.6,61.87,Critical
4405,2025-09-27,2025-10-05,2025-10-04,WH-C,Carrier-3,East,13.0,206.65,Critical
4406,2024-08-28,2024-08-30,2024-08-31,WH-A,Carrier-3,East,33.2,209.85,Express
4407,2024-11-04,2024-11-07,2024-11-14,WH-B,Carrier-2,East,66.3,36.01,Standard
4408,2025-04-01,2025-04-08,2025-04-06,WH-D,Carrier-3,South,14.0,17.88,Express
4409,2026-04-22,2026-04-25,2026-04-28,WH-D,Carrier-2,South,53.3,151.0,Standard
4410,2024-09-29,2024-10-02,2024-10-05,WH-D,Carrier-2,East,12.3,118.72,Standard
4411,2026-03-31,2026-04-05,2026-04-11,WH-D,Carrier-1,East,27.2,13.11,Express
4412,2025-04-25,2025-05-02,2025-05-10,WH-B,Carrier-3,North,54.1,183.56,Standard
4413,2024-03-05,2024-03-11,2024-03-11,WH-D,Carrier-2,South,8.5,39.43,Critical
4414,2026-05-11,2026-05-14,2026-05-22,WH-D,Carrier-3,East,74.2,198.62,Critical
4415,2026-08-02,2026-08-04,2026-08-12,WH-D,Carrier-2,East,13.1,88.99,Express
4416,2024-11-09,2024-11-11,2024-11-09,WH-D,Carrier-2,East,76.0,171.41,Standard
4417,2024-11-23,2024-11-30,2024-12-04,WH-A,Carrier-2,South,46.0,132.71,Express
4418,2024-07-11,2024-07-18,,WH-C,Carrier-3,West,40.0,87.29,Critical
4419,2024-10-24,2024-10-29,2024-10-28,WH-B,Carrier-2,East,39.1,114.8,Express
4420,2026-08-17,2026-08-23,2026-08-31,WH-C,Carrier-1,East,30.6,107.06,Critical
4421,2024-02-08,2024-02-11,2024-02-12,WH-D,Carrier-2,West,27.9,215.89,Standard
4422,2025-11-20,2025-11-27,,WH-B,Carrier-2,East,45.0,235.7,Standard
4423,2024-10-05,2024-10-09,,WH-C,Carrier-1,West,67.3,163.68,Standard
4424,2024-10-25,2024-10-29,2024-11-05,WH-A,Carrier-3,North,64.4,220.39,Standard
4425,2024-05-25,2024-05-31,2024-06-06,WH-B,Carrier-1,South,25.4,208.2,Critical
4426,2025-09-22,2025-09-26,2025-10-03,WH-D,Carrier-2,West,20.1,38.66,Standard
4427,2025-07-02,2025-07-06,2025-07-12,WH-D,Carrier-3,East,14.7,236.8,Standard
4428,2025-04-03,2025-04-05,2025-04-12,WH-B,Carrier-2,North,9.8,161.37,Standard
4429,2024-02-26,2024-03-03,2024-03-10,WH-B,Carrier-1,North,56.7,217.98,Critical
4430,2024-11-14,2024-11-22,2024-11-30,WH-A,Carrier-2,South,61.1,196.23,Express
4431,2026-06-14,2026-06-18,2026-06-18,WH-D,Carrier-1,North,70.0,188.56,Standard
4432,2025-06-17,2025-06-22,2025-06-20,WH-B,Carrier-3,West,39.1,185.04,Critical
4433,2025-09-13,2025-09-20,2025-09-24,WH-C,Carrier-2,South,14.6,213.01,Standard
4434,2026-02-07,2026-02-09,2026-02-11,WH-C,Carrier-2,North,77.9,60.98,Express
4435,2026-01-27,2026-01-31,2026-02-02,WH-C,Carrier-3,East,48.6,53.72,Standard
4436,2024-09-26,2024-09-30,2024-09-29,WH-B,Carrier-3,South,17.3,76.0,Critical
4437,2025-02-24,2025-03-03,2025-03-09,WH-B,Carrier-1,South,75.2,130.76,Express
4438,2024-11-15,2024-11-17,2024-11-25,WH-A,Carrier-1,North,71.6,234.93,Critical
4439,2025-12-31,2026-01-06,2026-01-06,WH-C,Carrier-3,North,25.5,136.95,Standard
4440,2025-10-06,2025-10-12,2025-10-12,WH-D,Carrier-2,South,60.8,127.73,Critical
4441,2024-07-15,2024-07-20,2024-07-19,WH-A,Carrier-3,West,30.3,179.78,Critical
4442,2026-01-28,2026-02-04,2026-02-11,WH-B,Carrier-3,North,38.0,68.12,Critical
4443,2026-01-31,2026-02-05,2026-02-08,WH-D,Carrier-2,West,77.6,74.82,Critical
4444,2024-04-17,2024-04-24,2024-04-23,WH-C,Carrier-2,North,39.3,155.75,Express
4445,2026-02-16,2026-02-20,2026-02-19,WH-D,Carrier-3,North,60.5,215.48,Standard
4446,2026-05-14,2026-05-20,2026-05-28,WH-D,Carrier-1,West,68.1,22.84,Express
4447,2026-01-20,2026-01-23,2026-01-27,WH-D,Carrier-2,North,75.1,10.95,Express
4448,2024-07-09,2024-07-17,2024-07-21,WH-A,Carrier-1,East,41.5,65.3,Express
4449,2025-12-29,2026-01-06,2026-01-12,WH-A,Carrier-1,South,14.4,121.84,Critical
4450,2024-05-20,2024-05-26,2024-05-26,WH-A,Carrier-3,North,3.8,33.12,Standard
4451,2025-01-27,2025-02-01,2025-02-06,WH-D,Carrier-3,North,47.1,231.96,Express
4452,2026-01-13,2026-01-21,2026-01-26,WH-C,Carrier-2,East,47.5,51.66,Standard
4453,2026-04-07,2026-04-11,2026-04-11,WH-B,Carrier-3,North,37.6,137.29,Critical
4454,2026-06-04,2026-06-11,2026-06-09,WH-D,Carrier-1,North,48.3,95.0,Standard
4455,2025-07-12,2025-07-14,2025-07-15,WH-B,Carrier-1,South,7.1,75.55,Express
4456,2025-02-02,2025-02-07,2025-02-06,WH-C,Carrier-2,South,78.7,67.51,Critical
4457,2024-06-04,2024-06-09,2024-06-08,WH-C,Carrier-1,West,72.0,103.9,Standard
4458,2026-04-09,2026-04-14,2026-04-15,WH-B,Carrier-1,South,68.2,80.31,Standard
4459,2024-03-09,2024-03-17,2024-03-25,WH-A,Carrier-1,South,66.6,92.15,Express
4460,2024-10-04,2024-10-06,,WH-C,Carrier-2,West,26.7,44.35,Critical
4461,2025-09-20,2025-09-25,2025-10-02,WH-A,Carrier-2,South,77.9,73.17,Express
4462,2026-08-19,2026-08-21,2026-08-27,WH-C,Carrier-2,West,20.6,7.43,Standard
4463,2024-08-06,2024-08-09,2024-08-16,WH-B,Carrier-3,East,64.5,195.34,Express
4464,2024-06-25,2024-07-02,2024-07-07,WH-A,Carrier-2,West,33.7,132.73,Standard
4465,2024-02-15,2024-02-17,2024-02-19,WH-B,Carrier-2,South,13.1,130.65,Standard
4466,2025-03-30,2025-04-06,2025-04-10,WH-A,Carrier-1,East,13.8,144.39,Express
4467,2025-11-01,2025-11-03,2025-11-09,WH-A,Carrier-3,West,47.2,188.34,Critical
4468,2024-07-17,2024-07-19,2024-07-26,WH-C,Carrier-3,South,75.5,63.84,Express
4469,2026-01-10,2026-01-17,2026-01-24,WH-A,Carrier-2,West,19.8,199.21,Standard
4470,2026-07-20,2026-07-27,2026-08-01,WH-C,Carrier-2,East,67.2,126.17,Express
4471,2026-08-24,2026-08-27,2026-09-03,WH-D,Carrier-3,North,71.5,179.64,Critical
4472,2025-04-12,2025-04-14,2025-04-19,WH-D,Carrier-2,East,71.9,231.08,Express
4473,2026-05-01,2026-05-05,2026-05-07,WH-B,Carrier-2,East,63.3,73.55,Standard
4474,2025-02-03,2025-02-07,2025-02-13,WH-D,Carrier-2,South,70.1,170.17,Critical
4475,2024-07-11,2024-07-18,2024-07-26,WH-D,Carrier-3,West,35.4,43.05,Critical
4476,2025-05-06,2025-05-10,,WH-D,Carrier-1,North,66.7,79.46,Standard
4477,2025-08-24,2025-08-30,2025-09-02,WH-C,Carrier-1,North,20.4,184.77,Critical
4478,2026-04-11,2026-04-19,2026-04-27,WH-B,Carrier-1,South,0.7,206.4,Critical
4479,2025-02-26,2025-03-01,2025-03-07,WH-D,Carrier-2,East,20.6,58.59,Critical
4480,2024-05-18,2024-05-23,2024-05-23,WH-A,Carrier-3,West,55.5,164.32,Standard
4481,2024-10-05,2024-10-07,2024-10-06,WH-B,Carrier-1,East,50.3,145.62,Express
4482,2025-11-11,2025-11-16,2025-11-16,WH-C,Carrier-2,East,68.6,75.33,Standard
4483,2025-08-12,2025-08-15,2025-08-17,WH-C,Carrier-1,West,17.0,200.86,Standard
4484,2025-03-10,2025-03-18,2025-03-24,WH-B,Carrier-2,East,37.1,100.99,Critical
4485,2025-02-14,2025-02-19,2025-02-23,WH-A,Carrier-2,East,71.5,13.45,Standard
4486,2026-01-14,2026-01-21,2026-01-19,WH-D,Carrier-2,South,47.5,135.1,Critical
4487,2026-03-22,2026-03-30,2026-03-30,WH-A,Carrier-1,South,5.5,186.41,Standard
4488,2024-12-28,2025-01-05,,WH-C,Carrier-1,North,61.0,19.08,Critical
4489,2026-02-07,2026-02-12,2026-02-15,WH-B,Carrier-3,North,33.3,104.7,Critical
4490,2026-04-09,2026-04-15,2026-04-14,WH-C,Carrier-1,East,18.4,38.47,Standard
4491,2025-05-02,2025-05-09,,WH-C,Carrier-1,South,8.4,21.16,Standard
4492,2024-05-01,2024-05-04,2024-05-02,WH-C,Carrier-3,North,59.0,25.43,Express
4493,2025-08-22,2025-08-25,2025-08-26,WH-D,Carrier-1,South,31.1,216.01,Standard
4494,2026-03-21,2026-03-28,2026-03-28,WH-A,Carrier-3,North,15.7,115.93,Critical
4495,2025-11-19,2025-11-23,2025-11-23,WH-A,Carrier-3,North,50.3,153.59,Express
4496,2025-05-19,2025-05-23,2025-05-31,WH-C,Carrier-2,North,45.3,146.23,Critical
4497,2026-04-27,2026-05-03,2026-05-04,WH-A,Carrier-2,South,2.6,82.57,Standard
4498,2024-04-13,2024-04-18,2024-04-18,WH-A,Carrier-2,South,29.5,169.61,Standard
4499,2025-05-24,2025-05-29,2025-05-28,WH-C,Carrier-1,South,64.9,29.49,Critical
4500,2026-06-14,2026-06-18,2026-06-25,WH-C,Carrier-1,East,6.2,217.83,Standard
4501,2026-01-15,2026-01-23,2026-01-31,WH-D,Carrier-2,East,44.2,38.48,Standard
4502,2026-06-06,2026-06-09,2026-06-12,WH-B,Carrier-3,North,25.9,187.07,Critical
4503,2025-07-05,2025-07-10,2025-07-08,WH-D,Carrier-1,West,8.8,50.87,Express
4504,2024-03-27,2024-03-31,2024-04-07,WH-D,Carrier-3,West,45.7,4.46,Standard
4505,2025-05-12,2025-05-15,2025-05-17,WH-D,Carrier-2,North,49.0,170.75,Critical
4506,2026-04-02,2026-04-07,2026-04-05,WH-A,Carrier-3,West,19.1,60.42,Express
4507,2025-08-24,2025-08-26,2025-08-26,WH-D,Carrier-2,East,11.5,119.55,Express
4508,2025-04-21,2025-04-26,2025-05-04,WH-C,Carrier-2,West,50.5,182.98,Express
4509,2025-07-06,2025-07-14,2025-07-21,WH-A,Carrier-1,South,6.9,59.51,Critical
4510,2024-02-27,2024-03-01,2024-02-29,WH-A,Carrier-3,West,62.6,109.13,Standard
4511,2026-03-29,2026-04-06,2026-04-06,WH-C,Carrier-1,East,61.5,155.27,Standard
4512,2024-06-03,2024-06-08,2024-06-08,WH-D,Carrier-3,East,74.4,179.07,Standard
4513,2025-06-01,2025-06-06,2025-06-10,WH-D,Carrier-1,North,53.4,118.59,Express
4514,2025-12-23,2025-12-28,2025-12-28,WH-A,Carrier-3,South,14.4,80.66,Standard
4515,2024-02-21,2024-02-27,2024-03-01,WH-B,Carrier-1,South,46.1,126.62,Critical
4516,2024-06-12,2024-06-19,,WH-B,Carrier-1,South,66.8,177.46,Express
4517,2026-04-10,2026-04-12,2026-04-10,WH-C,Carrier-1,North,25.6,68.46,Critical
4518,2024-02-18,2024-02-21,2024-02-21,WH-C,Carrier-2,East,45.8,107.74,Critical
4519,2025-09-04,2025-09-07,2025-09-14,WH-A,Carrier-3,South,33.2,212.3,Standard
4520,2026-02-07,2026-02-09,2026-02-17,WH-A,Carrier-2,North,55.8,210.49,Express
4521,2025-08-01,2025-08-06,,WH-B,Carrier-3,West,21.0,172.76,Critical
4522,2026-02-11,2026-02-13,2026-02-15,WH-C,Carrier-3,North,46.3,228.21,Critical
4523,2026-06-20,2026-06-25,2026-06-25,WH-D,Carrier-2,North,51.9,103.87,Critical
4524,2026-03-05,2026-03-13,2026-03-13,WH-A,Carrier-2,South,15.8,216.8,Critical
4525,2025-04-17,2025-04-22,2025-04-24,WH-B,Carrier-1,South,52.8,15.7,Critical
4526,2025-07-28,2025-07-30,2025-08-04,WH-D,Carrier-3,North,29.6,164.89,Critical
4527,2026-07-02,2026-07-08,2026-07-09,WH-A,Carrier-2,East,71.9,195.67,Critical
4528,2024-01-13,2024-01-18,2024-01-23,WH-C,Carrier-2,East,71.1,128.41,Standard
4529,2024-04-04,2024-04-10,2024-04-17,WH-D,Carrier-3,West,69.5,223.08,Critical
4530,2025-11-09,2025-11-16,2025-11-23,WH-A,Carrier-2,South,39.6,61.47,Critical
4531,2026-07-26,2026-08-02,2026-07-31,WH-B,Carrier-3,South,50.3,99.12,Express
4532,2025-12-11,2025-12-15,2025-12-17,WH-A,Carrier-2,North,10.7,135.49,Express
4533,2025-12-04,2025-12-10,2025-12-13,WH-A,Carrier-2,East,40.0,200.59,Standard
4534,2024-08-22,2024-08-28,2024-08-30,WH-D,Carrier-2,South,64.7,100.03,Standard
4535,2025-10-03,2025-10-09,2025-10-10,WH-C,Carrier-1,West,13.4,25.21,Critical
4536,2026-01-07,2026-01-12,2026-01-14,WH-B,Carrier-2,South,75.1,114.17,Standard
4537,2025-10-11,2025-10-19,2025-10-24,WH-A,Carrier-3,West,21.2,108.42,Express
4538,2024-05-25,2024-05-30,2024-05-29,WH-A,Carrier-1,South,53.2,128.7,Standard
4539,2024-05-29,2024-06-04,2024-06-06,WH-D,Carrier-3,North,12.1,121.98,Critical
4540,2024-01-09,2024-01-12,2024-01-14,WH-B,Carrier-2,East,21.8,127.02,Express
4541,2025-11-15,2025-11-21,,WH-A,Carrier-3,South,5.4,41.2,Express
4542,2025-03-12,2025-03-18,2025-03-17,WH-B,Carrier-1,North,7.4,28.77,Critical
4543,2025-12-21,2025-12-28,2025-12-27,WH-D,Carrier-2,East,12.3,15.91,Express
4544,2025-09-08,2025-09-11,2025-09-10,WH-B,Carrier-2,West,65.5,185.05,Standard
4545,2025-08-18,2025-08-22,2025-08-21,WH-D,Carrier-3,West,34.4,127.56,Critical
4546,2024-04-19,2024-04-23,2024-04-28,WH-C,Carrier-1,West,44.3,163.13,Critical
4547,2025-12-30,2026-01-05,,WH-D,Carrier-1,West,29.1,207.52,Critical
4548,2025-10-27,2025-10-31,2025-11-02,WH-D,Carrier-1,East,28.4,30.82,Express
4549,2024-06-25,2024-06-28,2024-06-27,WH-B,Carrier-1,North,53.6,87.74,Express
4550,2024-08-20,2024-08-25,2024-08-24,WH-A,Carrier-1,West,47.3,122.71,Standard
4551,2024-04-25,2024-05-02,2024-05-09,WH-C,Carrier-1,North,71.5,200.77,Standard
4552,2024-05-30,2024-06-06,2024-06-11,WH-A,Carrier-3,East,8.9,167.07,Express
4553,2024-08-12,2024-08-15,2024-08-15,WH-C,Carrier-1,West,36.0,11.24,Standard
4554,2025-04-17,2025-04-21,2025-04-25,WH-A,Carrier-1,North,15.2,223.0,Critical
4555,2024-03-10,2024-03-18,2024-03-21,WH-D,Carrier-1,West,36.6,111.62,Critical
4556,2025-02-27,2025-03-05,2025-03-09,WH-B,Carrier-2,West,42.7,55.01,Critical
4557,2024-02-05,2024-02-08,2024-02-07,WH-C,Carrier-3,West,55.9,115.35,Critical
4558,2025-11-17,2025-11-22,2025-11-30,WH-C,Carrier-2,West,74.5,140.08,Express
4559,2025-04-10,2025-04-12,2025-04-20,WH-D,Carrier-3,South,27.3,18.48,Express
4560,2026-05-04,2026-05-12,2026-05-15,WH-B,Carrier-3,South,50.5,144.75,Standard
4561,2024-10-25,2024-11-01,2024-11-04,WH-A,Carrier-3,North,61.4,167.04,Express
4562,2025-07-04,2025-07-11,2025-07-11,WH-D,Carrier-2,West,60.6,66.51,Standard
4563,2025-11-01,2025-11-03,2025-11-07,WH-A,Carrier-1,West,3.0,135.19,Express
4564,2025-07-07,2025-07-09,2025-07-15,WH-B,Carrier-3,North,10.5,10.41,Express
4565,2025-07-27,2025-08-01,2025-07-31,WH-B,Carrier-3,West,22.0,7.69,Critical
4566,2024-08-13,2024-08-15,2024-08-13,WH-C,Carrier-3,North,74.6,59.11,Standard
4567,2025-03-24,2025-04-01,2025-04-01,WH-A,Carrier-2,South,53.6,146.22,Express
4568,2026-05-19,2026-05-21,,WH-B,Carrier-2,East,11.8,47.28,Critical
4569,2026-03-30,2026-04-04,2026-04-11,WH-B,Carrier-2,South,54.1,80.0,Critical
4570,2024-02-12,2024-02-19,2024-02-20,WH-D,Carrier-1,West,28.6,177.98,Critical
4571,2026-01-04,2026-01-06,2026-01-14,WH-D,Carrier-2,East,69.3,149.32,Critical
4572,2025-09-09,2025-09-11,2025-09-16,WH-D,Carrier-1,South,61.4,4.79,Standard
4573,2026-08-10,2026-08-15,2026-08-13,WH-D,Carrier-3,West,31.6,20.57,Critical
4574,2024-04-24,2024-05-01,2024-05-04,WH-C,Carrier-1,West,52.7,104.35,Standard
4575,2025-04-26,2025-05-03,2025-05-02,WH-C,Carrier-3,West,2.9,152.43,Express
4576,2025-11-15,2025-11-21,2025-11-21,WH-D,Carrier-1,West,8.8,172.09,Critical
4577,2026-08-09,2026-08-17,2026-08-18,WH-D,Carrier-3,North,79.0,221.24,Express
4578,2024-10-26,2024-10-30,2024-11-03,WH-D,Carrier-3,West,8.6,65.36,Express
4579,2024-01-15,2024-01-22,2024-01-22,WH-C,Carrier-1,East,2.8,71.17,Standard
4580,2024-12-09,2024-12-15,2024-12-18,WH-D,Carrier-2,North,0.7,230.89,Express
4581,2024-05-27,2024-05-30,2024-06-05,WH-C,Carrier-1,North,30.2,209.91,Express
4582,2025-02-02,2025-02-08,2025-02-15,WH-A,Carrier-2,East,71.0,21.2,Standard
4583,2026-06-09,2026-06-13,2026-06-11,WH-B,Carrier-3,West,48.9,170.28,Express
4584,2024-01-10,2024-01-15,2024-01-21,WH-C,Carrier-2,North,37.4,167.22,Express
4585,2024-09-06,2024-09-12,2024-09-19,WH-C,Carrier-2,West,72.0,150.71,Express
4586,2025-02-11,2025-02-15,2025-02-21,WH-A,Carrier-2,East,77.8,127.42,Express
4587,2025-04-04,2025-04-09,2025-04-09,WH-D,Carrier-2,North,75.8,224.07,Standard
4588,2024-06-26,2024-06-28,2024-07-01,WH-B,Carrier-2,North,24.0,86.78,Standard
4589,2025-05-27,2025-06-04,2025-06-04,WH-D,Carrier-1,West,13.4,63.77,Express
4590,2024-08-08,2024-08-14,2024-08-16,WH-C,Carrier-1,South,46.6,113.22,Standard
4591,2024-01-22,2024-01-24,2024-02-01,WH-B,Carrier-3,South,79.0,80.6,Critical
4592,2024-09-11,2024-09-18,2024-09-26,WH-B,Carrier-2,West,62.1,11.64,Critical
4593,2025-01-07,2025-01-15,2025-01-22,WH-A,Carrier-3,West,10.5,129.2,Critical
4594,2025-12-03,2025-12-09,2025-12-12,WH-C,Carrier-2,East,69.2,146.19,Express
4595,2026-08-07,2026-08-13,2026-08-11,WH-C,Carrier-1,West,60.4,134.35,Express
4596,2026-01-26,2026-01-29,2026-02-03,WH-D,Carrier-3,South,32.4,51.54,Standard
4597,2026-05-19,2026-05-23,2026-05-28,WH-C,Carrier-3,West,49.2,109.26,Standard
4598,2026-04-20,2026-04-28,2026-05-02,WH-D,Carrier-3,South,50.3,110.04,Critical
4599,2024-04-06,2024-04-09,2024-04-13,WH-D,Carrier-2,South,67.1,42.77,Standard
4600,2025-09-15,2025-09-19,2025-09-25,WH-B,Carrier-3,South,2.5,231.2,Standard
4601,2025-02-06,2025-02-12,2025-02-20,WH-A,Carrier-2,East,57.4,190.47,Standard
4602,2025-06-28,2025-07-04,2025-07-06,WH-D,Carrier-2,North,5.8,92.78,Critical
4603,2026-08-01,2026-08-08,2026-08-10,WH-A,Carrier-3,East,2.6,114.5,Standard
4604,2025-10-29,2025-10-31,2025-11-01,WH-B,Carrier-3,South,33.6,206.19,Standard
4605,2026-05-09,2026-05-15,2026-05-13,WH-C,Carrier-2,North,53.2,46.87,Standard
4606,2024-07-12,2024-07-17,2024-07-20,WH-A,Carrier-2,East,26.3,118.02,Express
4607,2024-05-22,2024-05-25,2024-06-01,WH-C,Carrier-3,West,0.2,58.74,Express
4608,2025-11-20,2025-11-28,2025-11-30,WH-A,Carrier-1,East,58.7,76.34,Critical
4609,2024-05-24,2024-05-27,2024-05-31,WH-B,Carrier-2,East,58.2,11.11,Critical
4610,2025-01-01,2025-01-09,2025-01-14,WH-D,Carrier-2,North,21.6,182.28,Standard
4611,2024-05-23,2024-05-25,2024-06-01,WH-D,Carrier-1,West,23.0,53.27,Standard
4612,2024-11-28,2024-12-06,2024-12-09,WH-B,Carrier-1,South,19.1,170.94,Standard
4613,2026-04-07,2026-04-11,2026-04-13,WH-C,Carrier-2,East,76.5,159.26,Express
4614,2024-07-30,2024-08-02,2024-08-04,WH-C,Carrier-2,North,47.5,239.51,Express
4615,2024-01-27,2024-02-01,2024-02-03,WH-B,Carrier-2,South,0.4,141.15,Standard
4616,2026-03-06,2026-03-09,2026-03-09,WH-A,Carrier-3,East,59.7,28.5,Express
4617,2025-03-14,2025-03-20,2025-03-23,WH-A,Carrier-1,East,20.7,210.69,Critical
4618,2026-08-23,2026-08-28,2026-09-02,WH-C,Carrier-3,West,62.9,181.83,Express
4619,2024-10-16,2024-10-21,2024-10-24,WH-C,Carrier-3,North,15.5,110.61,Critical
4620,2025-11-21,2025-11-25,,WH-D,Carrier-1,South,45.5,4.9,Standard
4621,2025-01-16,2025-01-19,2025-01-22,WH-D,Carrier-3,South,50.5,71.74,Express
4622,2024-09-17,2024-09-23,2024-09-30,WH-A,Carrier-1,West,33.0,150.47,Standard
4623,2026-07-23,2026-07-27,2026-07-31,WH-A,Carrier-1,South,59.1,82.91,Express
4624,2024-10-03,2024-10-05,2024-10-05,WH-D,Carrier-2,West,45.9,96.03,Express
4625,2024-11-03,2024-11-06,2024-11-11,WH-D,Carrier-1,West,43.4,108.1,Express
4626,2025-01-25,2025-01-31,2025-01-29,WH-C,Carrier-2,West,11.3,193.07,Critical
4627,2024-06-15,2024-06-20,2024-06-21,WH-B,Carrier-2,North,72.1,204.13,Standard
4628,2026-02-13,2026-02-17,2026-02-16,WH-A,Carrier-2,North,60.9,85.92,Standard
4629,2026-02-13,2026-02-18,2026-02-16,WH-B,Carrier-2,South,44.1,20.41,Standard
4630,2025-10-21,2025-10-23,2025-10-27,WH-C,Carrier-2,East,77.8,202.03,Express
4631,2026-08-04,2026-08-09,2026-08-10,WH-D,Carrier-1,East,66.9,132.22,Critical
4632,2025-05-31,2025-06-03,2025-06-03,WH-C,Carrier-1,East,62.5,219.95,Standard
4633,2024-12-12,2024-12-17,2024-12-18,WH-D,Carrier-3,East,60.6,173.41,Critical
4634,2024-08-05,2024-08-08,2024-08-15,WH-A,Carrier-3,North,20.8,61.46,Standard
4635,2025-01-28,2025-02-03,2025-02-03,WH-A,Carrier-3,West,13.4,187.53,Critical
4636,2024-10-27,2024-10-29,2024-11-02,WH-D,Carrier-3,West,75.6,100.75,Standard
4637,2024-08-18,2024-08-24,2024-08-22,WH-C,Carrier-1,East,49.9,190.31,Express
4638,2025-06-17,2025-06-20,2025-06-27,WH-B,Carrier-3,East,69.2,18.88,Express
4639,2024-04-20,2024-04-24,2024-04-29,WH-B,Carrier-2,North,7.2,73.02,Standard
4640,2024-01-11,2024-01-19,2024-01-18,WH-D,Carrier-1,North,46.0,216.57,Standard
4641,2024-12-25,2024-12-28,2025-01-02,WH-B,Carrier-3,South,27.3,100.13,Standard
4642,2025-06-13,2025-06-18,2025-06-20,WH-D,Carrier-1,West,65.9,234.08,Express
4643,2024-10-04,2024-10-09,2024-10-12,WH-C,Carrier-2,North,22.7,40.16,Express
4644,2026-02-26,2026-03-01,2026-03-06,WH-C,Carrier-1,North,53.8,68.06,Critical
4645,2025-11-11,2025-11-18,2025-11-19,WH-A,Carrier-1,West,2.7,158.12,Standard
4646,2026-05-01,2026-05-03,2026-05-07,WH-D,Carrier-2,East,1.3,106.66,Critical
4647,2026-05-04,2026-05-11,2026-05-19,WH-B,Carrier-3,West,74.2,150.44,Standard
4648,2024-09-27,2024-09-29,2024-10-07,WH-B,Carrier-1,West,28.3,86.74,Express
4649,2025-05-05,2025-05-12,2025-05-11,WH-D,Carrier-1,West,77.2,141.15,Critical
4650,2026-06-30,2026-07-07,2026-07-13,WH-B,Carrier-2,West,76.8,224.78,Standard
4651,2024-02-28,2024-03-07,2024-03-07,WH-D,Carrier-1,East,34.1,168.87,Critical
4652,2026-07-23,2026-07-26,2026-07-24,WH-D,Carrier-2,South,48.4,36.39,Express
4653,2025-01-10,2025-01-18,2025-01-26,WH-B,Carrier-2,South,31.7,180.07,Critical
4654,2026-08-03,2026-08-11,2026-08-10,WH-D,Carrier-2,North,10.1,21.44,Critical
4655,2025-12-28,2026-01-01,2026-01-01,WH-D,Carrier-2,West,62.2,202.0,Standard
4656,2024-08-13,2024-08-16,2024-08-22,WH-D,Carrier-2,East,55.2,121.8,Express
4657,2025-03-05,2025-03-08,2025-03-09,WH-A,Carrier-3,North,44.4,128.19,Standard
4658,2026-02-15,2026-02-23,2026-02-26,WH-B,Carrier-3,South,60.8,63.72,Standard
4659,2025-05-02,2025-05-09,2025-05-09,WH-C,Carrier-1,West,42.9,116.69,Critical
4660,2024-10-12,2024-10-19,,WH-D,Carrier-2,West,69.6,15.46,Critical
4661,2024-02-04,2024-02-06,2024-02-08,WH-D,Carrier-2,West,76.3,136.11,Critical
4662,2024-12-11,2024-12-18,2024-12-22,WH-B,Carrier-3,North,11.4,129.98,Standard
4663,2024-11-09,2024-11-13,2024-11-11,WH-D,Carrier-1,West,32.8,105.08,Express
4664,2024-03-01,2024-03-09,2024-03-12,WH-B,Carrier-3,East,9.1,119.38,Standard
4665,2025-01-09,2025-01-15,2025-01-15,WH-B,Carrier-3,West,78.8,212.13,Express
4666,2026-03-07,2026-03-09,2026-03-13,WH-A,Carrier-2,North,61.4,138.97,Standard
4667,2026-05-14,2026-05-19,2026-05-25,WH-D,Carrier-1,South,2.0,180.35,Express
4668,2025-05-23,2025-05-26,2025-05-30,WH-B,Carrier-2,West,71.0,151.57,Express
4669,2024-12-07,2024-12-11,2024-12-13,WH-A,Carrier-2,North,19.2,193.95,Standard
4670,2025-08-26,2025-08-30,2025-09-02,WH-B,Carrier-3,South,15.8,24.42,Standard
4671,2025-07-05,2025-07-07,2025-07-12,WH-D,Carrier-2,East,8.5,63.65,Express
4672,2026-08-22,2026-08-24,2026-08-23,WH-A,Carrier-1,South,71.2,179.62,Standard
4673,2026-03-14,2026-03-19,2026-03-19,WH-D,Carrier-2,North,42.1,10.05,Standard
4674,2025-08-16,2025-08-23,2025-08-28,WH-A,Carrier-3,East,41.6,19.33,Express
4675,2025-05-21,2025-05-26,2025-05-26,WH-C,Carrier-3,East,10.2,41.91,Express
4676,2024-05-15,2024-05-21,2024-05-25,WH-A,Carrier-2,North,30.3,51.81,Standard
4677,2025-06-17,2025-06-20,,WH-D,Carrier-1,East,63.8,117.54,Critical
4678,2024-10-04,2024-10-06,2024-10-07,WH-A,Carrier-2,East,29.6,176.41,Express
4679,2024-01-28,2024-02-02,2024-02-08,WH-D,Carrier-2,West,9.4,21.66,Express
4680,2024-05-19,2024-05-21,2024-05-27,WH-C,Carrier-3,West,6.3,43.67,Express
4681,2025-02-16,2025-02-20,2025-02-23,WH-C,Carrier-1,South,67.2,27.74,Express
4682,2024-11-03,2024-11-11,,WH-A,Carrier-1,North,52.2,215.12,Standard
4683,2025-10-26,2025-11-01,2025-10-30,WH-D,Carrier-3,West,14.1,43.2,Critical
4684,2025-02-03,2025-02-07,2025-02-11,WH-D,Carrier-3,South,69.2,146.47,Express
4685,2024-09-25,2024-10-01,2024-10-07,WH-D,Carrier-2,South,52.0,167.35,Critical
4686,2025-04-06,2025-04-08,2025-04-08,WH-D,Carrier-1,West,66.2,75.16,Critical
4687,2026-05-07,2026-05-12,2026-05-20,WH-C,Carrier-1,North,67.6,37.33,Standard
4688,2024-05-20,2024-05-26,2024-05-30,WH-A,Carrier-2,North,28.2,102.69,Standard
4689,2024-03-11,2024-03-18,2024-03-21,WH-A,Carrier-3,East,10.0,163.56,Critical
4690,2026-04-05,2026-04-07,2026-04-11,WH-A,Carrier-3,West,7.0,142.78,Express
4691,2026-03-02,2026-03-06,2026-03-04,WH-B,Carrier-2,North,49.2,222.51,Critical
4692,2024-07-31,2024-08-07,,WH-D,Carrier-1,South,42.5,86.48,Standard
4693,2026-03-09,2026-03-16,,WH-B,Carrier-3,North,19.9,111.57,Standard
4694,2024-11-21,2024-11-25,2024-11-27,WH-B,Carrier-2,East,12.7,113.06,Express
4695,2025-01-14,2025-01-19,2025-01-17,WH-D,Carrier-1,West,51.3,126.2,Standard
4696,2026-07-09,2026-07-15,2026-07-14,WH-D,Carrier-3,North,3.0,143.11,Standard
4697,2024-07-27,2024-08-01,2024-08-01,WH-B,Carrier-2,South,36.5,65.35,Critical
4698,2024-06-09,2024-06-11,2024-06-09,WH-C,Carrier-3,North,37.6,137.15,Express
4699,2025-05-07,2025-05-10,,WH-A,Carrier-2,West,69.9,48.49,Standard
4700,2024-09-20,2024-09-27,2024-10-01,WH-D,Carrier-1,North,14.9,217.46,Express
4701,2025-07-06,2025-07-11,2025-07-09,WH-C,Carrier-3,South,1.5,187.25,Critical
4702,2025-09-08,2025-09-11,2025-09-13,WH-B,Carrier-1,East,7.9,67.15,Critical
4703,2026-01-22,2026-01-25,2026-02-01,WH-B,Carrier-1,South,19.1,137.67,Critical
4704,2025-01-31,2025-02-04,2025-02-04,WH-B,Carrier-1,East,61.7,53.52,Critical
4705,2025-07-14,2025-07-22,2025-07-28,WH-B,Carrier-3,West,68.5,222.68,Critical
4706,2025-07-10,2025-07-16,,WH-D,Carrier-1,South,43.4,129.0,Express
4707,2026-03-06,2026-03-08,2026-03-12,WH-C,Carrier-2,South,66.2,207.83,Critical
4708,2025-02-13,2025-02-19,2025-02-18,WH-A,Carrier-1,West,70.6,213.01,Standard
4709,2025-05-19,2025-05-25,2025-05-29,WH-C,Carrier-3,South,45.4,109.08,Critical
4710,2025-02-26,2025-03-05,2025-03-03,WH-A,Carrier-2,East,36.0,166.21,Standard
4711,2025-08-08,2025-08-14,,WH-B,Carrier-2,West,21.2,184.6,Standard
4712,2026-08-22,2026-08-28,2026-08-30,WH-D,Carrier-2,North,26.3,73.35,Express
4713,2025-06-25,2025-07-01,2025-07-03,WH-D,Carrier-2,East,1.4,10.36,Critical
4714,2026-08-11,2026-08-15,2026-08-13,WH-D,Carrier-2,East,33.1,150.35,Critical
4715,2026-01-02,2026-01-08,2026-01-12,WH-B,Carrier-1,West,21.6,194.07,Critical
4716,2025-11-04,2025-11-11,2025-11-15,WH-B,Carrier-3,North,35.6,110.12,Express
4717,2026-07-14,2026-07-22,2026-07-30,WH-C,Carrier-3,North,61.5,119.79,Express
4718,2024-08-16,2024-08-19,2024-08-22,WH-A,Carrier-3,West,16.2,113.07,Standard
4719,2024-09-22,2024-09-28,2024-09-30,WH-C,Carrier-3,South,45.7,10.89,Express
4720,2024-05-04,2024-05-11,2024-05-10,WH-D,Carrier-3,East,39.3,65.29,Critical
4721,2026-06-20,2026-06-24,2026-06-22,WH-A,Carrier-2,West,53.7,117.98,Express
4722,2024-11-26,2024-11-28,2024-12-03,WH-D,Carrier-1,South,52.7,191.36,Express
4723,2026-04-07,2026-04-09,2026-04-14,WH-D,Carrier-3,West,78.3,100.51,Critical
4724,2025-06-03,2025-06-06,2025-06-08,WH-A,Carrier-2,South,28.2,172.07,Standard
4725,2025-08-08,2025-08-12,2025-08-12,WH-A,Carrier-2,South,35.5,99.18,Standard
4726,2025-12-24,2025-12-28,2026-01-03,WH-C,Carrier-3,South,53.7,23.27,Critical
4727,2025-02-13,2025-02-18,,WH-A,Carrier-1,East,40.7,177.36,Standard
4728,2025-09-26,2025-10-02,2025-10-06,WH-B,Carrier-3,South,37.2,204.2,Standard
4729,2025-02-08,2025-02-13,2025-02-15,WH-A,Carrier-2,South,17.4,195.1,Critical
4730,2026-02-08,2026-02-11,2026-02-14,WH-D,Carrier-2,West,26.6,9.65,Express
4731,2026-02-06,2026-02-12,2026-02-14,WH-D,Carrier-1,South,59.0,10.25,Express
4732,2026-08-27,2026-08-31,2026-09-01,WH-D,Carrier-1,South,74.6,224.63,Express
4733,2024-07-02,2024-07-04,,WH-C,Carrier-1,South,23.6,112.11,Critical
4734,2025-01-01,2025-01-06,2025-01-14,WH-D,Carrier-1,East,76.9,108.21,Standard
4735,2025-12-02,2025-12-05,2025-12-03,WH-B,Carrier-1,South,16.5,85.35,Critical
4736,2026-01-21,2026-01-27,2026-02-02,WH-A,Carrier-2,East,25.3,183.25,Express
4737,2024-02-14,2024-02-19,2024-02-17,WH-C,Carrier-2,South,46.2,95.08,Critical
4738,2025-11-21,2025-11-28,2025-11-28,WH-D,Carrier-1,East,65.4,206.28,Critical
4739,2024-07-23,2024-07-30,2024-07-31,WH-B,Carrier-1,South,14.0,58.7,Standard
4740,2025-04-27,2025-05-05,,WH-D,Carrier-2,East,9.7,130.27,Critical
4741,2024-03-30,2024-04-04,2024-04-03,WH-B,Carrier-3,East,25.7,239.13,Standard
4742,2026-04-09,2026-04-17,2026-04-16,WH-B,Carrier-3,West,40.7,92.6,Standard
4743,2024-04-19,2024-04-21,2024-04-28,WH-B,Carrier-2,East,31.6,57.49,Critical
4744,2026-04-05,2026-04-09,2026-04-10,WH-B,Carrier-1,East,20.8,199.63,Standard
4745,2025-08-16,2025-08-23,2025-08-29,WH-C,Carrier-1,East,75.1,173.84,Express
4746,2025-11-24,2025-11-30,,WH-A,Carrier-2,East,70.0,151.64,Standard
4747,2024-07-18,2024-07-23,2024-07-26,WH-C,Carrier-1,East,53.9,129.99,Standard
4748,2024-09-15,2024-09-23,2024-09-21,WH-B,Carrier-1,East,47.0,213.38,Standard
4749,2024-06-10,2024-06-17,2024-06-17,WH-D,Carrier-3,West,42.1,88.08,Express
4750,2024-08-03,2024-08-05,2024-08-03,WH-D,Carrier-3,North,77.4,151.88,Critical
4751,2024-01-25,2024-01-31,2024-02-02,WH-B,Carrier-1,North,73.5,12.22,Express
4752,2026-05-23,2026-05-26,2026-06-01,WH-A,Carrier-1,West,12.9,107.46,Standard
4753,2025-02-25,2025-03-01,2025-03-01,WH-D,Carrier-1,East,79.6,75.48,Express
4754,2024-10-13,2024-10-16,2024-10-20,WH-B,Carrier-1,North,33.9,8.74,Standard
4755,2024-10-15,2024-10-18,2024-10-24,WH-B,Carrier-1,South,59.4,59.45,Express
4756,2025-08-23,2025-08-25,2025-09-01,WH-C,Carrier-1,East,9.6,129.22,Critical
4757,2025-09-13,2025-09-16,2025-09-21,WH-D,Carrier-1,North,75.7,11.38,Critical
4758,2025-09-16,2025-09-23,2025-09-29,WH-C,Carrier-1,West,72.8,202.32,Express
4759,2025-08-14,2025-08-16,2025-08-14,WH-C,Carrier-3,East,51.2,118.98,Express
4760,2025-10-06,2025-10-12,2025-10-19,WH-D,Carrier-3,West,45.1,45.84,Standard
4761,2024-11-06,2024-11-14,2024-11-18,WH-B,Carrier-3,South,74.3,133.87,Express
4762,2026-07-13,2026-07-21,2026-07-21,WH-D,Carrier-2,North,56.6,25.24,Critical
4763,2024-05-02,2024-05-09,2024-05-12,WH-B,Carrier-3,East,33.5,148.0,Standard
4764,2024-06-10,2024-06-15,2024-06-18,WH-A,Carrier-3,South,49.2,235.32,Express
4765,2026-06-16,2026-06-20,2026-06-21,WH-A,Carrier-2,South,5.2,144.66,Critical
4766,2026-02-04,2026-02-07,,WH-A,Carrier-3,East,71.9,38.42,Standard
4767,2026-03-30,2026-04-05,2026-04-07,WH-C,Carrier-1,East,62.8,57.3,Critical
4768,2025-07-31,2025-08-03,2025-08-05,WH-A,Carrier-3,East,19.8,54.63,Standard
4769,2025-11-16,2025-11-24,2025-11-22,WH-B,Carrier-1,West,65.6,232.3,Standard
4770,2024-06-06,2024-06-14,2024-06-14,WH-A,Carrier-3,North,11.0,78.42,Express
4771,2026-05-31,2026-06-08,2026-06-06,WH-B,Carrier-3,North,18.9,181.23,Standard
4772,2024-07-10,2024-07-18,2024-07-26,WH-A,Carrier-3,East,76.6,39.82,Express
4773,2024-04-04,2024-04-08,2024-04-11,WH-B,Carrier-1,North,9.8,60.94,Standard
4774,2025-12-20,2025-12-26,2025-12-26,WH-C,Carrier-2,East,23.2,196.85,Express
4775,2024-06-30,2024-07-03,2024-07-05,WH-A,Carrier-1,East,70.4,127.79,Standard
4776,2024-04-15,2024-04-21,2024-04-23,WH-A,Carrier-3,East,25.4,177.38,Critical
4777,2026-04-06,2026-04-13,2026-04-20,WH-C,Carrier-3,East,62.6,128.69,Express
4778,2025-03-05,2025-03-10,2025-03-16,WH-C,Carrier-1,North,58.1,89.47,Standard
4779,2024-07-30,2024-08-07,2024-08-14,WH-C,Carrier-3,East,67.2,223.34,Express
4780,2024-08-20,2024-08-25,2024-08-26,WH-B,Carrier-2,North,57.7,73.82,Express
4781,2024-06-07,2024-06-15,,WH-A,Carrier-3,North,7.1,106.08,Critical
4782,2025-12-26,2026-01-03,2026-01-09,WH-C,Carrier-1,South,17.9,130.97,Critical
4783,2025-02-06,2025-02-14,2025-02-13,WH-B,Carrier-2,North,75.7,66.41,Standard
4784,2024-05-06,2024-05-08,2024-05-07,WH-B,Carrier-3,East,48.7,168.51,Standard
4785,2025-10-04,2025-10-12,2025-10-11,WH-C,Carrier-3,South,11.9,104.61,Standard
4786,2024-04-11,2024-04-15,2024-04-16,WH-D,Carrier-2,South,22.3,66.3,Express
4787,2024-10-31,2024-11-05,2024-11-05,WH-C,Carrier-3,South,67.3,94.81,Critical
4788,2025-07-19,2025-07-27,2025-07-30,WH-A,Carrier-2,South,72.8,19.84,Critical
4789,2024-04-18,2024-04-23,2024-04-29,WH-D,Carrier-1,South,12.8,235.02,Critical
4790,2025-09-27,2025-10-03,2025-10-09,WH-C,Carrier-3,East,8.0,93.88,Express
4791,2025-02-24,2025-03-01,2025-03-04,WH-D,Carrier-2,East,41.7,65.87,Express
4792,2025-09-05,2025-09-09,2025-09-08,WH-B,Carrier-2,North,33.4,129.98,Standard
4793,2025-01-23,2025-01-27,2025-01-28,WH-D,Carrier-1,South,51.9,193.47,Critical
4794,2026-08-19,2026-08-22,2026-08-23,WH-C,Carrier-1,East,73.7,149.08,Standard
4795,2024-11-03,2024-11-10,2024-11-15,WH-C,Carrier-2,South,29.7,36.85,Standard
4796,2025-11-22,2025-11-28,2025-12-02,WH-A,Carrier-3,East,48.4,201.82,Express
4797,2025-02-22,2025-02-26,2025-02-25,WH-B,Carrier-3,South,41.1,117.26,Express
4798,2024-10-10,2024-10-16,2024-10-18,WH-C,Carrier-2,South,25.9,238.23,Standard
4799,2024-07-12,2024-07-16,2024-07-20,WH-C,Carrier-2,South,34.2,233.84,Standard
4800,2024-01-27,2024-02-04,,WH-B,Carrier-2,East,26.1,158.93,Critical
4801,2024-05-27,2024-06-02,2024-06-08,WH-D,Carrier-1,East,17.1,42.07,Standard
4802,2025-04-06,2025-04-10,,WH-D,Carrier-1,West,72.5,122.49,Express
4803,2024-11-12,2024-11-20,2024-11-19,WH-B,Carrier-3,South,40.0,24.02,Express
4804,2026-04-23,2026-04-27,2026-05-02,WH-B,Carrier-1,East,36.8,87.62,Standard
4805,2024-05-06,2024-05-08,2024-05-09,WH-C,Carrier-1,South,53.7,132.98,Standard
4806,2025-10-23,2025-10-25,2025-10-31,WH-D,Carrier-1,South,41.5,24.74,Standard
4807,2024-06-25,2024-07-03,2024-07-09,WH-A,Carrier-1,West,20.2,198.66,Standard
4808,2026-03-30,2026-04-04,2026-04-07,WH-C,Carrier-1,North,44.3,102.3,Standard
4809,2025-03-28,2025-04-05,2025-04-08,WH-C,Carrier-1,West,28.4,157.3,Critical
4810,2024-04-09,2024-04-17,2024-04-18,WH-B,Carrier-3,South,60.9,162.23,Express
4811,2024-03-05,2024-03-07,,WH-A,Carrier-1,East,18.4,172.56,Express
4812,2026-05-15,2026-05-21,2026-05-23,WH-B,Carrier-3,North,37.2,238.41,Express
4813,2024-03-30,2024-04-07,2024-04-14,WH-D,Carrier-1,East,36.5,74.55,Express
4814,2024-09-26,2024-10-01,2024-10-06,WH-C,Carrier-2,West,45.5,184.51,Critical
4815,2024-01-01,2024-01-08,2024-01-07,WH-A,Carrier-1,East,28.4,176.79,Express
4816,2025-06-01,2025-06-07,2025-06-07,WH-B,Carrier-1,West,73.4,155.54,Express
4817,2024-05-11,2024-05-16,2024-05-16,WH-A,Carrier-3,East,72.9,118.38,Critical
4818,2024-02-16,2024-02-19,2024-02-23,WH-D,Carrier-1,West,72.0,167.16,Critical
4819,2026-06-16,2026-06-18,,WH-D,Carrier-3,East,41.9,77.63,Standard
4820,2024-01-14,2024-01-16,2024-01-21,WH-A,Carrier-3,West,65.7,40.62,Express
4821,2025-04-08,2025-04-11,2025-04-11,WH-C,Carrier-3,West,21.7,110.15,Critical
4822,2026-02-17,2026-02-25,2026-02-28,WH-B,Carrier-1,West,41.1,145.88,Critical
4823,2026-07-12,2026-07-14,2026-07-20,WH-C,Carrier-1,East,10.3,69.34,Express
4824,2024-03-30,2024-04-05,2024-04-07,WH-A,Carrier-1,East,51.7,228.68,Standard
4825,2026-03-09,2026-03-12,2026-03-12,WH-C,Carrier-2,East,42.8,167.84,Standard
4826,2024-01-23,2024-01-31,2024-01-31,WH-C,Carrier-1,North,57.9,176.82,Express
4827,2024-07-18,2024-07-22,2024-07-20,WH-C,Carrier-1,North,7.4,212.8,Critical
4828,2024-09-27,2024-09-29,2024-10-03,WH-A,Carrier-3,North,22.8,39.04,Express
4829,2025-11-13,2025-11-17,2025-11-18,WH-A,Carrier-3,South,49.7,177.93,Critical
4830,2024-11-18,2024-11-22,2024-11-29,WH-C,Carrier-3,West,74.4,140.51,Express
4831,2024-01-07,2024-01-14,2024-01-16,WH-B,Carrier-3,North,21.7,135.74,Standard
4832,2024-10-15,2024-10-20,2024-10-23,WH-B,Carrier-3,East,50.3,36.57,Critical
4833,2024-10-25,2024-10-30,2024-11-04,WH-A,Carrier-2,East,43.5,150.61,Express
4834,2026-08-15,2026-08-20,2026-08-26,WH-C,Carrier-3,South,31.4,152.95,Critical
4835,2026-07-17,2026-07-19,2026-07-22,WH-D,Carrier-3,South,49.7,52.38,Express
4836,2025-03-29,2025-04-03,2025-04-08,WH-C,Carrier-3,East,15.1,81.16,Express
4837,2026-04-26,2026-05-01,2026-04-29,WH-C,Carrier-3,West,80.0,232.7,Express
4838,2024-01-17,2024-01-20,,WH-D,Carrier-3,North,15.8,89.29,Critical
4839,2025-12-30,2026-01-06,2026-01-13,WH-B,Carrier-1,West,31.0,83.65,Standard
4840,2024-09-07,2024-09-13,2024-09-15,WH-C,Carrier-1,North,75.6,148.53,Critical
4841,2024-07-31,2024-08-03,2024-08-05,WH-D,Carrier-3,East,44.4,125.85,Critical
4842,2025-01-25,2025-02-01,2025-02-07,WH-B,Carrier-1,South,28.8,39.5,Standard
4843,2025-08-28,2025-09-04,2025-09-04,WH-D,Carrier-2,North,14.4,121.24,Critical
4844,2025-12-11,2025-12-19,2025-12-20,WH-D,Carrier-1,West,60.7,33.15,Standard
4845,2025-06-20,2025-06-24,2025-06-23,WH-C,Carrier-1,North,26.7,108.74,Express
4846,2026-07-05,2026-07-07,2026-07-10,WH-D,Carrier-3,South,78.9,160.19,Critical
4847,2026-03-05,2026-03-12,2026-03-15,WH-D,Carrier-2,East,39.0,165.85,Standard
4848,2025-04-13,2025-04-18,2025-04-20,WH-A,Carrier-2,East,41.3,170.43,Standard
4849,2026-06-30,2026-07-05,2026-07-12,WH-D,Carrier-1,West,69.4,228.79,Standard
4850,2026-06-21,2026-06-29,2026-06-30,WH-C,Carrier-2,East,10.8,107.13,Express
4851,2024-08-30,2024-09-02,2024-09-05,WH-C,Carrier-1,North,41.3,93.88,Critical
4852,2026-01-12,2026-01-18,2026-01-23,WH-B,Carrier-1,East,26.9,156.45,Critical
4853,2026-05-19,2026-05-26,2026-05-27,WH-B,Carrier-1,West,3.6,174.59,Critical
4854,2024-09-20,2024-09-28,2024-10-04,WH-B,Carrier-2,East,22.5,208.59,Express
4855,2024-06-20,2024-06-27,2024-07-03,WH-A,Carrier-1,West,50.7,103.43,Standard
4856,2025-04-11,2025-04-16,2025-04-22,WH-A,Carrier-2,North,77.1,168.3,Express
4857,2025-10-25,2025-11-02,2025-11-04,WH-A,Carrier-2,East,29.1,122.84,Express
4858,2026-04-16,2026-04-23,2026-05-01,WH-B,Carrier-3,North,56.6,220.78,Critical
4859,2025-05-06,2025-05-13,2025-05-18,WH-D,Carrier-3,North,15.5,73.78,Critical
4860,2025-02-05,2025-02-13,2025-02-21,WH-B,Carrier-3,West,5.7,161.23,Standard
4861,2026-01-15,2026-01-17,2026-01-19,WH-B,Carrier-3,East,47.5,190.25,Standard
4862,2025-01-02,2025-01-06,2025-01-05,WH-A,Carrier-2,South,23.6,164.35,Standard
4863,2024-03-13,2024-03-20,2024-03-21,WH-B,Carrier-3,North,50.2,28.98,Standard
4864,2025-07-13,2025-07-20,2025-07-18,WH-C,Carrier-3,North,52.5,39.21,Express
4865,2025-01-09,2025-01-14,2025-01-18,WH-D,Carrier-3,East,7.0,229.54,Express
4866,2024-07-12,2024-07-16,2024-07-22,WH-A,Carrier-3,West,30.5,14.4,Critical
4867,2024-12-29,2025-01-05,2025-01-08,WH-B,Carrier-1,East,61.8,7.08,Express
4868,2024-06-03,2024-06-10,2024-06-13,WH-A,Carrier-3,East,72.1,21.29,Critical
4869,2024-01-12,2024-01-18,2024-01-24,WH-C,Carrier-3,East,33.6,140.12,Critical
4870,2025-10-25,2025-10-31,2025-11-02,WH-A,Carrier-1,South,25.1,236.57,Express
4871,2024-04-22,2024-04-28,2024-04-29,WH-C,Carrier-2,South,52.2,136.83,Standard
4872,2025-10-24,2025-10-26,2025-10-26,WH-C,Carrier-3,North,34.5,108.99,Standard
4873,2024-07-25,2024-07-28,2024-08-02,WH-C,Carrier-3,South,51.3,126.47,Express
4874,2026-06-30,2026-07-08,2026-07-08,WH-B,Carrier-2,East,51.8,183.05,Express
4875,2024-09-16,2024-09-22,2024-09-26,WH-A,Carrier-2,South,27.8,166.57,Standard
4876,2024-08-11,2024-08-16,2024-08-18,WH-C,Carrier-2,South,19.7,55.11,Critical
4877,2024-01-09,2024-01-12,2024-01-16,WH-A,Carrier-3,North,60.3,111.9,Standard
4878,2024-10-22,2024-10-30,2024-11-05,WH-A,Carrier-1,West,38.5,27.79,Standard
4879,2025-05-20,2025-05-22,2025-05-27,WH-B,Carrier-3,South,78.2,98.09,Critical
4880,2026-03-11,2026-03-13,2026-03-17,WH-A,Carrier-2,North,32.1,48.23,Express
4881,2026-05-10,2026-05-18,2026-05-24,WH-B,Carrier-1,North,71.2,229.14,Critical
4882,2026-04-27,2026-04-30,2026-05-05,WH-C,Carrier-1,East,43.5,84.66,Standard
4883,2025-09-15,2025-09-23,2025-09-24,WH-D,Carrier-1,South,47.8,197.22,Critical
4884,2025-01-14,2025-01-21,2025-01-23,WH-C,Carrier-1,West,17.5,58.23,Express
4885,2025-12-09,2025-12-15,2025-12-17,WH-B,Carrier-3,East,19.7,205.34,Critical
4886,2025-04-21,2025-04-24,2025-04-25,WH-B,Carrier-1,North,34.2,124.87,Critical
4887,2025-11-21,2025-11-23,2025-11-27,WH-B,Carrier-3,South,8.4,123.16,Standard
4888,2025-10-01,2025-10-06,2025-10-08,WH-C,Carrier-1,East,4.2,61.5,Express
4889,2025-06-22,2025-06-27,2025-06-29,WH-A,Carrier-3,West,61.4,131.29,Critical
4890,2025-05-19,2025-05-25,2025-06-02,WH-D,Carrier-3,East,1.6,65.53,Critical
4891,2026-07-04,2026-07-12,2026-07-16,WH-D,Carrier-3,East,25.1,217.51,Express
4892,2024-09-02,2024-09-10,2024-09-08,WH-D,Carrier-2,North,38.2,20.94,Critical
4893,2025-04-01,2025-04-07,2025-04-11,WH-D,Carrier-3,North,15.5,167.95,Critical
4894,2024-04-12,2024-04-19,2024-04-22,WH-D,Carrier-1,North,2.9,216.46,Standard
4895,2025-12-21,2025-12-26,2025-12-27,WH-B,Carrier-2,West,52.0,29.31,Standard
4896,2025-08-04,2025-08-08,2025-08-07,WH-C,Carrier-1,East,25.8,102.33,Standard
4897,2024-09-06,2024-09-14,2024-09-15,WH-D,Carrier-2,West,36.0,217.61,Standard
4898,2025-12-23,2025-12-28,,WH-A,Carrier-2,South,2.6,165.32,Standard
4899,2025-12-09,2025-12-11,,WH-D,Carrier-2,West,78.8,167.95,Critical
4900,2026-01-12,2026-01-17,2026-01-23,WH-C,Carrier-3,East,20.2,152.7,Express
4901,2024-03-28,2024-04-05,2024-04-11,WH-D,Carrier-2,North,9.2,168.39,Standard
4902,2025-03-20,2025-03-26,2025-03-31,WH-D,Carrier-2,West,18.9,173.02,Express
4903,2025-11-15,2025-11-20,2025-11-26,WH-D,Carrier-1,West,71.9,206.93,Express
4904,2025-08-23,2025-08-25,2025-08-29,WH-C,Carrier-2,North,78.5,45.15,Critical
4905,2024-10-22,2024-10-30,2024-10-31,WH-B,Carrier-2,East,25.8,128.68,Critical
4906,2025-06-28,2025-07-04,,WH-D,Carrier-3,North,15.6,62.84,Standard
4907,2024-08-20,2024-08-28,2024-09-01,WH-C,Carrier-2,West,31.1,125.32,Critical
4908,2024-08-19,2024-08-25,2024-08-30,WH-B,Carrier-3,West,28.9,33.48,Express
4909,2026-02-24,2026-03-03,2026-03-04,WH-C,Carrier-2,East,57.8,191.66,Standard
4910,2024-04-01,2024-04-05,,WH-A,Carrier-2,East,59.0,48.88,Standard
4911,2025-11-23,2025-11-26,2025-11-26,WH-D,Carrier-1,East,27.8,48.47,Express
4912,2026-03-15,2026-03-18,2026-03-17,WH-A,Carrier-2,West,52.6,168.55,Critical
4913,2026-06-09,2026-06-11,,WH-A,Carrier-1,West,66.8,153.09,Standard
4914,2025-12-19,2025-12-24,2025-12-24,WH-C,Carrier-3,East,67.1,94.12,Critical
4915,2024-04-19,2024-04-27,2024-05-01,WH-B,Carrier-1,East,39.8,42.88,Critical
4916,2024-11-09,2024-11-13,2024-11-20,WH-D,Carrier-3,North,6.6,167.84,Standard
4917,2025-06-18,2025-06-21,2025-06-24,WH-A,Carrier-2,South,58.2,40.83,Express
4918,2024-08-21,2024-08-28,2024-08-29,WH-C,Carrier-1,East,29.2,165.03,Express
4919,2025-06-27,2025-07-05,2025-07-09,WH-A,Carrier-3,West,62.5,56.45,Critical
4920,2026-02-24,2026-02-26,,WH-A,Carrier-1,South,74.4,128.12,Standard
4921,2025-04-03,2025-04-11,2025-04-16,WH-D,Carrier-2,West,78.4,231.59,Standard
4922,2024-02-28,2024-03-05,2024-03-09,WH-D,Carrier-3,South,18.7,7.73,Express
4923,2025-10-22,2025-10-26,2025-10-24,WH-A,Carrier-3,South,18.0,194.49,Critical
4924,2026-07-20,2026-07-26,2026-07-30,WH-B,Carrier-2,South,78.8,208.6,Standard
4925,2025-02-09,2025-02-12,2025-02-14,WH-C,Carrier-1,East,54.4,169.78,Express
4926,2026-02-18,2026-02-20,2026-02-28,WH-A,Carrier-3,East,22.8,38.54,Critical
4927,2026-04-08,2026-04-14,2026-04-12,WH-B,Carrier-3,East,52.3,71.98,Express
4928,2026-03-24,2026-03-29,2026-04-03,WH-A,Carrier-2,East,21.9,235.17,Critical
4929,2026-03-14,2026-03-20,2026-03-24,WH-B,Carrier-3,East,34.0,225.53,Express
4930,2025-03-16,2025-03-23,2025-03-26,WH-B,Carrier-1,West,33.8,148.07,Critical
4931,2024-05-23,2024-05-26,2024-05-25,WH-A,Carrier-3,North,64.5,220.22,Critical
4932,2024-07-07,2024-07-09,2024-07-12,WH-B,Carrier-2,East,51.9,80.72,Express
4933,2024-08-24,2024-08-28,2024-08-27,WH-C,Carrier-2,North,2.0,234.33,Standard
4934,2024-11-13,2024-11-20,2024-11-26,WH-B,Carrier-2,East,35.2,193.4,Critical
4935,2026-07-29,2026-08-01,2026-08-05,WH-B,Carrier-2,West,12.3,179.33,Critical
4936,2024-07-19,2024-07-27,,WH-B,Carrier-3,West,59.0,233.94,Express
4937,2025-12-22,2025-12-27,2025-12-29,WH-C,Carrier-2,South,30.5,136.9,Express
4938,2025-02-26,2025-03-02,2025-03-08,WH-C,Carrier-3,South,1.6,57.04,Express
4939,2025-12-12,2025-12-18,2025-12-19,WH-C,Carrier-1,East,52.5,167.03,Standard
4940,2025-03-04,2025-03-12,2025-03-17,WH-D,Carrier-2,West,25.1,50.04,Critical
4941,2025-04-03,2025-04-08,2025-04-14,WH-B,Carrier-1,North,57.1,56.49,Standard
4942,2025-09-29,2025-10-04,2025-10-02,WH-A,Carrier-1,North,6.2,146.18,Express
4943,2025-10-23,2025-10-26,2025-10-28,WH-A,Carrier-1,South,58.6,4.86,Critical
4944,2025-02-12,2025-02-14,2025-02-13,WH-B,Carrier-2,East,73.4,44.28,Standard
4945,2026-05-05,2026-05-09,,WH-D,Carrier-2,East,18.8,79.25,Standard
4946,2024-11-14,2024-11-19,2024-11-18,WH-C,Carrier-3,North,34.1,122.08,Critical
4947,2025-08-17,2025-08-21,,WH-A,Carrier-3,North,19.2,200.82,Critical
4948,2024-05-11,2024-05-17,2024-05-25,WH-A,Carrier-3,South,11.9,209.07,Standard
4949,2025-03-22,2025-03-29,2025-04-05,WH-C,Carrier-2,North,6.4,79.18,Standard
4950,2026-05-13,2026-05-20,2026-05-28,WH-A,Carrier-1,East,15.8,23.24,Express
4951,2025-11-25,2025-12-02,2025-12-08,WH-D,Carrier-2,South,54.3,226.69,Express
4952,2024-06-20,2024-06-22,2024-06-27,WH-B,Carrier-1,South,31.3,141.22,Express
4953,2025-01-30,2025-02-04,2025-02-09,WH-A,Carrier-3,East,63.5,180.82,Standard
4954,2024-10-28,2024-11-04,2024-11-07,WH-B,Carrier-2,West,42.5,227.08,Express
4955,2025-01-15,2025-01-19,2025-01-26,WH-B,Carrier-3,West,4.6,77.12,Standard
4956,2024-05-15,2024-05-17,2024-05-24,WH-B,Carrier-3,West,48.2,62.54,Standard
4957,2024-10-31,2024-11-05,2024-11-06,WH-A,Carrier-2,East,70.3,86.67,Critical
4958,2026-02-17,2026-02-19,2026-02-19,WH-A,Carrier-3,North,22.9,166.95,Standard
4959,2026-05-22,2026-05-28,2026-05-28,WH-D,Carrier-3,East,61.9,135.1,Standard
4960,2024-08-17,2024-08-23,2024-08-31,WH-C,Carrier-3,South,60.7,126.37,Critical
4961,2026-07-31,2026-08-04,2026-08-02,WH-A,Carrier-1,North,18.6,166.57,Critical
4962,2024-08-17,2024-08-24,2024-08-29,WH-A,Carrier-2,West,38.3,114.72,Express
4963,2025-04-28,2025-05-05,2025-05-12,WH-C,Carrier-3,South,75.5,109.93,Critical
4964,2025-06-22,2025-06-28,2025-07-03,WH-B,Carrier-2,West,50.6,37.86,Critical
4965,2026-07-04,2026-07-10,2026-07-12,WH-B,Carrier-2,West,32.9,201.16,Express
4966,2026-04-03,2026-04-11,2026-04-15,WH-D,Carrier-3,West,40.0,212.32,Standard
4967,2025-06-15,2025-06-23,2025-06-21,WH-D,Carrier-3,West,55.2,209.82,Standard
4968,2024-05-20,2024-05-24,2024-05-27,WH-C,Carrier-2,North,19.2,142.3,Standard
4969,2024-04-30,2024-05-03,2024-05-05,WH-A,Carrier-2,East,45.5,79.44,Express
4970,2025-09-01,2025-09-07,2025-09-15,WH-A,Carrier-3,South,3.3,83.0,Critical
4971,2024-09-11,2024-09-14,2024-09-22,WH-B,Carrier-3,South,18.8,156.92,Critical
4972,2025-01-10,2025-01-13,,WH-D,Carrier-3,South,69.4,183.32,Express
4973,2026-02-28,2026-03-07,2026-03-10,WH-C,Carrier-3,South,3.9,224.42,Standard
4974,2024-06-02,2024-06-04,,WH-A,Carrier-1,South,61.9,73.92,Standard
4975,2025-12-15,2025-12-20,2025-12-25,WH-D,Carrier-3,North,16.2,130.06,Express
4976,2024-02-22,2024-02-28,2024-03-05,WH-C,Carrier-1,East,13.4,232.18,Express
4977,2026-03-22,2026-03-30,2026-04-02,WH-B,Carrier-2,West,20.3,228.84,Critical
4978,2026-08-25,2026-08-29,2026-09-02,WH-B,Carrier-3,West,37.1,75.58,Standard
4979,2024-10-15,2024-10-19,2024-10-18,WH-B,Carrier-1,South,3.8,157.44,Standard
4980,2025-06-15,2025-06-23,2025-06-22,WH-B,Carrier-3,West,43.0,9.68,Standard
4981,2025-10-04,2025-10-10,2025-10-12,WH-A,Carrier-2,North,43.8,197.67,Express
4982,2025-08-06,2025-08-08,2025-08-11,WH-A,Carrier-3,North,28.8,225.09,Standard
4983,2024-12-03,2024-12-09,2024-12-10,WH-D,Carrier-1,North,11.1,16.6,Standard
4984,2026-03-31,2026-04-04,2026-04-04,WH-C,Carrier-3,East,19.0,35.93,Standard
4985,2024-05-27,2024-06-02,2024-06-01,WH-A,Carrier-3,East,74.5,92.88,Express
4986,2024-04-01,2024-04-04,2024-04-11,WH-A,Carrier-1,East,1.9,89.13,Critical
4987,2025-06-14,2025-06-17,2025-06-21,WH-C,Carrier-3,South,48.9,94.55,Standard
4988,2024-11-04,2024-11-08,2024-11-06,WH-D,Carrier-2,West,39.7,189.16,Critical
4989,2026-06-26,2026-06-30,2026-07-08,WH-B,Carrier-1,East,50.9,226.01,Standard
4990,2024-09-15,2024-09-21,2024-09-19,WH-B,Carrier-2,West,65.0,54.7,Express
4991,2024-02-03,2024-02-08,2024-02-16,WH-C,Carrier-3,North,52.5,86.9,Express
4992,2025-02-04,2025-02-10,2025-02-09,WH-B,Carrier-2,West,10.6,53.85,Express
4993,2024-09-01,2024-09-03,2024-09-07,WH-A,Carrier-1,South,14.6,224.56,Express
4994,2026-03-07,2026-03-14,2026-03-17,WH-D,Carrier-1,North,14.4,99.92,Standard
4995,2024-09-10,2024-09-16,2024-09-22,WH-C,Carrier-1,West,70.1,21.36,Standard
4996,2024-09-29,2024-10-05,,WH-D,Carrier-3,South,63.4,233.01,Standard
4997,2024-09-16,2024-09-19,2024-09-17,WH-A,Carrier-3,North,53.7,10.07,Express
4998,2025-05-31,2025-06-08,,WH-A,Carrier-3,West,29.6,84.69,Critical
4999,2025-01-13,2025-01-21,2025-01-27,WH-A,Carrier-1,North,77.4,161.78,Critical
5000,2025-01-29,2025-02-06,2025-02-04,WH-A,Carrier-2,East,28.0,198.88,Express
5001,2024-07-31,2024-08-08,2024-08-09,WH-C,Carrier-1,North,74.6,28.02,Critical
5002,2024-02-23,2024-02-25,2024-02-26,WH-B,Carrier-3,South,13.8,174.01,Express
5003,2024-09-03,2024-09-06,2024-09-11,WH-D,Carrier-3,East,65.0,176.95,Standard
5004,2026-04-30,2026-05-07,2026-05-12,WH-B,Carrier-3,East,25.4,179.65,Critical
5005,2025-08-11,2025-08-17,2025-08-17,WH-C,Carrier-2,West,36.9,96.36,Standard
5006,2025-08-11,2025-08-18,2025-08-22,WH-D,Carrier-2,South,78.2,84.74,Express
5007,2026-02-03,2026-02-08,2026-02-08,WH-B,Carrier-1,South,62.2,86.27,Express
5008,2025-06-05,2025-06-08,2025-06-07,WH-B,Carrier-1,North,55.1,165.94,Standard
5009,2024-09-22,2024-09-27,2024-10-04,WH-B,Carrier-1,East,34.5,167.94,Standard
5010,2024-07-07,2024-07-12,2024-07-14,WH-C,Carrier-3,East,44.2,224.95,Standard
5011,2025-05-03,2025-05-10,2025-05-10,WH-B,Carrier-3,West,37.3,112.3,Express
5012,2024-01-02,2024-01-09,2024-01-15,WH-C,Carrier-2,West,77.7,193.87,Express
5013,2026-05-26,2026-06-02,2026-06-07,WH-B,Carrier-1,West,37.8,78.21,Critical
5014,2024-04-22,2024-04-25,2024-04-23,WH-D,Carrier-2,West,41.5,130.75,Express
5015,2025-02-28,2025-03-04,2025-03-09,WH-D,Carrier-3,West,26.2,26.61,Critical
5016,2025-02-02,2025-02-06,2025-02-11,WH-B,Carrier-3,South,71.6,116.67,Critical
5017,2026-07-29,2026-08-05,2026-08-12,WH-D,Carrier-3,West,19.2,77.55,Express
5018,2024-06-09,2024-06-11,2024-06-13,WH-D,Carrier-3,North,22.5,16.11,Express
5019,2026-07-20,2026-07-27,2026-07-28,WH-B,Carrier-3,West,72.0,65.64,Standard
5020,2026-06-28,2026-07-01,2026-06-29,WH-C,Carrier-1,North,17.4,106.81,Critical
5021,2025-05-31,2025-06-02,2025-06-02,WH-C,Carrier-3,West,65.5,150.71,Express
5022,2025-11-12,2025-11-17,2025-11-15,WH-C,Carrier-2,East,33.5,36.84,Critical
5023,2024-07-29,2024-08-05,2024-08-10,WH-A,Carrier-1,East,37.7,44.48,Express
5024,2025-05-11,2025-05-16,2025-05-22,WH-D,Carrier-2,West,1.9,142.32,Express
5025,2024-07-02,2024-07-09,2024-07-07,WH-D,Carrier-1,South,46.2,46.53,Standard
5026,2026-06-27,2026-07-03,2026-07-05,WH-D,Carrier-1,East,48.0,171.89,Express
5027,2026-07-26,2026-07-31,2026-08-03,WH-D,Carrier-1,South,60.2,15.44,Express
5028,2024-01-15,2024-01-18,2024-01-18,WH-D,Carrier-1,South,21.7,14.16,Critical
5029,2024-09-23,2024-09-29,2024-09-29,WH-A,Carrier-3,West,50.9,222.56,Standard
5030,2025-05-14,2025-05-22,2025-05-21,WH-D,Carrier-1,West,77.8,8.42,Express
5031,2024-06-11,2024-06-16,,WH-C,Carrier-2,South,35.1,23.31,Standard
5032,2024-06-12,2024-06-17,2024-06-18,WH-A,Carrier-2,South,44.5,139.56,Critical
5033,2024-06-30,2024-07-02,2024-07-10,WH-D,Carrier-1,South,21.7,40.07,Critical
5034,2026-03-06,2026-03-10,2026-03-18,WH-D,Carrier-1,South,77.3,62.13,Critical
5035,2024-11-29,2024-12-07,2024-12-15,WH-D,Carrier-1,North,5.7,217.41,Express
5036,2025-03-29,2025-04-03,2025-04-05,WH-C,Carrier-1,North,77.2,52.9,Critical
5037,2024-12-02,2024-12-04,2024-12-03,WH-A,Carrier-3,West,55.7,145.93,Express
5038,2024-01-12,2024-01-18,2024-01-25,WH-B,Carrier-2,East,72.2,186.91,Express
5039,2025-02-19,2025-02-23,2025-02-28,WH-C,Carrier-3,West,13.6,106.54,Standard
5040,2025-01-12,2025-01-19,2025-01-20,WH-B,Carrier-2,South,67.5,59.6,Express
5041,2026-03-23,2026-03-28,2026-04-04,WH-B,Carrier-3,South,76.4,212.74,Express
5042,2025-08-27,2025-08-31,2025-09-04,WH-A,Carrier-2,South,20.4,78.91,Express
5043,2026-02-22,2026-02-24,2026-03-02,WH-D,Carrier-1,North,9.5,4.36,Critical
5044,2024-07-12,2024-07-18,2024-07-19,WH-D,Carrier-3,East,13.1,191.8,Critical
5045,2025-10-06,2025-10-14,2025-10-14,WH-D,Carrier-1,South,54.5,158.2,Critical
5046,2025-12-02,2025-12-05,2025-12-08,WH-B,Carrier-2,West,16.1,233.4,Express
5047,2024-03-05,2024-03-09,2024-03-11,WH-D,Carrier-2,East,2.9,67.64,Standard
5048,2025-08-11,2025-08-13,2025-08-15,WH-A,Carrier-3,East,16.0,198.25,Standard
5049,2026-04-21,2026-04-28,2026-04-30,WH-D,Carrier-1,East,79.6,49.71,Standard
5050,2024-03-14,2024-03-20,2024-03-25,WH-C,Carrier-2,South,51.0,169.41,Standard
5051,2024-11-25,2024-11-28,2024-12-06,WH-B,Carrier-1,East,68.6,51.06,Standard
5052,2026-05-30,2026-06-07,2026-06-06,WH-C,Carrier-1,North,36.7,77.02,Express
5053,2024-08-27,2024-08-31,2024-09-04,WH-D,Carrier-1,South,79.3,217.09,Critical
5054,2025-10-01,2025-10-08,2025-10-11,WH-A,Carrier-2,North,37.8,158.31,Critical
5055,2025-12-30,2026-01-02,2026-01-03,WH-D,Carrier-2,West,26.6,119.63,Critical
5056,2024-11-27,2024-11-30,2024-12-08,WH-A,Carrier-1,South,20.6,44.59,Standard
5057,2025-09-28,2025-10-06,2025-10-06,WH-B,Carrier-3,South,68.3,232.25,Express
5058,2026-07-15,2026-07-18,2026-07-16,WH-A,Carrier-3,West,38.1,206.25,Standard
5059,2025-02-11,2025-02-14,2025-02-17,WH-C,Carrier-2,South,79.0,34.75,Critical
5060,2025-07-08,2025-07-14,2025-07-12,WH-A,Carrier-2,North,23.4,184.12,Standard
5061,2026-02-10,2026-02-16,2026-02-15,WH-D,Carrier-3,South,69.6,91.38,Express
5062,2025-07-16,2025-07-23,2025-07-22,WH-B,Carrier-2,West,41.0,235.33,Critical
5063,2024-02-01,2024-02-05,2024-02-08,WH-A,Carrier-2,East,63.8,107.0,Standard
5064,2024-06-30,2024-07-06,2024-07-09,WH-D,Carrier-3,South,60.8,229.78,Critical
5065,2025-03-19,2025-03-26,2025-04-03,WH-B,Carrier-3,South,18.8,200.48,Express
5066,2024-04-27,2024-05-05,2024-05-05,WH-B,Carrier-3,East,43.2,237.27,Express
5067,2026-08-07,2026-08-11,2026-08-14,WH-B,Carrier-3,North,37.0,100.62,Standard
5068,2025-08-17,2025-08-20,2025-08-22,WH-B,Carrier-3,East,5.5,154.17,Standard
5069,2024-10-23,2024-10-31,2024-11-02,WH-C,Carrier-2,East,41.8,86.89,Standard
5070,2026-05-04,2026-05-07,2026-05-15,WH-A,Carrier-3,South,29.7,190.29,Express
5071,2024-08-03,2024-08-10,2024-08-18,WH-A,Carrier-2,South,7.7,62.26,Standard
5072,2025-12-14,2025-12-19,2025-12-21,WH-D,Carrier-1,East,21.4,20.96,Standard
5073,2025-07-22,2025-07-29,2025-08-03,WH-C,Carrier-1,West,12.1,175.81,Critical
5074,2025-07-04,2025-07-12,2025-07-12,WH-B,Carrier-1,East,4.5,238.16,Standard
5075,2025-02-03,2025-02-10,2025-02-11,WH-C,Carrier-3,East,39.0,91.78,Express
5076,2025-10-27,2025-10-29,2025-11-02,WH-D,Carrier-2,South,70.6,100.76,Critical
5077,2024-05-16,2024-05-20,2024-05-25,WH-A,Carrier-2,North,20.4,210.07,Standard
5078,2024-05-27,2024-06-01,2024-06-01,WH-C,Carrier-1,North,25.6,40.33,Standard
5079,2025-02-18,2025-02-23,2025-02-27,WH-B,Carrier-3,North,19.2,220.66,Express
5080,2025-09-13,2025-09-18,2025-09-24,WH-C,Carrier-1,East,40.5,138.62,Standard
5081,2024-06-27,2024-07-05,2024-07-12,WH-D,Carrier-3,East,32.6,154.96,Critical
5082,2024-12-21,2024-12-23,2024-12-30,WH-B,Carrier-3,East,25.1,210.13,Express
5083,2024-01-28,2024-02-04,2024-02-08,WH-A,Carrier-1,East,37.6,170.54,Standard
5084,2024-06-25,2024-07-01,2024-07-05,WH-C,Carrier-1,South,73.1,184.41,Standard
5085,2024-07-08,2024-07-10,2024-07-10,WH-B,Carrier-1,South,5.9,145.58,Standard
5086,2024-02-29,2024-03-04,2024-03-04,WH-D,Carrier-1,South,11.2,150.96,Standard
5087,2026-02-22,2026-02-26,2026-03-05,WH-D,Carrier-3,South,43.3,96.62,Critical
5088,2024-10-25,2024-11-02,2024-11-02,WH-B,Carrier-3,West,62.5,59.66,Express
5089,2026-01-25,2026-02-02,2026-02-10,WH-B,Carrier-1,South,7.4,25.0,Standard
5090,2024-09-16,2024-09-20,2024-09-23,WH-C,Carrier-3,North,79.6,79.96,Critical
5091,2024-10-30,2024-11-04,2024-11-05,WH-D,Carrier-1,North,11.1,191.82,Standard
5092,2025-08-05,2025-08-10,2025-08-12,WH-A,Carrier-2,South,72.4,210.04,Standard
5093,2026-08-24,2026-08-27,2026-08-30,WH-C,Carrier-2,South,61.2,49.61,Express
5094,2025-05-09,2025-05-17,2025-05-21,WH-C,Carrier-3,South,3.5,137.65,Standard
5095,2025-09-29,2025-10-07,2025-10-14,WH-C,Carrier-1,North,68.4,151.14,Express
5096,2025-01-24,2025-02-01,2025-02-03,WH-A,Carrier-3,West,66.0,204.49,Express
5097,2025-08-03,2025-08-05,,WH-A,Carrier-2,South,9.7,174.24,Critical
5098,2026-05-10,2026-05-18,2026-05-20,WH-C,Carrier-1,West,33.5,140.98,Express
5099,2025-11-27,2025-12-03,2025-12-11,WH-A,Carrier-3,East,77.8,230.56,Critical
5100,2024-12-26,2024-12-30,2025-01-05,WH-C,Carrier-1,South,69.4,32.53,Critical
5101,2026-07-08,2026-07-14,2026-07-12,WH-D,Carrier-3,East,22.7,129.96,Express
5102,2024-11-20,2024-11-28,2024-11-26,WH-A,Carrier-2,East,16.4,160.98,Critical
5103,2026-03-17,2026-03-24,2026-03-29,WH-C,Carrier-2,South,8.9,184.78,Standard
5104,2024-01-09,2024-01-16,2024-01-18,WH-B,Carrier-2,West,49.0,208.53,Critical
5105,2026-03-15,2026-03-20,2026-03-27,WH-D,Carrier-3,North,77.2,59.89,Express
5106,2026-06-04,2026-06-07,2026-06-06,WH-A,Carrier-1,North,65.5,176.74,Critical
5107,2024-04-23,2024-04-30,2024-05-06,WH-D,Carrier-2,South,57.4,197.51,Critical
5108,2024-08-11,2024-08-17,2024-08-22,WH-C,Carrier-2,West,73.9,145.22,Express
5109,2024-03-15,2024-03-17,2024-03-15,WH-B,Carrier-3,South,30.1,41.73,Standard
5110,2025-09-13,2025-09-16,2025-09-17,WH-C,Carrier-3,South,60.4,26.04,Standard
5111,2025-12-30,2026-01-03,,WH-D,Carrier-3,North,40.4,67.78,Critical
5112,2025-09-28,2025-09-30,2025-10-07,WH-B,Carrier-1,South,27.6,114.06,Standard
5113,2024-10-06,2024-10-09,2024-10-12,WH-A,Carrier-3,South,55.8,137.46,Express
5114,2025-02-21,2025-02-24,2025-03-02,WH-A,Carrier-3,East,61.3,139.25,Express
5115,2025-08-08,2025-08-15,2025-08-13,WH-C,Carrier-1,South,44.5,78.45,Critical
5116,2024-12-26,2025-01-03,2025-01-06,WH-C,Carrier-3,West,21.0,162.34,Standard
5117,2026-04-27,2026-05-04,2026-05-04,WH-C,Carrier-1,West,74.9,202.55,Critical
5118,2024-01-17,2024-01-19,2024-01-22,WH-D,Carrier-1,East,2.8,71.52,Critical
5119,2026-01-27,2026-02-01,2026-02-01,WH-C,Carrier-3,South,48.5,98.38,Express
5120,2025-05-17,2025-05-22,,WH-D,Carrier-3,South,43.1,116.42,Critical
5121,2025-03-28,2025-04-04,2025-04-07,WH-D,Carrier-1,East,0.9,83.55,Critical
5122,2024-12-07,2024-12-15,2024-12-22,WH-D,Carrier-3,West,38.7,217.65,Express
5123,2025-09-22,2025-09-30,2025-10-07,WH-D,Carrier-1,South,26.2,144.61,Standard
5124,2024-06-16,2024-06-21,2024-06-20,WH-C,Carrier-1,South,20.6,134.98,Standard
5125,2025-10-29,2025-11-02,2025-11-10,WH-B,Carrier-3,East,68.2,15.44,Express
5126,2025-09-02,2025-09-06,2025-09-05,WH-C,Carrier-2,East,65.8,107.62,Critical
5127,2025-02-24,2025-03-02,2025-03-06,WH-C,Carrier-2,West,32.0,12.14,Standard
5128,2024-12-24,2024-12-31,2025-01-07,WH-C,Carrier-3,North,55.4,143.78,Standard
5129,2025-02-05,2025-02-10,2025-02-08,WH-C,Carrier-3,South,75.6,38.65,Standard
5130,2024-07-18,2024-07-21,2024-07-27,WH-C,Carrier-3,South,11.8,225.56,Standard
5131,2025-05-22,2025-05-26,2025-05-30,WH-A,Carrier-1,North,68.0,148.08,Express
5132,2025-03-25,2025-03-28,2025-04-04,WH-C,Carrier-3,West,21.3,47.18,Critical
5133,2025-03-15,2025-03-19,2025-03-19,WH-B,Carrier-1,West,1.7,165.41,Critical
5134,2025-07-21,2025-07-24,2025-07-25,WH-B,Carrier-3,South,18.3,145.68,Standard
5135,2026-06-26,2026-07-01,2026-06-29,WH-D,Carrier-2,East,66.0,11.55,Critical
5136,2026-06-15,2026-06-19,2026-06-20,WH-C,Carrier-1,South,58.4,87.29,Critical
5137,2026-01-27,2026-02-03,2026-02-10,WH-A,Carrier-3,North,65.6,149.76,Express
5138,2026-06-20,2026-06-27,2026-07-03,WH-C,Carrier-3,East,47.6,124.7,Standard
5139,2024-05-07,2024-05-15,2024-05-14,WH-B,Carrier-3,West,74.2,151.4,Critical
5140,2024-06-04,2024-06-11,2024-06-16,WH-B,Carrier-1,West,64.0,101.72,Standard
5141,2024-05-28,2024-06-01,2024-06-05,WH-A,Carrier-1,East,44.8,41.86,Standard
5142,2025-09-01,2025-09-07,2025-09-05,WH-B,Carrier-2,South,53.1,210.42,Express
5143,2025-04-02,2025-04-07,2025-04-10,WH-A,Carrier-3,East,46.5,202.94,Critical
5144,2025-10-29,2025-11-02,2025-10-31,WH-A,Carrier-3,East,28.1,158.66,Critical
5145,2024-08-28,2024-09-05,2024-09-03,WH-D,Carrier-1,West,47.3,94.41,Critical
5146,2025-10-08,2025-10-16,2025-10-14,WH-A,Carrier-1,South,4.1,87.91,Express
5147,2026-03-05,2026-03-10,2026-03-18,WH-D,Carrier-1,North,22.6,223.21,Express
5148,2025-03-20,2025-03-23,2025-03-30,WH-D,Carrier-2,West,73.4,184.41,Express
5149,2025-03-17,2025-03-22,2025-03-27,WH-B,Carrier-2,East,56.9,63.16,Express
5150,2026-08-03,2026-08-11,2026-08-09,WH-A,Carrier-1,West,4.3,9.04,Standard
5151,2025-03-17,2025-03-19,2025-03-21,WH-B,Carrier-3,West,68.2,38.31,Standard
5152,2025-11-07,2025-11-14,2025-11-14,WH-C,Carrier-3,East,2.4,165.16,Critical
5153,2026-06-08,2026-06-14,2026-06-22,WH-B,Carrier-2,South,62.4,235.42,Express
5154,2025-02-06,2025-02-10,2025-02-08,WH-D,Carrier-2,South,68.2,50.22,Standard
5155,2025-04-01,2025-04-09,2025-04-16,WH-D,Carrier-1,East,54.8,26.44,Express
5156,2024-05-03,2024-05-05,2024-05-10,WH-D,Carrier-3,East,63.3,81.2,Critical
5157,2025-04-29,2025-05-04,2025-05-09,WH-C,Carrier-3,West,70.7,179.6,Critical
5158,2024-09-27,2024-10-02,2024-10-06,WH-C,Carrier-3,North,40.8,76.4,Express
5159,2025-07-03,2025-07-06,2025-07-08,WH-C,Carrier-2,East,74.0,211.59,Critical
5160,2026-04-06,2026-04-13,2026-04-15,WH-C,Carrier-1,South,28.4,46.1,Express
5161,2024-07-09,2024-07-15,2024-07-19,WH-D,Carrier-2,East,12.2,87.41,Standard
5162,2026-02-07,2026-02-09,2026-02-16,WH-A,Carrier-1,South,19.5,65.63,Express
5163,2025-02-18,2025-02-22,2025-03-01,WH-C,Carrier-2,West,18.0,157.49,Standard
5164,2024-09-08,2024-09-12,2024-09-15,WH-B,Carrier-3,West,33.8,18.91,Express
5165,2026-06-14,2026-06-22,2026-06-28,WH-A,Carrier-3,South,37.1,170.38,Express
5166,2025-05-09,2025-05-13,2025-05-11,WH-D,Carrier-2,North,11.5,79.7,Standard
5167,2026-01-24,2026-02-01,2026-01-31,WH-B,Carrier-1,South,62.4,115.95,Express
5168,2024-09-16,2024-09-20,,WH-A,Carrier-2,South,46.9,161.27,Critical
5169,2025-01-27,2025-02-03,2025-02-07,WH-D,Carrier-1,East,43.9,124.7,Standard
5170,2024-05-17,2024-05-22,2024-05-28,WH-A,Carrier-2,North,11.7,99.76,Critical
5171,2024-08-08,2024-08-14,2024-08-17,WH-C,Carrier-2,South,68.9,20.61,Express
5172,2025-04-15,2025-04-21,,WH-B,Carrier-3,East,62.9,42.72,Express
5173,2024-08-14,2024-08-16,2024-08-17,WH-B,Carrier-2,East,65.4,110.19,Critical
5174,2026-07-11,2026-07-13,2026-07-11,WH-C,Carrier-3,South,65.3,140.66,Standard
5175,2026-08-20,2026-08-28,2026-09-04,WH-C,Carrier-2,West,64.4,110.84,Critical
5176,2025-03-30,2025-04-03,2025-04-06,WH-C,Carrier-1,West,6.8,24.83,Critical
5177,2025-11-15,2025-11-17,2025-11-21,WH-D,Carrier-1,West,21.9,212.95,Standard
5178,2026-08-03,2026-08-07,2026-08-15,WH-D,Carrier-2,North,23.6,210.1,Critical
5179,2024-03-06,2024-03-08,2024-03-15,WH-B,Carrier-1,East,15.4,30.04,Express
5180,2025-05-09,2025-05-15,2025-05-16,WH-D,Carrier-3,North,40.3,37.23,Critical
5181,2026-04-02,2026-04-06,2026-04-06,WH-D,Carrier-1,North,67.5,131.14,Express
5182,2026-07-08,2026-07-14,2026-07-17,WH-D,Carrier-1,West,9.5,236.84,Express
5183,2026-07-20,2026-07-28,2026-08-04,WH-C,Carrier-1,North,76.7,182.37,Standard
5184,2025-08-03,2025-08-10,2025-08-15,WH-C,Carrier-1,West,4.7,5.04,Express
5185,2026-01-16,2026-01-20,2026-01-24,WH-B,Carrier-3,South,17.5,70.83,Express
5186,2026-03-26,2026-03-28,2026-03-28,WH-D,Carrier-1,West,43.9,234.52,Express
5187,2025-04-14,2025-04-16,2025-04-15,WH-B,Carrier-1,South,41.3,160.69,Standard
5188,2026-01-11,2026-01-18,2026-01-20,WH-C,Carrier-1,North,69.8,62.22,Standard
5189,2024-02-22,2024-02-24,2024-02-26,WH-C,Carrier-2,East,25.0,150.79,Express
5190,2026-04-24,2026-05-01,2026-05-03,WH-C,Carrier-3,South,78.7,25.95,Express
5191,2024-02-19,2024-02-24,2024-02-25,WH-A,Carrier-1,West,63.4,47.94,Express
5192,2025-05-31,2025-06-08,2025-06-07,WH-B,Carrier-1,North,45.6,225.93,Standard
5193,2026-05-25,2026-05-29,2026-05-27,WH-B,Carrier-1,South,37.0,175.92,Express
5194,2026-04-15,2026-04-17,2026-04-15,WH-D,Carrier-1,North,5.9,127.78,Standard
5195,2025-06-28,2025-07-06,2025-07-06,WH-B,Carrier-2,West,44.8,211.69,Critical
5196,2025-12-05,2025-12-13,2025-12-12,WH-C,Carrier-3,South,0.5,160.05,Standard
5197,2025-08-13,2025-08-20,2025-08-22,WH-D,Carrier-2,North,45.2,205.79,Express
5198,2024-01-01,2024-01-03,2024-01-08,WH-C,Carrier-2,East,5.1,123.81,Standard
5199,2026-03-01,2026-03-03,2026-03-11,WH-B,Carrier-3,East,79.5,104.58,Standard
5200,2025-08-25,2025-08-29,2025-09-05,WH-C,Carrier-3,West,8.9,99.74,Critical
5201,2024-05-09,2024-05-11,2024-05-12,WH-A,Carrier-2,West,53.3,32.49,Critical
5202,2024-06-11,2024-06-18,2024-06-20,WH-B,Carrier-2,East,62.8,16.7,Express
5203,2025-01-01,2025-01-04,2025-01-07,WH-B,Carrier-1,East,28.2,59.71,Standard
5204,2025-06-11,2025-06-13,2025-06-18,WH-B,Carrier-2,North,37.7,24.15,Critical
5205,2025-09-19,2025-09-22,2025-09-21,WH-C,Carrier-2,North,59.9,35.37,Critical
5206,2026-07-28,2026-08-05,2026-08-09,WH-C,Carrier-1,South,39.7,144.41,Express
5207,2024-11-14,2024-11-16,2024-11-15,WH-C,Carrier-1,East,46.6,52.87,Critical
5208,2024-04-04,2024-04-06,2024-04-05,WH-B,Carrier-2,South,66.2,183.03,Standard
5209,2026-03-01,2026-03-09,2026-03-12,WH-A,Carrier-2,South,38.0,118.83,Critical
5210,2026-01-14,2026-01-19,2026-01-24,WH-A,Carrier-3,East,37.2,104.56,Express
5211,2026-08-21,2026-08-23,2026-08-30,WH-A,Carrier-3,North,64.3,85.43,Express
5212,2026-03-10,2026-03-15,2026-03-23,WH-A,Carrier-2,North,70.6,179.68,Critical
5213,2025-05-31,2025-06-05,2025-06-12,WH-C,Carrier-2,East,51.5,193.12,Express
5214,2025-09-10,2025-09-18,2025-09-25,WH-B,Carrier-3,South,5.1,93.87,Critical
5215,2025-10-21,2025-10-27,2025-10-30,WH-C,Carrier-1,East,65.6,229.41,Express
5216,2025-05-12,2025-05-19,2025-05-17,WH-A,Carrier-3,South,41.1,137.83,Standard
5217,2025-01-25,2025-01-30,2025-02-01,WH-B,Carrier-3,West,44.0,100.76,Express
5218,2026-04-12,2026-04-17,2026-04-20,WH-D,Carrier-2,East,35.9,236.97,Express
5219,2025-05-17,2025-05-20,2025-05-26,WH-B,Carrier-2,South,52.3,131.71,Express
5220,2024-07-22,2024-07-25,2024-07-28,WH-D,Carrier-1,North,3.0,26.93,Critical
5221,2024-07-09,2024-07-13,,WH-D,Carrier-3,South,77.9,141.31,Express
5222,2025-03-23,2025-03-28,2025-03-29,WH-A,Carrier-3,North,57.4,4.36,Express
5223,2024-06-09,2024-06-11,2024-06-11,WH-B,Carrier-2,East,53.4,13.75,Standard
5224,2024-11-25,2024-11-28,2024-12-05,WH-A,Carrier-3,West,63.5,239.26,Critical
5225,2025-07-04,2025-07-06,2025-07-06,WH-B,Carrier-2,East,41.7,184.59,Critical
5226,2024-01-01,2024-01-09,2024-01-15,WH-C,Carrier-2,North,56.3,37.26,Critical
5227,2024-04-13,2024-04-16,2024-04-16,WH-B,Carrier-2,West,59.5,106.74,Critical
5228,2025-10-29,2025-11-06,2025-11-05,WH-A,Carrier-2,North,47.5,200.68,Standard
5229,2026-07-06,2026-07-14,2026-07-18,WH-D,Carrier-1,South,60.3,26.31,Express
5230,2025-03-13,2025-03-20,2025-03-25,WH-D,Carrier-1,South,64.0,102.73,Standard
5231,2025-02-16,2025-02-18,2025-02-24,WH-B,Carrier-1,South,32.8,223.57,Critical
5232,2025-09-28,2025-10-04,2025-10-06,WH-A,Carrier-2,North,17.5,163.44,Critical
5233,2026-07-21,2026-07-29,2026-07-29,WH-A,Carrier-3,South,16.9,97.24,Express
5234,2026-04-14,2026-04-16,2026-04-16,WH-D,Carrier-3,West,41.2,69.09,Standard
5235,2026-06-23,2026-06-26,2026-06-25,WH-A,Carrier-2,East,69.6,155.62,Express
5236,2026-08-01,2026-08-06,2026-08-11,WH-B,Carrier-3,South,78.4,110.85,Express
5237,2025-01-31,2025-02-06,2025-02-09,WH-A,Carrier-3,South,36.7,71.24,Critical
5238,2025-05-22,2025-05-26,2025-05-29,WH-B,Carrier-2,South,7.9,98.72,Express
5239,2024-04-04,2024-04-09,2024-04-12,WH-B,Carrier-1,South,2.9,85.3,Standard
5240,2025-04-11,2025-04-19,2025-04-23,WH-A,Carrier-2,North,43.1,200.03,Standard
5241,2024-09-11,2024-09-13,2024-09-12,WH-B,Carrier-2,West,40.2,102.49,Standard
5242,2025-07-28,2025-08-03,2025-08-11,WH-C,Carrier-2,South,79.0,4.17,Critical
5243,2024-10-26,2024-11-01,2024-11-06,WH-B,Carrier-1,West,73.9,134.55,Express
5244,2025-06-10,2025-06-15,2025-06-22,WH-B,Carrier-1,South,73.0,215.35,Critical
5245,2025-04-15,2025-04-21,2025-04-28,WH-A,Carrier-2,West,75.3,13.06,Standard
5246,2025-04-12,2025-04-16,2025-04-23,WH-D,Carrier-3,North,10.1,177.55,Critical
5247,2026-04-23,2026-04-27,2026-04-30,WH-C,Carrier-1,East,5.5,102.19,Express
5248,2026-02-07,2026-02-09,2026-02-13,WH-D,Carrier-1,East,79.2,53.79,Standard
5249,2025-12-31,2026-01-04,2026-01-10,WH-A,Carrier-3,North,15.4,178.8,Standard
5250,2024-06-12,2024-06-18,2024-06-20,WH-B,Carrier-2,South,48.7,200.95,Critical
5251,2024-04-09,2024-04-11,2024-04-14,WH-C,Carrier-2,South,78.7,158.33,Express
5252,2024-01-02,2024-01-06,,WH-A,Carrier-1,South,18.0,156.7,Critical
5253,2024-09-26,2024-10-03,2024-10-03,WH-A,Carrier-2,South,41.2,39.13,Critical
5254,2024-02-11,2024-02-13,2024-02-11,WH-C,Carrier-3,East,26.5,25.03,Standard
5255,2026-03-18,2026-03-24,2026-03-27,WH-D,Carrier-1,East,8.2,21.1,Standard
5256,2024-07-12,2024-07-14,2024-07-19,WH-C,Carrier-2,West,40.2,152.77,Express
5257,2024-08-13,2024-08-16,2024-08-19,WH-D,Carrier-2,North,17.1,159.15,Express
5258,2024-02-17,2024-02-25,,WH-B,Carrier-1,East,15.0,16.81,Express
5259,2024-09-07,2024-09-12,2024-09-11,WH-D,Carrier-2,North,28.8,12.68,Critical
5260,2025-09-06,2025-09-08,2025-09-13,WH-C,Carrier-1,West,35.0,233.68,Standard
5261,2024-10-06,2024-10-09,2024-10-13,WH-D,Carrier-3,North,5.8,161.49,Express
5262,2025-05-01,2025-05-06,2025-05-14,WH-B,Carrier-2,East,71.6,46.93,Critical
5263,2025-10-30,2025-11-07,2025-11-07,WH-A,Carrier-1,West,17.1,30.05,Standard
5264,2024-12-20,2024-12-23,2024-12-25,WH-D,Carrier-1,West,76.6,230.06,Express
5265,2025-04-25,2025-05-03,2025-05-07,WH-C,Carrier-1,East,78.6,67.39,Critical
5266,2026-04-19,2026-04-25,2026-05-01,WH-A,Carrier-3,West,35.0,39.21,Express
5267,2026-01-11,2026-01-15,2026-01-20,WH-A,Carrier-3,North,75.1,232.28,Standard
5268,2024-08-22,2024-08-29,2024-09-01,WH-B,Carrier-2,West,6.0,181.85,Critical
5269,2025-11-06,2025-11-12,2025-11-16,WH-C,Carrier-2,North,16.7,187.72,Critical
5270,2024-10-29,2024-11-05,2024-11-12,WH-C,Carrier-1,West,32.5,64.49,Critical
5271,2026-04-16,2026-04-21,2026-04-27,WH-D,Carrier-3,West,40.4,131.92,Express
5272,2024-10-09,2024-10-12,2024-10-13,WH-C,Carrier-2,West,31.3,4.51,Critical
5273,2025-10-11,2025-10-18,2025-10-24,WH-A,Carrier-2,South,23.1,239.88,Express
5274,2025-02-23,2025-02-26,2025-03-02,WH-C,Carrier-2,North,4.2,238.67,Express
5275,2025-02-20,2025-02-25,2025-02-24,WH-B,Carrier-3,East,73.5,82.7,Express
5276,2024-05-01,2024-05-08,2024-05-15,WH-C,Carrier-3,South,53.6,141.7,Critical
5277,2026-08-01,2026-08-08,,WH-A,Carrier-3,North,32.2,169.53,Express
5278,2024-06-15,2024-06-17,2024-06-21,WH-C,Carrier-1,North,45.2,231.81,Express
5279,2025-05-12,2025-05-17,,WH-D,Carrier-2,North,55.0,106.43,Express
5280,2024-11-13,2024-11-17,2024-11-18,WH-D,Carrier-2,North,47.5,64.35,Express
5281,2025-10-09,2025-10-13,2025-10-15,WH-D,Carrier-3,West,46.2,121.76,Critical
5282,2024-06-01,2024-06-09,2024-06-10,WH-D,Carrier-3,East,4.3,154.24,Express
5283,2024-12-13,2024-12-16,2024-12-18,WH-A,Carrier-3,North,56.1,137.24,Standard
5284,2026-08-27,2026-09-04,2026-09-12,WH-D,Carrier-2,West,44.4,237.06,Critical
5285,2026-04-05,2026-04-07,2026-04-15,WH-A,Carrier-2,West,14.0,221.77,Critical
5286,2024-04-28,2024-05-06,2024-05-09,WH-C,Carrier-1,South,51.3,81.06,Critical
5287,2024-06-14,2024-06-19,2024-06-17,WH-A,Carrier-1,North,36.3,198.1,Express
5288,2026-05-11,2026-05-16,,WH-C,Carrier-3,North,0.6,107.2,Critical
5289,2025-08-13,2025-08-21,2025-08-28,WH-D,Carrier-1,West,79.6,144.5,Express
5290,2024-04-15,2024-04-17,2024-04-20,WH-A,Carrier-3,North,34.5,127.31,Standard
5291,2024-11-04,2024-11-08,2024-11-08,WH-D,Carrier-3,North,22.2,124.99,Standard
5292,2026-03-22,2026-03-26,,WH-A,Carrier-1,South,66.2,59.07,Standard
5293,2025-07-07,2025-07-11,2025-07-19,WH-C,Carrier-1,East,70.4,87.87,Critical
5294,2025-07-14,2025-07-16,2025-07-18,WH-D,Carrier-1,South,75.4,18.56,Critical
5295,2024-02-06,2024-02-14,2024-02-22,WH-C,Carrier-1,West,37.4,35.51,Critical
5296,2026-06-28,2026-07-03,2026-07-06,WH-D,Carrier-1,North,5.6,173.5,Standard
5297,2025-02-26,2025-02-28,2025-03-03,WH-A,Carrier-2,West,42.4,121.87,Critical
5298,2026-07-30,2026-08-05,2026-08-06,WH-B,Carrier-1,East,4.3,216.07,Express
5299,2024-09-26,2024-10-04,2024-10-08,WH-A,Carrier-1,North,18.9,53.77,Critical
5300,2024-05-24,2024-05-31,2024-05-30,WH-A,Carrier-1,West,32.3,128.21,Critical
5301,2024-03-20,2024-03-24,2024-04-01,WH-D,Carrier-2,West,73.4,120.65,Express
5302,2025-07-22,2025-07-24,2025-07-24,WH-D,Carrier-2,North,7.4,127.8,Express
5303,2024-11-25,2024-12-01,2024-12-08,WH-A,Carrier-3,South,74.4,221.6,Critical
5304,2026-01-20,2026-01-25,2026-01-30,WH-B,Carrier-1,South,61.2,54.2,Critical
5305,2025-06-04,2025-06-10,2025-06-17,WH-C,Carrier-2,West,70.8,195.08,Critical
5306,2025-06-29,2025-07-03,2025-07-11,WH-D,Carrier-2,East,11.0,19.05,Critical
5307,2025-02-15,2025-02-20,2025-02-25,WH-D,Carrier-2,West,73.7,173.82,Critical
5308,2025-06-03,2025-06-08,2025-06-10,WH-A,Carrier-1,East,52.4,144.45,Critical
5309,2024-01-10,2024-01-15,2024-01-16,WH-C,Carrier-3,South,12.3,164.46,Express
5310,2026-05-24,2026-05-28,2026-06-01,WH-A,Carrier-1,South,77.5,231.94,Express
5311,2024-12-23,2024-12-27,2025-01-03,WH-C,Carrier-3,South,65.3,71.03,Critical
5312,2025-11-01,2025-11-09,2025-11-12,WH-C,Carrier-1,East,66.4,211.38,Express
5313,2026-05-26,2026-05-29,2026-05-30,WH-C,Carrier-3,North,44.3,172.72,Critical
5314,2025-11-18,2025-11-20,2025-11-22,WH-A,Carrier-3,West,67.9,44.33,Standard
5315,2025-01-20,2025-01-25,2025-01-25,WH-B,Carrier-1,East,55.3,170.38,Express
5316,2025-06-14,2025-06-22,2025-06-22,WH-D,Carrier-2,North,17.8,230.69,Critical
5317,2024-12-03,2024-12-05,2024-12-04,WH-B,Carrier-1,West,24.8,62.86,Standard
5318,2026-02-06,2026-02-08,2026-02-07,WH-B,Carrier-3,South,64.5,195.95,Critical
5319,2025-06-09,2025-06-15,,WH-D,Carrier-1,East,73.7,81.15,Express
5320,2026-06-12,2026-06-19,2026-06-17,WH-C,Carrier-1,South,5.6,183.69,Express
5321,2025-10-18,2025-10-24,2025-10-25,WH-A,Carrier-2,South,71.6,227.86,Standard
5322,2026-07-19,2026-07-24,2026-07-22,WH-B,Carrier-1,West,60.4,59.58,Critical
5323,2025-08-08,2025-08-12,2025-08-15,WH-D,Carrier-1,North,33.5,23.03,Critical
5324,2025-08-25,2025-08-30,2025-08-28,WH-A,Carrier-1,North,24.9,140.9,Critical
5325,2024-05-15,2024-05-18,2024-05-16,WH-A,Carrier-1,West,56.9,229.5,Critical
5326,2025-01-24,2025-01-29,2025-02-03,WH-B,Carrier-1,South,78.7,119.63,Critical
5327,2025-05-05,2025-05-09,,WH-C,Carrier-2,West,1.9,149.53,Critical
5328,2025-09-13,2025-09-19,2025-09-19,WH-B,Carrier-3,North,33.8,235.91,Critical
5329,2026-01-27,2026-01-29,,WH-B,Carrier-3,South,52.5,217.87,Standard
5330,2025-04-02,2025-04-08,2025-04-12,WH-A,Carrier-2,South,33.5,187.93,Express
5331,2026-01-05,2026-01-09,2026-01-15,WH-A,Carrier-3,East,23.4,168.52,Standard
5332,2024-05-31,2024-06-02,2024-06-10,WH-B,Carrier-3,West,2.7,221.17,Critical
5333,2025-05-08,2025-05-12,2025-05-18,WH-B,Carrier-1,North,1.2,217.86,Express
5334,2024-11-03,2024-11-10,2024-11-09,WH-A,Carrier-3,South,55.3,191.68,Express
5335,2025-10-29,2025-11-05,2025-11-06,WH-D,Carrier-3,North,40.1,197.97,Critical
5336,2026-01-29,2026-02-06,2026-02-09,WH-C,Carrier-3,North,36.6,239.14,Express
5337,2024-03-25,2024-03-29,,WH-C,Carrier-1,North,72.1,95.15,Critical
5338,2025-04-04,2025-04-12,2025-04-14,WH-B,Carrier-3,East,41.2,99.16,Standard
5339,2025-07-16,2025-07-24,2025-07-31,WH-D,Carrier-2,South,63.3,198.24,Critical
5340,2024-01-17,2024-01-24,2024-01-24,WH-D,Carrier-3,East,74.1,161.55,Express
5341,2024-04-11,2024-04-19,2024-04-21,WH-C,Carrier-2,North,41.4,135.47,Critical
5342,2025-12-25,2026-01-01,2025-12-31,WH-B,Carrier-1,West,37.8,236.39,Standard
5343,2025-12-28,2025-12-31,2026-01-08,WH-D,Carrier-2,East,46.0,170.52,Critical
5344,2025-09-16,2025-09-19,2025-09-21,WH-D,Carrier-1,North,14.9,99.7,Express
5345,2024-02-02,2024-02-09,2024-02-15,WH-D,Carrier-2,North,9.8,18.36,Standard
5346,2025-01-17,2025-01-22,2025-01-25,WH-A,Carrier-2,North,32.1,233.83,Critical
5347,2025-01-26,2025-02-01,2025-02-06,WH-C,Carrier-1,South,2.9,142.06,Express
5348,2024-05-24,2024-05-30,2024-06-02,WH-A,Carrier-3,West,40.7,71.12,Critical
5349,2025-12-16,2025-12-23,2025-12-30,WH-A,Carrier-1,West,39.2,231.62,Express
5350,2024-07-02,2024-07-05,2024-07-12,WH-D,Carrier-1,South,20.6,234.17,Express
5351,2024-08-15,2024-08-17,2024-08-22,WH-B,Carrier-3,West,51.1,239.84,Express
5352,2025-11-10,2025-11-14,2025-11-19,WH-B,Carrier-1,North,38.2,114.61,Standard
5353,2024-02-17,2024-02-23,2024-02-28,WH-A,Carrier-3,North,10.9,236.89,Standard
5354,2026-03-26,2026-04-01,2026-04-06,WH-C,Carrier-2,West,40.2,71.41,Standard
5355,2024-12-14,2024-12-22,2024-12-28,WH-D,Carrier-2,East,4.1,56.53,Standard
5356,2025-10-08,2025-10-14,2025-10-14,WH-C,Carrier-2,West,54.2,128.7,Standard
5357,2025-09-15,2025-09-18,2025-09-16,WH-C,Carrier-1,East,25.4,212.58,Express
5358,2024-10-31,2024-11-04,2024-11-06,WH-B,Carrier-1,East,26.0,67.84,Standard
5359,2024-06-07,2024-06-11,2024-06-18,WH-D,Carrier-1,East,49.0,16.88,Standard
5360,2026-08-02,2026-08-09,2026-08-08,WH-B,Carrier-3,West,32.6,139.34,Critical
5361,2026-06-22,2026-06-29,2026-06-27,WH-C,Carrier-1,West,32.2,159.64,Critical
5362,2025-06-12,2025-06-18,2025-06-17,WH-C,Carrier-1,South,46.4,24.38,Express
5363,2025-11-26,2025-12-04,2025-12-12,WH-A,Carrier-3,East,7.8,95.6,Critical
5364,2025-10-24,2025-10-27,2025-10-31,WH-B,Carrier-1,South,51.7,76.3,Critical
5365,2025-08-17,2025-08-22,2025-08-27,WH-A,Carrier-3,North,49.5,91.55,Standard
5366,2025-03-06,2025-03-12,2025-03-20,WH-A,Carrier-1,South,26.9,231.56,Critical
5367,2024-03-30,2024-04-02,2024-04-02,WH-B,Carrier-3,West,28.7,56.89,Critical
5368,2024-03-21,2024-03-27,2024-03-26,WH-A,Carrier-1,West,68.3,99.84,Critical
5369,2026-01-03,2026-01-06,2026-01-13,WH-B,Carrier-3,South,73.4,29.77,Standard
5370,2025-11-11,2025-11-16,2025-11-20,WH-A,Carrier-3,North,53.2,236.86,Critical
5371,2026-02-28,2026-03-07,2026-03-15,WH-D,Carrier-2,South,48.7,31.94,Critical
5372,2026-06-07,2026-06-09,2026-06-15,WH-B,Carrier-1,South,59.3,106.56,Express
5373,2024-05-30,2024-06-01,2024-05-31,WH-D,Carrier-1,East,30.4,119.01,Critical
5374,2026-06-01,2026-06-04,2026-06-04,WH-D,Carrier-2,West,74.0,236.8,Standard
5375,2025-11-24,2025-11-27,,WH-B,Carrier-3,West,76.9,213.56,Standard
5376,2024-02-08,2024-02-14,2024-02-14,WH-B,Carrier-1,East,62.4,206.57,Critical
5377,2025-05-04,2025-05-12,,WH-D,Carrier-1,West,76.2,114.96,Standard
5378,2025-09-24,2025-09-28,2025-09-28,WH-C,Carrier-2,East,22.3,209.61,Standard
5379,2024-05-31,2024-06-05,2024-06-11,WH-A,Carrier-2,East,64.4,64.56,Critical
5380,2025-06-07,2025-06-14,2025-06-15,WH-A,Carrier-2,East,22.4,206.8,Express
5381,2024-12-07,2024-12-11,2024-12-11,WH-B,Carrier-2,North,68.4,38.1,Express
5382,2024-06-03,2024-06-05,2024-06-05,WH-B,Carrier-1,South,23.3,192.43,Critical
5383,2025-12-26,2026-01-01,2026-01-09,WH-C,Carrier-3,North,78.1,6.09,Standard
5384,2024-09-12,2024-09-16,2024-09-19,WH-B,Carrier-2,North,6.6,108.56,Critical
5385,2025-09-06,2025-09-14,2025-09-17,WH-B,Carrier-2,South,34.2,5.92,Standard
5386,2024-11-23,2024-11-25,2024-12-01,WH-D,Carrier-1,South,65.6,165.29,Standard
5387,2025-04-14,2025-04-17,2025-04-18,WH-C,Carrier-1,North,31.9,99.4,Critical
5388,2026-04-25,2026-05-03,2026-05-04,WH-A,Carrier-1,South,9.1,127.75,Express
5389,2024-06-18,2024-06-26,,WH-D,Carrier-1,East,30.8,212.97,Critical
5390,2025-12-29,2025-12-31,2026-01-02,WH-B,Carrier-2,North,42.5,175.79,Express
5391,2026-07-11,2026-07-15,2026-07-19,WH-A,Carrier-2,West,16.2,207.5,Standard
5392,2026-08-17,2026-08-21,2026-08-19,WH-D,Carrier-3,West,53.6,40.13,Critical
5393,2026-03-15,2026-03-22,2026-03-22,WH-A,Carrier-1,South,69.5,115.99,Express
5394,2025-09-05,2025-09-09,2025-09-07,WH-A,Carrier-2,West,39.6,28.78,Express
5395,2024-03-20,2024-03-27,2024-03-27,WH-A,Carrier-1,South,51.4,130.22,Express
5396,2026-07-18,2026-07-25,2026-07-26,WH-D,Carrier-1,North,76.6,59.24,Express
5397,2026-06-03,2026-06-05,2026-06-10,WH-D,Carrier-2,East,7.3,162.88,Standard
5398,2024-03-07,2024-03-15,2024-03-22,WH-C,Carrier-2,West,39.3,61.25,Standard
5399,2024-07-15,2024-07-22,2024-07-24,WH-A,Carrier-3,East,77.9,137.91,Standard
5400,2024-09-09,2024-09-13,2024-09-14,WH-C,Carrier-2,South,9.5,60.57,Critical
5401,2025-12-19,2025-12-21,2025-12-24,WH-D,Carrier-2,North,48.4,115.09,Standard
5402,2026-07-12,2026-07-15,2026-07-23,WH-C,Carrier-2,North,44.1,88.23,Express
5403,2025-03-29,2025-04-05,2025-04-05,WH-C,Carrier-3,East,58.1,93.32,Standard
5404,2025-10-04,2025-10-12,2025-10-16,WH-D,Carrier-1,South,8.7,6.89,Standard
5405,2026-02-24,2026-03-01,2026-03-01,WH-A,Carrier-2,South,43.5,141.5,Standard
5406,2025-09-16,2025-09-23,2025-09-22,WH-C,Carrier-3,East,36.3,165.01,Express
5407,2025-05-25,2025-05-31,2025-05-30,WH-D,Carrier-1,East,67.3,162.67,Critical
5408,2025-05-18,2025-05-24,2025-05-25,WH-C,Carrier-2,West,14.5,208.9,Critical
5409,2025-07-06,2025-07-10,2025-07-10,WH-A,Carrier-3,North,26.8,198.79,Express
5410,2024-06-24,2024-06-30,2024-06-29,WH-C,Carrier-2,East,9.1,81.95,Standard
5411,2024-03-23,2024-03-25,2024-03-29,WH-D,Carrier-1,South,38.3,72.43,Critical
5412,2025-05-24,2025-05-29,,WH-C,Carrier-2,West,61.5,135.08,Critical
5413,2025-05-28,2025-05-31,2025-05-29,WH-D,Carrier-2,South,10.1,129.99,Standard
5414,2026-07-09,2026-07-16,2026-07-19,WH-C,Carrier-3,South,69.4,186.11,Express
5415,2025-10-25,2025-10-28,2025-10-30,WH-C,Carrier-3,North,59.1,239.93,Critical
5416,2026-05-09,2026-05-12,2026-05-17,WH-B,Carrier-2,West,43.5,74.01,Critical
5417,2024-05-19,2024-05-24,2024-05-23,WH-D,Carrier-1,East,33.0,48.48,Critical
5418,2024-03-01,2024-03-07,2024-03-10,WH-B,Carrier-3,North,76.1,49.61,Critical
5419,2026-08-06,2026-08-12,2026-08-11,WH-D,Carrier-3,East,10.9,161.85,Critical
5420,2026-02-22,2026-03-02,2026-03-07,WH-C,Carrier-1,North,52.6,151.56,Critical
5421,2024-07-25,2024-07-28,2024-07-26,WH-D,Carrier-3,North,21.3,200.64,Critical
5422,2026-01-03,2026-01-05,,WH-D,Carrier-1,West,70.7,160.31,Critical
5423,2026-06-23,2026-06-25,2026-06-25,WH-D,Carrier-3,North,60.9,159.54,Standard
5424,2024-05-26,2024-05-28,2024-06-03,WH-C,Carrier-2,North,50.3,55.96,Express
5425,2024-11-20,2024-11-27,2024-11-25,WH-D,Carrier-2,North,9.3,106.49,Standard
5426,2026-04-29,2026-05-05,2026-05-13,WH-B,Carrier-3,South,55.6,226.03,Express
5427,2025-09-12,2025-09-17,2025-09-25,WH-B,Carrier-2,South,32.6,18.17,Critical
5428,2025-05-11,2025-05-15,2025-05-23,WH-A,Carrier-3,South,34.0,62.92,Critical
5429,2025-11-02,2025-11-07,2025-11-06,WH-C,Carrier-1,South,29.3,39.17,Standard
5430,2024-12-05,2024-12-07,2024-12-09,WH-B,Carrier-2,South,72.6,180.2,Express
5431,2024-09-28,2024-10-06,2024-10-14,WH-A,Carrier-1,East,29.3,179.26,Critical
5432,2024-10-17,2024-10-21,2024-10-21,WH-C,Carrier-2,South,63.7,215.14,Express
5433,2024-12-25,2024-12-29,2025-01-02,WH-C,Carrier-3,East,65.8,172.95,Express
5434,2024-09-07,2024-09-12,2024-09-13,WH-D,Carrier-2,South,47.7,176.6,Critical
5435,2026-03-06,2026-03-11,,WH-B,Carrier-3,North,6.3,106.05,Express
5436,2025-02-05,2025-02-09,2025-02-14,WH-B,Carrier-1,North,19.7,21.98,Critical
5437,2026-02-13,2026-02-18,2026-02-22,WH-C,Carrier-3,West,65.3,211.95,Standard
5438,2025-07-23,2025-07-25,2025-07-30,WH-D,Carrier-1,South,34.5,183.22,Express
5439,2025-03-28,2025-04-04,2025-04-12,WH-A,Carrier-1,West,33.8,152.61,Express
5440,2024-11-27,2024-12-03,2024-12-10,WH-C,Carrier-2,North,61.8,44.85,Standard
5441,2025-12-18,2025-12-26,2025-12-27,WH-C,Carrier-2,South,24.3,95.16,Standard
5442,2025-02-12,2025-02-16,2025-02-18,WH-A,Carrier-1,East,67.3,183.27,Critical
5443,2024-01-20,2024-01-25,2024-01-31,WH-D,Carrier-3,East,44.7,138.53,Express
5444,2024-08-01,2024-08-04,2024-08-12,WH-B,Carrier-3,South,34.1,124.99,Express
5445,2026-05-09,2026-05-12,2026-05-13,WH-B,Carrier-2,North,10.6,186.05,Critical
5446,2024-01-28,2024-02-01,2024-02-08,WH-D,Carrier-2,South,33.8,202.67,Express
5447,2025-06-08,2025-06-10,2025-06-14,WH-C,Carrier-1,South,65.1,70.86,Express
5448,2025-06-20,2025-06-24,2025-06-26,WH-B,Carrier-3,East,64.8,216.4,Express
5449,2025-11-28,2025-12-01,2025-12-07,WH-D,Carrier-3,West,53.9,237.87,Express
5450,2026-05-10,2026-05-12,2026-05-19,WH-B,Carrier-3,North,47.4,217.36,Express
5451,2025-07-06,2025-07-08,2025-07-15,WH-C,Carrier-2,South,10.0,119.68,Critical
5452,2026-02-20,2026-02-23,2026-02-28,WH-B,Carrier-3,West,2.3,4.8,Express
5453,2024-01-03,2024-01-09,2024-01-14,WH-D,Carrier-1,North,60.7,56.73,Standard
5454,2024-01-27,2024-01-30,2024-01-31,WH-C,Carrier-3,East,41.9,214.96,Express
5455,2024-01-22,2024-01-27,2024-02-04,WH-D,Carrier-3,North,6.9,61.69,Critical
5456,2026-06-09,2026-06-16,2026-06-14,WH-A,Carrier-3,West,38.8,10.13,Critical
5457,2024-01-07,2024-01-09,2024-01-08,WH-D,Carrier-2,North,18.5,200.48,Standard
5458,2026-07-03,2026-07-05,2026-07-06,WH-C,Carrier-1,South,32.6,118.43,Standard
5459,2025-05-22,2025-05-27,2025-05-25,WH-C,Carrier-2,North,38.5,41.59,Standard
5460,2025-11-18,2025-11-26,2025-11-30,WH-B,Carrier-2,North,1.4,150.66,Critical
5461,2025-10-13,2025-10-15,2025-10-19,WH-B,Carrier-3,East,43.0,98.59,Express
5462,2024-12-22,2024-12-25,2024-12-29,WH-C,Carrier-3,East,14.3,19.49,Standard
5463,2024-11-30,2024-12-03,2024-12-03,WH-A,Carrier-2,West,1.2,76.88,Express
5464,2026-01-23,2026-01-25,2026-01-23,WH-B,Carrier-3,North,65.6,239.15,Express
5465,2024-09-19,2024-09-27,2024-09-30,WH-B,Carrier-3,East,79.2,70.21,Standard
5466,2024-11-17,2024-11-24,,WH-A,Carrier-3,South,7.9,224.03,Express
5467,2025-07-22,2025-07-28,2025-08-03,WH-A,Carrier-3,North,45.1,94.22,Critical
5468,2024-10-03,2024-10-10,2024-10-17,WH-C,Carrier-1,North,3.6,124.16,Critical
5469,2024-01-12,2024-01-20,2024-01-27,WH-D,Carrier-2,East,12.1,172.91,Standard
5470,2024-05-29,2024-06-02,2024-05-31,WH-D,Carrier-3,West,21.4,33.41,Critical
5471,2026-04-20,2026-04-23,2026-04-27,WH-B,Carrier-1,South,58.5,235.31,Critical
5472,2025-01-27,2025-01-29,2025-02-04,WH-D,Carrier-1,North,1.0,227.72,Standard
5473,2026-06-04,2026-06-10,2026-06-17,WH-A,Carrier-2,East,46.0,216.85,Standard
5474,2024-08-07,2024-08-13,2024-08-20,WH-A,Carrier-1,South,28.7,126.18,Express
5475,2025-12-18,2025-12-26,2026-01-01,WH-A,Carrier-1,West,61.8,206.16,Express
5476,2025-08-31,2025-09-08,2025-09-06,WH-C,Carrier-1,West,66.2,146.48,Express
5477,2025-10-28,2025-11-04,2025-11-03,WH-A,Carrier-1,North,27.8,81.85,Express
5478,2025-12-29,2026-01-06,,WH-D,Carrier-2,North,60.7,217.11,Critical
5479,2026-04-03,2026-04-06,2026-04-07,WH-A,Carrier-2,West,39.8,129.36,Critical
5480,2024-05-05,2024-05-12,2024-05-11,WH-C,Carrier-2,North,12.3,155.16,Critical
5481,2025-10-19,2025-10-25,2025-10-25,WH-B,Carrier-3,North,9.5,126.09,Express
5482,2025-10-17,2025-10-21,2025-10-19,WH-A,Carrier-1,West,70.1,37.14,Critical
5483,2024-11-22,2024-11-29,2024-12-01,WH-C,Carrier-3,West,26.5,129.44,Critical
5484,2024-05-08,2024-05-11,2024-05-12,WH-C,Carrier-1,East,27.2,201.58,Express
5485,2024-07-01,2024-07-05,2024-07-05,WH-D,Carrier-1,West,11.6,160.63,Express
5486,2024-05-24,2024-05-27,2024-06-01,WH-C,Carrier-3,South,12.5,25.01,Critical
5487,2024-03-23,2024-03-25,2024-04-01,WH-B,Carrier-1,North,62.2,11.91,Critical
5488,2026-07-24,2026-08-01,2026-08-07,WH-A,Carrier-3,West,34.0,81.99,Critical
5489,2024-03-08,2024-03-14,2024-03-21,WH-D,Carrier-1,East,12.9,187.16,Standard
5490,2024-10-03,2024-10-07,2024-10-12,WH-B,Carrier-1,West,51.9,58.61,Express
5491,2025-09-04,2025-09-12,2025-09-20,WH-B,Carrier-3,South,17.7,87.13,Critical
5492,2026-08-09,2026-08-16,2026-08-14,WH-D,Carrier-3,South,68.3,211.3,Express
5493,2026-05-01,2026-05-04,2026-05-07,WH-B,Carrier-2,North,9.2,135.57,Critical
5494,2026-02-06,2026-02-08,2026-02-11,WH-C,Carrier-1,West,43.0,44.51,Critical
5495,2024-02-01,2024-02-03,2024-02-11,WH-D,Carrier-1,South,47.4,90.89,Critical
5496,2024-04-17,2024-04-24,2024-04-26,WH-A,Carrier-3,East,50.2,140.27,Standard
5497,2025-12-10,2025-12-16,2025-12-22,WH-A,Carrier-2,East,49.3,202.87,Express
5498,2025-03-12,2025-03-15,2025-03-15,WH-C,Carrier-2,East,32.0,108.25,Standard
5499,2026-04-12,2026-04-18,2026-04-25,WH-D,Carrier-1,East,48.6,187.72,Critical
5500,2024-02-29,2024-03-07,,WH-D,Carrier-2,South,24.0,154.35,Express
5501,2024-03-20,2024-03-26,2024-03-28,WH-B,Carrier-2,East,22.5,116.97,Critical
5502,2026-05-10,2026-05-16,2026-05-24,WH-B,Carrier-2,East,57.0,103.74,Critical
5503,2025-03-31,2025-04-04,2025-04-09,WH-D,Carrier-2,South,6.9,135.97,Critical
5504,2025-07-03,2025-07-09,2025-07-16,WH-A,Carrier-2,East,41.9,206.04,Express
5505,2026-08-19,2026-08-27,2026-08-30,WH-C,Carrier-2,South,12.9,46.55,Critical
5506,2024-12-07,2024-12-12,2024-12-18,WH-D,Carrier-1,North,21.0,28.4,Critical
5507,2024-07-31,2024-08-08,2024-08-06,WH-A,Carrier-2,West,71.7,192.66,Express
5508,2024-08-10,2024-08-16,2024-08-18,WH-D,Carrier-2,North,47.7,203.81,Critical
5509,2024-01-20,2024-01-23,2024-01-27,WH-D,Carrier-3,South,77.4,95.81,Standard
5510,2025-06-21,2025-06-25,2025-06-25,WH-D,Carrier-3,South,28.3,234.88,Express
5511,2024-11-02,2024-11-05,2024-11-03,WH-A,Carrier-2,East,7.6,132.64,Standard
5512,2024-12-11,2024-12-15,2024-12-19,WH-A,Carrier-1,West,12.3,156.99,Critical
5513,2024-03-21,2024-03-25,2024-03-26,WH-C,Carrier-3,West,49.5,105.65,Express
5514,2026-01-19,2026-01-27,2026-01-26,WH-C,Carrier-1,South,71.7,54.37,Critical
5515,2025-05-24,2025-05-27,2025-06-01,WH-D,Carrier-3,West,69.0,219.55,Express
5516,2026-07-16,2026-07-23,2026-07-26,WH-A,Carrier-3,South,70.2,194.86,Critical
5517,2024-10-15,2024-10-17,2024-10-16,WH-D,Carrier-3,East,51.1,54.82,Express
5518,2026-03-12,2026-03-16,2026-03-23,WH-A,Carrier-1,North,10.4,53.27,Express
5519,2026-01-16,2026-01-20,2026-01-24,WH-A,Carrier-2,West,43.1,218.19,Express
5520,2025-08-25,2025-08-29,2025-09-03,WH-B,Carrier-2,East,73.8,77.45,Critical
5521,2025-07-09,2025-07-13,2025-07-17,WH-D,Carrier-2,South,78.6,112.48,Express
5522,2025-10-09,2025-10-12,2025-10-17,WH-B,Carrier-3,North,58.7,40.8,Standard
5523,2025-12-07,2025-12-11,,WH-A,Carrier-3,West,39.5,193.65,Express
5524,2025-07-31,2025-08-08,2025-08-16,WH-B,Carrier-1,West,55.4,163.13,Standard
5525,2025-07-13,2025-07-17,2025-07-15,WH-A,Carrier-3,West,53.8,185.7,Express
5526,2025-05-21,2025-05-24,2025-05-23,WH-B,Carrier-3,North,26.2,107.37,Critical
5527,2026-01-17,2026-01-19,2026-01-25,WH-D,Carrier-3,South,70.5,171.01,Standard
5528,2024-02-28,2024-03-07,2024-03-12,WH-C,Carrier-3,North,2.6,84.53,Express
5529,2025-01-26,2025-01-30,,WH-D,Carrier-1,North,32.9,22.49,Standard
5530,2024-01-12,2024-01-14,2024-01-22,WH-D,Carrier-2,West,8.7,195.86,Express
5531,2026-02-05,2026-02-08,2026-02-11,WH-C,Carrier-1,West,13.8,167.95,Critical
5532,2025-04-16,2025-04-20,2025-04-26,WH-C,Carrier-1,East,14.5,187.77,Express
5533,2025-12-24,2025-12-30,2025-12-31,WH-A,Carrier-1,South,8.8,186.29,Standard
5534,2024-05-24,2024-05-26,2024-06-02,WH-D,Carrier-1,South,74.6,101.01,Standard
5535,2024-11-16,2024-11-21,2024-11-22,WH-B,Carrier-1,East,46.5,193.85,Standard
5536,2026-01-02,2026-01-08,2026-01-08,WH-A,Carrier-2,South,10.6,110.15,Critical
5537,2024-02-18,2024-02-22,2024-02-29,WH-B,Carrier-3,South,28.6,224.33,Standard
5538,2024-01-09,2024-01-16,,WH-C,Carrier-1,South,19.7,130.97,Critical
5539,2025-12-04,2025-12-11,2025-12-17,WH-A,Carrier-2,East,12.1,153.55,Critical
5540,2025-08-12,2025-08-20,2025-08-20,WH-C,Carrier-3,South,73.3,213.25,Standard
5541,2024-10-23,2024-10-27,2024-10-30,WH-A,Carrier-1,North,56.4,29.34,Express
5542,2024-08-12,2024-08-14,,WH-B,Carrier-3,North,76.8,117.14,Standard
5543,2026-01-15,2026-01-18,2026-01-16,WH-A,Carrier-3,South,38.1,165.37,Standard
5544,2025-11-21,2025-11-26,2025-11-29,WH-A,Carrier-3,East,37.8,216.33,Express
5545,2024-08-26,2024-08-29,2024-08-30,WH-C,Carrier-1,West,64.5,99.83,Standard
5546,2024-03-09,2024-03-11,,WH-A,Carrier-3,West,66.6,70.1,Critical
5547,2026-05-06,2026-05-10,2026-05-18,WH-C,Carrier-2,South,28.8,54.39,Standard
5548,2025-12-15,2025-12-18,2025-12-21,WH-A,Carrier-1,South,42.3,55.83,Critical
5549,2025-01-02,2025-01-06,2025-01-11,WH-C,Carrier-3,East,21.2,177.77,Express
5550,2026-06-09,2026-06-17,2026-06-19,WH-A,Carrier-3,South,58.9,56.89,Express
5551,2024-11-01,2024-11-09,2024-11-14,WH-D,Carrier-2,East,18.3,10.29,Critical
5552,2025-04-07,2025-04-09,2025-04-15,WH-C,Carrier-1,North,27.3,73.07,Standard
5553,2025-10-07,2025-10-13,2025-10-16,WH-B,Carrier-3,South,78.3,189.15,Express
5554,2026-06-16,2026-06-22,2026-06-27,WH-B,Carrier-1,West,44.5,36.84,Critical
5555,2024-02-04,2024-02-08,2024-02-13,WH-C,Carrier-1,North,5.5,233.14,Standard
5556,2024-12-24,2024-12-30,2025-01-02,WH-C,Carrier-3,North,26.6,123.17,Express
5557,2025-12-06,2025-12-14,2025-12-17,WH-B,Carrier-1,North,36.1,54.13,Critical
5558,2025-11-12,2025-11-16,,WH-A,Carrier-1,East,24.3,15.2,Express
5559,2024-01-04,2024-01-11,2024-01-15,WH-A,Carrier-1,East,34.3,184.57,Critical
5560,2024-12-24,2024-12-26,2024-12-24,WH-D,Carrier-1,North,64.1,231.09,Standard
5561,2026-07-12,2026-07-16,2026-07-24,WH-C,Carrier-1,West,5.3,23.24,Express
5562,2024-05-25,2024-05-27,,WH-C,Carrier-3,South,9.4,75.49,Standard
5563,2025-06-16,2025-06-19,2025-06-23,WH-D,Carrier-1,West,29.2,186.16,Express
5564,2024-08-10,2024-08-13,2024-08-11,WH-C,Carrier-3,East,75.1,168.75,Express
5565,2025-05-14,2025-05-22,2025-05-22,WH-C,Carrier-1,East,47.0,140.66,Express
5566,2024-11-22,2024-11-27,2024-11-30,WH-D,Carrier-2,South,60.2,124.54,Standard
5567,2025-10-18,2025-10-25,2025-10-24,WH-D,Carrier-1,West,64.6,160.88,Critical
5568,2024-12-07,2024-12-15,2024-12-23,WH-C,Carrier-1,South,44.5,124.3,Critical
5569,2025-08-20,2025-08-28,2025-09-01,WH-C,Carrier-1,West,57.1,239.81,Critical
5570,2025-05-08,2025-05-11,2025-05-10,WH-C,Carrier-1,North,23.8,105.49,Critical
5571,2026-06-08,2026-06-11,2026-06-10,WH-A,Carrier-2,North,9.8,209.7,Express
5572,2026-01-09,2026-01-11,2026-01-19,WH-A,Carrier-2,West,4.6,34.14,Critical
5573,2024-03-13,2024-03-17,,WH-D,Carrier-1,South,9.6,189.78,Critical
5574,2025-07-14,2025-07-22,2025-07-24,WH-C,Carrier-1,East,27.3,229.2,Standard
5575,2024-08-04,2024-08-06,,WH-C,Carrier-2,North,17.4,223.16,Express
5576,2026-07-26,2026-07-31,2026-08-08,WH-B,Carrier-3,South,43.4,137.91,Standard
5577,2024-11-10,2024-11-17,2024-11-15,WH-D,Carrier-2,East,39.9,105.96,Standard
5578,2025-03-07,2025-03-13,2025-03-21,WH-B,Carrier-1,East,12.5,215.83,Standard
5579,2024-06-08,2024-06-11,2024-06-15,WH-C,Carrier-2,North,6.7,155.56,Critical
5580,2026-05-25,2026-05-30,2026-06-03,WH-B,Carrier-1,South,59.0,225.79,Critical
5581,2026-07-11,2026-07-14,2026-07-14,WH-C,Carrier-3,South,65.3,141.86,Critical
5582,2024-08-25,2024-08-30,2024-09-06,WH-A,Carrier-3,North,68.0,182.43,Express
5583,2025-04-28,2025-05-01,2025-05-01,WH-C,Carrier-2,East,52.7,160.34,Express
5584,2026-05-09,2026-05-11,2026-05-19,WH-C,Carrier-1,West,79.7,51.05,Standard
5585,2025-08-18,2025-08-23,2025-08-23,WH-B,Carrier-2,North,5.9,64.17,Critical
5586,2025-06-24,2025-06-30,2025-07-02,WH-A,Carrier-1,South,15.4,14.3,Express
5587,2025-01-25,2025-01-29,2025-01-29,WH-D,Carrier-3,West,45.8,203.63,Critical
5588,2025-06-16,2025-06-23,2025-07-01,WH-B,Carrier-3,East,11.1,222.38,Express
5589,2024-10-05,2024-10-11,2024-10-18,WH-D,Carrier-1,South,36.5,87.29,Express
5590,2026-01-07,2026-01-12,2026-01-19,WH-D,Carrier-1,North,4.3,235.01,Express
5591,2025-09-14,2025-09-16,2025-09-15,WH-D,Carrier-3,West,0.6,28.43,Critical
5592,2024-07-10,2024-07-17,2024-07-19,WH-A,Carrier-3,West,3.7,167.14,Critical
5593,2025-12-10,2025-12-16,2025-12-20,WH-C,Carrier-1,South,25.4,13.91,Standard
5594,2025-03-14,2025-03-19,2025-03-26,WH-D,Carrier-3,East,38.7,5.58,Express
5595,2026-08-04,2026-08-11,2026-08-17,WH-A,Carrier-3,South,76.3,151.77,Critical
5596,2024-11-24,2024-11-27,2024-11-28,WH-D,Carrier-2,West,35.3,210.16,Critical
5597,2026-02-17,2026-02-21,2026-02-26,WH-B,Carrier-3,South,36.0,75.69,Critical
5598,2024-09-14,2024-09-20,2024-09-23,WH-C,Carrier-1,South,52.4,153.96,Express
5599,2024-01-07,2024-01-11,2024-01-15,WH-A,Carrier-1,East,78.4,203.9,Standard
5600,2025-11-02,2025-11-07,2025-11-09,WH-A,Carrier-1,North,14.7,28.17,Express
5601,2026-03-29,2026-04-04,2026-04-05,WH-D,Carrier-1,South,13.2,26.95,Express
5602,2026-04-30,2026-05-08,2026-05-12,WH-C,Carrier-1,North,62.9,43.84,Express
5603,2024-02-04,2024-02-12,2024-02-17,WH-D,Carrier-3,North,3.1,84.5,Critical
5604,2025-02-08,2025-02-10,2025-02-13,WH-C,Carrier-2,East,79.0,12.01,Standard
5605,2024-07-04,2024-07-09,2024-07-16,WH-B,Carrier-3,West,30.5,101.88,Critical
5606,2025-09-23,2025-10-01,2025-10-02,WH-B,Carrier-1,South,5.5,73.25,Express
5607,2024-07-23,2024-07-31,2024-07-31,WH-D,Carrier-3,East,35.2,189.59,Express
5608,2025-02-08,2025-02-14,2025-02-19,WH-B,Carrier-1,East,8.0,65.05,Express
5609,2026-06-20,2026-06-27,2026-06-30,WH-B,Carrier-1,East,0.8,160.84,Express
5610,2025-02-17,2025-02-20,2025-02-21,WH-D,Carrier-3,South,42.6,206.35,Express
5611,2024-04-10,2024-04-17,2024-04-24,WH-A,Carrier-3,North,54.8,92.13,Critical
5612,2024-04-18,2024-04-22,2024-04-24,WH-B,Carrier-1,East,62.9,61.08,Critical
5613,2024-03-09,2024-03-15,2024-03-13,WH-B,Carrier-2,South,45.5,237.6,Standard
5614,2025-08-17,2025-08-21,2025-08-26,WH-C,Carrier-1,East,50.0,109.2,Critical
5615,2024-02-19,2024-02-21,2024-02-21,WH-C,Carrier-3,South,46.0,64.12,Critical
5616,2024-01-31,2024-02-06,2024-02-06,WH-C,Carrier-3,West,37.2,144.43,Critical
5617,2025-05-26,2025-06-03,2025-06-06,WH-A,Carrier-3,East,31.7,81.76,Express
5618,2026-05-10,2026-05-17,2026-05-18,WH-B,Carrier-2,North,59.5,42.67,Critical
5619,2025-01-07,2025-01-09,2025-01-10,WH-A,Carrier-3,East,53.1,20.65,Critical
5620,2025-09-28,2025-10-03,,WH-D,Carrier-1,North,49.7,159.28,Critical
5621,2025-02-27,2025-03-03,2025-03-06,WH-C,Carrier-2,South,72.4,129.16,Standard
5622,2024-02-03,2024-02-05,,WH-B,Carrier-1,North,74.1,74.16,Express
5623,2025-08-17,2025-08-20,2025-08-19,WH-A,Carrier-1,North,41.9,15.67,Express
5624,2025-03-05,2025-03-09,2025-03-10,WH-A,Carrier-3,North,33.3,193.57,Express
5625,2025-05-01,2025-05-09,2025-05-14,WH-A,Carrier-3,West,10.6,170.74,Critical
5626,2026-07-26,2026-07-29,,WH-B,Carrier-3,West,62.4,36.78,Standard
5627,2025-08-03,2025-08-06,2025-08-05,WH-D,Carrier-3,East,36.9,4.89,Standard
5628,2024-06-13,2024-06-16,2024-06-18,WH-C,Carrier-3,East,68.3,161.35,Standard
5629,2026-01-04,2026-01-07,,WH-D,Carrier-2,West,52.4,7.03,Standard
5630,2025-08-06,2025-08-12,2025-08-16,WH-C,Carrier-2,North,73.0,121.87,Express
5631,2024-01-23,2024-01-31,,WH-D,Carrier-2,West,12.7,162.65,Standard
5632,2025-09-11,2025-09-14,2025-09-19,WH-B,Carrier-2,East,26.2,160.91,Express
5633,2025-08-07,2025-08-14,2025-08-19,WH-C,Carrier-3,South,52.3,147.74,Express
5634,2026-03-28,2026-04-04,2026-04-04,WH-A,Carrier-2,East,24.4,5.47,Critical
5635,2025-07-11,2025-07-14,2025-07-22,WH-B,Carrier-1,West,34.4,8.85,Express
5636,2024-10-09,2024-10-14,2024-10-15,WH-C,Carrier-2,West,27.8,75.24,Express
5637,2026-04-11,2026-04-17,2026-04-23,WH-D,Carrier-3,North,1.5,44.89,Critical
5638,2025-04-24,2025-04-28,2025-04-26,WH-B,Carrier-1,East,51.8,51.06,Express
5639,2025-07-20,2025-07-27,2025-07-26,WH-A,Carrier-1,East,34.0,187.5,Critical
5640,2024-07-26,2024-08-01,2024-07-31,WH-D,Carrier-3,West,54.2,13.11,Critical
5641,2024-01-14,2024-01-20,2024-01-20,WH-D,Carrier-3,North,56.1,212.88,Standard
5642,2025-07-26,2025-07-29,2025-07-30,WH-C,Carrier-1,West,34.6,129.46,Critical
5643,2024-10-15,2024-10-22,2024-10-24,WH-C,Carrier-3,East,79.6,85.9,Critical
5644,2024-05-31,2024-06-05,2024-06-05,WH-D,Carrier-2,North,34.6,85.32,Critical
5645,2025-11-03,2025-11-09,2025-11-14,WH-A,Carrier-2,West,50.5,161.31,Critical
5646,2024-06-23,2024-06-25,2024-06-25,WH-B,Carrier-1,West,46.6,211.4,Express
5647,2026-01-27,2026-02-04,2026-02-10,WH-B,Carrier-1,North,14.5,41.38,Express
5648,2024-03-24,2024-04-01,2024-04-06,WH-B,Carrier-2,West,28.5,182.55,Standard
5649,2024-03-12,2024-03-18,2024-03-17,WH-D,Carrier-3,West,29.7,14.77,Critical
5650,2026-02-06,2026-02-12,2026-02-19,WH-B,Carrier-3,North,8.0,43.84,Standard
5651,2025-03-15,2025-03-21,2025-03-23,WH-D,Carrier-2,West,29.3,10.14,Critical
5652,2024-08-17,2024-08-22,2024-08-26,WH-B,Carrier-1,South,14.4,222.27,Standard
5653,2025-08-03,2025-08-07,2025-08-07,WH-A,Carrier-2,South,51.5,165.57,Standard
5654,2026-06-22,2026-06-28,2026-07-03,WH-C,Carrier-3,North,15.1,136.67,Critical
5655,2025-05-14,2025-05-20,2025-05-24,WH-A,Carrier-3,North,70.1,215.86,Standard
5656,2025-11-14,2025-11-21,2025-11-28,WH-D,Carrier-3,North,76.0,134.04,Express
5657,2024-11-23,2024-11-27,2024-12-04,WH-B,Carrier-1,West,13.6,203.96,Standard
5658,2025-01-03,2025-01-08,2025-01-07,WH-A,Carrier-3,West,18.7,85.47,Standard
5659,2024-01-28,2024-01-31,2024-01-30,WH-B,Carrier-3,East,5.4,110.49,Critical
5660,2026-05-11,2026-05-15,,WH-B,Carrier-1,South,6.4,111.98,Express
5661,2026-06-11,2026-06-18,2026-06-19,WH-D,Carrier-1,West,2.2,74.71,Express
5662,2024-02-29,2024-03-05,2024-03-05,WH-C,Carrier-3,East,8.1,163.13,Express
5663,2025-06-29,2025-07-05,2025-07-04,WH-A,Carrier-3,East,26.4,124.18,Critical
5664,2025-09-13,2025-09-15,2025-09-15,WH-D,Carrier-3,North,61.4,180.49,Express
5665,2025-08-23,2025-08-28,2025-09-05,WH-B,Carrier-2,North,41.4,231.46,Standard
5666,2024-09-11,2024-09-17,2024-09-21,WH-B,Carrier-1,East,6.2,43.4,Express
5667,2026-02-10,2026-02-17,2026-02-23,WH-C,Carrier-3,East,12.1,176.69,Express
5668,2024-08-18,2024-08-23,2024-08-22,WH-D,Carrier-1,West,77.8,38.43,Express
5669,2025-10-02,2025-10-07,2025-10-12,WH-A,Carrier-1,North,77.6,31.7,Express
5670,2026-05-27,2026-06-02,2026-06-09,WH-D,Carrier-1,South,49.2,224.68,Standard
5671,2024-01-30,2024-02-07,2024-02-06,WH-A,Carrier-2,East,36.3,170.95,Express
5672,2026-03-20,2026-03-26,2026-03-29,WH-D,Carrier-2,West,29.0,56.12,Express
5673,2026-08-23,2026-08-30,2026-09-05,WH-D,Carrier-2,East,61.2,74.58,Critical
5674,2024-06-18,2024-06-25,2024-06-29,WH-C,Carrier-1,West,23.8,181.02,Standard
5675,2024-03-06,2024-03-12,2024-03-12,WH-D,Carrier-3,West,4.7,217.81,Critical
5676,2026-07-25,2026-07-28,2026-07-27,WH-B,Carrier-1,North,2.6,57.5,Standard
5677,2024-09-15,2024-09-19,2024-09-24,WH-A,Carrier-3,West,28.2,128.21,Critical
5678,2024-06-05,2024-06-08,2024-06-15,WH-B,Carrier-1,West,17.9,147.66,Express
5679,2024-06-26,2024-07-02,2024-07-05,WH-A,Carrier-2,North,2.5,231.37,Express
5680,2024-02-17,2024-02-21,2024-02-23,WH-C,Carrier-1,South,79.6,119.28,Critical
5681,2025-05-30,2025-06-01,2025-06-06,WH-C,Carrier-2,South,11.9,53.78,Express
5682,2026-05-08,2026-05-10,2026-05-08,WH-C,Carrier-1,South,46.8,191.58,Critical
5683,2025-05-29,2025-06-04,2025-06-06,WH-C,Carrier-1,South,20.7,168.18,Standard
5684,2025-05-15,2025-05-18,2025-05-19,WH-B,Carrier-2,South,41.5,203.7,Critical
5685,2024-10-03,2024-10-07,2024-10-15,WH-B,Carrier-1,East,18.7,219.21,Express
5686,2026-08-26,2026-08-30,2026-08-31,WH-B,Carrier-2,South,24.9,107.12,Express
5687,2024-09-14,2024-09-18,2024-09-18,WH-B,Carrier-2,East,71.3,80.6,Standard
5688,2024-05-14,2024-05-21,2024-05-22,WH-D,Carrier-2,South,78.1,208.03,Express
5689,2025-04-09,2025-04-13,2025-04-11,WH-A,Carrier-1,West,72.1,220.64,Critical
5690,2025-10-25,2025-10-28,2025-11-01,WH-D,Carrier-1,West,31.4,197.96,Standard
5691,2024-08-24,2024-08-31,2024-09-03,WH-C,Carrier-2,North,61.2,100.19,Standard
5692,2025-12-10,2025-12-13,2025-12-12,WH-C,Carrier-1,South,16.7,181.44,Critical
5693,2025-03-13,2025-03-16,2025-03-17,WH-B,Carrier-2,West,40.2,58.15,Critical
5694,2026-03-25,2026-03-28,2026-03-27,WH-C,Carrier-3,West,34.2,208.19,Critical
5695,2024-07-23,2024-07-31,2024-08-04,WH-A,Carrier-2,West,47.1,166.18,Standard
5696,2026-04-09,2026-04-12,2026-04-18,WH-A,Carrier-1,East,17.7,123.05,Express
5697,2026-05-02,2026-05-07,2026-05-10,WH-D,Carrier-3,West,35.7,41.5,Standard
5698,2025-10-27,2025-10-30,2025-10-28,WH-C,Carrier-3,East,47.9,124.02,Critical
5699,2025-06-02,2025-06-09,2025-06-15,WH-B,Carrier-2,East,35.0,204.33,Standard
5700,2024-07-25,2024-08-01,2024-08-04,WH-A,Carrier-1,East,60.8,193.44,Express
5701,2026-03-30,2026-04-04,2026-04-05,WH-B,Carrier-1,North,45.2,46.8,Standard
5702,2025-04-10,2025-04-13,2025-04-16,WH-C,Carrier-2,West,76.7,227.16,Critical
5703,2024-12-18,2024-12-22,2024-12-20,WH-D,Carrier-3,West,13.2,132.88,Critical
5704,2025-07-05,2025-07-12,2025-07-15,WH-D,Carrier-3,North,74.9,224.91,Express
5705,2024-06-02,2024-06-06,2024-06-04,WH-B,Carrier-1,North,68.9,239.68,Standard
5706,2025-03-27,2025-04-03,2025-04-05,WH-C,Carrier-2,West,40.9,54.35,Standard
5707,2025-09-03,2025-09-05,2025-09-08,WH-B,Carrier-3,South,50.3,135.23,Critical
5708,2026-05-30,2026-06-07,2026-06-08,WH-D,Carrier-3,North,29.2,148.64,Express
5709,2024-08-02,2024-08-07,2024-08-09,WH-D,Carrier-2,West,35.4,46.6,Standard
5710,2025-07-30,2025-08-05,2025-08-11,WH-A,Carrier-2,East,40.9,83.82,Express
5711,2024-11-12,2024-11-19,2024-11-17,WH-B,Carrier-1,East,0.8,24.41,Standard
5712,2025-12-24,2025-12-30,2026-01-07,WH-A,Carrier-3,North,51.9,14.12,Standard
5713,2024-08-24,2024-08-30,2024-09-01,WH-C,Carrier-1,East,60.0,125.25,Standard
5714,2024-11-27,2024-12-05,2024-12-05,WH-C,Carrier-3,South,46.3,150.75,Critical
5715,2025-10-13,2025-10-20,2025-10-26,WH-C,Carrier-2,South,5.0,173.33,Express
5716,2025-04-16,2025-04-19,2025-04-18,WH-D,Carrier-2,North,11.0,85.2,Critical
5717,2024-01-24,2024-01-30,2024-02-02,WH-C,Carrier-3,South,19.0,201.04,Express
5718,2024-09-03,2024-09-07,2024-09-09,WH-D,Carrier-2,South,16.6,162.0,Express
5719,2026-01-20,2026-01-23,2026-01-29,WH-C,Carrier-3,South,75.3,133.48,Critical
5720,2026-06-03,2026-06-11,2026-06-10,WH-C,Carrier-1,East,63.9,37.46,Express
5721,2025-09-12,2025-09-20,2025-09-27,WH-D,Carrier-3,North,34.0,9.45,Express
5722,2024-11-16,2024-11-20,2024-11-28,WH-C,Carrier-3,West,12.5,49.54,Standard
5723,2024-05-31,2024-06-03,2024-06-02,WH-B,Carrier-1,East,52.9,80.88,Express
5724,2025-08-31,2025-09-02,2025-09-04,WH-B,Carrier-2,West,47.9,184.71,Express
5725,2025-06-21,2025-06-27,2025-07-02,WH-B,Carrier-1,East,54.5,133.55,Critical
5726,2026-01-08,2026-01-14,2026-01-13,WH-C,Carrier-2,North,66.6,163.63,Standard
5727,2025-07-18,2025-07-20,2025-07-26,WH-C,Carrier-1,East,34.0,176.39,Express
5728,2026-06-15,2026-06-23,2026-06-29,WH-D,Carrier-1,North,11.5,235.85,Standard
5729,2024-11-02,2024-11-08,2024-11-07,WH-D,Carrier-3,South,67.5,214.52,Critical
5730,2025-02-28,2025-03-05,2025-03-09,WH-A,Carrier-3,North,6.2,53.87,Express
5731,2026-07-16,2026-07-20,2026-07-26,WH-A,Carrier-3,South,31.6,108.05,Standard
5732,2025-01-01,2025-01-06,2025-01-13,WH-A,Carrier-1,East,72.3,116.8,Standard
5733,2024-10-18,2024-10-21,,WH-B,Carrier-1,South,22.9,26.65,Standard
5734,2025-09-11,2025-09-14,2025-09-13,WH-D,Carrier-2,South,17.1,161.25,Express
5735,2024-07-10,2024-07-18,2024-07-20,WH-D,Carrier-1,West,71.6,106.42,Express
5736,2025-06-02,2025-06-08,2025-06-07,WH-A,Carrier-1,West,64.9,62.71,Express
5737,2024-09-18,2024-09-23,2024-09-25,WH-B,Carrier-1,North,76.1,78.54,Critical
5738,2025-08-09,2025-08-13,,WH-D,Carrier-3,West,21.9,154.2,Critical
5739,2025-12-26,2025-12-31,2025-12-30,WH-C,Carrier-1,East,26.4,99.77,Critical
5740,2025-03-10,2025-03-17,2025-03-23,WH-D,Carrier-3,South,30.1,41.11,Express
5741,2026-05-08,2026-05-10,2026-05-15,WH-D,Carrier-3,South,75.5,232.07,Critical
5742,2026-01-21,2026-01-29,2026-02-03,WH-B,Carrier-3,North,2.3,119.49,Critical
5743,2026-05-29,2026-06-01,2026-06-04,WH-A,Carrier-1,South,74.7,102.87,Critical
5744,2024-09-27,2024-10-04,2024-10-09,WH-A,Carrier-1,West,11.8,204.89,Critical
5745,2026-08-02,2026-08-06,2026-08-14,WH-B,Carrier-3,North,62.2,52.96,Standard
5746,2024-05-13,2024-05-18,2024-05-21,WH-C,Carrier-1,East,67.3,158.96,Critical
5747,2025-05-22,2025-05-24,2025-05-27,WH-A,Carrier-1,West,32.4,193.54,Standard
5748,2024-09-26,2024-10-03,2024-10-09,WH-B,Carrier-1,South,68.0,20.28,Standard
5749,2024-10-20,2024-10-25,2024-10-31,WH-D,Carrier-2,North,16.8,236.89,Standard
5750,2025-02-07,2025-02-10,2025-02-13,WH-A,Carrier-2,North,74.9,178.19,Standard
5751,2024-04-03,2024-04-09,2024-04-09,WH-A,Carrier-3,East,78.7,238.8,Critical
5752,2024-03-03,2024-03-05,2024-03-05,WH-B,Carrier-1,West,71.8,176.68,Critical
5753,2024-01-07,2024-01-11,2024-01-16,WH-C,Carrier-3,North,21.2,176.81,Express
5754,2025-01-29,2025-02-06,2025-02-10,WH-A,Carrier-3,East,48.4,149.35,Standard
5755,2024-06-08,2024-06-14,2024-06-22,WH-C,Carrier-3,South,73.2,140.81,Express
5756,2026-01-15,2026-01-21,2026-01-23,WH-B,Carrier-1,North,31.2,43.91,Standard
5757,2024-03-25,2024-03-31,2024-04-05,WH-C,Carrier-1,West,34.8,78.48,Critical
5758,2025-10-29,2025-11-02,2025-11-05,WH-B,Carrier-3,West,14.1,201.86,Critical
5759,2026-06-03,2026-06-09,2026-06-12,WH-B,Carrier-3,South,12.9,38.88,Critical
5760,2026-02-09,2026-02-12,2026-02-14,WH-D,Carrier-3,South,38.4,24.71,Standard
5761,2024-08-15,2024-08-17,2024-08-22,WH-B,Carrier-3,West,58.2,13.45,Standard
5762,2025-06-08,2025-06-13,2025-06-15,WH-A,Carrier-1,North,57.5,55.96,Critical
5763,2026-04-27,2026-05-04,2026-05-10,WH-D,Carrier-3,South,73.7,135.3,Standard
5764,2025-06-05,2025-06-13,2025-06-15,WH-B,Carrier-3,North,14.3,118.19,Critical
5765,2025-11-19,2025-11-23,2025-11-26,WH-B,Carrier-1,West,37.9,68.29,Express
5766,2024-07-23,2024-07-25,2024-07-27,WH-A,Carrier-3,West,35.7,38.81,Critical
5767,2025-01-04,2025-01-10,2025-01-16,WH-A,Carrier-2,West,43.9,26.63,Standard
5768,2026-08-11,2026-08-18,2026-08-19,WH-A,Carrier-3,East,51.8,145.12,Express
5769,2025-11-27,2025-12-01,2025-12-03,WH-B,Carrier-3,South,48.7,138.84,Critical
5770,2025-03-05,2025-03-07,2025-03-06,WH-D,Carrier-2,West,4.5,131.61,Standard
5771,2024-10-08,2024-10-16,2024-10-15,WH-B,Carrier-2,East,3.0,82.55,Express
5772,2026-07-12,2026-07-18,,WH-B,Carrier-2,West,7.2,4.94,Standard
5773,2025-09-26,2025-10-04,2025-10-06,WH-C,Carrier-2,North,63.7,81.86,Standard
5774,2025-03-14,2025-03-21,2025-03-24,WH-A,Carrier-2,South,69.0,79.59,Critical
5775,2025-07-05,2025-07-08,2025-07-13,WH-D,Carrier-3,South,71.3,148.12,Express
5776,2024-08-26,2024-08-29,2024-08-29,WH-A,Carrier-3,North,15.5,80.02,Express
5777,2024-11-02,2024-11-08,2024-11-06,WH-D,Carrier-2,West,32.8,130.44,Critical
5778,2026-02-15,2026-02-20,2026-02-21,WH-B,Carrier-3,East,6.3,184.24,Critical
5779,2025-10-26,2025-11-02,2025-11-10,WH-D,Carrier-2,North,69.3,239.83,Standard
5780,2025-01-02,2025-01-10,2025-01-10,WH-D,Carrier-2,West,14.5,16.09,Standard
5781,2024-03-04,2024-03-06,2024-03-11,WH-B,Carrier-1,West,59.7,126.54,Standard
5782,2026-03-30,2026-04-07,2026-04-13,WH-D,Carrier-2,South,75.6,186.75,Express
5783,2026-07-28,2026-08-03,2026-08-03,WH-D,Carrier-1,North,74.1,26.25,Critical
5784,2025-12-06,2025-12-10,2025-12-14,WH-C,Carrier-1,East,56.3,185.5,Critical
5785,2024-02-08,2024-02-11,2024-02-09,WH-C,Carrier-2,East,79.8,165.44,Critical
5786,2026-03-07,2026-03-15,2026-03-15,WH-A,Carrier-1,North,70.2,134.78,Standard
5787,2024-12-02,2024-12-04,2024-12-10,WH-B,Carrier-2,West,5.7,31.1,Critical
5788,2026-02-05,2026-02-07,2026-02-05,WH-D,Carrier-3,North,37.8,116.1,Standard
5789,2024-02-16,2024-02-20,2024-02-20,WH-A,Carrier-3,West,69.0,4.69,Standard
5790,2024-08-30,2024-09-04,,WH-B,Carrier-1,West,3.4,30.34,Critical
5791,2025-03-28,2025-04-01,2025-03-30,WH-A,Carrier-2,North,38.4,213.35,Critical
5792,2024-03-27,2024-04-02,2024-04-09,WH-B,Carrier-2,North,69.2,119.48,Standard
5793,2026-01-20,2026-01-28,2026-02-04,WH-B,Carrier-3,North,28.9,188.99,Express
5794,2026-01-03,2026-01-09,2026-01-07,WH-A,Carrier-3,South,78.1,232.96,Critical
5795,2024-07-27,2024-08-01,2024-08-01,WH-C,Carrier-3,East,43.2,61.94,Standard
5796,2024-06-15,2024-06-22,2024-06-29,WH-C,Carrier-3,North,18.8,50.28,Critical
5797,2024-08-09,2024-08-14,2024-08-15,WH-A,Carrier-2,South,58.4,233.62,Standard
5798,2024-12-19,2024-12-27,2024-12-31,WH-D,Carrier-3,North,14.3,77.87,Express
5799,2024-12-15,2024-12-19,2024-12-21,WH-A,Carrier-3,South,10.6,94.15,Standard
5800,2026-06-14,2026-06-17,2026-06-16,WH-C,Carrier-1,North,32.7,115.47,Express
5801,2025-03-22,2025-03-29,2025-04-06,WH-C,Carrier-3,North,73.7,75.94,Express
5802,2025-05-06,2025-05-12,2025-05-18,WH-D,Carrier-3,West,22.2,35.89,Standard
5803,2025-11-03,2025-11-11,2025-11-16,WH-A,Carrier-1,South,21.7,107.15,Express
5804,2025-02-27,2025-03-06,2025-03-08,WH-C,Carrier-1,East,51.9,132.98,Express
5805,2024-01-14,2024-01-19,2024-01-20,WH-D,Carrier-2,West,24.5,47.05,Express
5806,2025-05-27,2025-05-30,2025-06-04,WH-A,Carrier-3,East,65.7,53.91,Express
5807,2026-07-10,2026-07-14,2026-07-19,WH-A,Carrier-2,North,48.1,218.06,Standard
5808,2024-12-29,2025-01-01,2025-01-07,WH-A,Carrier-1,South,31.0,112.77,Critical
5809,2026-06-09,2026-06-13,,WH-D,Carrier-1,East,57.6,42.93,Express
5810,2024-07-07,2024-07-09,2024-07-11,WH-A,Carrier-1,South,48.6,40.52,Standard
5811,2025-11-17,2025-11-22,2025-11-22,WH-B,Carrier-3,East,57.5,128.71,Standard
5812,2024-07-17,2024-07-25,2024-08-01,WH-D,Carrier-1,East,76.7,63.16,Standard
5813,2025-11-14,2025-11-16,2025-11-23,WH-B,Carrier-2,North,50.3,37.63,Standard
5814,2024-08-16,2024-08-23,2024-08-31,WH-D,Carrier-3,East,37.5,33.15,Critical
5815,2025-11-24,2025-11-28,2025-11-30,WH-A,Carrier-3,North,33.4,26.23,Critical
5816,2024-08-24,2024-08-31,2024-09-01,WH-D,Carrier-1,East,38.1,177.53,Standard
5817,2024-10-24,2024-11-01,2024-11-01,WH-A,Carrier-1,East,71.8,148.93,Critical
5818,2025-07-10,2025-07-14,2025-07-13,WH-D,Carrier-3,East,7.6,140.95,Express
5819,2024-07-07,2024-07-14,2024-07-20,WH-C,Carrier-3,South,71.4,88.73,Critical
5820,2026-08-16,2026-08-22,2026-08-30,WH-C,Carrier-1,North,3.6,30.22,Critical
5821,2024-08-14,2024-08-18,2024-08-20,WH-A,Carrier-1,West,65.6,206.24,Express
5822,2025-06-16,2025-06-19,2025-06-26,WH-D,Carrier-2,East,47.6,98.18,Standard
5823,2026-05-25,2026-05-31,2026-06-04,WH-C,Carrier-2,North,26.4,89.01,Standard
5824,2026-06-23,2026-06-27,2026-07-03,WH-B,Carrier-3,East,47.3,122.26,Express
5825,2026-03-18,2026-03-23,2026-03-31,WH-A,Carrier-3,East,47.6,182.63,Express
5826,2026-06-03,2026-06-06,2026-06-12,WH-A,Carrier-2,South,78.7,142.71,Standard
5827,2026-05-24,2026-05-30,2026-05-31,WH-C,Carrier-1,West,5.9,99.06,Standard
5828,2026-07-03,2026-07-06,2026-07-05,WH-A,Carrier-3,West,54.7,47.73,Standard
5829,2024-01-21,2024-01-23,2024-01-22,WH-C,Carrier-3,South,66.1,168.11,Express
5830,2025-01-24,2025-01-31,2025-02-06,WH-C,Carrier-2,West,10.8,209.25,Standard
5831,2025-12-22,2025-12-30,2026-01-04,WH-D,Carrier-1,South,59.1,106.02,Standard
5832,2026-05-21,2026-05-25,2026-05-27,WH-C,Carrier-3,North,8.4,11.56,Critical
5833,2026-07-16,2026-07-24,2026-07-31,WH-C,Carrier-1,South,42.7,186.84,Standard
5834,2025-03-12,2025-03-19,2025-03-23,WH-B,Carrier-3,South,38.5,202.31,Critical
5835,2024-09-25,2024-10-03,2024-10-11,WH-D,Carrier-2,East,13.2,70.54,Standard
5836,2024-07-26,2024-07-29,2024-08-06,WH-B,Carrier-1,East,24.1,209.52,Critical
5837,2026-02-27,2026-03-05,2026-03-04,WH-D,Carrier-2,West,52.5,70.35,Critical
5838,2025-12-14,2025-12-16,2025-12-21,WH-C,Carrier-3,East,52.2,74.53,Express
5839,2026-03-23,2026-03-25,2026-03-23,WH-B,Carrier-3,North,21.5,139.56,Standard
5840,2024-08-28,2024-09-01,2024-09-07,WH-C,Carrier-3,West,75.7,108.64,Express
5841,2026-02-26,2026-03-03,2026-03-07,WH-B,Carrier-3,East,10.7,136.83,Standard
5842,2024-05-12,2024-05-19,2024-05-20,WH-B,Carrier-2,North,51.5,227.22,Express
5843,2026-06-20,2026-06-28,2026-06-30,WH-D,Carrier-1,North,65.7,101.99,Standard
5844,2025-07-26,2025-08-01,2025-08-05,WH-B,Carrier-3,West,50.5,133.93,Express
5845,2025-02-20,2025-02-28,2025-03-01,WH-C,Carrier-1,West,8.4,81.51,Critical
5846,2024-06-15,2024-06-23,2024-06-30,WH-D,Carrier-2,East,64.0,174.78,Standard
5847,2024-01-15,2024-01-19,2024-01-27,WH-A,Carrier-1,South,38.0,223.16,Express
5848,2025-09-29,2025-10-07,2025-10-12,WH-D,Carrier-2,South,65.3,180.27,Express
5849,2026-04-07,2026-04-14,2026-04-17,WH-B,Carrier-2,East,8.0,163.01,Critical
5850,2026-02-17,2026-02-19,2026-02-24,WH-B,Carrier-3,South,40.8,129.78,Standard
5851,2026-01-26,2026-02-03,2026-02-04,WH-C,Carrier-2,North,22.4,9.93,Critical
5852,2025-07-12,2025-07-20,2025-07-24,WH-B,Carrier-3,East,46.4,194.46,Standard
5853,2024-03-11,2024-03-16,2024-03-16,WH-A,Carrier-1,West,35.0,226.12,Express
5854,2026-08-28,2026-09-02,2026-09-02,WH-D,Carrier-1,North,58.0,34.17,Express
5855,2025-12-08,2025-12-11,2025-12-15,WH-B,Carrier-1,South,22.6,55.22,Express
5856,2024-01-30,2024-02-01,2024-02-06,WH-D,Carrier-3,West,60.7,53.13,Express
5857,2024-05-24,2024-05-27,2024-05-27,WH-A,Carrier-2,East,25.2,55.26,Standard
5858,2025-04-12,2025-04-19,2025-04-23,WH-A,Carrier-2,South,39.6,79.48,Express
5859,2024-07-28,2024-08-05,2024-08-07,WH-B,Carrier-3,East,61.0,90.26,Standard
5860,2024-09-25,2024-10-01,2024-09-29,WH-D,Carrier-2,South,15.7,213.12,Critical
5861,2024-07-21,2024-07-23,2024-07-22,WH-A,Carrier-2,South,62.8,75.36,Standard
5862,2025-10-04,2025-10-08,2025-10-16,WH-C,Carrier-2,West,11.3,33.19,Express
5863,2025-04-24,2025-04-29,2025-04-29,WH-A,Carrier-3,South,49.7,218.7,Express
5864,2024-07-12,2024-07-19,2024-07-25,WH-D,Carrier-2,South,42.7,27.77,Express
5865,2024-12-19,2024-12-26,2024-12-28,WH-D,Carrier-1,North,74.3,134.44,Standard
5866,2025-12-03,2025-12-10,2025-12-08,WH-C,Carrier-1,East,55.5,162.86,Express
5867,2024-11-04,2024-11-07,2024-11-11,WH-D,Carrier-1,West,1.0,70.64,Express
5868,2025-06-25,2025-07-01,2025-07-02,WH-D,Carrier-3,South,12.8,140.7,Standard
5869,2024-02-05,2024-02-10,2024-02-11,WH-D,Carrier-3,East,19.1,27.86,Express
5870,2026-08-07,2026-08-14,,WH-D,Carrier-2,North,58.7,96.18,Critical
5871,2025-09-08,2025-09-15,2025-09-17,WH-C,Carrier-1,North,21.2,51.26,Express
5872,2024-01-11,2024-01-18,2024-01-22,WH-A,Carrier-1,South,32.2,51.64,Standard
5873,2026-01-26,2026-02-01,2026-02-09,WH-D,Carrier-2,East,28.9,92.9,Express
5874,2024-01-14,2024-01-17,2024-01-24,WH-A,Carrier-2,North,46.2,171.95,Standard
5875,2026-02-25,2026-02-27,2026-02-27,WH-D,Carrier-3,North,63.4,144.86,Standard
5876,2025-01-20,2025-01-24,2025-01-28,WH-A,Carrier-3,North,54.0,77.93,Standard
5877,2024-02-17,2024-02-23,2024-03-02,WH-C,Carrier-2,South,5.9,36.07,Standard
5878,2025-06-21,2025-06-27,2025-07-02,WH-B,Carrier-3,East,77.6,172.58,Standard
5879,2025-02-27,2025-03-07,2025-03-11,WH-D,Carrier-3,South,14.9,112.27,Critical
5880,2024-11-12,2024-11-19,2024-11-25,WH-D,Carrier-2,East,49.1,132.88,Critical
5881,2026-08-10,2026-08-18,2026-08-26,WH-A,Carrier-3,East,2.0,155.31,Standard
5882,2024-12-26,2024-12-30,2025-01-05,WH-A,Carrier-3,East,59.2,171.46,Express
5883,2025-02-14,2025-02-18,2025-02-21,WH-A,Carrier-1,North,19.5,211.85,Express
5884,2024-04-09,2024-04-16,2024-04-14,WH-A,Carrier-2,West,2.4,136.51,Critical
5885,2025-08-17,2025-08-22,2025-08-24,WH-D,Carrier-2,East,75.3,192.9,Express
5886,2024-05-17,2024-05-19,2024-05-18,WH-D,Carrier-1,North,62.2,54.55,Critical
5887,2025-08-25,2025-08-27,2025-08-26,WH-A,Carrier-1,North,65.5,10.61,Standard
5888,2025-08-25,2025-08-29,2025-09-01,WH-A,Carrier-2,West,2.2,126.3,Critical
5889,2025-02-14,2025-02-22,2025-02-27,WH-B,Carrier-2,North,18.4,172.55,Standard
5890,2025-08-27,2025-08-29,2025-08-29,WH-A,Carrier-2,West,28.4,186.5,Critical
5891,2025-03-23,2025-03-31,2025-04-05,WH-D,Carrier-2,West,48.3,166.5,Critical
5892,2025-10-06,2025-10-12,2025-10-17,WH-A,Carrier-1,South,10.1,23.5,Express
5893,2025-02-16,2025-02-18,2025-02-24,WH-D,Carrier-3,South,3.2,200.01,Standard
5894,2024-08-21,2024-08-28,2024-08-26,WH-D,Carrier-2,South,72.4,147.08,Critical
5895,2024-08-15,2024-08-19,2024-08-22,WH-B,Carrier-2,East,1.0,151.98,Critical
5896,2025-07-10,2025-07-17,2025-07-16,WH-B,Carrier-2,North,17.2,23.27,Critical
5897,2026-02-15,2026-02-19,2026-02-25,WH-A,Carrier-1,East,56.4,153.53,Express
5898,2025-12-03,2025-12-11,2025-12-14,WH-D,Carrier-3,North,3.3,55.15,Standard
5899,2024-11-22,2024-11-29,2024-12-05,WH-D,Carrier-3,East,15.7,85.84,Express
5900,2024-12-19,2024-12-22,2024-12-23,WH-A,Carrier-1,East,41.1,77.55,Standard
5901,2024-09-11,2024-09-16,2024-09-15,WH-A,Carrier-2,North,34.3,8.93,Critical
5902,2026-02-22,2026-03-01,2026-03-07,WH-C,Carrier-2,South,40.1,146.55,Standard
5903,2026-08-12,2026-08-17,2026-08-17,WH-B,Carrier-2,West,48.1,159.56,Express
5904,2024-08-22,2024-08-25,2024-08-24,WH-D,Carrier-2,East,43.6,182.17,Express
5905,2024-02-01,2024-02-06,2024-02-06,WH-D,Carrier-1,South,45.8,75.44,Standard
5906,2026-01-14,2026-01-16,2026-01-17,WH-C,Carrier-3,East,10.7,204.07,Critical
5907,2024-10-22,2024-10-26,2024-10-28,WH-A,Carrier-2,North,0.9,235.97,Critical
5908,2026-06-05,2026-06-12,2026-06-11,WH-C,Carrier-1,West,75.5,228.04,Express
5909,2025-07-03,2025-07-05,2025-07-08,WH-D,Carrier-2,West,24.7,210.32,Critical
5910,2026-03-21,2026-03-29,2026-03-27,WH-D,Carrier-2,South,34.5,22.53,Standard
5911,2024-03-30,2024-04-06,2024-04-08,WH-C,Carrier-2,South,8.6,101.99,Express
5912,2024-09-27,2024-09-30,2024-10-03,WH-D,Carrier-2,North,10.4,208.83,Standard
5913,2025-10-14,2025-10-17,2025-10-25,WH-B,Carrier-2,West,7.0,112.94,Express
5914,2025-10-06,2025-10-09,2025-10-08,WH-D,Carrier-1,South,20.2,18.41,Standard
5915,2025-05-31,2025-06-06,2025-06-04,WH-B,Carrier-3,East,20.3,227.33,Express
5916,2025-04-15,2025-04-19,2025-04-18,WH-C,Carrier-2,West,37.8,239.88,Standard
5917,2025-10-30,2025-11-04,2025-11-09,WH-B,Carrier-3,North,39.0,208.43,Standard
5918,2025-04-23,2025-04-26,2025-05-01,WH-D,Carrier-2,North,28.9,4.16,Standard
5919,2024-01-07,2024-01-10,2024-01-14,WH-C,Carrier-3,East,78.4,192.4,Standard
5920,2026-01-30,2026-02-01,2026-01-30,WH-B,Carrier-2,West,14.3,232.31,Standard
5921,2024-10-22,2024-10-28,2024-10-26,WH-A,Carrier-3,West,3.3,17.88,Express
5922,2025-02-16,2025-02-18,2025-02-16,WH-C,Carrier-3,North,26.4,199.44,Standard
5923,2024-10-17,2024-10-19,2024-10-26,WH-D,Carrier-3,South,25.1,235.15,Critical
5924,2024-06-19,2024-06-22,2024-06-28,WH-D,Carrier-3,East,39.2,27.77,Critical
5925,2026-06-08,2026-06-10,2026-06-09,WH-B,Carrier-3,East,68.0,142.19,Critical
5926,2026-08-08,2026-08-12,,WH-B,Carrier-3,North,37.6,60.43,Express
5927,2026-03-31,2026-04-05,,WH-A,Carrier-2,South,61.4,158.75,Express
5928,2025-11-10,2025-11-13,2025-11-17,WH-D,Carrier-2,West,6.1,20.13,Standard
5929,2024-01-08,2024-01-10,2024-01-15,WH-B,Carrier-2,East,62.0,73.0,Standard
5930,2024-08-10,2024-08-16,2024-08-19,WH-A,Carrier-1,West,46.0,18.7,Critical
5931,2024-08-21,2024-08-27,2024-08-28,WH-A,Carrier-1,East,58.2,129.4,Standard
5932,2025-03-04,2025-03-10,2025-03-13,WH-B,Carrier-2,West,1.5,76.63,Critical
5933,2024-03-04,2024-03-12,,WH-D,Carrier-2,West,43.5,77.73,Express
5934,2024-12-23,2024-12-29,2025-01-06,WH-C,Carrier-3,North,77.5,183.73,Standard
5935,2024-07-12,2024-07-20,2024-07-25,WH-B,Carrier-1,West,55.6,9.89,Critical
5936,2025-04-05,2025-04-12,,WH-A,Carrier-3,West,38.6,17.98,Express
5937,2026-02-24,2026-02-26,2026-03-01,WH-A,Carrier-2,West,24.9,200.81,Express
5938,2025-04-03,2025-04-06,2025-04-07,WH-D,Carrier-2,West,69.9,217.24,Standard
5939,2025-03-02,2025-03-10,2025-03-18,WH-A,Carrier-1,South,77.6,4.54,Standard
5940,2026-01-21,2026-01-23,2026-01-21,WH-D,Carrier-3,South,43.0,4.72,Critical
5941,2024-04-23,2024-04-29,2024-05-07,WH-D,Carrier-3,West,6.4,220.21,Critical
5942,2026-04-17,2026-04-20,2026-04-28,WH-D,Carrier-3,East,35.0,237.74,Standard
5943,2026-03-21,2026-03-28,2026-03-29,WH-D,Carrier-3,West,45.2,163.21,Critical
5944,2024-01-18,2024-01-26,2024-01-25,WH-D,Carrier-2,West,66.2,107.28,Standard
5945,2026-03-13,2026-03-20,2026-03-28,WH-A,Carrier-1,South,32.0,110.39,Express
5946,2024-10-14,2024-10-22,,WH-D,Carrier-3,West,75.5,167.19,Critical
5947,2026-07-25,2026-07-28,2026-07-30,WH-C,Carrier-1,North,25.4,180.18,Express
5948,2025-09-10,2025-09-14,2025-09-18,WH-A,Carrier-2,East,58.0,13.57,Express
5949,2026-01-18,2026-01-23,2026-01-27,WH-B,Carrier-3,South,4.4,4.67,Standard
5950,2025-06-15,2025-06-19,2025-06-20,WH-B,Carrier-1,North,21.1,158.36,Standard
5951,2026-06-16,2026-06-18,2026-06-19,WH-D,Carrier-3,South,68.7,116.18,Critical
5952,2024-11-05,2024-11-13,2024-11-15,WH-A,Carrier-2,South,3.2,21.99,Standard
5953,2025-06-20,2025-06-23,2025-06-24,WH-B,Carrier-1,North,6.2,239.64,Critical
5954,2024-01-12,2024-01-18,2024-01-25,WH-C,Carrier-3,South,19.6,13.2,Critical
5955,2025-12-27,2025-12-31,2026-01-01,WH-A,Carrier-2,East,79.9,89.05,Express
5956,2024-06-26,2024-06-30,2024-07-07,WH-A,Carrier-3,South,6.0,152.53,Standard
5957,2026-01-18,2026-01-21,2026-01-28,WH-A,Carrier-3,West,22.7,209.56,Critical
5958,2025-03-05,2025-03-11,2025-03-12,WH-A,Carrier-3,South,56.3,106.69,Express
5959,2024-01-19,2024-01-24,2024-01-24,WH-B,Carrier-2,East,39.4,149.08,Standard
5960,2025-01-01,2025-01-07,2025-01-10,WH-C,Carrier-1,South,30.9,162.98,Express
5961,2024-07-14,2024-07-22,2024-07-20,WH-C,Carrier-2,East,11.8,74.81,Standard
5962,2026-05-21,2026-05-25,2026-05-27,WH-C,Carrier-3,North,6.4,222.81,Standard
5963,2025-01-23,2025-01-25,2025-01-24,WH-A,Carrier-1,East,8.5,8.45,Standard
5964,2025-09-22,2025-09-24,2025-09-27,WH-A,Carrier-3,North,60.2,61.61,Critical
5965,2025-10-17,2025-10-20,2025-10-18,WH-B,Carrier-2,East,14.7,163.84,Standard
5966,2025-05-29,2025-05-31,2025-06-01,WH-D,Carrier-3,North,67.8,63.21,Express
5967,2024-01-14,2024-01-16,2024-01-19,WH-A,Carrier-1,West,23.0,229.34,Standard
5968,2026-07-23,2026-07-26,,WH-A,Carrier-2,West,57.3,197.54,Express
5969,2024-08-21,2024-08-27,2024-08-30,WH-B,Carrier-2,West,64.0,138.05,Standard
5970,2024-04-06,2024-04-09,2024-04-13,WH-B,Carrier-3,East,20.1,106.75,Critical
5971,2024-12-27,2025-01-01,2025-01-03,WH-A,Carrier-2,South,10.0,12.09,Standard
5972,2025-12-21,2025-12-26,2025-12-30,WH-A,Carrier-1,South,71.6,196.98,Critical
5973,2025-04-07,2025-04-09,2025-04-11,WH-B,Carrier-3,North,70.0,201.06,Critical
5974,2024-12-08,2024-12-13,2024-12-11,WH-A,Carrier-1,East,10.9,48.46,Critical
5975,2025-07-21,2025-07-26,2025-08-03,WH-C,Carrier-2,South,26.1,42.0,Critical
5976,2025-11-12,2025-11-14,2025-11-13,WH-B,Carrier-3,West,19.2,10.08,Critical
5977,2024-09-25,2024-09-29,,WH-C,Carrier-3,East,78.8,6.62,Standard
5978,2024-03-23,2024-03-29,,WH-A,Carrier-2,South,33.4,99.31,Critical
5979,2025-10-17,2025-10-22,2025-10-22,WH-A,Carrier-2,West,74.2,220.18,Standard
5980,2024-12-26,2025-01-03,2025-01-09,WH-C,Carrier-1,East,43.0,17.56,Express
5981,2026-06-06,2026-06-12,2026-06-16,WH-D,Carrier-1,North,51.2,193.7,Express
5982,2025-06-25,2025-06-27,2025-06-29,WH-D,Carrier-2,North,51.6,50.29,Critical
5983,2025-09-03,2025-09-08,2025-09-16,WH-B,Carrier-1,West,74.3,182.55,Standard
5984,2025-04-14,2025-04-20,2025-04-20,WH-B,Carrier-2,South,22.6,137.81,Standard
5985,2026-06-11,2026-06-18,2026-06-21,WH-A,Carrier-3,East,6.5,12.82,Critical
5986,2025-11-25,2025-11-27,2025-12-01,WH-D,Carrier-2,North,14.8,81.37,Express
5987,2026-03-08,2026-03-14,2026-03-12,WH-D,Carrier-3,West,41.2,57.29,Standard
5988,2025-09-30,2025-10-04,2025-10-07,WH-C,Carrier-1,West,53.8,183.61,Express
5989,2024-04-26,2024-05-02,2024-05-10,WH-C,Carrier-1,West,56.9,140.38,Standard
5990,2026-06-20,2026-06-24,2026-06-25,WH-C,Carrier-1,North,70.6,223.18,Express
5991,2025-09-27,2025-10-04,2025-10-03,WH-C,Carrier-3,South,55.9,36.31,Standard
5992,2024-05-21,2024-05-26,,WH-A,Carrier-2,East,30.5,157.91,Critical
5993,2024-09-11,2024-09-17,2024-09-20,WH-D,Carrier-1,North,23.4,226.24,Critical
5994,2024-06-23,2024-06-30,2024-07-08,WH-C,Carrier-1,North,66.0,117.91,Critical
5995,2026-06-27,2026-06-30,2026-07-04,WH-D,Carrier-2,South,71.9,194.91,Standard
5996,2025-12-05,2025-12-12,2025-12-11,WH-C,Carrier-2,North,29.4,133.69,Express
5997,2025-06-17,2025-06-19,2025-06-24,WH-A,Carrier-1,West,18.4,41.18,Critical
5998,2026-07-27,2026-08-02,2026-08-07,WH-C,Carrier-3,East,68.7,152.41,Standard
5999,2025-04-14,2025-04-18,2025-04-17,WH-A,Carrier-1,East,73.4,187.57,Critical
6000,2024-07-04,2024-07-12,2024-07-17,WH-C,Carrier-1,North,59.6,138.98,Express
6001,2024-03-05,2024-03-12,2024-03-16,WH-B,Carrier-2,South,45.5,205.02,Standard
6002,2025-02-26,2025-02-28,2025-03-02,WH-D,Carrier-2,East,59.6,153.7,Critical
6003,2025-12-11,2025-12-13,2025-12-21,WH-D,Carrier-1,North,10.9,58.2,Standard
6004,2024-02-17,2024-02-21,,WH-C,Carrier-1,East,25.4,73.49,Express
6005,2025-12-19,2025-12-26,2025-12-30,WH-D,Carrier-2,South,61.6,66.56,Express
6006,2025-02-15,2025-02-19,2025-02-26,WH-C,Carrier-1,West,19.9,149.34,Critical
6007,2024-04-23,2024-04-29,2024-04-30,WH-D,Carrier-2,West,45.8,149.0,Critical
6008,2025-03-02,2025-03-04,2025-03-07,WH-D,Carrier-2,East,50.4,103.66,Critical
6009,2024-05-09,2024-05-13,2024-05-20,WH-B,Carrier-3,North,54.1,139.21,Express
6010,2026-05-27,2026-06-02,2026-06-01,WH-D,Carrier-3,North,38.5,238.82,Standard
6011,2024-06-19,2024-06-27,2024-07-04,WH-B,Carrier-1,South,64.8,89.08,Express
6012,2026-08-27,2026-08-29,2026-09-01,WH-D,Carrier-1,North,30.0,15.74,Critical
6013,2025-07-06,2025-07-10,2025-07-13,WH-C,Carrier-3,East,72.5,74.68,Critical
6014,2024-08-16,2024-08-18,2024-08-16,WH-D,Carrier-3,North,51.7,8.27,Standard
6015,2025-09-16,2025-09-22,2025-09-20,WH-B,Carrier-3,North,51.2,150.66,Express
6016,2025-04-13,2025-04-21,2025-04-21,WH-A,Carrier-2,South,70.1,139.12,Standard
6017,2025-10-27,2025-11-01,2025-11-02,WH-D,Carrier-1,South,9.2,100.67,Standard
6018,2024-01-04,2024-01-08,2024-01-13,WH-C,Carrier-1,East,51.2,233.93,Critical
6019,2025-11-24,2025-11-30,2025-12-06,WH-C,Carrier-2,West,4.2,13.79,Standard
6020,2026-02-12,2026-02-18,2026-02-26,WH-D,Carrier-2,West,57.2,108.41,Critical
6021,2025-09-10,2025-09-17,2025-09-22,WH-A,Carrier-2,South,71.6,183.16,Standard
6022,2024-08-02,2024-08-06,2024-08-13,WH-C,Carrier-3,South,63.0,64.27,Critical
6023,2024-10-05,2024-10-09,2024-10-16,WH-D,Carrier-2,West,53.9,163.95,Critical
6024,2026-01-13,2026-01-16,2026-01-24,WH-B,Carrier-3,East,35.7,239.55,Express
6025,2026-07-26,2026-07-31,2026-08-06,WH-D,Carrier-1,West,14.2,133.0,Standard
6026,2026-07-02,2026-07-10,2026-07-16,WH-B,Carrier-3,South,37.8,71.22,Express
6027,2025-09-30,2025-10-02,2025-10-05,WH-B,Carrier-1,East,51.8,113.7,Express
6028,2025-04-14,2025-04-16,2025-04-23,WH-D,Carrier-1,West,80.0,17.55,Standard
6029,2024-02-21,2024-02-25,2024-02-25,WH-C,Carrier-2,East,74.7,103.67,Express
6030,2026-04-15,2026-04-21,2026-04-23,WH-B,Carrier-1,East,77.4,28.78,Standard
6031,2025-06-16,2025-06-19,2025-06-21,WH-D,Carrier-3,North,75.2,44.34,Standard
6032,2026-01-24,2026-01-30,2026-02-01,WH-B,Carrier-1,South,43.3,130.86,Express
6033,2024-01-26,2024-02-03,2024-02-11,WH-D,Carrier-2,North,14.2,14.63,Standard
6034,2025-07-05,2025-07-11,2025-07-19,WH-C,Carrier-1,North,70.8,30.04,Standard
6035,2024-12-19,2024-12-26,2024-12-28,WH-C,Carrier-1,North,26.2,6.14,Critical
6036,2024-09-05,2024-09-12,2024-09-16,WH-C,Carrier-3,East,59.6,25.88,Critical
6037,2024-07-17,2024-07-19,2024-07-19,WH-B,Carrier-2,South,77.4,153.6,Express
6038,2025-09-04,2025-09-09,2025-09-16,WH-B,Carrier-2,South,32.3,151.47,Express
6039,2024-12-19,2024-12-21,2024-12-19,WH-B,Carrier-1,East,16.2,143.3,Critical
6040,2025-04-28,2025-04-30,2025-04-28,WH-D,Carrier-2,North,7.0,136.06,Express
6041,2025-12-24,2026-01-01,2026-01-06,WH-D,Carrier-1,South,23.0,140.13,Standard
6042,2025-05-01,2025-05-09,2025-05-11,WH-B,Carrier-2,South,52.6,193.43,Standard
6043,2025-03-12,2025-03-19,2025-03-26,WH-D,Carrier-2,East,34.0,204.24,Critical
6044,2025-07-08,2025-07-11,2025-07-17,WH-C,Carrier-1,North,43.3,137.89,Express
6045,2024-10-31,2024-11-05,2024-11-08,WH-C,Carrier-3,East,42.9,5.54,Express
6046,2025-03-15,2025-03-18,2025-03-17,WH-A,Carrier-2,South,43.3,27.12,Standard
6047,2024-02-16,2024-02-21,,WH-D,Carrier-3,North,42.5,106.36,Standard
6048,2024-02-20,2024-02-23,2024-02-26,WH-A,Carrier-3,East,4.3,44.65,Express
6049,2025-05-10,2025-05-13,2025-05-16,WH-A,Carrier-2,West,15.3,7.08,Express
6050,2025-10-10,2025-10-18,2025-10-19,WH-C,Carrier-2,North,60.3,221.68,Critical
6051,2025-11-26,2025-12-03,2025-12-09,WH-C,Carrier-1,South,7.3,121.47,Standard
6052,2024-02-03,2024-02-05,2024-02-11,WH-D,Carrier-2,North,10.0,70.62,Express
6053,2026-06-19,2026-06-23,2026-06-24,WH-D,Carrier-1,South,37.1,152.3,Express
6054,2024-09-07,2024-09-09,2024-09-17,WH-B,Carrier-1,West,49.8,67.88,Standard
6055,2026-08-19,2026-08-24,2026-08-23,WH-B,Carrier-3,North,55.2,103.12,Critical
6056,2024-04-23,2024-05-01,2024-05-05,WH-B,Carrier-2,South,50.7,215.8,Critical
6057,2026-03-07,2026-03-12,2026-03-14,WH-D,Carrier-1,East,1.9,8.08,Express
6058,2024-03-27,2024-03-31,2024-03-30,WH-B,Carrier-3,East,7.0,213.71,Critical
6059,2026-02-25,2026-03-04,2026-03-04,WH-C,Carrier-1,West,44.1,121.69,Standard
6060,2025-08-02,2025-08-04,2025-08-07,WH-A,Carrier-1,North,75.1,144.45,Critical
6061,2024-10-25,2024-10-29,2024-11-06,WH-A,Carrier-2,West,79.8,77.74,Express
6062,2025-12-15,2025-12-19,2025-12-21,WH-D,Carrier-1,North,27.3,87.84,Express
6063,2026-01-06,2026-01-11,2026-01-12,WH-A,Carrier-3,North,7.4,100.21,Express
6064,2026-05-21,2026-05-25,2026-05-30,WH-A,Carrier-2,South,76.9,141.39,Express
6065,2024-05-09,2024-05-13,2024-05-12,WH-D,Carrier-3,North,22.3,62.2,Express
6066,2026-03-10,2026-03-13,2026-03-18,WH-D,Carrier-3,East,65.1,187.63,Standard
6067,2026-08-20,2026-08-27,2026-08-28,WH-C,Carrier-3,West,67.0,198.07,Critical
6068,2024-10-15,2024-10-22,2024-10-26,WH-A,Carrier-3,South,5.1,212.08,Standard
6069,2026-04-20,2026-04-27,2026-05-02,WH-A,Carrier-1,West,55.9,187.4,Standard
6070,2024-01-16,2024-01-19,2024-01-25,WH-B,Carrier-1,North,51.2,19.09,Standard
6071,2024-06-19,2024-06-23,2024-06-29,WH-C,Carrier-3,West,21.5,48.13,Critical
6072,2026-08-02,2026-08-04,2026-08-02,WH-D,Carrier-2,North,39.8,79.27,Express
6073,2025-10-04,2025-10-09,2025-10-10,WH-B,Carrier-1,North,47.4,78.5,Express
6074,2024-07-17,2024-07-21,2024-07-29,WH-C,Carrier-1,West,44.9,216.42,Express
6075,2025-05-26,2025-05-29,2025-05-30,WH-B,Carrier-2,East,27.0,205.1,Critical
6076,2025-12-18,2025-12-23,2025-12-28,WH-A,Carrier-3,South,7.0,133.63,Express
6077,2026-07-17,2026-07-22,2026-07-28,WH-B,Carrier-1,North,63.4,219.9,Express
6078,2024-10-22,2024-10-26,2024-10-29,WH-B,Carrier-3,North,16.5,78.81,Critical
6079,2026-04-13,2026-04-18,2026-04-21,WH-A,Carrier-3,East,79.8,141.55,Standard
6080,2025-06-06,2025-06-12,2025-06-11,WH-C,Carrier-3,West,41.9,34.09,Standard
6081,2025-04-17,2025-04-25,2025-04-27,WH-B,Carrier-2,North,28.0,57.39,Express
6082,2024-06-21,2024-06-27,2024-07-02,WH-C,Carrier-1,North,22.6,112.47,Critical
6083,2024-02-22,2024-02-27,2024-03-03,WH-B,Carrier-3,North,54.0,126.28,Standard
6084,2025-01-14,2025-01-17,2025-01-22,WH-C,Carrier-3,West,2.2,88.58,Critical
6085,2024-02-25,2024-02-29,2024-03-07,WH-D,Carrier-1,North,10.6,103.49,Standard
6086,2025-12-02,2025-12-09,2025-12-11,WH-D,Carrier-3,East,68.9,185.32,Standard
6087,2026-03-29,2026-04-05,2026-04-11,WH-C,Carrier-3,South,22.1,72.84,Express
6088,2024-11-27,2024-12-02,2024-12-05,WH-A,Carrier-2,West,69.3,167.65,Critical
6089,2026-06-29,2026-07-05,2026-07-13,WH-B,Carrier-2,East,8.2,94.74,Critical
6090,2024-02-27,2024-03-02,2024-03-01,WH-C,Carrier-2,South,66.7,110.03,Critical
6091,2024-06-25,2024-06-30,2024-06-28,WH-B,Carrier-3,West,29.0,11.25,Express
6092,2025-05-26,2025-06-02,2025-06-07,WH-A,Carrier-2,South,42.4,70.55,Standard
6093,2026-01-12,2026-01-18,2026-01-26,WH-D,Carrier-3,East,7.3,134.65,Critical
6094,2024-08-17,2024-08-23,2024-08-23,WH-A,Carrier-3,South,75.1,102.25,Express
6095,2024-04-08,2024-04-13,2024-04-13,WH-C,Carrier-3,West,74.1,193.83,Standard
6096,2025-01-23,2025-01-25,2025-02-02,WH-D,Carrier-3,South,52.1,37.55,Critical
6097,2024-02-28,2024-03-06,2024-03-10,WH-D,Carrier-1,East,26.2,140.61,Express
6098,2026-02-24,2026-03-02,2026-03-01,WH-D,Carrier-2,East,15.7,226.48,Standard
6099,2024-03-17,2024-03-23,2024-03-30,WH-C,Carrier-2,North,48.0,104.66,Express
6100,2024-09-19,2024-09-27,2024-09-30,WH-B,Carrier-3,East,19.5,184.46,Critical
6101,2024-03-24,2024-03-30,,WH-B,Carrier-1,North,58.5,222.11,Standard
6102,2025-10-06,2025-10-11,2025-10-18,WH-B,Carrier-3,West,52.3,122.18,Standard
6103,2025-06-26,2025-07-02,2025-07-09,WH-A,Carrier-3,West,61.8,168.77,Critical
6104,2024-01-10,2024-01-16,2024-01-15,WH-A,Carrier-1,South,61.6,119.03,Critical
6105,2024-01-12,2024-01-16,2024-01-22,WH-D,Carrier-3,East,41.2,44.56,Express
6106,2024-11-30,2024-12-07,2024-12-14,WH-A,Carrier-3,East,44.3,158.45,Standard
6107,2025-12-11,2025-12-16,2025-12-23,WH-B,Carrier-2,West,0.4,44.58,Standard
6108,2025-04-08,2025-04-15,2025-04-17,WH-C,Carrier-1,East,79.5,205.58,Express
6109,2025-04-21,2025-04-27,2025-04-25,WH-B,Carrier-1,South,13.5,102.25,Critical
6110,2026-01-14,2026-01-21,2026-01-29,WH-A,Carrier-1,South,52.4,90.79,Express
6111,2024-10-21,2024-10-23,2024-10-28,WH-B,Carrier-2,West,41.3,94.56,Standard
6112,2026-02-04,2026-02-09,2026-02-16,WH-A,Carrier-2,South,9.1,125.32,Standard
6113,2026-04-15,2026-04-23,2026-04-25,WH-D,Carrier-1,North,58.5,21.18,Standard
6114,2025-10-01,2025-10-06,2025-10-11,WH-B,Carrier-3,West,65.2,128.11,Express
6115,2025-11-04,2025-11-06,2025-11-07,WH-C,Carrier-2,East,31.9,14.49,Express
6116,2024-12-28,2025-01-02,2025-01-03,WH-A,Carrier-1,South,46.0,4.91,Express
6117,2025-11-28,2025-12-01,2025-12-07,WH-B,Carrier-2,West,63.2,88.32,Critical
6118,2025-03-27,2025-04-04,2025-04-11,WH-B,Carrier-1,North,55.3,143.96,Critical
6119,2024-11-05,2024-11-13,2024-11-14,WH-C,Carrier-3,South,18.2,6.22,Standard
6120,2026-06-26,2026-06-28,2026-07-04,WH-C,Carrier-1,East,4.7,15.97,Express
6121,2025-12-05,2025-12-12,2025-12-14,WH-A,Carrier-1,North,53.0,136.21,Express
6122,2024-06-20,2024-06-26,2024-06-26,WH-A,Carrier-3,South,78.1,209.73,Express
6123,2025-10-04,2025-10-12,2025-10-11,WH-D,Carrier-3,South,11.1,216.14,Standard
6124,2026-07-10,2026-07-13,2026-07-19,WH-A,Carrier-1,East,63.8,4.06,Critical
6125,2025-09-13,2025-09-15,2025-09-20,WH-D,Carrier-2,North,44.8,204.72,Critical
6126,2024-10-19,2024-10-22,2024-10-23,WH-B,Carrier-2,West,14.2,60.66,Critical
6127,2024-06-01,2024-06-09,2024-06-10,WH-D,Carrier-3,South,52.0,21.88,Express
6128,2025-07-07,2025-07-11,,WH-B,Carrier-1,West,58.0,159.64,Express
6129,2026-02-18,2026-02-26,,WH-D,Carrier-2,West,25.0,239.6,Express
6130,2024-10-07,2024-10-15,2024-10-15,WH-B,Carrier-1,South,9.5,123.73,Standard
6131,2024-08-14,2024-08-20,2024-08-21,WH-B,Carrier-1,North,70.9,73.87,Standard
6132,2026-01-28,2026-02-05,2026-02-06,WH-A,Carrier-1,South,2.5,40.21,Critical
6133,2025-12-28,2026-01-04,2026-01-10,WH-C,Carrier-3,South,35.6,150.38,Standard
6134,2026-07-23,2026-07-27,2026-08-02,WH-C,Carrier-1,South,48.7,104.44,Standard
6135,2024-02-04,2024-02-08,2024-02-16,WH-B,Carrier-3,South,32.3,80.33,Standard
6136,2025-12-03,2025-12-10,2025-12-12,WH-C,Carrier-2,West,25.9,174.27,Standard
6137,2024-08-25,2024-08-31,2024-08-31,WH-C,Carrier-1,North,65.9,161.24,Standard
6138,2025-09-03,2025-09-09,2025-09-15,WH-A,Carrier-1,South,73.8,214.53,Express
6139,2024-08-02,2024-08-08,2024-08-08,WH-D,Carrier-3,East,47.3,96.62,Express
6140,2026-08-16,2026-08-24,2026-08-26,WH-B,Carrier-3,South,23.7,180.16,Critical
6141,2025-12-15,2025-12-21,2025-12-23,WH-B,Carrier-1,East,41.9,7.28,Standard
6142,2024-01-27,2024-01-31,2024-02-02,WH-A,Carrier-1,East,43.7,77.41,Critical
6143,2024-02-06,2024-02-11,2024-02-11,WH-A,Carrier-2,North,62.6,228.99,Express
6144,2025-12-28,2026-01-01,2026-01-09,WH-C,Carrier-3,West,52.1,23.47,Standard
6145,2026-04-30,2026-05-02,2026-05-10,WH-D,Carrier-1,North,3.9,60.21,Standard
6146,2024-06-30,2024-07-02,2024-07-05,WH-B,Carrier-2,North,61.0,151.39,Express
6147,2024-04-18,2024-04-20,2024-04-25,WH-C,Carrier-1,East,78.1,220.73,Express
6148,2026-05-13,2026-05-17,2026-05-21,WH-A,Carrier-1,West,28.0,37.66,Critical
6149,2026-05-17,2026-05-25,2026-05-31,WH-D,Carrier-2,West,54.9,86.83,Express
6150,2025-04-15,2025-04-17,2025-04-17,WH-B,Carrier-1,West,67.2,203.93,Critical
6151,2024-10-24,2024-10-31,2024-11-06,WH-B,Carrier-2,West,36.0,172.57,Standard
6152,2025-01-09,2025-01-17,2025-01-25,WH-C,Carrier-3,East,69.2,85.18,Critical
6153,2025-01-18,2025-01-20,2025-01-24,WH-D,Carrier-1,North,29.2,153.44,Standard
6154,2024-03-28,2024-03-31,2024-03-29,WH-C,Carrier-3,North,66.1,97.56,Critical
6155,2025-03-25,2025-03-29,2025-04-06,WH-D,Carrier-1,East,2.8,123.2,Standard
6156,2026-01-04,2026-01-09,2026-01-14,WH-D,Carrier-2,East,56.2,80.03,Standard
6157,2026-03-28,2026-04-04,2026-04-08,WH-D,Carrier-3,North,57.9,22.43,Express
6158,2026-05-29,2026-06-06,2026-06-11,WH-D,Carrier-2,South,62.8,97.05,Express
6159,2024-06-27,2024-07-03,2024-07-08,WH-D,Carrier-1,South,49.5,68.23,Express
6160,2025-10-31,2025-11-04,2025-11-09,WH-A,Carrier-1,North,40.4,83.51,Express
6161,2024-03-31,2024-04-08,2024-04-08,WH-B,Carrier-3,South,42.0,61.63,Standard
6162,2025-08-06,2025-08-12,,WH-B,Carrier-2,West,70.8,223.84,Express
6163,2026-08-27,2026-08-31,2026-09-05,WH-D,Carrier-3,East,18.8,232.89,Express
6164,2024-01-07,2024-01-11,2024-01-19,WH-B,Carrier-2,West,8.9,209.22,Express
6165,2024-08-29,2024-09-06,2024-09-14,WH-D,Carrier-2,East,20.2,46.01,Express
6166,2026-08-07,2026-08-09,2026-08-07,WH-B,Carrier-1,South,63.8,171.43,Express
6167,2025-12-08,2025-12-12,2025-12-11,WH-C,Carrier-3,East,50.8,157.22,Standard
6168,2025-02-05,2025-02-09,2025-02-15,WH-D,Carrier-2,East,40.2,99.51,Express
6169,2025-10-31,2025-11-07,2025-11-06,WH-A,Carrier-1,North,1.3,54.67,Standard
6170,2024-07-23,2024-07-29,2024-08-02,WH-B,Carrier-3,West,5.6,78.01,Critical
6171,2025-06-09,2025-06-16,2025-06-22,WH-D,Carrier-3,South,67.1,66.4,Standard
6172,2025-04-18,2025-04-24,2025-04-24,WH-C,Carrier-3,South,57.7,152.25,Critical
6173,2025-02-16,2025-02-23,2025-03-01,WH-B,Carrier-1,North,2.9,148.99,Critical
6174,2026-03-04,2026-03-06,,WH-B,Carrier-3,East,45.7,144.8,Standard
6175,2026-06-05,2026-06-07,2026-06-08,WH-C,Carrier-2,South,26.3,212.95,Standard
6176,2025-01-29,2025-02-04,2025-02-02,WH-D,Carrier-1,South,51.2,184.55,Express
6177,2024-08-26,2024-09-01,2024-09-04,WH-A,Carrier-2,South,72.9,40.17,Critical
6178,2024-08-30,2024-09-02,2024-08-31,WH-A,Carrier-1,West,61.8,179.07,Standard
6179,2025-04-25,2025-05-02,2025-05-03,WH-C,Carrier-2,West,79.7,174.26,Express
6180,2024-03-20,2024-03-27,2024-03-25,WH-B,Carrier-1,East,35.7,56.1,Critical
6181,2024-07-17,2024-07-24,2024-07-29,WH-C,Carrier-3,North,50.0,34.32,Critical
6182,2024-11-08,2024-11-14,2024-11-19,WH-B,Carrier-3,South,31.2,210.62,Critical
6183,2025-03-03,2025-03-07,2025-03-10,WH-B,Carrier-2,West,55.0,235.59,Standard
6184,2026-06-16,2026-06-23,2026-06-24,WH-C,Carrier-2,West,40.4,33.72,Critical
6185,2025-10-13,2025-10-19,2025-10-25,WH-A,Carrier-2,South,25.3,98.47,Standard
6186,2025-10-01,2025-10-05,2025-10-12,WH-D,Carrier-2,South,4.3,120.2,Critical
6187,2024-06-30,2024-07-02,2024-07-08,WH-C,Carrier-1,South,17.6,45.1,Standard
6188,2025-12-10,2025-12-12,2025-12-13,WH-C,Carrier-1,East,55.2,155.75,Standard
6189,2024-03-21,2024-03-24,2024-03-23,WH-D,Carrier-3,West,51.0,86.68,Critical
6190,2026-08-22,2026-08-28,2026-08-30,WH-C,Carrier-1,East,51.3,68.31,Critical
6191,2026-03-31,2026-04-08,2026-04-08,WH-B,Carrier-2,East,40.7,79.83,Standard
6192,2025-12-23,2025-12-27,2025-12-31,WH-D,Carrier-2,East,56.8,181.66,Critical
6193,2024-09-13,2024-09-20,2024-09-18,WH-B,Carrier-2,North,6.8,131.21,Critical
6194,2025-01-25,2025-02-01,2025-02-04,WH-C,Carrier-1,North,68.5,164.4,Express
6195,2026-03-06,2026-03-11,2026-03-15,WH-A,Carrier-1,East,47.3,95.14,Express
6196,2025-10-10,2025-10-15,2025-10-17,WH-D,Carrier-1,East,6.6,198.5,Express
6197,2026-02-05,2026-02-07,2026-02-08,WH-B,Carrier-3,West,45.0,174.73,Critical
6198,2025-03-27,2025-04-02,2025-04-04,WH-B,Carrier-3,East,22.4,185.67,Critical
6199,2025-02-07,2025-02-14,2025-02-17,WH-B,Carrier-1,East,30.0,145.53,Express
6200,2026-04-23,2026-04-27,,WH-D,Carrier-1,East,46.1,110.27,Critical
6201,2026-02-18,2026-02-26,,WH-C,Carrier-3,East,63.5,121.06,Express
6202,2024-04-12,2024-04-18,2024-04-17,WH-A,Carrier-3,East,58.3,36.15,Express
6203,2025-12-04,2025-12-09,2025-12-17,WH-A,Carrier-2,East,79.6,57.53,Express
6204,2025-01-10,2025-01-18,2025-01-21,WH-C,Carrier-1,West,71.9,41.17,Critical
6205,2026-07-26,2026-07-31,2026-07-31,WH-B,Carrier-3,North,56.8,33.03,Critical
6206,2026-05-13,2026-05-15,2026-05-16,WH-A,Carrier-1,East,68.1,206.36,Standard
6207,2024-10-19,2024-10-22,2024-10-22,WH-B,Carrier-2,North,16.3,146.55,Critical
6208,2024-01-27,2024-02-01,2024-02-06,WH-A,Carrier-2,North,30.0,79.76,Standard
6209,2025-02-26,2025-03-02,2025-03-01,WH-A,Carrier-3,South,11.1,148.69,Critical
6210,2024-09-29,2024-10-06,,WH-D,Carrier-2,East,30.4,163.84,Critical
6211,2026-02-27,2026-03-04,2026-03-12,WH-A,Carrier-1,North,59.0,53.39,Express
6212,2025-11-02,2025-11-08,2025-11-11,WH-D,Carrier-3,West,24.8,58.72,Critical
6213,2025-10-02,2025-10-08,2025-10-06,WH-C,Carrier-2,East,11.0,127.57,Standard
6214,2026-01-25,2026-01-29,2026-02-05,WH-C,Carrier-2,South,37.3,214.1,Express
6215,2025-09-17,2025-09-25,2025-09-23,WH-A,Carrier-3,West,15.6,60.89,Express
6216,2025-11-02,2025-11-06,2025-11-10,WH-D,Carrier-1,North,40.4,179.0,Standard
6217,2024-10-02,2024-10-04,2024-10-04,WH-A,Carrier-2,West,64.6,22.4,Standard
6218,2025-06-09,2025-06-11,2025-06-09,WH-B,Carrier-1,South,52.2,70.31,Express
6219,2024-11-08,2024-11-13,2024-11-14,WH-A,Carrier-1,West,43.0,151.93,Critical
6220,2025-07-26,2025-07-30,2025-07-28,WH-A,Carrier-3,North,39.7,126.76,Express
6221,2026-07-29,2026-08-05,2026-08-06,WH-D,Carrier-2,South,26.7,4.28,Standard
6222,2024-09-20,2024-09-23,2024-09-25,WH-A,Carrier-1,North,36.5,116.28,Standard
6223,2024-11-04,2024-11-06,2024-11-11,WH-C,Carrier-2,East,73.1,65.29,Critical
6224,2025-08-09,2025-08-15,2025-08-19,WH-A,Carrier-3,East,31.2,128.09,Critical
6225,2024-05-24,2024-05-30,2024-05-29,WH-C,Carrier-2,South,8.5,179.73,Critical
6226,2024-11-13,2024-11-21,2024-11-23,WH-C,Carrier-2,North,33.2,202.52,Express
6227,2025-04-13,2025-04-18,2025-04-26,WH-A,Carrier-3,North,51.7,128.48,Critical
6228,2024-06-18,2024-06-21,2024-06-29,WH-B,Carrier-2,South,74.0,146.5,Critical
6229,2024-10-09,2024-10-14,2024-10-17,WH-C,Carrier-3,South,62.8,124.93,Express
6230,2026-06-07,2026-06-12,2026-06-19,WH-B,Carrier-1,South,19.8,15.42,Critical
6231,2025-10-02,2025-10-08,2025-10-09,WH-B,Carrier-2,North,28.2,69.38,Critical
6232,2024-10-08,2024-10-12,2024-10-16,WH-A,Carrier-2,West,67.2,55.12,Standard
6233,2024-08-01,2024-08-09,2024-08-08,WH-A,Carrier-2,South,66.2,35.4,Express
6234,2024-03-11,2024-03-19,2024-03-21,WH-D,Carrier-2,East,32.4,11.6,Standard
6235,2025-04-04,2025-04-12,2025-04-12,WH-A,Carrier-3,West,62.6,166.39,Standard
6236,2024-04-19,2024-04-26,2024-05-04,WH-A,Carrier-1,West,11.6,129.24,Critical
6237,2026-02-18,2026-02-25,2026-02-23,WH-A,Carrier-1,West,5.3,195.33,Standard
6238,2025-02-05,2025-02-10,2025-02-08,WH-A,Carrier-1,West,29.3,167.73,Express
6239,2024-07-08,2024-07-15,2024-07-19,WH-D,Carrier-2,East,9.4,194.02,Standard
6240,2024-10-09,2024-10-11,2024-10-17,WH-D,Carrier-3,North,49.0,51.16,Express
6241,2026-07-08,2026-07-10,2026-07-16,WH-D,Carrier-2,North,62.9,45.18,Critical
6242,2026-03-05,2026-03-09,2026-03-17,WH-B,Carrier-3,South,66.8,153.54,Standard
6243,2025-10-02,2025-10-10,2025-10-09,WH-B,Carrier-3,East,58.1,5.57,Critical
6244,2025-01-14,2025-01-19,2025-01-21,WH-A,Carrier-2,East,70.9,195.52,Critical
6245,2024-12-19,2024-12-26,2024-12-30,WH-C,Carrier-1,West,2.3,80.14,Express
6246,2026-05-17,2026-05-22,2026-05-26,WH-C,Carrier-3,South,65.1,222.23,Critical
6247,2026-06-27,2026-07-05,2026-07-07,WH-B,Carrier-1,West,1.2,198.84,Express
6248,2026-04-29,2026-05-01,2026-05-07,WH-C,Carrier-2,West,47.5,126.63,Critical
6249,2024-05-10,2024-05-18,2024-05-24,WH-C,Carrier-1,South,31.3,239.19,Critical
6250,2026-01-01,2026-01-04,2026-01-06,WH-A,Carrier-2,South,49.5,75.61,Standard
6251,2026-03-30,2026-04-07,2026-04-13,WH-D,Carrier-2,South,61.0,50.13,Critical
6252,2024-08-08,2024-08-10,2024-08-18,WH-C,Carrier-2,East,38.6,179.62,Critical
6253,2025-07-04,2025-07-07,2025-07-13,WH-D,Carrier-3,North,36.4,212.44,Standard
6254,2026-03-17,2026-03-19,2026-03-18,WH-C,Carrier-1,East,33.7,12.57,Critical
6255,2026-01-29,2026-02-04,2026-02-03,WH-D,Carrier-1,North,20.0,31.56,Express
6256,2024-10-30,2024-11-03,2024-11-02,WH-D,Carrier-1,North,64.8,37.06,Standard
6257,2024-10-17,2024-10-25,2024-10-30,WH-A,Carrier-1,East,40.5,137.18,Critical
6258,2024-12-16,2024-12-19,2024-12-21,WH-C,Carrier-2,North,35.4,123.12,Standard
6259,2025-11-10,2025-11-16,2025-11-18,WH-D,Carrier-2,West,21.2,158.58,Critical
6260,2024-08-13,2024-08-21,2024-08-23,WH-C,Carrier-1,East,12.9,224.39,Express
6261,2024-09-23,2024-09-30,2024-10-04,WH-B,Carrier-2,South,59.5,81.24,Standard
6262,2024-07-29,2024-08-03,2024-08-01,WH-A,Carrier-2,West,66.9,6.58,Express
6263,2026-04-27,2026-05-05,2026-05-06,WH-C,Carrier-2,South,22.1,204.78,Critical
6264,2024-09-01,2024-09-08,2024-09-14,WH-A,Carrier-2,East,14.4,95.06,Critical
6265,2026-01-30,2026-02-01,2026-02-09,WH-B,Carrier-3,South,5.4,199.39,Express
6266,2025-07-10,2025-07-12,2025-07-18,WH-C,Carrier-1,North,6.5,45.76,Express
6267,2025-05-25,2025-06-02,2025-06-08,WH-D,Carrier-2,South,2.2,78.82,Critical
6268,2025-06-24,2025-06-27,2025-06-29,WH-B,Carrier-2,North,6.1,96.64,Standard
6269,2024-11-20,2024-11-25,2024-12-01,WH-B,Carrier-2,West,2.6,220.71,Standard
6270,2026-04-18,2026-04-22,2026-04-23,WH-C,Carrier-2,North,46.0,60.13,Critical
6271,2025-12-30,2026-01-07,2026-01-14,WH-D,Carrier-2,East,47.0,164.22,Critical
6272,2025-01-04,2025-01-10,2025-01-12,WH-D,Carrier-1,North,21.8,221.1,Standard
6273,2026-07-11,2026-07-18,2026-07-22,WH-C,Carrier-1,East,4.2,55.54,Critical
6274,2025-10-14,2025-10-17,2025-10-25,WH-C,Carrier-2,South,36.5,4.92,Standard
6275,2024-03-04,2024-03-10,2024-03-17,WH-C,Carrier-1,West,49.5,44.67,Standard
6276,2025-03-24,2025-03-31,2025-04-05,WH-A,Carrier-1,North,2.8,219.81,Standard
6277,2025-05-13,2025-05-18,2025-05-26,WH-A,Carrier-1,North,52.1,132.35,Express
6278,2025-10-14,2025-10-20,2025-10-26,WH-D,Carrier-3,East,61.3,8.09,Critical
6279,2025-12-31,2026-01-08,,WH-A,Carrier-2,East,30.6,4.83,Standard
6280,2025-12-21,2025-12-27,2025-12-29,WH-A,Carrier-3,South,19.7,87.29,Standard
6281,2024-07-19,2024-07-24,2024-07-22,WH-A,Carrier-1,South,29.5,234.99,Critical
6282,2024-03-09,2024-03-16,2024-03-21,WH-A,Carrier-1,North,57.9,217.85,Standard
6283,2025-11-17,2025-11-21,2025-11-19,WH-A,Carrier-3,South,45.1,70.58,Standard
6284,2026-02-25,2026-03-05,2026-03-07,WH-A,Carrier-2,North,55.2,53.27,Standard
6285,2026-03-01,2026-03-09,2026-03-08,WH-A,Carrier-3,East,28.0,88.08,Express
6286,2024-10-14,2024-10-16,2024-10-16,WH-A,Carrier-3,West,53.5,166.47,Critical
6287,2024-11-22,2024-11-28,2024-11-27,WH-B,Carrier-3,East,62.4,218.19,Critical
6288,2025-12-03,2025-12-11,2025-12-13,WH-B,Carrier-3,North,27.3,95.75,Express
6289,2026-05-29,2026-06-02,2026-06-09,WH-D,Carrier-3,West,14.6,210.65,Express
6290,2025-01-17,2025-01-25,2025-01-23,WH-C,Carrier-2,East,6.0,226.61,Express
6291,2024-02-22,2024-03-01,2024-02-29,WH-C,Carrier-3,East,30.2,71.17,Critical
6292,2024-01-31,2024-02-07,2024-02-05,WH-B,Carrier-1,East,16.5,119.49,Standard
6293,2026-05-14,2026-05-17,2026-05-22,WH-D,Carrier-1,East,45.2,190.72,Express
6294,2025-05-07,2025-05-13,2025-05-15,WH-A,Carrier-1,North,65.3,58.59,Standard
6295,2024-01-27,2024-02-04,2024-02-05,WH-B,Carrier-3,South,75.6,141.78,Standard
6296,2024-09-22,2024-09-30,2024-10-07,WH-B,Carrier-1,East,35.4,107.81,Standard
6297,2024-04-01,2024-04-06,2024-04-14,WH-D,Carrier-3,East,37.2,118.93,Critical
6298,2026-05-28,2026-06-01,2026-06-08,WH-A,Carrier-3,South,57.6,49.75,Critical
6299,2026-06-12,2026-06-18,2026-06-26,WH-B,Carrier-1,North,21.9,234.51,Critical
6300,2024-06-12,2024-06-19,2024-06-26,WH-B,Carrier-2,West,28.3,179.44,Express
6301,2024-11-04,2024-11-06,2024-11-10,WH-B,Carrier-3,East,34.3,7.12,Express
6302,2025-05-12,2025-05-16,2025-05-14,WH-D,Carrier-3,North,10.9,29.39,Critical
6303,2024-11-27,2024-12-02,2024-12-10,WH-A,Carrier-3,North,61.4,96.84,Standard
6304,2026-07-31,2026-08-04,2026-08-08,WH-A,Carrier-1,East,0.7,23.1,Express
6305,2026-01-22,2026-01-28,2026-01-29,WH-A,Carrier-3,North,68.1,136.39,Standard
6306,2025-09-15,2025-09-21,2025-09-21,WH-B,Carrier-1,West,4.3,142.6,Standard
6307,2024-11-10,2024-11-15,2024-11-21,WH-D,Carrier-2,East,75.8,105.21,Standard
6308,2024-11-24,2024-12-02,2024-12-02,WH-C,Carrier-2,South,78.9,197.76,Express
6309,2025-02-25,2025-02-28,2025-02-27,WH-A,Carrier-1,West,22.7,188.49,Standard
6310,2025-10-24,2025-10-27,2025-11-02,WH-A,Carrier-2,South,2.6,132.73,Standard
6311,2025-12-02,2025-12-05,2025-12-05,WH-A,Carrier-1,East,65.8,168.93,Standard
6312,2024-12-14,2024-12-19,,WH-A,Carrier-2,South,63.9,182.48,Critical
6313,2024-07-14,2024-07-19,2024-07-17,WH-C,Carrier-1,East,33.6,147.43,Standard
6314,2024-09-17,2024-09-25,2024-10-02,WH-B,Carrier-3,East,50.9,99.31,Standard
6315,2026-03-16,2026-03-21,2026-03-20,WH-A,Carrier-2,North,50.1,80.7,Critical
6316,2025-12-20,2025-12-27,2025-12-27,WH-D,Carrier-3,West,13.6,215.44,Standard
6317,2026-07-11,2026-07-16,2026-07-19,WH-C,Carrier-1,North,11.2,215.17,Standard
6318,2026-08-23,2026-08-25,2026-09-01,WH-A,Carrier-3,West,74.7,171.05,Critical
6319,2025-08-31,2025-09-07,2025-09-05,WH-D,Carrier-3,South,72.9,207.97,Standard
6320,2025-12-07,2025-12-15,,WH-A,Carrier-2,East,79.0,207.41,Critical
6321,2025-04-01,2025-04-09,2025-04-07,WH-C,Carrier-1,North,71.1,188.06,Standard
6322,2025-06-14,2025-06-17,2025-06-24,WH-C,Carrier-2,South,54.0,185.77,Standard
6323,2024-06-02,2024-06-04,2024-06-10,WH-B,Carrier-1,West,39.7,106.95,Critical
6324,2024-11-20,2024-11-22,2024-11-30,WH-B,Carrier-3,East,56.5,127.66,Standard
6325,2024-01-09,2024-01-14,2024-01-22,WH-D,Carrier-3,East,44.5,170.07,Critical
6326,2025-06-05,2025-06-07,2025-06-13,WH-A,Carrier-3,West,39.8,129.5,Express
6327,2024-09-20,2024-09-23,,WH-A,Carrier-1,North,76.5,233.62,Standard
6328,2025-07-18,2025-07-22,2025-07-21,WH-A,Carrier-3,North,45.1,113.2,Critical
6329,2024-07-03,2024-07-08,2024-07-16,WH-D,Carrier-1,South,63.1,200.59,Critical
6330,2024-03-25,2024-03-28,2024-03-29,WH-A,Carrier-1,West,70.6,215.17,Critical
6331,2024-08-23,2024-08-28,2024-08-26,WH-B,Carrier-3,North,62.3,108.17,Standard
6332,2025-12-14,2025-12-19,2025-12-25,WH-D,Carrier-2,West,22.0,127.03,Critical
6333,2024-06-01,2024-06-06,2024-06-07,WH-D,Carrier-3,North,75.6,163.08,Critical
6334,2026-04-08,2026-04-16,2026-04-20,WH-D,Carrier-1,North,37.4,10.25,Critical
6335,2025-04-22,2025-04-25,2025-04-25,WH-C,Carrier-3,West,47.0,146.87,Critical
6336,2024-06-04,2024-06-07,2024-06-12,WH-D,Carrier-3,West,66.4,25.8,Critical
6337,2025-10-28,2025-11-01,2025-11-05,WH-D,Carrier-3,North,54.9,120.59,Standard
6338,2026-06-05,2026-06-08,,WH-A,Carrier-2,South,39.4,210.45,Critical
6339,2025-11-22,2025-11-27,2025-12-04,WH-A,Carrier-1,South,50.8,204.27,Express
6340,2024-05-21,2024-05-24,2024-05-25,WH-B,Carrier-3,South,30.4,40.28,Express
6341,2025-07-09,2025-07-13,2025-07-21,WH-B,Carrier-1,East,20.9,192.27,Express
6342,2025-07-23,2025-07-30,2025-08-02,WH-C,Carrier-3,West,53.0,108.6,Critical
6343,2025-10-30,2025-11-03,2025-11-02,WH-D,Carrier-1,West,68.8,130.01,Critical
6344,2026-04-29,2026-05-01,2026-05-02,WH-A,Carrier-1,South,10.5,48.38,Standard
6345,2026-03-09,2026-03-14,2026-03-22,WH-C,Carrier-2,East,67.2,209.68,Critical
6346,2024-09-18,2024-09-21,2024-09-25,WH-B,Carrier-1,North,75.8,183.97,Critical
6347,2024-05-18,2024-05-25,2024-05-23,WH-B,Carrier-2,South,22.4,192.38,Critical
6348,2025-11-08,2025-11-13,2025-11-17,WH-D,Carrier-3,East,40.1,144.43,Standard
6349,2025-10-18,2025-10-24,2025-10-30,WH-C,Carrier-3,South,22.8,146.03,Standard
6350,2026-04-16,2026-04-18,2026-04-16,WH-C,Carrier-3,West,56.9,110.48,Standard
6351,2024-11-10,2024-11-16,2024-11-16,WH-B,Carrier-3,South,42.6,111.43,Critical
6352,2025-01-11,2025-01-19,2025-01-25,WH-B,Carrier-2,West,38.0,12.93,Express
6353,2026-01-25,2026-02-02,2026-02-07,WH-A,Carrier-2,West,33.7,12.91,Critical
6354,2024-05-16,2024-05-19,2024-05-25,WH-C,Carrier-3,North,60.7,229.35,Standard
6355,2026-06-19,2026-06-24,2026-07-01,WH-D,Carrier-2,West,44.6,58.91,Standard
6356,2025-10-15,2025-10-23,2025-10-30,WH-B,Carrier-2,North,3.5,184.08,Standard
6357,2024-02-15,2024-02-21,2024-02-20,WH-C,Carrier-3,South,59.6,98.63,Express
6358,2024-06-27,2024-07-05,2024-07-09,WH-D,Carrier-3,West,47.5,210.79,Express
6359,2026-08-04,2026-08-07,2026-08-05,WH-C,Carrier-3,South,54.2,216.29,Standard
6360,2025-07-31,2025-08-02,2025-08-04,WH-B,Carrier-3,West,45.7,6.3,Critical
6361,2025-04-02,2025-04-09,2025-04-12,WH-D,Carrier-3,South,31.8,62.06,Express
6362,2025-10-31,2025-11-05,2025-11-11,WH-A,Carrier-1,South,78.5,88.52,Express
6363,2025-01-16,2025-01-20,2025-01-23,WH-A,Carrier-2,East,28.2,166.31,Express
6364,2024-06-19,2024-06-23,2024-06-22,WH-B,Carrier-2,South,26.3,126.28,Express
6365,2026-02-03,2026-02-07,2026-02-08,WH-C,Carrier-1,West,65.9,175.74,Express
6366,2025-10-26,2025-10-31,2025-11-07,WH-A,Carrier-1,West,64.2,131.13,Standard
6367,2024-05-09,2024-05-14,2024-05-13,WH-C,Carrier-2,North,44.7,129.28,Critical
6368,2024-08-03,2024-08-09,2024-08-15,WH-D,Carrier-2,South,25.7,82.1,Standard
6369,2025-02-11,2025-02-19,2025-02-19,WH-A,Carrier-1,West,31.9,144.04,Standard
6370,2024-08-06,2024-08-11,2024-08-16,WH-A,Carrier-2,South,19.9,225.9,Standard
6371,2026-05-23,2026-05-25,2026-05-23,WH-A,Carrier-1,East,18.0,235.83,Express
6372,2026-07-08,2026-07-10,2026-07-12,WH-D,Carrier-1,North,45.1,180.23,Critical
6373,2024-09-20,2024-09-28,2024-10-03,WH-C,Carrier-1,East,11.8,117.08,Critical
6374,2026-02-15,2026-02-20,2026-02-28,WH-B,Carrier-1,South,17.4,206.5,Critical
6375,2024-11-27,2024-11-29,2024-11-30,WH-A,Carrier-2,West,6.7,65.85,Critical
6376,2025-08-22,2025-08-25,2025-08-27,WH-D,Carrier-1,East,71.3,190.09,Standard
6377,2025-11-11,2025-11-13,2025-11-17,WH-B,Carrier-1,West,57.9,77.31,Standard
6378,2024-07-14,2024-07-16,2024-07-21,WH-A,Carrier-1,East,44.3,183.58,Standard
6379,2025-07-17,2025-07-25,2025-07-26,WH-B,Carrier-1,East,26.4,108.21,Critical
6380,2026-01-16,2026-01-22,2026-01-30,WH-C,Carrier-3,South,24.5,118.55,Standard
6381,2026-02-08,2026-02-11,2026-02-09,WH-C,Carrier-1,West,45.1,23.22,Critical
6382,2024-06-05,2024-06-11,2024-06-12,WH-D,Carrier-2,South,13.2,27.78,Standard
6383,2026-01-01,2026-01-04,2026-01-11,WH-B,Carrier-1,East,0.8,4.66,Standard
6384,2024-11-19,2024-11-25,2024-11-29,WH-A,Carrier-3,South,25.1,221.66,Express
6385,2026-05-17,2026-05-25,2026-05-23,WH-C,Carrier-2,North,45.0,43.42,Critical
6386,2024-04-27,2024-05-03,2024-05-06,WH-C,Carrier-2,South,63.6,12.07,Critical
6387,2025-05-30,2025-06-02,2025-06-03,WH-C,Carrier-2,North,71.5,158.17,Standard
6388,2025-10-30,2025-11-04,2025-11-06,WH-A,Carrier-2,West,61.7,156.34,Express
6389,2024-02-27,2024-03-03,2024-03-06,WH-B,Carrier-2,North,75.1,86.87,Critical
6390,2024-12-25,2024-12-28,2025-01-02,WH-A,Carrier-3,South,24.0,71.4,Express
6391,2025-11-08,2025-11-14,2025-11-20,WH-A,Carrier-3,South,31.7,101.01,Standard
6392,2025-07-15,2025-07-22,2025-07-24,WH-C,Carrier-3,East,56.5,41.54,Critical
6393,2026-06-05,2026-06-12,2026-06-11,WH-B,Carrier-2,South,17.1,23.68,Express
6394,2024-02-03,2024-02-08,2024-02-16,WH-C,Carrier-2,East,43.9,96.66,Standard
6395,2024-02-17,2024-02-19,2024-02-25,WH-A,Carrier-1,East,42.5,42.02,Express
6396,2026-06-22,2026-06-26,2026-07-04,WH-C,Carrier-1,North,60.4,62.36,Critical
6397,2024-08-05,2024-08-08,2024-08-16,WH-B,Carrier-3,North,60.1,206.69,Critical
6398,2025-08-12,2025-08-18,2025-08-24,WH-A,Carrier-3,West,8.2,206.71,Express
6399,2025-06-12,2025-06-16,2025-06-17,WH-D,Carrier-3,North,50.5,68.62,Express
6400,2024-04-13,2024-04-16,2024-04-22,WH-A,Carrier-1,North,9.0,113.81,Standard
6401,2024-06-19,2024-06-26,2024-07-01,WH-C,Carrier-3,West,23.4,12.21,Express
6402,2026-05-25,2026-05-29,2026-06-04,WH-B,Carrier-3,South,35.2,100.93,Express
6403,2025-04-10,2025-04-14,2025-04-19,WH-D,Carrier-2,South,5.6,23.65,Express
6404,2025-03-07,2025-03-11,,WH-D,Carrier-2,North,75.2,178.3,Express
6405,2024-09-02,2024-09-06,,WH-D,Carrier-3,South,69.5,150.53,Critical
6406,2026-04-18,2026-04-26,2026-04-24,WH-C,Carrier-2,North,40.1,71.1,Critical
6407,2024-04-23,2024-04-27,2024-04-29,WH-C,Carrier-1,South,45.7,24.87,Critical
6408,2026-01-12,2026-01-17,2026-01-18,WH-C,Carrier-3,South,11.6,231.67,Critical
6409,2025-03-02,2025-03-06,2025-03-14,WH-C,Carrier-3,South,38.4,116.03,Standard
6410,2026-05-13,2026-05-20,2026-05-27,WH-D,Carrier-1,East,51.1,223.46,Express
6411,2024-05-19,2024-05-26,2024-05-28,WH-A,Carrier-2,East,18.2,192.98,Standard
6412,2024-06-10,2024-06-14,2024-06-20,WH-A,Carrier-2,South,65.1,37.95,Express
6413,2025-10-23,2025-10-31,2025-10-29,WH-B,Carrier-1,East,73.0,154.07,Critical
6414,2025-12-01,2025-12-03,,WH-D,Carrier-2,East,71.5,106.22,Express
6415,2025-08-03,2025-08-08,2025-08-07,WH-C,Carrier-2,North,40.6,236.99,Express
6416,2025-01-08,2025-01-11,2025-01-18,WH-A,Carrier-3,East,55.0,79.76,Critical
6417,2026-02-02,2026-02-10,2026-02-12,WH-B,Carrier-1,South,34.4,86.81,Express
6418,2026-01-30,2026-02-07,2026-02-15,WH-A,Carrier-2,North,63.2,62.73,Standard
6419,2024-11-11,2024-11-15,,WH-A,Carrier-3,West,37.4,49.52,Standard
6420,2025-12-25,2025-12-30,2026-01-03,WH-B,Carrier-3,East,31.2,36.69,Standard
6421,2025-04-23,2025-04-26,2025-05-04,WH-C,Carrier-1,North,72.1,4.1,Express
6422,2024-06-16,2024-06-24,2024-06-24,WH-B,Carrier-3,West,8.4,114.93,Express
6423,2025-10-17,2025-10-24,2025-10-23,WH-B,Carrier-1,West,59.7,206.14,Express
6424,2024-03-08,2024-03-16,2024-03-19,WH-C,Carrier-1,North,76.7,20.62,Standard
6425,2024-07-01,2024-07-04,2024-07-09,WH-B,Carrier-3,South,59.0,237.35,Critical
6426,2025-08-28,2025-09-04,2025-09-08,WH-B,Carrier-3,West,65.8,203.49,Standard
6427,2026-03-31,2026-04-04,2026-04-07,WH-B,Carrier-1,North,17.6,136.46,Express
6428,2024-11-30,2024-12-05,2024-12-07,WH-C,Carrier-3,East,67.7,183.69,Express
6429,2025-02-08,2025-02-10,2025-02-15,WH-D,Carrier-3,South,57.6,182.77,Express
6430,2025-05-02,2025-05-04,2025-05-05,WH-C,Carrier-3,West,27.5,95.44,Standard
6431,2024-08-22,2024-08-24,2024-08-25,WH-A,Carrier-1,South,72.4,167.52,Critical
6432,2025-04-14,2025-04-19,2025-04-18,WH-D,Carrier-3,East,70.1,67.14,Standard
6433,2025-10-24,2025-10-28,2025-10-30,WH-D,Carrier-2,West,77.2,92.23,Standard
6434,2025-10-20,2025-10-25,2025-10-27,WH-D,Carrier-3,East,4.3,238.69,Critical
6435,2025-12-23,2025-12-27,2025-12-31,WH-D,Carrier-2,East,9.6,203.98,Standard
6436,2024-07-25,2024-08-01,2024-08-03,WH-D,Carrier-2,South,30.0,31.29,Standard
6437,2024-01-10,2024-01-14,2024-01-22,WH-D,Carrier-1,South,12.2,169.77,Standard
6438,2024-08-26,2024-08-28,2024-09-04,WH-A,Carrier-3,West,21.7,227.86,Critical
6439,2024-10-24,2024-11-01,2024-11-06,WH-D,Carrier-2,South,74.8,150.28,Standard
6440,2026-05-03,2026-05-10,2026-05-08,WH-B,Carrier-1,North,5.9,54.63,Critical
6441,2025-01-19,2025-01-26,2025-02-02,WH-C,Carrier-1,North,16.3,138.34,Express
6442,2024-07-10,2024-07-13,2024-07-21,WH-A,Carrier-3,North,52.9,194.32,Standard
6443,2025-12-16,2025-12-23,2025-12-24,WH-A,Carrier-2,North,15.5,167.67,Express
6444,2024-08-19,2024-08-26,2024-08-28,WH-D,Carrier-3,South,54.5,4.47,Critical
6445,2026-01-25,2026-01-27,2026-01-28,WH-C,Carrier-3,South,27.6,102.02,Express
6446,2024-08-10,2024-08-17,2024-08-25,WH-C,Carrier-2,East,43.5,115.88,Critical
6447,2024-11-30,2024-12-08,2024-12-15,WH-C,Carrier-1,East,54.9,214.62,Standard
6448,2026-06-21,2026-06-25,2026-07-03,WH-D,Carrier-3,North,27.9,115.8,Express
6449,2025-02-21,2025-02-23,2025-02-25,WH-B,Carrier-2,North,12.7,139.42,Standard
6450,2024-01-24,2024-01-31,2024-02-07,WH-C,Carrier-3,North,28.2,122.79,Critical
6451,2025-07-30,2025-08-03,2025-08-02,WH-D,Carrier-1,North,37.0,157.76,Standard
6452,2024-12-21,2024-12-26,,WH-D,Carrier-2,North,2.3,172.25,Critical
6453,2026-02-12,2026-02-19,2026-02-18,WH-C,Carrier-2,South,34.0,72.21,Standard
6454,2025-08-19,2025-08-22,2025-08-20,WH-A,Carrier-3,South,18.7,146.71,Critical
6455,2024-01-23,2024-01-26,2024-01-24,WH-D,Carrier-2,North,35.2,126.06,Standard
6456,2024-02-10,2024-02-18,2024-02-18,WH-A,Carrier-3,West,63.6,4.71,Critical
6457,2024-11-08,2024-11-15,2024-11-19,WH-D,Carrier-1,East,21.1,93.87,Critical
6458,2026-08-08,2026-08-15,2026-08-23,WH-D,Carrier-2,East,20.2,27.02,Express
6459,2026-06-18,2026-06-25,2026-06-28,WH-A,Carrier-1,South,9.9,155.8,Express
6460,2026-03-24,2026-03-27,2026-03-31,WH-D,Carrier-1,North,55.8,166.7,Express
6461,2024-05-19,2024-05-23,2024-05-21,WH-D,Carrier-2,West,3.2,213.06,Critical
6462,2026-02-05,2026-02-10,2026-02-13,WH-D,Carrier-2,South,68.5,15.01,Standard
6463,2025-04-29,2025-05-01,2025-05-06,WH-B,Carrier-2,North,29.3,173.21,Express
6464,2025-01-29,2025-02-04,2025-02-12,WH-C,Carrier-3,South,53.2,129.62,Standard
6465,2026-07-21,2026-07-28,2026-07-30,WH-D,Carrier-2,East,46.3,235.29,Critical
6466,2025-09-20,2025-09-24,2025-10-01,WH-A,Carrier-2,West,53.7,152.59,Standard
6467,2025-05-03,2025-05-05,2025-05-11,WH-A,Carrier-1,West,14.6,140.99,Critical
6468,2024-10-22,2024-10-25,2024-11-01,WH-D,Carrier-2,West,55.7,56.73,Critical
6469,2024-05-08,2024-05-15,2024-05-14,WH-D,Carrier-3,South,61.8,238.61,Express
6470,2024-05-28,2024-06-04,2024-06-02,WH-D,Carrier-2,West,32.0,229.99,Critical
6471,2024-07-08,2024-07-11,,WH-B,Carrier-1,South,56.3,65.76,Express
6472,2025-12-06,2025-12-08,2025-12-13,WH-D,Carrier-3,East,58.3,207.2,Express
6473,2025-07-24,2025-07-30,2025-07-29,WH-A,Carrier-2,South,52.6,28.9,Express
6474,2025-08-02,2025-08-05,2025-08-12,WH-C,Carrier-3,East,64.4,103.27,Standard
6475,2025-12-03,2025-12-09,2025-12-16,WH-B,Carrier-1,North,25.9,134.59,Standard
6476,2025-05-22,2025-05-24,2025-05-24,WH-D,Carrier-3,East,56.2,55.29,Critical
6477,2025-05-16,2025-05-18,2025-05-23,WH-D,Carrier-2,East,79.5,224.78,Critical
6478,2024-01-29,2024-02-04,2024-02-06,WH-D,Carrier-2,North,11.1,225.2,Critical
6479,2024-01-18,2024-01-21,2024-01-26,WH-A,Carrier-1,East,56.1,68.5,Critical
6480,2024-07-14,2024-07-18,2024-07-16,WH-D,Carrier-3,North,58.7,87.51,Express
6481,2024-12-04,2024-12-09,2024-12-12,WH-C,Carrier-3,North,55.6,117.62,Standard
6482,2025-12-03,2025-12-07,2025-12-14,WH-A,Carrier-2,South,59.7,159.91,Express
6483,2024-03-28,2024-04-02,2024-04-06,WH-C,Carrier-1,West,33.4,51.72,Critical
6484,2026-07-14,2026-07-21,2026-07-27,WH-C,Carrier-3,West,37.9,50.33,Standard
6485,2026-05-29,2026-06-02,2026-06-07,WH-B,Carrier-1,West,23.6,146.56,Express
6486,2026-04-14,2026-04-18,2026-04-21,WH-C,Carrier-1,North,43.7,59.39,Standard
6487,2026-05-24,2026-06-01,2026-05-31,WH-B,Carrier-2,South,21.2,204.52,Critical
6488,2025-11-14,2025-11-20,2025-11-21,WH-B,Carrier-3,North,73.0,36.37,Express
6489,2025-11-18,2025-11-24,,WH-D,Carrier-2,North,8.5,76.23,Express
6490,2024-07-21,2024-07-24,2024-07-24,WH-B,Carrier-1,East,61.2,13.82,Standard
6491,2025-08-25,2025-08-28,2025-08-28,WH-C,Carrier-3,South,18.2,143.19,Express
6492,2024-01-24,2024-01-29,2024-01-31,WH-D,Carrier-3,South,26.6,55.75,Critical
6493,2025-11-15,2025-11-20,2025-11-28,WH-B,Carrier-3,North,42.5,212.41,Express
6494,2025-05-24,2025-05-27,2025-06-02,WH-A,Carrier-3,West,22.1,26.17,Express
6495,2025-03-31,2025-04-04,2025-04-07,WH-C,Carrier-1,West,50.5,166.33,Express
6496,2025-01-18,2025-01-25,2025-02-01,WH-A,Carrier-3,South,41.4,178.83,Express
6497,2024-07-24,2024-07-30,2024-08-02,WH-C,Carrier-2,North,20.2,118.21,Express
6498,2026-06-21,2026-06-26,2026-06-24,WH-A,Carrier-1,West,54.2,66.41,Critical
6499,2025-04-11,2025-04-14,2025-04-12,WH-A,Carrier-2,East,54.8,18.29,Express
6500,2025-08-16,2025-08-21,2025-08-22,WH-B,Carrier-2,East,30.8,126.26,Express
6501,2025-10-18,2025-10-23,2025-10-22,WH-C,Carrier-1,East,79.1,4.57,Express
6502,2024-06-17,2024-06-25,2024-06-27,WH-B,Carrier-3,West,36.5,142.46,Critical
6503,2025-06-12,2025-06-14,2025-06-17,WH-A,Carrier-1,West,56.2,147.13,Critical
6504,2024-03-25,2024-04-01,2024-04-03,WH-D,Carrier-2,North,45.2,24.48,Express
6505,2024-03-22,2024-03-28,2024-04-05,WH-D,Carrier-1,West,57.4,181.19,Critical
6506,2025-12-25,2025-12-27,2026-01-03,WH-A,Carrier-3,North,65.2,231.11,Express
6507,2026-01-21,2026-01-26,2026-02-01,WH-B,Carrier-1,West,12.0,191.0,Standard
6508,2026-05-11,2026-05-15,2026-05-20,WH-C,Carrier-3,West,25.1,200.73,Express
6509,2026-06-12,2026-06-18,2026-06-21,WH-C,Carrier-1,East,71.2,62.1,Critical
6510,2026-07-30,2026-08-03,2026-08-01,WH-B,Carrier-3,East,64.8,203.17,Express
6511,2024-11-11,2024-11-14,2024-11-15,WH-C,Carrier-3,West,70.5,58.57,Critical
6512,2024-09-22,2024-09-27,2024-09-26,WH-D,Carrier-1,South,77.3,160.68,Express
6513,2024-04-03,2024-04-09,2024-04-10,WH-A,Carrier-1,South,76.7,13.91,Critical
6514,2025-06-14,2025-06-20,2025-06-24,WH-C,Carrier-1,East,14.7,33.38,Express
6515,2026-05-12,2026-05-17,2026-05-15,WH-C,Carrier-1,West,36.5,236.42,Express
6516,2026-05-28,2026-06-01,2026-06-01,WH-B,Carrier-1,South,31.3,160.45,Express
6517,2025-11-23,2025-11-25,2025-12-02,WH-D,Carrier-1,North,19.3,43.23,Critical
6518,2024-09-14,2024-09-17,2024-09-22,WH-B,Carrier-2,North,6.3,150.47,Standard
6519,2026-03-31,2026-04-08,2026-04-15,WH-D,Carrier-1,North,26.6,51.59,Standard
6520,2024-04-17,2024-04-24,2024-04-25,WH-D,Carrier-2,East,77.5,9.4,Express
6521,2026-04-18,2026-04-21,2026-04-20,WH-A,Carrier-3,North,7.8,118.7,Critical
6522,2024-07-23,2024-07-31,2024-08-07,WH-C,Carrier-3,East,38.1,197.18,Standard
6523,2024-11-03,2024-11-07,2024-11-06,WH-A,Carrier-3,West,47.1,155.21,Express
6524,2026-02-21,2026-02-23,2026-03-02,WH-B,Carrier-1,North,66.6,67.86,Express
6525,2024-02-18,2024-02-24,2024-03-02,WH-C,Carrier-3,East,25.9,165.44,Standard
6526,2025-11-18,2025-11-24,2025-11-24,WH-C,Carrier-1,East,68.6,152.69,Standard
6527,2026-04-15,2026-04-18,2026-04-16,WH-A,Carrier-1,West,43.7,182.33,Standard
6528,2026-07-04,2026-07-12,2026-07-17,WH-D,Carrier-3,West,28.9,118.27,Critical
6529,2025-05-27,2025-05-30,2025-06-03,WH-B,Carrier-1,West,22.6,62.0,Standard
6530,2025-12-04,2025-12-11,2025-12-14,WH-A,Carrier-2,East,25.2,208.05,Standard
6531,2026-04-30,2026-05-02,2026-05-02,WH-C,Carrier-3,North,55.2,92.7,Express
6532,2024-09-07,2024-09-14,2024-09-13,WH-A,Carrier-2,East,5.0,15.52,Express
6533,2024-10-06,2024-10-08,,WH-D,Carrier-3,West,0.6,181.63,Critical
6534,2025-10-06,2025-10-10,,WH-C,Carrier-2,North,44.6,164.62,Express
6535,2025-07-06,2025-07-13,2025-07-14,WH-D,Carrier-2,South,57.7,191.26,Express
6536,2025-08-18,2025-08-20,2025-08-25,WH-A,Carrier-2,West,76.7,43.3,Critical
6537,2026-07-29,2026-07-31,2026-08-02,WH-D,Carrier-3,East,68.5,198.63,Critical
6538,2026-04-21,2026-04-26,2026-04-27,WH-B,Carrier-1,South,79.4,202.86,Express
6539,2026-08-09,2026-08-12,2026-08-10,WH-A,Carrier-3,West,4.0,231.49,Express
6540,2026-05-17,2026-05-19,2026-05-20,WH-A,Carrier-1,West,49.3,4.56,Express
6541,2024-07-04,2024-07-06,2024-07-04,WH-C,Carrier-2,East,40.0,28.81,Critical
6542,2025-08-04,2025-08-11,2025-08-14,WH-B,Carrier-2,West,34.5,61.12,Critical
6543,2025-11-23,2025-11-29,,WH-C,Carrier-3,East,20.5,125.33,Express
6544,2026-02-07,2026-02-12,2026-02-12,WH-A,Carrier-1,South,46.9,18.81,Critical
6545,2026-07-30,2026-08-02,2026-08-02,WH-A,Carrier-1,East,75.2,57.87,Critical
6546,2026-08-18,2026-08-22,2026-08-21,WH-A,Carrier-2,South,79.0,233.98,Critical
6547,2026-07-28,2026-08-04,2026-08-03,WH-A,Carrier-2,South,61.7,60.64,Critical
6548,2025-08-06,2025-08-10,2025-08-16,WH-C,Carrier-2,North,63.6,211.62,Critical
6549,2026-05-28,2026-06-03,2026-06-02,WH-D,Carrier-3,South,18.0,175.05,Standard
6550,2026-03-17,2026-03-24,,WH-B,Carrier-1,South,21.0,34.38,Critical
6551,2024-05-22,2024-05-29,2024-06-03,WH-D,Carrier-1,South,10.8,228.58,Critical
6552,2026-05-24,2026-05-29,2026-05-30,WH-C,Carrier-2,South,71.4,219.93,Standard
6553,2024-05-03,2024-05-05,2024-05-08,WH-A,Carrier-1,West,13.2,80.82,Standard
6554,2025-07-12,2025-07-18,2025-07-16,WH-D,Carrier-1,West,30.9,33.93,Standard
6555,2025-06-17,2025-06-25,2025-06-24,WH-A,Carrier-3,West,59.1,235.35,Express
6556,2024-10-22,2024-10-26,2024-11-01,WH-A,Carrier-1,North,58.4,89.49,Express
6557,2024-06-24,2024-06-28,2024-07-02,WH-C,Carrier-3,North,64.1,85.99,Critical
6558,2025-06-28,2025-06-30,2025-06-29,WH-D,Carrier-1,South,37.7,219.06,Critical
6559,2024-07-21,2024-07-28,2024-08-03,WH-A,Carrier-3,North,69.6,208.5,Critical
6560,2024-11-21,2024-11-23,2024-11-27,WH-A,Carrier-3,South,50.3,197.55,Critical
6561,2025-08-04,2025-08-12,,WH-B,Carrier-2,South,48.9,76.21,Express
6562,2024-02-16,2024-02-23,,WH-D,Carrier-2,South,19.1,223.04,Express
6563,2025-08-31,2025-09-06,2025-09-09,WH-A,Carrier-2,North,6.5,130.71,Critical
6564,2026-03-28,2026-03-30,2026-03-30,WH-B,Carrier-2,East,31.3,83.49,Express
6565,2025-01-06,2025-01-12,2025-01-13,WH-D,Carrier-3,North,37.6,210.16,Critical
6566,2026-02-15,2026-02-18,2026-02-21,WH-D,Carrier-2,East,59.5,88.88,Critical
6567,2025-08-23,2025-08-29,2025-08-30,WH-A,Carrier-3,South,14.2,33.15,Standard
6568,2024-03-29,2024-04-03,2024-04-02,WH-B,Carrier-1,North,52.9,190.94,Express
6569,2025-07-21,2025-07-24,2025-07-30,WH-C,Carrier-2,South,7.8,166.87,Express
6570,2025-01-31,2025-02-02,2025-02-09,WH-B,Carrier-1,West,10.9,73.82,Express
6571,2025-03-03,2025-03-10,2025-03-09,WH-D,Carrier-1,East,34.3,109.88,Express
6572,2024-12-28,2024-12-31,2025-01-02,WH-B,Carrier-3,South,45.8,121.28,Express
6573,2024-03-16,2024-03-21,2024-03-29,WH-B,Carrier-2,North,18.9,7.61,Critical
6574,2025-06-13,2025-06-16,2025-06-20,WH-C,Carrier-1,South,35.6,237.06,Critical
6575,2024-11-19,2024-11-23,2024-12-01,WH-C,Carrier-2,North,21.8,86.91,Standard
6576,2024-03-07,2024-03-12,2024-03-17,WH-A,Carrier-1,South,19.2,239.26,Express
6577,2025-04-26,2025-04-28,,WH-A,Carrier-1,East,37.8,82.91,Express
6578,2025-12-05,2025-12-09,2025-12-11,WH-D,Carrier-3,South,73.3,148.01,Critical
6579,2025-11-04,2025-11-06,2025-11-05,WH-D,Carrier-3,West,47.7,220.47,Express
6580,2024-10-22,2024-10-24,2024-10-29,WH-D,Carrier-1,North,7.2,159.29,Standard
6581,2024-05-16,2024-05-20,2024-05-26,WH-D,Carrier-1,East,55.2,63.35,Critical
6582,2025-11-08,2025-11-15,2025-11-22,WH-B,Carrier-2,South,57.7,75.62,Critical
6583,2025-04-25,2025-04-29,2025-05-01,WH-B,Carrier-3,West,19.0,166.97,Standard
6584,2024-04-04,2024-04-09,2024-04-16,WH-A,Carrier-1,East,73.0,103.39,Critical
6585,2026-04-23,2026-05-01,2026-05-05,WH-C,Carrier-3,South,74.4,108.11,Critical
6586,2024-05-21,2024-05-28,2024-06-02,WH-A,Carrier-2,West,22.2,43.58,Standard
6587,2024-07-12,2024-07-14,2024-07-22,WH-D,Carrier-2,North,73.7,55.02,Express
6588,2024-06-29,2024-07-03,2024-07-11,WH-C,Carrier-3,North,74.8,30.29,Critical
6589,2025-06-22,2025-06-30,2025-06-29,WH-B,Carrier-1,North,32.4,227.69,Express
6590,2024-01-25,2024-01-30,2024-02-07,WH-D,Carrier-1,South,76.3,120.84,Critical
6591,2024-12-05,2024-12-13,2024-12-21,WH-D,Carrier-1,East,51.2,57.17,Critical
6592,2024-04-19,2024-04-24,,WH-A,Carrier-1,South,51.2,222.66,Critical
6593,2025-06-14,2025-06-21,2025-06-28,WH-D,Carrier-2,East,10.3,194.59,Express
6594,2026-06-23,2026-07-01,2026-06-29,WH-A,Carrier-3,East,47.9,47.08,Express
6595,2025-12-21,2025-12-27,2025-12-29,WH-A,Carrier-3,South,32.1,40.85,Critical
6596,2026-02-06,2026-02-14,2026-02-15,WH-A,Carrier-1,East,55.1,97.43,Critical
6597,2025-06-23,2025-06-28,2025-07-01,WH-D,Carrier-1,East,48.0,206.05,Standard
6598,2025-02-27,2025-03-05,2025-03-11,WH-C,Carrier-3,East,54.8,13.54,Standard
6599,2025-10-28,2025-11-01,2025-11-04,WH-A,Carrier-1,North,43.8,127.98,Critical
6600,2025-04-01,2025-04-03,2025-04-03,WH-C,Carrier-2,East,47.1,99.64,Express
6601,2025-06-04,2025-06-06,2025-06-06,WH-B,Carrier-1,North,44.6,12.6,Express
6602,2025-10-21,2025-10-23,2025-10-30,WH-C,Carrier-2,South,40.8,70.36,Express
6603,2025-05-31,2025-06-03,2025-06-09,WH-C,Carrier-2,South,50.9,125.91,Standard
6604,2026-05-18,2026-05-26,2026-05-26,WH-A,Carrier-2,South,68.6,43.3,Critical
6605,2026-05-11,2026-05-17,2026-05-20,WH-A,Carrier-2,West,2.8,233.17,Critical
6606,2024-12-02,2024-12-08,2024-12-07,WH-C,Carrier-3,East,18.3,70.37,Express
6607,2026-07-23,2026-07-27,2026-07-27,WH-D,Carrier-3,South,1.2,135.71,Standard
6608,2025-02-14,2025-02-21,2025-02-19,WH-B,Carrier-1,East,76.0,85.03,Critical
6609,2026-02-09,2026-02-17,2026-02-18,WH-A,Carrier-3,North,0.8,6.08,Critical
6610,2024-09-29,2024-10-03,2024-10-10,WH-A,Carrier-1,South,12.2,157.34,Critical
6611,2024-04-02,2024-04-08,,WH-A,Carrier-2,South,30.1,6.06,Express
6612,2024-06-27,2024-07-05,2024-07-08,WH-D,Carrier-2,South,65.8,134.85,Express
6613,2024-09-07,2024-09-15,2024-09-22,WH-D,Carrier-1,West,0.8,119.6,Critical
6614,2026-03-04,2026-03-10,2026-03-14,WH-B,Carrier-3,South,79.5,209.98,Critical
6615,2024-05-09,2024-05-15,2024-05-21,WH-B,Carrier-1,East,75.0,64.83,Express
6616,2024-06-12,2024-06-17,2024-06-21,WH-D,Carrier-2,North,27.5,81.22,Standard
6617,2025-04-14,2025-04-22,2025-04-23,WH-A,Carrier-1,South,73.7,179.44,Critical
6618,2025-03-03,2025-03-09,2025-03-12,WH-A,Carrier-1,East,20.1,129.87,Express
6619,2024-10-22,2024-10-29,2024-10-29,WH-A,Carrier-2,East,53.2,202.29,Express
6620,2024-05-04,2024-05-07,2024-05-05,WH-A,Carrier-1,West,23.5,143.89,Standard
6621,2025-07-26,2025-08-01,2025-08-05,WH-B,Carrier-1,East,72.2,180.26,Critical
6622,2024-09-18,2024-09-22,2024-09-23,WH-A,Carrier-3,West,43.3,139.97,Standard
6623,2024-05-26,2024-06-03,2024-06-01,WH-C,Carrier-2,North,1.4,16.88,Standard
6624,2024-10-26,2024-11-01,2024-11-03,WH-A,Carrier-1,West,26.2,134.54,Express
6625,2024-02-18,2024-02-20,2024-02-19,WH-B,Carrier-2,South,36.4,170.71,Standard
6626,2024-09-13,2024-09-17,2024-09-16,WH-C,Carrier-2,North,51.3,63.21,Critical
6627,2026-02-11,2026-02-18,2026-02-20,WH-B,Carrier-1,East,5.4,224.49,Standard
6628,2024-05-02,2024-05-06,2024-05-07,WH-C,Carrier-2,East,66.4,233.0,Express
6629,2024-10-13,2024-10-21,2024-10-28,WH-A,Carrier-3,West,66.3,166.4,Standard
6630,2024-05-18,2024-05-20,2024-05-25,WH-B,Carrier-1,West,70.5,188.43,Express
6631,2026-06-28,2026-07-01,2026-07-08,WH-B,Carrier-2,North,28.8,111.98,Standard
6632,2024-01-13,2024-01-18,2024-01-21,WH-A,Carrier-1,South,76.2,190.75,Standard
6633,2026-06-05,2026-06-12,2026-06-18,WH-A,Carrier-2,East,55.0,94.16,Critical
6634,2024-03-05,2024-03-09,2024-03-07,WH-B,Carrier-2,South,60.7,235.79,Express
6635,2026-02-03,2026-02-07,2026-02-15,WH-A,Carrier-2,East,57.3,176.81,Critical
6636,2025-07-23,2025-07-25,2025-08-02,WH-A,Carrier-3,East,63.1,76.17,Standard
6637,2024-07-12,2024-07-19,2024-07-17,WH-D,Carrier-2,North,55.0,169.38,Standard
6638,2024-07-09,2024-07-13,2024-07-20,WH-A,Carrier-2,West,46.3,211.25,Critical
6639,2026-03-08,2026-03-12,2026-03-17,WH-D,Carrier-2,West,37.8,137.48,Standard
6640,2025-10-24,2025-10-31,2025-11-01,WH-B,Carrier-1,West,76.8,4.99,Express
6641,2025-03-27,2025-03-29,2025-03-28,WH-B,Carrier-3,West,77.4,21.01,Standard
6642,2025-06-26,2025-07-03,2025-07-01,WH-D,Carrier-2,West,26.4,162.63,Standard
6643,2024-05-25,2024-05-29,2024-06-01,WH-D,Carrier-3,West,67.9,143.9,Express
6644,2024-06-22,2024-06-28,2024-07-01,WH-B,Carrier-3,South,29.5,68.86,Critical
6645,2024-08-24,2024-08-29,2024-09-01,WH-A,Carrier-2,South,18.2,164.44,Critical
6646,2024-09-10,2024-09-12,2024-09-15,WH-D,Carrier-2,South,41.5,45.24,Critical
6647,2024-05-26,2024-05-30,2024-06-01,WH-C,Carrier-2,East,31.1,89.59,Standard
6648,2025-04-29,2025-05-03,,WH-C,Carrier-2,North,8.5,212.88,Standard
6649,2025-01-20,2025-01-26,2025-02-01,WH-D,Carrier-2,North,25.2,5.76,Express
6650,2024-07-10,2024-07-12,2024-07-13,WH-A,Carrier-3,West,42.3,65.56,Critical
6651,2026-02-27,2026-03-01,,WH-B,Carrier-3,West,31.9,107.49,Critical
6652,2024-10-22,2024-10-24,2024-10-27,WH-A,Carrier-3,West,41.8,19.69,Standard
6653,2024-09-24,2024-10-02,2024-09-30,WH-C,Carrier-2,West,68.2,216.49,Critical
6654,2024-05-28,2024-06-05,2024-06-09,WH-A,Carrier-1,North,68.4,116.82,Express
6655,2025-10-27,2025-10-30,2025-10-30,WH-A,Carrier-2,North,76.7,68.89,Critical
6656,2025-04-15,2025-04-17,2025-04-23,WH-C,Carrier-2,West,15.4,146.8,Standard
6657,2024-12-09,2024-12-16,2024-12-22,WH-B,Carrier-3,West,35.0,39.32,Standard
6658,2024-07-14,2024-07-20,2024-07-26,WH-B,Carrier-3,East,24.6,209.73,Critical
6659,2026-08-08,2026-08-13,2026-08-15,WH-D,Carrier-2,West,34.4,131.28,Standard
6660,2026-02-26,2026-03-02,2026-03-07,WH-A,Carrier-2,West,54.5,210.95,Express
6661,2024-05-27,2024-05-30,2024-06-04,WH-C,Carrier-3,East,36.3,41.22,Express
6662,2025-10-06,2025-10-08,2025-10-10,WH-B,Carrier-2,East,65.2,216.7,Critical
6663,2024-05-26,2024-06-03,2024-06-10,WH-D,Carrier-3,South,76.2,99.17,Critical
6664,2024-11-10,2024-11-13,2024-11-17,WH-C,Carrier-1,East,31.8,124.73,Express
6665,2026-06-26,2026-07-04,2026-07-12,WH-D,Carrier-3,West,54.5,35.65,Standard
6666,2024-02-08,2024-02-10,2024-02-08,WH-B,Carrier-3,North,25.5,122.37,Critical
6667,2025-05-28,2025-06-02,2025-06-08,WH-D,Carrier-2,East,16.7,237.06,Express
6668,2024-06-15,2024-06-18,2024-06-17,WH-B,Carrier-3,West,78.1,226.18,Express
6669,2026-02-13,2026-02-17,2026-02-25,WH-C,Carrier-3,West,51.0,20.04,Express
6670,2024-11-06,2024-11-11,2024-11-14,WH-A,Carrier-1,North,56.0,154.87,Express
6671,2026-03-04,2026-03-07,2026-03-06,WH-A,Carrier-2,South,43.6,75.48,Express
6672,2025-11-19,2025-11-25,2025-11-26,WH-D,Carrier-1,South,62.4,179.09,Critical
6673,2024-02-01,2024-02-07,2024-02-07,WH-A,Carrier-2,South,23.3,84.33,Express
6674,2024-09-12,2024-09-18,,WH-A,Carrier-1,West,26.3,109.53,Standard
6675,2025-08-16,2025-08-18,2025-08-22,WH-B,Carrier-3,South,28.6,171.18,Critical
6676,2025-10-27,2025-10-30,2025-11-04,WH-A,Carrier-3,East,23.4,70.59,Express
6677,2025-08-08,2025-08-10,2025-08-08,WH-B,Carrier-2,South,36.7,216.64,Express
6678,2025-03-03,2025-03-05,,WH-A,Carrier-1,East,27.5,99.01,Standard
6679,2025-08-08,2025-08-11,2025-08-18,WH-C,Carrier-1,East,51.0,157.16,Standard
6680,2024-04-23,2024-05-01,2024-05-07,WH-D,Carrier-1,West,27.4,141.85,Standard
6681,2024-07-13,2024-07-18,2024-07-24,WH-C,Carrier-2,West,6.9,42.24,Express
6682,2024-10-28,2024-11-03,,WH-C,Carrier-3,South,19.1,71.87,Express
6683,2025-11-28,2025-12-05,2025-12-08,WH-A,Carrier-1,South,14.0,65.74,Express
6684,2025-08-31,2025-09-08,2025-09-08,WH-D,Carrier-3,South,3.5,120.77,Express
6685,2024-08-11,2024-08-14,2024-08-13,WH-B,Carrier-1,North,5.6,190.75,Critical
6686,2026-01-21,2026-01-27,2026-01-28,WH-D,Carrier-3,South,0.4,56.77,Express
6687,2025-03-29,2025-03-31,2025-04-01,WH-B,Carrier-3,South,5.8,181.35,Express
6688,2026-05-04,2026-05-10,2026-05-09,WH-B,Carrier-3,East,54.6,78.64,Express
6689,2025-07-15,2025-07-19,2025-07-27,WH-D,Carrier-3,West,33.3,201.87,Standard
6690,2024-07-26,2024-07-28,2024-08-05,WH-D,Carrier-1,West,23.4,10.08,Express
6691,2024-05-26,2024-06-03,2024-06-04,WH-B,Carrier-2,East,12.3,91.5,Express
6692,2025-12-05,2025-12-13,2025-12-14,WH-C,Carrier-2,South,55.6,121.23,Critical
6693,2026-06-15,2026-06-21,,WH-A,Carrier-3,North,59.6,222.22,Critical
6694,2024-02-03,2024-02-09,2024-02-12,WH-A,Carrier-1,South,29.2,114.05,Critical
6695,2025-05-08,2025-05-12,2025-05-14,WH-C,Carrier-3,East,8.6,61.68,Express
6696,2024-11-08,2024-11-13,2024-11-18,WH-A,Carrier-2,South,37.2,216.5,Express
6697,2024-11-03,2024-11-10,2024-11-13,WH-A,Carrier-2,West,36.8,60.52,Standard
6698,2024-07-30,2024-08-06,2024-08-07,WH-A,Carrier-1,North,57.8,70.65,Critical
6699,2025-09-14,2025-09-18,2025-09-25,WH-C,Carrier-1,North,65.6,191.38,Critical
6700,2024-09-15,2024-09-23,,WH-B,Carrier-2,East,51.0,15.95,Express
6701,2025-07-17,2025-07-24,2025-07-23,WH-A,Carrier-3,North,56.1,27.81,Critical
6702,2025-06-25,2025-07-03,2025-07-07,WH-D,Carrier-2,South,61.3,207.84,Critical
6703,2025-11-12,2025-11-17,2025-11-20,WH-B,Carrier-2,East,77.0,112.47,Standard
6704,2026-07-02,2026-07-10,2026-07-17,WH-D,Carrier-1,East,56.2,185.79,Express
6705,2026-04-16,2026-04-22,2026-04-23,WH-D,Carrier-1,North,78.6,82.43,Standard
6706,2026-08-20,2026-08-27,2026-08-26,WH-D,Carrier-3,West,78.0,139.56,Standard
6707,2025-11-02,2025-11-06,2025-11-06,WH-C,Carrier-3,North,50.7,29.6,Express
6708,2025-10-21,2025-10-23,2025-10-27,WH-D,Carrier-3,East,9.1,6.83,Standard
6709,2026-05-15,2026-05-19,,WH-C,Carrier-3,South,62.5,102.07,Critical
6710,2024-11-25,2024-11-27,2024-12-01,WH-C,Carrier-3,East,31.8,13.15,Critical
6711,2024-10-28,2024-11-05,2024-11-04,WH-A,Carrier-3,East,20.8,181.16,Critical
6712,2025-12-20,2025-12-28,2026-01-04,WH-D,Carrier-2,West,29.5,150.41,Express
6713,2025-04-10,2025-04-15,2025-04-22,WH-D,Carrier-3,West,3.3,91.38,Critical
6714,2026-05-26,2026-06-03,2026-06-10,WH-C,Carrier-1,South,11.4,77.78,Critical
6715,2026-08-24,2026-08-30,2026-09-02,WH-A,Carrier-1,South,50.6,13.53,Critical
6716,2024-07-04,2024-07-12,2024-07-11,WH-B,Carrier-2,East,54.0,129.53,Standard
6717,2024-02-28,2024-03-06,2024-03-14,WH-B,Carrier-3,West,61.2,127.04,Express
6718,2025-05-12,2025-05-20,2025-05-27,WH-D,Carrier-3,South,62.4,130.09,Standard
6719,2025-06-03,2025-06-09,2025-06-17,WH-C,Carrier-3,North,38.4,125.13,Standard
6720,2025-07-23,2025-07-31,2025-08-05,WH-D,Carrier-2,North,53.2,150.6,Standard
6721,2024-05-14,2024-05-16,2024-05-22,WH-C,Carrier-2,West,37.0,110.53,Express
6722,2024-05-20,2024-05-28,2024-05-27,WH-C,Carrier-2,North,73.1,80.68,Critical
6723,2024-01-07,2024-01-11,2024-01-14,WH-A,Carrier-2,East,74.6,111.87,Standard
6724,2025-04-10,2025-04-17,2025-04-15,WH-C,Carrier-1,East,47.0,159.68,Standard
6725,2026-05-23,2026-05-28,2026-05-29,WH-D,Carrier-1,West,35.5,46.63,Critical
6726,2025-09-25,2025-10-02,2025-10-04,WH-C,Carrier-1,East,77.0,15.26,Express
6727,2025-01-26,2025-01-30,2025-01-31,WH-A,Carrier-1,South,35.1,206.29,Express
6728,2026-06-01,2026-06-07,2026-06-08,WH-A,Carrier-2,West,51.9,219.49,Standard
6729,2026-03-28,2026-03-31,2026-03-31,WH-D,Carrier-2,East,51.5,203.37,Critical
6730,2024-08-27,2024-08-31,2024-09-04,WH-D,Carrier-2,West,45.5,49.53,Critical
6731,2024-08-04,2024-08-06,2024-08-07,WH-A,Carrier-2,South,26.5,87.43,Express
6732,2025-03-12,2025-03-16,2025-03-23,WH-D,Carrier-1,East,5.1,35.88,Critical
6733,2026-03-29,2026-03-31,2026-04-05,WH-C,Carrier-2,South,11.1,102.33,Express
6734,2024-11-22,2024-11-25,2024-12-01,WH-C,Carrier-3,North,9.6,168.13,Express
6735,2026-03-07,2026-03-15,2026-03-13,WH-A,Carrier-2,North,8.9,61.24,Standard
6736,2026-08-20,2026-08-26,2026-08-31,WH-A,Carrier-3,South,57.1,17.67,Critical
6737,2024-06-06,2024-06-08,,WH-B,Carrier-3,North,77.0,228.55,Critical
6738,2024-03-06,2024-03-08,2024-03-07,WH-A,Carrier-2,North,47.6,206.3,Critical
6739,2025-11-27,2025-11-30,2025-12-01,WH-B,Carrier-1,South,66.0,178.1,Express
6740,2026-04-29,2026-05-02,2026-05-03,WH-C,Carrier-3,North,23.4,103.3,Express
6741,2026-02-22,2026-02-26,2026-02-28,WH-D,Carrier-2,South,45.9,192.55,Critical
6742,2026-01-01,2026-01-07,2026-01-08,WH-C,Carrier-2,East,20.4,77.82,Standard
6743,2024-10-09,2024-10-12,2024-10-12,WH-D,Carrier-3,South,70.1,122.48,Critical
6744,2026-04-10,2026-04-14,2026-04-15,WH-C,Carrier-1,South,29.4,124.59,Express
6745,2025-04-09,2025-04-14,2025-04-22,WH-B,Carrier-1,North,17.1,87.54,Critical
6746,2026-04-10,2026-04-12,2026-04-10,WH-C,Carrier-1,South,63.9,195.86,Standard
6747,2024-05-29,2024-05-31,2024-06-05,WH-A,Carrier-3,East,45.8,131.52,Express
6748,2024-10-08,2024-10-12,2024-10-11,WH-D,Carrier-2,West,63.6,102.39,Critical
6749,2025-06-21,2025-06-27,2025-06-28,WH-C,Carrier-3,North,34.2,90.29,Express
6750,2024-02-03,2024-02-10,2024-02-17,WH-D,Carrier-2,South,57.7,184.33,Express
6751,2024-06-10,2024-06-12,2024-06-10,WH-C,Carrier-1,West,22.0,116.52,Critical
6752,2024-05-22,2024-05-27,2024-05-29,WH-B,Carrier-1,North,70.1,234.46,Critical
6753,2025-09-16,2025-09-21,2025-09-20,WH-C,Carrier-3,East,62.8,17.26,Express
6754,2024-06-25,2024-06-30,2024-07-02,WH-B,Carrier-3,South,37.4,205.82,Express
6755,2024-12-06,2024-12-13,2024-12-19,WH-A,Carrier-1,North,36.0,132.54,Critical
6756,2026-04-19,2026-04-25,2026-05-01,WH-B,Carrier-3,North,45.5,77.52,Express
6757,2024-09-09,2024-09-12,2024-09-12,WH-A,Carrier-1,East,23.8,227.71,Standard
6758,2025-06-01,2025-06-09,2025-06-10,WH-B,Carrier-2,West,49.2,200.08,Standard
6759,2025-02-21,2025-02-24,2025-03-02,WH-B,Carrier-1,North,77.0,124.54,Standard
6760,2024-05-26,2024-05-31,2024-06-01,WH-D,Carrier-3,South,36.4,46.92,Express
6761,2026-06-22,2026-06-26,2026-06-30,WH-A,Carrier-1,North,28.4,77.7,Standard
6762,2025-08-27,2025-09-04,2025-09-04,WH-C,Carrier-3,East,31.9,212.27,Express
6763,2024-06-10,2024-06-14,2024-06-20,WH-A,Carrier-2,South,6.4,228.0,Critical
6764,2024-07-11,2024-07-19,2024-07-23,WH-B,Carrier-3,West,35.1,14.97,Express
6765,2025-03-25,2025-03-28,2025-03-28,WH-B,Carrier-2,North,12.8,19.75,Express
6766,2024-05-09,2024-05-11,2024-05-13,WH-C,Carrier-3,South,73.0,111.91,Express
6767,2024-03-18,2024-03-24,2024-03-25,WH-A,Carrier-3,North,19.4,37.97,Standard
6768,2025-11-02,2025-11-10,2025-11-17,WH-D,Carrier-1,South,4.9,89.06,Critical
6769,2024-09-28,2024-09-30,2024-10-03,WH-D,Carrier-3,West,43.2,156.19,Express
6770,2024-05-23,2024-05-27,2024-05-31,WH-A,Carrier-2,South,79.4,16.44,Standard
6771,2026-06-05,2026-06-10,2026-06-14,WH-A,Carrier-1,West,10.7,25.78,Express
6772,2025-07-08,2025-07-10,2025-07-14,WH-D,Carrier-2,South,31.2,148.68,Standard
6773,2025-04-15,2025-04-21,2025-04-28,WH-D,Carrier-2,South,28.2,168.97,Express
6774,2024-12-04,2024-12-09,2024-12-12,WH-D,Carrier-1,East,47.9,28.14,Standard
6775,2024-05-26,2024-05-29,2024-05-31,WH-A,Carrier-3,South,74.9,217.2,Express
6776,2025-06-06,2025-06-12,,WH-D,Carrier-3,North,50.3,60.48,Express
6777,2025-06-11,2025-06-18,2025-06-24,WH-C,Carrier-1,South,61.0,100.16,Critical
6778,2025-03-27,2025-03-30,2025-04-05,WH-C,Carrier-3,North,48.7,16.39,Critical
6779,2024-10-19,2024-10-25,2024-10-24,WH-C,Carrier-2,South,31.3,101.6,Critical
6780,2025-08-18,2025-08-22,2025-08-27,WH-C,Carrier-3,West,51.5,166.64,Standard
6781,2026-05-31,2026-06-05,2026-06-09,WH-B,Carrier-1,East,22.6,112.44,Standard
6782,2026-01-26,2026-01-29,2026-02-01,WH-B,Carrier-3,South,65.1,213.74,Critical
6783,2024-06-28,2024-07-03,2024-07-08,WH-D,Carrier-1,East,79.7,53.6,Standard
6784,2024-12-16,2024-12-22,2024-12-29,WH-C,Carrier-1,West,58.2,191.66,Express
6785,2025-09-23,2025-09-30,2025-10-06,WH-B,Carrier-2,West,0.8,168.1,Critical
6786,2025-10-18,2025-10-23,2025-10-25,WH-D,Carrier-3,West,44.1,91.39,Standard
6787,2026-03-10,2026-03-16,2026-03-21,WH-B,Carrier-2,West,21.3,29.92,Critical
6788,2024-08-15,2024-08-20,2024-08-28,WH-A,Carrier-2,East,63.3,104.68,Standard
6789,2025-12-05,2025-12-10,2025-12-09,WH-A,Carrier-3,West,77.0,37.98,Standard
6790,2025-08-21,2025-08-23,2025-08-31,WH-D,Carrier-2,South,26.5,17.65,Standard
6791,2026-01-25,2026-01-31,2026-01-30,WH-B,Carrier-1,North,38.1,230.18,Critical
6792,2024-03-12,2024-03-18,2024-03-23,WH-B,Carrier-3,West,16.8,13.06,Express
6793,2024-07-27,2024-08-02,2024-08-06,WH-B,Carrier-3,North,79.1,55.53,Critical
6794,2025-11-30,2025-12-06,2025-12-06,WH-A,Carrier-2,South,40.1,158.51,Express
6795,2024-12-28,2024-12-30,2024-12-31,WH-D,Carrier-1,South,48.5,161.49,Standard
6796,2025-06-22,2025-06-26,2025-06-25,WH-A,Carrier-1,North,64.1,30.42,Standard
6797,2024-03-10,2024-03-17,2024-03-25,WH-B,Carrier-1,West,58.4,145.09,Express
6798,2026-01-29,2026-02-01,2026-01-30,WH-A,Carrier-3,South,56.4,151.68,Critical
6799,2024-06-24,2024-07-01,2024-07-04,WH-B,Carrier-3,North,33.2,154.12,Express
6800,2024-03-27,2024-03-29,2024-04-02,WH-D,Carrier-1,South,27.9,57.43,Standard
6801,2025-02-23,2025-02-25,,WH-B,Carrier-2,West,4.3,12.14,Express
6802,2026-04-15,2026-04-23,2026-04-28,WH-C,Carrier-1,East,50.8,137.56,Express
6803,2024-12-31,2025-01-02,2025-01-08,WH-B,Carrier-1,South,70.6,74.4,Standard
6804,2024-03-17,2024-03-24,2024-03-23,WH-C,Carrier-1,South,76.9,75.01,Critical
6805,2025-09-18,2025-09-20,2025-09-18,WH-C,Carrier-2,South,22.2,67.63,Standard
6806,2025-12-13,2025-12-20,2025-12-22,WH-C,Carrier-3,East,71.9,179.48,Critical
6807,2024-07-03,2024-07-09,2024-07-12,WH-C,Carrier-3,North,47.3,9.75,Critical
6808,2025-11-08,2025-11-16,2025-11-20,WH-C,Carrier-1,North,58.7,113.37,Express
6809,2024-12-20,2024-12-27,2024-12-30,WH-C,Carrier-3,West,64.3,173.0,Critical
6810,2025-06-13,2025-06-15,2025-06-23,WH-B,Carrier-2,North,9.7,71.12,Critical
6811,2024-06-15,2024-06-19,2024-06-19,WH-C,Carrier-3,West,57.1,39.41,Standard
6812,2025-07-11,2025-07-15,2025-07-14,WH-B,Carrier-2,North,29.2,174.37,Express
6813,2024-08-30,2024-09-06,2024-09-12,WH-A,Carrier-3,South,57.5,161.64,Express
6814,2025-05-14,2025-05-16,2025-05-23,WH-C,Carrier-3,South,50.4,38.39,Express
6815,2024-06-08,2024-06-14,2024-06-18,WH-D,Carrier-3,West,6.0,100.65,Standard
6816,2025-09-16,2025-09-23,2025-09-30,WH-C,Carrier-1,West,22.6,126.5,Critical
6817,2024-10-22,2024-10-28,2024-10-27,WH-A,Carrier-2,West,30.1,208.17,Standard
6818,2024-07-03,2024-07-11,2024-07-17,WH-C,Carrier-1,South,48.5,160.47,Express
6819,2024-11-28,2024-12-06,2024-12-07,WH-D,Carrier-3,West,28.9,14.34,Standard
6820,2025-10-19,2025-10-26,2025-10-30,WH-B,Carrier-3,East,20.9,115.57,Standard
6821,2025-11-22,2025-11-28,2025-11-26,WH-C,Carrier-3,South,52.8,5.09,Critical
6822,2025-01-27,2025-02-03,2025-02-06,WH-C,Carrier-3,West,43.5,17.45,Critical
6823,2026-02-21,2026-02-26,2026-03-06,WH-D,Carrier-3,East,61.4,140.84,Standard
6824,2024-05-08,2024-05-15,2024-05-20,WH-B,Carrier-1,South,43.9,217.34,Express
6825,2024-11-30,2024-12-07,2024-12-10,WH-B,Carrier-3,North,77.3,7.57,Express
6826,2024-11-09,2024-11-14,2024-11-18,WH-D,Carrier-1,North,28.4,6.31,Critical
6827,2025-01-25,2025-01-29,2025-01-29,WH-B,Carrier-3,West,26.3,183.25,Critical
6828,2024-01-25,2024-01-27,2024-01-30,WH-D,Carrier-2,East,0.3,96.11,Critical
6829,2024-08-25,2024-08-30,2024-08-29,WH-B,Carrier-2,North,33.6,144.25,Standard
6830,2025-03-03,2025-03-06,2025-03-04,WH-D,Carrier-1,North,50.7,64.41,Critical
6831,2025-05-03,2025-05-10,2025-05-15,WH-C,Carrier-3,East,47.9,81.72,Critical
6832,2026-05-20,2026-05-25,2026-05-28,WH-A,Carrier-3,South,19.4,158.02,Express
6833,2024-07-14,2024-07-20,2024-07-27,WH-C,Carrier-2,North,8.2,158.45,Critical
6834,2024-04-26,2024-05-04,2024-05-11,WH-B,Carrier-2,North,36.3,50.93,Critical
6835,2024-04-05,2024-04-09,2024-04-13,WH-D,Carrier-1,East,9.7,102.33,Critical
6836,2025-08-06,2025-08-12,2025-08-14,WH-A,Carrier-1,South,21.8,113.18,Standard
6837,2025-04-27,2025-04-29,2025-04-27,WH-B,Carrier-3,North,14.4,195.58,Express
6838,2024-11-16,2024-11-24,2024-11-30,WH-A,Carrier-3,South,7.8,183.45,Critical
6839,2025-02-05,2025-02-13,2025-02-20,WH-C,Carrier-1,West,61.3,171.44,Express
6840,2025-03-16,2025-03-22,2025-03-21,WH-B,Carrier-2,North,78.6,27.66,Critical
6841,2025-11-09,2025-11-12,2025-11-10,WH-B,Carrier-1,North,51.1,107.98,Critical
6842,2025-02-23,2025-02-25,2025-02-25,WH-A,Carrier-3,West,38.9,232.92,Standard
6843,2025-11-26,2025-12-02,2025-12-07,WH-D,Carrier-3,West,68.5,129.36,Critical
6844,2024-09-21,2024-09-25,2024-09-24,WH-B,Carrier-1,West,15.7,141.15,Critical
6845,2026-02-24,2026-03-01,2026-02-27,WH-A,Carrier-3,South,2.5,166.57,Critical
6846,2025-10-05,2025-10-08,2025-10-15,WH-B,Carrier-3,North,31.0,128.58,Critical
6847,2026-06-07,2026-06-13,2026-06-16,WH-A,Carrier-2,West,73.9,26.02,Standard
6848,2026-08-08,2026-08-15,2026-08-13,WH-C,Carrier-2,North,28.0,45.32,Critical
6849,2024-10-12,2024-10-18,2024-10-22,WH-C,Carrier-3,North,4.3,76.59,Critical
6850,2025-08-19,2025-08-22,,WH-C,Carrier-3,East,29.4,181.67,Standard
6851,2025-09-09,2025-09-12,,WH-D,Carrier-3,South,42.7,212.38,Standard
6852,2026-08-24,2026-08-31,2026-09-08,WH-B,Carrier-1,West,39.0,115.37,Express
6853,2025-02-18,2025-02-25,2025-03-04,WH-D,Carrier-1,North,31.0,73.43,Critical
6854,2025-02-03,2025-02-09,2025-02-11,WH-D,Carrier-2,West,28.9,49.04,Express
6855,2024-02-20,2024-02-25,,WH-A,Carrier-1,South,26.3,130.64,Standard
6856,2024-09-13,2024-09-15,2024-09-20,WH-A,Carrier-2,East,76.1,163.75,Standard
6857,2025-08-20,2025-08-28,2025-08-30,WH-B,Carrier-2,North,16.0,98.47,Standard
6858,2024-08-05,2024-08-09,,WH-A,Carrier-2,North,26.0,46.38,Express
6859,2025-04-12,2025-04-19,2025-04-19,WH-D,Carrier-1,North,31.4,239.16,Express
6860,2024-02-17,2024-02-19,2024-02-17,WH-C,Carrier-3,South,19.4,104.48,Standard
6861,2026-03-22,2026-03-29,2026-03-30,WH-A,Carrier-2,South,61.2,84.89,Standard
6862,2024-04-23,2024-04-28,2024-05-04,WH-A,Carrier-3,West,60.8,82.49,Express
6863,2024-02-14,2024-02-18,2024-02-24,WH-B,Carrier-1,North,39.5,162.9,Express
6864,2026-06-13,2026-06-17,2026-06-25,WH-C,Carrier-1,North,45.1,169.04,Standard
6865,2024-11-26,2024-11-30,2024-12-07,WH-D,Carrier-1,West,54.7,8.81,Express
6866,2025-07-06,2025-07-13,2025-07-18,WH-B,Carrier-2,East,46.5,217.62,Critical
6867,2024-07-21,2024-07-27,2024-08-03,WH-C,Carrier-3,West,6.3,40.37,Express
6868,2026-05-31,2026-06-03,2026-06-05,WH-C,Carrier-1,West,5.9,191.09,Standard
6869,2025-12-12,2025-12-17,2025-12-17,WH-A,Carrier-2,West,21.3,94.5,Express
6870,2024-10-21,2024-10-23,2024-10-29,WH-D,Carrier-1,West,66.9,182.62,Standard
6871,2024-12-24,2024-12-27,2025-01-03,WH-D,Carrier-1,West,35.3,30.18,Critical
6872,2026-08-26,2026-08-31,2026-09-06,WH-B,Carrier-2,East,38.5,175.31,Critical
6873,2026-03-03,2026-03-05,2026-03-13,WH-A,Carrier-1,South,11.7,10.61,Standard
6874,2024-08-23,2024-08-25,2024-08-26,WH-C,Carrier-3,East,9.9,42.8,Standard
6875,2025-12-20,2025-12-28,2025-12-28,WH-D,Carrier-1,South,44.9,48.38,Express
6876,2025-09-24,2025-10-01,2025-10-06,WH-C,Carrier-1,West,48.8,104.57,Standard
6877,2024-12-23,2024-12-25,2024-12-25,WH-B,Carrier-1,West,51.6,67.44,Express
6878,2024-06-19,2024-06-27,2024-07-01,WH-B,Carrier-2,North,6.3,37.18,Critical
6879,2026-01-30,2026-02-04,2026-02-11,WH-B,Carrier-3,South,11.6,225.49,Critical
6880,2026-06-24,2026-06-30,2026-06-29,WH-D,Carrier-2,West,71.3,15.47,Standard
6881,2024-04-09,2024-04-12,2024-04-20,WH-D,Carrier-1,East,30.3,50.81,Critical
6882,2025-01-27,2025-01-29,2025-02-06,WH-C,Carrier-1,West,60.3,69.38,Express
6883,2025-04-10,2025-04-17,2025-04-20,WH-A,Carrier-1,West,12.0,98.87,Standard
6884,2024-01-17,2024-01-25,2024-01-26,WH-D,Carrier-3,West,19.1,226.1,Critical
6885,2024-11-25,2024-11-28,2024-12-04,WH-A,Carrier-2,East,22.3,22.98,Express
6886,2025-09-17,2025-09-19,2025-09-19,WH-A,Carrier-1,South,68.0,119.63,Express
6887,2025-12-08,2025-12-15,2025-12-20,WH-C,Carrier-1,West,27.4,136.39,Express
6888,2026-06-17,2026-06-19,2026-06-20,WH-A,Carrier-3,East,25.5,93.72,Critical
6889,2025-09-04,2025-09-07,2025-09-13,WH-A,Carrier-3,South,13.3,65.04,Critical
6890,2025-02-17,2025-02-25,2025-03-04,WH-A,Carrier-1,North,37.4,48.03,Critical
6891,2025-01-22,2025-01-30,2025-02-07,WH-B,Carrier-2,North,59.1,64.75,Express
6892,2025-06-21,2025-06-28,2025-07-04,WH-A,Carrier-3,West,47.2,195.55,Critical
6893,2025-07-21,2025-07-29,2025-08-05,WH-B,Carrier-3,East,45.1,169.01,Critical
6894,2026-02-10,2026-02-15,2026-02-15,WH-A,Carrier-1,East,42.7,234.68,Critical
6895,2025-09-01,2025-09-06,2025-09-06,WH-D,Carrier-2,East,72.2,66.13,Express
6896,2026-08-28,2026-09-05,2026-09-12,WH-A,Carrier-1,South,35.1,92.21,Express
6897,2024-09-18,2024-09-20,2024-09-23,WH-B,Carrier-1,West,11.7,139.62,Express
6898,2024-12-24,2024-12-26,2024-12-28,WH-A,Carrier-3,South,76.4,118.29,Critical
6899,2024-01-10,2024-01-17,2024-01-22,WH-C,Carrier-3,West,79.7,201.99,Standard
6900,2024-11-23,2024-11-27,2024-11-27,WH-A,Carrier-1,North,69.5,47.6,Express
6901,2025-10-07,2025-10-14,2025-10-13,WH-D,Carrier-3,West,79.8,139.62,Express
6902,2024-06-22,2024-06-30,2024-06-30,WH-C,Carrier-3,West,72.3,18.33,Standard
6903,2024-04-24,2024-04-29,2024-05-07,WH-C,Carrier-2,East,21.3,117.06,Express
6904,2026-07-20,2026-07-26,2026-07-28,WH-C,Carrier-3,East,55.9,154.37,Standard
6905,2025-12-07,2025-12-13,2025-12-20,WH-C,Carrier-3,East,35.7,152.34,Critical
6906,2024-05-17,2024-05-25,,WH-C,Carrier-1,South,2.2,169.07,Express
6907,2025-09-06,2025-09-08,,WH-C,Carrier-2,South,72.8,169.82,Standard
6908,2025-03-16,2025-03-24,2025-04-01,WH-C,Carrier-1,East,41.9,211.97,Express
6909,2025-05-14,2025-05-18,2025-05-20,WH-A,Carrier-1,East,14.5,27.74,Express
6910,2026-01-02,2026-01-10,2026-01-15,WH-C,Carrier-2,South,27.3,8.55,Express
6911,2026-03-09,2026-03-14,,WH-C,Carrier-3,South,71.1,172.16,Critical
6912,2026-04-24,2026-04-28,2026-04-27,WH-A,Carrier-3,South,60.5,135.61,Express
6913,2025-07-22,2025-07-26,2025-08-01,WH-B,Carrier-3,South,53.1,193.06,Standard
6914,2026-06-16,2026-06-18,2026-06-21,WH-D,Carrier-1,North,58.8,56.39,Standard
6915,2025-01-28,2025-01-30,2025-02-01,WH-A,Carrier-1,West,18.4,158.64,Critical
6916,2024-12-07,2024-12-10,2024-12-15,WH-A,Carrier-3,East,5.4,64.66,Express
6917,2025-12-10,2025-12-13,2025-12-13,WH-B,Carrier-2,South,11.7,141.0,Critical
6918,2024-08-01,2024-08-07,2024-08-06,WH-B,Carrier-1,West,75.0,212.66,Express
6919,2026-04-28,2026-05-03,2026-05-11,WH-A,Carrier-3,East,54.5,93.04,Standard
6920,2025-04-25,2025-05-01,2025-05-02,WH-C,Carrier-1,South,69.2,27.41,Critical
6921,2024-12-26,2024-12-31,2025-01-01,WH-A,Carrier-3,West,15.4,112.59,Critical
6922,2026-08-20,2026-08-26,2026-08-25,WH-D,Carrier-3,West,77.2,24.76,Critical
6923,2024-03-14,2024-03-21,2024-03-23,WH-A,Carrier-1,West,43.5,125.39,Standard
6924,2026-01-30,2026-02-07,2026-02-05,WH-A,Carrier-3,South,64.4,27.95,Standard
6925,2025-04-17,2025-04-22,,WH-C,Carrier-1,East,5.2,45.17,Express
6926,2025-07-06,2025-07-14,2025-07-19,WH-A,Carrier-3,East,33.5,181.19,Critical
6927,2024-02-10,2024-02-16,2024-02-19,WH-B,Carrier-1,North,25.5,135.51,Express
6928,2026-06-23,2026-07-01,2026-07-07,WH-B,Carrier-2,South,78.7,211.88,Express
6929,2025-04-12,2025-04-15,2025-04-16,WH-B,Carrier-3,West,8.6,78.56,Express
6930,2024-07-27,2024-07-29,2024-07-31,WH-C,Carrier-1,East,70.7,23.55,Express
6931,2025-05-06,2025-05-12,2025-05-20,WH-B,Carrier-3,South,79.2,182.57,Standard
6932,2024-10-28,2024-11-02,2024-11-03,WH-A,Carrier-1,North,34.1,30.67,Critical
6933,2024-10-27,2024-10-30,2024-10-31,WH-C,Carrier-1,North,7.3,173.64,Express
6934,2025-11-10,2025-11-12,2025-11-12,WH-A,Carrier-1,East,49.8,76.85,Critical
6935,2024-01-13,2024-01-15,2024-01-14,WH-A,Carrier-2,East,52.6,8.04,Express
6936,2024-05-23,2024-05-31,2024-06-06,WH-B,Carrier-3,West,30.6,37.32,Express
6937,2025-09-06,2025-09-08,2025-09-15,WH-C,Carrier-3,North,53.3,99.32,Critical
6938,2024-04-19,2024-04-26,2024-05-04,WH-B,Carrier-2,East,56.2,183.97,Critical
6939,2025-08-26,2025-09-01,2025-08-31,WH-A,Carrier-2,East,4.1,125.65,Standard
6940,2025-04-15,2025-04-20,2025-04-19,WH-D,Carrier-3,South,8.5,119.71,Critical
6941,2025-09-17,2025-09-22,2025-09-20,WH-D,Carrier-3,South,70.7,125.73,Express
6942,2024-06-21,2024-06-26,2024-07-02,WH-A,Carrier-3,North,12.4,39.34,Express
6943,2025-10-26,2025-10-31,2025-10-31,WH-C,Carrier-3,South,20.2,59.78,Express
6944,2024-04-08,2024-04-11,2024-04-13,WH-B,Carrier-3,East,18.3,116.34,Express
6945,2024-01-24,2024-01-31,2024-01-31,WH-B,Carrier-2,East,0.2,93.12,Critical
6946,2024-11-28,2024-12-06,2024-12-07,WH-A,Carrier-1,North,2.5,232.14,Standard
6947,2026-03-16,2026-03-18,2026-03-16,WH-D,Carrier-2,North,75.6,227.06,Standard
6948,2024-09-11,2024-09-13,2024-09-15,WH-D,Carrier-3,South,38.4,44.06,Express
6949,2024-01-02,2024-01-05,2024-01-04,WH-D,Carrier-2,East,73.2,128.63,Standard
6950,2025-09-08,2025-09-13,2025-09-21,WH-C,Carrier-1,East,12.8,103.96,Express
6951,2026-03-30,2026-04-05,2026-04-08,WH-B,Carrier-1,East,1.5,185.09,Critical
6952,2025-04-08,2025-04-11,,WH-C,Carrier-2,South,24.2,224.87,Express
6953,2024-11-06,2024-11-09,2024-11-17,WH-B,Carrier-1,East,5.6,89.99,Critical
6954,2024-04-02,2024-04-05,2024-04-13,WH-C,Carrier-2,South,60.0,70.61,Critical
6955,2025-01-04,2025-01-06,2025-01-07,WH-C,Carrier-2,East,2.8,27.19,Critical
6956,2024-10-13,2024-10-16,,WH-C,Carrier-1,North,6.5,66.61,Standard
6957,2025-09-21,2025-09-28,2025-09-29,WH-A,Carrier-3,North,78.6,54.34,Express
6958,2026-01-02,2026-01-10,2026-01-11,WH-C,Carrier-2,West,29.8,238.24,Standard
6959,2026-08-21,2026-08-25,2026-08-25,WH-C,Carrier-3,South,52.3,176.14,Critical
6960,2024-07-22,2024-07-25,2024-07-29,WH-B,Carrier-3,North,4.4,64.07,Express
6961,2026-07-26,2026-07-30,2026-07-31,WH-A,Carrier-1,South,42.5,208.39,Express
6962,2024-10-12,2024-10-17,2024-10-17,WH-B,Carrier-1,East,73.1,239.68,Standard
6963,2025-07-26,2025-07-29,2025-07-28,WH-A,Carrier-1,East,16.4,52.38,Standard
6964,2025-10-27,2025-10-30,2025-11-02,WH-C,Carrier-1,East,59.7,48.23,Standard
6965,2024-11-25,2024-11-29,2024-11-27,WH-C,Carrier-3,North,43.9,11.42,Express
6966,2024-01-23,2024-01-29,,WH-C,Carrier-1,North,59.1,17.44,Standard
6967,2026-06-04,2026-06-09,2026-06-17,WH-B,Carrier-3,North,41.2,99.19,Standard
6968,2026-07-05,2026-07-08,2026-07-09,WH-C,Carrier-2,West,8.2,136.21,Express
6969,2025-05-31,2025-06-07,2025-06-14,WH-D,Carrier-3,West,4.1,198.72,Critical
6970,2024-09-25,2024-09-30,2024-09-29,WH-A,Carrier-1,East,38.5,94.53,Critical
6971,2026-04-04,2026-04-11,2026-04-11,WH-B,Carrier-2,South,34.7,38.8,Critical
6972,2026-04-04,2026-04-09,2026-04-09,WH-B,Carrier-2,West,28.9,165.48,Express
6973,2025-08-14,2025-08-17,2025-08-16,WH-A,Carrier-3,East,61.1,169.91,Critical
6974,2025-09-01,2025-09-07,2025-09-14,WH-D,Carrier-3,East,65.0,193.65,Express
6975,2025-02-05,2025-02-11,2025-02-17,WH-B,Carrier-3,North,53.1,119.96,Express
6976,2026-04-13,2026-04-17,2026-04-20,WH-B,Carrier-2,West,77.9,47.57,Critical
6977,2024-01-13,2024-01-16,2024-01-18,WH-B,Carrier-3,East,55.7,160.01,Express
6978,2025-07-11,2025-07-19,2025-07-21,WH-A,Carrier-3,North,16.5,139.75,Express
6979,2024-03-12,2024-03-17,2024-03-25,WH-B,Carrier-1,South,70.1,9.93,Express
6980,2025-02-24,2025-02-28,2025-02-26,WH-D,Carrier-2,East,31.0,170.57,Critical
6981,2024-12-10,2024-12-16,2024-12-15,WH-C,Carrier-3,South,57.4,33.6,Critical
6982,2024-04-12,2024-04-14,2024-04-13,WH-B,Carrier-3,East,15.5,217.47,Critical
6983,2024-03-29,2024-04-02,,WH-B,Carrier-2,East,8.7,238.48,Critical
6984,2026-03-11,2026-03-15,2026-03-23,WH-C,Carrier-2,North,40.2,53.28,Standard
6985,2026-05-28,2026-06-05,2026-06-03,WH-D,Carrier-2,West,58.8,74.22,Critical
6986,2026-03-15,2026-03-22,2026-03-24,WH-B,Carrier-3,West,77.9,174.74,Standard
6987,2024-04-01,2024-04-04,2024-04-07,WH-B,Carrier-3,South,50.4,84.55,Critical
6988,2025-05-24,2025-05-29,2025-06-04,WH-D,Carrier-3,East,48.8,91.04,Express
6989,2024-11-27,2024-12-05,2024-12-13,WH-C,Carrier-2,East,0.8,190.23,Critical
6990,2024-05-09,2024-05-11,2024-05-12,WH-B,Carrier-3,West,24.8,109.38,Critical
6991,2026-02-22,2026-03-02,2026-03-06,WH-A,Carrier-2,West,32.2,25.23,Critical
6992,2024-05-04,2024-05-09,2024-05-10,WH-D,Carrier-1,South,48.3,90.79,Standard
6993,2025-06-18,2025-06-24,2025-07-02,WH-C,Carrier-2,North,68.7,153.77,Critical
6994,2024-01-01,2024-01-05,2024-01-13,WH-D,Carrier-3,West,51.7,180.26,Express
6995,2026-03-05,2026-03-08,2026-03-06,WH-C,Carrier-3,South,65.7,116.05,Express
6996,2025-07-23,2025-07-27,2025-07-28,WH-B,Carrier-1,North,34.2,51.53,Express
6997,2024-06-24,2024-07-02,2024-06-30,WH-A,Carrier-2,South,33.6,37.01,Express
6998,2024-04-16,2024-04-22,2024-04-22,WH-B,Carrier-3,East,28.5,91.22,Critical
6999,2026-04-15,2026-04-17,2026-04-25,WH-B,Carrier-1,East,65.5,225.11,Critical
7000,2024-10-04,2024-10-10,2024-10-08,WH-A,Carrier-1,South,32.5,25.67,Express
7001,2024-01-09,2024-01-11,,WH-C,Carrier-1,West,39.3,108.82,Standard
7002,2025-11-10,2025-11-12,2025-11-13,WH-A,Carrier-2,South,26.8,52.29,Standard
7003,2025-03-24,2025-03-28,2025-03-31,WH-C,Carrier-3,North,41.8,93.42,Critical
7004,2025-12-16,2025-12-20,2025-12-18,WH-C,Carrier-2,West,47.6,142.65,Express
7005,2026-03-15,2026-03-18,2026-03-25,WH-D,Carrier-1,South,40.8,238.47,Standard
7006,2024-04-09,2024-04-11,2024-04-09,WH-A,Carrier-2,North,40.9,45.63,Standard
7007,2024-03-09,2024-03-16,2024-03-21,WH-C,Carrier-3,North,42.3,15.93,Standard
7008,2025-02-15,2025-02-21,2025-02-24,WH-A,Carrier-1,South,44.2,24.09,Critical
7009,2025-10-29,2025-11-05,2025-11-08,WH-B,Carrier-2,South,50.9,123.79,Express
7010,2025-02-04,2025-02-07,2025-02-08,WH-B,Carrier-1,North,51.3,230.26,Critical
7011,2024-07-03,2024-07-11,2024-07-16,WH-B,Carrier-3,North,45.4,99.7,Critical
7012,2024-11-02,2024-11-08,,WH-C,Carrier-1,East,78.7,11.35,Standard
7013,2025-10-20,2025-10-28,2025-11-01,WH-A,Carrier-3,South,61.0,15.87,Critical
7014,2026-07-13,2026-07-19,2026-07-17,WH-C,Carrier-1,East,41.6,219.71,Standard
7015,2026-07-21,2026-07-26,2026-08-02,WH-C,Carrier-3,South,68.1,210.34,Critical
7016,2024-02-05,2024-02-07,2024-02-10,WH-D,Carrier-3,East,79.3,129.8,Standard
7017,2025-06-28,2025-07-06,2025-07-14,WH-D,Carrier-3,East,42.4,99.35,Standard
7018,2024-05-08,2024-05-13,2024-05-15,WH-A,Carrier-1,South,20.2,141.03,Standard
7019,2024-08-24,2024-09-01,2024-09-06,WH-C,Carrier-2,West,66.9,100.42,Critical
7020,2024-10-05,2024-10-10,2024-10-15,WH-D,Carrier-3,North,52.5,135.03,Critical
7021,2024-10-24,2024-10-26,2024-10-30,WH-B,Carrier-3,East,23.1,6.55,Standard
7022,2024-07-14,2024-07-18,2024-07-23,WH-D,Carrier-2,North,55.0,43.74,Standard
7023,2024-05-14,2024-05-17,2024-05-21,WH-A,Carrier-1,West,32.9,178.2,Critical
7024,2024-03-09,2024-03-13,2024-03-11,WH-A,Carrier-3,South,78.8,188.0,Standard
7025,2025-02-18,2025-02-24,2025-02-24,WH-D,Carrier-2,North,0.2,156.7,Express
7026,2026-08-01,2026-08-05,2026-08-12,WH-A,Carrier-3,East,68.9,215.14,Standard
7027,2026-02-13,2026-02-19,2026-02-17,WH-D,Carrier-2,West,41.3,38.07,Standard
7028,2024-10-21,2024-10-26,2024-10-26,WH-A,Carrier-2,East,46.4,152.24,Standard
7029,2025-05-06,2025-05-12,2025-05-18,WH-D,Carrier-3,South,68.9,232.76,Critical
7030,2024-01-29,2024-02-06,2024-02-14,WH-C,Carrier-3,East,39.1,7.47,Express
7031,2025-11-21,2025-11-23,2025-12-01,WH-C,Carrier-1,North,10.8,216.13,Standard
7032,2026-03-26,2026-04-03,2026-04-08,WH-A,Carrier-2,South,14.3,225.34,Express
7033,2024-09-04,2024-09-09,2024-09-10,WH-B,Carrier-2,North,36.7,156.56,Express
7034,2024-04-11,2024-04-19,2024-04-21,WH-B,Carrier-2,North,69.3,173.9,Critical
7035,2025-04-10,2025-04-14,2025-04-15,WH-B,Carrier-3,South,68.5,239.04,Critical
7036,2026-08-02,2026-08-06,2026-08-11,WH-B,Carrier-3,North,50.4,115.32,Standard
7037,2024-03-26,2024-04-02,2024-04-07,WH-A,Carrier-2,South,71.8,25.33,Standard
7038,2024-06-14,2024-06-16,2024-06-17,WH-A,Carrier-1,North,39.6,110.62,Standard
7039,2024-07-05,2024-07-10,2024-07-17,WH-B,Carrier-3,East,24.3,28.78,Standard
7040,2025-12-13,2025-12-18,2025-12-17,WH-B,Carrier-3,South,8.5,92.1,Critical
7041,2025-08-05,2025-08-11,2025-08-19,WH-C,Carrier-3,West,38.5,44.17,Express
7042,2025-10-23,2025-10-30,2025-10-29,WH-B,Carrier-2,North,45.4,37.92,Express
7043,2025-04-01,2025-04-08,2025-04-07,WH-A,Carrier-3,North,6.9,218.77,Standard
7044,2024-09-12,2024-09-19,2024-09-18,WH-D,Carrier-1,West,63.5,173.45,Critical
7045,2025-03-25,2025-03-27,2025-03-31,WH-C,Carrier-3,South,5.4,195.88,Standard
7046,2024-09-23,2024-09-29,2024-10-02,WH-D,Carrier-3,West,10.9,24.0,Standard
7047,2024-04-21,2024-04-28,,WH-D,Carrier-3,North,1.6,218.12,Standard
7048,2025-02-28,2025-03-02,2025-03-06,WH-A,Carrier-1,North,1.9,154.31,Critical
7049,2024-08-20,2024-08-28,2024-08-30,WH-C,Carrier-2,East,16.9,64.9,Standard
7050,2025-05-01,2025-05-04,2025-05-12,WH-B,Carrier-1,East,20.8,185.23,Critical
7051,2026-04-15,2026-04-22,2026-04-26,WH-C,Carrier-2,East,31.9,212.48,Critical
7052,2025-09-30,2025-10-06,2025-10-04,WH-A,Carrier-2,South,69.5,72.27,Standard
7053,2024-02-12,2024-02-15,2024-02-17,WH-B,Carrier-2,West,8.7,26.96,Critical
7054,2024-06-20,2024-06-25,2024-06-23,WH-B,Carrier-1,West,21.4,44.09,Standard
7055,2025-01-27,2025-02-02,2025-02-05,WH-B,Carrier-3,West,29.8,132.69,Critical
7056,2026-04-25,2026-05-01,2026-04-30,WH-D,Carrier-3,North,23.7,153.29,Standard
7057,2025-06-10,2025-06-18,2025-06-20,WH-D,Carrier-1,East,68.6,8.64,Critical
7058,2025-02-05,2025-02-07,2025-02-06,WH-A,Carrier-3,North,76.2,103.3,Express
7059,2024-04-05,2024-04-10,2024-04-17,WH-A,Carrier-2,North,62.8,133.89,Critical
7060,2026-06-12,2026-06-15,2026-06-16,WH-B,Carrier-1,North,38.4,34.07,Express
7061,2026-02-11,2026-02-15,2026-02-15,WH-B,Carrier-3,North,1.4,18.92,Express
7062,2026-01-29,2026-02-01,2026-02-04,WH-B,Carrier-1,East,24.8,156.65,Standard
7063,2024-06-27,2024-07-05,2024-07-04,WH-C,Carrier-1,East,78.4,210.79,Standard
7064,2026-03-12,2026-03-19,2026-03-21,WH-C,Carrier-1,South,68.9,237.96,Critical
7065,2026-01-30,2026-02-05,2026-02-04,WH-B,Carrier-2,East,2.3,76.4,Critical
7066,2026-02-10,2026-02-16,2026-02-18,WH-A,Carrier-3,South,59.1,98.25,Express
7067,2025-10-15,2025-10-22,2025-10-28,WH-D,Carrier-3,South,44.5,146.64,Standard
7068,2025-02-26,2025-03-03,,WH-A,Carrier-2,East,48.2,138.42,Critical
7069,2025-03-07,2025-03-14,2025-03-16,WH-D,Carrier-1,East,73.1,220.74,Standard
7070,2026-07-01,2026-07-07,2026-07-11,WH-A,Carrier-2,West,29.1,237.05,Express
7071,2024-09-02,2024-09-06,2024-09-08,WH-B,Carrier-2,West,20.2,190.32,Critical
7072,2024-03-26,2024-03-28,2024-04-01,WH-C,Carrier-3,East,33.6,116.14,Standard
7073,2024-08-28,2024-09-01,2024-09-04,WH-D,Carrier-3,South,42.2,202.14,Critical
7074,2025-10-16,2025-10-21,2025-10-26,WH-A,Carrier-2,West,66.4,135.16,Standard
7075,2025-09-03,2025-09-06,2025-09-06,WH-C,Carrier-1,East,61.5,40.94,Express
7076,2025-09-23,2025-09-29,2025-10-05,WH-D,Carrier-3,North,17.4,28.29,Express
7077,2025-07-20,2025-07-23,2025-07-27,WH-C,Carrier-1,West,0.8,134.32,Standard
7078,2025-06-16,2025-06-20,2025-06-19,WH-A,Carrier-2,South,52.3,187.53,Express
7079,2024-08-29,2024-08-31,2024-09-05,WH-B,Carrier-3,South,64.3,210.84,Express
7080,2024-09-21,2024-09-29,2024-10-06,WH-A,Carrier-1,North,22.1,91.38,Express
7081,2025-05-26,2025-05-29,2025-06-06,WH-C,Carrier-3,West,67.9,20.47,Standard
7082,2024-12-31,2025-01-05,2025-01-05,WH-D,Carrier-1,South,28.1,74.4,Standard
7083,2026-01-27,2026-01-31,2026-01-31,WH-C,Carrier-2,South,20.2,92.35,Critical
7084,2025-03-07,2025-03-14,2025-03-17,WH-C,Carrier-3,West,57.3,55.5,Standard
7085,2024-04-14,2024-04-19,2024-04-26,WH-D,Carrier-1,West,39.6,99.85,Critical
7086,2025-09-23,2025-09-27,,WH-D,Carrier-3,East,46.5,55.27,Critical
7087,2024-12-31,2025-01-06,2025-01-05,WH-B,Carrier-2,South,40.9,97.93,Standard
7088,2026-07-23,2026-07-26,2026-07-24,WH-C,Carrier-1,North,55.9,239.77,Standard
7089,2025-05-29,2025-06-02,2025-06-10,WH-D,Carrier-3,West,22.6,190.0,Express
7090,2025-07-01,2025-07-04,2025-07-02,WH-D,Carrier-1,West,60.2,219.55,Critical
7091,2025-03-01,2025-03-09,2025-03-13,WH-C,Carrier-2,West,78.5,30.44,Critical
7092,2024-12-19,2024-12-23,2024-12-28,WH-D,Carrier-2,North,38.7,225.79,Express
7093,2024-11-07,2024-11-15,2024-11-23,WH-C,Carrier-3,South,17.5,214.51,Express
7094,2025-08-21,2025-08-24,2025-08-28,WH-A,Carrier-1,East,72.5,133.22,Express
7095,2024-04-10,2024-04-15,,WH-B,Carrier-2,West,8.2,5.31,Critical
7096,2025-10-16,2025-10-19,2025-10-20,WH-C,Carrier-2,West,6.2,37.21,Standard
7097,2025-04-14,2025-04-19,,WH-C,Carrier-1,West,62.4,188.95,Critical
7098,2024-12-21,2024-12-26,2025-01-02,WH-D,Carrier-3,South,69.9,23.93,Critical
7099,2025-09-19,2025-09-25,2025-09-28,WH-C,Carrier-2,West,64.2,193.78,Critical
7100,2025-12-11,2025-12-19,2025-12-20,WH-B,Carrier-1,North,79.8,94.35,Critical
7101,2025-01-12,2025-01-18,2025-01-18,WH-C,Carrier-3,East,24.5,113.18,Standard
7102,2026-08-23,2026-08-26,2026-09-02,WH-C,Carrier-3,North,52.6,214.78,Critical
7103,2025-10-10,2025-10-12,2025-10-18,WH-C,Carrier-3,West,80.0,189.07,Critical
7104,2026-03-09,2026-03-14,,WH-A,Carrier-1,South,49.8,202.0,Express
7105,2024-08-19,2024-08-22,2024-08-26,WH-D,Carrier-3,North,18.4,185.38,Standard
7106,2024-10-15,2024-10-17,2024-10-19,WH-B,Carrier-2,South,9.8,227.73,Critical
7107,2024-01-25,2024-02-01,,WH-A,Carrier-2,North,76.3,65.65,Standard
7108,2024-12-24,2024-12-30,2025-01-07,WH-A,Carrier-2,South,23.0,34.7,Critical
7109,2024-04-16,2024-04-24,2024-04-29,WH-A,Carrier-3,North,14.1,63.13,Critical
7110,2025-05-01,2025-05-03,2025-05-08,WH-C,Carrier-3,South,68.0,119.91,Standard
7111,2026-08-22,2026-08-30,2026-09-04,WH-C,Carrier-2,South,58.1,125.03,Express
7112,2024-01-25,2024-01-31,2024-02-05,WH-D,Carrier-1,North,54.0,31.22,Standard
7113,2025-11-03,2025-11-10,2025-11-18,WH-D,Carrier-1,South,3.3,191.44,Critical
7114,2025-05-19,2025-05-25,2025-06-01,WH-D,Carrier-2,North,36.2,144.42,Critical
7115,2026-07-11,2026-07-14,2026-07-16,WH-C,Carrier-1,West,11.1,191.51,Critical
7116,2025-05-31,2025-06-04,2025-06-06,WH-B,Carrier-1,West,44.1,192.05,Express
7117,2024-10-18,2024-10-24,2024-10-25,WH-B,Carrier-1,East,12.7,56.36,Standard
7118,2025-02-23,2025-03-01,,WH-B,Carrier-2,West,77.6,45.21,Critical
7119,2025-01-19,2025-01-23,2025-01-31,WH-D,Carrier-2,South,36.9,230.34,Standard
7120,2025-08-28,2025-09-02,2025-09-04,WH-C,Carrier-1,North,11.9,184.67,Critical
7121,2026-08-12,2026-08-18,2026-08-19,WH-D,Carrier-1,South,71.0,101.37,Standard
7122,2026-07-14,2026-07-20,2026-07-24,WH-D,Carrier-2,East,46.8,228.64,Express
7123,2025-01-29,2025-02-05,2025-02-06,WH-A,Carrier-3,West,59.0,8.04,Express
7124,2025-10-23,2025-10-28,2025-10-29,WH-B,Carrier-1,North,40.1,165.3,Critical
7125,2025-01-10,2025-01-17,2025-01-21,WH-D,Carrier-3,South,7.0,232.07,Critical
7126,2024-09-06,2024-09-13,2024-09-20,WH-A,Carrier-1,South,74.0,105.5,Standard
7127,2024-11-23,2024-11-26,2024-11-24,WH-D,Carrier-3,West,14.1,4.11,Express
7128,2026-04-21,2026-04-23,2026-04-21,WH-A,Carrier-3,North,42.5,13.6,Express
7129,2024-04-17,2024-04-25,2024-05-02,WH-A,Carrier-3,South,3.8,26.13,Critical
7130,2025-04-23,2025-05-01,2025-05-03,WH-D,Carrier-1,East,11.5,4.87,Standard
7131,2025-04-24,2025-05-02,2025-05-08,WH-A,Carrier-2,East,16.1,173.84,Express
7132,2026-01-07,2026-01-15,2026-01-21,WH-C,Carrier-3,West,60.5,86.18,Critical
7133,2024-06-29,2024-07-01,2024-07-04,WH-C,Carrier-1,West,4.7,61.8,Standard
7134,2025-02-28,2025-03-08,2025-03-09,WH-A,Carrier-3,West,34.9,155.07,Express
7135,2026-04-23,2026-04-25,2026-05-01,WH-D,Carrier-2,North,30.3,28.14,Express
7136,2024-09-26,2024-10-03,2024-10-11,WH-B,Carrier-2,West,1.6,168.05,Express
7137,2024-06-23,2024-06-30,2024-07-05,WH-B,Carrier-1,North,49.3,115.58,Critical
7138,2025-08-03,2025-08-11,2025-08-12,WH-C,Carrier-2,South,26.3,127.82,Standard
7139,2024-05-24,2024-05-31,2024-06-07,WH-B,Carrier-1,North,29.7,232.99,Critical
7140,2025-01-30,2025-02-01,2025-01-31,WH-B,Carrier-1,West,0.5,170.55,Standard
7141,2024-07-26,2024-07-31,2024-08-08,WH-B,Carrier-1,North,55.0,153.5,Express
7142,2026-02-02,2026-02-06,2026-02-10,WH-A,Carrier-3,North,69.9,124.39,Express
7143,2026-01-28,2026-02-05,2026-02-08,WH-D,Carrier-2,East,33.6,100.0,Standard
7144,2024-08-04,2024-08-11,2024-08-10,WH-C,Carrier-1,East,69.4,206.75,Critical
7145,2024-08-18,2024-08-21,2024-08-28,WH-D,Carrier-1,North,45.0,179.36,Standard
7146,2025-09-13,2025-09-20,2025-09-21,WH-D,Carrier-2,North,64.4,211.09,Critical
7147,2025-10-16,2025-10-22,2025-10-30,WH-D,Carrier-1,West,62.1,143.0,Standard
7148,2026-02-13,2026-02-15,2026-02-18,WH-B,Carrier-1,East,59.9,164.1,Critical
7149,2024-07-21,2024-07-24,2024-07-28,WH-A,Carrier-1,East,79.0,163.2,Standard
7150,2025-07-03,2025-07-11,2025-07-13,WH-B,Carrier-2,East,67.3,78.2,Express
7151,2024-03-13,2024-03-15,2024-03-15,WH-D,Carrier-1,West,19.7,194.39,Express
7152,2026-04-13,2026-04-19,2026-04-18,WH-B,Carrier-3,South,26.7,186.4,Express
7153,2026-06-17,2026-06-22,2026-06-29,WH-D,Carrier-2,East,70.0,151.98,Standard
7154,2025-05-11,2025-05-14,2025-05-21,WH-C,Carrier-3,West,48.5,165.16,Critical
7155,2026-03-22,2026-03-29,2026-03-27,WH-C,Carrier-1,West,20.3,68.73,Critical
7156,2026-07-03,2026-07-07,2026-07-09,WH-C,Carrier-2,South,64.1,23.9,Express
7157,2025-12-11,2025-12-19,2025-12-19,WH-D,Carrier-3,South,43.3,157.13,Standard
7158,2025-10-02,2025-10-10,2025-10-12,WH-A,Carrier-1,West,43.8,90.85,Critical
7159,2024-02-02,2024-02-06,2024-02-10,WH-D,Carrier-2,South,26.7,222.3,Express
7160,2024-11-21,2024-11-24,2024-11-23,WH-D,Carrier-1,East,29.9,149.19,Standard
7161,2026-07-09,2026-07-15,2026-07-15,WH-C,Carrier-2,South,16.2,63.79,Standard
7162,2024-08-02,2024-08-10,2024-08-11,WH-B,Carrier-3,North,37.4,133.25,Critical
7163,2024-07-15,2024-07-18,2024-07-19,WH-A,Carrier-2,North,49.9,175.43,Standard
7164,2025-04-29,2025-05-02,2025-05-07,WH-C,Carrier-2,West,11.7,223.41,Critical
7165,2024-10-14,2024-10-18,2024-10-17,WH-A,Carrier-1,East,19.6,182.54,Express
7166,2026-06-28,2026-07-05,2026-07-08,WH-B,Carrier-1,West,31.0,37.76,Standard
7167,2025-08-01,2025-08-09,2025-08-09,WH-B,Carrier-3,South,49.8,90.15,Standard
7168,2025-03-20,2025-03-22,2025-03-26,WH-C,Carrier-3,East,61.8,100.28,Express
7169,2026-08-15,2026-08-19,2026-08-18,WH-B,Carrier-3,North,14.4,64.5,Critical
7170,2024-01-05,2024-01-11,2024-01-19,WH-A,Carrier-2,East,28.4,135.73,Express
7171,2025-11-28,2025-12-03,2025-12-08,WH-C,Carrier-2,South,5.7,222.02,Standard
7172,2025-11-30,2025-12-07,2025-12-13,WH-A,Carrier-3,South,6.8,101.3,Express
7173,2024-05-08,2024-05-16,2024-05-15,WH-A,Carrier-1,North,33.8,210.46,Standard
7174,2025-01-11,2025-01-16,2025-01-18,WH-D,Carrier-2,West,20.2,42.69,Standard
7175,2024-05-20,2024-05-27,2024-05-30,WH-C,Carrier-1,West,79.1,119.03,Critical
7176,2025-07-29,2025-08-06,2025-08-11,WH-B,Carrier-2,West,60.1,127.74,Standard
7177,2025-01-18,2025-01-25,2025-01-23,WH-D,Carrier-1,West,58.5,64.51,Express
7178,2025-08-02,2025-08-04,2025-08-05,WH-C,Carrier-2,West,27.6,69.06,Critical
7179,2025-09-13,2025-09-20,2025-09-26,WH-C,Carrier-3,South,11.4,58.1,Standard
7180,2026-05-24,2026-05-26,2026-05-27,WH-A,Carrier-1,North,8.9,67.76,Critical
7181,2024-06-26,2024-07-03,2024-07-05,WH-C,Carrier-2,North,2.6,206.95,Standard
7182,2026-08-14,2026-08-17,2026-08-24,WH-C,Carrier-1,West,58.2,47.81,Standard
7183,2026-04-13,2026-04-17,2026-04-21,WH-D,Carrier-1,North,73.1,152.27,Standard
7184,2025-08-01,2025-08-07,2025-08-06,WH-A,Carrier-2,East,6.0,66.15,Standard
7185,2024-06-02,2024-06-09,2024-06-10,WH-A,Carrier-3,West,76.8,148.18,Critical
7186,2025-11-17,2025-11-21,2025-11-28,WH-C,Carrier-2,East,68.0,63.24,Standard
7187,2024-07-09,2024-07-11,2024-07-13,WH-B,Carrier-3,South,79.9,175.53,Express
7188,2026-06-07,2026-06-14,,WH-A,Carrier-2,West,75.7,223.84,Critical
7189,2026-06-23,2026-06-30,2026-07-07,WH-B,Carrier-1,West,53.4,42.99,Express
7190,2026-06-03,2026-06-09,2026-06-12,WH-B,Carrier-1,West,66.3,121.03,Critical
7191,2024-09-23,2024-09-27,2024-09-28,WH-B,Carrier-2,West,25.8,92.73,Critical
7192,2025-03-30,2025-04-03,2025-04-08,WH-C,Carrier-1,East,32.0,219.4,Critical
7193,2025-04-08,2025-04-15,2025-04-17,WH-B,Carrier-1,South,20.9,184.27,Critical
7194,2026-07-18,2026-07-26,2026-07-29,WH-A,Carrier-2,West,58.2,27.65,Standard
7195,2025-08-27,2025-08-29,2025-08-28,WH-B,Carrier-2,West,69.4,115.46,Critical
7196,2024-11-07,2024-11-12,2024-11-14,WH-B,Carrier-1,North,26.4,164.3,Express
7197,2025-02-06,2025-02-14,2025-02-18,WH-C,Carrier-1,North,80.0,238.96,Critical
7198,2025-10-12,2025-10-15,2025-10-18,WH-A,Carrier-3,East,69.6,217.06,Standard
7199,2025-04-25,2025-05-02,2025-05-10,WH-C,Carrier-1,East,27.1,63.61,Express
7200,2026-03-06,2026-03-08,2026-03-14,WH-C,Carrier-3,South,50.3,15.85,Critical
7201,2025-01-29,2025-02-02,,WH-A,Carrier-1,North,67.5,151.16,Standard
7202,2025-10-24,2025-10-27,2025-10-27,WH-D,Carrier-3,East,42.4,130.05,Express
7203,2025-10-17,2025-10-24,2025-10-26,WH-B,Carrier-3,West,20.5,176.05,Express
7204,2024-01-24,2024-01-29,2024-02-01,WH-C,Carrier-3,East,74.4,219.37,Standard
7205,2024-07-01,2024-07-08,2024-07-09,WH-B,Carrier-3,South,78.0,203.16,Express
7206,2024-05-10,2024-05-13,2024-05-12,WH-C,Carrier-3,North,53.2,237.06,Critical
7207,2026-05-22,2026-05-28,2026-05-31,WH-A,Carrier-1,East,61.8,84.92,Standard
7208,2026-07-17,2026-07-19,2026-07-23,WH-D,Carrier-2,South,74.7,40.21,Standard
7209,2024-12-07,2024-12-12,,WH-A,Carrier-3,West,73.8,212.57,Express
7210,2024-12-11,2024-12-16,2024-12-23,WH-A,Carrier-2,East,2.7,181.06,Express
7211,2024-08-29,2024-09-05,2024-09-12,WH-B,Carrier-3,North,62.5,76.91,Express
7212,2025-02-16,2025-02-23,2025-03-01,WH-D,Carrier-3,South,25.6,157.61,Express
7213,2025-02-22,2025-02-26,2025-03-04,WH-C,Carrier-2,West,41.7,38.81,Critical
7214,2026-08-25,2026-09-01,2026-08-31,WH-B,Carrier-1,East,13.0,78.38,Express
7215,2026-04-24,2026-04-27,2026-05-02,WH-C,Carrier-3,North,76.0,42.59,Standard
7216,2024-06-15,2024-06-21,2024-06-25,WH-B,Carrier-2,West,47.9,167.44,Critical
7217,2024-12-26,2025-01-02,2025-01-09,WH-C,Carrier-2,North,63.9,48.98,Express
7218,2024-06-12,2024-06-15,2024-06-22,WH-D,Carrier-3,West,45.3,173.01,Standard
7219,2024-10-02,2024-10-04,2024-10-04,WH-B,Carrier-2,East,70.7,233.27,Critical
7220,2024-07-09,2024-07-15,,WH-D,Carrier-3,West,43.5,87.92,Express
7221,2026-07-05,2026-07-10,2026-07-17,WH-A,Carrier-2,West,40.5,208.84,Standard
7222,2024-08-31,2024-09-06,2024-09-12,WH-D,Carrier-1,East,24.4,128.4,Critical
7223,2024-08-03,2024-08-11,2024-08-18,WH-D,Carrier-2,North,54.2,130.46,Critical
7224,2024-07-01,2024-07-05,2024-07-08,WH-A,Carrier-1,East,24.9,221.01,Standard
7225,2024-07-22,2024-07-27,2024-07-31,WH-A,Carrier-3,East,7.8,39.05,Critical
7226,2024-03-22,2024-03-29,2024-04-06,WH-A,Carrier-2,East,37.1,186.26,Express
7227,2025-12-14,2025-12-16,,WH-D,Carrier-1,East,44.5,88.39,Critical
7228,2025-01-20,2025-01-26,2025-01-26,WH-B,Carrier-2,South,26.1,45.1,Critical
7229,2025-07-21,2025-07-23,2025-07-21,WH-B,Carrier-3,South,72.7,25.95,Standard
7230,2026-02-10,2026-02-12,2026-02-18,WH-A,Carrier-3,West,9.3,194.79,Express
7231,2024-09-15,2024-09-21,2024-09-19,WH-A,Carrier-1,North,66.4,181.33,Express
7232,2025-05-07,2025-05-11,2025-05-19,WH-A,Carrier-1,East,8.6,133.55,Critical
7233,2025-04-07,2025-04-12,2025-04-14,WH-B,Carrier-3,North,74.4,152.13,Critical
7234,2025-10-30,2025-11-03,2025-11-06,WH-B,Carrier-3,West,3.7,171.12,Express
7235,2025-09-28,2025-09-30,2025-10-02,WH-D,Carrier-3,North,40.6,80.07,Standard
7236,2024-01-24,2024-01-26,2024-01-26,WH-D,Carrier-1,West,61.1,193.84,Standard
7237,2024-11-15,2024-11-18,2024-11-21,WH-A,Carrier-3,West,43.1,43.51,Standard
7238,2026-04-07,2026-04-10,2026-04-11,WH-C,Carrier-3,South,33.2,6.71,Express
7239,2024-12-23,2024-12-29,2025-01-03,WH-B,Carrier-3,North,72.8,167.68,Express
7240,2026-04-13,2026-04-20,2026-04-18,WH-A,Carrier-2,North,43.5,13.51,Express
7241,2024-11-04,2024-11-09,2024-11-08,WH-B,Carrier-2,South,52.2,19.3,Critical
7242,2024-06-09,2024-06-16,2024-06-22,WH-C,Carrier-3,South,8.1,168.26,Standard
7243,2026-06-19,2026-06-24,2026-06-27,WH-B,Carrier-1,East,5.3,86.21,Critical
7244,2024-02-12,2024-02-20,2024-02-26,WH-D,Carrier-3,South,31.2,49.75,Critical
7245,2026-05-10,2026-05-14,2026-05-16,WH-A,Carrier-2,North,32.2,154.44,Standard
7246,2024-10-15,2024-10-21,2024-10-24,WH-C,Carrier-2,South,10.2,226.54,Critical
7247,2026-02-28,2026-03-03,2026-03-08,WH-A,Carrier-1,South,7.1,75.04,Standard
7248,2026-03-24,2026-04-01,2026-04-05,WH-A,Carrier-3,North,18.4,149.6,Express
7249,2025-09-04,2025-09-12,2025-09-18,WH-A,Carrier-1,South,16.5,127.44,Critical
7250,2025-08-27,2025-09-02,2025-09-07,WH-A,Carrier-3,South,67.5,39.82,Critical
7251,2026-07-29,2026-07-31,2026-08-01,WH-D,Carrier-2,West,7.1,195.53,Standard
7252,2025-02-13,2025-02-19,2025-02-18,WH-C,Carrier-3,South,24.5,39.29,Standard
7253,2024-12-13,2024-12-16,2024-12-19,WH-C,Carrier-2,North,9.4,84.64,Standard
7254,2026-05-14,2026-05-17,2026-05-21,WH-C,Carrier-2,North,2.4,234.25,Standard
7255,2025-12-19,2025-12-24,2025-12-24,WH-A,Carrier-2,East,62.9,75.63,Standard
7256,2025-03-02,2025-03-07,2025-03-11,WH-C,Carrier-3,West,13.4,190.67,Express
7257,2025-10-15,2025-10-23,2025-10-26,WH-C,Carrier-1,East,57.4,79.05,Critical
7258,2024-08-11,2024-08-19,2024-08-24,WH-C,Carrier-2,South,44.1,100.61,Express
7259,2026-06-20,2026-06-26,2026-07-03,WH-D,Carrier-3,North,56.8,76.02,Standard
7260,2024-10-14,2024-10-19,2024-10-25,WH-B,Carrier-1,North,34.3,75.46,Critical
7261,2026-01-12,2026-01-20,2026-01-27,WH-D,Carrier-2,East,54.1,43.53,Express
7262,2024-05-25,2024-06-02,2024-06-04,WH-D,Carrier-2,North,25.0,7.34,Critical
7263,2026-01-28,2026-01-31,2026-02-01,WH-D,Carrier-3,South,38.5,12.0,Standard
7264,2024-05-21,2024-05-24,,WH-D,Carrier-2,South,7.7,124.53,Express
7265,2025-12-03,2025-12-06,2025-12-05,WH-C,Carrier-1,South,53.6,38.67,Critical
7266,2026-05-01,2026-05-03,2026-05-11,WH-D,Carrier-2,East,14.3,104.9,Critical
7267,2024-04-25,2024-05-02,2024-05-06,WH-D,Carrier-3,South,19.8,217.42,Standard
7268,2026-06-24,2026-06-26,2026-06-27,WH-B,Carrier-1,West,67.7,161.29,Express
7269,2025-10-17,2025-10-25,2025-10-23,WH-D,Carrier-1,East,69.6,19.68,Critical
7270,2025-06-28,2025-07-06,2025-07-07,WH-C,Carrier-2,West,17.4,136.68,Standard
7271,2024-10-18,2024-10-21,2024-10-24,WH-A,Carrier-3,South,22.9,196.09,Express
7272,2026-08-19,2026-08-21,2026-08-23,WH-B,Carrier-1,West,28.7,16.06,Critical
7273,2025-12-10,2025-12-17,,WH-C,Carrier-2,East,30.1,172.33,Critical
7274,2026-02-28,2026-03-02,2026-02-28,WH-B,Carrier-3,West,36.3,55.64,Critical
7275,2025-06-02,2025-06-06,2025-06-13,WH-C,Carrier-1,East,48.7,103.94,Express
7276,2024-08-09,2024-08-12,2024-08-18,WH-D,Carrier-1,East,74.7,234.3,Express
7277,2024-01-28,2024-01-30,2024-02-01,WH-A,Carrier-2,North,16.6,133.75,Critical
7278,2025-05-28,2025-06-01,2025-05-31,WH-B,Carrier-3,South,73.2,62.59,Critical
7279,2024-09-01,2024-09-06,2024-09-07,WH-D,Carrier-3,West,26.4,30.55,Express
7280,2024-05-21,2024-05-28,2024-05-31,WH-A,Carrier-1,East,34.2,85.85,Standard
7281,2024-01-09,2024-01-11,2024-01-11,WH-D,Carrier-2,North,18.6,191.41,Express
7282,2025-03-09,2025-03-17,,WH-D,Carrier-2,South,51.8,219.82,Critical
7283,2024-10-11,2024-10-17,2024-10-19,WH-C,Carrier-2,West,47.7,161.38,Standard
7284,2024-10-25,2024-11-01,2024-11-02,WH-D,Carrier-1,South,34.8,95.16,Express
7285,2025-12-05,2025-12-12,2025-12-11,WH-D,Carrier-3,South,47.7,225.67,Express
7286,2026-05-22,2026-05-24,2026-05-28,WH-B,Carrier-1,South,27.3,73.44,Critical
7287,2024-12-08,2024-12-11,2024-12-12,WH-A,Carrier-2,South,24.9,148.62,Critical
7288,2024-10-04,2024-10-07,2024-10-14,WH-A,Carrier-1,East,49.4,157.21,Express
7289,2024-01-29,2024-02-04,2024-02-09,WH-C,Carrier-1,East,79.9,124.44,Express
7290,2026-01-18,2026-01-22,2026-01-29,WH-A,Carrier-2,North,28.6,129.1,Express
7291,2024-11-05,2024-11-10,2024-11-13,WH-D,Carrier-2,West,36.2,100.67,Critical
7292,2024-12-29,2025-01-04,,WH-B,Carrier-1,East,58.5,25.89,Standard
7293,2026-06-21,2026-06-27,2026-07-02,WH-D,Carrier-2,North,70.6,211.63,Express
7294,2024-11-06,2024-11-09,2024-11-11,WH-D,Carrier-2,North,43.5,186.24,Standard
7295,2025-10-14,2025-10-20,2025-10-27,WH-A,Carrier-1,East,46.1,227.33,Critical
7296,2024-09-05,2024-09-09,2024-09-12,WH-D,Carrier-2,South,40.9,176.23,Standard
7297,2026-04-29,2026-05-07,,WH-C,Carrier-1,North,27.8,17.59,Critical
7298,2025-01-25,2025-02-01,2025-02-02,WH-D,Carrier-1,West,15.1,148.88,Critical
7299,2024-03-02,2024-03-08,2024-03-11,WH-C,Carrier-3,North,16.0,176.04,Standard
7300,2024-03-10,2024-03-18,2024-03-18,WH-B,Carrier-2,East,10.9,31.15,Critical
7301,2025-06-16,2025-06-23,2025-06-27,WH-B,Carrier-2,East,23.0,96.33,Critical
7302,2024-03-14,2024-03-20,2024-03-19,WH-A,Carrier-1,South,13.4,195.4,Express
7303,2025-04-26,2025-04-30,2025-05-02,WH-C,Carrier-2,North,20.7,153.89,Critical
7304,2024-04-22,2024-04-27,2024-04-27,WH-D,Carrier-3,West,57.3,93.13,Standard
7305,2024-07-05,2024-07-09,2024-07-12,WH-D,Carrier-3,North,30.7,50.05,Critical
7306,2025-12-03,2025-12-05,2025-12-08,WH-C,Carrier-2,East,43.3,31.32,Express
7307,2026-02-01,2026-02-09,2026-02-09,WH-A,Carrier-3,North,70.1,89.24,Express
7308,2024-08-31,2024-09-04,2024-09-08,WH-B,Carrier-3,East,54.8,78.6,Critical
7309,2024-01-05,2024-01-12,2024-01-14,WH-D,Carrier-1,South,53.5,47.85,Standard
7310,2025-11-17,2025-11-21,2025-11-22,WH-A,Carrier-1,West,52.2,184.76,Critical
7311,2026-02-27,2026-03-03,2026-03-07,WH-D,Carrier-1,West,79.3,193.1,Express
7312,2024-07-10,2024-07-15,2024-07-14,WH-D,Carrier-3,West,23.9,239.08,Express
7313,2025-12-04,2025-12-11,2025-12-13,WH-D,Carrier-1,East,30.5,142.56,Standard
7314,2024-06-04,2024-06-10,,WH-B,Carrier-3,South,42.9,112.07,Critical
7315,2025-12-11,2025-12-13,2025-12-14,WH-A,Carrier-1,East,31.5,118.77,Standard
7316,2024-09-16,2024-09-24,2024-09-25,WH-C,Carrier-2,South,79.3,98.58,Express
7317,2025-10-01,2025-10-04,2025-10-12,WH-A,Carrier-3,East,36.6,8.67,Standard
7318,2026-07-19,2026-07-22,2026-07-20,WH-D,Carrier-3,West,5.0,238.91,Express
7319,2026-01-15,2026-01-20,,WH-D,Carrier-1,East,50.0,223.73,Critical
7320,2026-07-22,2026-07-24,2026-07-28,WH-D,Carrier-3,North,16.1,46.55,Express
7321,2026-03-18,2026-03-26,,WH-A,Carrier-1,West,60.0,189.42,Standard
7322,2026-06-03,2026-06-09,2026-06-14,WH-D,Carrier-3,North,47.8,147.96,Standard
7323,2024-08-28,2024-08-30,2024-08-30,WH-C,Carrier-3,South,47.9,63.5,Critical
7324,2024-10-06,2024-10-13,2024-10-14,WH-B,Carrier-1,West,18.7,235.68,Critical
7325,2025-10-17,2025-10-25,2025-10-27,WH-B,Carrier-2,North,4.8,136.37,Express
7326,2026-07-19,2026-07-24,2026-07-25,WH-D,Carrier-2,East,45.4,190.83,Critical
7327,2026-07-29,2026-08-03,2026-08-02,WH-A,Carrier-1,North,28.0,207.16,Critical
7328,2025-01-11,2025-01-19,2025-01-24,WH-A,Carrier-1,North,30.5,175.38,Critical
7329,2024-04-20,2024-04-22,2024-04-26,WH-B,Carrier-2,North,34.6,40.57,Critical
7330,2025-12-27,2025-12-29,2025-12-31,WH-B,Carrier-3,South,56.6,174.06,Critical
7331,2025-06-29,2025-07-01,,WH-A,Carrier-1,North,66.5,221.93,Standard
7332,2025-06-09,2025-06-15,2025-06-19,WH-A,Carrier-1,South,76.0,107.58,Express
7333,2025-01-26,2025-02-01,2025-02-08,WH-A,Carrier-1,East,19.9,54.11,Critical
7334,2026-02-10,2026-02-12,,WH-B,Carrier-3,East,13.7,15.21,Standard
7335,2024-10-01,2024-10-07,2024-10-15,WH-D,Carrier-1,North,72.8,227.36,Express
7336,2026-01-29,2026-01-31,,WH-D,Carrier-2,South,15.8,10.22,Standard
7337,2024-10-20,2024-10-28,2024-10-29,WH-A,Carrier-1,North,38.4,149.35,Express
7338,2025-09-12,2025-09-19,2025-09-27,WH-B,Carrier-1,North,74.9,29.94,Standard
7339,2024-10-03,2024-10-06,2024-10-04,WH-A,Carrier-3,West,77.9,233.17,Express
7340,2024-08-16,2024-08-20,2024-08-26,WH-A,Carrier-3,East,63.0,81.52,Standard
7341,2025-09-17,2025-09-23,2025-09-21,WH-C,Carrier-1,North,16.0,138.13,Express
7342,2025-03-22,2025-03-25,,WH-A,Carrier-2,North,56.7,105.69,Standard
7343,2024-05-21,2024-05-24,,WH-A,Carrier-2,North,55.3,126.76,Standard
7344,2026-05-19,2026-05-25,2026-06-01,WH-A,Carrier-3,North,8.2,204.5,Critical
7345,2024-12-19,2024-12-26,2024-12-24,WH-C,Carrier-1,East,39.7,209.36,Express
7346,2024-10-18,2024-10-20,,WH-C,Carrier-2,North,19.0,141.42,Standard
7347,2025-03-20,2025-03-22,2025-03-27,WH-D,Carrier-2,South,7.0,87.39,Critical
7348,2024-08-14,2024-08-19,2024-08-19,WH-A,Carrier-2,West,79.3,22.53,Critical
7349,2025-04-14,2025-04-21,,WH-D,Carrier-1,East,72.4,218.38,Standard
7350,2025-05-16,2025-05-24,2025-05-24,WH-B,Carrier-3,East,15.5,37.19,Standard
7351,2026-01-02,2026-01-06,2026-01-07,WH-D,Carrier-2,North,61.0,72.86,Critical
7352,2024-07-31,2024-08-06,2024-08-09,WH-A,Carrier-2,North,63.3,213.28,Critical
7353,2024-07-29,2024-08-06,2024-08-12,WH-C,Carrier-2,West,10.8,136.07,Express
7354,2026-08-16,2026-08-21,2026-08-28,WH-C,Carrier-2,West,56.7,57.1,Critical
7355,2025-03-18,2025-03-25,2025-03-27,WH-A,Carrier-3,South,11.8,165.85,Express
7356,2024-07-10,2024-07-18,2024-07-16,WH-B,Carrier-2,East,67.8,57.58,Critical
7357,2026-03-06,2026-03-10,2026-03-10,WH-B,Carrier-3,West,9.2,141.65,Express
7358,2025-09-12,2025-09-14,2025-09-12,WH-C,Carrier-1,East,4.3,16.07,Express
7359,2025-05-07,2025-05-13,2025-05-13,WH-A,Carrier-3,South,72.7,156.27,Express
7360,2025-02-23,2025-02-27,2025-03-06,WH-B,Carrier-3,South,21.6,27.83,Critical
7361,2024-05-29,2024-06-03,2024-06-09,WH-B,Carrier-1,North,16.4,229.82,Critical
7362,2025-11-21,2025-11-24,2025-11-26,WH-A,Carrier-2,West,45.7,206.96,Standard
7363,2024-07-20,2024-07-28,2024-07-30,WH-D,Carrier-1,East,44.2,205.75,Standard
7364,2026-05-13,2026-05-16,2026-05-24,WH-B,Carrier-2,South,14.7,199.22,Standard
7365,2024-10-26,2024-10-30,2024-11-06,WH-C,Carrier-3,West,31.8,53.33,Critical
7366,2026-02-17,2026-02-19,2026-02-26,WH-C,Carrier-2,South,38.1,209.19,Express
7367,2025-05-09,2025-05-14,2025-05-19,WH-B,Carrier-2,West,29.6,13.13,Standard
7368,2026-05-20,2026-05-23,2026-05-30,WH-D,Carrier-3,East,38.4,238.41,Express
7369,2025-12-10,2025-12-14,2025-12-13,WH-D,Carrier-1,South,1.1,166.04,Critical
7370,2025-04-24,2025-05-02,2025-05-07,WH-A,Carrier-1,North,57.9,234.76,Standard
7371,2026-03-15,2026-03-20,2026-03-28,WH-D,Carrier-3,East,59.3,138.68,Standard
7372,2025-11-23,2025-11-27,2025-11-25,WH-B,Carrier-1,North,23.3,53.35,Critical
7373,2025-07-19,2025-07-22,2025-07-25,WH-B,Carrier-1,East,39.0,51.82,Critical
7374,2025-07-04,2025-07-09,2025-07-11,WH-C,Carrier-2,West,53.7,174.24,Express
7375,2026-05-22,2026-05-30,2026-05-30,WH-A,Carrier-2,West,42.8,221.13,Express
7376,2026-07-25,2026-07-30,2026-08-03,WH-B,Carrier-3,East,59.4,85.89,Standard
7377,2025-03-15,2025-03-20,2025-03-27,WH-C,Carrier-1,South,79.3,236.94,Express
7378,2026-05-24,2026-05-26,2026-05-27,WH-A,Carrier-1,West,65.7,31.59,Critical
7379,2024-02-13,2024-02-17,2024-02-20,WH-D,Carrier-3,North,65.1,95.41,Critical
7380,2024-03-15,2024-03-23,2024-03-24,WH-D,Carrier-2,West,65.9,108.99,Standard
7381,2025-01-24,2025-01-27,,WH-C,Carrier-1,East,77.8,147.55,Critical
7382,2024-11-13,2024-11-15,2024-11-13,WH-A,Carrier-3,West,66.3,84.26,Critical
7383,2024-02-14,2024-02-19,2024-02-17,WH-A,Carrier-3,South,26.3,181.61,Standard
7384,2024-09-08,2024-09-10,2024-09-16,WH-D,Carrier-2,East,51.7,34.15,Express
7385,2025-09-10,2025-09-15,2025-09-23,WH-A,Carrier-3,East,2.8,51.0,Standard
7386,2024-01-28,2024-02-01,2024-01-30,WH-C,Carrier-3,West,50.0,218.79,Critical
7387,2026-06-14,2026-06-21,2026-06-26,WH-A,Carrier-2,South,9.7,236.41,Standard
7388,2025-08-22,2025-08-26,2025-08-25,WH-B,Carrier-2,North,64.7,106.2,Standard
7389,2024-12-06,2024-12-13,2024-12-21,WH-A,Carrier-1,North,43.3,99.68,Express
7390,2025-03-03,2025-03-05,2025-03-03,WH-D,Carrier-2,East,11.9,192.53,Express
7391,2025-11-08,2025-11-16,2025-11-24,WH-D,Carrier-1,North,1.5,62.61,Standard
7392,2026-02-11,2026-02-15,2026-02-18,WH-C,Carrier-3,West,77.6,85.96,Standard
7393,2025-09-01,2025-09-03,2025-09-04,WH-C,Carrier-3,West,24.3,78.69,Standard
7394,2025-07-19,2025-07-26,2025-08-03,WH-B,Carrier-2,South,65.7,217.33,Critical
7395,2026-01-14,2026-01-22,,WH-D,Carrier-2,East,8.5,96.29,Standard
7396,2025-01-22,2025-01-28,2025-01-29,WH-C,Carrier-1,West,19.3,127.59,Express
7397,2024-11-01,2024-11-06,2024-11-07,WH-B,Carrier-2,South,2.9,59.28,Critical
7398,2024-06-02,2024-06-09,2024-06-17,WH-C,Carrier-2,East,29.9,181.78,Critical
7399,2025-03-01,2025-03-06,2025-03-06,WH-C,Carrier-3,West,68.3,119.25,Express
7400,2024-01-21,2024-01-26,2024-01-27,WH-A,Carrier-3,East,75.9,186.56,Critical
7401,2024-02-11,2024-02-17,2024-02-20,WH-A,Carrier-3,East,36.2,15.17,Critical
7402,2024-11-10,2024-11-13,2024-11-20,WH-B,Carrier-2,North,42.3,135.58,Critical
7403,2024-07-16,2024-07-20,2024-07-20,WH-D,Carrier-1,South,46.5,165.82,Critical
7404,2024-02-08,2024-02-13,2024-02-18,WH-B,Carrier-2,North,66.2,150.05,Critical
7405,2026-05-02,2026-05-04,2026-05-10,WH-B,Carrier-2,North,41.0,114.72,Critical
7406,2026-02-11,2026-02-18,2026-02-20,WH-A,Carrier-3,West,51.4,37.9,Standard
7407,2026-03-01,2026-03-06,2026-03-10,WH-D,Carrier-2,East,29.4,227.53,Standard
7408,2024-01-27,2024-01-30,2024-02-05,WH-B,Carrier-3,East,72.2,67.58,Standard
7409,2024-09-07,2024-09-10,,WH-C,Carrier-1,South,76.4,10.52,Standard
7410,2025-09-11,2025-09-14,2025-09-17,WH-B,Carrier-2,North,51.2,229.25,Express
7411,2025-02-05,2025-02-09,2025-02-17,WH-D,Carrier-3,North,38.4,38.23,Express
7412,2024-03-27,2024-03-30,2024-04-01,WH-B,Carrier-2,North,28.0,46.67,Express
7413,2024-03-07,2024-03-09,2024-03-12,WH-D,Carrier-3,South,75.5,15.95,Critical
7414,2026-05-23,2026-05-27,2026-05-27,WH-D,Carrier-2,South,76.0,129.25,Express
7415,2026-07-03,2026-07-06,2026-07-09,WH-B,Carrier-3,South,8.9,40.68,Standard
7416,2024-01-17,2024-01-21,2024-01-26,WH-A,Carrier-2,South,10.6,31.79,Express
7417,2024-04-03,2024-04-11,2024-04-13,WH-C,Carrier-1,East,21.0,109.63,Critical
7418,2024-10-10,2024-10-16,2024-10-14,WH-A,Carrier-2,West,26.0,8.76,Critical
7419,2026-07-22,2026-07-30,2026-07-30,WH-D,Carrier-1,South,33.5,62.87,Standard
7420,2026-07-02,2026-07-06,2026-07-09,WH-D,Carrier-2,South,30.2,89.15,Standard
7421,2026-08-17,2026-08-22,2026-08-22,WH-A,Carrier-2,North,50.1,4.42,Critical
7422,2026-08-15,2026-08-18,,WH-D,Carrier-2,East,6.0,160.33,Express
7423,2026-01-14,2026-01-20,2026-01-21,WH-A,Carrier-2,West,75.9,179.56,Critical
7424,2024-02-28,2024-03-02,2024-03-01,WH-D,Carrier-3,North,23.6,115.87,Express
7425,2026-06-14,2026-06-18,2026-06-25,WH-B,Carrier-3,East,71.6,197.43,Express
7426,2025-01-17,2025-01-22,2025-01-30,WH-A,Carrier-3,West,7.6,145.39,Express
7427,2025-11-08,2025-11-12,2025-11-16,WH-D,Carrier-1,West,5.0,84.41,Standard
7428,2026-08-03,2026-08-10,2026-08-10,WH-B,Carrier-2,South,37.3,46.61,Critical
7429,2026-04-30,2026-05-05,2026-05-12,WH-B,Carrier-3,North,32.0,96.82,Standard
7430,2024-09-27,2024-10-03,2024-10-05,WH-D,Carrier-3,East,42.2,112.5,Express
7431,2026-07-02,2026-07-08,2026-07-14,WH-B,Carrier-1,West,6.0,16.63,Express
7432,2024-03-05,2024-03-11,2024-03-16,WH-C,Carrier-1,South,76.8,152.76,Critical
7433,2026-02-22,2026-02-26,2026-02-28,WH-C,Carrier-1,West,51.6,43.09,Critical
7434,2024-03-05,2024-03-09,2024-03-10,WH-A,Carrier-3,South,78.0,11.93,Standard
7435,2024-07-27,2024-07-30,2024-07-29,WH-A,Carrier-2,West,47.2,207.47,Express
7436,2025-09-22,2025-09-25,2025-09-29,WH-D,Carrier-2,South,73.4,65.3,Standard
7437,2026-05-23,2026-05-25,2026-05-25,WH-C,Carrier-1,East,2.6,46.88,Critical
7438,2024-02-08,2024-02-11,2024-02-16,WH-B,Carrier-3,East,13.1,148.87,Critical
7439,2024-07-11,2024-07-19,2024-07-25,WH-D,Carrier-2,East,61.7,233.33,Critical
7440,2025-12-11,2025-12-19,2025-12-26,WH-D,Carrier-3,North,31.7,131.56,Critical
7441,2026-08-20,2026-08-28,2026-08-31,WH-B,Carrier-2,East,32.3,19.04,Express
7442,2024-06-25,2024-06-27,2024-07-01,WH-B,Carrier-1,South,74.9,114.51,Express
7443,2025-10-30,2025-11-06,2025-11-07,WH-C,Carrier-1,South,71.8,105.42,Standard
7444,2024-05-16,2024-05-22,2024-05-24,WH-B,Carrier-1,South,19.7,26.68,Express
7445,2025-12-20,2025-12-22,2025-12-21,WH-B,Carrier-3,East,8.5,42.89,Standard
7446,2024-04-29,2024-05-05,2024-05-08,WH-A,Carrier-2,North,14.4,210.37,Express
7447,2026-03-17,2026-03-23,2026-03-23,WH-C,Carrier-2,West,72.1,22.24,Express
7448,2025-02-19,2025-02-23,2025-02-23,WH-B,Carrier-1,South,46.4,159.95,Express
7449,2025-08-09,2025-08-11,,WH-B,Carrier-1,West,59.4,205.96,Critical
7450,2024-06-04,2024-06-06,2024-06-09,WH-C,Carrier-3,North,23.8,236.06,Standard
7451,2025-01-11,2025-01-14,2025-01-20,WH-C,Carrier-3,West,15.6,65.14,Standard
7452,2025-09-03,2025-09-05,,WH-A,Carrier-3,North,77.5,36.27,Standard
7453,2024-04-29,2024-05-05,2024-05-09,WH-B,Carrier-2,South,29.3,106.39,Critical
7454,2025-06-18,2025-06-21,2025-06-29,WH-C,Carrier-2,South,74.9,168.21,Standard
7455,2025-04-29,2025-05-01,2025-05-03,WH-C,Carrier-3,North,66.2,138.42,Standard
7456,2025-11-02,2025-11-10,2025-11-08,WH-A,Carrier-1,West,78.0,144.55,Express
7457,2024-04-08,2024-04-14,2024-04-20,WH-B,Carrier-2,North,77.4,57.86,Critical
7458,2025-09-23,2025-09-30,2025-10-06,WH-A,Carrier-3,South,44.0,174.75,Standard
7459,2025-06-11,2025-06-18,2025-06-22,WH-A,Carrier-1,West,62.9,56.99,Critical
7460,2024-07-06,2024-07-09,2024-07-17,WH-B,Carrier-1,East,49.5,214.21,Express
7461,2026-06-19,2026-06-24,2026-07-01,WH-A,Carrier-3,East,2.0,108.33,Standard
7462,2024-02-07,2024-02-11,2024-02-12,WH-A,Carrier-1,East,39.5,123.45,Critical
7463,2026-05-30,2026-06-01,2026-06-09,WH-B,Carrier-2,East,45.5,67.86,Express
7464,2026-06-19,2026-06-23,2026-06-24,WH-B,Carrier-1,South,41.7,109.42,Standard
7465,2025-05-01,2025-05-07,2025-05-07,WH-D,Carrier-3,North,72.3,84.1,Standard
7466,2024-09-10,2024-09-13,2024-09-17,WH-C,Carrier-1,North,3.8,93.23,Critical
7467,2024-03-31,2024-04-04,2024-04-03,WH-D,Carrier-2,West,58.0,122.78,Standard
7468,2026-07-23,2026-07-28,2026-07-31,WH-C,Carrier-1,East,38.2,198.99,Standard
7469,2024-07-18,2024-07-22,2024-07-25,WH-D,Carrier-1,East,66.0,118.96,Express
7470,2024-04-26,2024-05-01,2024-05-01,WH-D,Carrier-3,West,77.6,142.47,Standard
7471,2026-01-31,2026-02-05,,WH-D,Carrier-2,West,52.1,99.13,Express
7472,2026-05-02,2026-05-05,2026-05-06,WH-B,Carrier-2,North,7.2,38.63,Standard
7473,2026-05-20,2026-05-22,2026-05-24,WH-C,Carrier-3,North,9.2,128.56,Critical
7474,2025-09-06,2025-09-11,2025-09-18,WH-B,Carrier-1,East,40.3,225.26,Critical
7475,2025-06-27,2025-07-04,2025-07-05,WH-D,Carrier-3,East,44.4,219.78,Critical
7476,2024-03-28,2024-04-02,2024-04-08,WH-A,Carrier-3,North,36.5,64.75,Standard
7477,2026-03-11,2026-03-18,2026-03-19,WH-D,Carrier-2,West,36.9,105.8,Express
7478,2025-01-19,2025-01-21,2025-01-24,WH-B,Carrier-1,East,60.2,36.99,Standard
7479,2025-11-20,2025-11-26,2025-12-01,WH-D,Carrier-2,East,34.2,105.29,Standard
7480,2025-12-08,2025-12-15,2025-12-22,WH-D,Carrier-3,North,57.8,177.62,Express
7481,2025-02-11,2025-02-13,2025-02-18,WH-B,Carrier-2,West,27.7,234.49,Standard
7482,2024-10-20,2024-10-25,2024-10-26,WH-C,Carrier-1,South,11.5,103.15,Critical
7483,2026-03-17,2026-03-24,2026-03-25,WH-B,Carrier-3,East,45.8,109.67,Express
7484,2024-03-13,2024-03-21,2024-03-19,WH-A,Carrier-2,North,26.3,135.51,Critical
7485,2025-07-18,2025-07-21,2025-07-22,WH-A,Carrier-1,West,10.1,134.94,Critical
7486,2024-12-29,2025-01-03,2025-01-09,WH-B,Carrier-2,East,79.3,68.17,Critical
7487,2024-01-18,2024-01-25,2024-02-01,WH-A,Carrier-2,East,75.9,79.08,Critical
7488,2024-01-04,2024-01-06,2024-01-13,WH-A,Carrier-1,West,41.5,75.62,Express
7489,2025-04-22,2025-04-25,2025-04-23,WH-B,Carrier-3,East,63.1,102.27,Critical
7490,2026-06-10,2026-06-15,2026-06-23,WH-D,Carrier-3,West,41.7,151.19,Critical
7491,2025-04-20,2025-04-27,2025-05-01,WH-A,Carrier-1,South,11.5,134.63,Critical
7492,2026-05-08,2026-05-16,2026-05-18,WH-D,Carrier-1,West,62.6,170.71,Critical
7493,2026-06-02,2026-06-07,2026-06-09,WH-C,Carrier-1,North,4.3,126.29,Express
7494,2025-10-08,2025-10-16,2025-10-22,WH-A,Carrier-2,East,44.7,29.14,Standard
7495,2025-11-07,2025-11-15,2025-11-19,WH-D,Carrier-2,South,22.1,179.59,Standard
7496,2024-09-14,2024-09-16,2024-09-22,WH-D,Carrier-1,North,12.6,103.06,Express
7497,2025-11-24,2025-11-29,2025-12-07,WH-A,Carrier-1,North,26.4,96.98,Express
7498,2025-02-27,2025-03-07,2025-03-05,WH-C,Carrier-1,South,28.1,71.57,Critical
7499,2024-12-27,2025-01-01,2025-01-03,WH-C,Carrier-3,West,4.3,114.89,Standard
7500,2024-09-26,2024-10-03,2024-10-08,WH-C,Carrier-2,South,42.0,172.97,Express
7501,2025-05-25,2025-05-29,2025-06-03,WH-A,Carrier-3,East,61.6,110.24,Critical
7502,2024-09-06,2024-09-10,2024-09-09,WH-A,Carrier-1,West,49.8,96.77,Critical
7503,2025-03-31,2025-04-02,,WH-D,Carrier-1,North,40.8,23.3,Critical
7504,2025-05-06,2025-05-14,2025-05-21,WH-A,Carrier-3,East,1.4,87.5,Express
7505,2025-02-07,2025-02-14,2025-02-20,WH-C,Carrier-1,North,37.8,221.28,Standard
7506,2024-02-03,2024-02-09,2024-02-13,WH-D,Carrier-3,East,57.7,20.61,Express
7507,2024-01-18,2024-01-24,2024-01-28,WH-D,Carrier-2,West,57.9,41.39,Express
7508,2026-01-15,2026-01-20,2026-01-27,WH-B,Carrier-1,West,12.1,95.89,Express
7509,2025-11-01,2025-11-07,2025-11-14,WH-B,Carrier-2,East,47.8,12.89,Standard
7510,2024-12-14,2024-12-17,2024-12-22,WH-B,Carrier-1,South,15.5,40.49,Express
7511,2025-06-07,2025-06-09,2025-06-14,WH-D,Carrier-1,North,35.3,53.13,Critical
7512,2025-08-29,2025-09-02,2025-09-07,WH-B,Carrier-2,North,52.2,53.59,Critical
7513,2025-05-11,2025-05-15,2025-05-13,WH-D,Carrier-3,North,55.6,163.85,Standard
7514,2024-01-18,2024-01-21,2024-01-23,WH-C,Carrier-1,West,36.0,94.72,Express
7515,2026-02-23,2026-02-26,2026-02-28,WH-D,Carrier-2,West,0.5,201.56,Standard
7516,2024-01-10,2024-01-12,2024-01-16,WH-C,Carrier-1,East,74.8,123.72,Express
7517,2025-05-04,2025-05-11,2025-05-13,WH-D,Carrier-3,South,49.9,218.32,Standard
7518,2026-03-13,2026-03-17,2026-03-22,WH-D,Carrier-2,South,6.6,180.53,Express
7519,2025-05-14,2025-05-17,,WH-B,Carrier-2,North,51.8,174.84,Critical
7520,2024-09-18,2024-09-21,2024-09-21,WH-A,Carrier-3,South,40.8,171.74,Standard
7521,2024-02-21,2024-02-26,2024-02-29,WH-B,Carrier-1,South,39.9,69.69,Express
7522,2026-08-21,2026-08-27,2026-08-26,WH-A,Carrier-1,West,49.5,48.59,Standard
7523,2026-06-03,2026-06-07,2026-06-09,WH-A,Carrier-3,North,18.5,36.6,Express
7524,2024-10-07,2024-10-11,2024-10-09,WH-D,Carrier-1,East,51.7,128.04,Express
7525,2026-05-12,2026-05-19,2026-05-23,WH-C,Carrier-3,North,71.2,50.95,Standard
7526,2024-06-01,2024-06-09,2024-06-12,WH-C,Carrier-2,East,40.3,42.05,Express
7527,2025-05-25,2025-05-28,2025-05-29,WH-A,Carrier-1,West,72.6,86.92,Standard
7528,2026-07-03,2026-07-11,2026-07-17,WH-D,Carrier-1,South,77.4,196.47,Critical
7529,2024-03-03,2024-03-09,2024-03-10,WH-C,Carrier-3,West,41.0,115.2,Critical
7530,2025-09-16,2025-09-19,2025-09-26,WH-A,Carrier-1,North,49.3,160.76,Standard
7531,2025-12-15,2025-12-19,2025-12-19,WH-D,Carrier-2,West,60.6,190.91,Critical
7532,2025-02-10,2025-02-17,2025-02-16,WH-C,Carrier-1,East,19.3,29.45,Critical
7533,2024-08-06,2024-08-12,2024-08-15,WH-A,Carrier-3,East,69.1,154.68,Critical
7534,2026-06-24,2026-07-02,2026-07-07,WH-C,Carrier-3,West,60.5,182.81,Critical
7535,2024-02-28,2024-03-01,2024-03-06,WH-B,Carrier-1,South,46.6,105.29,Standard
7536,2026-04-18,2026-04-26,2026-04-26,WH-B,Carrier-3,East,30.1,59.11,Express
7537,2026-05-08,2026-05-13,2026-05-14,WH-B,Carrier-2,West,39.1,229.59,Standard
7538,2024-01-28,2024-02-03,2024-02-10,WH-A,Carrier-2,West,33.3,128.63,Critical
7539,2024-06-01,2024-06-03,2024-06-08,WH-A,Carrier-1,East,13.4,109.75,Standard
7540,2025-05-08,2025-05-14,2025-05-12,WH-A,Carrier-2,West,67.5,119.29,Express
7541,2025-10-14,2025-10-21,2025-10-24,WH-B,Carrier-1,South,65.6,31.2,Standard
7542,2024-02-18,2024-02-22,2024-02-24,WH-C,Carrier-3,East,76.6,161.11,Standard
7543,2025-08-30,2025-09-01,2025-09-05,WH-B,Carrier-1,North,56.2,139.36,Standard
7544,2026-05-06,2026-05-08,2026-05-10,WH-B,Carrier-1,East,79.6,141.85,Express
7545,2024-04-23,2024-05-01,2024-04-29,WH-A,Carrier-2,West,23.2,229.41,Express
7546,2024-10-29,2024-11-01,2024-11-07,WH-B,Carrier-1,West,70.8,42.91,Express
7547,2026-01-08,2026-01-14,2026-01-20,WH-A,Carrier-3,South,67.4,82.45,Critical
7548,2026-06-22,2026-06-25,2026-06-23,WH-B,Carrier-2,North,22.9,101.38,Standard
7549,2026-02-12,2026-02-20,2026-02-22,WH-C,Carrier-3,West,67.7,74.32,Standard
7550,2026-02-22,2026-03-02,2026-03-10,WH-D,Carrier-3,West,68.5,225.01,Express
7551,2025-02-25,2025-03-02,2025-03-09,WH-A,Carrier-2,South,25.6,105.82,Express
7552,2026-02-13,2026-02-19,2026-02-25,WH-B,Carrier-1,South,26.9,117.17,Standard
7553,2025-12-03,2025-12-07,2025-12-05,WH-B,Carrier-1,North,39.5,53.72,Critical
7554,2025-10-15,2025-10-17,2025-10-19,WH-B,Carrier-2,East,77.8,224.41,Express
7555,2026-06-17,2026-06-20,2026-06-23,WH-A,Carrier-3,West,40.5,105.36,Standard
7556,2024-08-07,2024-08-12,2024-08-10,WH-D,Carrier-1,East,59.7,32.62,Express
7557,2026-01-20,2026-01-25,2026-01-29,WH-D,Carrier-2,West,67.5,61.74,Standard
7558,2024-02-18,2024-02-23,2024-02-25,WH-A,Carrier-1,East,69.7,120.69,Express
7559,2026-03-12,2026-03-19,2026-03-18,WH-C,Carrier-3,West,25.5,39.23,Critical
7560,2025-07-01,2025-07-07,2025-07-10,WH-C,Carrier-2,West,42.0,115.4,Critical
7561,2024-05-06,2024-05-10,2024-05-11,WH-D,Carrier-2,North,32.6,96.26,Express
7562,2026-03-20,2026-03-28,2026-03-28,WH-C,Carrier-2,North,75.6,14.25,Standard
7563,2024-07-13,2024-07-16,2024-07-15,WH-D,Carrier-2,West,56.6,153.51,Critical
7564,2025-05-12,2025-05-16,2025-05-17,WH-B,Carrier-1,South,52.6,154.5,Critical
7565,2025-02-18,2025-02-21,2025-02-26,WH-D,Carrier-3,South,10.6,200.8,Standard
7566,2026-02-26,2026-03-06,,WH-D,Carrier-1,East,35.3,55.68,Express
7567,2025-01-03,2025-01-09,2025-01-10,WH-D,Carrier-3,East,15.5,26.11,Critical
7568,2025-05-21,2025-05-29,2025-05-28,WH-B,Carrier-1,East,31.4,139.44,Express
7569,2026-06-25,2026-06-28,2026-06-30,WH-C,Carrier-1,West,75.8,108.0,Critical
7570,2025-06-27,2025-07-01,2025-07-06,WH-D,Carrier-1,East,30.7,53.75,Express
7571,2026-04-21,2026-04-25,2026-04-23,WH-D,Carrier-3,North,64.4,235.36,Standard
7572,2024-10-24,2024-10-27,2024-11-02,WH-A,Carrier-3,East,36.6,119.18,Express
7573,2024-03-26,2024-03-30,2024-04-07,WH-D,Carrier-3,South,59.5,175.43,Express
7574,2025-04-07,2025-04-13,2025-04-12,WH-D,Carrier-1,East,58.4,34.64,Express
7575,2024-08-03,2024-08-05,2024-08-08,WH-C,Carrier-1,South,19.3,130.42,Standard
7576,2025-09-01,2025-09-09,2025-09-14,WH-B,Carrier-1,East,62.2,207.39,Standard
7577,2024-05-22,2024-05-24,2024-05-26,WH-C,Carrier-3,South,48.2,63.99,Standard
7578,2026-03-22,2026-03-30,2026-03-29,WH-D,Carrier-2,South,61.3,10.15,Standard
7579,2025-06-26,2025-06-28,2025-06-29,WH-D,Carrier-2,North,70.9,225.34,Critical
7580,2024-10-23,2024-10-26,2024-10-25,WH-D,Carrier-1,East,12.3,15.87,Critical
7581,2024-07-31,2024-08-08,2024-08-13,WH-B,Carrier-1,North,64.4,90.29,Standard
7582,2024-06-29,2024-07-07,2024-07-13,WH-B,Carrier-1,West,41.5,195.98,Express
7583,2025-05-19,2025-05-22,2025-05-23,WH-C,Carrier-3,North,74.8,100.22,Express
7584,2025-02-05,2025-02-13,2025-02-12,WH-B,Carrier-2,West,73.8,56.86,Critical
7585,2026-07-13,2026-07-21,2026-07-29,WH-A,Carrier-3,North,54.0,81.77,Express
7586,2025-05-14,2025-05-17,2025-05-23,WH-A,Carrier-3,East,68.6,32.41,Standard
7587,2025-10-30,2025-11-06,2025-11-12,WH-D,Carrier-1,West,57.0,21.04,Critical
7588,2025-02-02,2025-02-09,2025-02-12,WH-A,Carrier-1,North,14.5,64.56,Critical
7589,2025-01-15,2025-01-23,2025-01-22,WH-C,Carrier-1,West,72.2,215.81,Standard
7590,2024-10-07,2024-10-15,2024-10-18,WH-C,Carrier-2,East,50.8,115.9,Express
7591,2026-01-11,2026-01-14,2026-01-14,WH-A,Carrier-3,South,43.8,194.66,Standard
7592,2026-02-21,2026-03-01,2026-02-28,WH-D,Carrier-1,West,60.7,158.39,Standard
7593,2024-12-16,2024-12-22,2024-12-23,WH-B,Carrier-2,North,56.6,54.02,Express
7594,2026-03-19,2026-03-22,2026-03-24,WH-D,Carrier-1,South,20.6,6.89,Express
7595,2025-06-03,2025-06-06,2025-06-07,WH-D,Carrier-3,East,25.0,201.15,Standard
7596,2026-01-30,2026-02-07,2026-02-08,WH-C,Carrier-1,West,33.8,89.64,Standard
7597,2026-08-05,2026-08-10,2026-08-16,WH-C,Carrier-2,East,7.6,56.84,Express
7598,2026-04-13,2026-04-16,2026-04-14,WH-A,Carrier-2,North,15.7,47.08,Critical
7599,2024-09-05,2024-09-08,2024-09-12,WH-C,Carrier-2,East,23.1,124.85,Critical
7600,2026-04-09,2026-04-11,2026-04-14,WH-A,Carrier-2,North,72.2,60.48,Critical
7601,2025-05-27,2025-05-30,2025-06-05,WH-B,Carrier-2,South,36.4,92.28,Critical
7602,2024-07-16,2024-07-22,2024-07-26,WH-A,Carrier-1,East,11.4,225.62,Express
7603,2024-04-22,2024-04-25,2024-04-27,WH-C,Carrier-1,North,48.5,21.04,Express
7604,2026-07-05,2026-07-10,2026-07-08,WH-B,Carrier-2,East,50.8,179.66,Standard
7605,2025-05-27,2025-05-31,2025-06-02,WH-D,Carrier-2,West,71.4,165.59,Critical
7606,2026-02-11,2026-02-15,2026-02-15,WH-A,Carrier-2,West,40.5,57.76,Critical
7607,2026-03-15,2026-03-17,2026-03-17,WH-D,Carrier-3,East,36.8,195.96,Critical
7608,2026-02-02,2026-02-04,2026-02-05,WH-B,Carrier-3,North,12.6,77.82,Standard
7609,2026-02-12,2026-02-15,2026-02-15,WH-C,Carrier-3,West,49.5,198.76,Standard
7610,2025-06-13,2025-06-17,2025-06-23,WH-A,Carrier-3,West,15.8,33.6,Standard
7611,2024-04-22,2024-04-24,2024-04-27,WH-A,Carrier-3,East,13.0,128.83,Critical
7612,2024-10-21,2024-10-25,2024-10-24,WH-A,Carrier-2,North,4.6,18.05,Express
7613,2026-03-21,2026-03-28,2026-03-29,WH-A,Carrier-2,South,12.0,127.39,Standard
7614,2025-06-03,2025-06-08,2025-06-15,WH-C,Carrier-1,North,45.1,20.38,Standard
7615,2025-08-13,2025-08-19,2025-08-20,WH-A,Carrier-2,West,63.8,178.18,Express
7616,2025-12-22,2025-12-28,2026-01-03,WH-A,Carrier-1,South,14.0,154.46,Standard
7617,2025-01-03,2025-01-11,2025-01-17,WH-C,Carrier-1,North,50.5,134.78,Standard
7618,2026-08-25,2026-08-28,2026-09-04,WH-B,Carrier-1,West,59.5,153.17,Express
7619,2026-07-31,2026-08-04,2026-08-11,WH-A,Carrier-2,South,68.5,204.36,Express
7620,2025-11-22,2025-11-28,2025-12-03,WH-B,Carrier-1,South,4.7,140.03,Critical
7621,2025-04-22,2025-04-28,2025-04-27,WH-D,Carrier-3,South,26.3,177.62,Express
7622,2025-12-05,2025-12-10,2025-12-13,WH-B,Carrier-3,East,64.3,195.12,Standard
7623,2024-06-04,2024-06-07,2024-06-12,WH-A,Carrier-2,South,19.0,110.3,Express
7624,2024-09-30,2024-10-07,2024-10-08,WH-B,Carrier-2,South,73.1,41.91,Express
7625,2024-01-16,2024-01-19,2024-01-21,WH-B,Carrier-1,West,32.7,175.82,Express
7626,2025-05-10,2025-05-15,2025-05-18,WH-C,Carrier-1,North,59.9,49.9,Critical
7627,2025-01-15,2025-01-20,2025-01-22,WH-D,Carrier-1,East,21.6,99.53,Express
7628,2026-05-25,2026-05-31,2026-05-29,WH-A,Carrier-2,North,2.3,59.85,Critical
7629,2025-11-02,2025-11-04,2025-11-09,WH-A,Carrier-1,West,4.3,173.66,Express
7630,2025-04-24,2025-04-28,2025-04-26,WH-B,Carrier-2,South,33.1,170.84,Critical
7631,2026-08-21,2026-08-25,2026-08-28,WH-C,Carrier-1,North,63.7,192.39,Express
7632,2026-01-19,2026-01-23,2026-01-31,WH-B,Carrier-3,South,20.1,195.85,Critical
7633,2025-12-08,2025-12-13,2025-12-18,WH-D,Carrier-1,South,53.6,39.14,Critical
7634,2024-12-27,2024-12-30,2025-01-06,WH-C,Carrier-3,East,50.0,96.48,Express
7635,2024-06-03,2024-06-05,,WH-C,Carrier-3,South,25.3,78.61,Standard
7636,2026-03-14,2026-03-21,2026-03-27,WH-A,Carrier-2,North,40.3,188.21,Critical
7637,2025-05-27,2025-05-30,2025-06-01,WH-A,Carrier-2,South,55.7,167.59,Express
7638,2026-06-10,2026-06-17,2026-06-18,WH-C,Carrier-1,South,34.1,217.5,Standard
7639,2024-08-30,2024-09-01,2024-09-09,WH-A,Carrier-1,South,28.1,124.9,Standard
7640,2026-03-07,2026-03-09,2026-03-10,WH-B,Carrier-2,North,79.4,38.72,Critical
7641,2025-07-02,2025-07-06,,WH-A,Carrier-3,West,27.3,17.94,Critical
7642,2024-06-16,2024-06-20,2024-06-26,WH-D,Carrier-1,West,72.9,135.03,Express
7643,2025-04-26,2025-05-04,2025-05-08,WH-C,Carrier-3,East,48.7,43.73,Express
7644,2025-07-12,2025-07-20,2025-07-22,WH-D,Carrier-1,West,79.8,194.54,Critical
7645,2025-08-03,2025-08-06,2025-08-04,WH-D,Carrier-3,East,47.7,39.09,Standard
7646,2024-12-24,2025-01-01,2025-01-03,WH-B,Carrier-3,South,8.5,36.17,Express
7647,2025-06-23,2025-07-01,2025-07-07,WH-D,Carrier-2,South,36.9,158.87,Critical
7648,2026-03-18,2026-03-20,2026-03-27,WH-B,Carrier-2,East,70.8,36.64,Standard
7649,2026-03-27,2026-03-30,2026-04-07,WH-C,Carrier-3,East,54.4,29.83,Critical
7650,2025-02-16,2025-02-24,2025-02-22,WH-B,Carrier-1,West,9.0,174.44,Express
7651,2026-06-06,2026-06-08,2026-06-12,WH-D,Carrier-2,East,18.7,125.84,Express
7652,2024-06-29,2024-07-02,2024-07-03,WH-C,Carrier-2,East,60.5,31.12,Critical
7653,2025-11-06,2025-11-10,2025-11-14,WH-A,Carrier-1,North,64.6,104.31,Critical
7654,2025-11-06,2025-11-13,2025-11-19,WH-D,Carrier-2,South,47.4,93.96,Standard
7655,2025-03-25,2025-03-27,2025-04-03,WH-B,Carrier-2,East,48.1,222.67,Standard
7656,2025-11-11,2025-11-18,2025-11-16,WH-B,Carrier-2,South,28.9,45.38,Critical
7657,2026-08-11,2026-08-14,2026-08-18,WH-C,Carrier-2,South,79.3,45.39,Express
7658,2026-05-13,2026-05-18,2026-05-22,WH-A,Carrier-1,East,41.8,31.03,Standard
7659,2025-03-12,2025-03-17,2025-03-21,WH-C,Carrier-2,West,28.5,117.43,Express
7660,2024-10-19,2024-10-27,2024-11-04,WH-C,Carrier-1,East,6.0,140.78,Express
7661,2026-01-21,2026-01-25,2026-01-26,WH-D,Carrier-2,West,73.2,96.12,Express
7662,2025-08-18,2025-08-26,2025-08-28,WH-D,Carrier-3,West,77.7,221.57,Express
7663,2025-10-19,2025-10-25,2025-11-01,WH-C,Carrier-3,West,30.7,152.31,Express
7664,2025-02-15,2025-02-19,2025-02-25,WH-C,Carrier-3,West,45.0,129.46,Standard
7665,2024-01-09,2024-01-14,2024-01-20,WH-C,Carrier-2,West,14.9,232.66,Standard
7666,2024-01-19,2024-01-23,,WH-A,Carrier-3,East,71.8,142.17,Critical
7667,2024-09-20,2024-09-24,2024-09-24,WH-A,Carrier-3,South,75.7,76.32,Standard
7668,2024-12-02,2024-12-05,2024-12-06,WH-D,Carrier-2,West,11.5,178.72,Critical
7669,2026-07-24,2026-07-26,2026-07-28,WH-B,Carrier-1,East,10.1,108.21,Standard
7670,2024-07-06,2024-07-09,2024-07-08,WH-C,Carrier-1,North,1.9,193.43,Standard
7671,2025-02-15,2025-02-17,2025-02-18,WH-D,Carrier-2,East,49.8,83.75,Standard
7672,2025-04-01,2025-04-06,,WH-D,Carrier-1,North,44.3,212.97,Express
7673,2026-02-25,2026-03-03,2026-03-08,WH-B,Carrier-1,South,55.9,195.51,Standard
7674,2025-09-23,2025-09-29,2025-10-04,WH-D,Carrier-3,West,79.4,177.45,Standard
7675,2024-03-28,2024-04-01,2024-04-06,WH-C,Carrier-1,South,70.5,40.56,Critical
7676,2025-06-20,2025-06-24,2025-06-22,WH-A,Carrier-2,West,9.4,16.38,Express
7677,2024-05-20,2024-05-26,2024-06-03,WH-A,Carrier-3,West,33.1,206.31,Critical
7678,2024-10-22,2024-10-26,2024-10-24,WH-D,Carrier-2,North,6.7,12.41,Critical
7679,2025-11-13,2025-11-15,2025-11-15,WH-B,Carrier-3,East,21.4,131.07,Express
7680,2026-03-05,2026-03-12,2026-03-20,WH-A,Carrier-2,South,59.7,98.68,Express
7681,2026-06-22,2026-06-27,2026-07-03,WH-A,Carrier-2,West,52.6,26.68,Critical
7682,2025-10-29,2025-11-05,2025-11-06,WH-D,Carrier-2,South,3.1,41.79,Critical
7683,2024-09-11,2024-09-13,2024-09-13,WH-B,Carrier-3,North,1.8,102.72,Critical
7684,2024-07-24,2024-07-31,2024-07-29,WH-A,Carrier-3,East,36.7,31.5,Express
7685,2026-02-18,2026-02-24,2026-03-01,WH-B,Carrier-1,West,56.3,48.86,Express
7686,2024-04-10,2024-04-17,2024-04-15,WH-D,Carrier-1,North,48.0,51.1,Express
7687,2024-05-09,2024-05-17,2024-05-20,WH-A,Carrier-1,South,2.8,34.94,Express
7688,2026-03-31,2026-04-05,2026-04-11,WH-B,Carrier-3,West,55.5,212.58,Standard
7689,2025-01-27,2025-02-01,,WH-B,Carrier-1,East,1.3,179.86,Critical
7690,2025-03-18,2025-03-23,2025-03-29,WH-D,Carrier-3,South,67.6,224.83,Express
7691,2026-05-23,2026-05-28,2026-06-05,WH-B,Carrier-1,South,37.7,222.9,Critical
7692,2025-08-31,2025-09-05,2025-09-11,WH-B,Carrier-2,North,17.5,98.1,Express
7693,2025-02-24,2025-03-01,2025-02-27,WH-C,Carrier-3,North,36.9,116.45,Express
7694,2026-01-05,2026-01-09,2026-01-16,WH-B,Carrier-3,West,48.1,30.61,Critical
7695,2026-05-17,2026-05-22,2026-05-25,WH-B,Carrier-1,West,10.7,27.82,Critical
7696,2026-05-13,2026-05-19,2026-05-22,WH-D,Carrier-3,East,71.9,171.22,Express
7697,2025-08-23,2025-08-30,2025-09-05,WH-B,Carrier-1,West,7.9,179.1,Express
7698,2024-02-25,2024-02-29,2024-03-03,WH-B,Carrier-3,North,54.1,40.47,Express
7699,2026-01-27,2026-02-01,2026-02-07,WH-C,Carrier-3,North,61.7,68.19,Express
7700,2025-01-24,2025-01-26,2025-01-28,WH-D,Carrier-2,South,24.6,70.37,Critical
7701,2024-10-02,2024-10-10,2024-10-13,WH-A,Carrier-2,East,52.9,205.09,Critical
7702,2024-04-16,2024-04-24,2024-04-24,WH-C,Carrier-1,East,49.6,9.77,Critical
7703,2024-06-28,2024-07-04,2024-07-12,WH-C,Carrier-1,South,52.1,14.53,Critical
7704,2025-07-02,2025-07-04,2025-07-02,WH-D,Carrier-1,South,77.7,136.07,Express
7705,2025-04-14,2025-04-19,2025-04-21,WH-A,Carrier-3,West,61.8,198.19,Express
7706,2026-01-27,2026-01-29,2026-02-05,WH-C,Carrier-2,North,22.4,184.4,Standard
7707,2024-03-03,2024-03-05,2024-03-12,WH-C,Carrier-3,South,70.6,116.2,Standard
7708,2025-09-03,2025-09-10,2025-09-09,WH-B,Carrier-2,West,23.6,38.81,Express
7709,2025-12-08,2025-12-16,2025-12-18,WH-A,Carrier-1,South,37.1,176.45,Standard
7710,2024-03-07,2024-03-11,2024-03-12,WH-A,Carrier-2,North,35.0,64.9,Critical
7711,2025-11-09,2025-11-15,2025-11-20,WH-D,Carrier-2,West,37.6,189.15,Critical
7712,2025-12-09,2025-12-16,2025-12-21,WH-C,Carrier-3,West,76.6,14.53,Express
7713,2025-05-25,2025-05-29,,WH-C,Carrier-3,East,20.9,135.56,Express
7714,2024-04-10,2024-04-13,2024-04-12,WH-D,Carrier-3,North,67.7,8.78,Express
7715,2026-03-22,2026-03-26,2026-03-27,WH-B,Carrier-3,South,43.5,93.44,Critical
7716,2025-12-07,2025-12-13,2025-12-12,WH-A,Carrier-3,West,59.0,75.92,Express
7717,2025-09-23,2025-09-26,2025-09-27,WH-C,Carrier-1,East,62.8,150.27,Express
7718,2024-01-31,2024-02-05,2024-02-13,WH-C,Carrier-2,West,57.4,203.12,Critical
7719,2025-06-08,2025-06-14,2025-06-20,WH-A,Carrier-2,North,55.4,232.29,Express
7720,2024-08-19,2024-08-22,2024-08-20,WH-C,Carrier-1,North,22.7,129.25,Express
7721,2025-04-16,2025-04-22,2025-04-29,WH-A,Carrier-1,North,66.0,78.35,Critical
7722,2024-11-24,2024-11-27,2024-12-01,WH-B,Carrier-2,North,32.0,196.07,Critical
7723,2024-12-25,2024-12-28,2024-12-29,WH-B,Carrier-2,North,57.2,24.14,Express
7724,2025-02-21,2025-02-23,2025-03-02,WH-A,Carrier-1,South,9.0,175.65,Express
7725,2024-12-18,2024-12-26,2025-01-01,WH-A,Carrier-1,North,39.4,22.36,Express
7726,2026-05-20,2026-05-22,2026-05-28,WH-A,Carrier-1,South,44.0,201.29,Critical
7727,2025-11-22,2025-11-29,2025-12-06,WH-B,Carrier-3,West,9.6,119.17,Critical
7728,2026-04-09,2026-04-17,2026-04-24,WH-D,Carrier-1,East,10.9,124.84,Critical
7729,2026-02-22,2026-03-01,2026-03-04,WH-C,Carrier-2,West,33.7,212.05,Critical
7730,2024-11-16,2024-11-21,2024-11-25,WH-A,Carrier-1,East,23.3,201.77,Critical
7731,2024-02-03,2024-02-06,,WH-B,Carrier-1,West,2.6,234.07,Standard
7732,2026-06-07,2026-06-10,2026-06-11,WH-D,Carrier-1,North,26.6,30.54,Critical
7733,2025-09-29,2025-10-07,2025-10-06,WH-D,Carrier-3,South,3.8,178.08,Standard
7734,2025-01-05,2025-01-13,2025-01-19,WH-D,Carrier-3,North,35.1,177.16,Express
7735,2025-04-25,2025-05-01,2025-05-09,WH-B,Carrier-1,East,62.5,88.23,Standard
7736,2026-04-26,2026-04-30,2026-04-28,WH-C,Carrier-1,North,3.9,4.86,Standard
7737,2025-03-27,2025-04-04,2025-04-04,WH-A,Carrier-2,East,4.9,157.1,Critical
7738,2024-08-19,2024-08-22,2024-08-21,WH-D,Carrier-2,West,20.9,78.45,Critical
7739,2024-04-08,2024-04-13,2024-04-12,WH-B,Carrier-1,North,48.8,53.39,Express
7740,2025-07-19,2025-07-24,2025-07-28,WH-D,Carrier-2,South,8.8,161.46,Express
7741,2025-05-23,2025-05-26,2025-05-28,WH-D,Carrier-1,North,69.5,150.81,Critical
7742,2024-12-10,2024-12-12,2024-12-20,WH-A,Carrier-1,North,65.0,109.44,Express
7743,2025-02-21,2025-02-27,,WH-A,Carrier-1,North,63.6,58.33,Critical
7744,2025-02-01,2025-02-07,2025-02-10,WH-A,Carrier-3,South,4.9,198.42,Express
7745,2024-06-29,2024-07-03,2024-07-11,WH-A,Carrier-3,South,60.5,197.3,Standard
7746,2026-06-06,2026-06-13,2026-06-18,WH-D,Carrier-1,West,46.6,145.36,Critical
7747,2026-01-27,2026-01-30,2026-02-07,WH-B,Carrier-3,West,56.9,180.91,Critical
7748,2025-12-09,2025-12-13,2025-12-12,WH-A,Carrier-3,West,59.3,9.77,Critical
7749,2024-06-15,2024-06-21,2024-06-24,WH-A,Carrier-2,East,67.4,21.9,Standard
7750,2025-03-20,2025-03-24,2025-03-29,WH-D,Carrier-1,West,55.4,108.51,Express
7751,2024-01-24,2024-01-29,2024-02-03,WH-B,Carrier-1,West,24.9,67.25,Critical
7752,2025-09-23,2025-09-28,2025-09-29,WH-A,Carrier-3,North,64.9,211.04,Express
7753,2024-02-16,2024-02-21,2024-02-29,WH-B,Carrier-3,West,18.7,9.69,Standard
7754,2024-08-23,2024-08-29,2024-09-06,WH-D,Carrier-3,West,66.1,154.02,Standard
7755,2024-02-18,2024-02-25,,WH-C,Carrier-3,South,70.2,55.75,Express
7756,2025-07-22,2025-07-25,2025-07-27,WH-A,Carrier-3,West,38.0,176.9,Critical
7757,2025-07-25,2025-07-27,2025-07-26,WH-A,Carrier-3,West,67.6,149.51,Standard
7758,2026-06-17,2026-06-19,2026-06-24,WH-B,Carrier-3,West,71.3,16.56,Express
7759,2025-04-29,2025-05-04,2025-05-09,WH-A,Carrier-2,South,6.4,53.31,Critical
7760,2024-05-13,2024-05-18,,WH-C,Carrier-2,East,76.3,212.82,Express
7761,2024-10-31,2024-11-04,2024-11-07,WH-A,Carrier-3,North,50.9,127.28,Critical
7762,2024-11-26,2024-12-02,2024-12-07,WH-B,Carrier-3,North,39.3,226.81,Express
7763,2025-03-14,2025-03-18,2025-03-16,WH-C,Carrier-1,East,20.4,69.92,Critical
7764,2026-02-04,2026-02-12,2026-02-10,WH-A,Carrier-2,South,28.8,123.19,Critical
7765,2025-02-12,2025-02-19,2025-02-21,WH-A,Carrier-2,East,78.4,134.15,Standard
7766,2026-04-13,2026-04-21,2026-04-26,WH-A,Carrier-3,East,29.6,188.05,Standard
7767,2026-04-11,2026-04-13,2026-04-20,WH-C,Carrier-3,North,30.4,53.54,Standard
7768,2025-06-19,2025-06-23,2025-06-29,WH-B,Carrier-3,East,79.9,191.24,Standard
7769,2024-12-18,2024-12-25,2024-12-24,WH-C,Carrier-1,West,27.1,163.23,Express
7770,2025-09-27,2025-10-03,2025-10-02,WH-B,Carrier-2,West,22.3,97.64,Critical
7771,2026-02-14,2026-02-20,2026-02-24,WH-D,Carrier-2,West,6.4,229.01,Critical
7772,2026-02-10,2026-02-14,2026-02-18,WH-B,Carrier-2,North,33.4,11.21,Express
7773,2026-05-05,2026-05-08,2026-05-14,WH-B,Carrier-2,West,38.7,118.11,Express
7774,2024-01-15,2024-01-23,2024-01-22,WH-C,Carrier-2,East,56.9,153.3,Express
7775,2025-01-23,2025-01-30,2025-01-28,WH-A,Carrier-2,East,62.5,24.39,Express
7776,2024-08-04,2024-08-09,2024-08-09,WH-A,Carrier-1,South,53.2,11.13,Express
7777,2026-01-26,2026-01-30,2026-01-30,WH-B,Carrier-1,West,72.8,210.1,Express
7778,2025-08-24,2025-08-26,2025-08-25,WH-C,Carrier-3,East,67.2,58.31,Standard
7779,2025-08-23,2025-08-29,2025-09-01,WH-C,Carrier-1,West,68.6,94.75,Express
7780,2024-08-02,2024-08-07,2024-08-06,WH-D,Carrier-3,North,38.4,47.6,Express
7781,2025-12-03,2025-12-10,2025-12-10,WH-A,Carrier-3,South,22.6,171.34,Standard
7782,2025-08-16,2025-08-22,2025-08-24,WH-B,Carrier-2,South,30.3,115.15,Express
7783,2026-03-28,2026-04-02,2026-04-03,WH-D,Carrier-1,East,8.4,14.87,Critical
7784,2024-06-25,2024-07-01,2024-06-29,WH-C,Carrier-1,South,70.9,126.11,Express
7785,2024-06-06,2024-06-10,2024-06-15,WH-C,Carrier-1,East,5.8,146.75,Express
7786,2025-07-28,2025-07-30,2025-07-31,WH-B,Carrier-2,East,11.5,219.61,Standard
7787,2026-07-31,2026-08-03,2026-08-07,WH-D,Carrier-3,West,10.2,41.24,Critical
7788,2024-08-12,2024-08-16,2024-08-20,WH-A,Carrier-1,West,36.8,10.02,Standard
7789,2024-02-27,2024-03-02,2024-03-02,WH-D,Carrier-2,East,67.4,199.67,Express
7790,2026-06-27,2026-06-30,2026-07-05,WH-B,Carrier-3,East,45.9,98.62,Express
7791,2024-04-13,2024-04-21,2024-04-26,WH-C,Carrier-1,West,42.4,154.8,Standard
7792,2024-02-18,2024-02-24,2024-02-24,WH-D,Carrier-2,North,74.9,196.76,Critical
7793,2026-07-28,2026-08-04,2026-08-09,WH-D,Carrier-3,East,9.9,225.85,Express
7794,2024-01-16,2024-01-18,2024-01-26,WH-A,Carrier-1,North,48.0,89.59,Express
7795,2026-07-22,2026-07-30,2026-08-01,WH-A,Carrier-3,East,2.3,9.87,Standard
7796,2024-09-24,2024-09-27,2024-10-01,WH-B,Carrier-1,West,77.0,198.42,Express
7797,2024-05-25,2024-06-01,2024-05-31,WH-C,Carrier-3,West,46.2,197.46,Standard
7798,2026-04-25,2026-05-02,2026-05-03,WH-C,Carrier-1,North,29.8,178.55,Standard
7799,2024-04-08,2024-04-11,2024-04-19,WH-B,Carrier-1,South,46.5,220.98,Express
7800,2025-01-12,2025-01-15,2025-01-22,WH-A,Carrier-2,East,79.5,21.07,Standard
7801,2025-07-25,2025-07-29,2025-07-30,WH-A,Carrier-1,North,22.7,116.39,Critical
7802,2024-07-17,2024-07-23,2024-07-26,WH-C,Carrier-2,North,26.6,122.44,Critical
7803,2024-07-02,2024-07-07,2024-07-11,WH-C,Carrier-3,East,78.2,176.02,Express
7804,2024-08-29,2024-09-05,2024-09-12,WH-D,Carrier-3,East,20.9,16.85,Express
7805,2025-06-11,2025-06-16,2025-06-23,WH-A,Carrier-3,West,50.0,75.4,Express
7806,2025-01-02,2025-01-05,2025-01-07,WH-B,Carrier-3,West,34.8,209.78,Express
7807,2025-01-13,2025-01-20,2025-01-27,WH-B,Carrier-3,East,68.4,93.82,Standard
7808,2024-10-09,2024-10-14,2024-10-19,WH-A,Carrier-2,South,59.3,24.95,Critical
7809,2024-12-19,2024-12-27,2025-01-03,WH-A,Carrier-3,West,53.0,112.62,Critical
7810,2026-02-18,2026-02-26,2026-03-05,WH-A,Carrier-1,South,79.6,134.07,Critical
7811,2025-05-17,2025-05-22,2025-05-26,WH-A,Carrier-2,North,74.3,121.47,Standard
7812,2024-07-05,2024-07-08,2024-07-12,WH-B,Carrier-1,North,52.2,151.76,Critical
7813,2024-06-04,2024-06-07,2024-06-15,WH-B,Carrier-3,South,70.6,32.52,Standard
7814,2026-03-03,2026-03-09,2026-03-15,WH-A,Carrier-1,East,1.8,100.32,Express
7815,2024-07-17,2024-07-25,2024-07-27,WH-B,Carrier-2,West,47.3,98.18,Express
7816,2024-01-29,2024-02-02,2024-02-01,WH-B,Carrier-3,North,78.1,60.65,Express
7817,2025-05-14,2025-05-21,2025-05-23,WH-D,Carrier-2,North,77.6,110.35,Standard
7818,2025-07-06,2025-07-14,2025-07-19,WH-A,Carrier-2,East,40.6,14.91,Critical
7819,2024-02-17,2024-02-23,2024-02-23,WH-D,Carrier-2,North,20.4,181.25,Critical
7820,2024-11-26,2024-12-02,2024-12-10,WH-D,Carrier-2,West,48.0,80.23,Critical
7821,2026-06-08,2026-06-13,2026-06-15,WH-D,Carrier-1,East,78.7,75.27,Standard
7822,2024-03-06,2024-03-13,2024-03-16,WH-B,Carrier-1,West,5.0,19.32,Critical
7823,2024-06-12,2024-06-19,2024-06-23,WH-B,Carrier-2,East,39.0,75.53,Express
7824,2024-12-22,2024-12-27,2025-01-04,WH-B,Carrier-2,South,34.6,63.4,Express
7825,2024-10-17,2024-10-21,,WH-D,Carrier-1,East,7.2,183.17,Standard
7826,2025-07-15,2025-07-18,2025-07-22,WH-C,Carrier-3,West,77.9,9.28,Express
7827,2026-04-07,2026-04-13,2026-04-13,WH-C,Carrier-1,South,6.4,8.52,Critical
7828,2026-02-14,2026-02-19,2026-02-18,WH-B,Carrier-3,West,41.1,123.97,Critical
7829,2025-01-21,2025-01-29,2025-01-29,WH-A,Carrier-1,North,4.1,60.08,Express
7830,2024-02-06,2024-02-12,2024-02-13,WH-C,Carrier-2,South,45.8,209.66,Express
7831,2025-05-10,2025-05-16,2025-05-15,WH-D,Carrier-1,East,76.6,172.61,Standard
7832,2026-03-01,2026-03-06,2026-03-10,WH-A,Carrier-3,North,1.7,120.54,Critical
7833,2024-11-24,2024-11-29,2024-12-02,WH-C,Carrier-3,North,3.2,59.24,Critical
7834,2025-12-27,2025-12-30,2025-12-31,WH-D,Carrier-1,West,48.9,69.43,Express
7835,2025-05-01,2025-05-08,2025-05-10,WH-C,Carrier-2,South,2.9,229.99,Critical
7836,2026-08-27,2026-08-30,2026-08-30,WH-B,Carrier-1,West,6.2,186.28,Standard
7837,2024-07-03,2024-07-08,2024-07-12,WH-D,Carrier-3,West,62.7,159.67,Critical
7838,2024-03-13,2024-03-15,,WH-C,Carrier-3,South,20.9,115.12,Critical
7839,2024-02-15,2024-02-21,2024-02-23,WH-D,Carrier-1,South,44.8,181.66,Critical
7840,2024-06-23,2024-06-26,2024-07-04,WH-D,Carrier-2,East,38.0,239.79,Standard
7841,2026-08-08,2026-08-10,2026-08-18,WH-A,Carrier-2,North,19.0,63.26,Standard
7842,2026-02-15,2026-02-21,2026-02-24,WH-A,Carrier-2,South,1.0,198.06,Express
7843,2024-01-13,2024-01-16,2024-01-18,WH-A,Carrier-3,West,31.7,65.71,Standard
7844,2026-03-15,2026-03-18,2026-03-25,WH-C,Carrier-2,West,69.3,174.57,Express
7845,2025-05-04,2025-05-08,2025-05-16,WH-D,Carrier-1,West,40.7,165.95,Critical
7846,2025-11-24,2025-12-01,2025-11-30,WH-B,Carrier-2,East,19.9,22.64,Express
7847,2024-11-11,2024-11-14,2024-11-14,WH-D,Carrier-1,North,19.7,55.96,Standard
7848,2025-12-08,2025-12-12,2025-12-15,WH-C,Carrier-1,West,62.1,186.06,Standard
7849,2025-06-13,2025-06-18,2025-06-18,WH-D,Carrier-2,North,27.8,206.99,Critical
7850,2024-08-06,2024-08-10,,WH-A,Carrier-2,East,45.9,194.57,Express
7851,2024-07-08,2024-07-14,2024-07-21,WH-D,Carrier-3,West,5.7,90.32,Express
7852,2025-09-28,2025-10-06,2025-10-10,WH-C,Carrier-1,East,36.9,230.23,Critical
7853,2025-01-02,2025-01-10,2025-01-11,WH-B,Carrier-2,South,5.9,232.58,Standard
7854,2025-10-19,2025-10-24,2025-10-27,WH-B,Carrier-2,East,40.0,55.11,Critical
7855,2024-05-25,2024-05-27,2024-05-27,WH-D,Carrier-2,East,42.4,193.57,Critical
7856,2026-07-17,2026-07-23,2026-07-28,WH-D,Carrier-3,South,18.0,191.98,Express
7857,2024-06-01,2024-06-03,2024-06-06,WH-C,Carrier-2,North,66.8,239.71,Critical
7858,2025-06-22,2025-06-26,2025-06-30,WH-C,Carrier-1,East,9.3,165.16,Critical
7859,2025-12-09,2025-12-11,2025-12-15,WH-C,Carrier-1,South,36.6,34.04,Standard
7860,2026-07-03,2026-07-05,2026-07-13,WH-B,Carrier-1,North,64.8,61.95,Standard
7861,2026-07-29,2026-08-02,2026-08-08,WH-B,Carrier-1,South,14.6,66.25,Critical
7862,2026-02-05,2026-02-09,2026-02-14,WH-A,Carrier-1,South,14.4,65.71,Critical
7863,2024-10-20,2024-10-22,2024-10-23,WH-D,Carrier-3,East,64.3,203.36,Critical
7864,2025-01-19,2025-01-27,,WH-A,Carrier-3,South,6.0,6.83,Express
7865,2025-01-14,2025-01-21,2025-01-19,WH-A,Carrier-1,North,79.6,4.35,Standard
7866,2024-02-18,2024-02-21,2024-02-29,WH-D,Carrier-2,West,71.4,210.89,Standard
7867,2025-03-13,2025-03-20,2025-03-18,WH-B,Carrier-2,North,64.2,51.27,Standard
7868,2024-10-18,2024-10-26,2024-11-01,WH-C,Carrier-3,North,32.4,218.05,Critical
7869,2025-01-18,2025-01-23,2025-01-22,WH-D,Carrier-1,North,51.0,198.72,Standard
7870,2025-04-05,2025-04-12,2025-04-16,WH-D,Carrier-1,South,11.1,25.48,Standard
7871,2024-10-11,2024-10-15,2024-10-21,WH-B,Carrier-3,South,77.9,196.55,Critical
7872,2026-02-26,2026-03-03,2026-03-07,WH-C,Carrier-2,East,44.2,172.61,Express
7873,2025-05-09,2025-05-16,2025-05-22,WH-B,Carrier-3,West,32.7,131.72,Critical
7874,2025-04-30,2025-05-03,2025-05-07,WH-C,Carrier-3,West,77.6,101.95,Standard
7875,2024-09-04,2024-09-10,2024-09-17,WH-D,Carrier-1,East,13.1,14.79,Critical
7876,2025-02-21,2025-02-27,,WH-A,Carrier-1,North,78.2,175.21,Critical
7877,2025-07-25,2025-07-29,2025-07-29,WH-C,Carrier-3,North,16.9,181.81,Standard
7878,2025-08-29,2025-09-01,2025-08-30,WH-A,Carrier-1,East,16.7,9.89,Critical
7879,2024-06-20,2024-06-28,2024-06-30,WH-B,Carrier-2,South,28.9,156.3,Standard
7880,2024-08-19,2024-08-24,2024-08-26,WH-D,Carrier-2,East,76.0,23.45,Standard
7881,2025-01-19,2025-01-26,2025-02-03,WH-D,Carrier-2,South,20.7,177.95,Standard
7882,2026-04-30,2026-05-04,2026-05-03,WH-A,Carrier-3,West,48.5,139.46,Critical
7883,2024-01-12,2024-01-17,,WH-A,Carrier-1,South,58.9,123.97,Critical
7884,2026-04-16,2026-04-21,,WH-B,Carrier-2,South,24.2,89.85,Standard
7885,2025-06-14,2025-06-19,2025-06-27,WH-A,Carrier-3,South,27.8,232.54,Standard
7886,2025-12-05,2025-12-11,2025-12-11,WH-B,Carrier-1,West,33.3,227.07,Express
7887,2024-01-13,2024-01-16,2024-01-20,WH-C,Carrier-1,East,38.6,200.29,Critical
7888,2026-04-22,2026-04-28,2026-05-01,WH-B,Carrier-2,South,13.0,236.14,Critical
7889,2026-05-31,2026-06-04,2026-06-06,WH-C,Carrier-1,West,24.2,85.94,Critical
7890,2026-02-14,2026-02-18,2026-02-21,WH-D,Carrier-1,North,27.5,126.27,Critical
7891,2024-10-17,2024-10-23,2024-10-25,WH-D,Carrier-2,West,59.0,120.87,Critical
7892,2025-06-12,2025-06-17,2025-06-16,WH-B,Carrier-1,East,25.6,20.94,Standard
7893,2024-08-11,2024-08-15,2024-08-20,WH-D,Carrier-3,North,11.3,44.41,Standard
7894,2025-01-09,2025-01-14,2025-01-16,WH-D,Carrier-1,East,61.1,43.14,Critical
7895,2026-04-07,2026-04-10,2026-04-14,WH-C,Carrier-3,West,76.2,78.52,Critical
7896,2024-02-04,2024-02-10,2024-02-11,WH-B,Carrier-1,West,43.2,169.68,Critical
7897,2025-08-29,2025-09-06,2025-09-06,WH-A,Carrier-3,East,74.6,21.37,Standard
7898,2026-06-10,2026-06-13,2026-06-15,WH-B,Carrier-2,West,34.1,71.68,Critical
7899,2026-04-24,2026-04-27,2026-04-28,WH-D,Carrier-1,East,77.4,165.74,Critical
7900,2024-09-26,2024-10-02,2024-10-03,WH-D,Carrier-3,East,38.5,28.43,Critical
7901,2026-01-03,2026-01-07,2026-01-15,WH-A,Carrier-1,West,37.0,179.87,Express
7902,2026-06-26,2026-06-29,2026-06-28,WH-C,Carrier-3,North,0.4,94.14,Standard
7903,2024-04-19,2024-04-25,,WH-C,Carrier-1,East,37.8,235.67,Express
7904,2026-01-31,2026-02-05,2026-02-03,WH-D,Carrier-3,North,59.9,185.37,Standard
7905,2024-06-12,2024-06-18,2024-06-23,WH-A,Carrier-1,East,0.7,65.21,Critical
7906,2026-07-22,2026-07-29,2026-08-02,WH-B,Carrier-2,West,74.2,165.61,Critical
7907,2025-09-10,2025-09-16,2025-09-16,WH-B,Carrier-2,West,50.3,69.8,Standard
7908,2026-07-04,2026-07-10,2026-07-17,WH-B,Carrier-2,East,67.9,49.81,Standard
7909,2025-11-18,2025-11-25,2025-11-29,WH-A,Carrier-2,North,69.7,95.84,Express
7910,2026-06-14,2026-06-18,,WH-A,Carrier-2,South,19.2,116.8,Express
7911,2024-06-22,2024-06-27,2024-07-04,WH-B,Carrier-2,South,73.6,33.74,Standard
7912,2025-10-14,2025-10-20,2025-10-20,WH-A,Carrier-3,West,74.2,109.51,Express
7913,2024-12-08,2024-12-13,2024-12-12,WH-D,Carrier-2,South,26.7,119.94,Express
7914,2026-01-07,2026-01-12,2026-01-16,WH-D,Carrier-3,South,2.4,10.35,Standard
7915,2025-08-04,2025-08-09,2025-08-10,WH-D,Carrier-1,North,1.4,123.1,Critical
7916,2024-07-15,2024-07-22,2024-07-28,WH-B,Carrier-1,North,5.4,18.47,Standard
7917,2025-06-05,2025-06-07,2025-06-05,WH-A,Carrier-2,West,7.6,187.07,Critical
7918,2025-03-17,2025-03-19,2025-03-26,WH-B,Carrier-2,North,71.3,45.6,Express
7919,2024-04-22,2024-04-25,2024-04-30,WH-A,Carrier-2,West,75.7,95.47,Critical
7920,2025-02-25,2025-03-04,2025-03-08,WH-D,Carrier-3,South,24.3,93.09,Standard
7921,2024-07-02,2024-07-09,2024-07-16,WH-B,Carrier-2,East,61.9,91.95,Standard
7922,2026-05-26,2026-06-03,2026-06-09,WH-A,Carrier-1,North,77.0,97.08,Critical
7923,2025-02-13,2025-02-18,2025-02-25,WH-A,Carrier-1,East,33.8,110.45,Express
7924,2025-04-11,2025-04-13,2025-04-16,WH-B,Carrier-1,East,6.0,207.02,Express
7925,2026-01-11,2026-01-13,,WH-C,Carrier-2,West,70.1,46.51,Express
7926,2025-08-21,2025-08-24,,WH-A,Carrier-1,North,67.0,99.38,Standard
7927,2026-07-21,2026-07-25,2026-07-23,WH-C,Carrier-3,East,50.5,25.58,Standard
7928,2025-06-14,2025-06-22,2025-06-25,WH-B,Carrier-2,North,54.2,131.39,Critical
7929,2026-05-03,2026-05-10,2026-05-16,WH-D,Carrier-2,West,40.6,29.2,Standard
7930,2025-01-11,2025-01-18,2025-01-24,WH-D,Carrier-1,West,41.0,212.38,Critical
7931,2024-12-14,2024-12-20,2024-12-24,WH-A,Carrier-2,North,52.9,197.37,Express
7932,2026-07-13,2026-07-17,2026-07-25,WH-B,Carrier-3,South,14.4,40.5,Critical
7933,2024-03-23,2024-03-28,2024-03-28,WH-C,Carrier-2,East,50.4,107.67,Critical
7934,2024-05-27,2024-06-04,2024-06-07,WH-B,Carrier-1,East,66.4,24.83,Express
7935,2026-07-08,2026-07-15,2026-07-17,WH-C,Carrier-2,West,32.6,39.54,Standard
7936,2026-06-02,2026-06-05,,WH-A,Carrier-2,West,47.5,112.42,Critical
7937,2024-04-15,2024-04-19,2024-04-22,WH-B,Carrier-3,South,35.7,69.13,Critical
7938,2025-12-20,2025-12-27,2025-12-28,WH-C,Carrier-3,North,1.7,192.98,Critical
7939,2024-11-14,2024-11-21,2024-11-29,WH-B,Carrier-3,West,35.3,163.98,Standard
7940,2024-11-21,2024-11-25,2024-11-30,WH-D,Carrier-1,South,46.9,198.85,Express
7941,2026-04-08,2026-04-14,,WH-C,Carrier-2,West,23.8,40.23,Critical
7942,2024-10-18,2024-10-20,2024-10-25,WH-C,Carrier-2,South,30.0,14.45,Express
7943,2025-11-23,2025-11-26,2025-11-27,WH-B,Carrier-1,South,66.8,163.38,Express
7944,2026-06-23,2026-06-29,2026-07-01,WH-D,Carrier-1,South,14.7,213.3,Standard
7945,2026-01-23,2026-01-31,2026-01-29,WH-D,Carrier-3,South,23.4,211.98,Express
7946,2025-12-20,2025-12-23,2025-12-22,WH-A,Carrier-2,North,57.6,14.47,Express
7947,2025-10-10,2025-10-13,2025-10-16,WH-C,Carrier-1,West,11.4,231.42,Standard
7948,2024-05-22,2024-05-30,2024-06-06,WH-B,Carrier-1,South,10.8,162.31,Express
7949,2024-08-24,2024-08-30,2024-08-31,WH-B,Carrier-2,West,44.0,171.03,Express
7950,2026-07-19,2026-07-23,2026-07-28,WH-D,Carrier-3,North,30.3,191.0,Express
7951,2024-09-17,2024-09-25,2024-09-23,WH-A,Carrier-1,North,59.6,191.43,Critical
7952,2025-12-17,2025-12-23,2025-12-29,WH-D,Carrier-2,South,28.7,119.27,Critical
7953,2025-09-01,2025-09-06,,WH-A,Carrier-3,North,12.5,155.61,Express
7954,2024-01-03,2024-01-09,2024-01-09,WH-B,Carrier-3,West,48.3,8.16,Critical
7955,2024-03-10,2024-03-18,2024-03-20,WH-C,Carrier-2,South,65.1,147.16,Standard
7956,2024-10-22,2024-10-30,2024-10-31,WH-B,Carrier-3,East,12.1,140.9,Standard
7957,2024-02-16,2024-02-24,,WH-C,Carrier-3,West,38.3,186.32,Critical
7958,2024-04-18,2024-04-25,2024-04-28,WH-B,Carrier-3,North,31.8,203.07,Critical
7959,2026-04-02,2026-04-10,2026-04-08,WH-C,Carrier-2,North,51.5,43.5,Critical
7960,2026-02-21,2026-02-23,2026-02-25,WH-D,Carrier-2,South,11.7,144.08,Standard
7961,2025-06-01,2025-06-09,2025-06-12,WH-B,Carrier-2,South,37.1,111.12,Critical
7962,2024-03-31,2024-04-08,,WH-A,Carrier-3,North,36.5,14.06,Critical
7963,2024-09-12,2024-09-19,2024-09-22,WH-D,Carrier-3,North,5.8,150.72,Critical
7964,2024-08-06,2024-08-09,2024-08-07,WH-D,Carrier-2,West,13.2,226.38,Standard
7965,2025-03-28,2025-04-04,2025-04-03,WH-C,Carrier-1,South,73.9,44.25,Express
7966,2024-11-11,2024-11-19,2024-11-27,WH-D,Carrier-1,South,69.5,105.37,Standard
7967,2025-11-07,2025-11-14,2025-11-13,WH-D,Carrier-3,South,9.6,26.42,Express
7968,2026-03-24,2026-04-01,,WH-B,Carrier-2,East,54.8,98.23,Critical
7969,2024-04-24,2024-04-26,2024-04-27,WH-B,Carrier-1,South,30.3,11.07,Express
7970,2024-05-24,2024-05-31,2024-06-05,WH-A,Carrier-3,West,3.7,152.41,Standard
7971,2024-07-07,2024-07-10,2024-07-18,WH-D,Carrier-1,West,24.1,75.43,Express
7972,2024-09-08,2024-09-13,2024-09-14,WH-B,Carrier-1,West,35.0,155.3,Critical
7973,2024-03-01,2024-03-08,2024-03-10,WH-A,Carrier-1,East,30.0,219.33,Express
7974,2026-03-20,2026-03-28,2026-04-03,WH-D,Carrier-1,West,31.8,13.72,Standard
7975,2024-03-10,2024-03-18,2024-03-16,WH-C,Carrier-1,West,35.4,231.79,Standard
7976,2024-11-25,2024-11-29,2024-12-01,WH-D,Carrier-1,North,21.7,73.5,Critical
7977,2024-07-23,2024-07-31,2024-07-30,WH-A,Carrier-3,North,50.1,178.11,Express
7978,2024-12-30,2025-01-02,2025-01-07,WH-C,Carrier-1,South,47.9,109.62,Critical
7979,2024-04-09,2024-04-12,2024-04-15,WH-D,Carrier-2,South,54.1,103.37,Express
7980,2024-05-10,2024-05-16,2024-05-22,WH-A,Carrier-3,East,65.2,183.53,Standard
7981,2025-02-11,2025-02-13,,WH-B,Carrier-3,West,5.5,85.58,Standard
7982,2024-09-08,2024-09-12,2024-09-17,WH-B,Carrier-2,North,70.0,56.25,Express
7983,2025-12-25,2025-12-29,2025-12-30,WH-B,Carrier-3,West,22.9,232.87,Express
7984,2024-01-16,2024-01-24,2024-01-23,WH-D,Carrier-1,West,58.3,226.39,Express
7985,2026-04-02,2026-04-09,2026-04-09,WH-D,Carrier-1,South,53.8,130.11,Express
7986,2025-02-07,2025-02-09,2025-02-09,WH-C,Carrier-2,West,36.8,47.56,Critical
7987,2026-04-10,2026-04-12,2026-04-15,WH-A,Carrier-3,North,35.2,114.45,Critical
7988,2024-07-13,2024-07-19,2024-07-22,WH-A,Carrier-3,North,67.0,180.23,Critical
7989,2024-05-25,2024-05-28,2024-05-27,WH-C,Carrier-1,East,28.8,128.27,Critical
7990,2026-02-07,2026-02-11,2026-02-19,WH-D,Carrier-1,East,67.0,60.63,Critical
7991,2026-06-12,2026-06-19,2026-06-20,WH-B,Carrier-3,North,58.7,63.34,Express
7992,2024-05-08,2024-05-12,2024-05-15,WH-C,Carrier-2,South,65.9,163.07,Critical
7993,2026-06-13,2026-06-20,2026-06-26,WH-D,Carrier-3,East,25.8,111.33,Critical
7994,2026-01-18,2026-01-24,,WH-D,Carrier-1,West,76.5,226.4,Critical
7995,2026-06-07,2026-06-14,2026-06-13,WH-A,Carrier-3,West,49.5,169.05,Standard
7996,2024-05-29,2024-06-03,2024-06-09,WH-B,Carrier-1,West,26.2,189.62,Standard
7997,2025-09-27,2025-10-01,2025-10-08,WH-B,Carrier-1,South,7.2,38.4,Standard
7998,2025-12-25,2025-12-27,2025-12-25,WH-B,Carrier-3,East,4.4,238.49,Standard
7999,2024-01-10,2024-01-16,2024-01-19,WH-C,Carrier-2,West,9.8,63.9,Critical
8000,2026-02-26,2026-03-06,2026-03-11,WH-C,Carrier-3,North,38.4,186.33,Express
8001,2026-07-19,2026-07-23,2026-07-29,WH-D,Carrier-3,South,23.2,60.04,Critical
8002,2024-11-15,2024-11-19,2024-11-21,WH-D,Carrier-2,East,54.6,226.0,Express
8003,2025-03-03,2025-03-05,,WH-D,Carrier-2,West,52.3,50.38,Critical
8004,2024-02-22,2024-02-28,2024-02-26,WH-C,Carrier-3,South,0.6,188.89,Standard
8005,2025-06-17,2025-06-23,2025-06-22,WH-D,Carrier-2,East,77.5,137.05,Critical
8006,2026-06-15,2026-06-19,2026-06-19,WH-B,Carrier-1,East,14.2,198.8,Critical
8007,2026-05-09,2026-05-11,2026-05-15,WH-A,Carrier-1,South,23.8,27.17,Critical
8008,2026-06-03,2026-06-07,2026-06-09,WH-C,Carrier-3,South,43.9,74.86,Express
8009,2026-04-16,2026-04-21,,WH-B,Carrier-3,West,18.7,155.59,Standard
8010,2026-06-13,2026-06-18,2026-06-23,WH-D,Carrier-3,East,20.3,9.72,Critical
8011,2024-05-12,2024-05-16,2024-05-16,WH-D,Carrier-3,North,35.4,92.38,Express
8012,2025-06-06,2025-06-12,2025-06-10,WH-C,Carrier-2,East,50.2,151.04,Standard
8013,2024-11-12,2024-11-16,2024-11-20,WH-B,Carrier-2,East,43.8,45.62,Express
8014,2026-07-08,2026-07-13,2026-07-15,WH-B,Carrier-2,East,20.5,78.01,Critical
8015,2026-06-12,2026-06-16,2026-06-21,WH-A,Carrier-3,West,63.1,38.12,Critical
8016,2025-10-28,2025-11-05,2025-11-09,WH-D,Carrier-1,West,29.0,31.84,Express
8017,2025-05-20,2025-05-24,2025-06-01,WH-B,Carrier-1,South,32.3,127.71,Standard
8018,2025-04-24,2025-04-27,2025-04-28,WH-C,Carrier-1,South,43.4,132.77,Standard
8019,2025-08-11,2025-08-15,2025-08-19,WH-C,Carrier-1,West,25.4,59.95,Express
8020,2025-09-26,2025-09-29,2025-10-01,WH-C,Carrier-3,East,29.8,122.75,Express
8021,2026-05-15,2026-05-20,2026-05-22,WH-D,Carrier-2,East,34.3,66.99,Critical
8022,2025-08-16,2025-08-19,2025-08-25,WH-C,Carrier-1,South,76.7,234.39,Express
8023,2025-01-18,2025-01-20,2025-01-18,WH-B,Carrier-1,West,26.2,95.11,Critical
8024,2026-02-22,2026-03-01,2026-02-27,WH-D,Carrier-2,West,8.3,95.66,Express
8025,2024-07-26,2024-08-03,2024-08-01,WH-D,Carrier-2,West,77.5,78.97,Standard
8026,2025-04-12,2025-04-15,2025-04-20,WH-A,Carrier-3,South,40.9,69.1,Standard
8027,2025-06-19,2025-06-22,2025-06-23,WH-D,Carrier-1,North,76.0,216.5,Express
8028,2024-03-23,2024-03-27,,WH-D,Carrier-3,West,74.5,49.34,Express
8029,2025-06-24,2025-07-01,2025-07-03,WH-D,Carrier-1,South,29.6,148.72,Standard
8030,2026-01-12,2026-01-16,2026-01-21,WH-B,Carrier-2,North,7.9,110.58,Critical
8031,2026-01-07,2026-01-13,2026-01-13,WH-D,Carrier-3,West,47.7,69.71,Express
8032,2025-07-15,2025-07-22,2025-07-23,WH-A,Carrier-2,West,3.4,17.52,Express
8033,2024-02-15,2024-02-21,2024-02-23,WH-A,Carrier-1,North,55.9,68.02,Express
8034,2025-04-30,2025-05-05,2025-05-05,WH-A,Carrier-1,South,21.1,132.56,Express
8035,2025-05-06,2025-05-14,2025-05-16,WH-B,Carrier-2,South,77.2,198.28,Critical
8036,2025-01-22,2025-01-24,2025-01-24,WH-B,Carrier-3,East,44.8,169.34,Critical
8037,2024-07-09,2024-07-15,2024-07-14,WH-A,Carrier-3,East,44.9,22.11,Standard
8038,2025-08-10,2025-08-18,2025-08-20,WH-D,Carrier-2,North,32.4,137.01,Critical
8039,2024-06-03,2024-06-10,2024-06-18,WH-B,Carrier-3,East,53.5,188.98,Standard
8040,2024-04-02,2024-04-09,2024-04-17,WH-A,Carrier-3,West,31.0,24.29,Standard
8041,2025-09-05,2025-09-12,2025-09-19,WH-D,Carrier-2,East,20.3,142.1,Express
8042,2024-07-22,2024-07-28,2024-07-26,WH-B,Carrier-3,South,30.0,57.97,Standard
8043,2025-01-03,2025-01-05,2025-01-10,WH-B,Carrier-3,North,67.9,104.94,Critical
8044,2026-04-10,2026-04-17,,WH-C,Carrier-1,West,52.5,175.59,Critical
8045,2026-05-23,2026-05-29,2026-06-04,WH-B,Carrier-3,North,12.6,214.75,Express
8046,2025-09-08,2025-09-16,2025-09-19,WH-D,Carrier-2,North,7.1,202.12,Express
8047,2025-09-07,2025-09-13,2025-09-12,WH-D,Carrier-2,East,69.6,219.34,Critical
8048,2026-04-17,2026-04-22,2026-04-25,WH-C,Carrier-1,East,9.3,23.47,Critical
8049,2026-01-17,2026-01-19,2026-01-18,WH-D,Carrier-2,South,28.4,214.95,Critical
8050,2025-08-30,2025-09-04,,WH-C,Carrier-1,South,67.1,34.71,Critical
8051,2025-08-08,2025-08-16,2025-08-21,WH-B,Carrier-3,South,18.1,45.4,Standard
8052,2024-12-31,2025-01-05,2025-01-09,WH-C,Carrier-1,North,77.7,62.11,Express
8053,2026-06-01,2026-06-07,2026-06-07,WH-A,Carrier-2,South,0.3,126.03,Standard
8054,2026-04-14,2026-04-20,2026-04-26,WH-C,Carrier-2,South,23.9,91.44,Critical
8055,2025-08-11,2025-08-17,2025-08-19,WH-B,Carrier-2,South,32.4,109.33,Critical
8056,2026-07-28,2026-08-02,,WH-C,Carrier-2,South,47.7,47.56,Standard
8057,2026-07-28,2026-08-02,2026-08-03,WH-C,Carrier-1,East,27.2,35.97,Standard
8058,2025-08-12,2025-08-17,2025-08-18,WH-B,Carrier-3,South,69.4,116.3,Critical
8059,2024-12-20,2024-12-23,2024-12-29,WH-A,Carrier-2,South,52.5,193.3,Express
8060,2024-05-31,2024-06-05,2024-06-05,WH-A,Carrier-3,South,19.1,215.56,Critical
8061,2024-02-03,2024-02-10,2024-02-13,WH-D,Carrier-2,East,65.5,102.77,Express
8062,2026-01-09,2026-01-15,2026-01-20,WH-C,Carrier-1,West,66.6,189.75,Standard
8063,2025-05-18,2025-05-23,2025-05-31,WH-C,Carrier-2,South,21.8,189.1,Critical
8064,2025-11-15,2025-11-17,2025-11-24,WH-C,Carrier-3,South,17.5,47.35,Express
8065,2024-12-02,2024-12-04,2024-12-10,WH-C,Carrier-2,South,20.8,23.2,Standard
8066,2025-01-18,2025-01-25,2025-02-02,WH-D,Carrier-3,West,4.0,51.09,Critical
8067,2025-01-16,2025-01-22,2025-01-28,WH-C,Carrier-1,North,42.3,221.37,Express
8068,2024-08-13,2024-08-21,2024-08-21,WH-B,Carrier-2,East,16.7,80.39,Critical
8069,2025-06-30,2025-07-05,2025-07-11,WH-B,Carrier-2,West,14.3,139.07,Critical
8070,2025-01-28,2025-01-31,,WH-B,Carrier-2,East,50.1,70.97,Express
8071,2025-11-29,2025-12-06,2025-12-09,WH-A,Carrier-3,East,45.2,148.27,Standard
8072,2025-06-11,2025-06-19,2025-06-17,WH-D,Carrier-1,West,9.7,113.08,Express
8073,2026-06-08,2026-06-13,2026-06-12,WH-C,Carrier-1,North,20.0,188.72,Critical
8074,2024-01-13,2024-01-16,2024-01-21,WH-D,Carrier-1,North,12.7,222.28,Critical
8075,2025-01-14,2025-01-20,2025-01-21,WH-C,Carrier-3,West,16.6,70.84,Standard
8076,2025-01-24,2025-02-01,2025-02-05,WH-C,Carrier-1,East,65.2,231.71,Standard
8077,2025-05-16,2025-05-21,2025-05-22,WH-C,Carrier-1,South,73.4,43.24,Standard
8078,2024-07-16,2024-07-18,2024-07-17,WH-C,Carrier-3,East,69.2,143.48,Standard
8079,2024-10-23,2024-10-28,2024-10-26,WH-B,Carrier-1,North,19.2,220.26,Express
8080,2025-06-06,2025-06-08,2025-06-06,WH-B,Carrier-2,South,50.2,118.57,Standard
8081,2024-08-16,2024-08-20,2024-08-18,WH-D,Carrier-2,North,44.1,185.82,Critical
8082,2025-09-26,2025-09-29,2025-09-30,WH-B,Carrier-3,South,28.6,197.06,Critical
8083,2024-06-04,2024-06-11,2024-06-16,WH-A,Carrier-2,East,54.1,38.06,Express
8084,2025-07-08,2025-07-10,2025-07-16,WH-C,Carrier-2,South,28.0,50.82,Standard
8085,2025-09-18,2025-09-22,2025-09-27,WH-B,Carrier-2,South,49.7,33.65,Standard
8086,2025-06-05,2025-06-09,2025-06-07,WH-C,Carrier-3,East,76.9,15.91,Standard
8087,2026-02-04,2026-02-07,2026-02-06,WH-A,Carrier-2,East,38.9,211.81,Standard
8088,2025-09-20,2025-09-22,,WH-D,Carrier-2,West,32.9,168.05,Express
8089,2024-09-13,2024-09-19,2024-09-24,WH-B,Carrier-2,East,59.3,22.89,Critical
8090,2025-03-14,2025-03-21,2025-03-28,WH-C,Carrier-2,East,44.4,177.92,Standard
8091,2024-03-12,2024-03-17,2024-03-15,WH-D,Carrier-3,West,60.6,160.84,Critical
8092,2025-05-07,2025-05-11,,WH-A,Carrier-1,West,45.6,94.27,Critical
8093,2025-05-29,2025-05-31,2025-05-30,WH-B,Carrier-3,East,25.5,174.33,Standard
8094,2025-07-13,2025-07-21,2025-07-24,WH-B,Carrier-3,South,5.5,236.89,Standard
8095,2025-11-12,2025-11-16,2025-11-16,WH-C,Carrier-3,West,68.2,127.8,Express
8096,2026-04-07,2026-04-10,2026-04-13,WH-B,Carrier-2,West,18.7,134.15,Critical
8097,2025-03-31,2025-04-02,2025-04-05,WH-C,Carrier-1,North,72.6,162.85,Express
8098,2025-09-06,2025-09-08,2025-09-13,WH-B,Carrier-3,West,62.5,171.42,Critical
8099,2026-07-11,2026-07-16,2026-07-17,WH-B,Carrier-2,East,14.8,181.52,Express
8100,2026-06-25,2026-06-27,2026-07-04,WH-D,Carrier-2,North,4.7,177.59,Standard
8101,2025-11-17,2025-11-25,2025-12-03,WH-A,Carrier-2,East,57.1,156.17,Critical
8102,2025-08-08,2025-08-15,2025-08-20,WH-D,Carrier-1,North,18.4,68.63,Standard
8103,2025-06-26,2025-07-02,2025-07-07,WH-B,Carrier-1,North,52.8,239.86,Express
8104,2025-11-06,2025-11-13,2025-11-20,WH-A,Carrier-2,East,15.2,162.6,Standard
8105,2025-12-13,2025-12-18,,WH-B,Carrier-1,East,6.4,119.23,Standard
8106,2024-04-23,2024-04-26,2024-05-01,WH-B,Carrier-1,West,5.3,168.46,Critical
8107,2025-09-10,2025-09-15,2025-09-13,WH-D,Carrier-2,South,59.8,149.82,Critical
8108,2024-12-25,2024-12-29,2025-01-02,WH-D,Carrier-2,South,56.4,94.31,Critical
8109,2025-06-19,2025-06-24,2025-07-01,WH-B,Carrier-3,East,42.4,142.73,Standard
8110,2025-01-12,2025-01-19,2025-01-23,WH-C,Carrier-1,South,68.4,11.12,Express
8111,2025-11-29,2025-12-03,2025-12-11,WH-B,Carrier-1,North,61.6,50.57,Critical
8112,2025-06-04,2025-06-06,2025-06-06,WH-B,Carrier-2,East,64.2,89.97,Express
8113,2026-04-01,2026-04-06,2026-04-07,WH-B,Carrier-3,West,70.0,70.63,Critical
8114,2025-01-22,2025-01-29,2025-02-01,WH-A,Carrier-2,East,74.2,149.58,Critical
8115,2024-01-12,2024-01-19,2024-01-22,WH-D,Carrier-1,East,12.3,135.95,Express
8116,2026-06-28,2026-07-05,2026-07-04,WH-B,Carrier-3,East,36.8,28.28,Express
8117,2024-11-20,2024-11-26,2024-11-27,WH-D,Carrier-2,North,30.4,220.26,Standard
8118,2024-11-29,2024-12-04,2024-12-12,WH-B,Carrier-1,East,27.6,233.95,Express
8119,2025-08-04,2025-08-10,2025-08-13,WH-A,Carrier-2,West,26.3,195.02,Express
8120,2026-01-08,2026-01-16,2026-01-23,WH-B,Carrier-2,East,42.7,233.37,Standard
8121,2025-02-08,2025-02-11,2025-02-17,WH-B,Carrier-2,East,42.1,69.06,Critical
8122,2025-06-02,2025-06-08,2025-06-13,WH-A,Carrier-1,West,4.6,76.87,Standard
8123,2026-01-22,2026-01-26,2026-01-29,WH-C,Carrier-3,North,68.5,104.49,Critical
8124,2025-02-24,2025-02-26,2025-02-28,WH-D,Carrier-1,East,18.0,160.21,Critical
8125,2025-10-06,2025-10-08,2025-10-06,WH-D,Carrier-3,West,60.9,80.07,Express
8126,2024-03-30,2024-04-03,2024-04-03,WH-B,Carrier-2,North,19.8,146.99,Express
8127,2025-08-11,2025-08-15,2025-08-16,WH-C,Carrier-2,North,49.2,90.47,Express
8128,2025-09-05,2025-09-11,2025-09-10,WH-C,Carrier-1,North,46.2,109.64,Express
8129,2025-05-22,2025-05-28,2025-06-02,WH-B,Carrier-1,East,55.9,138.83,Critical
8130,2026-01-10,2026-01-12,2026-01-16,WH-C,Carrier-3,East,4.3,234.83,Critical
8131,2025-04-09,2025-04-15,2025-04-17,WH-D,Carrier-3,South,8.4,220.44,Critical
8132,2024-09-15,2024-09-18,2024-09-25,WH-B,Carrier-3,North,36.2,24.63,Standard
8133,2025-10-22,2025-10-24,2025-10-31,WH-B,Carrier-3,North,1.2,224.6,Express
8134,2025-11-22,2025-11-30,2025-11-30,WH-C,Carrier-1,North,57.1,134.46,Standard
8135,2025-03-30,2025-04-06,2025-04-14,WH-A,Carrier-1,South,46.0,146.23,Critical
8136,2024-03-03,2024-03-10,2024-03-14,WH-C,Carrier-2,South,16.6,187.4,Critical
8137,2024-07-29,2024-08-04,2024-08-06,WH-D,Carrier-1,West,53.2,169.22,Critical
8138,2024-08-31,2024-09-08,2024-09-16,WH-A,Carrier-1,West,30.3,80.38,Express
8139,2026-06-07,2026-06-10,,WH-B,Carrier-1,North,66.5,138.47,Standard
8140,2025-04-25,2025-04-27,2025-04-25,WH-A,Carrier-3,West,62.8,57.74,Standard
8141,2024-01-24,2024-02-01,2024-02-01,WH-D,Carrier-1,West,11.2,201.52,Express
8142,2024-07-02,2024-07-08,2024-07-08,WH-D,Carrier-2,South,75.3,86.57,Critical
8143,2024-04-14,2024-04-21,2024-04-28,WH-D,Carrier-1,East,38.6,71.16,Critical
8144,2024-05-21,2024-05-26,2024-06-02,WH-B,Carrier-3,South,43.0,190.1,Express
8145,2024-04-30,2024-05-04,2024-05-02,WH-D,Carrier-1,South,54.3,221.27,Standard
8146,2024-09-03,2024-09-05,2024-09-11,WH-C,Carrier-3,South,62.6,225.37,Express
8147,2025-11-27,2025-12-03,2025-12-05,WH-D,Carrier-2,West,2.9,127.98,Standard
8148,2024-04-11,2024-04-14,2024-04-20,WH-D,Carrier-2,North,54.4,195.56,Standard
8149,2024-11-27,2024-12-01,2024-12-07,WH-B,Carrier-1,North,4.5,221.67,Critical
8150,2025-04-22,2025-04-25,2025-04-25,WH-C,Carrier-3,South,6.1,162.95,Standard
8151,2024-06-04,2024-06-12,2024-06-10,WH-D,Carrier-3,East,73.1,169.47,Express
8152,2024-08-22,2024-08-30,2024-08-31,WH-B,Carrier-1,East,21.9,147.9,Critical
8153,2025-05-25,2025-05-31,2025-06-03,WH-D,Carrier-2,West,21.2,33.36,Express
8154,2026-07-04,2026-07-09,,WH-C,Carrier-2,West,24.8,154.27,Standard
8155,2024-05-17,2024-05-25,2024-05-26,WH-A,Carrier-2,East,42.0,102.15,Critical
8156,2025-07-03,2025-07-10,2025-07-10,WH-B,Carrier-1,East,70.3,114.44,Standard
8157,2025-11-02,2025-11-04,2025-11-12,WH-A,Carrier-3,East,52.2,23.7,Express
8158,2025-02-14,2025-02-22,2025-02-25,WH-A,Carrier-1,West,13.3,166.34,Critical
8159,2025-12-02,2025-12-09,2025-12-15,WH-B,Carrier-3,East,37.2,171.79,Critical
8160,2024-08-13,2024-08-20,2024-08-22,WH-B,Carrier-1,East,19.8,99.13,Standard
8161,2025-10-27,2025-11-03,2025-11-09,WH-C,Carrier-3,East,12.5,139.32,Critical
8162,2024-05-15,2024-05-20,2024-05-28,WH-C,Carrier-3,South,21.6,28.67,Express
8163,2025-02-05,2025-02-11,2025-02-11,WH-A,Carrier-2,West,32.9,230.92,Critical
8164,2024-01-01,2024-01-09,2024-01-14,WH-D,Carrier-2,East,12.0,55.89,Express
8165,2025-05-09,2025-05-11,2025-05-10,WH-B,Carrier-1,West,55.9,4.02,Critical
8166,2025-02-10,2025-02-15,2025-02-18,WH-C,Carrier-2,West,10.3,174.94,Express
8167,2024-05-19,2024-05-21,2024-05-29,WH-D,Carrier-1,East,42.8,68.02,Standard
8168,2024-07-13,2024-07-15,,WH-D,Carrier-2,South,51.6,185.81,Express
8169,2024-05-09,2024-05-12,2024-05-16,WH-B,Carrier-3,South,16.6,128.58,Critical
8170,2024-08-15,2024-08-21,2024-08-22,WH-B,Carrier-3,East,19.9,28.91,Standard
8171,2024-04-04,2024-04-11,,WH-A,Carrier-3,South,21.9,221.51,Standard
8172,2025-03-09,2025-03-16,2025-03-22,WH-D,Carrier-2,North,79.9,52.1,Standard
8173,2026-06-24,2026-07-02,2026-07-09,WH-C,Carrier-2,South,17.0,33.74,Standard
8174,2025-12-01,2025-12-08,2025-12-12,WH-B,Carrier-1,South,16.6,67.53,Express
8175,2026-01-18,2026-01-21,2026-01-19,WH-D,Carrier-2,South,10.3,187.8,Standard
8176,2025-10-30,2025-11-01,2025-11-06,WH-A,Carrier-1,East,66.1,19.92,Express
8177,2026-04-11,2026-04-16,2026-04-23,WH-A,Carrier-3,West,11.6,25.0,Critical
8178,2024-09-13,2024-09-17,2024-09-21,WH-B,Carrier-2,East,62.4,47.4,Standard
8179,2024-12-22,2024-12-24,2024-12-29,WH-B,Carrier-3,East,78.8,63.8,Critical
8180,2026-01-03,2026-01-05,,WH-C,Carrier-3,North,34.9,168.88,Express
8181,2025-09-14,2025-09-19,2025-09-17,WH-B,Carrier-1,South,33.8,166.92,Critical
8182,2025-03-08,2025-03-15,2025-03-17,WH-B,Carrier-1,West,2.7,57.26,Standard
8183,2026-07-19,2026-07-27,2026-07-25,WH-C,Carrier-2,South,13.6,83.88,Critical
8184,2026-07-30,2026-08-02,2026-08-09,WH-D,Carrier-1,West,59.1,130.28,Express
8185,2026-06-23,2026-06-28,2026-07-01,WH-C,Carrier-3,East,79.0,234.39,Critical
8186,2024-08-05,2024-08-10,2024-08-14,WH-B,Carrier-2,East,77.9,7.94,Standard
8187,2026-07-23,2026-07-29,2026-08-04,WH-D,Carrier-1,South,15.3,177.38,Express
8188,2025-10-09,2025-10-11,2025-10-12,WH-C,Carrier-2,East,27.7,75.48,Critical
8189,2025-09-08,2025-09-16,2025-09-23,WH-A,Carrier-2,North,20.6,207.52,Express
8190,2024-10-16,2024-10-23,2024-10-29,WH-C,Carrier-3,West,33.3,39.68,Critical
8191,2025-06-03,2025-06-08,2025-06-09,WH-D,Carrier-1,North,36.9,227.35,Standard
8192,2024-10-14,2024-10-20,2024-10-25,WH-D,Carrier-3,West,54.7,236.06,Express
8193,2024-08-25,2024-09-01,2024-09-05,WH-C,Carrier-1,South,23.7,100.93,Critical
8194,2026-01-08,2026-01-13,2026-01-17,WH-D,Carrier-2,West,65.4,30.73,Express
8195,2024-03-14,2024-03-18,,WH-A,Carrier-2,East,11.0,5.31,Standard
8196,2025-01-26,2025-01-29,2025-02-06,WH-B,Carrier-2,West,41.3,207.35,Standard
8197,2025-06-19,2025-06-24,2025-06-30,WH-B,Carrier-2,West,43.8,88.18,Express
8198,2025-08-08,2025-08-13,,WH-A,Carrier-3,South,61.0,161.48,Standard
8199,2024-12-24,2024-12-29,2024-12-29,WH-C,Carrier-1,West,27.6,206.9,Standard
8200,2024-05-26,2024-06-01,2024-06-03,WH-A,Carrier-1,North,54.0,46.43,Express
8201,2025-05-08,2025-05-10,,WH-B,Carrier-1,West,78.5,198.36,Express
8202,2024-07-06,2024-07-08,2024-07-10,WH-B,Carrier-1,South,74.4,199.36,Express
8203,2024-06-04,2024-06-11,2024-06-14,WH-B,Carrier-3,West,65.2,15.15,Standard
8204,2025-03-01,2025-03-07,2025-03-06,WH-A,Carrier-1,East,13.6,52.02,Critical
8205,2024-01-08,2024-01-16,2024-01-20,WH-D,Carrier-1,West,60.7,159.8,Express
8206,2026-08-16,2026-08-19,2026-08-20,WH-A,Carrier-3,West,58.3,15.39,Critical
8207,2024-12-04,2024-12-10,,WH-A,Carrier-2,West,70.9,237.5,Standard
8208,2025-06-02,2025-06-04,2025-06-10,WH-B,Carrier-3,East,68.6,162.73,Express
8209,2026-06-13,2026-06-20,,WH-A,Carrier-2,South,7.3,43.93,Critical
8210,2024-05-09,2024-05-15,2024-05-15,WH-D,Carrier-2,South,13.7,78.28,Critical
8211,2025-08-31,2025-09-06,2025-09-04,WH-C,Carrier-1,South,27.1,219.06,Critical
8212,2024-04-11,2024-04-13,2024-04-19,WH-C,Carrier-2,West,53.8,229.38,Standard
8213,2025-03-03,2025-03-06,2025-03-09,WH-B,Carrier-3,West,19.0,64.82,Express
8214,2024-10-17,2024-10-23,2024-10-24,WH-C,Carrier-1,East,47.6,204.06,Standard
8215,2024-07-02,2024-07-04,2024-07-09,WH-D,Carrier-3,South,70.2,138.29,Standard
8216,2025-05-09,2025-05-15,2025-05-16,WH-D,Carrier-3,North,73.9,205.93,Standard
8217,2025-12-11,2025-12-18,2025-12-24,WH-B,Carrier-2,East,61.9,58.6,Express
8218,2025-01-09,2025-01-14,2025-01-17,WH-A,Carrier-2,South,77.5,156.24,Standard
8219,2026-08-05,2026-08-09,2026-08-12,WH-A,Carrier-3,East,22.1,77.39,Standard
8220,2024-06-11,2024-06-16,2024-06-24,WH-B,Carrier-2,South,4.1,181.41,Standard
8221,2024-09-18,2024-09-24,2024-10-01,WH-A,Carrier-1,East,22.9,188.55,Express
8222,2025-01-29,2025-02-04,2025-02-05,WH-B,Carrier-1,West,24.3,57.95,Critical
8223,2026-04-25,2026-04-30,2026-05-02,WH-C,Carrier-2,North,66.5,111.56,Standard
8224,2026-08-07,2026-08-15,2026-08-23,WH-A,Carrier-1,South,26.7,49.32,Critical
8225,2026-01-19,2026-01-22,2026-01-29,WH-C,Carrier-1,South,34.9,54.59,Critical
8226,2024-01-20,2024-01-27,2024-02-04,WH-D,Carrier-3,South,55.2,197.0,Critical
8227,2025-02-22,2025-02-24,2025-03-01,WH-C,Carrier-3,South,5.8,222.93,Express
8228,2025-11-15,2025-11-21,2025-11-27,WH-A,Carrier-1,South,8.6,212.6,Express
8229,2026-03-13,2026-03-16,2026-03-21,WH-B,Carrier-2,West,58.8,188.16,Standard
8230,2025-05-26,2025-06-03,,WH-C,Carrier-3,North,42.9,224.89,Critical
8231,2024-02-28,2024-03-06,2024-03-07,WH-D,Carrier-2,North,25.6,205.58,Express
8232,2026-06-18,2026-06-22,2026-06-29,WH-C,Carrier-3,North,78.7,129.01,Express
8233,2026-06-09,2026-06-11,2026-06-10,WH-D,Carrier-1,West,73.3,171.98,Standard
8234,2026-03-21,2026-03-24,2026-03-27,WH-D,Carrier-2,North,34.4,33.2,Express
8235,2024-06-13,2024-06-19,2024-06-25,WH-A,Carrier-1,South,59.1,140.68,Express
8236,2025-02-04,2025-02-09,2025-02-16,WH-C,Carrier-1,East,34.8,220.41,Critical
8237,2025-10-18,2025-10-21,2025-10-21,WH-C,Carrier-2,West,72.9,92.52,Standard
8238,2026-04-23,2026-04-27,2026-04-27,WH-C,Carrier-1,North,5.8,12.99,Express
8239,2026-03-17,2026-03-22,2026-03-25,WH-C,Carrier-2,East,21.8,230.66,Critical
8240,2025-01-21,2025-01-25,2025-01-26,WH-D,Carrier-2,East,59.1,156.0,Express
8241,2024-06-27,2024-07-04,2024-07-09,WH-D,Carrier-1,North,12.0,106.84,Standard
8242,2025-05-20,2025-05-28,2025-06-03,WH-C,Carrier-3,South,17.4,104.04,Critical
8243,2025-12-06,2025-12-11,2025-12-15,WH-A,Carrier-2,South,11.1,42.48,Standard
8244,2025-11-10,2025-11-15,2025-11-22,WH-C,Carrier-2,East,10.1,104.69,Standard
8245,2026-07-25,2026-07-31,2026-07-29,WH-A,Carrier-2,South,75.0,229.59,Express
8246,2024-02-15,2024-02-22,2024-02-25,WH-D,Carrier-2,North,62.7,164.52,Express
8247,2026-07-14,2026-07-19,2026-07-27,WH-A,Carrier-2,East,44.6,65.66,Express
8248,2025-03-21,2025-03-26,2025-03-31,WH-D,Carrier-3,East,2.7,82.12,Express
8249,2024-06-02,2024-06-09,2024-06-07,WH-B,Carrier-2,North,59.0,107.57,Critical
8250,2025-12-30,2026-01-03,2026-01-01,WH-B,Carrier-3,West,9.8,237.27,Express
8251,2024-03-18,2024-03-24,2024-03-23,WH-A,Carrier-1,North,69.4,146.27,Standard
8252,2026-02-20,2026-02-24,2026-03-01,WH-B,Carrier-1,West,55.9,122.87,Standard
8253,2024-12-29,2025-01-02,2025-01-09,WH-C,Carrier-2,North,12.8,105.02,Standard
8254,2024-06-01,2024-06-04,2024-06-05,WH-B,Carrier-1,North,12.8,151.78,Critical
8255,2024-06-30,2024-07-04,2024-07-12,WH-A,Carrier-3,South,64.0,213.43,Critical
8256,2025-03-05,2025-03-11,2025-03-14,WH-D,Carrier-2,West,11.8,203.81,Critical
8257,2025-06-04,2025-06-09,2025-06-11,WH-D,Carrier-1,West,66.6,223.9,Standard
8258,2024-06-22,2024-06-30,2024-07-05,WH-A,Carrier-3,West,11.2,30.18,Express
8259,2024-07-11,2024-07-15,2024-07-21,WH-B,Carrier-3,North,9.9,134.84,Standard
8260,2024-08-01,2024-08-08,2024-08-13,WH-A,Carrier-3,South,60.2,177.45,Critical
8261,2025-07-20,2025-07-22,2025-07-29,WH-A,Carrier-3,East,67.5,171.4,Standard
8262,2026-02-26,2026-03-05,2026-03-08,WH-D,Carrier-1,West,2.8,99.07,Standard
8263,2024-08-08,2024-08-14,2024-08-22,WH-B,Carrier-2,East,30.1,236.93,Express
8264,2025-02-23,2025-03-03,2025-03-03,WH-C,Carrier-2,North,18.3,224.47,Critical
8265,2026-06-30,2026-07-07,,WH-A,Carrier-1,South,41.3,37.76,Critical
8266,2025-03-10,2025-03-18,2025-03-23,WH-D,Carrier-3,East,71.7,123.46,Standard
8267,2026-03-24,2026-04-01,2026-04-01,WH-C,Carrier-2,South,42.6,179.54,Standard
8268,2024-06-05,2024-06-12,2024-06-13,WH-D,Carrier-1,East,69.0,136.2,Express
8269,2025-10-27,2025-11-01,2025-10-30,WH-C,Carrier-3,East,69.7,48.85,Standard
8270,2024-12-23,2024-12-25,2025-01-01,WH-A,Carrier-1,North,20.5,129.69,Express
8271,2025-08-25,2025-08-29,2025-08-30,WH-A,Carrier-3,West,56.8,106.59,Express
8272,2025-11-20,2025-11-22,2025-11-29,WH-C,Carrier-1,West,27.4,192.78,Express
8273,2026-05-03,2026-05-09,2026-05-09,WH-C,Carrier-1,West,9.1,192.65,Express
8274,2024-05-14,2024-05-17,2024-05-22,WH-C,Carrier-3,South,22.4,128.07,Critical
8275,2025-02-04,2025-02-08,2025-02-10,WH-C,Carrier-2,West,6.3,46.9,Standard
8276,2024-01-11,2024-01-17,2024-01-16,WH-B,Carrier-3,South,30.6,237.77,Express
8277,2024-02-26,2024-03-04,2024-03-08,WH-C,Carrier-1,South,2.1,173.61,Express
8278,2025-05-27,2025-06-02,2025-06-02,WH-B,Carrier-1,West,47.7,195.4,Critical
8279,2024-03-16,2024-03-19,2024-03-26,WH-A,Carrier-1,East,30.0,214.31,Express
8280,2026-02-11,2026-02-15,2026-02-15,WH-D,Carrier-3,East,28.5,157.41,Critical
8281,2026-05-07,2026-05-09,2026-05-11,WH-B,Carrier-1,West,29.8,51.32,Critical
8282,2024-11-21,2024-11-27,2024-11-25,WH-D,Carrier-2,North,6.7,199.71,Critical
8283,2026-04-05,2026-04-13,2026-04-20,WH-A,Carrier-3,North,55.3,148.59,Express
8284,2025-07-19,2025-07-22,2025-07-25,WH-D,Carrier-3,North,74.8,212.23,Express
8285,2026-04-19,2026-04-25,2026-05-01,WH-C,Carrier-1,North,25.4,152.43,Standard
8286,2025-07-04,2025-07-12,2025-07-19,WH-A,Carrier-1,North,64.8,137.72,Critical
8287,2025-01-02,2025-01-09,2025-01-10,WH-A,Carrier-2,East,76.2,32.9,Critical
8288,2026-03-22,2026-03-27,2026-03-30,WH-C,Carrier-3,North,3.6,121.55,Express
8289,2025-09-14,2025-09-16,2025-09-18,WH-A,Carrier-3,North,47.5,195.16,Express
8290,2024-03-16,2024-03-22,2024-03-24,WH-B,Carrier-3,East,77.7,168.21,Critical
8291,2025-03-17,2025-03-20,2025-03-18,WH-D,Carrier-3,North,60.0,54.79,Standard
8292,2026-03-30,2026-04-02,2026-04-10,WH-C,Carrier-3,South,16.5,53.32,Critical
8293,2025-10-23,2025-10-25,2025-10-31,WH-B,Carrier-2,South,17.6,96.14,Express
8294,2025-11-07,2025-11-11,2025-11-16,WH-D,Carrier-2,North,1.5,6.21,Standard
8295,2025-09-03,2025-09-08,,WH-C,Carrier-1,South,16.8,100.23,Express
8296,2026-04-21,2026-04-28,2026-05-06,WH-A,Carrier-3,East,43.5,7.65,Critical
8297,2026-08-25,2026-08-30,2026-09-04,WH-B,Carrier-3,North,43.5,99.5,Standard
8298,2025-03-03,2025-03-09,2025-03-15,WH-D,Carrier-1,North,6.0,168.97,Express
8299,2025-01-10,2025-01-13,2025-01-19,WH-A,Carrier-3,West,9.4,12.23,Express
8300,2026-05-03,2026-05-09,,WH-A,Carrier-3,West,37.9,208.82,Express
8301,2024-02-06,2024-02-11,2024-02-10,WH-B,Carrier-3,West,74.5,52.37,Critical
8302,2024-12-18,2024-12-23,2024-12-28,WH-A,Carrier-2,North,63.6,118.0,Critical
8303,2024-11-22,2024-11-25,2024-12-03,WH-A,Carrier-3,South,2.1,107.41,Standard
8304,2026-01-19,2026-01-26,2026-01-30,WH-D,Carrier-3,North,54.3,130.43,Standard
8305,2025-01-29,2025-01-31,2025-01-31,WH-B,Carrier-2,East,59.5,103.37,Standard
8306,2026-03-04,2026-03-12,2026-03-20,WH-C,Carrier-2,East,19.4,135.27,Express
8307,2026-05-14,2026-05-16,2026-05-22,WH-B,Carrier-1,South,25.3,25.21,Critical
8308,2025-09-30,2025-10-05,2025-10-06,WH-B,Carrier-1,West,74.6,189.58,Critical
8309,2026-06-26,2026-06-29,2026-06-28,WH-B,Carrier-1,South,45.0,193.24,Standard
8310,2024-11-17,2024-11-25,2024-11-28,WH-C,Carrier-1,South,33.4,220.22,Standard
8311,2025-11-20,2025-11-22,2025-11-30,WH-C,Carrier-3,South,29.9,175.33,Critical
8312,2024-09-24,2024-09-29,2024-09-30,WH-B,Carrier-1,South,22.2,153.06,Critical
8313,2024-11-22,2024-11-30,2024-12-04,WH-C,Carrier-3,North,24.6,158.42,Express
8314,2024-09-18,2024-09-26,2024-09-25,WH-D,Carrier-2,East,40.8,183.92,Standard
8315,2024-12-23,2024-12-30,2024-12-31,WH-C,Carrier-1,East,74.0,181.24,Critical
8316,2025-06-27,2025-07-01,2025-07-05,WH-B,Carrier-1,South,43.1,78.56,Standard
8317,2024-09-13,2024-09-18,2024-09-26,WH-C,Carrier-3,East,24.0,227.35,Express
8318,2025-04-21,2025-04-23,2025-04-26,WH-A,Carrier-3,East,31.0,41.46,Standard
8319,2025-03-02,2025-03-10,2025-03-09,WH-A,Carrier-3,North,76.7,171.48,Standard
8320,2024-12-22,2024-12-26,2024-12-31,WH-A,Carrier-1,North,68.2,88.54,Express
8321,2024-09-30,2024-10-04,2024-10-07,WH-A,Carrier-1,South,42.1,113.34,Critical
8322,2025-05-25,2025-05-28,2025-05-31,WH-B,Carrier-1,East,77.2,161.95,Critical
8323,2024-07-08,2024-07-12,2024-07-13,WH-B,Carrier-2,South,38.3,97.64,Critical
8324,2025-06-11,2025-06-17,2025-06-19,WH-D,Carrier-3,East,45.9,230.84,Critical
8325,2024-06-22,2024-06-29,2024-06-30,WH-B,Carrier-1,North,72.1,32.53,Standard
8326,2025-12-19,2025-12-24,2026-01-01,WH-B,Carrier-2,South,55.4,111.72,Standard
8327,2025-09-05,2025-09-13,2025-09-18,WH-A,Carrier-1,West,78.9,189.21,Critical
8328,2026-07-04,2026-07-10,2026-07-15,WH-C,Carrier-1,North,1.8,190.91,Critical
8329,2025-06-21,2025-06-29,,WH-C,Carrier-2,North,29.1,16.57,Critical
8330,2026-03-11,2026-03-18,2026-03-18,WH-C,Carrier-3,East,53.6,208.01,Standard
8331,2024-12-22,2024-12-30,2025-01-04,WH-B,Carrier-1,West,15.5,198.81,Critical
8332,2024-10-01,2024-10-08,2024-10-07,WH-A,Carrier-2,West,66.3,122.21,Express
8333,2026-07-17,2026-07-21,2026-07-27,WH-A,Carrier-2,South,58.6,190.58,Standard
8334,2025-03-06,2025-03-11,2025-03-18,WH-B,Carrier-3,South,7.2,84.9,Express
8335,2026-02-07,2026-02-14,2026-02-19,WH-A,Carrier-2,East,16.8,74.8,Critical
8336,2025-04-13,2025-04-16,2025-04-24,WH-D,Carrier-3,East,21.4,213.16,Critical
8337,2025-10-20,2025-10-23,,WH-B,Carrier-3,East,17.3,65.2,Express
8338,2025-12-29,2026-01-04,2026-01-05,WH-B,Carrier-1,South,9.8,72.77,Express
8339,2024-08-23,2024-08-29,2024-09-02,WH-A,Carrier-1,South,48.6,214.9,Standard
8340,2024-05-08,2024-05-10,2024-05-08,WH-A,Carrier-1,North,7.8,98.05,Express
8341,2026-01-12,2026-01-20,2026-01-18,WH-A,Carrier-2,North,77.7,121.49,Critical
8342,2025-10-29,2025-11-06,2025-11-05,WH-C,Carrier-3,North,54.6,201.62,Express
8343,2024-01-26,2024-01-28,2024-02-03,WH-D,Carrier-1,South,26.0,21.2,Critical
8344,2024-05-08,2024-05-11,2024-05-17,WH-B,Carrier-2,West,60.1,51.01,Express
8345,2024-08-01,2024-08-09,2024-08-08,WH-D,Carrier-1,West,16.6,121.56,Critical
8346,2024-08-04,2024-08-10,2024-08-14,WH-A,Carrier-3,South,9.5,20.55,Express
8347,2024-02-18,2024-02-20,2024-02-21,WH-A,Carrier-3,East,18.8,40.35,Critical
8348,2025-10-28,2025-11-05,2025-11-03,WH-D,Carrier-1,East,78.7,177.67,Express
8349,2024-06-25,2024-07-03,2024-07-03,WH-D,Carrier-2,North,69.9,40.5,Express
8350,2026-05-05,2026-05-09,2026-05-07,WH-D,Carrier-1,North,3.8,85.17,Critical
8351,2024-06-25,2024-06-28,2024-07-06,WH-A,Carrier-3,West,37.0,213.07,Standard
8352,2025-04-21,2025-04-26,2025-04-30,WH-C,Carrier-2,South,45.6,52.98,Express
8353,2026-02-04,2026-02-08,2026-02-12,WH-A,Carrier-2,North,56.9,6.95,Standard
8354,2024-02-29,2024-03-04,2024-03-09,WH-A,Carrier-3,North,52.8,186.21,Express
8355,2025-08-25,2025-09-02,2025-09-10,WH-A,Carrier-1,North,5.6,174.69,Express
8356,2026-04-12,2026-04-19,2026-04-20,WH-D,Carrier-2,East,71.4,137.74,Critical
8357,2026-02-17,2026-02-25,2026-03-04,WH-B,Carrier-1,South,34.8,164.81,Standard
8358,2026-02-10,2026-02-18,2026-02-18,WH-A,Carrier-3,West,68.6,192.96,Standard
8359,2026-05-14,2026-05-17,2026-05-16,WH-D,Carrier-1,East,65.2,99.94,Express
8360,2024-09-01,2024-09-09,2024-09-16,WH-C,Carrier-2,West,43.6,19.76,Express
8361,2025-02-02,2025-02-04,2025-02-07,WH-A,Carrier-1,South,70.7,74.76,Express
8362,2026-03-09,2026-03-16,2026-03-24,WH-C,Carrier-1,West,20.5,225.54,Express
8363,2025-08-02,2025-08-05,2025-08-08,WH-C,Carrier-2,North,53.9,91.1,Critical
8364,2026-05-02,2026-05-05,2026-05-03,WH-A,Carrier-1,East,37.5,85.0,Critical
8365,2024-09-04,2024-09-10,2024-09-14,WH-B,Carrier-2,South,54.6,198.42,Critical
8366,2025-10-20,2025-10-25,2025-11-01,WH-B,Carrier-2,East,44.8,8.02,Express
8367,2025-05-10,2025-05-12,2025-05-12,WH-A,Carrier-1,East,31.4,156.92,Critical
8368,2024-01-26,2024-01-29,,WH-B,Carrier-1,East,67.5,35.81,Express
8369,2026-01-31,2026-02-06,2026-02-14,WH-D,Carrier-2,West,79.1,207.37,Critical
8370,2024-08-13,2024-08-20,2024-08-18,WH-B,Carrier-3,South,50.1,6.75,Critical
8371,2025-02-15,2025-02-23,2025-03-03,WH-C,Carrier-2,North,52.5,148.19,Critical
8372,2025-04-05,2025-04-09,2025-04-09,WH-C,Carrier-3,West,27.5,105.67,Critical
8373,2026-03-14,2026-03-19,2026-03-27,WH-A,Carrier-1,East,45.1,43.39,Critical
8374,2025-08-20,2025-08-28,2025-09-05,WH-D,Carrier-3,North,23.5,132.03,Standard
8375,2025-07-22,2025-07-26,2025-07-24,WH-D,Carrier-2,North,6.1,27.98,Express
8376,2026-07-31,2026-08-08,2026-08-10,WH-B,Carrier-1,West,37.9,118.45,Standard
8377,2024-11-17,2024-11-20,2024-11-27,WH-B,Carrier-1,East,64.8,167.53,Standard
8378,2025-04-03,2025-04-07,2025-04-13,WH-A,Carrier-3,East,7.1,153.42,Standard
8379,2026-03-03,2026-03-07,2026-03-10,WH-A,Carrier-3,North,55.6,66.11,Express
8380,2025-08-07,2025-08-15,2025-08-21,WH-D,Carrier-2,East,75.3,235.24,Standard
8381,2025-03-27,2025-04-04,2025-04-06,WH-D,Carrier-1,South,53.1,118.78,Critical
8382,2026-01-17,2026-01-23,2026-01-28,WH-B,Carrier-3,East,56.6,28.18,Express
8383,2025-02-06,2025-02-13,2025-02-18,WH-A,Carrier-3,East,58.1,172.53,Standard
8384,2026-04-20,2026-04-24,2026-04-22,WH-C,Carrier-2,North,74.1,177.33,Express
8385,2025-06-22,2025-06-29,2025-07-06,WH-A,Carrier-2,North,42.3,86.74,Express
8386,2025-09-26,2025-09-30,2025-09-29,WH-D,Carrier-1,West,0.8,117.58,Standard
8387,2026-04-14,2026-04-16,2026-04-18,WH-C,Carrier-2,West,19.1,35.02,Critical
8388,2026-05-26,2026-05-30,2026-06-03,WH-B,Carrier-3,North,69.9,52.89,Standard
8389,2024-11-11,2024-11-16,2024-11-18,WH-D,Carrier-3,West,60.0,109.57,Standard
8390,2025-07-25,2025-07-29,2025-08-02,WH-C,Carrier-2,North,52.0,21.1,Critical
8391,2025-02-14,2025-02-18,2025-02-17,WH-A,Carrier-3,East,42.9,201.81,Standard
8392,2025-08-03,2025-08-11,2025-08-19,WH-D,Carrier-3,South,64.0,16.57,Critical
8393,2025-08-05,2025-08-13,2025-08-12,WH-B,Carrier-3,East,50.5,120.28,Critical
8394,2024-02-14,2024-02-19,,WH-C,Carrier-1,North,28.2,101.0,Express
8395,2024-01-21,2024-01-28,2024-02-03,WH-A,Carrier-1,East,16.2,117.65,Standard
8396,2024-12-08,2024-12-10,2024-12-18,WH-A,Carrier-2,South,66.5,221.58,Critical
8397,2024-04-15,2024-04-20,2024-04-26,WH-C,Carrier-3,North,4.5,114.03,Standard
8398,2025-05-31,2025-06-06,2025-06-07,WH-B,Carrier-1,South,22.0,216.17,Express
8399,2026-07-04,2026-07-06,2026-07-04,WH-B,Carrier-3,West,38.2,142.23,Express
8400,2026-05-03,2026-05-07,2026-05-12,WH-C,Carrier-2,South,53.3,229.55,Critical
8401,2024-10-05,2024-10-09,2024-10-15,WH-C,Carrier-1,East,6.7,104.45,Critical
8402,2025-04-04,2025-04-08,2025-04-06,WH-B,Carrier-2,South,68.8,172.67,Express
8403,2025-06-20,2025-06-26,2025-06-25,WH-B,Carrier-2,East,30.0,131.76,Express
8404,2025-02-03,2025-02-10,2025-02-09,WH-B,Carrier-2,West,6.3,235.47,Critical
8405,2025-11-03,2025-11-07,2025-11-12,WH-D,Carrier-2,North,45.3,14.48,Standard
8406,2024-08-20,2024-08-25,2024-08-23,WH-D,Carrier-2,North,38.7,30.54,Express
8407,2026-06-06,2026-06-11,2026-06-15,WH-D,Carrier-2,East,40.6,181.28,Standard
8408,2026-05-19,2026-05-22,2026-05-28,WH-D,Carrier-3,West,24.3,221.68,Express
8409,2024-03-08,2024-03-13,2024-03-11,WH-C,Carrier-3,South,4.7,60.56,Express
8410,2025-09-02,2025-09-06,2025-09-06,WH-D,Carrier-2,North,79.9,113.08,Standard
8411,2025-02-05,2025-02-13,2025-02-21,WH-D,Carrier-2,North,34.9,143.84,Express
8412,2025-07-15,2025-07-20,,WH-D,Carrier-2,East,41.4,155.01,Express
8413,2024-07-20,2024-07-23,2024-07-27,WH-C,Carrier-1,East,30.2,228.0,Express
8414,2024-03-05,2024-03-07,2024-03-09,WH-C,Carrier-1,North,42.5,189.13,Standard
8415,2025-01-15,2025-01-22,2025-01-30,WH-C,Carrier-2,West,7.1,137.6,Critical
8416,2026-02-13,2026-02-21,2026-02-27,WH-C,Carrier-3,West,78.8,90.01,Express
8417,2025-02-27,2025-03-07,2025-03-14,WH-D,Carrier-2,North,69.0,167.23,Critical
8418,2025-03-31,2025-04-04,2025-04-07,WH-C,Carrier-1,North,77.5,128.76,Express
8419,2025-11-06,2025-11-08,2025-11-08,WH-A,Carrier-3,South,64.0,27.62,Express
8420,2024-06-06,2024-06-09,2024-06-09,WH-B,Carrier-1,South,65.7,197.54,Critical
8421,2024-12-03,2024-12-06,2024-12-05,WH-D,Carrier-3,North,64.9,50.31,Critical
8422,2025-09-17,2025-09-24,2025-09-30,WH-C,Carrier-1,North,34.0,40.43,Critical
8423,2026-04-16,2026-04-21,2026-04-22,WH-A,Carrier-1,West,9.4,183.82,Critical
8424,2025-10-19,2025-10-26,2025-10-30,WH-C,Carrier-2,North,66.8,220.84,Standard
8425,2026-04-13,2026-04-15,2026-04-21,WH-C,Carrier-1,South,22.9,150.29,Critical
8426,2024-12-07,2024-12-11,2024-12-13,WH-C,Carrier-2,South,74.5,9.36,Critical
8427,2025-04-02,2025-04-08,2025-04-07,WH-B,Carrier-2,West,59.7,153.77,Standard
8428,2025-12-10,2025-12-18,2025-12-23,WH-A,Carrier-2,East,14.1,119.84,Critical
8429,2024-05-19,2024-05-21,2024-05-23,WH-D,Carrier-1,West,33.2,191.24,Express
8430,2026-04-27,2026-05-05,2026-05-12,WH-C,Carrier-3,South,52.5,229.49,Critical
8431,2025-12-13,2025-12-18,2025-12-21,WH-D,Carrier-2,South,35.8,29.62,Express
8432,2025-10-07,2025-10-14,2025-10-14,WH-D,Carrier-1,West,15.6,104.77,Critical
8433,2025-02-05,2025-02-08,2025-02-11,WH-D,Carrier-3,West,42.7,188.17,Standard
8434,2025-05-18,2025-05-21,2025-05-26,WH-D,Carrier-1,South,3.0,101.25,Standard
8435,2026-01-30,2026-02-05,,WH-B,Carrier-2,South,76.4,59.49,Standard
8436,2025-05-14,2025-05-19,2025-05-21,WH-B,Carrier-3,South,29.1,164.76,Express
8437,2024-11-19,2024-11-22,2024-11-28,WH-D,Carrier-3,South,18.2,214.47,Critical
8438,2024-01-24,2024-01-26,2024-01-29,WH-D,Carrier-3,North,36.3,19.96,Express
8439,2024-03-12,2024-03-19,2024-03-20,WH-B,Carrier-2,East,64.9,196.43,Express
8440,2025-11-13,2025-11-21,2025-11-24,WH-B,Carrier-2,South,9.8,38.07,Standard
8441,2025-09-27,2025-09-29,2025-10-07,WH-C,Carrier-2,East,46.7,186.9,Standard
8442,2026-04-19,2026-04-24,,WH-D,Carrier-3,West,47.0,89.54,Critical
8443,2026-02-09,2026-02-14,2026-02-22,WH-D,Carrier-2,South,15.2,188.32,Critical
8444,2025-03-23,2025-03-27,2025-03-29,WH-A,Carrier-3,North,63.8,186.08,Critical
8445,2025-11-29,2025-12-07,2025-12-06,WH-D,Carrier-2,East,9.4,109.49,Standard
8446,2025-11-22,2025-11-28,2025-12-04,WH-A,Carrier-1,East,16.2,16.43,Express
8447,2025-01-03,2025-01-08,2025-01-08,WH-D,Carrier-3,East,13.1,230.72,Standard
8448,2025-09-20,2025-09-28,2025-10-04,WH-A,Carrier-1,North,35.5,106.33,Critical
8449,2026-03-14,2026-03-19,2026-03-21,WH-D,Carrier-2,North,47.2,20.55,Express
8450,2025-06-20,2025-06-28,2025-07-05,WH-B,Carrier-1,North,59.0,203.24,Standard
8451,2024-12-07,2024-12-13,2024-12-17,WH-A,Carrier-2,North,33.0,95.16,Express
8452,2024-12-06,2024-12-11,2024-12-19,WH-C,Carrier-3,North,60.9,58.09,Standard
8453,2024-07-14,2024-07-16,2024-07-16,WH-D,Carrier-2,South,33.0,59.6,Critical
8454,2026-05-28,2026-06-03,2026-06-09,WH-D,Carrier-3,East,37.7,14.22,Standard
8455,2024-04-11,2024-04-18,2024-04-23,WH-C,Carrier-3,North,39.1,184.32,Standard
8456,2025-02-09,2025-02-12,2025-02-14,WH-A,Carrier-1,West,56.7,7.48,Standard
8457,2024-10-04,2024-10-09,2024-10-08,WH-C,Carrier-2,East,77.1,93.12,Critical
8458,2026-07-28,2026-08-01,2026-08-02,WH-D,Carrier-2,North,33.8,125.79,Critical
8459,2024-09-23,2024-09-30,2024-10-07,WH-D,Carrier-3,South,56.0,115.22,Standard
8460,2025-08-26,2025-08-30,2025-09-04,WH-B,Carrier-3,South,69.0,184.08,Standard
8461,2024-10-23,2024-10-29,2024-11-04,WH-C,Carrier-2,East,57.9,41.81,Critical
8462,2026-07-21,2026-07-28,2026-08-04,WH-B,Carrier-1,North,69.4,238.96,Critical
8463,2024-05-19,2024-05-27,2024-06-01,WH-A,Carrier-2,East,29.2,4.66,Express
8464,2025-07-03,2025-07-11,2025-07-12,WH-C,Carrier-3,South,61.6,147.73,Standard
8465,2025-07-30,2025-08-05,2025-08-08,WH-B,Carrier-2,South,35.8,178.1,Critical
8466,2026-07-28,2026-08-01,2026-08-01,WH-D,Carrier-2,South,74.4,155.54,Critical
8467,2024-07-15,2024-07-19,2024-07-21,WH-C,Carrier-3,East,1.8,127.82,Express
8468,2025-11-10,2025-11-17,2025-11-25,WH-C,Carrier-2,East,35.5,89.77,Standard
8469,2024-11-24,2024-12-02,2024-11-30,WH-D,Carrier-1,North,27.8,150.74,Express
8470,2025-03-04,2025-03-10,2025-03-17,WH-D,Carrier-2,South,0.9,178.66,Standard
8471,2024-05-28,2024-06-04,2024-06-12,WH-B,Carrier-1,West,23.0,170.67,Standard
8472,2024-04-06,2024-04-09,2024-04-07,WH-B,Carrier-3,North,19.2,39.28,Critical
8473,2024-06-01,2024-06-03,2024-06-10,WH-C,Carrier-2,West,70.2,11.13,Express
8474,2026-02-24,2026-02-27,,WH-A,Carrier-3,North,41.1,148.32,Critical
8475,2025-12-27,2025-12-29,2026-01-01,WH-A,Carrier-1,East,60.3,65.96,Standard
8476,2024-03-06,2024-03-08,2024-03-07,WH-C,Carrier-2,East,10.4,119.15,Express
8477,2024-02-16,2024-02-19,2024-02-23,WH-B,Carrier-3,South,67.0,224.74,Standard
8478,2025-01-18,2025-01-23,2025-01-29,WH-B,Carrier-2,South,14.9,172.92,Express
8479,2026-04-15,2026-04-22,2026-04-21,WH-B,Carrier-1,West,46.6,146.49,Express
8480,2026-05-01,2026-05-09,2026-05-17,WH-A,Carrier-2,South,52.6,156.59,Critical
8481,2026-07-30,2026-08-03,2026-08-09,WH-B,Carrier-1,West,14.9,163.98,Express
8482,2025-11-09,2025-11-13,2025-11-11,WH-D,Carrier-1,North,64.1,43.82,Express
8483,2025-04-29,2025-05-03,2025-05-06,WH-D,Carrier-2,North,79.7,197.87,Express
8484,2024-03-13,2024-03-19,2024-03-24,WH-C,Carrier-2,West,5.1,169.93,Express
8485,2025-10-09,2025-10-12,2025-10-16,WH-B,Carrier-1,West,77.0,5.09,Express
8486,2026-01-19,2026-01-23,2026-01-23,WH-A,Carrier-2,East,68.7,147.69,Express
8487,2024-12-05,2024-12-11,2024-12-19,WH-D,Carrier-3,North,14.5,183.31,Standard
8488,2025-03-29,2025-04-02,2025-04-10,WH-D,Carrier-3,North,42.7,167.04,Standard
8489,2024-06-25,2024-07-01,2024-07-02,WH-C,Carrier-1,East,18.2,80.2,Express
8490,2024-02-13,2024-02-17,2024-02-22,WH-B,Carrier-3,West,48.5,27.24,Express
8491,2024-07-21,2024-07-23,2024-07-27,WH-B,Carrier-1,East,61.4,146.57,Express
8492,2026-02-24,2026-03-01,2026-03-03,WH-C,Carrier-3,South,65.4,73.93,Standard
8493,2025-02-22,2025-02-24,2025-03-02,WH-C,Carrier-2,North,29.9,196.6,Express
8494,2025-06-29,2025-07-03,2025-07-04,WH-C,Carrier-3,West,47.2,110.68,Standard
8495,2025-12-27,2026-01-02,,WH-D,Carrier-2,North,11.9,164.8,Express
8496,2025-12-14,2025-12-19,2025-12-27,WH-A,Carrier-2,East,77.6,79.5,Express
8497,2025-02-10,2025-02-17,2025-02-20,WH-C,Carrier-2,East,71.0,58.9,Express
8498,2026-02-16,2026-02-21,2026-02-19,WH-D,Carrier-2,South,29.5,63.39,Critical
8499,2024-12-02,2024-12-10,2024-12-11,WH-D,Carrier-3,East,74.1,44.16,Critical
8500,2024-06-18,2024-06-25,,WH-C,Carrier-3,South,48.3,148.55,Critical
8501,2024-06-29,2024-07-05,2024-07-04,WH-C,Carrier-3,West,33.4,161.17,Critical
8502,2025-08-28,2025-08-31,2025-09-04,WH-D,Carrier-1,West,14.3,29.72,Standard
8503,2024-05-12,2024-05-15,2024-05-14,WH-A,Carrier-1,North,73.9,91.79,Express
8504,2025-03-09,2025-03-13,,WH-A,Carrier-2,West,25.2,14.69,Express
8505,2026-05-15,2026-05-20,2026-05-24,WH-A,Carrier-2,South,40.5,92.82,Critical
8506,2024-09-04,2024-09-08,2024-09-14,WH-C,Carrier-1,West,12.9,13.77,Express
8507,2025-12-14,2025-12-17,2025-12-17,WH-A,Carrier-3,East,41.9,64.84,Critical
8508,2025-05-19,2025-05-21,2025-05-22,WH-B,Carrier-3,South,15.0,71.0,Express
8509,2024-09-09,2024-09-17,2024-09-19,WH-D,Carrier-2,North,6.1,228.12,Standard
8510,2024-03-07,2024-03-14,2024-03-12,WH-B,Carrier-1,East,52.3,12.19,Critical
8511,2026-02-27,2026-03-03,2026-03-10,WH-C,Carrier-2,North,9.6,82.67,Standard
8512,2024-03-20,2024-03-26,2024-03-30,WH-B,Carrier-1,South,65.1,221.77,Express
8513,2025-03-16,2025-03-22,2025-03-22,WH-C,Carrier-3,West,32.5,142.55,Critical
8514,2025-12-12,2025-12-20,2025-12-23,WH-C,Carrier-3,West,27.4,222.12,Express
8515,2024-06-21,2024-06-23,2024-06-28,WH-A,Carrier-1,West,65.3,52.33,Express
8516,2024-10-12,2024-10-20,2024-10-27,WH-C,Carrier-3,North,17.8,95.25,Critical
8517,2024-12-25,2024-12-29,2025-01-04,WH-B,Carrier-2,West,8.7,238.67,Critical
8518,2026-08-26,2026-08-31,2026-09-04,WH-C,Carrier-1,East,38.7,95.75,Express
8519,2025-12-28,2025-12-31,2026-01-02,WH-A,Carrier-1,North,34.0,168.47,Express
8520,2025-03-17,2025-03-23,2025-03-28,WH-A,Carrier-3,East,63.9,74.97,Standard
8521,2025-07-30,2025-08-07,2025-08-06,WH-D,Carrier-2,North,10.7,114.08,Critical
8522,2026-07-03,2026-07-06,2026-07-04,WH-A,Carrier-1,North,19.1,190.7,Standard
8523,2025-03-29,2025-04-01,2025-04-08,WH-B,Carrier-2,North,54.5,96.63,Express
8524,2026-08-27,2026-08-31,2026-08-31,WH-D,Carrier-3,North,22.5,35.94,Critical
8525,2024-07-06,2024-07-08,2024-07-15,WH-D,Carrier-1,East,13.0,127.96,Standard
8526,2025-08-12,2025-08-14,2025-08-19,WH-C,Carrier-2,North,0.9,66.77,Express
8527,2024-06-26,2024-07-02,2024-07-09,WH-C,Carrier-2,South,58.3,78.94,Express
8528,2025-10-12,2025-10-20,2025-10-22,WH-B,Carrier-1,West,28.1,158.96,Express
8529,2026-01-20,2026-01-23,2026-01-23,WH-A,Carrier-2,West,47.5,109.12,Standard
8530,2025-04-25,2025-04-30,2025-05-07,WH-C,Carrier-1,East,1.3,150.25,Critical
8531,2024-02-24,2024-02-26,2024-03-04,WH-B,Carrier-3,North,32.1,138.67,Critical
8532,2024-04-18,2024-04-24,2024-04-26,WH-D,Carrier-3,North,19.8,228.17,Express
8533,2025-11-23,2025-11-30,2025-12-06,WH-B,Carrier-3,South,43.5,190.47,Express
8534,2026-04-25,2026-05-02,2026-05-04,WH-D,Carrier-3,West,70.8,176.45,Standard
8535,2025-06-03,2025-06-09,2025-06-07,WH-D,Carrier-3,South,11.8,101.92,Critical
8536,2024-12-15,2024-12-17,,WH-A,Carrier-1,East,26.4,157.37,Critical
8537,2025-05-31,2025-06-08,2025-06-13,WH-D,Carrier-2,East,15.8,15.73,Critical
8538,2025-02-08,2025-02-11,2025-02-18,WH-C,Carrier-3,South,7.7,104.29,Critical
8539,2026-06-09,2026-06-14,2026-06-15,WH-A,Carrier-1,North,74.1,82.61,Express
8540,2024-03-24,2024-03-27,2024-03-26,WH-A,Carrier-1,East,28.7,52.09,Express
8541,2024-11-30,2024-12-04,2024-12-08,WH-A,Carrier-1,South,2.1,142.41,Critical
8542,2024-02-22,2024-02-27,2024-02-27,WH-A,Carrier-2,West,51.8,220.41,Critical
8543,2024-08-14,2024-08-18,2024-08-16,WH-B,Carrier-2,West,41.3,108.48,Express
8544,2024-04-22,2024-04-25,2024-04-27,WH-B,Carrier-1,North,0.8,151.68,Critical
8545,2025-04-06,2025-04-09,2025-04-12,WH-B,Carrier-1,East,64.4,221.76,Critical
8546,2025-01-08,2025-01-14,2025-01-22,WH-D,Carrier-2,West,22.6,72.06,Standard
8547,2024-08-01,2024-08-07,2024-08-12,WH-A,Carrier-2,West,46.2,55.72,Express
8548,2026-08-12,2026-08-19,2026-08-27,WH-A,Carrier-2,West,35.5,74.17,Critical
8549,2025-10-03,2025-10-10,2025-10-18,WH-C,Carrier-1,South,31.6,191.06,Express
8550,2026-06-05,2026-06-10,2026-06-14,WH-A,Carrier-3,East,32.0,26.38,Standard
8551,2024-07-05,2024-07-10,2024-07-17,WH-A,Carrier-2,East,12.6,167.7,Standard
8552,2025-09-08,2025-09-15,,WH-A,Carrier-2,West,38.5,219.38,Express
8553,2026-05-11,2026-05-18,2026-05-25,WH-D,Carrier-3,North,27.7,195.42,Critical
8554,2026-03-18,2026-03-26,2026-03-27,WH-A,Carrier-1,East,40.0,192.71,Critical
8555,2024-10-17,2024-10-23,,WH-C,Carrier-3,East,27.3,129.34,Standard
8556,2024-11-16,2024-11-20,2024-11-28,WH-B,Carrier-3,West,53.8,211.93,Critical
8557,2026-04-08,2026-04-15,2026-04-16,WH-B,Carrier-2,East,59.6,151.7,Critical
8558,2026-02-14,2026-02-21,2026-02-26,WH-B,Carrier-1,East,15.9,37.38,Critical
8559,2025-02-14,2025-02-19,2025-02-19,WH-B,Carrier-3,West,48.8,58.63,Express
8560,2024-10-02,2024-10-08,2024-10-14,WH-D,Carrier-2,North,31.4,119.94,Standard
8561,2024-03-10,2024-03-18,2024-03-21,WH-A,Carrier-3,East,16.9,7.88,Express
8562,2025-01-02,2025-01-10,2025-01-13,WH-B,Carrier-1,North,48.4,43.65,Critical
8563,2024-01-07,2024-01-10,2024-01-12,WH-A,Carrier-3,North,25.4,15.65,Standard
8564,2026-03-25,2026-03-27,2026-03-28,WH-D,Carrier-3,East,68.5,204.63,Critical
8565,2024-01-28,2024-02-02,2024-01-31,WH-B,Carrier-3,East,2.0,111.24,Critical
8566,2025-11-19,2025-11-26,2025-11-25,WH-B,Carrier-2,East,77.9,121.27,Express
8567,2024-04-17,2024-04-24,2024-04-25,WH-C,Carrier-1,East,37.6,95.45,Critical
8568,2024-07-01,2024-07-04,2024-07-04,WH-B,Carrier-2,East,46.8,110.49,Express
8569,2024-07-20,2024-07-24,2024-07-25,WH-A,Carrier-2,West,2.3,130.64,Critical
8570,2025-03-13,2025-03-19,2025-03-22,WH-B,Carrier-1,West,38.7,121.59,Express
8571,2026-06-18,2026-06-22,2026-06-24,WH-B,Carrier-1,North,0.4,167.21,Critical
8572,2024-02-11,2024-02-13,2024-02-17,WH-B,Carrier-2,East,59.8,89.55,Critical
8573,2024-04-25,2024-04-29,2024-04-28,WH-A,Carrier-2,West,62.1,31.21,Critical
8574,2025-11-10,2025-11-16,2025-11-24,WH-A,Carrier-3,North,32.1,9.84,Standard
8575,2025-10-20,2025-10-24,2025-10-23,WH-B,Carrier-3,East,74.2,99.72,Express
8576,2025-09-04,2025-09-09,2025-09-11,WH-D,Carrier-2,North,67.7,203.69,Standard
8577,2024-06-27,2024-06-30,2024-06-29,WH-D,Carrier-2,East,12.9,62.06,Critical
8578,2025-03-10,2025-03-15,2025-03-19,WH-B,Carrier-2,West,33.2,164.38,Express
8579,2025-05-01,2025-05-09,2025-05-15,WH-D,Carrier-1,North,67.5,85.0,Standard
8580,2026-05-11,2026-05-17,2026-05-23,WH-A,Carrier-2,East,9.0,173.37,Standard
8581,2024-10-20,2024-10-23,2024-10-30,WH-A,Carrier-3,East,61.4,112.5,Standard
8582,2024-08-07,2024-08-09,2024-08-08,WH-C,Carrier-2,South,71.5,203.61,Critical
8583,2026-01-21,2026-01-26,2026-01-24,WH-A,Carrier-2,South,63.0,56.91,Critical
8584,2025-08-12,2025-08-20,2025-08-26,WH-A,Carrier-3,East,48.0,167.11,Critical
8585,2024-02-19,2024-02-23,2024-02-27,WH-D,Carrier-2,North,64.1,51.66,Standard
8586,2024-07-10,2024-07-13,2024-07-19,WH-C,Carrier-3,West,13.1,20.79,Standard
8587,2025-07-03,2025-07-09,2025-07-07,WH-B,Carrier-1,East,25.5,151.56,Critical
8588,2024-04-17,2024-04-20,2024-04-20,WH-D,Carrier-3,East,25.6,229.61,Standard
8589,2025-03-07,2025-03-11,2025-03-14,WH-C,Carrier-2,North,3.1,140.1,Standard
8590,2024-10-16,2024-10-19,2024-10-18,WH-D,Carrier-1,North,41.9,171.06,Standard
8591,2024-01-04,2024-01-07,2024-01-05,WH-A,Carrier-1,North,50.3,99.52,Standard
8592,2024-08-24,2024-08-29,2024-08-30,WH-A,Carrier-3,West,37.2,166.22,Standard
8593,2026-06-14,2026-06-16,2026-06-15,WH-A,Carrier-2,South,69.3,60.27,Standard
8594,2024-05-23,2024-05-25,2024-05-23,WH-C,Carrier-1,North,25.6,22.73,Critical
8595,2025-04-17,2025-04-25,2025-05-02,WH-B,Carrier-1,East,79.1,35.18,Critical
8596,2026-02-22,2026-02-26,2026-02-28,WH-B,Carrier-2,East,37.1,164.37,Critical
8597,2025-12-05,2025-12-11,2025-12-09,WH-A,Carrier-2,South,49.4,58.12,Critical
8598,2025-04-03,2025-04-07,2025-04-07,WH-A,Carrier-3,West,18.6,44.73,Critical
8599,2026-04-18,2026-04-20,2026-04-24,WH-B,Carrier-2,North,32.4,181.88,Express
8600,2025-04-28,2025-05-03,2025-05-03,WH-A,Carrier-1,East,42.9,22.52,Standard
8601,2025-09-15,2025-09-21,2025-09-28,WH-A,Carrier-3,North,36.0,11.49,Critical
8602,2024-09-10,2024-09-12,2024-09-17,WH-B,Carrier-1,South,64.7,50.06,Critical
8603,2025-06-26,2025-07-04,2025-07-05,WH-A,Carrier-2,North,64.4,217.84,Critical
8604,2025-08-14,2025-08-19,2025-08-19,WH-A,Carrier-1,North,71.8,9.04,Critical
8605,2025-02-17,2025-02-25,2025-02-28,WH-A,Carrier-3,East,41.7,165.86,Express
8606,2024-06-24,2024-06-30,2024-07-07,WH-D,Carrier-3,West,24.0,162.15,Critical
8607,2024-07-09,2024-07-15,2024-07-17,WH-B,Carrier-1,West,51.8,90.0,Standard
8608,2026-06-27,2026-07-04,2026-07-08,WH-B,Carrier-3,South,69.3,70.48,Express
8609,2025-11-01,2025-11-09,2025-11-12,WH-C,Carrier-1,North,37.5,156.2,Critical
8610,2026-07-11,2026-07-19,2026-07-25,WH-D,Carrier-3,West,55.9,217.88,Express
8611,2024-09-12,2024-09-17,2024-09-17,WH-A,Carrier-1,East,4.5,91.46,Critical
8612,2024-07-08,2024-07-16,2024-07-18,WH-B,Carrier-1,East,66.3,154.93,Express
8613,2025-08-28,2025-09-04,2025-09-05,WH-A,Carrier-3,West,70.3,46.87,Express
8614,2024-01-01,2024-01-03,2024-01-05,WH-D,Carrier-3,West,69.6,229.13,Critical
8615,2024-12-16,2024-12-22,2024-12-28,WH-B,Carrier-2,North,16.2,201.15,Express
8616,2024-09-08,2024-09-12,2024-09-19,WH-B,Carrier-1,North,5.2,233.53,Standard
8617,2026-02-04,2026-02-11,2026-02-14,WH-B,Carrier-1,North,30.7,5.8,Critical
8618,2025-07-20,2025-07-28,2025-07-31,WH-C,Carrier-1,East,5.5,168.75,Standard
8619,2024-07-15,2024-07-23,2024-07-23,WH-C,Carrier-1,West,19.0,60.05,Express
8620,2025-11-01,2025-11-06,2025-11-09,WH-C,Carrier-2,West,79.5,113.39,Standard
8621,2026-05-13,2026-05-19,2026-05-19,WH-B,Carrier-3,East,77.3,105.42,Standard
8622,2026-05-13,2026-05-15,2026-05-18,WH-C,Carrier-3,West,69.2,119.22,Express
8623,2025-05-04,2025-05-06,2025-05-06,WH-A,Carrier-2,North,73.3,74.54,Critical
8624,2026-07-01,2026-07-06,2026-07-12,WH-B,Carrier-3,North,53.3,78.37,Critical
8625,2025-11-23,2025-11-27,2025-11-25,WH-C,Carrier-3,North,60.1,57.3,Express
8626,2024-10-05,2024-10-08,2024-10-14,WH-B,Carrier-2,South,76.0,156.41,Critical
8627,2024-07-26,2024-07-31,,WH-B,Carrier-1,South,64.3,147.14,Critical
8628,2026-04-01,2026-04-09,2026-04-13,WH-A,Carrier-2,North,63.2,74.58,Standard
8629,2025-05-09,2025-05-12,,WH-A,Carrier-3,North,21.7,29.61,Express
8630,2024-06-14,2024-06-21,2024-06-19,WH-C,Carrier-2,East,80.0,214.38,Critical
8631,2025-09-26,2025-10-03,2025-10-07,WH-A,Carrier-3,South,60.9,35.36,Standard
8632,2025-11-21,2025-11-28,2025-12-04,WH-A,Carrier-3,South,56.3,86.99,Standard
8633,2024-03-24,2024-03-31,2024-04-08,WH-D,Carrier-3,East,75.4,5.46,Standard
8634,2024-03-29,2024-04-03,2024-04-09,WH-A,Carrier-1,West,57.6,223.92,Standard
8635,2026-04-14,2026-04-20,2026-04-20,WH-B,Carrier-1,North,68.6,37.69,Critical
8636,2024-06-26,2024-07-03,2024-07-02,WH-A,Carrier-1,East,72.0,100.59,Critical
8637,2025-07-08,2025-07-14,2025-07-16,WH-C,Carrier-3,East,44.9,219.79,Critical
8638,2025-02-17,2025-02-24,2025-02-23,WH-C,Carrier-2,East,25.4,17.11,Express
8639,2024-04-14,2024-04-18,2024-04-23,WH-A,Carrier-3,North,74.5,176.38,Standard
8640,2025-08-22,2025-08-27,2025-09-02,WH-C,Carrier-3,East,46.2,44.62,Standard
8641,2026-03-17,2026-03-21,2026-03-20,WH-A,Carrier-1,East,50.0,103.93,Express
8642,2025-12-07,2025-12-12,2025-12-10,WH-D,Carrier-3,South,21.4,42.96,Express
8643,2024-02-10,2024-02-16,2024-02-23,WH-C,Carrier-2,North,51.8,92.13,Express
8644,2024-08-25,2024-08-31,2024-09-08,WH-B,Carrier-1,West,17.0,32.38,Standard
8645,2024-09-16,2024-09-21,2024-09-28,WH-D,Carrier-2,North,51.2,36.43,Standard
8646,2026-01-14,2026-01-17,2026-01-15,WH-D,Carrier-3,North,31.1,80.91,Express
8647,2026-03-14,2026-03-18,2026-03-24,WH-D,Carrier-1,East,2.6,228.51,Critical
8648,2025-04-20,2025-04-28,2025-04-27,WH-C,Carrier-1,South,34.5,116.04,Standard
8649,2024-01-20,2024-01-24,2024-01-26,WH-C,Carrier-3,West,14.6,43.91,Critical
8650,2025-07-16,2025-07-19,2025-07-23,WH-A,Carrier-1,East,27.4,150.1,Standard
8651,2024-05-28,2024-06-03,2024-06-02,WH-B,Carrier-1,West,33.2,149.11,Standard
8652,2024-11-04,2024-11-09,2024-11-14,WH-A,Carrier-3,East,67.2,36.67,Express
8653,2025-09-03,2025-09-11,2025-09-17,WH-C,Carrier-1,East,5.4,5.99,Standard
8654,2026-03-05,2026-03-11,2026-03-09,WH-C,Carrier-1,North,30.3,116.5,Critical
8655,2024-06-09,2024-06-12,2024-06-18,WH-C,Carrier-3,South,6.1,187.55,Critical
8656,2025-08-15,2025-08-23,2025-08-31,WH-B,Carrier-3,South,63.7,229.43,Express
8657,2026-08-08,2026-08-10,2026-08-12,WH-B,Carrier-1,East,32.5,89.52,Express
8658,2025-12-06,2025-12-11,2025-12-19,WH-A,Carrier-1,North,1.7,194.5,Standard
8659,2024-07-02,2024-07-05,2024-07-03,WH-C,Carrier-1,North,74.1,53.99,Express
8660,2026-01-31,2026-02-03,2026-02-08,WH-B,Carrier-3,West,10.5,14.03,Express
8661,2024-10-31,2024-11-07,2024-11-14,WH-B,Carrier-3,North,56.8,132.59,Critical
8662,2025-03-14,2025-03-16,2025-03-17,WH-C,Carrier-1,North,57.0,216.93,Express
8663,2025-06-14,2025-06-17,2025-06-18,WH-D,Carrier-2,North,41.4,8.39,Standard
8664,2024-11-17,2024-11-25,2024-11-27,WH-D,Carrier-3,North,0.8,231.26,Critical
8665,2024-04-10,2024-04-15,2024-04-14,WH-B,Carrier-2,West,12.8,11.71,Critical
8666,2025-12-19,2025-12-24,2025-12-23,WH-A,Carrier-2,West,28.8,219.94,Standard
8667,2024-04-22,2024-04-25,2024-04-25,WH-A,Carrier-1,West,39.7,149.52,Express
8668,2024-03-25,2024-03-31,2024-04-01,WH-D,Carrier-3,South,7.8,11.2,Express
8669,2024-09-18,2024-09-25,2024-09-27,WH-B,Carrier-1,West,46.4,156.52,Express
8670,2024-07-24,2024-07-29,2024-07-30,WH-C,Carrier-2,North,59.6,229.37,Critical
8671,2025-10-22,2025-10-30,2025-10-28,WH-C,Carrier-3,North,40.2,102.45,Critical
8672,2026-08-20,2026-08-23,2026-08-22,WH-C,Carrier-3,South,64.0,146.03,Critical
8673,2024-10-04,2024-10-10,2024-10-10,WH-B,Carrier-2,South,19.3,239.92,Critical
8674,2026-08-27,2026-09-02,2026-09-02,WH-D,Carrier-1,South,15.1,168.72,Express
8675,2024-07-28,2024-07-31,2024-08-02,WH-D,Carrier-2,West,49.2,80.83,Standard
8676,2026-02-06,2026-02-08,2026-02-12,WH-C,Carrier-2,East,34.3,192.42,Standard
8677,2025-05-27,2025-05-30,2025-06-07,WH-B,Carrier-2,North,32.6,110.05,Standard
8678,2026-08-25,2026-08-27,2026-09-02,WH-C,Carrier-3,West,71.3,219.08,Critical
8679,2026-03-07,2026-03-09,2026-03-09,WH-A,Carrier-1,West,69.6,46.43,Standard
8680,2025-08-29,2025-09-05,2025-09-03,WH-D,Carrier-3,South,59.0,102.49,Critical
8681,2025-09-26,2025-09-28,2025-09-29,WH-D,Carrier-1,North,54.4,235.43,Express
8682,2025-08-16,2025-08-18,2025-08-16,WH-C,Carrier-1,West,63.9,97.57,Standard
8683,2024-02-06,2024-02-14,2024-02-16,WH-C,Carrier-3,East,78.7,235.93,Express
8684,2024-04-14,2024-04-17,2024-04-24,WH-A,Carrier-3,North,19.6,237.73,Standard
8685,2026-04-24,2026-04-28,2026-05-04,WH-C,Carrier-1,West,64.7,111.08,Standard
8686,2026-05-17,2026-05-25,2026-05-24,WH-A,Carrier-2,West,36.5,171.56,Critical
8687,2026-03-15,2026-03-20,2026-03-21,WH-B,Carrier-2,West,9.7,29.27,Standard
8688,2025-08-10,2025-08-18,,WH-B,Carrier-2,West,74.3,69.48,Critical
8689,2026-01-07,2026-01-09,2026-01-07,WH-B,Carrier-3,South,14.6,32.18,Express
8690,2024-09-30,2024-10-02,2024-10-07,WH-C,Carrier-1,North,73.5,227.37,Express
8691,2025-03-25,2025-04-01,2025-04-02,WH-D,Carrier-2,North,3.0,150.19,Critical
8692,2025-10-23,2025-10-29,2025-10-27,WH-C,Carrier-1,South,29.0,117.28,Express
8693,2026-07-02,2026-07-06,2026-07-08,WH-B,Carrier-3,South,78.0,109.4,Express
8694,2024-11-27,2024-12-01,2024-12-04,WH-A,Carrier-1,East,18.5,223.17,Express
8695,2025-04-15,2025-04-22,2025-04-23,WH-C,Carrier-2,West,37.1,150.78,Express
8696,2024-07-18,2024-07-25,,WH-D,Carrier-1,South,32.5,234.88,Standard
8697,2025-04-24,2025-04-26,2025-04-28,WH-B,Carrier-1,West,64.2,231.8,Standard
8698,2025-04-16,2025-04-23,2025-04-28,WH-C,Carrier-1,West,8.6,117.39,Express
8699,2026-01-25,2026-01-28,2026-01-28,WH-D,Carrier-2,North,70.6,226.87,Critical
8700,2025-12-11,2025-12-17,2025-12-18,WH-D,Carrier-1,South,33.2,108.78,Standard
8701,2025-01-03,2025-01-07,2025-01-13,WH-B,Carrier-2,West,45.7,63.45,Express
8702,2026-03-17,2026-03-20,2026-03-24,WH-D,Carrier-3,East,18.6,74.17,Standard
8703,2025-09-04,2025-09-11,2025-09-11,WH-C,Carrier-3,West,63.4,233.25,Standard
8704,2024-05-29,2024-06-06,2024-06-05,WH-B,Carrier-3,North,54.5,138.69,Standard
8705,2026-08-21,2026-08-25,2026-08-23,WH-D,Carrier-1,East,9.8,183.67,Critical
8706,2025-12-18,2025-12-20,2025-12-21,WH-A,Carrier-3,North,41.1,32.27,Express
8707,2025-01-16,2025-01-21,2025-01-29,WH-B,Carrier-3,South,16.1,108.95,Critical
8708,2025-01-04,2025-01-07,2025-01-09,WH-A,Carrier-1,West,31.3,31.56,Express
8709,2024-08-08,2024-08-12,2024-08-12,WH-A,Carrier-1,East,30.3,151.36,Express
8710,2025-08-04,2025-08-06,2025-08-07,WH-D,Carrier-2,North,41.2,17.08,Standard
8711,2024-10-19,2024-10-25,2024-10-31,WH-C,Carrier-3,South,63.3,172.0,Standard
8712,2026-06-13,2026-06-16,2026-06-23,WH-C,Carrier-3,South,38.4,237.51,Express
8713,2026-03-02,2026-03-10,2026-03-08,WH-B,Carrier-3,South,41.5,82.29,Express
8714,2025-05-23,2025-05-30,2025-06-03,WH-B,Carrier-2,East,35.4,32.26,Express
8715,2024-08-29,2024-09-06,2024-09-04,WH-D,Carrier-2,South,55.6,234.55,Critical
8716,2025-11-27,2025-11-29,2025-12-05,WH-C,Carrier-2,South,31.2,140.53,Critical
8717,2026-08-04,2026-08-10,2026-08-12,WH-A,Carrier-2,North,5.2,41.17,Express
8718,2025-01-13,2025-01-17,2025-01-20,WH-B,Carrier-2,West,8.1,187.22,Standard
8719,2024-06-17,2024-06-23,,WH-A,Carrier-1,South,54.0,206.49,Express
8720,2024-01-26,2024-01-30,2024-02-04,WH-D,Carrier-3,North,49.8,112.75,Express
8721,2026-05-23,2026-05-31,2026-05-29,WH-A,Carrier-1,East,18.7,237.72,Critical
8722,2024-03-31,2024-04-05,2024-04-03,WH-C,Carrier-2,North,30.5,19.93,Critical
8723,2025-02-17,2025-02-22,2025-02-20,WH-A,Carrier-1,South,15.5,43.16,Express
8724,2026-02-11,2026-02-17,2026-02-16,WH-A,Carrier-3,South,52.2,24.25,Critical
8725,2025-02-28,2025-03-07,2025-03-13,WH-A,Carrier-2,East,18.1,230.46,Express
8726,2026-05-20,2026-05-23,2026-05-30,WH-B,Carrier-3,North,63.3,53.05,Critical
8727,2026-04-06,2026-04-14,2026-04-22,WH-C,Carrier-1,South,33.4,209.46,Critical
8728,2024-02-12,2024-02-17,,WH-C,Carrier-1,West,61.9,219.58,Standard
8729,2026-03-22,2026-03-30,2026-03-29,WH-A,Carrier-2,North,1.5,65.81,Standard
8730,2026-07-23,2026-07-27,2026-07-26,WH-A,Carrier-2,East,64.3,77.3,Standard
8731,2024-11-16,2024-11-22,2024-11-20,WH-B,Carrier-2,North,7.0,109.61,Express
8732,2024-06-26,2024-06-30,2024-07-01,WH-D,Carrier-2,North,41.2,109.98,Express
8733,2024-11-20,2024-11-22,2024-11-22,WH-C,Carrier-1,North,55.7,238.67,Standard
8734,2024-02-05,2024-02-09,2024-02-10,WH-A,Carrier-2,North,52.4,136.53,Critical
8735,2026-06-06,2026-06-11,2026-06-18,WH-B,Carrier-3,West,67.5,127.36,Express
8736,2025-06-14,2025-06-16,2025-06-21,WH-C,Carrier-2,South,33.9,218.24,Critical
8737,2024-04-27,2024-05-01,2024-05-04,WH-A,Carrier-1,West,33.1,18.38,Express
8738,2026-08-11,2026-08-18,2026-08-23,WH-C,Carrier-2,South,63.5,29.06,Critical
8739,2024-07-16,2024-07-23,2024-07-25,WH-C,Carrier-2,East,40.2,12.53,Express
8740,2025-12-15,2025-12-20,2025-12-18,WH-C,Carrier-2,West,56.1,89.25,Express
8741,2026-04-06,2026-04-08,,WH-A,Carrier-3,East,64.8,135.08,Critical
8742,2025-12-05,2025-12-13,2025-12-13,WH-B,Carrier-3,East,19.9,27.17,Express
8743,2024-08-26,2024-08-30,2024-08-29,WH-A,Carrier-1,East,68.1,233.8,Standard
8744,2025-03-03,2025-03-09,2025-03-15,WH-B,Carrier-1,South,35.8,142.26,Critical
8745,2025-07-07,2025-07-10,2025-07-14,WH-C,Carrier-1,East,0.6,172.67,Standard
8746,2025-02-04,2025-02-07,2025-02-14,WH-B,Carrier-3,West,60.7,151.14,Standard
8747,2024-02-29,2024-03-02,2024-03-01,WH-B,Carrier-1,North,2.7,61.27,Critical
8748,2026-03-14,2026-03-17,2026-03-18,WH-D,Carrier-2,South,42.0,216.08,Express
8749,2026-08-22,2026-08-26,2026-08-30,WH-B,Carrier-2,East,24.1,27.26,Critical
8750,2025-09-02,2025-09-08,2025-09-11,WH-C,Carrier-3,South,5.8,127.73,Critical
8751,2025-01-19,2025-01-22,2025-01-27,WH-C,Carrier-2,West,46.2,190.42,Standard
8752,2024-03-19,2024-03-21,2024-03-29,WH-A,Carrier-1,West,17.5,226.94,Critical
8753,2024-04-11,2024-04-17,2024-04-24,WH-D,Carrier-3,North,79.7,152.36,Standard
8754,2024-09-18,2024-09-21,2024-09-20,WH-B,Carrier-3,North,58.8,131.12,Express
8755,2025-12-22,2025-12-29,2025-12-29,WH-A,Carrier-3,South,41.3,137.05,Express
8756,2025-12-14,2025-12-16,2025-12-17,WH-C,Carrier-1,East,6.8,153.99,Standard
8757,2026-05-03,2026-05-07,2026-05-15,WH-D,Carrier-3,East,32.7,68.96,Express
8758,2026-06-15,2026-06-21,2026-06-22,WH-C,Carrier-1,South,74.6,43.62,Express
8759,2026-08-07,2026-08-15,2026-08-13,WH-D,Carrier-2,South,1.6,186.55,Critical
8760,2024-10-07,2024-10-10,2024-10-12,WH-C,Carrier-3,South,14.9,166.43,Express
8761,2025-02-18,2025-02-25,2025-03-04,WH-D,Carrier-3,West,15.3,41.31,Standard
8762,2026-07-18,2026-07-25,2026-07-31,WH-D,Carrier-1,West,48.0,130.32,Express
8763,2024-05-02,2024-05-10,2024-05-09,WH-D,Carrier-3,West,1.0,185.41,Critical
8764,2026-03-09,2026-03-11,2026-03-11,WH-B,Carrier-2,West,53.1,30.41,Standard
8765,2024-03-28,2024-04-05,2024-04-04,WH-B,Carrier-1,North,23.7,111.66,Critical
8766,2026-02-18,2026-02-20,2026-02-27,WH-A,Carrier-3,West,54.4,145.38,Standard
8767,2024-03-16,2024-03-18,2024-03-25,WH-C,Carrier-1,North,46.3,117.63,Express
8768,2025-03-06,2025-03-09,2025-03-07,WH-C,Carrier-3,North,2.3,85.43,Standard
8769,2024-03-14,2024-03-22,2024-03-24,WH-B,Carrier-1,South,57.2,124.77,Express
8770,2024-04-17,2024-04-19,2024-04-25,WH-C,Carrier-3,South,46.0,59.02,Standard
8771,2024-03-17,2024-03-23,2024-03-24,WH-D,Carrier-3,North,18.2,10.6,Standard
8772,2025-04-15,2025-04-18,2025-04-18,WH-C,Carrier-1,South,62.7,125.91,Critical
8773,2024-09-13,2024-09-19,2024-09-23,WH-B,Carrier-1,East,28.4,230.45,Express
8774,2024-08-02,2024-08-10,2024-08-15,WH-A,Carrier-2,North,1.0,157.14,Standard
8775,2025-05-17,2025-05-23,2025-05-29,WH-A,Carrier-2,North,35.9,145.21,Standard
8776,2025-08-08,2025-08-14,2025-08-12,WH-C,Carrier-1,East,46.7,114.46,Express
8777,2025-06-12,2025-06-16,2025-06-19,WH-A,Carrier-2,North,7.1,38.71,Express
8778,2024-06-12,2024-06-18,2024-06-20,WH-B,Carrier-2,North,69.7,198.2,Critical
8779,2025-02-23,2025-03-01,2025-03-09,WH-B,Carrier-1,West,18.9,143.31,Standard
8780,2024-09-25,2024-09-28,2024-10-06,WH-C,Carrier-1,North,64.0,206.46,Standard
8781,2026-08-04,2026-08-12,2026-08-17,WH-C,Carrier-3,South,75.7,222.87,Critical
8782,2024-05-14,2024-05-17,2024-05-15,WH-C,Carrier-1,North,45.2,48.85,Standard
8783,2026-05-05,2026-05-12,2026-05-11,WH-C,Carrier-3,East,58.1,161.7,Express
8784,2026-07-22,2026-07-26,2026-07-28,WH-A,Carrier-1,North,61.2,158.67,Standard
8785,2025-12-09,2025-12-12,2025-12-10,WH-D,Carrier-2,West,53.0,169.83,Express
8786,2024-01-11,2024-01-17,2024-01-19,WH-A,Carrier-2,West,7.7,64.73,Critical
8787,2024-12-02,2024-12-07,,WH-D,Carrier-3,West,11.9,65.93,Critical
8788,2025-09-25,2025-09-30,2025-09-29,WH-C,Carrier-2,East,31.7,161.66,Critical
8789,2024-03-20,2024-03-27,2024-03-25,WH-A,Carrier-1,West,48.6,205.59,Critical
8790,2024-03-06,2024-03-10,2024-03-08,WH-C,Carrier-2,North,12.2,32.5,Express
8791,2025-08-07,2025-08-12,,WH-C,Carrier-2,West,69.7,176.22,Standard
8792,2025-09-07,2025-09-11,2025-09-09,WH-B,Carrier-2,West,72.9,94.41,Express
8793,2025-06-22,2025-06-30,2025-07-08,WH-C,Carrier-3,West,27.6,162.08,Standard
8794,2025-05-26,2025-05-30,2025-06-07,WH-C,Carrier-2,South,27.4,73.83,Critical
8795,2025-11-25,2025-11-27,2025-12-03,WH-A,Carrier-3,South,77.2,167.52,Standard
8796,2025-10-24,2025-10-31,2025-11-02,WH-A,Carrier-2,West,74.3,170.15,Critical
8797,2026-05-09,2026-05-15,2026-05-22,WH-C,Carrier-3,North,56.3,202.52,Express
8798,2025-08-27,2025-09-04,2025-09-08,WH-D,Carrier-3,East,70.8,94.04,Express
8799,2024-10-21,2024-10-25,2024-10-28,WH-D,Carrier-1,West,11.6,220.89,Standard
8800,2025-01-28,2025-02-04,2025-02-09,WH-D,Carrier-3,West,47.1,190.21,Standard
8801,2024-02-22,2024-02-28,,WH-A,Carrier-3,East,4.9,110.99,Standard
8802,2026-02-18,2026-02-22,2026-03-01,WH-B,Carrier-3,West,74.3,171.61,Standard
8803,2024-10-25,2024-11-02,2024-11-06,WH-C,Carrier-2,South,46.7,231.2,Express
8804,2025-04-20,2025-04-27,,WH-D,Carrier-1,West,16.1,216.65,Standard
8805,2024-11-15,2024-11-20,2024-11-26,WH-D,Carrier-3,West,69.4,112.68,Express
8806,2025-09-05,2025-09-07,2025-09-07,WH-C,Carrier-1,West,71.1,148.34,Critical
8807,2025-08-04,2025-08-07,2025-08-10,WH-C,Carrier-1,East,49.2,199.92,Critical
8808,2025-04-11,2025-04-16,2025-04-18,WH-A,Carrier-1,East,14.0,71.02,Standard
8809,2025-07-01,2025-07-09,2025-07-13,WH-A,Carrier-2,South,8.7,160.42,Standard
8810,2024-07-12,2024-07-16,2024-07-16,WH-B,Carrier-2,East,24.0,83.88,Standard
8811,2024-05-28,2024-06-02,2024-05-31,WH-A,Carrier-1,South,20.7,209.27,Standard
8812,2025-04-14,2025-04-18,2025-04-24,WH-B,Carrier-1,East,13.7,38.49,Express
8813,2024-12-18,2024-12-26,2024-12-31,WH-B,Carrier-1,West,66.9,64.51,Express
8814,2024-11-07,2024-11-09,2024-11-15,WH-D,Carrier-1,South,46.0,60.27,Standard
8815,2026-03-27,2026-04-02,2026-03-31,WH-C,Carrier-3,South,33.9,107.07,Critical
8816,2025-06-05,2025-06-10,2025-06-09,WH-A,Carrier-1,North,17.9,126.42,Standard
8817,2025-02-22,2025-02-26,2025-03-01,WH-D,Carrier-3,South,78.8,62.36,Express
8818,2024-02-29,2024-03-03,2024-03-09,WH-D,Carrier-2,East,39.2,94.17,Standard
8819,2024-01-13,2024-01-20,2024-01-25,WH-A,Carrier-1,South,56.5,22.31,Standard
8820,2024-07-05,2024-07-10,,WH-A,Carrier-2,North,32.0,234.22,Standard
8821,2026-07-01,2026-07-03,2026-07-01,WH-C,Carrier-1,South,78.1,151.22,Standard
8822,2024-04-29,2024-05-07,2024-05-14,WH-D,Carrier-2,South,7.9,81.64,Express
8823,2026-08-22,2026-08-30,2026-08-31,WH-A,Carrier-2,North,46.7,154.06,Standard
8824,2024-04-13,2024-04-17,2024-04-18,WH-D,Carrier-2,East,38.2,90.84,Standard
8825,2024-01-18,2024-01-20,2024-01-23,WH-B,Carrier-2,West,54.2,59.93,Express
8826,2026-05-22,2026-05-26,2026-06-03,WH-D,Carrier-1,North,4.4,106.1,Standard
8827,2025-02-18,2025-02-24,2025-03-02,WH-A,Carrier-1,North,12.8,108.5,Critical
8828,2024-06-28,2024-07-04,2024-07-02,WH-D,Carrier-1,East,33.1,94.93,Critical
8829,2024-10-27,2024-10-29,2024-11-01,WH-D,Carrier-3,West,24.1,151.59,Standard
8830,2024-09-07,2024-09-13,2024-09-12,WH-C,Carrier-1,West,8.5,180.01,Express
8831,2025-03-25,2025-03-31,2025-04-06,WH-C,Carrier-1,South,71.2,30.28,Express
8832,2025-09-29,2025-10-03,2025-10-03,WH-B,Carrier-3,North,36.9,218.57,Critical
8833,2026-03-05,2026-03-08,2026-03-08,WH-D,Carrier-3,North,74.6,13.17,Critical
8834,2025-02-03,2025-02-09,2025-02-16,WH-C,Carrier-2,South,49.9,13.7,Critical
8835,2024-09-08,2024-09-14,2024-09-14,WH-B,Carrier-1,South,52.2,61.48,Critical
8836,2024-09-29,2024-10-01,2024-10-01,WH-D,Carrier-3,West,69.9,103.28,Standard
8837,2026-01-13,2026-01-21,2026-01-19,WH-A,Carrier-1,North,17.1,226.51,Express
8838,2025-07-31,2025-08-03,2025-08-06,WH-C,Carrier-2,South,78.6,152.16,Standard
8839,2025-12-07,2025-12-11,2025-12-19,WH-D,Carrier-2,South,54.3,58.55,Express
8840,2024-04-05,2024-04-10,2024-04-18,WH-B,Carrier-2,South,72.0,92.58,Standard
8841,2025-05-19,2025-05-23,2025-05-25,WH-D,Carrier-1,North,37.9,42.13,Express
8842,2025-05-22,2025-05-26,2025-05-25,WH-B,Carrier-3,West,2.4,201.84,Express
8843,2025-06-06,2025-06-11,2025-06-17,WH-B,Carrier-2,West,70.3,72.67,Critical
8844,2024-03-01,2024-03-05,2024-03-08,WH-D,Carrier-3,East,10.4,141.05,Standard
8845,2025-02-28,2025-03-03,2025-03-11,WH-D,Carrier-1,North,28.4,56.3,Express
8846,2025-02-11,2025-02-13,2025-02-14,WH-B,Carrier-3,West,43.9,113.07,Critical
8847,2024-07-28,2024-08-05,2024-08-03,WH-B,Carrier-2,East,20.3,96.71,Standard
8848,2024-12-18,2024-12-20,2024-12-21,WH-D,Carrier-1,North,49.5,111.0,Express
8849,2024-01-17,2024-01-24,2024-01-30,WH-B,Carrier-3,West,75.5,32.01,Critical
8850,2024-02-02,2024-02-08,2024-02-08,WH-D,Carrier-3,South,34.6,124.65,Critical
8851,2026-04-29,2026-05-06,2026-05-14,WH-D,Carrier-1,East,60.1,98.57,Critical
8852,2026-07-24,2026-07-28,,WH-C,Carrier-1,West,39.2,210.75,Express
8853,2026-03-20,2026-03-26,2026-04-03,WH-D,Carrier-3,South,58.8,26.98,Critical
8854,2025-10-11,2025-10-16,2025-10-18,WH-D,Carrier-1,South,51.9,163.98,Critical
8855,2024-10-26,2024-11-01,2024-11-07,WH-D,Carrier-1,East,58.2,65.69,Standard
8856,2024-02-12,2024-02-17,2024-02-24,WH-B,Carrier-2,East,1.6,106.59,Standard
8857,2024-12-26,2024-12-31,2025-01-02,WH-A,Carrier-1,North,63.6,218.62,Standard
8858,2026-05-09,2026-05-12,2026-05-20,WH-A,Carrier-3,South,15.4,87.14,Critical
8859,2025-11-15,2025-11-22,2025-11-25,WH-B,Carrier-2,West,6.5,31.16,Standard
8860,2026-06-23,2026-06-29,2026-07-04,WH-D,Carrier-3,East,60.4,132.04,Express
8861,2025-09-07,2025-09-14,2025-09-14,WH-A,Carrier-3,East,9.0,146.52,Critical
8862,2024-04-27,2024-05-05,2024-05-12,WH-D,Carrier-3,South,15.0,203.12,Critical
8863,2024-06-26,2024-07-01,2024-07-06,WH-D,Carrier-1,East,76.9,66.41,Critical
8864,2025-09-25,2025-09-30,2025-10-06,WH-C,Carrier-2,East,14.3,27.93,Express
8865,2025-04-20,2025-04-22,,WH-D,Carrier-1,West,30.3,18.27,Standard
8866,2026-06-16,2026-06-18,2026-06-24,WH-D,Carrier-1,North,46.2,131.46,Express
8867,2024-09-25,2024-09-29,2024-09-30,WH-C,Carrier-2,East,27.5,183.83,Express
8868,2024-04-25,2024-04-29,2024-05-01,WH-A,Carrier-1,West,40.7,12.65,Standard
8869,2026-07-18,2026-07-20,,WH-C,Carrier-3,West,61.7,64.44,Standard
8870,2025-12-26,2026-01-01,2026-01-01,WH-B,Carrier-2,South,42.1,186.92,Express
8871,2025-09-16,2025-09-19,2025-09-19,WH-A,Carrier-2,North,12.7,4.14,Standard
8872,2024-01-17,2024-01-22,2024-01-21,WH-B,Carrier-1,East,20.9,94.59,Express
8873,2026-03-17,2026-03-21,2026-03-26,WH-A,Carrier-2,East,3.1,94.21,Standard
8874,2026-04-05,2026-04-08,2026-04-16,WH-D,Carrier-3,West,9.0,128.61,Express
8875,2024-05-12,2024-05-20,2024-05-22,WH-B,Carrier-2,North,30.4,143.72,Critical
8876,2024-10-24,2024-10-27,2024-10-25,WH-B,Carrier-1,South,77.3,46.23,Standard
8877,2025-07-01,2025-07-08,2025-07-06,WH-B,Carrier-3,North,23.1,210.43,Express
8878,2025-11-01,2025-11-04,2025-11-06,WH-C,Carrier-3,South,54.0,227.14,Standard
8879,2024-04-06,2024-04-10,2024-04-16,WH-C,Carrier-3,South,24.5,112.09,Critical
8880,2025-09-24,2025-10-01,2025-10-07,WH-A,Carrier-2,North,53.6,72.85,Critical
8881,2024-01-06,2024-01-12,2024-01-18,WH-C,Carrier-3,South,29.9,38.93,Standard
8882,2025-09-12,2025-09-20,2025-09-26,WH-C,Carrier-1,South,22.8,146.31,Standard
8883,2026-04-14,2026-04-21,2026-04-29,WH-D,Carrier-3,South,21.4,131.15,Express
8884,2025-01-22,2025-01-25,2025-01-26,WH-B,Carrier-3,South,53.0,83.22,Express
8885,2024-06-03,2024-06-09,2024-06-16,WH-D,Carrier-2,East,16.6,98.4,Express
8886,2025-03-20,2025-03-22,2025-03-23,WH-B,Carrier-1,East,77.6,118.92,Critical
8887,2026-02-23,2026-02-25,2026-02-23,WH-D,Carrier-2,South,23.6,99.09,Critical
8888,2026-01-13,2026-01-19,2026-01-19,WH-D,Carrier-2,South,13.5,188.63,Express
8889,2024-07-09,2024-07-12,2024-07-18,WH-D,Carrier-2,North,66.1,83.44,Critical
8890,2024-04-16,2024-04-18,2024-04-17,WH-D,Carrier-3,South,45.0,35.86,Express
8891,2026-06-26,2026-06-30,2026-07-05,WH-B,Carrier-2,West,64.9,84.96,Critical
8892,2025-01-01,2025-01-06,2025-01-12,WH-A,Carrier-1,East,45.4,191.74,Critical
8893,2025-11-21,2025-11-24,2025-11-27,WH-B,Carrier-3,South,44.5,50.53,Critical
8894,2026-01-02,2026-01-06,2026-01-05,WH-A,Carrier-3,South,52.9,84.58,Express
8895,2026-01-03,2026-01-07,2026-01-07,WH-B,Carrier-1,East,0.6,168.79,Express
8896,2024-05-07,2024-05-10,2024-05-13,WH-A,Carrier-1,East,12.1,131.71,Standard
8897,2024-11-19,2024-11-26,2024-12-01,WH-D,Carrier-3,East,40.2,200.17,Express
8898,2026-06-08,2026-06-10,2026-06-13,WH-D,Carrier-1,East,40.5,178.04,Express
8899,2025-06-12,2025-06-18,2025-06-18,WH-A,Carrier-1,East,41.2,220.5,Critical
8900,2025-12-23,2025-12-30,2025-12-28,WH-D,Carrier-2,East,8.4,90.68,Critical
8901,2025-04-08,2025-04-11,2025-04-11,WH-C,Carrier-3,East,18.9,158.78,Express
8902,2026-06-01,2026-06-06,2026-06-06,WH-B,Carrier-2,South,52.4,87.41,Critical
8903,2024-11-05,2024-11-08,2024-11-08,WH-C,Carrier-2,West,20.4,196.37,Critical
8904,2025-11-23,2025-11-28,2025-12-02,WH-A,Carrier-2,West,14.9,52.1,Critical
8905,2026-04-11,2026-04-15,2026-04-20,WH-C,Carrier-3,West,50.0,131.2,Critical
8906,2025-11-11,2025-11-14,2025-11-18,WH-C,Carrier-2,West,12.3,60.88,Express
8907,2025-10-19,2025-10-27,2025-10-30,WH-A,Carrier-1,West,10.0,204.48,Standard
8908,2025-12-06,2025-12-12,2025-12-20,WH-B,Carrier-2,West,15.8,39.76,Standard
8909,2026-04-30,2026-05-08,2026-05-14,WH-D,Carrier-2,West,56.5,151.54,Standard
8910,2025-07-11,2025-07-14,2025-07-18,WH-C,Carrier-3,South,0.4,182.11,Standard
8911,2025-08-29,2025-08-31,2025-09-06,WH-A,Carrier-2,South,53.1,211.77,Critical
8912,2025-09-18,2025-09-22,2025-09-21,WH-A,Carrier-3,South,57.6,19.08,Standard
8913,2025-12-05,2025-12-10,2025-12-10,WH-D,Carrier-3,West,64.9,164.3,Standard
8914,2025-06-02,2025-06-06,2025-06-12,WH-D,Carrier-1,North,44.9,214.99,Critical
8915,2025-02-20,2025-02-28,2025-02-27,WH-C,Carrier-3,West,6.6,75.98,Critical
8916,2025-11-11,2025-11-19,2025-11-25,WH-A,Carrier-2,North,43.9,142.34,Express
8917,2026-07-13,2026-07-15,2026-07-19,WH-D,Carrier-1,East,6.4,13.98,Critical
8918,2025-06-19,2025-06-27,2025-07-04,WH-B,Carrier-2,West,55.7,71.01,Critical
8919,2025-09-04,2025-09-09,2025-09-13,WH-C,Carrier-2,South,60.3,228.84,Express
8920,2025-07-28,2025-08-02,2025-08-01,WH-B,Carrier-2,South,69.8,207.23,Critical
8921,2024-04-04,2024-04-12,2024-04-16,WH-B,Carrier-1,East,45.4,169.21,Standard
8922,2024-10-06,2024-10-08,2024-10-12,WH-D,Carrier-2,South,56.9,160.29,Critical
8923,2024-10-30,2024-11-07,2024-11-12,WH-B,Carrier-2,South,36.8,191.79,Express
8924,2024-07-12,2024-07-20,2024-07-27,WH-A,Carrier-1,North,10.1,102.32,Express
8925,2024-07-10,2024-07-12,2024-07-12,WH-B,Carrier-2,South,60.0,154.08,Standard
8926,2024-11-03,2024-11-08,2024-11-10,WH-B,Carrier-1,West,40.7,23.31,Standard
8927,2024-07-02,2024-07-07,2024-07-08,WH-A,Carrier-3,North,21.4,191.52,Express
8928,2025-12-02,2025-12-08,2025-12-14,WH-D,Carrier-3,South,29.9,6.4,Express
8929,2026-06-10,2026-06-18,2026-06-25,WH-A,Carrier-2,East,53.5,135.19,Express
8930,2026-03-31,2026-04-06,2026-04-12,WH-D,Carrier-1,West,71.8,114.1,Standard
8931,2025-06-24,2025-06-30,2025-07-05,WH-B,Carrier-1,North,35.2,231.12,Express
8932,2025-09-14,2025-09-21,2025-09-22,WH-D,Carrier-2,West,4.6,83.56,Standard
8933,2025-11-05,2025-11-13,2025-11-14,WH-A,Carrier-2,West,29.2,48.16,Express
8934,2025-05-01,2025-05-07,2025-05-08,WH-C,Carrier-3,West,36.6,143.59,Express
8935,2024-08-27,2024-09-04,2024-09-05,WH-A,Carrier-1,West,69.5,81.36,Critical
8936,2025-06-13,2025-06-18,2025-06-24,WH-C,Carrier-2,East,1.9,177.57,Express
8937,2026-06-07,2026-06-11,2026-06-11,WH-C,Carrier-1,North,31.7,239.98,Express
8938,2024-10-07,2024-10-09,2024-10-09,WH-B,Carrier-2,North,39.7,145.3,Express
8939,2024-04-18,2024-04-24,2024-05-01,WH-A,Carrier-2,East,11.0,192.78,Standard
8940,2025-11-14,2025-11-20,2025-11-24,WH-B,Carrier-1,South,38.1,26.48,Express
8941,2025-03-28,2025-04-02,2025-04-06,WH-B,Carrier-1,North,37.0,210.73,Express
8942,2024-08-27,2024-09-02,2024-08-31,WH-C,Carrier-2,South,71.4,186.34,Critical
8943,2025-01-17,2025-01-23,2025-01-21,WH-C,Carrier-3,West,41.9,96.34,Critical
8944,2024-08-20,2024-08-23,2024-08-28,WH-C,Carrier-2,North,48.7,5.1,Express
8945,2026-05-16,2026-05-22,2026-05-26,WH-C,Carrier-1,South,60.9,114.34,Express
8946,2026-01-21,2026-01-26,2026-02-03,WH-A,Carrier-1,South,71.7,196.2,Standard
8947,2024-10-21,2024-10-28,2024-10-28,WH-A,Carrier-1,West,20.1,124.08,Express
8948,2024-09-13,2024-09-20,,WH-D,Carrier-3,North,26.2,179.11,Standard
8949,2024-06-20,2024-06-23,2024-06-23,WH-D,Carrier-3,East,40.6,14.65,Express
8950,2024-08-21,2024-08-24,2024-08-22,WH-C,Carrier-3,East,36.8,100.64,Express
8951,2026-08-10,2026-08-13,2026-08-18,WH-A,Carrier-2,South,44.8,19.91,Standard
8952,2026-01-20,2026-01-23,2026-01-22,WH-B,Carrier-1,East,8.3,30.89,Standard
8953,2026-04-20,2026-04-27,2026-05-03,WH-B,Carrier-2,West,72.5,191.99,Critical
8954,2026-03-28,2026-04-02,2026-04-10,WH-B,Carrier-3,East,62.8,59.72,Standard
8955,2024-02-23,2024-02-26,2024-03-01,WH-A,Carrier-1,West,40.8,170.51,Critical
8956,2025-12-04,2025-12-10,2025-12-16,WH-B,Carrier-2,East,3.6,37.85,Critical
8957,2025-03-14,2025-03-20,2025-03-26,WH-A,Carrier-3,North,79.1,211.74,Standard
8958,2026-03-09,2026-03-15,2026-03-17,WH-B,Carrier-2,East,42.3,203.49,Standard
8959,2024-07-03,2024-07-05,2024-07-13,WH-B,Carrier-1,North,32.7,214.42,Standard
8960,2025-05-25,2025-06-01,2025-05-30,WH-B,Carrier-3,West,27.3,114.19,Critical
8961,2026-04-27,2026-04-29,2026-04-29,WH-C,Carrier-1,East,3.6,193.81,Critical
8962,2026-03-15,2026-03-20,2026-03-21,WH-A,Carrier-1,West,21.0,20.52,Standard
8963,2024-11-04,2024-11-06,2024-11-07,WH-B,Carrier-2,North,47.2,200.28,Express
8964,2024-08-22,2024-08-28,2024-09-05,WH-C,Carrier-2,South,9.6,205.57,Express
8965,2025-12-03,2025-12-05,2025-12-06,WH-B,Carrier-3,North,13.8,217.29,Standard
8966,2024-07-14,2024-07-21,2024-07-26,WH-B,Carrier-2,South,2.0,167.24,Express
8967,2026-03-13,2026-03-15,2026-03-22,WH-C,Carrier-1,South,3.9,163.74,Standard
8968,2026-06-05,2026-06-11,2026-06-11,WH-C,Carrier-3,East,14.3,68.04,Express
8969,2026-03-16,2026-03-21,2026-03-29,WH-A,Carrier-3,East,70.2,110.54,Express
8970,2025-04-16,2025-04-22,2025-04-29,WH-B,Carrier-1,East,43.0,226.58,Standard
8971,2024-10-11,2024-10-14,2024-10-17,WH-D,Carrier-1,East,10.1,99.63,Standard
8972,2024-08-29,2024-09-04,2024-09-10,WH-C,Carrier-2,South,60.2,34.1,Critical
8973,2026-02-28,2026-03-07,2026-03-11,WH-B,Carrier-3,West,4.4,150.4,Critical
8974,2026-04-21,2026-04-29,2026-04-27,WH-C,Carrier-1,West,9.6,28.62,Standard
8975,2024-05-10,2024-05-14,2024-05-16,WH-C,Carrier-1,West,48.1,168.7,Critical
8976,2026-05-28,2026-06-05,2026-06-12,WH-B,Carrier-3,North,27.9,4.35,Critical
8977,2025-06-10,2025-06-14,2025-06-16,WH-A,Carrier-3,West,28.2,193.43,Express
8978,2025-07-30,2025-08-05,2025-08-09,WH-C,Carrier-3,South,3.2,159.89,Standard
8979,2024-12-10,2024-12-15,2024-12-19,WH-C,Carrier-3,East,51.5,126.88,Critical
8980,2024-06-17,2024-06-19,2024-06-19,WH-B,Carrier-2,North,11.2,36.04,Critical
8981,2024-07-12,2024-07-14,2024-07-14,WH-B,Carrier-1,North,68.6,194.94,Express
8982,2025-10-05,2025-10-09,2025-10-12,WH-B,Carrier-3,West,35.0,150.75,Standard
8983,2024-05-21,2024-05-23,2024-05-22,WH-B,Carrier-2,South,38.5,196.71,Critical
8984,2026-05-10,2026-05-13,2026-05-16,WH-B,Carrier-3,South,65.2,206.02,Standard
8985,2025-02-15,2025-02-19,2025-02-27,WH-A,Carrier-3,South,40.6,128.45,Standard
8986,2024-05-19,2024-05-27,2024-05-31,WH-C,Carrier-3,North,45.8,108.02,Critical
8987,2024-09-26,2024-10-02,2024-10-07,WH-B,Carrier-1,East,2.9,192.78,Express
8988,2026-05-24,2026-06-01,2026-06-02,WH-A,Carrier-3,East,78.8,163.18,Standard
8989,2024-07-29,2024-08-04,,WH-C,Carrier-2,North,9.1,237.61,Express
8990,2024-08-28,2024-08-30,2024-09-07,WH-D,Carrier-1,East,35.8,157.86,Standard
8991,2026-05-19,2026-05-21,2026-05-22,WH-A,Carrier-1,West,50.4,217.54,Critical
8992,2025-11-08,2025-11-11,2025-11-10,WH-B,Carrier-3,East,42.8,34.22,Critical
8993,2024-01-01,2024-01-06,2024-01-05,WH-C,Carrier-3,North,57.3,123.03,Standard
8994,2025-10-04,2025-10-08,2025-10-14,WH-D,Carrier-1,West,40.9,82.42,Critical
8995,2024-06-23,2024-06-27,2024-07-05,WH-C,Carrier-1,North,22.7,29.21,Express
8996,2025-04-24,2025-04-29,2025-05-02,WH-C,Carrier-3,South,16.1,147.2,Standard
8997,2026-06-06,2026-06-10,2026-06-17,WH-C,Carrier-2,South,73.7,95.12,Critical
8998,2026-07-15,2026-07-23,2026-07-28,WH-A,Carrier-3,South,56.4,63.41,Standard
8999,2024-01-19,2024-01-21,2024-01-29,WH-C,Carrier-2,North,54.8,188.17,Standard
9000,2025-07-22,2025-07-29,2025-07-29,WH-B,Carrier-1,West,30.7,93.77,Express
9001,2025-11-24,2025-11-28,2025-12-01,WH-D,Carrier-1,North,73.9,164.04,Express
9002,2025-11-11,2025-11-15,2025-11-13,WH-A,Carrier-3,East,6.5,113.52,Express
9003,2024-04-13,2024-04-20,2024-04-23,WH-A,Carrier-2,North,16.7,90.92,Express
9004,2024-06-04,2024-06-10,2024-06-18,WH-A,Carrier-3,North,39.8,68.39,Critical
9005,2024-07-25,2024-08-02,2024-08-04,WH-B,Carrier-3,North,47.6,221.5,Express
9006,2026-06-16,2026-06-20,2026-06-19,WH-A,Carrier-3,North,64.2,195.35,Critical
9007,2025-11-26,2025-12-03,2025-12-02,WH-C,Carrier-3,East,59.2,231.65,Standard
9008,2026-03-19,2026-03-24,2026-03-22,WH-A,Carrier-3,East,50.5,168.71,Critical
9009,2025-08-27,2025-08-31,2025-09-05,WH-A,Carrier-2,West,75.6,202.73,Critical
9010,2025-07-14,2025-07-22,2025-07-26,WH-D,Carrier-1,North,3.5,32.83,Critical
9011,2024-03-26,2024-03-29,2024-04-04,WH-B,Carrier-3,South,40.2,225.09,Standard
9012,2026-03-06,2026-03-12,2026-03-13,WH-B,Carrier-1,West,22.9,155.47,Critical
9013,2025-07-14,2025-07-19,2025-07-26,WH-A,Carrier-1,West,52.1,123.72,Critical
9014,2025-09-03,2025-09-06,2025-09-04,WH-C,Carrier-2,North,53.6,71.3,Express
9015,2026-02-19,2026-02-26,2026-03-02,WH-D,Carrier-2,East,31.1,119.05,Express
9016,2024-04-19,2024-04-23,2024-04-26,WH-C,Carrier-1,West,12.3,123.83,Express
9017,2025-01-15,2025-01-21,2025-01-27,WH-A,Carrier-1,North,1.5,132.94,Critical
9018,2026-01-15,2026-01-18,2026-01-16,WH-C,Carrier-2,North,20.7,196.97,Critical
9019,2024-08-02,2024-08-05,2024-08-04,WH-A,Carrier-2,North,67.4,238.15,Express
9020,2026-03-29,2026-04-06,2026-04-13,WH-A,Carrier-2,North,23.6,16.81,Standard
9021,2024-11-10,2024-11-18,2024-11-18,WH-C,Carrier-3,West,32.5,4.64,Critical
9022,2024-04-30,2024-05-08,2024-05-07,WH-D,Carrier-1,East,7.4,206.79,Critical
9023,2025-04-20,2025-04-25,2025-04-30,WH-C,Carrier-1,East,32.9,144.89,Express
9024,2024-02-21,2024-02-29,2024-03-01,WH-D,Carrier-3,East,36.0,79.46,Critical
9025,2025-10-28,2025-11-01,2025-10-31,WH-A,Carrier-1,West,59.2,183.0,Standard
9026,2025-12-17,2025-12-24,2026-01-01,WH-C,Carrier-1,North,51.7,95.54,Standard
9027,2024-08-27,2024-09-01,,WH-A,Carrier-1,North,76.4,29.5,Critical
9028,2024-01-02,2024-01-06,2024-01-10,WH-B,Carrier-3,West,55.4,45.04,Critical
9029,2024-08-04,2024-08-11,2024-08-18,WH-A,Carrier-1,South,38.0,142.04,Express
9030,2025-11-28,2025-12-02,2025-12-04,WH-B,Carrier-1,West,77.4,228.36,Critical
9031,2024-11-09,2024-11-15,,WH-B,Carrier-1,West,4.0,126.63,Express
9032,2026-07-24,2026-07-28,2026-07-28,WH-D,Carrier-2,North,14.1,166.39,Critical
9033,2026-06-04,2026-06-11,2026-06-15,WH-D,Carrier-3,North,3.1,44.56,Standard
9034,2024-11-04,2024-11-07,2024-11-14,WH-D,Carrier-2,South,59.4,111.29,Standard
9035,2026-04-27,2026-04-29,2026-05-02,WH-B,Carrier-3,North,17.6,89.78,Critical
9036,2024-05-31,2024-06-07,2024-06-12,WH-B,Carrier-3,West,51.0,151.01,Standard
9037,2024-11-14,2024-11-20,2024-11-25,WH-D,Carrier-2,East,5.5,119.52,Standard
9038,2024-12-07,2024-12-11,2024-12-19,WH-C,Carrier-1,West,0.4,182.34,Critical
9039,2024-03-17,2024-03-19,2024-03-26,WH-A,Carrier-2,North,69.6,27.21,Critical
9040,2025-10-11,2025-10-19,,WH-D,Carrier-3,South,23.8,7.19,Express
9041,2026-05-29,2026-05-31,2026-06-08,WH-B,Carrier-1,West,65.2,26.3,Express
9042,2024-08-20,2024-08-28,2024-08-30,WH-A,Carrier-1,South,70.3,61.53,Standard
9043,2026-01-03,2026-01-05,2026-01-04,WH-C,Carrier-2,North,29.7,6.31,Critical
9044,2025-11-13,2025-11-20,2025-11-18,WH-B,Carrier-2,North,13.1,229.6,Standard
9045,2024-03-31,2024-04-02,2024-04-07,WH-C,Carrier-3,North,19.4,10.11,Standard
9046,2025-03-24,2025-03-29,2025-04-05,WH-C,Carrier-1,South,9.0,170.96,Standard
9047,2024-08-02,2024-08-06,2024-08-12,WH-A,Carrier-3,East,27.5,230.24,Standard
9048,2026-05-14,2026-05-20,2026-05-28,WH-A,Carrier-3,South,27.6,15.68,Standard
9049,2024-10-08,2024-10-11,2024-10-12,WH-A,Carrier-3,South,17.8,113.23,Express
9050,2025-07-04,2025-07-06,2025-07-10,WH-B,Carrier-2,West,59.4,82.24,Standard
9051,2024-12-28,2025-01-02,2025-01-08,WH-C,Carrier-1,East,45.2,156.28,Express
9052,2026-02-11,2026-02-19,2026-02-26,WH-B,Carrier-1,North,35.1,17.19,Critical
9053,2026-03-13,2026-03-20,2026-03-26,WH-D,Carrier-1,South,55.9,133.14,Express
9054,2025-07-03,2025-07-07,2025-07-07,WH-A,Carrier-3,North,3.1,163.84,Critical
9055,2025-02-09,2025-02-15,2025-02-23,WH-B,Carrier-3,West,35.4,115.29,Critical
9056,2026-03-28,2026-04-02,2026-04-09,WH-D,Carrier-2,South,66.2,65.0,Express
9057,2026-02-05,2026-02-10,2026-02-09,WH-D,Carrier-2,East,17.8,213.18,Standard
9058,2026-01-26,2026-02-01,2026-02-01,WH-A,Carrier-1,West,64.9,5.95,Express
9059,2025-11-26,2025-11-28,2025-12-03,WH-B,Carrier-3,West,79.9,205.74,Express
9060,2024-11-10,2024-11-15,2024-11-22,WH-C,Carrier-2,East,59.8,46.19,Express
9061,2025-04-26,2025-04-28,2025-05-06,WH-A,Carrier-2,West,13.0,24.23,Critical
9062,2025-02-24,2025-03-03,2025-03-11,WH-B,Carrier-3,North,74.1,201.52,Standard
9063,2026-05-10,2026-05-18,2026-05-22,WH-A,Carrier-1,East,59.6,18.78,Express
9064,2026-04-17,2026-04-19,2026-04-19,WH-D,Carrier-2,South,22.0,225.69,Standard
9065,2024-08-13,2024-08-18,2024-08-24,WH-B,Carrier-2,East,43.7,9.24,Critical
9066,2026-02-28,2026-03-06,2026-03-04,WH-D,Carrier-2,North,42.0,201.16,Critical
9067,2025-05-03,2025-05-06,2025-05-08,WH-B,Carrier-1,West,6.3,58.84,Express
9068,2026-08-13,2026-08-18,2026-08-19,WH-D,Carrier-2,East,2.2,197.24,Express
9069,2025-07-16,2025-07-22,2025-07-24,WH-D,Carrier-3,East,7.3,150.02,Critical
9070,2026-03-06,2026-03-14,2026-03-16,WH-B,Carrier-1,West,33.6,137.07,Express
9071,2024-02-24,2024-02-29,,WH-D,Carrier-3,West,66.5,33.94,Critical
9072,2025-03-07,2025-03-10,2025-03-17,WH-C,Carrier-2,South,66.2,12.15,Critical
9073,2026-01-26,2026-02-02,2026-01-31,WH-A,Carrier-3,East,73.8,96.86,Express
9074,2025-11-10,2025-11-16,2025-11-24,WH-C,Carrier-1,North,12.0,170.16,Standard
9075,2024-03-27,2024-04-04,2024-04-11,WH-C,Carrier-1,East,16.8,102.76,Express
9076,2024-09-08,2024-09-12,2024-09-13,WH-A,Carrier-3,North,67.9,127.58,Critical
9077,2026-03-11,2026-03-18,,WH-D,Carrier-3,West,9.9,227.03,Express
9078,2025-09-25,2025-09-27,2025-10-01,WH-C,Carrier-2,West,31.1,81.74,Express
9079,2026-03-23,2026-03-25,2026-03-26,WH-C,Carrier-3,North,17.6,24.76,Standard
9080,2025-04-30,2025-05-07,2025-05-14,WH-B,Carrier-2,West,34.6,70.52,Express
9081,2025-07-30,2025-08-04,,WH-C,Carrier-1,West,57.0,71.94,Critical
9082,2026-01-02,2026-01-10,2026-01-08,WH-B,Carrier-2,West,71.6,153.03,Standard
9083,2025-03-05,2025-03-12,2025-03-16,WH-B,Carrier-3,North,34.0,86.94,Critical
9084,2025-12-09,2025-12-14,,WH-A,Carrier-2,East,63.8,107.36,Standard
9085,2025-05-10,2025-05-13,2025-05-12,WH-A,Carrier-1,South,21.6,99.93,Express
9086,2025-10-15,2025-10-23,2025-10-23,WH-C,Carrier-3,East,30.4,213.27,Standard
9087,2025-04-28,2025-04-30,,WH-D,Carrier-2,North,61.2,229.05,Standard
9088,2024-09-11,2024-09-15,2024-09-20,WH-C,Carrier-3,West,46.3,42.19,Standard
9089,2025-05-19,2025-05-24,2025-05-24,WH-D,Carrier-2,North,50.5,91.18,Critical
9090,2024-11-08,2024-11-10,2024-11-11,WH-C,Carrier-3,South,42.6,118.31,Standard
9091,2025-09-24,2025-10-02,2025-10-08,WH-C,Carrier-1,East,48.3,62.04,Express
9092,2025-01-22,2025-01-30,2025-02-05,WH-A,Carrier-1,West,26.2,232.33,Critical
9093,2026-06-03,2026-06-08,2026-06-10,WH-D,Carrier-2,North,61.9,72.61,Standard
9094,2025-11-27,2025-11-30,2025-12-02,WH-D,Carrier-1,North,40.1,92.44,Critical
9095,2026-07-21,2026-07-26,2026-07-25,WH-D,Carrier-1,East,35.2,33.07,Critical
9096,2025-10-04,2025-10-06,,WH-D,Carrier-1,North,58.8,115.73,Express
9097,2025-01-25,2025-01-27,2025-01-28,WH-B,Carrier-2,West,15.6,63.71,Standard
9098,2025-05-01,2025-05-03,2025-05-11,WH-B,Carrier-3,North,34.4,130.78,Critical
9099,2025-05-06,2025-05-08,,WH-D,Carrier-3,East,72.1,194.75,Critical
9100,2026-06-18,2026-06-23,2026-06-30,WH-A,Carrier-2,South,64.9,81.53,Critical
9101,2024-10-02,2024-10-07,2024-10-07,WH-A,Carrier-1,West,36.4,12.51,Express
9102,2025-11-30,2025-12-06,2025-12-05,WH-A,Carrier-2,West,68.9,201.65,Express
9103,2025-05-29,2025-05-31,2025-06-06,WH-B,Carrier-2,East,34.9,125.59,Standard
9104,2025-01-03,2025-01-11,2025-01-17,WH-D,Carrier-1,South,39.8,69.31,Critical
9105,2025-12-27,2026-01-02,,WH-D,Carrier-1,North,57.7,33.34,Express
9106,2024-05-15,2024-05-21,2024-05-29,WH-D,Carrier-1,North,9.7,190.57,Standard
9107,2025-03-31,2025-04-03,2025-04-08,WH-C,Carrier-2,East,22.6,23.01,Standard
9108,2026-03-04,2026-03-06,,WH-D,Carrier-2,North,70.7,176.04,Critical
9109,2025-02-21,2025-02-27,2025-03-03,WH-D,Carrier-1,South,9.5,83.31,Express
9110,2026-02-13,2026-02-18,2026-02-17,WH-D,Carrier-2,West,25.0,203.03,Critical
9111,2024-10-30,2024-11-04,2024-11-12,WH-C,Carrier-1,East,40.6,211.85,Standard
9112,2025-08-03,2025-08-05,2025-08-04,WH-C,Carrier-1,West,32.7,139.97,Express
9113,2025-03-05,2025-03-11,2025-03-11,WH-D,Carrier-1,South,63.2,195.41,Standard
9114,2024-08-30,2024-09-03,2024-09-11,WH-D,Carrier-2,South,76.7,5.43,Standard
9115,2026-03-31,2026-04-07,2026-04-06,WH-B,Carrier-3,West,30.7,162.39,Express
9116,2025-06-23,2025-06-29,2025-07-05,WH-A,Carrier-1,West,6.2,125.51,Critical
9117,2024-05-04,2024-05-08,2024-05-15,WH-C,Carrier-2,East,19.4,138.12,Critical
9118,2025-02-14,2025-02-16,2025-02-24,WH-A,Carrier-3,West,19.4,233.15,Express
9119,2024-10-16,2024-10-24,,WH-B,Carrier-1,West,24.9,158.48,Express
9120,2026-03-05,2026-03-13,2026-03-20,WH-B,Carrier-2,North,6.8,204.41,Critical
9121,2026-07-25,2026-07-27,,WH-A,Carrier-1,South,76.6,132.59,Express
9122,2024-12-28,2025-01-04,2025-01-06,WH-A,Carrier-2,South,41.0,183.38,Standard
9123,2024-10-18,2024-10-24,2024-10-22,WH-A,Carrier-1,East,63.4,52.45,Standard
9124,2024-12-15,2024-12-19,2024-12-19,WH-C,Carrier-3,North,66.6,87.49,Critical
9125,2025-01-23,2025-01-31,2025-02-06,WH-A,Carrier-2,South,22.2,91.89,Express
9126,2024-11-16,2024-11-20,,WH-C,Carrier-3,North,14.8,199.29,Express
9127,2025-04-23,2025-05-01,2025-05-04,WH-C,Carrier-2,North,65.2,225.45,Express
9128,2026-08-15,2026-08-18,2026-08-26,WH-C,Carrier-3,North,63.9,48.2,Standard
9129,2026-08-02,2026-08-10,2026-08-15,WH-C,Carrier-1,East,25.5,206.59,Express
9130,2024-02-19,2024-02-21,2024-02-24,WH-B,Carrier-3,East,71.8,122.82,Critical
9131,2024-07-15,2024-07-18,2024-07-20,WH-C,Carrier-2,North,70.3,83.58,Standard
9132,2024-11-15,2024-11-18,2024-11-26,WH-C,Carrier-3,South,36.9,134.16,Critical
9133,2025-07-23,2025-07-27,2025-08-01,WH-D,Carrier-1,North,16.1,155.28,Standard
9134,2024-11-27,2024-11-30,2024-12-06,WH-A,Carrier-1,South,55.3,30.48,Critical
9135,2025-05-01,2025-05-07,2025-05-08,WH-C,Carrier-1,South,79.1,222.93,Critical
9136,2024-12-21,2024-12-23,2024-12-24,WH-C,Carrier-1,East,74.8,69.12,Express
9137,2024-04-24,2024-04-30,2024-05-08,WH-B,Carrier-3,West,49.4,47.09,Critical
9138,2024-11-02,2024-11-04,2024-11-12,WH-A,Carrier-2,South,6.2,127.64,Standard
9139,2024-03-23,2024-03-30,2024-03-28,WH-A,Carrier-3,South,32.7,120.44,Express
9140,2024-04-24,2024-04-27,2024-04-28,WH-B,Carrier-1,West,2.8,40.32,Standard
9141,2024-07-21,2024-07-24,2024-07-23,WH-D,Carrier-1,North,48.0,57.43,Express
9142,2026-08-19,2026-08-25,2026-08-25,WH-C,Carrier-1,North,48.2,140.85,Critical
9143,2026-03-22,2026-03-28,2026-04-04,WH-D,Carrier-1,East,8.3,29.4,Critical
9144,2025-11-02,2025-11-06,2025-11-12,WH-A,Carrier-3,East,28.8,237.26,Standard
9145,2025-04-28,2025-05-04,2025-05-02,WH-D,Carrier-2,North,17.0,33.42,Express
9146,2024-06-25,2024-07-03,2024-07-10,WH-B,Carrier-2,West,58.3,119.32,Express
9147,2026-02-01,2026-02-09,2026-02-07,WH-D,Carrier-3,East,29.1,71.77,Critical
9148,2026-08-28,2026-09-05,2026-09-05,WH-B,Carrier-2,North,36.6,122.36,Critical
9149,2026-02-01,2026-02-06,2026-02-11,WH-A,Carrier-3,South,57.5,235.0,Express
9150,2026-03-31,2026-04-06,,WH-B,Carrier-1,South,36.1,192.48,Standard
9151,2025-10-17,2025-10-19,2025-10-20,WH-A,Carrier-2,West,1.6,170.33,Critical
9152,2026-03-20,2026-03-24,2026-03-26,WH-B,Carrier-3,East,69.7,68.93,Critical
9153,2026-04-30,2026-05-08,2026-05-11,WH-A,Carrier-2,South,73.2,144.55,Standard
9154,2026-05-09,2026-05-14,2026-05-12,WH-B,Carrier-1,North,75.2,136.35,Critical
9155,2025-03-07,2025-03-09,2025-03-09,WH-C,Carrier-2,North,50.7,142.18,Standard
9156,2024-12-31,2025-01-02,2025-01-09,WH-D,Carrier-2,West,2.1,16.37,Express
9157,2026-06-03,2026-06-06,2026-06-06,WH-C,Carrier-3,North,38.1,55.27,Express
9158,2024-08-29,2024-09-03,,WH-B,Carrier-1,South,5.2,141.4,Standard
9159,2024-03-20,2024-03-28,,WH-B,Carrier-2,North,74.5,224.23,Express
9160,2025-11-28,2025-11-30,2025-12-07,WH-C,Carrier-1,West,26.6,17.24,Express
9161,2025-05-23,2025-05-26,2025-06-01,WH-D,Carrier-3,South,63.8,14.46,Standard
9162,2024-05-21,2024-05-26,2024-05-31,WH-C,Carrier-3,East,47.7,162.34,Standard
9163,2024-12-18,2024-12-25,2025-01-02,WH-C,Carrier-3,West,8.9,120.65,Express
9164,2025-03-08,2025-03-10,2025-03-13,WH-C,Carrier-3,North,35.7,132.63,Critical
9165,2024-04-27,2024-05-03,2024-05-10,WH-B,Carrier-1,East,60.7,237.37,Standard
9166,2025-09-07,2025-09-11,2025-09-10,WH-A,Carrier-1,North,19.6,44.52,Express
9167,2026-03-11,2026-03-13,2026-03-19,WH-C,Carrier-2,North,31.9,50.68,Express
9168,2026-07-28,2026-08-04,,WH-C,Carrier-3,East,74.2,92.51,Express
9169,2024-08-25,2024-08-31,2024-09-08,WH-C,Carrier-3,North,23.5,14.46,Critical
9170,2024-04-09,2024-04-17,2024-04-24,WH-D,Carrier-3,West,56.5,152.3,Standard
9171,2025-05-13,2025-05-21,2025-05-25,WH-D,Carrier-3,West,74.2,43.99,Standard
9172,2025-03-17,2025-03-23,2025-03-30,WH-A,Carrier-3,South,61.9,225.86,Standard
9173,2024-07-05,2024-07-13,2024-07-19,WH-B,Carrier-3,West,31.2,158.72,Express
9174,2024-02-10,2024-02-16,2024-02-21,WH-A,Carrier-1,North,64.3,183.33,Express
9175,2024-06-23,2024-06-25,2024-06-26,WH-B,Carrier-3,North,56.3,200.03,Express
9176,2026-08-23,2026-08-26,2026-08-25,WH-A,Carrier-1,North,10.5,85.77,Express
9177,2026-06-04,2026-06-10,2026-06-12,WH-C,Carrier-2,West,12.7,46.39,Express
9178,2026-04-05,2026-04-07,2026-04-06,WH-D,Carrier-2,North,75.0,67.49,Standard
9179,2024-03-04,2024-03-06,2024-03-14,WH-B,Carrier-1,South,54.5,84.14,Critical
9180,2026-06-21,2026-06-26,2026-06-25,WH-A,Carrier-2,West,1.9,206.98,Critical
9181,2025-09-19,2025-09-24,2025-09-24,WH-C,Carrier-1,West,15.4,130.68,Standard
9182,2024-04-15,2024-04-17,2024-04-20,WH-B,Carrier-1,West,34.8,44.91,Standard
9183,2025-09-21,2025-09-27,2025-10-01,WH-B,Carrier-3,West,59.6,182.58,Standard
9184,2025-08-08,2025-08-16,2025-08-18,WH-A,Carrier-3,West,44.7,199.08,Critical
9185,2025-05-16,2025-05-23,2025-05-21,WH-C,Carrier-3,East,79.3,97.39,Express
9186,2026-07-22,2026-07-28,2026-08-02,WH-A,Carrier-2,South,12.4,230.73,Critical
9187,2025-12-03,2025-12-05,2025-12-05,WH-B,Carrier-3,East,70.7,226.15,Standard
9188,2026-07-13,2026-07-18,2026-07-25,WH-B,Carrier-2,West,35.4,64.49,Standard
9189,2024-10-21,2024-10-24,2024-11-01,WH-D,Carrier-2,South,33.5,112.35,Standard
9190,2025-08-12,2025-08-15,2025-08-16,WH-A,Carrier-1,West,45.1,12.93,Standard
9191,2025-01-08,2025-01-15,2025-01-14,WH-C,Carrier-3,West,17.1,227.39,Critical
9192,2026-05-14,2026-05-18,2026-05-21,WH-C,Carrier-1,South,67.3,140.57,Standard
9193,2025-04-29,2025-05-01,2025-05-03,WH-A,Carrier-2,South,11.8,46.64,Critical
9194,2025-04-02,2025-04-04,2025-04-05,WH-A,Carrier-2,South,41.9,59.38,Standard
9195,2024-04-26,2024-04-28,2024-05-05,WH-A,Carrier-1,North,71.6,187.94,Standard
9196,2026-07-20,2026-07-28,2026-08-02,WH-D,Carrier-2,East,77.5,180.29,Express
9197,2025-11-15,2025-11-18,2025-11-17,WH-C,Carrier-1,East,63.2,21.01,Critical
9198,2026-02-05,2026-02-08,2026-02-09,WH-C,Carrier-2,West,25.3,21.82,Express
9199,2026-03-13,2026-03-19,2026-03-24,WH-A,Carrier-2,North,57.5,68.3,Express
9200,2024-12-18,2024-12-20,2024-12-18,WH-B,Carrier-3,North,7.1,170.63,Express
9201,2025-12-19,2025-12-26,2026-01-03,WH-A,Carrier-3,South,59.9,8.18,Critical
9202,2025-02-02,2025-02-05,2025-02-08,WH-C,Carrier-1,North,68.9,79.36,Express
9203,2025-11-19,2025-11-24,2025-11-28,WH-A,Carrier-3,East,35.1,5.97,Standard
9204,2026-05-27,2026-06-01,2026-06-09,WH-D,Carrier-1,North,38.7,160.56,Standard
9205,2025-01-03,2025-01-08,2025-01-06,WH-D,Carrier-1,North,53.5,128.54,Express
9206,2026-05-08,2026-05-11,2026-05-12,WH-A,Carrier-3,West,37.3,148.15,Express
9207,2026-07-20,2026-07-26,2026-07-29,WH-D,Carrier-2,South,58.8,208.94,Express
9208,2024-05-01,2024-05-07,2024-05-12,WH-A,Carrier-1,North,13.1,75.15,Critical
9209,2026-03-14,2026-03-17,,WH-C,Carrier-1,East,43.7,71.16,Express
9210,2025-03-15,2025-03-18,2025-03-18,WH-D,Carrier-2,West,42.7,113.63,Standard
9211,2026-03-22,2026-03-28,2026-03-29,WH-B,Carrier-2,West,62.2,239.28,Express
9212,2025-06-15,2025-06-21,,WH-B,Carrier-1,South,38.7,14.09,Standard
9213,2025-07-20,2025-07-24,2025-07-28,WH-B,Carrier-3,South,22.3,152.19,Express
9214,2025-01-16,2025-01-19,2025-01-17,WH-C,Carrier-1,North,53.6,87.8,Express
9215,2026-01-05,2026-01-07,2026-01-05,WH-D,Carrier-1,North,39.3,133.97,Critical
9216,2024-10-25,2024-11-01,2024-10-30,WH-D,Carrier-2,North,54.8,181.51,Standard
9217,2024-06-02,2024-06-07,2024-06-10,WH-A,Carrier-2,North,73.5,177.79,Express
9218,2025-08-03,2025-08-11,2025-08-10,WH-C,Carrier-2,West,14.2,141.32,Standard
9219,2024-12-01,2024-12-07,2024-12-12,WH-B,Carrier-1,East,69.9,180.16,Critical
9220,2025-09-25,2025-09-29,,WH-D,Carrier-2,West,17.5,118.31,Standard
9221,2026-03-06,2026-03-13,2026-03-15,WH-D,Carrier-2,East,46.0,203.3,Express
9222,2025-08-13,2025-08-21,2025-08-25,WH-A,Carrier-2,North,28.3,78.64,Standard
9223,2026-02-15,2026-02-18,2026-02-26,WH-C,Carrier-1,North,48.0,67.31,Standard
9224,2024-04-29,2024-05-03,2024-05-03,WH-B,Carrier-2,North,28.6,13.31,Express
9225,2025-05-27,2025-05-31,2025-06-03,WH-D,Carrier-3,South,60.8,162.39,Express
9226,2025-03-14,2025-03-17,2025-03-25,WH-D,Carrier-2,North,55.7,45.58,Express
9227,2025-12-11,2025-12-15,2025-12-13,WH-B,Carrier-2,South,60.9,160.01,Critical
9228,2025-04-09,2025-04-11,2025-04-13,WH-B,Carrier-3,East,26.9,141.93,Critical
9229,2025-09-06,2025-09-11,2025-09-14,WH-C,Carrier-3,South,71.9,39.02,Express
9230,2026-06-27,2026-07-02,2026-07-03,WH-C,Carrier-2,East,11.6,68.94,Standard
9231,2024-05-11,2024-05-19,2024-05-21,WH-B,Carrier-2,South,57.3,195.46,Critical
9232,2024-04-11,2024-04-14,2024-04-16,WH-B,Carrier-2,West,79.0,203.97,Critical
9233,2026-04-18,2026-04-24,2026-04-27,WH-B,Carrier-1,West,35.2,18.38,Standard
9234,2024-10-12,2024-10-20,2024-10-19,WH-B,Carrier-3,North,26.4,131.23,Express
9235,2025-11-12,2025-11-16,2025-11-24,WH-C,Carrier-1,West,76.6,67.38,Critical
9236,2024-09-12,2024-09-14,2024-09-14,WH-C,Carrier-2,West,22.6,216.98,Express
9237,2024-10-21,2024-10-29,2024-11-06,WH-D,Carrier-3,East,39.7,112.06,Critical
9238,2024-01-02,2024-01-07,,WH-A,Carrier-2,North,15.1,184.81,Critical
9239,2024-08-27,2024-09-03,2024-09-11,WH-C,Carrier-2,West,46.9,180.77,Standard
9240,2025-10-15,2025-10-20,2025-10-27,WH-A,Carrier-1,East,51.0,219.8,Standard
9241,2026-08-28,2026-09-01,2026-09-08,WH-C,Carrier-1,West,63.2,43.17,Critical
9242,2024-07-14,2024-07-17,2024-07-25,WH-D,Carrier-1,East,17.8,176.33,Critical
9243,2024-08-04,2024-08-11,2024-08-12,WH-A,Carrier-2,South,21.7,17.74,Express
9244,2024-06-10,2024-06-14,2024-06-20,WH-B,Carrier-2,West,60.2,111.85,Critical
9245,2025-06-24,2025-06-28,,WH-D,Carrier-2,South,18.9,117.93,Critical
9246,2024-04-26,2024-05-03,2024-05-04,WH-D,Carrier-1,West,77.9,37.94,Standard
9247,2026-04-15,2026-04-21,2026-04-23,WH-B,Carrier-2,North,69.5,119.27,Standard
9248,2026-07-19,2026-07-21,2026-07-23,WH-B,Carrier-3,North,25.3,153.12,Express
9249,2026-04-17,2026-04-20,2026-04-23,WH-B,Carrier-2,North,32.5,45.68,Critical
9250,2025-05-14,2025-05-17,2025-05-19,WH-B,Carrier-3,South,73.9,68.29,Express
9251,2026-03-24,2026-03-26,2026-03-26,WH-D,Carrier-1,West,13.3,10.71,Critical
9252,2025-01-24,2025-01-31,2025-02-05,WH-D,Carrier-1,West,70.0,175.37,Express
9253,2024-10-01,2024-10-05,2024-10-08,WH-A,Carrier-2,South,62.4,106.42,Critical
9254,2025-03-15,2025-03-20,,WH-D,Carrier-1,West,43.3,24.55,Express
9255,2026-04-22,2026-04-30,2026-04-30,WH-A,Carrier-1,North,1.6,11.7,Express
9256,2025-09-30,2025-10-07,2025-10-13,WH-D,Carrier-1,South,22.5,94.7,Critical
9257,2024-01-29,2024-02-05,2024-02-12,WH-B,Carrier-3,North,71.1,161.54,Standard
9258,2025-11-28,2025-12-04,2025-12-11,WH-A,Carrier-2,South,63.0,87.36,Standard
9259,2026-08-28,2026-09-02,2026-09-05,WH-D,Carrier-2,North,48.7,21.38,Standard
9260,2024-02-24,2024-03-01,2024-03-04,WH-D,Carrier-2,East,8.9,183.73,Standard
9261,2024-02-27,2024-03-03,2024-03-10,WH-A,Carrier-3,West,75.9,58.46,Standard
9262,2025-07-12,2025-07-16,2025-07-21,WH-A,Carrier-1,West,57.4,87.48,Express
9263,2025-04-20,2025-04-24,2025-04-26,WH-A,Carrier-2,North,27.2,128.36,Express
9264,2024-01-19,2024-01-21,,WH-B,Carrier-3,North,72.0,162.99,Express
9265,2025-12-27,2025-12-30,2026-01-03,WH-B,Carrier-2,South,54.1,88.48,Standard
9266,2024-03-12,2024-03-16,2024-03-23,WH-D,Carrier-3,North,15.3,223.03,Express
9267,2024-01-16,2024-01-24,2024-01-27,WH-C,Carrier-2,West,58.4,38.84,Standard
9268,2024-05-09,2024-05-11,2024-05-09,WH-D,Carrier-2,East,68.0,100.34,Critical
9269,2026-02-23,2026-03-03,2026-03-01,WH-D,Carrier-3,West,36.5,14.01,Critical
9270,2025-10-12,2025-10-15,2025-10-13,WH-A,Carrier-2,North,3.7,136.91,Standard
9271,2024-10-25,2024-11-01,2024-11-09,WH-A,Carrier-3,South,22.2,65.78,Critical
9272,2024-03-25,2024-03-29,2024-04-05,WH-D,Carrier-3,East,75.1,110.32,Express
9273,2026-06-04,2026-06-09,2026-06-07,WH-B,Carrier-3,South,41.6,87.49,Critical
9274,2026-08-19,2026-08-22,2026-08-25,WH-D,Carrier-2,North,56.4,185.18,Critical
9275,2024-06-23,2024-06-25,2024-06-26,WH-A,Carrier-3,South,74.8,16.52,Express
9276,2024-06-07,2024-06-12,2024-06-10,WH-C,Carrier-2,West,49.0,180.79,Critical
9277,2024-01-27,2024-01-29,2024-02-04,WH-B,Carrier-3,West,8.1,181.31,Express
9278,2024-01-29,2024-02-06,2024-02-09,WH-A,Carrier-2,North,41.7,14.21,Critical
9279,2026-06-01,2026-06-07,2026-06-15,WH-B,Carrier-2,West,65.5,44.52,Express
9280,2025-07-21,2025-07-24,2025-07-25,WH-A,Carrier-1,North,21.1,21.28,Express
9281,2026-06-25,2026-06-27,2026-06-25,WH-C,Carrier-3,West,6.9,37.05,Standard
9282,2024-07-24,2024-07-29,2024-08-04,WH-D,Carrier-1,West,2.1,114.47,Express
9283,2026-07-24,2026-07-27,2026-07-30,WH-D,Carrier-2,South,17.6,195.01,Express
9284,2026-04-11,2026-04-18,2026-04-16,WH-D,Carrier-3,South,49.5,121.96,Express
9285,2025-11-08,2025-11-12,2025-11-16,WH-C,Carrier-2,South,70.7,8.99,Standard
9286,2025-10-20,2025-10-28,2025-11-05,WH-A,Carrier-1,East,68.4,191.45,Standard
9287,2025-12-16,2025-12-19,2025-12-23,WH-A,Carrier-2,East,41.6,111.47,Standard
9288,2025-09-17,2025-09-22,2025-09-29,WH-A,Carrier-1,North,32.5,185.12,Standard
9289,2024-07-10,2024-07-18,,WH-A,Carrier-2,West,14.8,151.13,Critical
9290,2025-07-28,2025-08-04,2025-08-08,WH-C,Carrier-1,West,23.2,49.89,Express
9291,2024-03-07,2024-03-09,2024-03-08,WH-D,Carrier-3,North,27.8,17.37,Express
9292,2025-04-24,2025-04-27,2025-05-04,WH-A,Carrier-3,East,4.0,226.69,Standard
9293,2025-07-17,2025-07-24,2025-07-24,WH-D,Carrier-3,South,60.5,49.49,Express
9294,2024-09-18,2024-09-20,2024-09-26,WH-A,Carrier-2,West,78.5,43.94,Critical
9295,2025-10-12,2025-10-16,2025-10-19,WH-B,Carrier-1,South,44.1,9.98,Standard
9296,2026-06-01,2026-06-04,2026-06-02,WH-D,Carrier-3,East,39.6,207.92,Standard
9297,2024-08-26,2024-09-02,2024-09-02,WH-B,Carrier-1,West,67.4,141.7,Express
9298,2024-10-05,2024-10-12,2024-10-16,WH-D,Carrier-2,West,59.6,90.63,Critical
9299,2026-03-09,2026-03-13,2026-03-15,WH-B,Carrier-1,South,50.9,80.47,Standard
9300,2025-12-19,2025-12-21,2025-12-26,WH-A,Carrier-1,East,10.6,170.85,Critical
9301,2026-02-09,2026-02-15,2026-02-22,WH-B,Carrier-2,South,67.0,93.99,Standard
9302,2024-06-09,2024-06-15,2024-06-20,WH-D,Carrier-1,East,56.1,84.93,Critical
9303,2026-05-08,2026-05-12,2026-05-16,WH-A,Carrier-2,South,79.6,93.59,Express
9304,2024-08-15,2024-08-20,,WH-A,Carrier-3,West,72.1,121.6,Express
9305,2025-01-24,2025-01-28,2025-02-05,WH-A,Carrier-3,South,36.0,159.98,Critical
9306,2025-05-26,2025-06-03,2025-06-06,WH-A,Carrier-2,South,51.3,233.97,Standard
9307,2024-11-29,2024-12-02,2024-12-06,WH-B,Carrier-3,West,40.2,55.84,Express
9308,2026-01-24,2026-01-29,2026-01-28,WH-D,Carrier-2,South,18.2,134.09,Critical
9309,2025-01-10,2025-01-17,2025-01-15,WH-A,Carrier-3,North,23.1,205.47,Express
9310,2026-07-17,2026-07-24,2026-07-23,WH-C,Carrier-1,East,55.8,91.82,Standard
9311,2024-08-17,2024-08-21,2024-08-22,WH-A,Carrier-2,West,62.9,89.83,Critical
9312,2024-12-23,2024-12-28,2024-12-26,WH-B,Carrier-3,East,2.4,24.55,Standard
9313,2024-07-24,2024-07-29,2024-07-31,WH-C,Carrier-3,North,11.3,131.75,Standard
9314,2024-01-30,2024-02-05,2024-02-09,WH-A,Carrier-2,South,24.8,32.47,Critical
9315,2026-03-27,2026-03-30,,WH-D,Carrier-2,North,69.9,126.72,Standard
9316,2024-05-22,2024-05-25,2024-05-27,WH-A,Carrier-3,South,8.3,92.92,Express
9317,2024-06-13,2024-06-19,2024-06-24,WH-D,Carrier-3,East,47.6,236.87,Standard
9318,2025-05-07,2025-05-12,2025-05-12,WH-C,Carrier-2,East,30.5,225.11,Critical
9319,2026-02-28,2026-03-07,2026-03-15,WH-C,Carrier-1,East,7.4,196.7,Express
9320,2025-02-08,2025-02-12,2025-02-14,WH-D,Carrier-1,North,35.2,119.07,Standard
9321,2025-06-17,2025-06-24,2025-06-23,WH-C,Carrier-1,East,38.1,145.98,Standard
9322,2024-08-01,2024-08-05,2024-08-10,WH-D,Carrier-3,South,23.8,184.09,Standard
9323,2025-09-01,2025-09-09,2025-09-16,WH-A,Carrier-3,North,38.8,188.04,Express
9324,2024-07-31,2024-08-04,2024-08-05,WH-A,Carrier-2,East,4.7,157.0,Express
9325,2024-08-12,2024-08-20,2024-08-21,WH-C,Carrier-1,West,47.4,182.24,Critical
9326,2025-04-13,2025-04-20,2025-04-28,WH-D,Carrier-3,West,32.2,32.56,Express
9327,2024-04-18,2024-04-24,2024-04-23,WH-B,Carrier-2,North,19.9,189.15,Standard
9328,2026-07-23,2026-07-28,2026-08-01,WH-C,Carrier-1,East,77.1,56.04,Express
9329,2025-01-26,2025-02-01,2025-02-04,WH-C,Carrier-3,East,49.7,71.72,Standard
9330,2026-07-29,2026-08-01,2026-08-07,WH-C,Carrier-1,East,61.4,44.81,Express
9331,2026-05-20,2026-05-25,2026-06-02,WH-D,Carrier-1,North,20.6,192.93,Critical
9332,2024-01-22,2024-01-30,2024-02-02,WH-B,Carrier-3,North,25.3,109.26,Standard
9333,2025-12-11,2025-12-19,2025-12-26,WH-A,Carrier-2,South,18.3,236.22,Standard
9334,2026-04-06,2026-04-13,2026-04-18,WH-C,Carrier-3,East,23.3,148.86,Standard
9335,2024-11-09,2024-11-17,2024-11-25,WH-D,Carrier-3,West,17.9,70.58,Critical
9336,2024-09-01,2024-09-09,,WH-D,Carrier-2,South,74.9,60.18,Standard
9337,2026-02-10,2026-02-18,2026-02-24,WH-A,Carrier-3,West,66.6,11.63,Standard
9338,2024-08-10,2024-08-13,2024-08-21,WH-A,Carrier-3,North,37.7,88.73,Express
9339,2026-06-02,2026-06-10,2026-06-09,WH-B,Carrier-1,North,67.1,217.78,Critical
9340,2024-06-10,2024-06-13,,WH-B,Carrier-3,East,61.7,213.29,Express
9341,2026-03-17,2026-03-19,2026-03-21,WH-D,Carrier-1,South,30.0,169.29,Express
9342,2026-02-15,2026-02-20,2026-02-21,WH-C,Carrier-2,East,51.9,4.12,Critical
9343,2026-03-26,2026-04-03,2026-04-05,WH-D,Carrier-1,South,30.2,138.24,Express
9344,2024-05-19,2024-05-24,2024-05-25,WH-B,Carrier-1,North,52.3,104.84,Critical
9345,2024-04-09,2024-04-13,2024-04-21,WH-D,Carrier-1,East,57.5,123.16,Critical
9346,2025-07-15,2025-07-17,2025-07-25,WH-C,Carrier-3,East,31.8,125.23,Standard
9347,2026-03-08,2026-03-11,2026-03-10,WH-B,Carrier-2,South,57.3,43.77,Standard
9348,2024-07-22,2024-07-29,2024-07-27,WH-B,Carrier-3,South,26.8,9.74,Express
9349,2026-02-06,2026-02-14,2026-02-20,WH-B,Carrier-2,North,46.4,35.71,Standard
9350,2024-05-07,2024-05-10,,WH-C,Carrier-3,North,26.5,223.23,Express
9351,2024-07-12,2024-07-16,2024-07-16,WH-C,Carrier-1,West,22.1,200.47,Standard
9352,2024-12-03,2024-12-11,2024-12-10,WH-C,Carrier-2,West,18.9,177.5,Critical
9353,2024-11-09,2024-11-15,2024-11-21,WH-B,Carrier-3,West,5.9,99.76,Standard
9354,2024-02-24,2024-02-26,2024-02-28,WH-C,Carrier-2,East,66.8,89.77,Express
9355,2026-08-28,2026-08-31,2026-09-08,WH-A,Carrier-2,South,48.3,24.76,Standard
9356,2024-02-04,2024-02-11,2024-02-17,WH-B,Carrier-1,East,4.8,208.44,Standard
9357,2024-12-20,2024-12-24,2025-01-01,WH-A,Carrier-1,West,42.6,16.74,Express
9358,2025-04-18,2025-04-25,2025-04-28,WH-C,Carrier-3,South,11.2,145.77,Critical
9359,2025-03-13,2025-03-20,2025-03-19,WH-D,Carrier-1,West,5.6,46.56,Critical
9360,2025-10-31,2025-11-02,2025-11-01,WH-D,Carrier-2,South,40.9,65.18,Express
9361,2025-12-06,2025-12-12,2025-12-19,WH-A,Carrier-3,North,4.9,215.24,Critical
9362,2024-04-16,2024-04-23,2024-04-29,WH-C,Carrier-3,West,79.5,208.82,Critical
9363,2026-05-16,2026-05-21,2026-05-19,WH-A,Carrier-3,West,26.4,228.28,Critical
9364,2025-01-02,2025-01-09,2025-01-11,WH-A,Carrier-1,North,68.1,15.73,Standard
9365,2024-08-17,2024-08-19,2024-08-23,WH-B,Carrier-2,South,44.8,210.05,Express
9366,2025-09-05,2025-09-09,2025-09-13,WH-C,Carrier-3,North,60.5,186.86,Standard
9367,2025-11-21,2025-11-26,2025-11-25,WH-D,Carrier-3,North,41.3,29.23,Critical
9368,2026-06-06,2026-06-11,2026-06-13,WH-C,Carrier-3,South,69.1,108.07,Standard
9369,2025-06-13,2025-06-19,2025-06-18,WH-B,Carrier-3,South,51.5,95.36,Critical
9370,2025-06-24,2025-06-29,,WH-A,Carrier-3,West,45.5,70.95,Standard
9371,2024-08-24,2024-08-31,2024-09-08,WH-B,Carrier-1,East,61.5,8.84,Express
9372,2025-09-04,2025-09-11,2025-09-11,WH-B,Carrier-3,West,24.0,182.12,Standard
9373,2024-07-08,2024-07-11,2024-07-18,WH-C,Carrier-2,South,59.6,204.15,Standard
9374,2025-05-05,2025-05-09,,WH-C,Carrier-2,West,14.1,192.18,Critical
9375,2024-07-25,2024-08-01,2024-08-05,WH-D,Carrier-2,South,57.0,192.02,Express
9376,2025-03-21,2025-03-28,2025-04-03,WH-B,Carrier-3,West,23.0,57.43,Express
9377,2024-08-14,2024-08-17,,WH-B,Carrier-2,North,26.7,40.09,Standard
9378,2025-03-07,2025-03-10,2025-03-11,WH-A,Carrier-3,South,1.6,82.62,Critical
9379,2024-01-16,2024-01-24,2024-01-31,WH-C,Carrier-3,East,59.6,148.52,Express
9380,2025-01-23,2025-01-31,2025-01-30,WH-A,Carrier-3,East,47.3,6.91,Standard
9381,2025-07-23,2025-07-26,2025-07-27,WH-D,Carrier-3,North,48.2,161.21,Standard
9382,2025-05-02,2025-05-04,2025-05-03,WH-A,Carrier-1,North,74.8,225.46,Express
9383,2025-07-21,2025-07-23,2025-07-30,WH-A,Carrier-3,South,60.7,112.52,Express
9384,2024-12-16,2024-12-19,2024-12-27,WH-A,Carrier-1,North,56.6,25.78,Express
9385,2024-09-27,2024-09-29,2024-09-29,WH-B,Carrier-3,West,8.6,80.56,Standard
9386,2026-04-15,2026-04-22,2026-04-28,WH-A,Carrier-3,East,72.5,188.93,Critical
9387,2025-09-19,2025-09-22,2025-09-29,WH-B,Carrier-1,East,63.7,238.35,Critical
9388,2026-03-01,2026-03-07,2026-03-13,WH-A,Carrier-3,North,53.9,137.53,Critical
9389,2025-03-21,2025-03-24,2025-03-25,WH-C,Carrier-3,West,28.6,174.4,Express
9390,2025-05-11,2025-05-19,2025-05-20,WH-D,Carrier-3,South,56.2,6.96,Express
9391,2026-05-19,2026-05-22,2026-05-20,WH-B,Carrier-2,East,45.3,91.6,Critical
9392,2024-12-08,2024-12-10,2024-12-08,WH-C,Carrier-3,East,40.0,193.26,Critical
9393,2024-06-17,2024-06-24,2024-06-30,WH-A,Carrier-2,East,69.8,33.98,Critical
9394,2024-02-03,2024-02-06,2024-02-09,WH-A,Carrier-1,East,79.6,80.84,Express
9395,2024-04-13,2024-04-19,2024-04-20,WH-B,Carrier-1,South,40.6,124.64,Standard
9396,2024-05-23,2024-05-25,2024-05-29,WH-B,Carrier-1,East,51.2,107.43,Express
9397,2024-04-28,2024-04-30,2024-05-02,WH-B,Carrier-3,South,33.3,101.19,Standard
9398,2024-03-25,2024-03-29,2024-03-27,WH-A,Carrier-2,North,24.2,139.94,Express
9399,2026-03-25,2026-03-28,2026-03-28,WH-C,Carrier-1,South,46.4,156.28,Standard
9400,2025-04-18,2025-04-21,2025-04-19,WH-B,Carrier-2,West,11.2,32.89,Express
9401,2025-02-07,2025-02-09,2025-02-10,WH-B,Carrier-2,West,57.3,164.6,Critical
9402,2026-07-20,2026-07-28,2026-08-05,WH-C,Carrier-2,North,32.8,115.96,Critical
9403,2025-12-15,2025-12-19,2025-12-17,WH-A,Carrier-1,West,3.6,199.82,Standard
9404,2024-12-19,2024-12-23,2024-12-29,WH-C,Carrier-1,East,15.8,115.57,Express
9405,2024-12-10,2024-12-14,2024-12-18,WH-A,Carrier-2,South,79.1,37.53,Standard
9406,2025-02-05,2025-02-08,2025-02-09,WH-D,Carrier-2,East,38.9,173.97,Standard
9407,2025-10-27,2025-11-03,2025-11-03,WH-D,Carrier-2,West,79.0,116.65,Standard
9408,2026-06-02,2026-06-08,2026-06-15,WH-C,Carrier-3,East,57.5,161.98,Standard
9409,2024-02-07,2024-02-13,2024-02-16,WH-D,Carrier-2,East,17.0,6.54,Standard
9410,2025-09-20,2025-09-28,2025-10-05,WH-C,Carrier-3,West,15.8,118.01,Standard
9411,2024-04-26,2024-05-01,2024-05-08,WH-C,Carrier-1,East,9.3,150.87,Critical
9412,2025-01-23,2025-01-28,2025-02-05,WH-A,Carrier-3,South,33.6,213.74,Critical
9413,2025-09-21,2025-09-24,2025-09-22,WH-D,Carrier-3,North,40.1,189.02,Express
9414,2026-04-02,2026-04-06,2026-04-14,WH-B,Carrier-1,East,16.6,126.56,Express
9415,2025-03-30,2025-04-02,2025-04-01,WH-C,Carrier-1,South,62.2,127.36,Critical
9416,2024-07-21,2024-07-27,2024-07-30,WH-D,Carrier-3,South,32.7,115.83,Critical
9417,2024-08-25,2024-08-31,2024-09-03,WH-C,Carrier-3,South,72.4,215.47,Critical
9418,2024-05-10,2024-05-13,2024-05-21,WH-B,Carrier-1,West,18.8,139.66,Express
9419,2026-07-26,2026-07-30,2026-08-04,WH-D,Carrier-2,South,66.8,113.5,Standard
9420,2026-04-29,2026-05-07,2026-05-15,WH-B,Carrier-3,North,0.9,88.9,Standard
9421,2024-03-24,2024-04-01,2024-04-08,WH-B,Carrier-3,South,8.0,136.9,Critical
9422,2026-07-17,2026-07-23,2026-07-25,WH-A,Carrier-3,West,79.5,81.12,Standard
9423,2025-05-09,2025-05-14,2025-05-16,WH-A,Carrier-2,North,9.0,107.61,Express
9424,2026-08-17,2026-08-22,2026-08-26,WH-C,Carrier-1,South,39.1,66.71,Critical
9425,2026-08-14,2026-08-20,2026-08-22,WH-A,Carrier-1,North,63.8,216.9,Standard
9426,2025-07-03,2025-07-06,,WH-C,Carrier-3,North,26.1,156.38,Express
9427,2025-02-19,2025-02-23,2025-03-03,WH-A,Carrier-2,East,78.6,133.53,Express
9428,2024-01-03,2024-01-10,2024-01-08,WH-C,Carrier-2,East,54.1,227.12,Standard
9429,2025-03-18,2025-03-26,2025-03-25,WH-A,Carrier-3,East,40.2,18.74,Express
9430,2024-07-08,2024-07-16,2024-07-15,WH-C,Carrier-1,South,23.4,131.26,Standard
9431,2025-06-08,2025-06-11,2025-06-11,WH-B,Carrier-1,South,29.2,6.55,Standard
9432,2024-10-06,2024-10-08,,WH-C,Carrier-2,South,17.3,56.31,Standard
9433,2024-08-30,2024-09-01,2024-09-07,WH-A,Carrier-3,North,49.7,46.72,Critical
9434,2026-06-09,2026-06-12,2026-06-14,WH-A,Carrier-2,East,19.4,71.48,Standard
9435,2026-06-22,2026-06-24,2026-07-02,WH-B,Carrier-3,North,14.7,205.85,Critical
9436,2025-11-15,2025-11-19,2025-11-17,WH-C,Carrier-1,East,77.2,151.2,Critical
9437,2025-10-11,2025-10-19,2025-10-24,WH-B,Carrier-1,North,58.2,92.98,Express
9438,2025-09-03,2025-09-11,2025-09-14,WH-D,Carrier-1,North,30.2,174.88,Critical
9439,2024-07-26,2024-07-30,,WH-B,Carrier-1,West,43.7,236.33,Standard
9440,2025-09-18,2025-09-20,2025-09-20,WH-B,Carrier-2,West,28.8,213.35,Standard
9441,2025-12-08,2025-12-15,2025-12-23,WH-C,Carrier-3,North,33.4,29.82,Standard
9442,2024-08-22,2024-08-30,2024-09-07,WH-B,Carrier-2,North,14.9,94.1,Standard
9443,2025-09-11,2025-09-18,2025-09-26,WH-B,Carrier-2,East,36.8,188.64,Critical
9444,2024-02-02,2024-02-05,2024-02-12,WH-A,Carrier-2,East,11.4,6.23,Standard
9445,2024-07-10,2024-07-12,2024-07-20,WH-A,Carrier-2,East,57.1,234.97,Critical
9446,2024-01-07,2024-01-13,2024-01-15,WH-A,Carrier-2,North,29.7,30.67,Standard
9447,2026-06-11,2026-06-16,2026-06-15,WH-D,Carrier-2,North,77.8,191.85,Express
9448,2024-09-28,2024-10-04,2024-10-02,WH-A,Carrier-2,North,19.1,103.8,Critical
9449,2026-06-04,2026-06-12,2026-06-12,WH-A,Carrier-2,West,37.0,135.73,Express
9450,2024-06-16,2024-06-24,2024-06-22,WH-A,Carrier-1,West,71.6,149.42,Standard
9451,2024-08-26,2024-09-03,2024-09-02,WH-A,Carrier-1,South,14.7,197.0,Express
9452,2024-04-21,2024-04-26,2024-04-26,WH-B,Carrier-3,South,64.9,195.92,Express
9453,2024-02-08,2024-02-15,2024-02-15,WH-D,Carrier-3,East,76.7,100.97,Standard
9454,2024-12-09,2024-12-17,2024-12-19,WH-A,Carrier-2,North,30.7,45.23,Express
9455,2025-09-17,2025-09-23,2025-09-23,WH-A,Carrier-3,South,76.8,55.53,Critical
9456,2024-03-02,2024-03-07,2024-03-12,WH-A,Carrier-3,West,54.8,86.7,Standard
9457,2025-07-01,2025-07-09,2025-07-11,WH-C,Carrier-3,West,77.7,89.4,Standard
9458,2026-01-28,2026-01-30,2026-01-30,WH-A,Carrier-2,South,29.9,174.34,Express
9459,2025-10-29,2025-10-31,2025-11-07,WH-B,Carrier-3,West,63.2,176.56,Standard
9460,2024-10-13,2024-10-16,2024-10-15,WH-B,Carrier-3,North,25.5,27.6,Express
9461,2024-04-30,2024-05-08,2024-05-09,WH-D,Carrier-2,South,67.1,51.39,Critical
9462,2024-12-02,2024-12-04,2024-12-08,WH-A,Carrier-1,South,32.0,109.64,Critical
9463,2026-05-05,2026-05-13,2026-05-21,WH-B,Carrier-2,West,56.9,224.84,Express
9464,2024-10-22,2024-10-27,2024-11-02,WH-B,Carrier-3,South,67.1,62.33,Express
9465,2025-06-21,2025-06-24,,WH-C,Carrier-2,West,14.3,150.77,Critical
9466,2024-05-04,2024-05-11,2024-05-18,WH-D,Carrier-2,South,47.8,225.7,Critical
9467,2026-02-23,2026-03-01,2026-03-05,WH-A,Carrier-2,North,78.7,237.65,Standard
9468,2025-11-15,2025-11-21,2025-11-20,WH-B,Carrier-2,South,33.8,75.25,Critical
9469,2025-09-19,2025-09-24,2025-10-02,WH-B,Carrier-1,East,2.1,164.86,Standard
9470,2024-03-23,2024-03-25,2024-03-24,WH-B,Carrier-1,South,75.9,41.44,Standard
9471,2025-03-07,2025-03-09,2025-03-08,WH-D,Carrier-3,East,58.6,62.36,Critical
9472,2024-08-08,2024-08-16,2024-08-14,WH-C,Carrier-3,West,35.3,163.94,Standard
9473,2024-06-20,2024-06-24,2024-06-30,WH-C,Carrier-3,South,26.7,211.43,Standard
9474,2026-07-17,2026-07-22,2026-07-21,WH-D,Carrier-1,West,37.0,146.89,Critical
9475,2025-12-22,2025-12-29,2025-12-27,WH-C,Carrier-2,East,27.7,48.86,Standard
9476,2024-10-31,2024-11-02,2024-11-09,WH-C,Carrier-3,West,72.7,220.06,Critical
9477,2024-05-09,2024-05-13,2024-05-15,WH-A,Carrier-2,South,19.3,18.58,Standard
9478,2026-06-16,2026-06-22,2026-06-29,WH-B,Carrier-1,North,13.0,53.72,Express
9479,2026-08-05,2026-08-10,2026-08-08,WH-D,Carrier-2,South,21.8,238.06,Express
9480,2024-06-22,2024-06-24,2024-06-22,WH-A,Carrier-1,South,51.0,117.07,Standard
9481,2024-08-10,2024-08-15,2024-08-23,WH-B,Carrier-3,South,52.0,100.55,Standard
9482,2026-03-08,2026-03-12,2026-03-19,WH-D,Carrier-1,North,78.8,192.62,Standard
9483,2025-10-18,2025-10-21,2025-10-21,WH-A,Carrier-2,South,25.2,43.2,Critical
9484,2026-03-21,2026-03-23,2026-03-24,WH-C,Carrier-1,North,69.1,81.2,Standard
9485,2024-07-10,2024-07-15,2024-07-15,WH-A,Carrier-2,West,23.6,56.47,Express
9486,2024-04-13,2024-04-20,2024-04-22,WH-A,Carrier-3,South,12.2,228.96,Express
9487,2024-04-16,2024-04-22,2024-04-26,WH-D,Carrier-1,West,4.2,41.71,Standard
9488,2025-09-01,2025-09-09,2025-09-07,WH-D,Carrier-2,South,66.1,145.48,Express
9489,2024-07-14,2024-07-17,2024-07-17,WH-A,Carrier-3,East,58.0,141.28,Express
9490,2025-07-27,2025-08-03,2025-08-01,WH-C,Carrier-1,South,64.4,218.79,Critical
9491,2024-08-22,2024-08-29,2024-09-01,WH-A,Carrier-2,South,52.0,236.95,Critical
9492,2025-09-04,2025-09-09,2025-09-14,WH-D,Carrier-3,East,12.8,53.52,Critical
9493,2024-12-23,2024-12-25,2024-12-31,WH-A,Carrier-3,East,22.1,52.64,Standard
9494,2026-06-21,2026-06-24,2026-06-25,WH-D,Carrier-3,North,55.8,178.56,Critical
9495,2024-06-28,2024-07-02,2024-07-09,WH-A,Carrier-1,South,67.4,146.97,Critical
9496,2025-10-24,2025-10-27,2025-11-03,WH-A,Carrier-1,South,20.8,197.33,Critical
9497,2024-05-27,2024-06-01,2024-06-08,WH-C,Carrier-1,South,52.2,80.98,Express
9498,2026-05-01,2026-05-05,2026-05-11,WH-C,Carrier-3,East,2.5,103.53,Critical
9499,2024-05-10,2024-05-13,2024-05-12,WH-A,Carrier-2,West,53.8,223.33,Critical
9500,2024-02-10,2024-02-12,2024-02-18,WH-A,Carrier-2,South,45.7,100.91,Standard
9501,2024-08-21,2024-08-25,2024-08-23,WH-D,Carrier-2,South,38.8,114.97,Standard
9502,2026-07-21,2026-07-25,2026-07-30,WH-B,Carrier-2,East,35.6,39.55,Critical
9503,2026-04-26,2026-05-02,2026-05-09,WH-A,Carrier-2,West,11.4,123.36,Express
9504,2024-03-15,2024-03-20,2024-03-28,WH-A,Carrier-1,South,32.3,34.03,Standard
9505,2024-09-23,2024-10-01,2024-09-30,WH-C,Carrier-1,East,17.1,138.01,Standard
9506,2024-07-10,2024-07-18,2024-07-17,WH-B,Carrier-3,South,2.6,32.74,Express
9507,2026-05-23,2026-05-27,2026-05-30,WH-B,Carrier-1,South,66.8,182.54,Standard
9508,2025-05-01,2025-05-05,2025-05-12,WH-D,Carrier-3,North,62.0,133.95,Express
9509,2024-10-03,2024-10-10,2024-10-14,WH-C,Carrier-2,West,29.2,105.39,Critical
9510,2024-08-21,2024-08-27,2024-08-29,WH-A,Carrier-3,North,48.2,33.13,Critical
9511,2025-06-25,2025-06-27,2025-07-03,WH-C,Carrier-1,East,21.8,77.53,Express
9512,2025-02-27,2025-03-06,,WH-D,Carrier-3,North,36.5,30.67,Express
9513,2025-09-07,2025-09-11,2025-09-09,WH-B,Carrier-3,East,10.5,35.88,Standard
9514,2026-01-13,2026-01-19,2026-01-26,WH-C,Carrier-3,North,5.2,75.87,Standard
9515,2026-02-05,2026-02-12,2026-02-18,WH-D,Carrier-2,West,30.5,95.36,Express
9516,2026-04-10,2026-04-17,2026-04-16,WH-C,Carrier-1,North,57.3,181.13,Express
9517,2024-07-22,2024-07-25,2024-07-31,WH-A,Carrier-2,South,65.0,176.63,Express
9518,2024-06-15,2024-06-17,2024-06-25,WH-B,Carrier-2,North,34.7,21.57,Express
9519,2026-08-18,2026-08-22,2026-08-20,WH-B,Carrier-3,East,18.9,79.93,Critical
9520,2025-08-26,2025-09-02,2025-09-10,WH-D,Carrier-2,South,15.4,21.86,Express
9521,2026-05-24,2026-05-27,2026-05-28,WH-A,Carrier-1,South,24.7,19.76,Express
9522,2025-10-31,2025-11-04,2025-11-06,WH-C,Carrier-3,South,56.3,95.78,Standard
9523,2025-10-31,2025-11-05,2025-11-13,WH-D,Carrier-2,West,26.0,21.97,Express
9524,2024-06-03,2024-06-06,2024-06-04,WH-D,Carrier-3,South,29.0,32.87,Critical
9525,2024-09-21,2024-09-25,2024-09-30,WH-A,Carrier-1,South,23.6,37.57,Critical
9526,2024-12-08,2024-12-14,2024-12-18,WH-D,Carrier-3,North,11.9,178.76,Express
9527,2025-02-03,2025-02-09,2025-02-17,WH-D,Carrier-3,East,78.0,76.29,Critical
9528,2024-05-07,2024-05-15,,WH-D,Carrier-1,North,44.3,140.38,Standard
9529,2025-12-11,2025-12-16,2025-12-15,WH-D,Carrier-3,South,72.2,181.91,Express
9530,2024-05-08,2024-05-15,2024-05-17,WH-A,Carrier-2,East,31.1,90.91,Critical
9531,2026-04-26,2026-04-28,2026-04-28,WH-C,Carrier-3,East,56.9,57.05,Critical
9532,2025-04-27,2025-05-01,2025-04-29,WH-C,Carrier-3,North,59.8,173.74,Standard
9533,2024-03-30,2024-04-03,2024-04-02,WH-D,Carrier-3,South,31.7,149.61,Express
9534,2024-04-12,2024-04-18,2024-04-19,WH-D,Carrier-3,East,29.5,149.54,Express
9535,2026-05-15,2026-05-21,2026-05-27,WH-B,Carrier-1,North,1.0,154.08,Critical
9536,2025-09-27,2025-10-01,2025-10-03,WH-B,Carrier-3,West,76.3,164.75,Express
9537,2025-10-25,2025-10-27,2025-10-29,WH-A,Carrier-1,West,38.6,204.71,Express
9538,2024-11-02,2024-11-10,2024-11-14,WH-D,Carrier-3,West,8.3,153.66,Critical
9539,2025-04-06,2025-04-10,2025-04-09,WH-D,Carrier-2,South,41.9,192.85,Standard
9540,2025-05-14,2025-05-22,2025-05-29,WH-D,Carrier-2,North,40.2,61.98,Express
9541,2025-11-02,2025-11-10,2025-11-13,WH-D,Carrier-2,North,63.4,64.26,Standard
9542,2026-01-28,2026-01-31,2026-02-06,WH-A,Carrier-2,East,35.9,228.25,Standard
9543,2024-08-22,2024-08-24,2024-08-26,WH-B,Carrier-1,West,22.1,238.88,Critical
9544,2024-03-14,2024-03-17,2024-03-17,WH-C,Carrier-1,East,79.2,98.45,Express
9545,2024-11-25,2024-12-03,2024-12-03,WH-C,Carrier-3,East,7.6,144.11,Express
9546,2026-01-15,2026-01-17,2026-01-15,WH-A,Carrier-3,South,11.9,185.46,Standard
9547,2024-05-07,2024-05-10,2024-05-09,WH-B,Carrier-1,North,69.1,162.81,Express
9548,2024-10-27,2024-11-02,2024-11-08,WH-C,Carrier-3,East,13.1,194.82,Express
9549,2025-12-23,2025-12-29,2026-01-04,WH-A,Carrier-1,East,24.7,206.24,Critical
9550,2026-02-20,2026-02-22,2026-02-28,WH-B,Carrier-1,West,34.0,128.5,Critical
9551,2026-05-12,2026-05-18,2026-05-19,WH-D,Carrier-3,East,45.5,217.7,Express
9552,2025-08-25,2025-08-27,2025-08-27,WH-D,Carrier-2,West,16.9,201.42,Critical
9553,2024-04-23,2024-04-28,2024-04-30,WH-B,Carrier-1,West,2.9,152.89,Express
9554,2026-05-10,2026-05-12,2026-05-12,WH-C,Carrier-1,North,17.0,220.98,Standard
9555,2025-04-10,2025-04-16,2025-04-18,WH-A,Carrier-2,West,61.0,210.36,Express
9556,2024-09-18,2024-09-20,2024-09-26,WH-D,Carrier-3,West,78.3,71.96,Express
9557,2024-08-16,2024-08-20,2024-08-19,WH-D,Carrier-2,North,71.7,14.28,Standard
9558,2026-04-08,2026-04-12,2026-04-15,WH-A,Carrier-2,West,51.2,176.03,Standard
9559,2024-02-21,2024-02-26,2024-02-27,WH-B,Carrier-2,South,29.5,206.39,Critical
9560,2026-01-12,2026-01-18,2026-01-22,WH-B,Carrier-3,West,44.3,58.14,Standard
9561,2024-05-17,2024-05-25,2024-06-02,WH-C,Carrier-3,South,13.1,4.35,Express
9562,2024-01-10,2024-01-12,2024-01-12,WH-D,Carrier-2,West,20.2,103.57,Critical
9563,2024-06-24,2024-07-02,2024-07-10,WH-A,Carrier-1,North,70.9,54.21,Express
9564,2026-07-05,2026-07-09,2026-07-13,WH-A,Carrier-2,West,51.8,236.06,Express
9565,2025-09-18,2025-09-24,2025-09-23,WH-A,Carrier-3,South,79.0,126.01,Critical
9566,2026-01-25,2026-01-29,2026-02-05,WH-A,Carrier-1,North,47.8,131.56,Critical
9567,2024-08-17,2024-08-22,2024-08-20,WH-A,Carrier-3,South,39.4,197.54,Critical
9568,2026-08-27,2026-08-30,2026-09-05,WH-D,Carrier-1,North,12.3,6.51,Standard
9569,2024-12-21,2024-12-26,,WH-D,Carrier-3,East,22.2,212.2,Express
9570,2024-05-29,2024-06-02,2024-06-08,WH-C,Carrier-3,West,8.6,189.74,Express
9571,2026-07-02,2026-07-08,2026-07-14,WH-A,Carrier-2,East,74.5,202.47,Express
9572,2024-08-16,2024-08-20,2024-08-21,WH-D,Carrier-3,West,43.2,28.52,Express
9573,2024-10-27,2024-10-31,2024-11-06,WH-C,Carrier-3,West,27.6,184.47,Express
9574,2024-04-14,2024-04-22,2024-04-22,WH-C,Carrier-1,South,66.3,132.37,Standard
9575,2025-08-12,2025-08-19,2025-08-22,WH-C,Carrier-2,East,71.9,123.9,Standard
9576,2024-02-19,2024-02-24,2024-02-25,WH-D,Carrier-3,North,32.6,212.84,Standard
9577,2024-08-01,2024-08-08,2024-08-09,WH-C,Carrier-2,West,70.0,198.58,Critical
9578,2026-02-19,2026-02-25,2026-03-03,WH-B,Carrier-3,South,58.3,148.05,Critical
9579,2024-07-13,2024-07-19,2024-07-18,WH-A,Carrier-2,West,78.6,207.69,Standard
9580,2026-04-19,2026-04-23,2026-04-27,WH-B,Carrier-3,West,70.5,58.28,Standard
9581,2024-09-15,2024-09-19,2024-09-23,WH-C,Carrier-1,North,78.1,147.92,Standard
9582,2024-04-07,2024-04-11,2024-04-13,WH-B,Carrier-1,North,19.9,117.67,Critical
9583,2025-11-19,2025-11-21,2025-11-21,WH-B,Carrier-1,North,44.9,36.46,Critical
9584,2026-08-27,2026-09-03,2026-09-11,WH-C,Carrier-3,East,78.1,112.69,Express
9585,2026-02-09,2026-02-13,2026-02-11,WH-C,Carrier-3,West,30.5,229.35,Critical
9586,2025-10-30,2025-11-04,2025-11-12,WH-C,Carrier-1,North,32.2,138.2,Standard
9587,2026-05-08,2026-05-16,2026-05-15,WH-B,Carrier-2,West,19.7,223.56,Express
9588,2024-03-16,2024-03-24,2024-03-24,WH-B,Carrier-1,West,49.8,177.06,Standard
9589,2025-11-12,2025-11-19,2025-11-18,WH-B,Carrier-3,South,76.0,48.31,Critical
9590,2025-04-17,2025-04-24,2025-04-27,WH-B,Carrier-2,West,3.9,155.11,Standard
9591,2025-04-17,2025-04-23,2025-04-24,WH-A,Carrier-3,West,17.0,65.64,Standard
9592,2024-11-01,2024-11-06,2024-11-10,WH-A,Carrier-3,North,57.7,110.87,Standard
9593,2024-11-15,2024-11-17,2024-11-22,WH-B,Carrier-2,South,22.0,182.72,Standard
9594,2026-05-29,2026-06-05,2026-06-12,WH-D,Carrier-1,South,13.4,9.01,Express
9595,2024-08-25,2024-08-31,2024-09-05,WH-A,Carrier-1,South,69.7,22.92,Critical
9596,2024-02-12,2024-02-15,2024-02-22,WH-B,Carrier-3,East,53.8,153.29,Critical
9597,2025-08-17,2025-08-25,2025-08-24,WH-B,Carrier-1,North,16.6,4.22,Critical
9598,2025-03-13,2025-03-15,2025-03-20,WH-A,Carrier-2,West,69.9,127.87,Critical
9599,2025-10-07,2025-10-12,2025-10-19,WH-C,Carrier-1,South,58.6,25.43,Express
9600,2024-09-29,2024-10-05,2024-10-08,WH-D,Carrier-1,East,76.1,55.12,Critical
9601,2024-06-26,2024-07-04,2024-07-06,WH-B,Carrier-1,North,74.2,140.37,Express
9602,2024-04-06,2024-04-08,2024-04-10,WH-A,Carrier-2,South,67.0,207.55,Express
9603,2025-11-06,2025-11-08,2025-11-08,WH-B,Carrier-3,East,45.1,235.68,Express
9604,2026-08-20,2026-08-25,2026-08-28,WH-B,Carrier-1,East,45.9,31.45,Standard
9605,2026-06-19,2026-06-27,,WH-A,Carrier-1,South,37.9,69.1,Critical
9606,2025-01-29,2025-02-05,2025-02-03,WH-B,Carrier-3,East,80.0,41.44,Standard
9607,2025-08-20,2025-08-27,2025-08-29,WH-D,Carrier-2,South,32.1,15.21,Express
9608,2024-03-11,2024-03-18,2024-03-24,WH-D,Carrier-1,West,49.0,85.63,Standard
9609,2026-05-24,2026-05-29,2026-06-03,WH-C,Carrier-3,East,42.2,93.94,Critical
9610,2024-08-06,2024-08-08,,WH-B,Carrier-3,North,70.1,206.68,Critical
9611,2026-08-22,2026-08-30,2026-09-01,WH-D,Carrier-1,South,25.8,153.05,Standard
9612,2024-03-11,2024-03-15,2024-03-18,WH-B,Carrier-2,South,53.7,159.08,Express
9613,2026-02-19,2026-02-23,2026-02-25,WH-A,Carrier-2,East,48.6,182.01,Express
9614,2026-05-12,2026-05-19,2026-05-19,WH-C,Carrier-2,South,60.2,225.32,Standard
9615,2025-01-22,2025-01-28,2025-02-05,WH-D,Carrier-3,North,54.6,217.43,Express
9616,2024-09-03,2024-09-05,,WH-D,Carrier-2,West,70.7,67.91,Critical
9617,2024-06-02,2024-06-09,2024-06-10,WH-B,Carrier-3,West,27.8,82.38,Express
9618,2025-06-22,2025-06-28,2025-06-29,WH-D,Carrier-3,East,59.4,95.02,Standard
9619,2025-07-18,2025-07-24,2025-07-23,WH-D,Carrier-1,East,23.6,159.75,Express
9620,2026-04-07,2026-04-09,2026-04-08,WH-D,Carrier-2,North,41.5,133.87,Express
9621,2024-03-26,2024-04-03,2024-04-04,WH-A,Carrier-1,East,8.1,102.95,Standard
9622,2024-02-23,2024-03-01,2024-03-09,WH-B,Carrier-2,East,67.6,77.93,Standard
9623,2025-12-03,2025-12-10,2025-12-14,WH-D,Carrier-1,West,22.2,176.31,Standard
9624,2024-03-21,2024-03-26,2024-03-26,WH-C,Carrier-1,West,34.2,29.65,Critical
9625,2026-05-29,2026-06-05,2026-06-08,WH-B,Carrier-1,South,9.5,141.01,Express
9626,2024-02-04,2024-02-09,2024-02-07,WH-A,Carrier-1,North,57.8,185.52,Critical
9627,2024-08-11,2024-08-15,2024-08-16,WH-D,Carrier-1,South,66.3,10.41,Critical
9628,2024-09-11,2024-09-15,2024-09-20,WH-C,Carrier-2,West,10.2,178.76,Standard
9629,2024-01-31,2024-02-03,2024-02-09,WH-C,Carrier-3,West,20.5,57.01,Express
9630,2024-11-29,2024-12-03,2024-12-08,WH-B,Carrier-1,East,68.3,148.29,Express
9631,2025-02-20,2025-02-22,2025-02-24,WH-A,Carrier-2,West,26.6,41.19,Express
9632,2026-07-24,2026-07-28,2026-08-03,WH-A,Carrier-1,North,1.5,110.03,Critical
9633,2025-03-01,2025-03-04,2025-03-07,WH-C,Carrier-1,South,28.9,161.0,Express
9634,2024-03-12,2024-03-14,2024-03-18,WH-B,Carrier-3,North,27.4,91.32,Express
9635,2025-08-05,2025-08-13,2025-08-20,WH-D,Carrier-1,East,59.4,48.33,Express
9636,2024-12-30,2025-01-05,2025-01-10,WH-D,Carrier-1,North,17.6,120.89,Standard
9637,2026-04-19,2026-04-21,2026-04-29,WH-C,Carrier-2,West,16.6,174.72,Critical
9638,2025-04-15,2025-04-19,2025-04-21,WH-A,Carrier-1,East,55.6,34.09,Critical
9639,2024-06-12,2024-06-15,2024-06-22,WH-C,Carrier-1,North,24.7,126.74,Express
9640,2026-04-22,2026-04-24,2026-04-30,WH-C,Carrier-2,South,75.5,136.41,Express
9641,2024-01-02,2024-01-04,2024-01-03,WH-D,Carrier-1,East,3.1,233.14,Standard
9642,2025-10-26,2025-10-31,,WH-A,Carrier-1,West,34.6,39.37,Express
9643,2026-02-12,2026-02-18,,WH-D,Carrier-1,East,28.3,203.34,Standard
9644,2024-06-15,2024-06-22,2024-06-26,WH-D,Carrier-1,South,79.9,208.1,Critical
9645,2024-05-01,2024-05-04,2024-05-07,WH-D,Carrier-1,South,22.0,13.66,Critical
9646,2024-03-14,2024-03-17,2024-03-21,WH-D,Carrier-3,East,67.1,100.32,Standard
9647,2024-10-05,2024-10-10,,WH-A,Carrier-2,East,50.4,49.94,Critical
9648,2025-05-16,2025-05-24,2025-05-29,WH-C,Carrier-1,South,66.5,76.04,Critical
9649,2025-10-30,2025-11-06,2025-11-04,WH-C,Carrier-3,West,52.0,39.96,Standard
9650,2025-04-23,2025-04-28,2025-05-05,WH-C,Carrier-2,North,48.7,184.47,Standard
9651,2024-09-25,2024-09-28,2024-09-26,WH-A,Carrier-3,East,50.9,229.74,Standard
9652,2026-05-29,2026-05-31,2026-06-01,WH-D,Carrier-2,North,31.8,60.64,Express
9653,2026-08-19,2026-08-26,2026-09-02,WH-D,Carrier-3,South,9.9,208.5,Standard
9654,2024-01-01,2024-01-08,2024-01-14,WH-D,Carrier-3,West,74.2,145.44,Standard
9655,2026-01-04,2026-01-07,2026-01-09,WH-C,Carrier-1,North,65.6,111.9,Express
9656,2025-08-03,2025-08-07,2025-08-05,WH-A,Carrier-3,West,6.0,52.55,Critical
9657,2025-12-13,2025-12-21,2025-12-21,WH-D,Carrier-2,East,68.6,65.25,Standard
9658,2026-08-07,2026-08-10,2026-08-13,WH-A,Carrier-2,East,50.1,118.41,Express
9659,2024-06-20,2024-06-28,2024-06-29,WH-D,Carrier-1,West,64.0,105.96,Express
9660,2026-04-30,2026-05-05,2026-05-03,WH-D,Carrier-1,West,10.8,173.45,Express
9661,2024-03-11,2024-03-15,2024-03-17,WH-B,Carrier-1,West,18.9,159.19,Critical
9662,2026-01-02,2026-01-05,2026-01-07,WH-A,Carrier-2,West,5.1,177.98,Express
9663,2024-06-27,2024-07-03,,WH-A,Carrier-1,East,37.6,153.32,Express
9664,2025-05-16,2025-05-19,2025-05-26,WH-A,Carrier-3,West,19.3,90.94,Express
9665,2025-08-25,2025-08-28,2025-08-26,WH-B,Carrier-3,East,44.5,208.47,Express
9666,2025-06-24,2025-06-27,2025-06-25,WH-A,Carrier-2,West,3.5,126.24,Critical
9667,2025-10-08,2025-10-13,2025-10-20,WH-D,Carrier-3,North,26.5,208.67,Critical
9668,2025-04-30,2025-05-05,2025-05-06,WH-D,Carrier-2,East,43.3,94.87,Standard
9669,2026-07-29,2026-07-31,,WH-C,Carrier-1,South,59.6,216.78,Critical
9670,2025-03-05,2025-03-09,2025-03-08,WH-B,Carrier-2,South,32.8,218.04,Standard
9671,2024-12-03,2024-12-05,2024-12-03,WH-B,Carrier-1,South,78.9,43.94,Standard
9672,2024-09-16,2024-09-18,2024-09-26,WH-A,Carrier-3,South,31.6,107.16,Standard
9673,2024-09-15,2024-09-20,2024-09-24,WH-A,Carrier-1,East,66.2,98.68,Standard
9674,2024-04-20,2024-04-23,2024-05-01,WH-B,Carrier-3,South,70.1,109.42,Express
9675,2025-10-11,2025-10-14,2025-10-18,WH-D,Carrier-2,North,47.5,56.06,Critical
9676,2024-08-20,2024-08-24,2024-08-29,WH-A,Carrier-3,South,16.1,138.3,Standard
9677,2024-11-27,2024-12-03,2024-12-01,WH-C,Carrier-2,East,74.6,156.62,Express
9678,2024-09-14,2024-09-20,2024-09-22,WH-A,Carrier-2,South,7.4,40.81,Critical
9679,2026-05-10,2026-05-15,2026-05-21,WH-C,Carrier-3,South,47.6,26.6,Critical
9680,2025-12-02,2025-12-09,2025-12-10,WH-A,Carrier-2,South,17.4,201.32,Standard
9681,2026-05-27,2026-06-01,,WH-D,Carrier-3,South,48.3,181.98,Critical
9682,2026-02-22,2026-03-02,2026-03-02,WH-D,Carrier-2,East,11.3,221.04,Critical
9683,2025-11-27,2025-12-01,2025-12-09,WH-C,Carrier-2,East,45.7,92.67,Standard
9684,2025-04-30,2025-05-04,2025-05-07,WH-D,Carrier-3,West,42.7,210.46,Express
9685,2026-07-31,2026-08-03,2026-08-06,WH-B,Carrier-3,West,61.4,227.12,Standard
9686,2024-08-27,2024-08-29,2024-09-03,WH-B,Carrier-3,North,51.1,114.53,Standard
9687,2025-02-25,2025-03-03,2025-03-11,WH-C,Carrier-1,East,34.0,88.99,Standard
9688,2025-08-24,2025-08-26,2025-09-02,WH-A,Carrier-3,East,70.7,134.79,Express
9689,2025-01-10,2025-01-15,2025-01-17,WH-D,Carrier-1,West,21.4,230.27,Standard
9690,2024-09-21,2024-09-27,2024-09-26,WH-B,Carrier-1,South,12.5,71.13,Critical
9691,2024-12-05,2024-12-09,2024-12-16,WH-A,Carrier-3,North,27.8,4.56,Standard
9692,2024-07-01,2024-07-03,2024-07-08,WH-D,Carrier-2,West,32.3,153.95,Critical
9693,2025-01-09,2025-01-11,2025-01-18,WH-C,Carrier-2,South,77.1,69.45,Critical
9694,2026-05-31,2026-06-06,2026-06-13,WH-D,Carrier-2,South,71.6,5.87,Critical
9695,2026-06-16,2026-06-21,2026-06-20,WH-A,Carrier-3,East,6.7,228.38,Standard
9696,2025-07-23,2025-07-26,2025-08-01,WH-C,Carrier-1,West,76.9,205.45,Standard
9697,2026-03-25,2026-03-27,2026-03-28,WH-A,Carrier-2,East,25.1,163.93,Standard
9698,2024-09-19,2024-09-23,2024-09-22,WH-A,Carrier-3,South,22.7,200.36,Critical
9699,2026-05-20,2026-05-27,2026-06-04,WH-C,Carrier-2,South,29.3,51.01,Critical
9700,2024-04-23,2024-05-01,2024-05-06,WH-C,Carrier-2,West,38.6,226.24,Standard
9701,2024-08-31,2024-09-05,2024-09-08,WH-B,Carrier-3,West,6.2,23.79,Critical
9702,2025-09-21,2025-09-27,2025-10-04,WH-A,Carrier-3,East,70.4,207.3,Express
9703,2025-03-18,2025-03-21,2025-03-24,WH-A,Carrier-1,West,38.8,56.4,Express
9704,2026-02-14,2026-02-20,,WH-C,Carrier-3,South,9.4,143.87,Critical
9705,2026-03-28,2026-04-03,2026-04-04,WH-B,Carrier-1,West,12.4,70.26,Express
9706,2025-02-13,2025-02-19,2025-02-21,WH-B,Carrier-3,South,11.1,123.94,Standard
9707,2025-12-04,2025-12-10,2025-12-10,WH-D,Carrier-2,North,51.1,219.94,Standard
9708,2025-01-02,2025-01-10,2025-01-13,WH-B,Carrier-1,North,70.3,52.98,Express
9709,2025-07-09,2025-07-15,2025-07-21,WH-C,Carrier-2,West,38.2,182.21,Express
9710,2024-12-26,2024-12-31,2024-12-30,WH-B,Carrier-1,East,5.5,25.27,Standard
9711,2024-11-16,2024-11-18,2024-11-23,WH-D,Carrier-1,North,55.7,70.63,Standard
9712,2025-05-16,2025-05-18,2025-05-19,WH-B,Carrier-3,West,79.3,107.58,Critical
9713,2025-06-10,2025-06-16,2025-06-14,WH-C,Carrier-1,South,76.5,28.87,Express
9714,2025-08-15,2025-08-21,2025-08-21,WH-B,Carrier-2,South,3.2,207.89,Express
9715,2026-05-11,2026-05-18,2026-05-23,WH-D,Carrier-2,West,48.7,88.46,Critical
9716,2026-01-13,2026-01-18,2026-01-21,WH-D,Carrier-1,North,55.4,192.83,Express
9717,2024-05-03,2024-05-05,2024-05-13,WH-C,Carrier-2,West,65.0,215.25,Critical
9718,2026-07-18,2026-07-22,2026-07-26,WH-C,Carrier-3,South,33.8,237.86,Critical
9719,2025-05-10,2025-05-16,2025-05-19,WH-B,Carrier-1,West,74.5,190.84,Standard
9720,2024-09-02,2024-09-08,2024-09-09,WH-C,Carrier-1,West,28.2,14.77,Standard
9721,2024-11-25,2024-11-29,2024-12-03,WH-A,Carrier-2,North,39.5,169.89,Standard
9722,2026-01-18,2026-01-21,,WH-B,Carrier-3,North,8.6,48.98,Standard
9723,2024-11-11,2024-11-14,2024-11-17,WH-A,Carrier-2,North,26.5,195.88,Standard
9724,2026-06-13,2026-06-21,2026-06-24,WH-D,Carrier-2,West,44.8,111.55,Express
9725,2025-08-18,2025-08-25,,WH-C,Carrier-1,South,45.8,42.61,Critical
9726,2025-02-17,2025-02-23,2025-02-25,WH-B,Carrier-1,North,55.5,23.54,Express
9727,2024-09-16,2024-09-23,2024-10-01,WH-A,Carrier-2,North,1.6,172.59,Standard
9728,2024-01-29,2024-02-04,2024-02-05,WH-D,Carrier-1,East,8.4,98.72,Standard
9729,2025-08-09,2025-08-11,2025-08-10,WH-D,Carrier-1,West,29.3,94.08,Standard
9730,2024-11-13,2024-11-18,2024-11-16,WH-D,Carrier-1,North,29.3,35.58,Express
9731,2025-11-06,2025-11-08,2025-11-07,WH-C,Carrier-1,West,55.1,132.02,Express
9732,2024-03-14,2024-03-18,2024-03-20,WH-A,Carrier-1,North,61.9,112.55,Standard
9733,2025-04-23,2025-04-25,2025-05-03,WH-B,Carrier-3,West,37.4,173.08,Standard
9734,2024-06-18,2024-06-25,2024-06-24,WH-B,Carrier-1,South,26.2,71.33,Critical
9735,2025-03-03,2025-03-09,2025-03-17,WH-B,Carrier-3,East,78.4,198.32,Critical
9736,2026-05-13,2026-05-17,2026-05-22,WH-D,Carrier-2,East,59.4,142.88,Standard
9737,2026-06-12,2026-06-14,2026-06-15,WH-B,Carrier-2,South,58.8,154.46,Express
9738,2024-06-28,2024-07-02,2024-07-03,WH-D,Carrier-2,South,0.5,221.74,Standard
9739,2025-05-11,2025-05-15,2025-05-19,WH-D,Carrier-2,North,44.7,196.14,Standard
9740,2024-10-30,2024-11-01,2024-11-04,WH-B,Carrier-2,East,7.5,127.04,Critical
9741,2025-09-15,2025-09-20,2025-09-22,WH-D,Carrier-1,East,39.9,48.15,Critical
9742,2025-10-22,2025-10-28,2025-10-31,WH-B,Carrier-2,West,52.7,70.74,Critical
9743,2025-10-19,2025-10-22,2025-10-28,WH-D,Carrier-2,East,69.8,108.84,Standard
9744,2024-02-07,2024-02-15,2024-02-17,WH-C,Carrier-3,West,79.0,9.27,Express
9745,2025-05-28,2025-06-05,2025-06-06,WH-D,Carrier-1,East,65.7,14.27,Critical
9746,2025-08-03,2025-08-07,2025-08-08,WH-A,Carrier-1,East,1.1,49.71,Standard
9747,2026-08-11,2026-08-13,2026-08-16,WH-A,Carrier-1,East,70.6,117.52,Express
9748,2025-02-19,2025-02-23,2025-02-23,WH-B,Carrier-2,South,61.3,219.99,Standard
9749,2025-09-28,2025-09-30,2025-10-02,WH-B,Carrier-1,North,10.0,78.63,Standard
9750,2026-05-21,2026-05-27,2026-06-04,WH-A,Carrier-2,West,59.7,213.97,Standard
9751,2024-10-12,2024-10-17,2024-10-19,WH-C,Carrier-1,North,31.1,20.16,Standard
9752,2024-07-15,2024-07-23,2024-07-29,WH-D,Carrier-1,East,21.5,34.83,Express
9753,2024-09-28,2024-10-04,2024-10-04,WH-B,Carrier-2,North,69.0,234.65,Standard
9754,2025-03-17,2025-03-21,2025-03-27,WH-A,Carrier-3,North,59.6,51.48,Critical
9755,2026-05-08,2026-05-15,2026-05-20,WH-D,Carrier-3,East,17.5,50.19,Standard
9756,2024-11-08,2024-11-11,2024-11-15,WH-A,Carrier-1,West,28.2,159.33,Critical
9757,2024-05-06,2024-05-09,2024-05-09,WH-A,Carrier-3,East,41.9,168.86,Express
9758,2024-10-29,2024-11-04,2024-11-09,WH-A,Carrier-3,North,12.5,161.59,Critical
9759,2025-10-03,2025-10-10,2025-10-15,WH-D,Carrier-2,East,7.8,33.78,Critical
9760,2026-05-06,2026-05-14,2026-05-12,WH-C,Carrier-2,West,68.1,124.71,Express
9761,2024-12-18,2024-12-24,2024-12-24,WH-D,Carrier-1,East,30.1,224.11,Standard
9762,2024-08-18,2024-08-24,2024-08-29,WH-C,Carrier-1,East,35.0,29.36,Express
9763,2025-08-19,2025-08-26,2025-08-31,WH-A,Carrier-3,East,65.6,142.99,Standard
9764,2026-06-20,2026-06-24,2026-06-24,WH-A,Carrier-3,North,72.1,87.75,Critical
9765,2025-01-01,2025-01-07,2025-01-13,WH-B,Carrier-3,North,17.5,142.58,Express
9766,2024-09-16,2024-09-19,2024-09-19,WH-C,Carrier-3,West,4.3,77.6,Express
9767,2026-07-05,2026-07-10,2026-07-11,WH-C,Carrier-1,South,4.8,115.68,Critical
9768,2026-08-14,2026-08-20,2026-08-25,WH-A,Carrier-3,East,36.4,155.13,Express
9769,2025-01-12,2025-01-17,2025-01-19,WH-D,Carrier-3,South,10.7,78.79,Standard
9770,2025-04-12,2025-04-16,2025-04-22,WH-B,Carrier-3,West,2.7,27.75,Standard
9771,2026-07-20,2026-07-28,2026-08-02,WH-A,Carrier-3,South,42.6,68.35,Critical
9772,2025-04-13,2025-04-20,2025-04-27,WH-C,Carrier-1,North,2.5,22.97,Critical
9773,2024-12-19,2024-12-27,2024-12-27,WH-D,Carrier-3,West,37.0,62.76,Express
9774,2026-02-20,2026-02-27,2026-03-02,WH-C,Carrier-2,North,79.9,122.39,Critical
9775,2024-09-01,2024-09-05,,WH-C,Carrier-2,East,60.0,189.99,Critical
9776,2024-12-12,2024-12-18,2024-12-23,WH-B,Carrier-3,South,29.9,86.99,Express
9777,2026-04-28,2026-05-02,2026-05-09,WH-D,Carrier-1,South,73.1,201.84,Express
9778,2024-04-16,2024-04-20,2024-04-22,WH-C,Carrier-2,East,62.3,68.27,Express
9779,2024-10-04,2024-10-06,2024-10-11,WH-A,Carrier-2,North,50.8,233.68,Standard
9780,2024-12-30,2025-01-07,,WH-A,Carrier-2,West,41.1,238.44,Standard
9781,2025-06-15,2025-06-20,2025-06-22,WH-B,Carrier-1,East,13.4,8.92,Express
9782,2024-06-19,2024-06-26,2024-07-02,WH-A,Carrier-3,South,39.8,222.63,Express
9783,2024-09-10,2024-09-13,2024-09-12,WH-B,Carrier-2,West,27.7,185.34,Express
9784,2024-10-10,2024-10-12,2024-10-12,WH-B,Carrier-3,West,10.2,12.0,Express
9785,2026-06-15,2026-06-17,2026-06-25,WH-D,Carrier-2,East,31.1,115.7,Express
9786,2025-03-22,2025-03-25,2025-04-02,WH-D,Carrier-1,West,8.5,70.55,Standard
9787,2024-09-23,2024-09-27,2024-09-27,WH-B,Carrier-3,North,29.6,45.62,Standard
9788,2025-10-14,2025-10-21,2025-10-29,WH-B,Carrier-2,North,60.6,95.82,Standard
9789,2025-05-16,2025-05-24,2025-05-24,WH-B,Carrier-2,West,58.5,105.68,Standard
9790,2024-08-14,2024-08-22,2024-08-24,WH-D,Carrier-2,North,37.6,116.92,Critical
9791,2025-10-09,2025-10-14,2025-10-20,WH-A,Carrier-2,North,78.7,116.49,Critical
9792,2024-01-28,2024-02-04,,WH-C,Carrier-1,West,21.5,61.41,Standard
9793,2024-03-14,2024-03-22,2024-03-28,WH-B,Carrier-1,South,28.3,23.94,Standard
9794,2024-06-27,2024-07-02,,WH-B,Carrier-3,East,54.0,161.74,Standard
9795,2024-08-14,2024-08-17,2024-08-25,WH-C,Carrier-1,South,57.6,155.39,Standard
9796,2024-12-24,2024-12-29,2024-12-28,WH-B,Carrier-1,North,26.1,169.75,Critical
9797,2025-01-08,2025-01-12,2025-01-18,WH-A,Carrier-1,South,65.2,87.62,Express
9798,2025-06-26,2025-07-02,2025-07-10,WH-B,Carrier-1,North,33.0,238.96,Critical
9799,2026-01-16,2026-01-21,2026-01-20,WH-B,Carrier-1,South,28.7,134.37,Express
9800,2024-04-14,2024-04-22,2024-04-29,WH-B,Carrier-3,North,17.5,153.44,Express
9801,2025-04-16,2025-04-20,2025-04-21,WH-C,Carrier-1,South,43.1,81.65,Express
9802,2024-09-01,2024-09-08,2024-09-16,WH-B,Carrier-3,East,15.9,129.69,Critical
9803,2024-05-17,2024-05-22,2024-05-22,WH-D,Carrier-2,West,30.5,158.93,Standard
9804,2024-09-30,2024-10-07,2024-10-13,WH-D,Carrier-2,East,6.0,9.09,Express
9805,2024-12-19,2024-12-26,2024-12-31,WH-D,Carrier-1,North,28.7,117.03,Express
9806,2025-06-16,2025-06-23,2025-06-26,WH-A,Carrier-2,West,67.4,166.28,Standard
9807,2026-05-13,2026-05-19,2026-05-27,WH-D,Carrier-1,South,8.1,111.55,Critical
9808,2026-05-08,2026-05-14,2026-05-12,WH-C,Carrier-2,South,38.6,200.13,Standard
9809,2024-02-23,2024-02-27,2024-03-04,WH-A,Carrier-1,West,40.7,202.23,Standard
9810,2025-10-16,2025-10-22,2025-10-28,WH-B,Carrier-1,North,69.4,17.48,Express
9811,2024-02-17,2024-02-25,2024-02-28,WH-C,Carrier-2,North,35.4,99.66,Standard
9812,2025-07-25,2025-08-02,2025-08-09,WH-D,Carrier-1,East,66.4,210.25,Critical
9813,2026-01-20,2026-01-26,2026-02-03,WH-A,Carrier-2,South,65.7,171.91,Standard
9814,2025-07-25,2025-08-02,2025-08-08,WH-A,Carrier-3,East,12.2,96.02,Critical
9815,2026-02-03,2026-02-05,2026-02-03,WH-C,Carrier-1,East,64.2,119.57,Express
9816,2025-01-14,2025-01-18,2025-01-18,WH-D,Carrier-3,South,25.3,232.3,Critical
9817,2025-01-15,2025-01-21,2025-01-29,WH-A,Carrier-2,West,19.8,238.39,Express
9818,2025-09-07,2025-09-15,2025-09-18,WH-D,Carrier-3,East,71.0,206.13,Critical
9819,2026-08-20,2026-08-25,2026-08-29,WH-D,Carrier-1,South,15.2,173.28,Critical
9820,2025-12-08,2025-12-14,2025-12-12,WH-C,Carrier-1,East,75.4,152.96,Express
9821,2025-10-31,2025-11-05,2025-11-03,WH-D,Carrier-3,West,19.0,40.54,Critical
9822,2026-05-20,2026-05-27,2026-06-03,WH-C,Carrier-3,East,7.1,126.27,Critical
9823,2024-09-07,2024-09-12,2024-09-13,WH-B,Carrier-2,West,40.3,225.54,Standard
9824,2024-01-17,2024-01-25,2024-02-02,WH-A,Carrier-2,North,55.3,53.66,Critical
9825,2024-10-14,2024-10-21,,WH-C,Carrier-1,North,73.3,150.88,Standard
9826,2024-03-07,2024-03-14,2024-03-19,WH-A,Carrier-2,West,25.2,59.83,Critical
9827,2024-12-21,2024-12-27,2024-12-25,WH-B,Carrier-3,East,78.9,66.27,Express
9828,2026-08-06,2026-08-08,2026-08-09,WH-A,Carrier-2,North,79.1,70.63,Critical
9829,2024-07-23,2024-07-25,2024-07-27,WH-C,Carrier-3,West,27.7,205.92,Express
9830,2025-07-16,2025-07-19,2025-07-25,WH-D,Carrier-1,South,59.8,61.67,Standard
9831,2024-07-17,2024-07-24,2024-07-24,WH-D,Carrier-3,East,26.4,27.13,Express
9832,2025-02-25,2025-03-01,2025-03-06,WH-C,Carrier-2,West,53.0,37.31,Critical
9833,2024-01-09,2024-01-17,2024-01-16,WH-D,Carrier-3,West,71.2,101.93,Standard
9834,2025-06-12,2025-06-17,2025-06-18,WH-C,Carrier-3,South,8.4,129.54,Critical
9835,2025-03-27,2025-03-31,2025-04-02,WH-A,Carrier-3,North,45.1,87.7,Express
9836,2025-02-25,2025-03-05,2025-03-03,WH-C,Carrier-1,West,3.5,145.26,Standard
9837,2025-11-24,2025-11-26,2025-11-24,WH-D,Carrier-3,West,48.1,75.98,Standard
9838,2025-11-11,2025-11-19,2025-11-23,WH-D,Carrier-3,East,10.9,202.14,Standard
9839,2024-05-18,2024-05-20,2024-05-27,WH-B,Carrier-2,North,31.2,142.13,Express
9840,2024-01-07,2024-01-12,2024-01-12,WH-A,Carrier-1,South,40.5,127.43,Express
9841,2026-06-08,2026-06-16,2026-06-20,WH-D,Carrier-3,East,0.5,109.4,Standard
9842,2026-07-12,2026-07-14,2026-07-14,WH-D,Carrier-3,South,43.7,119.77,Express
9843,2025-04-22,2025-04-29,2025-05-04,WH-C,Carrier-3,North,27.2,57.3,Express
9844,2026-02-22,2026-02-25,2026-02-24,WH-B,Carrier-1,North,24.8,79.01,Standard
9845,2026-03-09,2026-03-15,2026-03-19,WH-D,Carrier-3,East,7.4,74.56,Critical
9846,2025-03-25,2025-03-27,,WH-A,Carrier-3,West,50.1,153.19,Critical
9847,2024-11-15,2024-11-19,2024-11-18,WH-B,Carrier-1,South,8.4,150.3,Standard
9848,2025-03-01,2025-03-05,2025-03-12,WH-B,Carrier-1,North,22.6,92.68,Express
9849,2026-06-29,2026-07-05,2026-07-06,WH-C,Carrier-3,South,62.4,12.02,Standard
9850,2025-01-02,2025-01-06,2025-01-09,WH-A,Carrier-1,South,60.0,212.73,Critical
9851,2025-09-05,2025-09-08,2025-09-09,WH-A,Carrier-2,West,39.0,80.95,Standard
9852,2024-04-05,2024-04-11,2024-04-09,WH-C,Carrier-2,North,48.9,72.89,Critical
9853,2025-10-10,2025-10-18,2025-10-24,WH-D,Carrier-3,East,35.3,230.11,Express
9854,2024-08-22,2024-08-26,2024-08-26,WH-C,Carrier-1,North,50.8,187.75,Standard
9855,2025-06-06,2025-06-12,2025-06-18,WH-D,Carrier-3,West,71.2,87.67,Express
9856,2026-02-24,2026-02-27,2026-03-07,WH-A,Carrier-1,West,56.5,181.14,Express
9857,2025-01-15,2025-01-22,2025-01-22,WH-D,Carrier-3,North,30.7,196.17,Standard
9858,2025-08-12,2025-08-20,2025-08-23,WH-C,Carrier-2,West,1.7,57.6,Standard
9859,2026-02-03,2026-02-09,2026-02-09,WH-C,Carrier-3,East,79.2,62.69,Critical
9860,2024-11-06,2024-11-10,2024-11-16,WH-C,Carrier-1,East,17.8,107.02,Express
9861,2024-03-03,2024-03-05,2024-03-11,WH-D,Carrier-2,West,31.1,31.86,Express
9862,2025-07-08,2025-07-16,2025-07-24,WH-B,Carrier-1,West,45.2,121.82,Critical
9863,2026-08-26,2026-08-28,,WH-B,Carrier-3,South,67.7,117.05,Express
9864,2024-03-17,2024-03-25,2024-03-28,WH-B,Carrier-3,West,70.8,100.7,Critical
9865,2026-06-21,2026-06-28,2026-06-26,WH-B,Carrier-1,South,35.6,126.6,Express
9866,2025-05-23,2025-05-29,2025-06-03,WH-C,Carrier-3,North,8.7,185.62,Critical
9867,2025-08-24,2025-08-31,2025-09-05,WH-A,Carrier-1,North,44.9,133.45,Critical
9868,2024-03-09,2024-03-16,2024-03-22,WH-B,Carrier-2,North,52.3,82.63,Critical
9869,2025-12-05,2025-12-11,2025-12-10,WH-D,Carrier-3,East,64.2,108.24,Express
9870,2025-11-13,2025-11-19,2025-11-17,WH-C,Carrier-3,South,10.3,43.76,Express
9871,2024-12-03,2024-12-11,2024-12-19,WH-A,Carrier-3,West,44.9,66.86,Express
9872,2024-09-01,2024-09-08,2024-09-15,WH-C,Carrier-3,East,48.5,164.74,Standard
9873,2025-01-18,2025-01-22,2025-01-26,WH-C,Carrier-1,North,20.5,136.94,Standard
9874,2024-07-08,2024-07-12,2024-07-13,WH-A,Carrier-1,West,59.0,219.57,Express
9875,2025-12-09,2025-12-17,2025-12-19,WH-C,Carrier-1,South,10.2,132.74,Critical
9876,2025-07-01,2025-07-05,2025-07-03,WH-B,Carrier-3,North,15.9,11.42,Express
9877,2024-06-06,2024-06-12,2024-06-14,WH-A,Carrier-2,East,54.9,98.33,Express
9878,2024-09-09,2024-09-11,2024-09-09,WH-B,Carrier-3,West,40.5,207.0,Express
9879,2025-10-22,2025-10-27,2025-11-03,WH-D,Carrier-3,East,33.4,193.61,Express
9880,2026-05-21,2026-05-28,2026-06-03,WH-B,Carrier-1,South,25.5,98.9,Standard
9881,2026-07-17,2026-07-22,2026-07-27,WH-A,Carrier-3,East,25.2,124.09,Express
9882,2025-08-23,2025-08-28,2025-08-27,WH-C,Carrier-1,North,3.1,58.52,Critical
9883,2024-07-29,2024-08-04,2024-08-08,WH-C,Carrier-3,South,52.9,182.95,Critical
9884,2025-01-28,2025-02-03,2025-02-05,WH-A,Carrier-1,West,43.2,118.62,Express
9885,2024-02-23,2024-03-01,2024-02-28,WH-D,Carrier-2,North,2.2,193.39,Standard
9886,2025-06-19,2025-06-23,2025-06-27,WH-C,Carrier-3,North,21.4,156.69,Critical
9887,2025-05-13,2025-05-19,2025-05-19,WH-A,Carrier-1,South,77.0,207.23,Standard
9888,2025-01-28,2025-02-01,2025-02-04,WH-C,Carrier-3,West,53.4,56.76,Express
9889,2026-01-14,2026-01-22,2026-01-26,WH-B,Carrier-1,West,20.8,154.76,Critical
9890,2026-06-10,2026-06-15,2026-06-22,WH-A,Carrier-2,South,28.9,214.95,Critical
9891,2024-10-12,2024-10-14,2024-10-14,WH-A,Carrier-3,South,39.1,152.85,Express
9892,2025-10-29,2025-10-31,2025-11-03,WH-A,Carrier-2,East,76.3,59.92,Standard
9893,2024-05-19,2024-05-26,2024-05-31,WH-B,Carrier-2,East,44.2,94.47,Critical
9894,2024-07-22,2024-07-28,2024-07-31,WH-D,Carrier-1,South,42.8,156.85,Standard
9895,2026-03-09,2026-03-13,,WH-A,Carrier-3,South,22.0,126.21,Critical
9896,2025-04-02,2025-04-04,2025-04-06,WH-A,Carrier-3,North,1.6,205.69,Standard
9897,2026-03-10,2026-03-15,2026-03-23,WH-A,Carrier-2,East,34.9,96.55,Standard
9898,2024-06-20,2024-06-25,2024-07-02,WH-D,Carrier-3,West,20.9,222.89,Standard
9899,2025-06-16,2025-06-18,2025-06-17,WH-C,Carrier-1,North,73.1,194.0,Standard
9900,2026-05-29,2026-06-04,2026-06-11,WH-B,Carrier-3,North,40.4,80.65,Critical
9901,2025-11-18,2025-11-24,2025-12-02,WH-C,Carrier-3,North,55.3,131.43,Critical
9902,2024-01-20,2024-01-23,2024-01-21,WH-C,Carrier-3,North,77.4,147.29,Critical
9903,2024-05-16,2024-05-19,2024-05-20,WH-D,Carrier-3,South,25.0,47.46,Critical
9904,2024-08-02,2024-08-08,2024-08-11,WH-C,Carrier-2,North,49.0,134.61,Standard
9905,2024-07-06,2024-07-14,2024-07-15,WH-D,Carrier-1,South,6.4,196.11,Critical
9906,2026-02-20,2026-02-24,2026-03-01,WH-B,Carrier-1,North,28.1,220.29,Express
9907,2026-05-16,2026-05-19,2026-05-23,WH-B,Carrier-3,West,37.5,206.56,Critical
9908,2026-07-18,2026-07-24,2026-08-01,WH-D,Carrier-1,South,75.6,104.22,Express
9909,2024-07-23,2024-07-28,2024-08-04,WH-B,Carrier-2,East,21.4,122.46,Critical
9910,2025-03-16,2025-03-18,2025-03-20,WH-C,Carrier-3,West,15.5,59.65,Express
9911,2024-12-17,2024-12-21,2024-12-28,WH-C,Carrier-2,East,30.0,21.13,Express
9912,2024-10-27,2024-11-03,2024-11-06,WH-C,Carrier-2,East,75.7,137.6,Critical
9913,2026-06-22,2026-06-25,2026-06-27,WH-A,Carrier-2,West,25.4,227.46,Critical
9914,2024-08-08,2024-08-14,2024-08-22,WH-B,Carrier-1,North,31.3,24.66,Express
9915,2024-06-23,2024-06-26,2024-06-29,WH-C,Carrier-3,South,53.5,78.65,Standard
9916,2025-06-15,2025-06-21,2025-06-27,WH-D,Carrier-2,South,18.1,211.61,Express
9917,2024-01-02,2024-01-08,2024-01-10,WH-D,Carrier-2,North,28.4,47.47,Express
9918,2026-05-04,2026-05-07,,WH-D,Carrier-3,West,76.6,20.95,Critical
9919,2025-03-10,2025-03-14,2025-03-20,WH-C,Carrier-3,East,8.3,95.9,Standard
9920,2025-08-23,2025-08-27,2025-08-29,WH-D,Carrier-2,East,35.1,91.5,Critical
9921,2026-07-07,2026-07-09,2026-07-14,WH-B,Carrier-1,South,36.4,48.78,Standard
9922,2025-09-30,2025-10-08,2025-10-09,WH-C,Carrier-3,South,45.4,121.03,Critical
9923,2025-07-04,2025-07-10,2025-07-08,WH-D,Carrier-1,North,4.9,87.22,Express
9924,2025-10-26,2025-11-03,2025-11-05,WH-B,Carrier-2,West,37.9,219.42,Standard
9925,2024-02-09,2024-02-15,2024-02-15,WH-C,Carrier-2,North,3.3,65.98,Express
9926,2025-09-18,2025-09-24,2025-09-26,WH-B,Carrier-1,North,51.8,27.43,Express
9927,2024-10-04,2024-10-12,2024-10-16,WH-B,Carrier-3,North,61.7,141.66,Critical
9928,2025-02-19,2025-02-25,2025-02-26,WH-B,Carrier-2,North,25.9,22.98,Standard
9929,2026-03-04,2026-03-09,2026-03-15,WH-A,Carrier-2,North,36.7,208.92,Express
9930,2025-05-06,2025-05-08,2025-05-13,WH-C,Carrier-3,West,35.2,235.1,Critical
9931,2025-08-07,2025-08-15,2025-08-23,WH-D,Carrier-3,East,69.8,159.7,Express
9932,2025-04-03,2025-04-11,2025-04-19,WH-B,Carrier-1,North,33.5,134.03,Standard
9933,2025-08-14,2025-08-18,,WH-B,Carrier-1,West,7.0,227.53,Standard
9934,2025-09-26,2025-10-04,2025-10-10,WH-A,Carrier-2,West,9.0,215.93,Critical
9935,2024-03-23,2024-03-30,2024-04-02,WH-D,Carrier-2,South,59.3,32.58,Critical
9936,2024-03-26,2024-03-31,2024-04-07,WH-A,Carrier-2,North,60.4,177.65,Standard
9937,2025-06-19,2025-06-24,2025-06-23,WH-D,Carrier-1,South,67.9,26.24,Standard
9938,2024-04-03,2024-04-08,2024-04-12,WH-B,Carrier-2,West,7.9,56.49,Express
9939,2025-12-29,2026-01-06,,WH-C,Carrier-1,West,9.9,218.66,Standard
9940,2024-02-13,2024-02-17,2024-02-24,WH-C,Carrier-3,West,62.1,190.28,Standard
9941,2024-03-11,2024-03-18,2024-03-25,WH-B,Carrier-1,South,41.9,195.94,Critical
9942,2026-03-09,2026-03-12,2026-03-18,WH-B,Carrier-2,South,78.5,144.04,Critical
9943,2026-08-05,2026-08-13,2026-08-17,WH-B,Carrier-1,West,21.1,173.14,Critical
9944,2025-03-08,2025-03-11,2025-03-10,WH-D,Carrier-2,West,67.0,85.54,Critical
9945,2025-04-03,2025-04-11,2025-04-10,WH-D,Carrier-1,South,14.8,203.71,Express
9946,2024-02-17,2024-02-25,2024-02-26,WH-A,Carrier-3,South,29.6,132.46,Critical
9947,2024-12-01,2024-12-08,2024-12-16,WH-B,Carrier-3,West,42.6,78.78,Express
9948,2024-05-13,2024-05-16,2024-05-14,WH-D,Carrier-1,East,37.2,76.3,Express
9949,2026-03-27,2026-03-29,,WH-B,Carrier-2,West,24.6,159.96,Express
9950,2025-11-06,2025-11-14,2025-11-12,WH-A,Carrier-3,South,22.2,223.2,Standard
9951,2025-02-11,2025-02-13,2025-02-18,WH-A,Carrier-2,East,59.5,23.21,Critical
9952,2024-10-20,2024-10-28,2024-10-30,WH-A,Carrier-2,West,0.6,135.42,Standard
9953,2024-10-21,2024-10-29,2024-11-05,WH-C,Carrier-3,North,35.8,85.64,Express
9954,2024-07-01,2024-07-03,2024-07-05,WH-D,Carrier-2,West,66.7,136.75,Standard
9955,2026-06-11,2026-06-19,2026-06-19,WH-D,Carrier-2,North,5.3,7.7,Critical
9956,2026-06-18,2026-06-26,2026-06-27,WH-B,Carrier-1,West,28.2,156.35,Express
9957,2024-02-26,2024-03-05,2024-03-10,WH-D,Carrier-2,North,58.9,43.33,Express
9958,2026-08-15,2026-08-21,2026-08-27,WH-C,Carrier-2,South,5.3,24.83,Critical
9959,2025-03-25,2025-03-29,2025-04-06,WH-D,Carrier-3,East,66.4,110.05,Critical
9960,2026-01-18,2026-01-20,2026-01-28,WH-C,Carrier-1,North,41.4,165.87,Critical
9961,2024-04-09,2024-04-15,2024-04-13,WH-B,Carrier-2,East,20.0,32.57,Critical
9962,2024-12-14,2024-12-17,2024-12-15,WH-B,Carrier-2,East,32.9,49.53,Express
9963,2026-02-16,2026-02-24,2026-02-28,WH-C,Carrier-3,North,78.1,94.68,Critical
9964,2025-02-22,2025-02-25,2025-02-26,WH-D,Carrier-3,South,77.7,186.74,Standard
9965,2024-04-17,2024-04-22,2024-04-23,WH-C,Carrier-1,West,47.8,109.1,Standard
9966,2024-05-15,2024-05-18,2024-05-26,WH-A,Carrier-3,East,56.4,130.82,Express
9967,2025-01-24,2025-01-29,2025-02-03,WH-C,Carrier-1,East,30.8,239.21,Standard
9968,2026-02-04,2026-02-10,2026-02-12,WH-A,Carrier-1,East,72.2,225.74,Express
9969,2026-04-09,2026-04-12,2026-04-13,WH-B,Carrier-1,West,0.6,188.43,Express
9970,2025-06-25,2025-06-27,2025-07-04,WH-D,Carrier-2,North,37.9,109.7,Express
9971,2025-05-04,2025-05-06,,WH-B,Carrier-3,West,19.4,5.69,Standard
9972,2026-03-01,2026-03-05,2026-03-05,WH-C,Carrier-3,East,7.8,90.16,Express
9973,2026-06-13,2026-06-16,,WH-A,Carrier-2,East,49.7,108.87,Standard
9974,2024-08-17,2024-08-22,2024-08-28,WH-A,Carrier-3,East,52.8,154.01,Express
9975,2026-01-19,2026-01-22,2026-01-25,WH-B,Carrier-2,East,39.1,224.66,Express
9976,2026-05-23,2026-05-29,2026-06-06,WH-C,Carrier-1,West,57.1,214.51,Standard
9977,2025-06-20,2025-06-23,2025-06-30,WH-D,Carrier-1,East,39.3,115.74,Express
9978,2025-04-12,2025-04-15,2025-04-21,WH-C,Carrier-1,South,32.9,72.96,Express
9979,2024-09-27,2024-10-03,2024-10-02,WH-D,Carrier-3,East,62.0,18.34,Critical
9980,2025-05-03,2025-05-05,2025-05-06,WH-B,Carrier-1,West,29.5,85.43,Critical
9981,2025-02-20,2025-02-27,2025-03-02,WH-C,Carrier-2,West,68.5,66.85,Critical
9982,2024-08-28,2024-08-31,2024-09-08,WH-D,Carrier-1,East,45.1,226.8,Standard
9983,2026-03-25,2026-03-30,2026-03-29,WH-C,Carrier-2,North,12.2,112.49,Standard
9984,2025-05-25,2025-05-28,2025-05-26,WH-C,Carrier-2,South,50.3,87.32,Express
9985,2025-07-21,2025-07-25,2025-08-02,WH-C,Carrier-1,South,10.3,142.34,Critical
9986,2026-07-02,2026-07-07,2026-07-05,WH-A,Carrier-2,West,16.0,82.71,Critical
9987,2024-11-18,2024-11-23,2024-11-29,WH-A,Carrier-1,North,62.3,69.48,Critical
9988,2026-07-09,2026-07-13,2026-07-12,WH-B,Carrier-2,North,28.9,190.8,Standard
9989,2024-01-10,2024-01-18,2024-01-16,WH-B,Carrier-2,North,24.9,78.07,Critical
9990,2025-03-23,2025-03-30,2025-03-28,WH-A,Carrier-3,North,32.7,48.77,Express
9991,2025-10-08,2025-10-12,2025-10-17,WH-B,Carrier-3,South,67.1,21.52,Standard
9992,2024-02-11,2024-02-17,2024-02-17,WH-C,Carrier-1,East,64.8,57.51,Critical
9993,2024-08-18,2024-08-21,2024-08-24,WH-C,Carrier-2,South,45.8,130.0,Critical
9994,2024-10-26,2024-10-28,2024-11-04,WH-A,Carrier-3,South,24.0,180.04,Standard
9995,2026-08-11,2026-08-18,2026-08-24,WH-D,Carrier-3,North,12.1,61.53,Critical
9996,2024-12-23,2024-12-27,2025-01-02,WH-C,Carrier-1,North,33.1,71.91,Express
9997,2024-02-20,2024-02-28,2024-02-26,WH-A,Carrier-2,North,22.6,137.94,Express
9998,2024-10-02,2024-10-07,2024-10-06,WH-A,Carrier-1,South,38.0,61.15,Express
9999,2026-01-17,2026-01-20,2026-01-18,WH-D,Carrier-1,North,39.9,237.18,Critical
10000,2026-03-27,2026-04-04,2026-04-12,WH-A,Carrier-2,East,34.7,172.7,Express
10001,2024-01-17,2024-01-19,2024-01-23,WH-B,Carrier-2,East,69.6,174.15,Express
10002,2024-10-30,2024-11-03,2024-11-03,WH-D,Carrier-3,South,74.1,224.57,Express
10003,2026-06-21,2026-06-27,2026-06-29,WH-A,Carrier-1,North,64.7,51.38,Standard
10004,2024-02-20,2024-02-22,2024-02-27,WH-B,Carrier-1,East,25.7,137.88,Critical
10005,2024-04-03,2024-04-10,,WH-C,Carrier-2,North,57.4,97.27,Standard
10006,2024-03-03,2024-03-08,2024-03-09,WH-D,Carrier-1,East,50.3,92.75,Standard
10007,2026-03-11,2026-03-15,2026-03-15,WH-A,Carrier-2,North,31.4,87.85,Express
10008,2024-05-21,2024-05-28,2024-05-31,WH-B,Carrier-2,South,49.9,124.81,Critical
10009,2025-06-18,2025-06-26,2025-06-27,WH-A,Carrier-1,North,54.3,208.67,Critical
10010,2025-02-06,2025-02-12,2025-02-19,WH-C,Carrier-3,North,65.6,236.26,Critical
10011,2025-07-11,2025-07-16,2025-07-20,WH-D,Carrier-3,North,38.0,145.74,Critical
10012,2025-08-22,2025-08-27,2025-08-25,WH-D,Carrier-3,West,2.7,225.88,Standard
10013,2026-05-31,2026-06-05,2026-06-06,WH-C,Carrier-2,West,38.9,51.16,Express
10014,2025-04-06,2025-04-08,2025-04-09,WH-B,Carrier-3,West,20.9,36.86,Critical
10015,2026-03-12,2026-03-19,2026-03-20,WH-B,Carrier-1,North,68.7,105.64,Critical
10016,2024-09-09,2024-09-17,2024-09-23,WH-C,Carrier-1,East,5.3,132.48,Standard
10017,2024-07-12,2024-07-16,2024-07-23,WH-B,Carrier-2,East,43.2,176.94,Standard
10018,2024-01-20,2024-01-28,2024-02-01,WH-A,Carrier-1,North,59.8,172.13,Express
10019,2026-06-16,2026-06-21,2026-06-24,WH-C,Carrier-3,South,11.2,19.0,Express
10020,2024-01-22,2024-01-28,2024-01-28,WH-B,Carrier-1,East,0.3,60.53,Standard
10021,2024-01-14,2024-01-19,2024-01-20,WH-D,Carrier-2,North,54.8,188.72,Standard
10022,2025-03-08,2025-03-12,2025-03-10,WH-D,Carrier-3,South,56.1,117.34,Critical
10023,2025-07-09,2025-07-16,2025-07-23,WH-D,Carrier-3,North,52.5,19.82,Express
10024,2025-01-30,2025-02-05,2025-02-11,WH-B,Carrier-2,North,74.7,142.91,Express
10025,2026-06-07,2026-06-09,2026-06-13,WH-D,Carrier-1,East,14.9,155.05,Express
10026,2026-05-22,2026-05-28,2026-05-26,WH-D,Carrier-1,East,50.9,139.45,Standard
10027,2024-10-09,2024-10-13,2024-10-18,WH-C,Carrier-2,East,3.9,65.83,Critical
10028,2024-10-10,2024-10-18,2024-10-18,WH-A,Carrier-3,East,36.0,69.65,Standard
10029,2025-01-28,2025-02-01,2025-02-04,WH-A,Carrier-3,West,70.7,46.7,Critical
10030,2025-04-05,2025-04-08,2025-04-12,WH-C,Carrier-2,South,4.9,4.08,Express
10031,2026-05-13,2026-05-21,2026-05-27,WH-C,Carrier-2,North,72.7,96.13,Critical
10032,2025-02-10,2025-02-16,2025-02-20,WH-B,Carrier-3,West,54.3,231.71,Critical
10033,2025-04-12,2025-04-19,2025-04-22,WH-A,Carrier-3,South,47.2,152.31,Critical
10034,2026-06-09,2026-06-12,2026-06-11,WH-D,Carrier-2,East,60.4,32.67,Standard
10035,2026-07-26,2026-07-30,2026-08-04,WH-A,Carrier-1,East,61.3,25.88,Express
10036,2025-08-25,2025-08-27,2025-08-28,WH-D,Carrier-2,North,11.4,217.89,Standard
10037,2025-10-23,2025-10-31,2025-11-01,WH-D,Carrier-1,West,65.5,190.44,Critical
10038,2024-06-20,2024-06-25,2024-06-26,WH-B,Carrier-1,West,49.0,230.99,Standard
10039,2026-07-05,2026-07-12,,WH-A,Carrier-1,South,6.3,66.85,Express
10040,2024-09-14,2024-09-18,2024-09-18,WH-A,Carrier-1,East,52.2,221.78,Express
10041,2025-08-13,2025-08-19,2025-08-27,WH-B,Carrier-2,South,1.6,11.88,Critical
10042,2026-06-18,2026-06-26,2026-06-26,WH-D,Carrier-2,North,72.9,197.16,Standard
10043,2024-07-14,2024-07-20,2024-07-23,WH-D,Carrier-2,North,3.6,121.19,Express
10044,2025-07-14,2025-07-20,2025-07-24,WH-D,Carrier-2,North,4.4,163.7,Express
10045,2026-04-27,2026-04-29,2026-05-03,WH-C,Carrier-3,West,8.3,72.79,Express
10046,2025-06-22,2025-06-28,2025-07-05,WH-C,Carrier-2,South,27.8,155.11,Critical
10047,2025-04-15,2025-04-23,2025-04-25,WH-A,Carrier-3,South,45.2,109.38,Express
10048,2024-01-02,2024-01-08,2024-01-12,WH-A,Carrier-2,South,25.9,49.52,Standard
10049,2024-11-09,2024-11-15,2024-11-19,WH-A,Carrier-2,North,50.0,15.1,Express
10050,2025-05-04,2025-05-10,2025-05-18,WH-C,Carrier-3,North,38.2,173.9,Express
10051,2025-01-02,2025-01-06,2025-01-08,WH-B,Carrier-3,West,33.9,55.02,Standard
10052,2025-11-26,2025-12-04,2025-12-12,WH-B,Carrier-3,South,49.1,10.66,Express
10053,2026-03-29,2026-04-03,2026-04-07,WH-C,Carrier-2,West,21.3,165.85,Critical
10054,2025-06-19,2025-06-25,2025-06-29,WH-C,Carrier-1,North,24.3,116.79,Express
10055,2025-01-27,2025-02-04,2025-02-11,WH-C,Carrier-3,North,48.7,197.26,Standard
10056,2025-01-09,2025-01-16,2025-01-23,WH-B,Carrier-3,South,43.3,198.29,Critical
10057,2025-08-26,2025-09-02,2025-09-10,WH-A,Carrier-1,South,20.3,138.28,Express
10058,2025-07-03,2025-07-10,2025-07-14,WH-B,Carrier-2,East,27.3,111.56,Standard
10059,2026-08-01,2026-08-05,2026-08-13,WH-A,Carrier-3,North,30.2,17.39,Critical
10060,2025-06-22,2025-06-27,2025-06-25,WH-D,Carrier-1,South,65.8,106.19,Standard
10061,2025-07-31,2025-08-03,2025-08-10,WH-B,Carrier-2,South,25.8,189.27,Critical
10062,2024-01-12,2024-01-19,2024-01-18,WH-B,Carrier-3,South,58.6,89.85,Standard
10063,2025-07-20,2025-07-28,2025-08-05,WH-A,Carrier-1,North,25.4,191.7,Standard
10064,2024-07-03,2024-07-07,2024-07-07,WH-C,Carrier-3,West,75.6,150.04,Critical
10065,2025-08-09,2025-08-16,2025-08-23,WH-C,Carrier-3,West,18.0,195.84,Express
10066,2026-05-29,2026-06-04,2026-06-12,WH-B,Carrier-1,East,6.7,127.91,Standard
10067,2024-08-01,2024-08-08,,WH-B,Carrier-1,North,33.6,93.53,Express
10068,2024-02-11,2024-02-18,2024-02-18,WH-D,Carrier-2,South,4.8,137.16,Critical
10069,2025-04-07,2025-04-10,2025-04-10,WH-A,Carrier-1,East,68.1,185.28,Express
10070,2024-02-07,2024-02-11,2024-02-14,WH-C,Carrier-3,South,0.5,80.05,Express
10071,2026-06-26,2026-07-01,2026-07-03,WH-A,Carrier-1,West,78.8,19.0,Standard
10072,2024-02-20,2024-02-22,2024-03-01,WH-B,Carrier-2,West,66.9,200.58,Standard
10073,2026-03-01,2026-03-04,2026-03-03,WH-A,Carrier-3,North,33.7,31.32,Standard
10074,2024-04-04,2024-04-11,2024-04-12,WH-D,Carrier-1,South,45.7,28.06,Critical
10075,2024-04-28,2024-04-30,2024-04-29,WH-B,Carrier-1,West,4.2,158.27,Express
10076,2025-03-03,2025-03-10,2025-03-13,WH-C,Carrier-3,North,2.7,66.39,Express
10077,2026-02-09,2026-02-14,2026-02-12,WH-A,Carrier-3,North,20.5,55.43,Standard
10078,2026-05-22,2026-05-27,2026-05-25,WH-C,Carrier-1,West,62.1,78.06,Express
10079,2025-02-19,2025-02-25,2025-02-27,WH-A,Carrier-3,North,50.6,228.8,Standard
10080,2024-11-17,2024-11-23,2024-11-24,WH-D,Carrier-1,South,41.6,235.96,Express
10081,2025-07-24,2025-07-28,2025-07-26,WH-A,Carrier-3,North,7.1,84.23,Standard
10082,2024-04-13,2024-04-18,2024-04-23,WH-A,Carrier-3,North,22.0,32.77,Standard
10083,2024-07-17,2024-07-19,2024-07-24,WH-A,Carrier-3,South,4.9,56.23,Critical
10084,2025-10-06,2025-10-09,2025-10-07,WH-B,Carrier-1,North,24.3,102.42,Express
10085,2025-08-29,2025-09-01,2025-09-07,WH-C,Carrier-1,East,44.8,173.0,Critical
10086,2025-07-29,2025-08-04,2025-08-10,WH-B,Carrier-1,West,73.0,74.06,Standard
10087,2026-08-14,2026-08-18,2026-08-22,WH-C,Carrier-1,South,45.1,145.47,Express
10088,2026-05-01,2026-05-03,2026-05-10,WH-D,Carrier-1,North,59.1,94.67,Critical
10089,2024-05-15,2024-05-18,2024-05-22,WH-A,Carrier-1,South,57.4,23.51,Express
10090,2024-10-06,2024-10-14,2024-10-13,WH-A,Carrier-1,North,35.1,41.06,Express
10091,2026-04-01,2026-04-05,2026-04-13,WH-C,Carrier-2,East,67.3,222.28,Express
10092,2025-01-21,2025-01-28,2025-02-02,WH-D,Carrier-2,North,31.0,75.72,Express
10093,2024-10-27,2024-11-04,,WH-C,Carrier-1,West,27.6,77.61,Standard
10094,2025-04-09,2025-04-12,2025-04-13,WH-B,Carrier-1,North,28.0,185.64,Critical
10095,2026-07-14,2026-07-16,2026-07-24,WH-D,Carrier-2,South,9.5,4.31,Standard
10096,2024-04-08,2024-04-12,2024-04-15,WH-A,Carrier-1,East,52.4,210.21,Standard
10097,2025-12-09,2025-12-15,2025-12-20,WH-B,Carrier-3,North,47.3,140.86,Critical
10098,2025-08-05,2025-08-08,2025-08-12,WH-A,Carrier-2,North,49.0,98.28,Express
10099,2024-10-30,2024-11-02,2024-11-05,WH-C,Carrier-1,North,63.2,145.07,Express
10100,2024-10-20,2024-10-26,2024-10-26,WH-B,Carrier-1,West,36.3,49.94,Express
10101,2024-06-09,2024-06-16,2024-06-20,WH-B,Carrier-1,West,61.7,11.86,Critical
10102,2026-04-19,2026-04-23,2026-05-01,WH-C,Carrier-1,East,75.7,61.81,Express
10103,2025-07-06,2025-07-13,2025-07-21,WH-A,Carrier-3,West,35.4,186.82,Standard
10104,2025-05-09,2025-05-13,2025-05-13,WH-A,Carrier-1,West,69.3,138.41,Critical
10105,2025-03-03,2025-03-11,2025-03-09,WH-C,Carrier-3,North,17.8,128.31,Express
10106,2025-06-06,2025-06-12,2025-06-18,WH-B,Carrier-3,West,57.0,145.0,Express
10107,2024-10-01,2024-10-05,2024-10-04,WH-D,Carrier-2,North,72.1,32.54,Critical
10108,2025-09-30,2025-10-03,2025-10-09,WH-D,Carrier-1,North,72.1,126.93,Critical
10109,2025-09-21,2025-09-29,2025-09-29,WH-B,Carrier-1,North,72.7,28.08,Critical
10110,2026-02-13,2026-02-15,2026-02-20,WH-D,Carrier-2,East,7.2,204.85,Critical
10111,2024-12-29,2025-01-03,2025-01-03,WH-D,Carrier-3,South,13.8,177.31,Express
10112,2025-07-22,2025-07-25,2025-07-27,WH-A,Carrier-2,South,32.7,199.65,Express
10113,2025-11-21,2025-11-24,2025-11-27,WH-A,Carrier-3,South,69.8,99.1,Express
10114,2024-09-17,2024-09-19,2024-09-20,WH-D,Carrier-3,West,25.9,109.74,Critical
10115,2024-08-23,2024-08-27,2024-09-01,WH-D,Carrier-1,West,28.8,168.48,Standard
10116,2025-03-19,2025-03-21,2025-03-27,WH-A,Carrier-1,North,79.9,141.84,Standard
10117,2026-08-26,2026-08-30,2026-09-07,WH-A,Carrier-2,South,60.4,97.24,Standard
10118,2026-04-05,2026-04-11,2026-04-09,WH-D,Carrier-1,South,57.5,116.49,Standard
10119,2026-01-29,2026-02-01,2026-02-02,WH-A,Carrier-2,East,17.8,52.11,Critical
10120,2024-08-02,2024-08-06,2024-08-08,WH-B,Carrier-1,North,33.9,49.21,Critical
10121,2024-06-25,2024-07-03,2024-07-09,WH-D,Carrier-3,South,2.3,41.76,Critical
10122,2025-06-16,2025-06-24,2025-06-29,WH-A,Carrier-1,West,0.3,5.46,Standard
10123,2024-09-10,2024-09-17,2024-09-21,WH-A,Carrier-3,South,34.6,123.6,Standard
10124,2025-02-05,2025-02-07,2025-02-06,WH-B,Carrier-1,South,1.9,98.24,Standard
10125,2024-08-17,2024-08-22,2024-08-29,WH-A,Carrier-2,East,5.6,222.5,Standard
10126,2024-05-28,2024-06-02,2024-06-09,WH-C,Carrier-1,West,7.5,192.68,Standard
10127,2026-03-06,2026-03-10,2026-03-13,WH-D,Carrier-3,West,75.1,73.76,Express
10128,2025-06-23,2025-07-01,2025-07-08,WH-C,Carrier-3,West,38.2,77.15,Critical
10129,2025-09-05,2025-09-11,2025-09-15,WH-D,Carrier-2,North,3.5,138.87,Standard
10130,2026-04-07,2026-04-15,,WH-D,Carrier-2,North,54.6,40.69,Standard
10131,2024-07-02,2024-07-05,2024-07-08,WH-A,Carrier-3,East,27.5,199.56,Express
10132,2024-10-25,2024-10-30,2024-11-01,WH-B,Carrier-1,West,9.6,39.82,Standard
10133,2024-11-09,2024-11-11,2024-11-15,WH-C,Carrier-1,West,43.9,116.32,Express
10134,2025-08-03,2025-08-08,2025-08-06,WH-B,Carrier-1,North,55.1,57.51,Express
10135,2024-01-19,2024-01-24,,WH-B,Carrier-2,North,72.2,152.85,Express
10136,2026-01-16,2026-01-20,2026-01-21,WH-A,Carrier-2,East,3.7,175.91,Express
10137,2025-08-04,2025-08-12,2025-08-20,WH-C,Carrier-2,North,8.7,108.16,Critical
10138,2024-11-13,2024-11-18,2024-11-16,WH-C,Carrier-3,East,18.0,41.6,Critical
10139,2025-11-24,2025-11-27,2025-12-04,WH-B,Carrier-2,North,70.8,109.92,Express
10140,2026-06-23,2026-06-28,2026-06-28,WH-A,Carrier-3,South,22.1,68.28,Critical
10141,2026-04-05,2026-04-07,2026-04-13,WH-D,Carrier-2,South,69.9,158.12,Standard
10142,2026-02-04,2026-02-08,2026-02-07,WH-B,Carrier-1,West,10.1,220.51,Critical
10143,2024-12-21,2024-12-25,2024-12-26,WH-A,Carrier-3,East,76.7,41.95,Standard
10144,2024-06-12,2024-06-19,2024-06-18,WH-A,Carrier-2,West,7.6,193.42,Express
10145,2026-03-23,2026-03-26,2026-04-02,WH-A,Carrier-3,North,5.8,96.28,Express
10146,2024-04-29,2024-05-01,2024-05-03,WH-B,Carrier-3,East,16.8,81.12,Critical
10147,2026-02-12,2026-02-15,,WH-D,Carrier-3,North,5.7,75.09,Critical
10148,2026-01-14,2026-01-21,2026-01-23,WH-D,Carrier-3,West,11.6,173.73,Express
10149,2026-06-17,2026-06-22,2026-06-26,WH-A,Carrier-3,West,14.8,182.68,Standard
10150,2026-07-14,2026-07-21,2026-07-25,WH-B,Carrier-3,South,63.8,124.79,Critical
10151,2024-07-10,2024-07-17,,WH-D,Carrier-3,East,59.0,37.03,Express
10152,2025-01-28,2025-01-31,2025-02-02,WH-C,Carrier-2,North,75.3,110.74,Critical
10153,2026-02-22,2026-02-25,2026-02-26,WH-C,Carrier-1,North,30.6,143.76,Standard
10154,2025-02-05,2025-02-07,2025-02-10,WH-B,Carrier-2,South,55.8,93.75,Express
10155,2024-12-31,2025-01-03,2025-01-02,WH-D,Carrier-1,West,67.4,39.61,Standard
10156,2024-01-12,2024-01-14,2024-01-18,WH-B,Carrier-1,East,63.8,211.11,Critical
10157,2024-01-05,2024-01-10,2024-01-15,WH-B,Carrier-1,North,7.5,114.03,Critical
10158,2024-11-01,2024-11-06,2024-11-04,WH-B,Carrier-1,East,31.9,15.7,Standard
10159,2024-09-09,2024-09-11,2024-09-13,WH-A,Carrier-3,West,58.9,57.21,Critical
10160,2025-10-18,2025-10-21,2025-10-24,WH-D,Carrier-1,West,19.2,225.36,Critical
10161,2024-04-30,2024-05-08,2024-05-11,WH-B,Carrier-3,South,12.9,24.11,Express
10162,2025-09-12,2025-09-14,2025-09-17,WH-C,Carrier-2,West,28.5,238.47,Standard
10163,2026-04-03,2026-04-08,2026-04-08,WH-D,Carrier-1,East,8.8,22.59,Express
10164,2025-08-14,2025-08-19,2025-08-23,WH-A,Carrier-2,South,73.9,205.7,Standard
10165,2025-06-21,2025-06-24,2025-06-27,WH-A,Carrier-1,South,61.8,92.91,Critical
10166,2024-07-11,2024-07-18,2024-07-16,WH-C,Carrier-1,East,35.0,15.7,Express
10167,2025-10-18,2025-10-20,2025-10-22,WH-C,Carrier-1,East,41.4,87.24,Critical
10168,2025-06-18,2025-06-25,2025-06-27,WH-B,Carrier-1,East,62.3,221.47,Standard
10169,2026-02-06,2026-02-08,2026-02-15,WH-A,Carrier-1,South,37.1,159.14,Standard
10170,2026-03-25,2026-03-31,2026-03-30,WH-A,Carrier-3,South,9.3,233.17,Critical
10171,2024-06-12,2024-06-20,2024-06-25,WH-D,Carrier-1,North,15.6,87.84,Standard
10172,2024-09-16,2024-09-21,2024-09-29,WH-B,Carrier-2,West,57.5,34.63,Critical
10173,2025-07-12,2025-07-17,2025-07-24,WH-B,Carrier-1,West,42.4,205.7,Standard
10174,2026-03-03,2026-03-05,2026-03-13,WH-D,Carrier-2,West,68.8,14.58,Express
10175,2025-04-14,2025-04-22,2025-04-20,WH-D,Carrier-3,North,10.5,81.26,Standard
10176,2024-09-18,2024-09-22,2024-09-20,WH-A,Carrier-1,South,52.4,33.43,Critical
10177,2024-10-04,2024-10-09,2024-10-10,WH-A,Carrier-3,South,78.4,208.78,Critical
10178,2026-05-25,2026-05-29,2026-06-02,WH-B,Carrier-2,South,39.8,41.64,Express
10179,2024-11-24,2024-11-30,2024-12-04,WH-B,Carrier-1,East,24.5,155.33,Standard
10180,2024-06-05,2024-06-09,2024-06-13,WH-C,Carrier-2,East,55.3,128.19,Express
10181,2024-03-17,2024-03-24,2024-03-27,WH-C,Carrier-2,South,5.1,114.6,Express
10182,2024-11-10,2024-11-18,2024-11-22,WH-D,Carrier-2,South,37.6,4.75,Express
10183,2025-03-29,2025-04-01,2025-03-31,WH-B,Carrier-3,North,9.8,34.48,Standard
10184,2024-07-25,2024-07-29,2024-07-29,WH-A,Carrier-2,South,3.4,83.45,Critical
10185,2024-10-16,2024-10-21,2024-10-19,WH-A,Carrier-3,East,52.8,110.3,Express
10186,2025-11-01,2025-11-03,2025-11-01,WH-B,Carrier-3,East,1.5,18.69,Express
10187,2024-06-27,2024-07-03,2024-07-03,WH-C,Carrier-2,South,30.7,25.3,Critical
10188,2025-02-03,2025-02-05,2025-02-12,WH-A,Carrier-2,North,36.1,204.22,Standard
10189,2026-06-15,2026-06-20,2026-06-28,WH-B,Carrier-1,North,29.6,125.98,Critical
10190,2026-03-28,2026-04-05,2026-04-11,WH-C,Carrier-2,East,28.8,202.7,Express
10191,2024-03-24,2024-03-31,2024-04-06,WH-D,Carrier-2,East,34.7,49.87,Express
10192,2025-08-10,2025-08-15,,WH-B,Carrier-2,South,23.8,27.14,Standard
10193,2024-05-07,2024-05-09,2024-05-08,WH-A,Carrier-1,East,61.0,181.22,Express
10194,2025-02-06,2025-02-11,2025-02-16,WH-D,Carrier-3,East,63.9,136.77,Standard
10195,2025-12-27,2026-01-01,2026-01-07,WH-D,Carrier-2,South,76.2,124.39,Standard
10196,2024-12-09,2024-12-15,2024-12-19,WH-D,Carrier-2,East,45.9,229.26,Standard
10197,2024-11-13,2024-11-21,2024-11-22,WH-D,Carrier-1,West,27.7,144.0,Standard
10198,2024-10-02,2024-10-04,2024-10-03,WH-B,Carrier-1,North,47.6,86.07,Standard
10199,2025-05-25,2025-05-30,2025-05-31,WH-B,Carrier-2,South,26.1,17.41,Express
10200,2026-08-02,2026-08-06,2026-08-11,WH-A,Carrier-2,West,19.6,215.76,Express
10201,2024-01-12,2024-01-20,2024-01-22,WH-D,Carrier-3,North,63.3,70.74,Standard
10202,2026-06-07,2026-06-12,2026-06-17,WH-D,Carrier-2,West,42.4,120.09,Standard
10203,2024-08-04,2024-08-10,2024-08-15,WH-C,Carrier-2,South,58.5,203.04,Express
10204,2024-05-04,2024-05-09,2024-05-12,WH-D,Carrier-2,North,48.6,235.52,Express
10205,2025-12-11,2025-12-15,2025-12-20,WH-A,Carrier-1,South,75.5,64.57,Standard
10206,2025-10-07,2025-10-13,2025-10-12,WH-A,Carrier-3,West,69.5,27.34,Express
10207,2025-03-15,2025-03-18,2025-03-22,WH-B,Carrier-1,West,19.4,103.01,Standard
10208,2025-03-07,2025-03-09,2025-03-12,WH-A,Carrier-2,West,13.7,219.07,Critical
10209,2026-04-04,2026-04-11,2026-04-09,WH-A,Carrier-2,East,3.3,208.86,Express
10210,2026-05-29,2026-06-04,2026-06-08,WH-D,Carrier-1,North,43.0,128.75,Critical
10211,2026-01-18,2026-01-20,2026-01-20,WH-B,Carrier-3,East,62.5,103.85,Standard
10212,2024-05-19,2024-05-22,,WH-B,Carrier-1,West,8.4,236.49,Express
10213,2025-11-01,2025-11-09,2025-11-11,WH-B,Carrier-2,South,45.0,87.81,Critical
10214,2024-10-13,2024-10-21,2024-10-21,WH-C,Carrier-3,South,80.0,108.48,Standard
10215,2025-12-14,2025-12-19,2025-12-27,WH-A,Carrier-1,West,69.8,186.13,Standard
10216,2025-01-10,2025-01-18,2025-01-25,WH-C,Carrier-2,East,41.6,14.75,Express
10217,2025-11-15,2025-11-18,2025-11-22,WH-D,Carrier-1,East,11.8,122.56,Critical
10218,2025-01-24,2025-02-01,2025-02-01,WH-A,Carrier-1,East,41.9,179.48,Standard
10219,2025-05-26,2025-06-01,2025-06-09,WH-D,Carrier-1,North,71.2,41.33,Express
10220,2025-06-04,2025-06-12,,WH-D,Carrier-2,West,48.5,102.89,Critical
10221,2024-12-01,2024-12-09,2024-12-12,WH-C,Carrier-3,East,43.1,12.05,Express
10222,2026-07-20,2026-07-27,2026-08-01,WH-A,Carrier-2,South,31.6,13.79,Standard
10223,2024-06-25,2024-07-03,2024-07-06,WH-D,Carrier-1,East,29.7,63.32,Standard
10224,2025-04-29,2025-05-02,2025-05-04,WH-C,Carrier-2,East,57.3,43.2,Express
10225,2024-06-03,2024-06-11,2024-06-09,WH-C,Carrier-1,South,69.5,132.45,Express
10226,2024-03-01,2024-03-08,2024-03-13,WH-D,Carrier-1,North,18.7,203.21,Express
10227,2025-09-21,2025-09-29,2025-10-06,WH-A,Carrier-1,East,56.1,110.89,Standard
10228,2026-07-07,2026-07-11,2026-07-14,WH-C,Carrier-2,North,46.4,12.15,Express
10229,2024-07-01,2024-07-03,2024-07-03,WH-A,Carrier-1,North,13.8,60.16,Express
10230,2024-06-30,2024-07-03,2024-07-06,WH-A,Carrier-3,North,44.3,181.5,Standard
10231,2025-10-13,2025-10-19,2025-10-21,WH-D,Carrier-1,South,44.4,63.27,Critical
10232,2026-05-05,2026-05-10,2026-05-18,WH-A,Carrier-1,South,47.1,41.1,Express
10233,2026-08-13,2026-08-16,,WH-D,Carrier-2,West,41.2,156.81,Express
10234,2025-06-07,2025-06-11,2025-06-10,WH-C,Carrier-1,West,1.4,53.72,Critical
10235,2025-11-18,2025-11-25,2025-11-29,WH-C,Carrier-2,West,33.1,45.38,Critical
10236,2025-09-15,2025-09-17,2025-09-25,WH-B,Carrier-3,North,71.2,176.21,Standard
10237,2025-11-28,2025-12-04,2025-12-09,WH-C,Carrier-1,South,2.5,71.22,Standard
10238,2024-12-02,2024-12-08,2024-12-13,WH-C,Carrier-1,East,41.8,194.34,Standard
10239,2024-07-04,2024-07-12,2024-07-10,WH-C,Carrier-3,East,0.4,207.56,Standard
10240,2024-06-03,2024-06-07,2024-06-13,WH-A,Carrier-2,South,22.5,58.82,Express
10241,2025-10-02,2025-10-08,,WH-A,Carrier-1,West,41.2,202.37,Standard
10242,2026-06-10,2026-06-12,2026-06-15,WH-B,Carrier-1,East,2.9,165.89,Express
10243,2026-03-09,2026-03-17,2026-03-21,WH-C,Carrier-3,East,54.3,88.31,Express
10244,2025-10-04,2025-10-08,2025-10-09,WH-C,Carrier-2,East,39.3,114.95,Standard
10245,2025-10-03,2025-10-05,2025-10-05,WH-C,Carrier-1,South,67.2,12.6,Critical
10246,2026-04-09,2026-04-13,2026-04-11,WH-D,Carrier-1,East,56.4,120.41,Standard
10247,2025-02-14,2025-02-21,2025-03-01,WH-C,Carrier-1,South,41.1,160.07,Standard
10248,2026-07-18,2026-07-23,2026-07-27,WH-B,Carrier-2,East,42.4,95.55,Critical
10249,2025-03-01,2025-03-05,2025-03-10,WH-A,Carrier-1,East,60.0,160.72,Standard
10250,2026-07-09,2026-07-13,2026-07-20,WH-C,Carrier-2,South,12.3,222.78,Express
10251,2025-02-27,2025-03-02,2025-03-05,WH-A,Carrier-3,East,79.6,29.46,Critical
10252,2025-01-09,2025-01-15,2025-01-20,WH-A,Carrier-2,North,70.5,153.43,Express
10253,2024-12-23,2024-12-28,2024-12-29,WH-A,Carrier-2,North,2.5,165.58,Standard
10254,2025-08-06,2025-08-13,2025-08-19,WH-C,Carrier-3,South,3.9,19.03,Critical
10255,2025-10-20,2025-10-28,2025-11-05,WH-B,Carrier-1,West,44.1,18.17,Standard
10256,2025-11-20,2025-11-27,2025-11-25,WH-B,Carrier-1,North,65.4,52.46,Standard
10257,2025-06-09,2025-06-11,2025-06-09,WH-C,Carrier-2,West,37.2,17.48,Express
10258,2024-04-06,2024-04-10,2024-04-16,WH-A,Carrier-1,East,23.9,150.67,Express
10259,2024-11-04,2024-11-10,2024-11-09,WH-C,Carrier-3,South,9.6,187.97,Express
10260,2026-03-05,2026-03-10,2026-03-08,WH-A,Carrier-3,East,22.6,195.05,Standard
10261,2025-05-23,2025-05-27,2025-05-30,WH-B,Carrier-3,North,64.6,199.51,Critical
10262,2026-08-04,2026-08-12,2026-08-11,WH-A,Carrier-1,East,47.1,101.62,Express
10263,2025-02-02,2025-02-10,2025-02-14,WH-C,Carrier-2,North,6.8,128.09,Standard
10264,2024-09-15,2024-09-18,2024-09-22,WH-B,Carrier-1,West,22.0,108.32,Critical
10265,2024-10-23,2024-10-30,2024-10-30,WH-C,Carrier-3,West,59.5,98.53,Critical
10266,2024-06-02,2024-06-10,,WH-C,Carrier-1,West,0.4,53.76,Standard
10267,2026-08-19,2026-08-25,2026-08-31,WH-C,Carrier-1,West,61.9,154.13,Express
10268,2024-10-04,2024-10-10,2024-10-12,WH-A,Carrier-2,West,54.1,74.57,Standard
10269,2025-06-20,2025-06-22,2025-06-26,WH-C,Carrier-2,North,27.0,48.01,Standard
10270,2025-10-25,2025-10-31,2025-10-30,WH-C,Carrier-3,West,40.7,193.81,Express
10271,2024-03-24,2024-03-27,2024-03-31,WH-C,Carrier-3,North,74.3,155.68,Express
10272,2025-05-21,2025-05-27,2025-05-28,WH-D,Carrier-3,North,49.6,75.53,Standard
10273,2024-05-23,2024-05-29,2024-06-06,WH-D,Carrier-1,North,77.5,219.64,Critical
10274,2026-08-17,2026-08-19,2026-08-24,WH-D,Carrier-2,North,2.5,143.26,Express
10275,2024-05-25,2024-06-01,2024-06-02,WH-A,Carrier-1,South,55.5,229.89,Express
10276,2024-02-08,2024-02-15,2024-02-15,WH-D,Carrier-1,East,73.7,25.6,Express
10277,2024-04-18,2024-04-25,2024-04-25,WH-D,Carrier-1,South,50.4,48.75,Standard
10278,2025-03-30,2025-04-01,2025-04-05,WH-B,Carrier-1,South,56.1,73.16,Express
10279,2026-01-18,2026-01-25,2026-01-24,WH-B,Carrier-2,South,46.0,111.62,Critical
10280,2025-03-05,2025-03-09,2025-03-12,WH-A,Carrier-2,North,8.0,10.21,Express
10281,2025-12-15,2025-12-17,2025-12-22,WH-D,Carrier-2,North,26.4,168.92,Critical
10282,2025-01-24,2025-01-31,2025-02-02,WH-C,Carrier-3,West,79.4,76.51,Critical
10283,2026-07-02,2026-07-04,2026-07-04,WH-B,Carrier-1,North,4.0,65.29,Critical
10284,2024-03-13,2024-03-15,2024-03-17,WH-C,Carrier-3,South,42.5,34.37,Standard
10285,2024-02-08,2024-02-16,2024-02-20,WH-D,Carrier-3,South,44.8,140.57,Critical
10286,2026-02-11,2026-02-14,2026-02-12,WH-D,Carrier-1,East,45.8,168.25,Critical
10287,2025-05-10,2025-05-13,2025-05-16,WH-C,Carrier-1,West,57.1,84.5,Critical
10288,2024-09-07,2024-09-14,2024-09-15,WH-C,Carrier-1,North,34.1,12.9,Standard
10289,2025-03-28,2025-04-02,2025-04-08,WH-C,Carrier-2,East,59.5,210.09,Standard
10290,2024-06-15,2024-06-17,2024-06-17,WH-C,Carrier-3,East,64.2,52.29,Critical
10291,2024-12-06,2024-12-12,2024-12-20,WH-D,Carrier-2,South,78.9,205.54,Express
10292,2024-09-14,2024-09-18,2024-09-16,WH-B,Carrier-1,North,2.3,16.54,Standard
10293,2026-08-23,2026-08-28,2026-09-05,WH-D,Carrier-2,South,76.8,228.41,Standard
10294,2026-04-07,2026-04-15,2026-04-22,WH-C,Carrier-3,North,64.0,190.34,Critical
10295,2024-02-12,2024-02-15,2024-02-18,WH-A,Carrier-2,South,72.9,106.29,Express
10296,2024-03-02,2024-03-09,2024-03-13,WH-D,Carrier-1,East,64.8,99.7,Express
10297,2024-09-28,2024-10-03,2024-10-02,WH-C,Carrier-3,West,7.4,80.01,Standard
10298,2025-08-15,2025-08-23,2025-08-26,WH-C,Carrier-1,South,74.7,218.17,Express
10299,2024-03-13,2024-03-21,2024-03-21,WH-D,Carrier-2,North,55.6,97.57,Express
10300,2025-09-21,2025-09-27,2025-09-28,WH-B,Carrier-3,West,21.1,204.83,Critical
10301,2024-01-23,2024-01-31,2024-02-03,WH-D,Carrier-1,East,63.6,39.72,Standard
10302,2024-07-05,2024-07-13,2024-07-21,WH-D,Carrier-2,South,14.1,120.81,Critical
10303,2025-08-05,2025-08-12,2025-08-20,WH-B,Carrier-2,North,56.1,154.35,Critical
10304,2026-07-01,2026-07-05,2026-07-07,WH-B,Carrier-2,North,8.9,114.52,Express
10305,2024-12-07,2024-12-11,2024-12-09,WH-D,Carrier-2,North,4.1,85.19,Express
10306,2026-08-07,2026-08-10,2026-08-17,WH-B,Carrier-1,West,22.1,108.55,Express
10307,2024-07-11,2024-07-18,2024-07-20,WH-B,Carrier-3,South,67.9,177.48,Express
10308,2026-03-21,2026-03-23,2026-03-25,WH-C,Carrier-2,South,20.8,115.89,Critical
10309,2024-03-04,2024-03-11,2024-03-18,WH-B,Carrier-3,South,79.5,6.55,Express
10310,2025-02-17,2025-02-22,2025-02-26,WH-B,Carrier-3,North,70.7,11.44,Standard
10311,2024-10-14,2024-10-21,2024-10-23,WH-C,Carrier-2,West,56.6,229.08,Critical
10312,2024-11-25,2024-12-02,2024-12-06,WH-B,Carrier-2,West,38.8,117.28,Standard
10313,2025-06-16,2025-06-21,2025-06-21,WH-B,Carrier-1,East,66.7,146.31,Express
10314,2025-09-08,2025-09-16,2025-09-24,WH-C,Carrier-2,West,35.5,192.98,Express
10315,2024-02-25,2024-03-04,2024-03-08,WH-D,Carrier-1,East,58.4,141.03,Standard
10316,2025-10-04,2025-10-11,2025-10-18,WH-D,Carrier-3,South,68.8,68.58,Critical
10317,2024-03-05,2024-03-07,2024-03-05,WH-A,Carrier-3,West,47.4,138.54,Express
10318,2025-02-01,2025-02-03,2025-02-02,WH-C,Carrier-1,North,54.4,110.57,Critical
10319,2024-09-08,2024-09-12,2024-09-15,WH-D,Carrier-1,South,78.7,189.11,Critical
10320,2024-02-07,2024-02-14,2024-02-18,WH-A,Carrier-2,South,67.5,187.31,Critical
10321,2025-07-30,2025-08-05,2025-08-07,WH-C,Carrier-1,South,50.1,89.58,Express
10322,2025-10-10,2025-10-16,2025-10-15,WH-A,Carrier-2,West,22.5,17.11,Critical
10323,2024-11-02,2024-11-05,2024-11-09,WH-D,Carrier-1,West,64.2,169.52,Standard
10324,2025-12-20,2025-12-23,2025-12-29,WH-C,Carrier-3,South,2.4,67.62,Standard
10325,2024-02-21,2024-02-24,2024-03-03,WH-D,Carrier-1,West,44.1,99.46,Critical
10326,2024-04-22,2024-04-27,2024-05-03,WH-B,Carrier-2,South,20.7,181.35,Express
10327,2026-08-16,2026-08-20,2026-08-19,WH-C,Carrier-1,North,40.1,39.33,Express
10328,2024-09-07,2024-09-10,2024-09-10,WH-D,Carrier-3,West,50.1,79.0,Express
10329,2025-10-25,2025-10-28,2025-11-01,WH-A,Carrier-3,South,74.4,65.36,Express
10330,2026-07-20,2026-07-27,2026-07-31,WH-C,Carrier-3,North,33.1,177.78,Critical
10331,2024-02-19,2024-02-26,2024-03-03,WH-C,Carrier-2,South,10.1,125.33,Standard
10332,2024-07-16,2024-07-20,2024-07-28,WH-A,Carrier-3,South,55.4,13.02,Critical
10333,2026-06-10,2026-06-16,2026-06-22,WH-B,Carrier-2,North,30.5,191.59,Standard
10334,2026-05-24,2026-05-26,2026-05-28,WH-A,Carrier-1,South,55.7,190.88,Standard
10335,2025-06-22,2025-06-28,2025-07-02,WH-A,Carrier-1,South,74.7,11.22,Critical
10336,2026-06-02,2026-06-07,2026-06-06,WH-D,Carrier-1,West,8.7,73.99,Express
10337,2025-08-16,2025-08-18,2025-08-26,WH-C,Carrier-2,West,38.7,164.88,Critical
10338,2026-03-31,2026-04-06,2026-04-04,WH-B,Carrier-1,South,16.6,188.05,Express
10339,2024-10-20,2024-10-23,2024-10-24,WH-D,Carrier-3,West,51.2,64.1,Standard
10340,2026-02-05,2026-02-10,2026-02-12,WH-B,Carrier-1,South,31.1,88.18,Standard
10341,2024-07-09,2024-07-17,2024-07-25,WH-A,Carrier-2,North,54.0,174.66,Express
10342,2025-08-25,2025-09-02,2025-08-31,WH-D,Carrier-2,South,36.2,197.13,Critical
10343,2026-05-26,2026-05-29,2026-06-05,WH-D,Carrier-2,South,48.0,225.45,Critical
10344,2026-03-02,2026-03-06,2026-03-09,WH-D,Carrier-3,West,74.9,101.67,Standard
10345,2024-03-15,2024-03-17,2024-03-23,WH-A,Carrier-2,North,55.0,148.15,Standard
10346,2024-07-03,2024-07-05,2024-07-13,WH-C,Carrier-1,East,48.1,193.78,Critical
10347,2025-10-31,2025-11-07,2025-11-06,WH-C,Carrier-1,North,47.3,64.99,Standard
10348,2024-05-04,2024-05-09,2024-05-15,WH-B,Carrier-3,North,18.4,182.27,Express
10349,2024-04-16,2024-04-24,2024-05-02,WH-D,Carrier-2,East,44.6,125.03,Express
10350,2025-06-01,2025-06-06,2025-06-08,WH-A,Carrier-1,North,17.7,89.93,Standard
10351,2024-08-25,2024-09-01,2024-08-30,WH-B,Carrier-2,North,32.9,10.5,Critical
10352,2026-01-25,2026-01-29,2026-02-02,WH-C,Carrier-2,East,33.8,162.86,Critical
10353,2025-11-05,2025-11-10,2025-11-13,WH-D,Carrier-3,West,70.6,19.7,Standard
10354,2024-09-01,2024-09-08,2024-09-09,WH-B,Carrier-2,East,67.7,145.35,Express
10355,2026-01-18,2026-01-20,2026-01-23,WH-A,Carrier-2,West,58.4,129.75,Express
10356,2025-03-29,2025-04-01,2025-04-02,WH-D,Carrier-3,South,41.0,161.92,Standard
10357,2024-02-19,2024-02-21,2024-02-21,WH-C,Carrier-2,East,47.9,178.62,Express
10358,2025-08-30,2025-09-01,,WH-A,Carrier-2,South,30.8,67.05,Express
10359,2024-03-24,2024-03-26,2024-03-29,WH-D,Carrier-1,East,37.5,23.34,Critical
10360,2025-04-22,2025-04-29,2025-05-03,WH-B,Carrier-1,South,60.8,159.82,Standard
10361,2025-07-01,2025-07-07,2025-07-09,WH-C,Carrier-3,East,8.4,163.5,Express
10362,2024-08-25,2024-08-31,2024-09-08,WH-B,Carrier-1,South,71.0,219.95,Standard
10363,2024-04-16,2024-04-22,2024-04-29,WH-B,Carrier-3,North,27.9,176.61,Standard
10364,2025-12-31,2026-01-02,2026-01-03,WH-A,Carrier-2,South,41.4,47.16,Standard
10365,2024-11-24,2024-11-28,2024-12-05,WH-A,Carrier-1,South,5.3,204.59,Standard
10366,2025-03-17,2025-03-21,2025-03-21,WH-B,Carrier-1,East,47.1,27.38,Critical
10367,2024-09-23,2024-10-01,2024-10-05,WH-A,Carrier-1,North,45.5,176.08,Express
10368,2025-05-03,2025-05-06,2025-05-14,WH-D,Carrier-1,West,8.9,202.8,Express
10369,2026-04-17,2026-04-19,2026-04-21,WH-A,Carrier-2,West,61.3,28.04,Express
10370,2025-08-19,2025-08-27,2025-08-27,WH-D,Carrier-3,West,2.0,9.81,Critical
10371,2026-03-05,2026-03-07,2026-03-14,WH-D,Carrier-1,East,77.2,201.91,Critical
10372,2024-05-25,2024-05-31,2024-06-02,WH-C,Carrier-1,South,10.4,140.15,Critical
10373,2025-03-18,2025-03-21,,WH-B,Carrier-2,South,79.5,58.91,Standard
10374,2025-10-13,2025-10-17,2025-10-22,WH-C,Carrier-1,South,59.6,64.33,Express
10375,2024-12-28,2025-01-02,,WH-A,Carrier-1,West,51.7,200.94,Critical
10376,2026-05-29,2026-06-04,2026-06-03,WH-D,Carrier-2,East,73.6,184.97,Express
10377,2025-04-18,2025-04-25,,WH-D,Carrier-2,West,8.3,118.59,Express
10378,2026-07-03,2026-07-08,,WH-B,Carrier-1,South,79.5,87.53,Critical
10379,2025-02-06,2025-02-10,2025-02-18,WH-C,Carrier-3,South,18.6,115.67,Standard
10380,2026-05-08,2026-05-12,2026-05-17,WH-D,Carrier-3,West,37.2,164.72,Standard
10381,2025-08-30,2025-09-07,2025-09-10,WH-D,Carrier-2,East,44.0,16.35,Express
10382,2026-02-26,2026-03-06,2026-03-14,WH-B,Carrier-2,West,73.8,228.49,Express
10383,2024-01-17,2024-01-23,2024-01-25,WH-D,Carrier-2,East,8.4,56.74,Standard
10384,2025-12-31,2026-01-06,2026-01-09,WH-D,Carrier-3,East,36.3,166.09,Express
10385,2026-07-15,2026-07-19,,WH-D,Carrier-2,West,70.4,51.3,Critical
10386,2025-06-13,2025-06-17,2025-06-24,WH-C,Carrier-3,East,26.8,21.05,Express
10387,2025-01-14,2025-01-22,2025-01-21,WH-B,Carrier-3,East,10.7,199.01,Express
10388,2025-09-08,2025-09-13,2025-09-13,WH-C,Carrier-3,West,23.8,137.21,Express
10389,2025-10-03,2025-10-08,2025-10-13,WH-C,Carrier-2,East,78.2,156.38,Critical
10390,2024-01-22,2024-01-27,2024-02-03,WH-D,Carrier-2,West,50.7,221.83,Standard
10391,2024-11-02,2024-11-05,2024-11-10,WH-C,Carrier-2,East,68.1,230.55,Critical
10392,2024-04-06,2024-04-12,2024-04-20,WH-B,Carrier-1,West,38.5,48.03,Critical
10393,2025-11-27,2025-12-05,2025-12-06,WH-D,Carrier-2,South,19.5,208.45,Standard
10394,2026-08-19,2026-08-27,2026-08-30,WH-D,Carrier-2,South,27.8,55.54,Critical
10395,2025-02-18,2025-02-25,2025-02-27,WH-B,Carrier-2,West,50.0,66.02,Standard
10396,2026-07-29,2026-08-04,2026-08-12,WH-A,Carrier-1,South,43.6,102.12,Critical
10397,2024-07-05,2024-07-07,2024-07-11,WH-B,Carrier-1,South,39.5,67.95,Critical
10398,2026-05-06,2026-05-08,2026-05-13,WH-A,Carrier-3,North,74.8,88.92,Critical
10399,2025-05-06,2025-05-14,2025-05-22,WH-D,Carrier-3,South,33.9,225.36,Standard
10400,2025-02-15,2025-02-21,2025-02-22,WH-C,Carrier-1,South,1.1,124.84,Express
10401,2025-03-01,2025-03-05,2025-03-12,WH-B,Carrier-3,North,27.2,7.1,Standard
10402,2025-05-16,2025-05-20,2025-05-25,WH-D,Carrier-2,East,65.3,13.66,Standard
10403,2025-01-04,2025-01-06,2025-01-12,WH-D,Carrier-1,North,69.7,196.2,Standard
10404,2024-11-12,2024-11-20,2024-11-19,WH-A,Carrier-1,South,30.3,79.35,Express
10405,2025-07-10,2025-07-15,2025-07-19,WH-B,Carrier-2,West,60.0,27.6,Express
10406,2025-12-21,2025-12-27,2026-01-01,WH-B,Carrier-2,South,20.8,126.15,Express
10407,2026-02-23,2026-03-01,2026-03-04,WH-C,Carrier-3,South,14.3,225.43,Express
10408,2026-06-02,2026-06-06,2026-06-12,WH-D,Carrier-1,North,39.3,51.62,Critical
10409,2026-03-17,2026-03-22,2026-03-22,WH-A,Carrier-1,East,24.9,238.86,Express
10410,2024-03-21,2024-03-25,2024-03-30,WH-D,Carrier-3,North,56.2,16.59,Critical
10411,2025-05-12,2025-05-16,2025-05-17,WH-A,Carrier-3,North,45.2,108.14,Standard
10412,2025-04-21,2025-04-29,2025-05-05,WH-A,Carrier-1,West,60.6,61.93,Standard
10413,2024-03-06,2024-03-09,2024-03-11,WH-C,Carrier-1,West,48.2,209.44,Express
10414,2026-05-28,2026-06-05,2026-06-04,WH-C,Carrier-2,West,79.4,7.45,Standard
10415,2026-02-03,2026-02-10,2026-02-13,WH-A,Carrier-1,South,23.4,32.43,Express
10416,2024-02-13,2024-02-20,2024-02-20,WH-B,Carrier-3,South,46.6,128.92,Standard
10417,2026-03-18,2026-03-20,2026-03-19,WH-C,Carrier-3,West,33.8,145.32,Express
10418,2025-10-21,2025-10-26,,WH-C,Carrier-1,North,39.6,94.96,Express
10419,2026-06-01,2026-06-09,2026-06-15,WH-B,Carrier-3,South,25.6,232.09,Express
10420,2025-01-18,2025-01-26,2025-01-29,WH-D,Carrier-3,West,35.5,185.84,Critical
10421,2025-10-30,2025-11-07,2025-11-14,WH-C,Carrier-1,South,40.2,215.32,Standard
10422,2024-12-08,2024-12-13,2024-12-19,WH-C,Carrier-2,North,68.5,178.02,Standard
10423,2026-06-12,2026-06-19,2026-06-25,WH-C,Carrier-3,South,24.2,196.75,Standard
10424,2024-06-22,2024-06-27,2024-06-26,WH-A,Carrier-2,North,37.7,29.82,Standard
10425,2024-09-28,2024-10-05,2024-10-11,WH-B,Carrier-1,South,14.5,135.44,Critical
10426,2024-03-01,2024-03-08,2024-03-16,WH-D,Carrier-2,South,8.0,116.78,Standard
10427,2024-01-22,2024-01-26,,WH-B,Carrier-2,East,64.5,43.78,Express
10428,2025-12-19,2025-12-21,2025-12-24,WH-A,Carrier-1,West,43.2,122.89,Standard
10429,2025-01-03,2025-01-08,2025-01-08,WH-B,Carrier-2,South,1.1,148.71,Critical
10430,2025-08-09,2025-08-16,2025-08-16,WH-C,Carrier-3,West,31.8,29.92,Critical
10431,2025-02-10,2025-02-16,2025-02-19,WH-A,Carrier-3,North,12.2,48.09,Express
10432,2026-01-15,2026-01-17,2026-01-21,WH-A,Carrier-1,East,53.5,133.76,Critical
10433,2025-07-29,2025-08-03,,WH-D,Carrier-1,South,41.4,128.7,Critical
10434,2026-08-24,2026-09-01,2026-08-30,WH-B,Carrier-2,West,48.7,222.87,Standard
10435,2025-08-13,2025-08-17,2025-08-16,WH-D,Carrier-1,North,29.7,78.15,Express
10436,2026-07-11,2026-07-18,2026-07-17,WH-B,Carrier-1,South,29.6,34.4,Critical
10437,2026-03-28,2026-04-02,2026-04-01,WH-A,Carrier-3,North,45.3,56.4,Standard
10438,2025-08-05,2025-08-07,2025-08-06,WH-A,Carrier-1,East,49.7,57.65,Standard
10439,2026-05-09,2026-05-12,2026-05-10,WH-B,Carrier-2,East,10.0,93.07,Standard
10440,2025-02-26,2025-03-05,2025-03-08,WH-A,Carrier-3,West,32.2,63.93,Standard
10441,2025-08-20,2025-08-28,2025-08-31,WH-D,Carrier-1,East,22.5,137.28,Express
10442,2025-09-01,2025-09-04,2025-09-02,WH-B,Carrier-3,West,58.5,63.11,Express
10443,2025-07-27,2025-07-29,2025-07-31,WH-D,Carrier-3,North,48.4,91.02,Express
10444,2025-10-29,2025-11-01,2025-11-08,WH-D,Carrier-3,South,61.0,128.61,Express
10445,2025-12-21,2025-12-27,2025-12-29,WH-B,Carrier-1,West,45.9,69.74,Standard
10446,2024-10-10,2024-10-14,2024-10-16,WH-B,Carrier-3,North,21.3,47.69,Express
10447,2024-04-10,2024-04-16,2024-04-21,WH-D,Carrier-2,South,51.3,103.92,Standard
10448,2025-03-20,2025-03-24,2025-03-30,WH-D,Carrier-3,West,2.9,165.2,Critical
10449,2025-01-01,2025-01-05,2025-01-03,WH-B,Carrier-1,South,70.8,63.31,Critical
10450,2024-02-29,2024-03-02,2024-03-06,WH-A,Carrier-1,South,25.3,79.79,Standard
10451,2024-02-29,2024-03-02,,WH-A,Carrier-3,North,25.4,81.62,Express
10452,2024-07-16,2024-07-23,,WH-D,Carrier-2,South,44.8,170.61,Standard
10453,2024-01-01,2024-01-04,2024-01-07,WH-B,Carrier-1,North,3.4,64.16,Standard
10454,2025-01-30,2025-02-02,2025-02-09,WH-A,Carrier-2,West,61.5,146.49,Standard
10455,2024-08-08,2024-08-13,2024-08-17,WH-C,Carrier-3,East,27.1,231.41,Standard
10456,2025-02-13,2025-02-15,2025-02-22,WH-D,Carrier-2,East,67.2,113.6,Standard
10457,2024-08-21,2024-08-26,2024-08-29,WH-C,Carrier-3,East,67.9,124.34,Standard
10458,2026-08-14,2026-08-19,2026-08-26,WH-D,Carrier-1,East,42.9,236.91,Standard
10459,2026-07-15,2026-07-22,,WH-B,Carrier-3,East,24.7,148.79,Express
10460,2024-08-05,2024-08-10,2024-08-16,WH-B,Carrier-3,East,42.5,49.82,Critical
10461,2024-10-05,2024-10-13,2024-10-21,WH-A,Carrier-1,West,13.7,14.76,Express
10462,2026-05-15,2026-05-23,2026-05-23,WH-A,Carrier-2,East,8.0,143.8,Standard
10463,2025-01-20,2025-01-25,,WH-D,Carrier-3,South,59.3,81.52,Express
10464,2024-04-10,2024-04-15,2024-04-21,WH-B,Carrier-1,West,66.0,88.23,Standard
10465,2025-08-29,2025-09-02,2025-09-06,WH-D,Carrier-1,South,58.5,231.83,Standard
10466,2025-05-12,2025-05-15,,WH-D,Carrier-2,South,0.7,198.94,Express
10467,2026-07-09,2026-07-17,2026-07-16,WH-A,Carrier-2,North,55.5,27.17,Critical
10468,2025-12-13,2025-12-15,2025-12-19,WH-B,Carrier-2,East,10.2,113.04,Critical
10469,2024-01-07,2024-01-10,2024-01-08,WH-B,Carrier-3,South,43.4,106.43,Express
10470,2024-03-31,2024-04-07,2024-04-15,WH-B,Carrier-1,North,30.1,111.18,Critical
10471,2025-11-29,2025-12-05,2025-12-10,WH-B,Carrier-1,North,13.1,85.34,Express
10472,2024-09-19,2024-09-23,2024-09-29,WH-A,Carrier-1,South,20.7,39.2,Critical
10473,2026-05-19,2026-05-21,2026-05-24,WH-C,Carrier-1,East,27.2,39.23,Express
10474,2024-02-16,2024-02-19,2024-02-19,WH-D,Carrier-2,East,20.9,113.59,Critical
10475,2026-05-10,2026-05-17,2026-05-19,WH-B,Carrier-2,North,42.4,171.22,Express
10476,2024-11-09,2024-11-15,2024-11-21,WH-A,Carrier-2,North,6.0,207.1,Critical
10477,2024-02-29,2024-03-02,2024-03-10,WH-B,Carrier-2,South,24.1,226.54,Standard
10478,2026-06-27,2026-07-01,2026-07-02,WH-B,Carrier-2,East,51.2,201.89,Standard
10479,2025-11-20,2025-11-22,2025-11-27,WH-D,Carrier-2,West,46.0,101.0,Express
10480,2025-01-30,2025-02-07,,WH-B,Carrier-3,East,62.8,153.55,Critical
10481,2025-08-21,2025-08-24,2025-08-26,WH-A,Carrier-3,South,65.8,148.61,Critical
10482,2024-11-11,2024-11-13,2024-11-17,WH-A,Carrier-1,North,65.2,27.98,Critical
10483,2026-07-12,2026-07-19,2026-07-20,WH-B,Carrier-3,North,40.4,200.96,Express
10484,2024-04-20,2024-04-26,2024-04-27,WH-C,Carrier-3,West,41.9,214.24,Express
10485,2025-04-14,2025-04-18,2025-04-20,WH-D,Carrier-2,West,6.3,73.08,Critical
10486,2026-08-17,2026-08-23,2026-08-25,WH-B,Carrier-2,South,64.4,227.35,Critical
10487,2026-02-21,2026-02-25,2026-02-26,WH-C,Carrier-1,East,3.9,206.58,Critical
10488,2025-01-08,2025-01-15,2025-01-22,WH-B,Carrier-3,North,16.7,40.38,Critical
10489,2026-05-12,2026-05-14,2026-05-22,WH-D,Carrier-1,South,52.2,186.89,Standard
10490,2025-09-02,2025-09-05,2025-09-07,WH-A,Carrier-2,West,18.6,115.94,Standard
10491,2026-03-23,2026-03-29,2026-04-06,WH-C,Carrier-3,West,50.3,19.14,Critical
10492,2026-08-27,2026-08-31,2026-09-06,WH-D,Carrier-1,South,59.2,169.07,Express
10493,2026-07-02,2026-07-05,2026-07-09,WH-A,Carrier-3,South,16.9,194.41,Standard
10494,2024-12-17,2024-12-25,2024-12-27,WH-A,Carrier-3,East,72.3,134.63,Critical
10495,2025-01-13,2025-01-16,,WH-D,Carrier-3,West,66.5,169.13,Express
10496,2025-02-15,2025-02-23,2025-02-28,WH-C,Carrier-2,West,2.2,77.64,Express
10497,2024-03-27,2024-04-02,2024-04-04,WH-A,Carrier-2,South,59.8,238.77,Critical
10498,2025-05-06,2025-05-10,2025-05-11,WH-B,Carrier-2,North,12.4,46.21,Critical
10499,2025-05-04,2025-05-08,2025-05-16,WH-D,Carrier-3,North,1.7,155.53,Critical
10500,2025-07-30,2025-08-01,2025-08-06,WH-A,Carrier-1,North,57.3,10.44,Critical
10501,2025-05-08,2025-05-11,2025-05-09,WH-B,Carrier-3,West,36.7,13.64,Critical
10502,2025-09-20,2025-09-23,2025-09-25,WH-A,Carrier-2,East,29.4,60.98,Standard
10503,2024-03-13,2024-03-15,2024-03-23,WH-C,Carrier-3,West,59.2,228.63,Critical
10504,2024-07-29,2024-08-04,2024-08-11,WH-D,Carrier-1,South,43.5,164.97,Critical
10505,2024-06-27,2024-06-29,2024-06-30,WH-A,Carrier-3,East,54.1,224.3,Express
10506,2025-04-29,2025-05-05,2025-05-06,WH-B,Carrier-3,North,4.8,40.09,Express
10507,2025-12-25,2026-01-02,2026-01-08,WH-C,Carrier-3,North,32.3,222.26,Express
10508,2025-07-31,2025-08-05,2025-08-11,WH-A,Carrier-1,South,15.4,64.47,Express
10509,2026-01-10,2026-01-13,2026-01-15,WH-D,Carrier-2,South,50.5,143.42,Standard
10510,2025-03-16,2025-03-22,,WH-A,Carrier-3,North,37.1,214.0,Express
10511,2024-09-01,2024-09-07,2024-09-13,WH-C,Carrier-3,East,12.6,130.66,Express
10512,2025-03-23,2025-03-31,2025-04-03,WH-B,Carrier-3,West,48.7,68.91,Express
10513,2025-08-17,2025-08-21,2025-08-27,WH-B,Carrier-1,West,74.5,64.4,Standard
10514,2025-03-09,2025-03-13,,WH-D,Carrier-2,West,46.4,16.12,Express
10515,2024-11-20,2024-11-25,2024-11-29,WH-C,Carrier-2,North,76.5,98.84,Critical
10516,2025-01-08,2025-01-11,2025-01-17,WH-A,Carrier-3,West,58.6,226.13,Critical
10517,2024-01-28,2024-02-01,2024-02-03,WH-A,Carrier-3,North,7.2,63.42,Express
10518,2025-03-22,2025-03-24,2025-04-01,WH-A,Carrier-3,West,41.3,232.41,Standard
10519,2025-03-06,2025-03-14,2025-03-15,WH-D,Carrier-1,North,69.3,45.85,Critical
10520,2026-04-23,2026-04-30,2026-05-01,WH-C,Carrier-1,North,14.7,106.03,Standard
10521,2024-09-14,2024-09-19,2024-09-25,WH-C,Carrier-2,West,17.7,25.02,Express
10522,2025-07-03,2025-07-05,2025-07-11,WH-A,Carrier-1,South,58.2,109.02,Standard
10523,2026-04-16,2026-04-18,2026-04-17,WH-A,Carrier-3,North,2.5,140.08,Standard
10524,2024-12-24,2024-12-26,2025-01-01,WH-C,Carrier-3,North,63.5,53.26,Standard
10525,2024-11-26,2024-11-29,2024-11-27,WH-C,Carrier-1,North,59.2,9.75,Critical
10526,2026-03-08,2026-03-11,2026-03-19,WH-D,Carrier-1,East,76.6,28.37,Critical
10527,2024-03-13,2024-03-16,2024-03-24,WH-C,Carrier-2,North,46.2,146.06,Standard
10528,2025-02-28,2025-03-05,2025-03-08,WH-C,Carrier-2,East,70.2,170.82,Critical
10529,2026-04-12,2026-04-17,2026-04-15,WH-D,Carrier-2,South,7.6,19.93,Standard
10530,2025-11-28,2025-12-05,2025-12-06,WH-D,Carrier-2,East,3.4,49.24,Express
10531,2025-06-04,2025-06-12,2025-06-15,WH-C,Carrier-2,South,34.6,185.28,Express
10532,2024-02-10,2024-02-12,2024-02-19,WH-D,Carrier-3,North,28.6,95.9,Express
10533,2025-01-02,2025-01-08,2025-01-07,WH-D,Carrier-2,West,57.0,97.69,Critical
10534,2025-05-02,2025-05-08,2025-05-06,WH-A,Carrier-1,North,5.5,43.99,Standard
10535,2026-05-01,2026-05-05,2026-05-08,WH-A,Carrier-1,East,62.8,226.57,Express
10536,2024-10-06,2024-10-08,,WH-A,Carrier-1,North,24.1,82.99,Critical
10537,2025-03-10,2025-03-16,2025-03-22,WH-D,Carrier-1,South,32.7,82.89,Standard
10538,2025-02-28,2025-03-03,2025-03-06,WH-D,Carrier-1,West,37.8,70.03,Standard
10539,2024-07-29,2024-08-06,2024-08-14,WH-D,Carrier-2,West,1.0,49.75,Standard
10540,2024-08-16,2024-08-24,2024-08-27,WH-B,Carrier-2,West,47.7,113.36,Critical
10541,2026-07-12,2026-07-19,2026-07-25,WH-B,Carrier-1,South,72.8,224.0,Critical
10542,2024-09-14,2024-09-22,2024-09-27,WH-B,Carrier-2,West,15.5,185.77,Standard
10543,2025-10-23,2025-10-28,2025-10-30,WH-A,Carrier-1,West,28.8,206.47,Standard
10544,2026-05-12,2026-05-20,2026-05-28,WH-C,Carrier-3,West,35.0,226.3,Critical
10545,2026-07-13,2026-07-21,,WH-A,Carrier-1,East,21.7,52.56,Express
10546,2024-01-27,2024-01-31,2024-02-01,WH-D,Carrier-1,South,65.5,64.9,Express
10547,2026-01-24,2026-01-27,2026-01-29,WH-A,Carrier-2,West,22.7,162.51,Standard
10548,2025-03-02,2025-03-09,2025-03-16,WH-C,Carrier-3,South,34.0,123.29,Express
10549,2026-07-13,2026-07-19,2026-07-26,WH-A,Carrier-3,East,15.4,104.28,Critical
10550,2024-04-10,2024-04-17,2024-04-18,WH-C,Carrier-2,East,13.6,90.21,Critical
10551,2025-11-14,2025-11-18,2025-11-16,WH-B,Carrier-3,East,1.7,226.73,Express
10552,2024-09-14,2024-09-16,2024-09-22,WH-B,Carrier-2,East,1.6,124.15,Critical
10553,2025-04-05,2025-04-08,2025-04-15,WH-C,Carrier-3,West,48.0,177.62,Standard
10554,2025-07-25,2025-07-30,2025-08-06,WH-B,Carrier-1,South,64.4,156.63,Critical
10555,2024-02-26,2024-03-05,2024-03-13,WH-B,Carrier-1,East,22.4,143.09,Express
10556,2026-03-14,2026-03-20,2026-03-20,WH-B,Carrier-1,South,76.2,120.57,Express
10557,2025-03-18,2025-03-20,2025-03-20,WH-D,Carrier-2,South,64.8,201.16,Standard
10558,2024-07-27,2024-07-29,2024-07-27,WH-D,Carrier-1,South,50.7,178.82,Standard
10559,2025-02-23,2025-03-02,2025-02-28,WH-C,Carrier-3,East,16.9,136.58,Express
10560,2024-05-15,2024-05-19,2024-05-24,WH-D,Carrier-3,East,74.6,36.24,Standard
10561,2024-05-15,2024-05-20,2024-05-27,WH-C,Carrier-2,East,3.2,217.78,Express
10562,2025-12-06,2025-12-13,2025-12-14,WH-D,Carrier-1,East,69.8,10.39,Critical
10563,2024-10-04,2024-10-11,2024-10-10,WH-C,Carrier-2,West,38.8,158.04,Standard
10564,2026-05-12,2026-05-17,2026-05-22,WH-C,Carrier-2,North,74.3,144.08,Critical
10565,2026-07-25,2026-07-27,,WH-C,Carrier-2,East,43.6,216.01,Express
10566,2024-10-31,2024-11-03,2024-11-05,WH-D,Carrier-3,South,50.6,108.39,Standard
10567,2025-12-28,2025-12-31,2026-01-06,WH-C,Carrier-2,South,39.8,132.36,Standard
10568,2025-07-10,2025-07-16,2025-07-20,WH-D,Carrier-3,East,32.5,185.86,Critical
10569,2024-09-29,2024-10-04,2024-10-12,WH-A,Carrier-3,West,46.1,239.17,Critical
10570,2024-09-24,2024-09-30,2024-09-29,WH-D,Carrier-1,North,43.5,132.94,Critical
10571,2026-02-13,2026-02-19,2026-02-21,WH-D,Carrier-3,West,22.7,49.29,Express
10572,2024-01-23,2024-01-29,2024-01-31,WH-C,Carrier-2,West,3.1,203.02,Standard
10573,2024-01-17,2024-01-23,2024-01-30,WH-A,Carrier-2,North,45.4,221.08,Express
10574,2026-01-14,2026-01-17,2026-01-24,WH-A,Carrier-3,East,39.0,22.44,Standard
10575,2025-02-01,2025-02-06,2025-02-07,WH-C,Carrier-2,North,48.9,194.07,Standard
10576,2025-12-07,2025-12-09,2025-12-08,WH-C,Carrier-1,South,26.0,69.61,Express
10577,2024-10-13,2024-10-15,2024-10-16,WH-B,Carrier-3,East,3.1,22.53,Express
10578,2026-05-26,2026-06-01,2026-06-04,WH-A,Carrier-1,South,61.6,184.4,Standard
10579,2024-06-13,2024-06-15,2024-06-20,WH-A,Carrier-1,South,23.3,110.45,Critical
10580,2026-01-10,2026-01-15,,WH-A,Carrier-3,East,78.6,126.68,Critical
10581,2024-10-22,2024-10-26,2024-11-02,WH-C,Carrier-3,East,50.7,167.19,Express
10582,2026-01-31,2026-02-08,2026-02-11,WH-B,Carrier-1,North,74.0,101.73,Standard
10583,2024-03-30,2024-04-01,2024-04-03,WH-D,Carrier-1,West,21.7,116.3,Express
10584,2026-03-17,2026-03-23,2026-03-26,WH-A,Carrier-1,South,38.8,103.51,Express
10585,2025-12-26,2026-01-03,2026-01-03,WH-D,Carrier-3,East,78.8,49.99,Critical
10586,2025-11-17,2025-11-25,2025-11-24,WH-C,Carrier-2,North,39.3,47.56,Critical
10587,2025-06-25,2025-06-29,2025-07-07,WH-A,Carrier-2,East,78.9,107.79,Critical
10588,2026-04-05,2026-04-08,2026-04-14,WH-C,Carrier-2,North,2.1,59.94,Critical
10589,2024-08-20,2024-08-27,2024-09-01,WH-C,Carrier-3,East,76.4,13.31,Standard
10590,2025-02-12,2025-02-16,2025-02-24,WH-D,Carrier-1,North,72.1,196.67,Express
10591,2024-04-07,2024-04-15,2024-04-21,WH-A,Carrier-3,East,28.7,165.11,Critical
10592,2025-05-11,2025-05-17,2025-05-23,WH-C,Carrier-1,South,32.4,128.44,Critical
10593,2024-03-17,2024-03-19,2024-03-20,WH-B,Carrier-1,West,48.6,220.64,Standard
10594,2026-07-31,2026-08-06,2026-08-04,WH-A,Carrier-3,West,32.8,62.16,Express
10595,2026-03-30,2026-04-05,2026-04-09,WH-D,Carrier-1,South,78.6,128.19,Critical
10596,2024-02-26,2024-03-04,2024-03-09,WH-C,Carrier-2,East,48.2,40.17,Express
10597,2025-01-17,2025-01-25,2025-01-28,WH-C,Carrier-1,North,58.6,136.07,Standard
10598,2026-05-26,2026-06-03,2026-06-08,WH-A,Carrier-2,North,8.7,203.08,Express
10599,2025-07-18,2025-07-25,2025-07-31,WH-D,Carrier-3,West,60.3,48.94,Critical
10600,2025-07-10,2025-07-18,2025-07-19,WH-D,Carrier-1,East,18.2,108.88,Standard
10601,2026-06-05,2026-06-10,2026-06-13,WH-B,Carrier-3,East,70.5,171.31,Express
10602,2026-07-12,2026-07-20,2026-07-26,WH-C,Carrier-1,North,21.8,184.34,Critical
10603,2026-04-23,2026-04-27,2026-04-30,WH-C,Carrier-3,South,63.4,74.5,Standard
10604,2026-04-30,2026-05-02,2026-05-03,WH-B,Carrier-1,South,19.3,86.91,Standard
10605,2024-03-24,2024-03-30,2024-04-04,WH-D,Carrier-1,North,78.4,196.8,Standard
10606,2024-02-16,2024-02-20,2024-02-26,WH-B,Carrier-1,West,43.2,10.68,Express
10607,2025-03-16,2025-03-23,2025-03-27,WH-B,Carrier-3,South,40.4,19.75,Express
10608,2025-03-03,2025-03-11,2025-03-18,WH-D,Carrier-1,East,33.2,9.69,Standard
10609,2024-10-01,2024-10-03,2024-10-09,WH-B,Carrier-3,North,46.2,136.61,Express
10610,2024-12-08,2024-12-16,2024-12-17,WH-C,Carrier-1,North,79.7,110.27,Critical
10611,2025-05-14,2025-05-20,2025-05-20,WH-C,Carrier-3,North,54.9,116.9,Express
10612,2026-05-13,2026-05-18,2026-05-16,WH-C,Carrier-2,South,42.9,37.18,Express
10613,2024-01-14,2024-01-17,2024-01-18,WH-A,Carrier-1,West,16.2,154.65,Express
10614,2024-04-06,2024-04-10,2024-04-08,WH-C,Carrier-2,North,27.7,236.02,Standard
10615,2024-05-08,2024-05-12,2024-05-11,WH-C,Carrier-1,South,18.6,120.87,Standard
10616,2025-10-13,2025-10-16,2025-10-18,WH-D,Carrier-3,West,66.8,83.47,Express
10617,2026-03-12,2026-03-15,2026-03-15,WH-D,Carrier-2,North,24.9,223.73,Express
10618,2025-03-02,2025-03-05,2025-03-13,WH-D,Carrier-1,South,68.4,152.27,Express
10619,2025-09-25,2025-09-27,2025-10-03,WH-B,Carrier-3,North,40.3,236.31,Standard
10620,2024-11-24,2024-11-28,2024-12-01,WH-C,Carrier-2,South,58.1,176.83,Standard
10621,2026-04-02,2026-04-10,2026-04-17,WH-D,Carrier-2,North,8.9,143.23,Critical
10622,2025-02-14,2025-02-16,2025-02-14,WH-B,Carrier-2,West,74.7,99.63,Critical
10623,2024-01-16,2024-01-19,2024-01-18,WH-B,Carrier-1,West,74.4,234.46,Standard
10624,2024-11-12,2024-11-19,2024-11-18,WH-A,Carrier-1,East,46.2,5.35,Standard
10625,2024-09-18,2024-09-26,2024-09-27,WH-D,Carrier-2,North,77.9,184.13,Critical
10626,2026-01-09,2026-01-15,2026-01-22,WH-A,Carrier-3,West,78.3,19.87,Critical
10627,2025-10-11,2025-10-15,2025-10-18,WH-D,Carrier-3,South,5.5,188.66,Critical
10628,2026-06-16,2026-06-18,2026-06-25,WH-A,Carrier-1,North,77.3,134.44,Express
10629,2024-02-19,2024-02-24,2024-03-01,WH-A,Carrier-2,North,5.7,63.25,Express
10630,2026-06-27,2026-06-30,2026-07-04,WH-A,Carrier-3,West,1.0,203.37,Express
10631,2026-04-03,2026-04-08,2026-04-15,WH-A,Carrier-2,South,49.7,98.18,Standard
10632,2026-05-24,2026-05-31,2026-06-01,WH-D,Carrier-3,North,63.0,16.0,Critical
10633,2024-01-21,2024-01-24,2024-01-23,WH-C,Carrier-1,West,10.2,216.28,Critical
10634,2025-03-17,2025-03-25,2025-03-29,WH-D,Carrier-2,East,69.0,98.42,Critical
10635,2026-04-05,2026-04-10,2026-04-12,WH-D,Carrier-1,South,1.4,96.46,Standard
10636,2024-10-25,2024-11-01,2024-10-31,WH-C,Carrier-1,South,45.3,123.43,Express
10637,2024-09-15,2024-09-20,2024-09-20,WH-C,Carrier-2,North,53.9,58.9,Standard
10638,2024-12-25,2024-12-31,2025-01-05,WH-A,Carrier-3,East,17.4,116.37,Express
10639,2024-02-13,2024-02-20,2024-02-28,WH-C,Carrier-3,East,3.2,105.24,Critical
10640,2026-08-12,2026-08-14,2026-08-18,WH-D,Carrier-3,South,39.5,26.05,Express
10641,2025-02-25,2025-03-02,2025-02-28,WH-A,Carrier-3,West,63.7,109.45,Express
10642,2024-02-02,2024-02-04,2024-02-04,WH-C,Carrier-2,South,51.2,157.44,Express
10643,2025-03-19,2025-03-26,2025-03-29,WH-D,Carrier-3,South,17.2,132.12,Express
10644,2024-07-01,2024-07-05,2024-07-13,WH-B,Carrier-2,West,16.0,169.65,Critical
10645,2024-10-04,2024-10-10,2024-10-11,WH-B,Carrier-1,East,16.4,21.07,Critical
10646,2024-01-08,2024-01-16,2024-01-24,WH-C,Carrier-2,East,78.0,42.24,Critical
10647,2024-12-26,2024-12-30,2025-01-04,WH-B,Carrier-2,South,71.5,215.38,Critical
10648,2025-12-23,2025-12-27,,WH-B,Carrier-3,North,41.3,116.45,Standard
10649,2025-05-04,2025-05-12,2025-05-15,WH-D,Carrier-3,East,62.7,9.34,Express
10650,2026-05-09,2026-05-14,2026-05-18,WH-A,Carrier-2,East,40.7,134.47,Express
10651,2026-05-18,2026-05-23,,WH-B,Carrier-3,East,73.9,26.39,Express
10652,2024-04-20,2024-04-26,2024-04-24,WH-B,Carrier-1,East,23.7,161.39,Critical
10653,2024-06-09,2024-06-14,2024-06-20,WH-C,Carrier-3,West,11.3,121.27,Standard
10654,2024-10-05,2024-10-09,2024-10-08,WH-C,Carrier-3,West,76.3,45.14,Standard
10655,2024-12-02,2024-12-04,2024-12-04,WH-A,Carrier-3,East,16.0,221.99,Critical
10656,2026-07-24,2026-07-30,2026-08-05,WH-D,Carrier-1,East,35.9,119.75,Standard
10657,2025-02-27,2025-03-06,2025-03-12,WH-B,Carrier-3,West,33.3,164.23,Express
10658,2026-04-11,2026-04-16,2026-04-24,WH-C,Carrier-3,West,22.4,99.16,Standard
10659,2024-10-23,2024-10-31,2024-11-06,WH-C,Carrier-1,East,74.8,122.78,Critical
10660,2024-02-03,2024-02-08,2024-02-09,WH-B,Carrier-2,West,39.9,171.77,Express
10661,2026-07-13,2026-07-16,2026-07-23,WH-B,Carrier-1,West,24.3,70.9,Standard
10662,2026-04-01,2026-04-06,2026-04-06,WH-D,Carrier-3,West,7.6,96.04,Express
10663,2025-09-23,2025-09-26,2025-09-26,WH-A,Carrier-3,South,78.0,155.68,Express
10664,2025-12-16,2025-12-23,2025-12-29,WH-B,Carrier-2,West,52.7,113.35,Standard
10665,2026-08-04,2026-08-06,2026-08-05,WH-D,Carrier-1,West,28.5,167.65,Express
10666,2025-08-11,2025-08-14,2025-08-12,WH-C,Carrier-3,East,73.0,210.42,Critical
10667,2025-04-28,2025-04-30,,WH-B,Carrier-2,South,53.3,65.64,Critical
10668,2024-07-08,2024-07-12,2024-07-20,WH-A,Carrier-3,South,51.5,114.83,Express
10669,2026-01-31,2026-02-05,2026-02-06,WH-C,Carrier-2,North,43.2,55.06,Critical
10670,2024-12-20,2024-12-23,2024-12-25,WH-C,Carrier-3,North,52.1,28.01,Critical
10671,2025-07-09,2025-07-13,2025-07-14,WH-B,Carrier-3,East,12.6,16.59,Express
10672,2024-03-21,2024-03-26,2024-04-03,WH-D,Carrier-1,East,47.7,141.65,Critical
10673,2026-07-21,2026-07-23,2026-07-28,WH-A,Carrier-2,East,2.9,85.08,Express
10674,2025-10-27,2025-11-03,2025-11-02,WH-B,Carrier-1,East,58.3,75.61,Critical
10675,2024-04-17,2024-04-25,2024-04-26,WH-C,Carrier-1,North,51.0,210.98,Critical
10676,2025-07-18,2025-07-24,2025-07-23,WH-D,Carrier-1,North,35.9,224.51,Standard
10677,2025-12-30,2026-01-03,2026-01-09,WH-C,Carrier-3,West,57.8,91.91,Express
10678,2026-07-29,2026-08-05,2026-08-03,WH-A,Carrier-2,South,77.0,39.88,Express
10679,2024-06-03,2024-06-10,2024-06-10,WH-D,Carrier-2,West,55.7,189.29,Standard
10680,2025-06-07,2025-06-13,2025-06-20,WH-D,Carrier-2,South,40.9,44.87,Critical
10681,2026-01-22,2026-01-30,2026-01-29,WH-B,Carrier-2,South,8.7,199.69,Critical
10682,2024-01-30,2024-02-01,2024-01-31,WH-C,Carrier-1,South,66.0,105.88,Standard
10683,2024-08-11,2024-08-13,2024-08-11,WH-D,Carrier-2,North,69.7,119.48,Critical
10684,2024-09-28,2024-10-03,2024-10-09,WH-B,Carrier-2,West,75.4,198.24,Express
10685,2024-03-31,2024-04-06,2024-04-08,WH-C,Carrier-3,West,0.7,119.01,Critical
10686,2024-04-03,2024-04-06,2024-04-10,WH-B,Carrier-3,South,67.3,107.31,Express
10687,2025-03-10,2025-03-17,2025-03-19,WH-D,Carrier-1,West,74.1,183.6,Critical
10688,2024-09-19,2024-09-24,2024-09-26,WH-A,Carrier-3,North,62.6,169.8,Standard
10689,2025-03-13,2025-03-21,2025-03-27,WH-A,Carrier-3,West,71.1,122.17,Express
10690,2026-05-08,2026-05-13,2026-05-12,WH-B,Carrier-2,North,68.1,230.52,Express
10691,2025-02-10,2025-02-17,2025-02-25,WH-D,Carrier-1,South,76.0,109.33,Standard
10692,2025-12-31,2026-01-07,2026-01-05,WH-B,Carrier-3,West,51.3,4.02,Standard
10693,2026-07-12,2026-07-19,2026-07-17,WH-B,Carrier-2,North,63.3,65.57,Standard
10694,2025-03-09,2025-03-16,2025-03-20,WH-C,Carrier-2,East,47.7,120.86,Express
10695,2025-11-14,2025-11-20,2025-11-24,WH-C,Carrier-3,North,63.3,50.24,Express
10696,2024-11-26,2024-11-30,2024-11-30,WH-A,Carrier-3,North,71.6,134.06,Standard
10697,2024-08-08,2024-08-13,2024-08-12,WH-D,Carrier-3,West,52.7,86.14,Standard
10698,2024-12-31,2025-01-04,2025-01-04,WH-A,Carrier-3,North,35.9,196.01,Critical
10699,2025-08-12,2025-08-18,2025-08-16,WH-D,Carrier-1,South,58.7,140.7,Express
10700,2025-07-11,2025-07-17,2025-07-20,WH-D,Carrier-3,North,9.8,171.14,Express
10701,2025-05-09,2025-05-13,2025-05-12,WH-C,Carrier-1,South,77.1,154.06,Critical
10702,2025-05-11,2025-05-14,2025-05-16,WH-C,Carrier-3,North,57.0,227.44,Express
10703,2025-08-21,2025-08-24,,WH-A,Carrier-1,West,59.6,48.01,Critical
10704,2025-07-31,2025-08-07,2025-08-09,WH-B,Carrier-3,West,47.7,229.0,Standard
10705,2026-08-08,2026-08-11,2026-08-15,WH-A,Carrier-2,North,15.2,63.77,Standard
10706,2026-04-15,2026-04-18,2026-04-21,WH-C,Carrier-3,North,59.3,217.89,Express
10707,2024-10-07,2024-10-09,2024-10-12,WH-C,Carrier-2,West,4.1,141.53,Critical
10708,2024-03-03,2024-03-09,2024-03-14,WH-B,Carrier-1,South,20.1,123.15,Critical
10709,2024-10-21,2024-10-27,2024-10-28,WH-A,Carrier-1,West,74.1,160.94,Standard
10710,2024-08-07,2024-08-15,2024-08-14,WH-C,Carrier-2,North,67.6,8.57,Standard
10711,2026-02-24,2026-03-02,2026-03-03,WH-B,Carrier-3,East,41.4,101.7,Critical
10712,2026-07-23,2026-07-30,2026-08-07,WH-D,Carrier-3,North,33.2,24.29,Critical
10713,2024-04-17,2024-04-21,2024-04-23,WH-D,Carrier-2,West,26.9,198.59,Critical
10714,2024-10-26,2024-10-28,,WH-D,Carrier-3,North,44.1,217.24,Critical
10715,2024-04-14,2024-04-16,2024-04-22,WH-A,Carrier-1,West,26.0,156.58,Express
10716,2024-03-02,2024-03-07,2024-03-13,WH-A,Carrier-3,South,30.9,92.13,Express
10717,2025-11-13,2025-11-18,2025-11-25,WH-A,Carrier-3,West,70.6,98.94,Express
10718,2026-08-26,2026-09-01,2026-09-06,WH-C,Carrier-3,South,1.2,46.63,Standard
10719,2026-04-12,2026-04-15,2026-04-15,WH-D,Carrier-3,East,22.5,208.93,Critical
10720,2025-08-13,2025-08-20,2025-08-25,WH-D,Carrier-1,East,63.5,88.23,Critical
10721,2026-06-24,2026-06-27,2026-07-02,WH-B,Carrier-2,South,68.6,186.73,Standard
10722,2024-12-22,2024-12-26,2025-01-02,WH-A,Carrier-1,North,14.0,67.76,Express
10723,2025-07-13,2025-07-20,,WH-C,Carrier-1,North,31.3,189.47,Express
10724,2026-03-02,2026-03-05,2026-03-10,WH-C,Carrier-1,East,4.0,152.52,Standard
10725,2026-05-11,2026-05-19,2026-05-22,WH-C,Carrier-3,North,1.4,123.53,Standard
10726,2025-10-22,2025-10-29,2025-10-28,WH-A,Carrier-3,East,79.9,228.23,Critical
10727,2026-01-25,2026-01-30,2026-02-07,WH-B,Carrier-2,North,64.8,190.65,Critical
10728,2025-12-01,2025-12-08,2025-12-09,WH-C,Carrier-1,North,61.5,32.07,Standard
10729,2024-09-15,2024-09-21,2024-09-23,WH-B,Carrier-1,East,2.9,44.82,Express
10730,2025-07-19,2025-07-22,2025-07-25,WH-D,Carrier-3,West,25.2,69.4,Critical
10731,2024-11-21,2024-11-29,2024-12-04,WH-C,Carrier-1,North,53.0,194.82,Standard
10732,2025-01-19,2025-01-25,2025-02-02,WH-C,Carrier-3,West,50.6,155.72,Standard
10733,2025-04-18,2025-04-23,2025-04-23,WH-D,Carrier-3,East,33.1,16.0,Standard
10734,2025-06-08,2025-06-12,2025-06-18,WH-B,Carrier-1,North,65.7,167.4,Standard
10735,2025-07-08,2025-07-15,2025-07-23,WH-A,Carrier-2,North,37.4,106.59,Standard
10736,2024-10-20,2024-10-27,2024-11-04,WH-D,Carrier-1,West,41.1,238.07,Express
10737,2024-04-11,2024-04-17,2024-04-16,WH-D,Carrier-1,East,16.8,73.42,Standard
10738,2024-02-15,2024-02-20,2024-02-24,WH-B,Carrier-3,East,67.4,147.21,Standard
10739,2024-12-10,2024-12-18,2024-12-22,WH-A,Carrier-2,North,64.4,185.16,Critical
10740,2024-06-05,2024-06-08,2024-06-14,WH-A,Carrier-1,North,78.4,13.92,Critical
10741,2024-11-01,2024-11-04,2024-11-10,WH-C,Carrier-2,South,45.3,33.38,Standard
10742,2024-08-30,2024-09-06,2024-09-14,WH-D,Carrier-1,West,20.2,91.11,Express
10743,2025-04-17,2025-04-25,2025-04-25,WH-D,Carrier-1,South,35.4,19.26,Critical
10744,2024-10-30,2024-11-04,2024-11-10,WH-A,Carrier-3,South,29.4,166.09,Critical
10745,2024-12-22,2024-12-25,2024-12-27,WH-D,Carrier-1,North,17.8,191.0,Express
10746,2024-05-25,2024-06-01,2024-06-01,WH-D,Carrier-1,West,17.7,137.93,Standard
10747,2024-03-14,2024-03-21,2024-03-24,WH-C,Carrier-1,South,53.6,238.48,Standard
10748,2024-01-01,2024-01-08,2024-01-06,WH-A,Carrier-3,West,56.3,212.12,Critical
10749,2026-03-24,2026-04-01,2026-04-08,WH-D,Carrier-1,North,65.2,81.04,Standard
10750,2026-06-05,2026-06-11,2026-06-12,WH-A,Carrier-1,East,79.1,127.5,Standard
10751,2024-06-09,2024-06-12,2024-06-11,WH-C,Carrier-3,South,41.7,73.97,Standard
10752,2026-07-11,2026-07-14,2026-07-17,WH-B,Carrier-2,South,19.6,190.59,Express
10753,2025-12-31,2026-01-07,2026-01-06,WH-A,Carrier-1,East,29.0,57.22,Critical
10754,2024-10-14,2024-10-18,2024-10-21,WH-D,Carrier-2,West,53.8,78.63,Standard
10755,2024-08-29,2024-09-02,2024-09-02,WH-C,Carrier-1,West,73.6,206.32,Standard
10756,2026-07-26,2026-08-01,2026-08-03,WH-D,Carrier-1,East,62.9,63.83,Express
10757,2024-04-23,2024-05-01,2024-05-06,WH-D,Carrier-2,South,68.7,42.2,Critical
10758,2025-10-13,2025-10-18,2025-10-22,WH-C,Carrier-2,North,34.2,143.18,Critical
10759,2025-07-13,2025-07-16,2025-07-17,WH-D,Carrier-2,North,76.9,46.09,Standard
10760,2024-08-15,2024-08-20,2024-08-23,WH-A,Carrier-2,South,4.5,133.2,Express
10761,2026-06-14,2026-06-17,2026-06-20,WH-D,Carrier-3,South,51.3,221.99,Express
10762,2025-02-19,2025-02-26,2025-02-27,WH-A,Carrier-1,West,5.6,49.83,Critical
10763,2026-04-06,2026-04-11,2026-04-18,WH-A,Carrier-2,West,63.4,76.83,Express
10764,2025-06-24,2025-07-02,2025-07-08,WH-B,Carrier-1,East,48.6,212.75,Express
10765,2024-02-06,2024-02-08,,WH-C,Carrier-2,East,64.8,30.38,Standard
10766,2025-05-19,2025-05-23,2025-05-22,WH-A,Carrier-3,North,37.5,144.08,Critical
10767,2024-02-05,2024-02-11,2024-02-09,WH-C,Carrier-3,North,18.3,64.22,Express
10768,2026-04-06,2026-04-11,2026-04-10,WH-D,Carrier-2,East,32.1,150.42,Standard
10769,2024-04-10,2024-04-14,2024-04-15,WH-B,Carrier-3,East,27.5,89.2,Express
10770,2025-09-15,2025-09-17,2025-09-24,WH-C,Carrier-3,North,68.8,234.22,Express
10771,2024-06-12,2024-06-20,2024-06-21,WH-B,Carrier-3,South,12.8,58.65,Standard
10772,2024-02-13,2024-02-21,2024-02-26,WH-D,Carrier-3,North,71.6,220.37,Critical
10773,2025-03-18,2025-03-23,2025-03-26,WH-D,Carrier-3,East,19.2,108.56,Express
10774,2024-12-18,2024-12-21,2024-12-28,WH-D,Carrier-1,North,17.6,84.66,Express
10775,2026-02-16,2026-02-19,2026-02-20,WH-C,Carrier-1,West,46.9,12.1,Standard
10776,2026-07-05,2026-07-08,2026-07-10,WH-B,Carrier-3,North,64.2,165.71,Critical
10777,2025-03-15,2025-03-18,2025-03-22,WH-B,Carrier-1,East,79.4,140.18,Standard
10778,2024-09-27,2024-10-03,2024-10-04,WH-C,Carrier-2,West,75.3,138.6,Express
10779,2024-02-16,2024-02-19,2024-02-17,WH-C,Carrier-1,East,32.8,163.7,Express
10780,2024-08-09,2024-08-15,2024-08-19,WH-C,Carrier-1,North,78.9,161.11,Express
10781,2024-11-21,2024-11-29,2024-12-06,WH-A,Carrier-3,South,1.4,125.69,Express
10782,2024-09-28,2024-10-04,2024-10-04,WH-B,Carrier-1,South,27.3,122.08,Critical
10783,2025-04-15,2025-04-19,2025-04-17,WH-C,Carrier-1,East,76.5,222.49,Express
10784,2025-07-07,2025-07-10,2025-07-12,WH-A,Carrier-1,West,78.8,46.17,Standard
10785,2024-03-21,2024-03-24,2024-03-31,WH-A,Carrier-1,East,27.6,105.08,Critical
10786,2026-01-25,2026-02-02,2026-02-08,WH-B,Carrier-1,West,72.7,10.09,Express
10787,2025-08-14,2025-08-21,2025-08-22,WH-C,Carrier-3,South,77.2,213.27,Standard
10788,2026-03-04,2026-03-06,2026-03-12,WH-D,Carrier-1,South,6.6,58.52,Standard
10789,2026-08-27,2026-08-29,2026-09-05,WH-D,Carrier-2,North,19.6,222.57,Standard
10790,2026-08-18,2026-08-26,2026-09-02,WH-A,Carrier-1,East,69.0,9.36,Express
10791,2025-05-22,2025-05-25,2025-06-02,WH-A,Carrier-3,East,35.6,134.59,Express
10792,2024-07-30,2024-08-06,2024-08-04,WH-C,Carrier-1,South,66.2,210.59,Standard
10793,2025-07-28,2025-07-30,2025-07-30,WH-C,Carrier-3,West,59.2,232.89,Critical
10794,2024-12-25,2025-01-02,2025-01-08,WH-C,Carrier-1,North,78.8,47.24,Express
10795,2024-12-16,2024-12-22,2024-12-25,WH-B,Carrier-2,North,45.3,65.93,Standard
10796,2024-08-11,2024-08-17,2024-08-17,WH-B,Carrier-1,East,16.2,81.78,Express
10797,2024-09-06,2024-09-12,2024-09-10,WH-D,Carrier-3,South,20.3,110.47,Express
10798,2024-07-15,2024-07-22,2024-07-25,WH-D,Carrier-3,East,11.7,97.38,Critical
10799,2024-06-03,2024-06-07,2024-06-10,WH-B,Carrier-3,West,31.9,202.47,Critical
10800,2026-03-20,2026-03-22,2026-03-20,WH-A,Carrier-1,East,74.7,74.97,Express
10801,2026-03-05,2026-03-09,2026-03-15,WH-C,Carrier-1,South,70.4,216.65,Standard
10802,2024-02-17,2024-02-21,2024-02-28,WH-A,Carrier-2,West,63.2,107.29,Critical
10803,2024-07-07,2024-07-14,2024-07-12,WH-B,Carrier-3,West,33.4,181.78,Critical
10804,2026-08-27,2026-09-04,2026-09-03,WH-C,Carrier-1,East,20.2,65.72,Standard
10805,2024-08-30,2024-09-06,2024-09-13,WH-C,Carrier-3,North,71.6,124.37,Standard
10806,2025-03-13,2025-03-21,2025-03-20,WH-D,Carrier-1,West,40.9,226.84,Standard
10807,2024-01-14,2024-01-16,2024-01-15,WH-A,Carrier-3,East,29.9,233.87,Express
10808,2026-08-15,2026-08-19,2026-08-23,WH-B,Carrier-1,West,73.3,239.29,Standard
10809,2025-08-01,2025-08-06,2025-08-07,WH-C,Carrier-1,South,7.4,53.68,Standard
10810,2024-10-27,2024-10-30,2024-10-30,WH-D,Carrier-3,North,9.4,28.95,Express
10811,2026-01-02,2026-01-08,2026-01-09,WH-D,Carrier-2,West,57.8,171.36,Standard
10812,2025-02-15,2025-02-18,2025-02-20,WH-C,Carrier-1,North,52.7,234.18,Standard
10813,2025-11-27,2025-11-29,2025-12-01,WH-B,Carrier-2,East,4.1,75.15,Critical
10814,2024-04-18,2024-04-20,2024-04-22,WH-C,Carrier-3,North,47.0,170.51,Standard
10815,2026-08-14,2026-08-18,2026-08-18,WH-C,Carrier-3,East,33.1,37.74,Standard
10816,2024-07-22,2024-07-27,2024-07-28,WH-A,Carrier-3,South,72.8,144.34,Express
10817,2024-11-29,2024-12-03,2024-12-06,WH-D,Carrier-3,South,72.3,142.43,Critical
10818,2025-03-04,2025-03-12,2025-03-17,WH-D,Carrier-2,East,75.2,130.13,Standard
10819,2025-05-01,2025-05-08,2025-05-08,WH-C,Carrier-3,West,25.6,196.81,Standard
10820,2026-03-30,2026-04-05,2026-04-11,WH-B,Carrier-2,East,72.2,215.5,Standard
10821,2024-09-04,2024-09-12,2024-09-16,WH-B,Carrier-1,East,66.7,166.59,Critical
10822,2025-02-05,2025-02-09,,WH-A,Carrier-1,South,11.3,82.88,Standard
10823,2024-12-12,2024-12-17,2024-12-19,WH-C,Carrier-1,South,70.9,191.94,Standard
10824,2025-08-24,2025-08-29,2025-09-02,WH-A,Carrier-1,West,37.8,198.24,Standard
10825,2024-05-06,2024-05-12,2024-05-18,WH-A,Carrier-2,North,70.8,102.13,Standard
10826,2025-05-21,2025-05-29,2025-05-28,WH-D,Carrier-1,South,78.9,200.45,Critical
10827,2026-01-10,2026-01-12,2026-01-11,WH-B,Carrier-1,West,62.2,203.07,Express
10828,2025-07-18,2025-07-25,,WH-A,Carrier-1,West,11.2,205.09,Critical
10829,2024-09-29,2024-10-05,2024-10-04,WH-B,Carrier-1,North,22.9,163.03,Standard
10830,2026-05-14,2026-05-21,2026-05-28,WH-B,Carrier-1,East,52.7,83.97,Critical
10831,2024-03-24,2024-03-27,2024-04-04,WH-C,Carrier-1,South,37.9,38.59,Critical
10832,2024-10-04,2024-10-09,2024-10-16,WH-D,Carrier-3,West,43.7,169.81,Standard
10833,2025-07-13,2025-07-18,2025-07-23,WH-A,Carrier-1,East,53.6,180.8,Standard
10834,2026-08-08,2026-08-10,2026-08-13,WH-C,Carrier-2,East,71.5,159.24,Standard
10835,2024-12-24,2024-12-26,2024-12-25,WH-D,Carrier-3,West,26.0,34.28,Standard
10836,2025-11-11,2025-11-15,2025-11-23,WH-A,Carrier-1,East,74.7,206.22,Standard
10837,2025-03-02,2025-03-06,2025-03-05,WH-D,Carrier-2,West,28.6,238.04,Express
10838,2026-02-11,2026-02-16,,WH-A,Carrier-1,South,10.1,19.23,Critical
10839,2024-10-15,2024-10-22,2024-10-28,WH-B,Carrier-1,East,11.3,18.52,Express
10840,2026-02-03,2026-02-05,2026-02-13,WH-C,Carrier-2,North,30.0,65.01,Standard
10841,2024-01-17,2024-01-19,2024-01-26,WH-A,Carrier-1,East,10.3,33.13,Express
10842,2026-05-22,2026-05-27,2026-05-25,WH-D,Carrier-3,West,60.6,114.65,Express
10843,2025-07-22,2025-07-29,2025-07-30,WH-A,Carrier-3,West,8.3,104.78,Express
10844,2025-01-25,2025-01-27,2025-02-03,WH-C,Carrier-1,South,72.6,34.65,Express
10845,2024-11-16,2024-11-23,2024-11-22,WH-C,Carrier-2,South,30.1,122.61,Critical
10846,2025-09-26,2025-10-03,2025-10-04,WH-D,Carrier-3,South,51.3,227.06,Express
10847,2024-08-26,2024-09-01,2024-09-03,WH-C,Carrier-2,West,42.6,124.2,Express
10848,2025-05-03,2025-05-06,2025-05-12,WH-B,Carrier-1,East,39.0,79.92,Critical
10849,2024-07-29,2024-08-06,2024-08-08,WH-D,Carrier-2,West,53.0,13.4,Critical
10850,2024-08-19,2024-08-26,2024-08-31,WH-B,Carrier-1,South,8.2,52.29,Standard
10851,2025-03-09,2025-03-11,2025-03-14,WH-B,Carrier-2,South,75.6,88.75,Standard
10852,2026-04-21,2026-04-27,2026-04-25,WH-D,Carrier-2,North,55.5,111.25,Critical
10853,2025-02-06,2025-02-10,2025-02-18,WH-C,Carrier-2,East,3.2,168.66,Standard
10854,2026-07-05,2026-07-12,2026-07-18,WH-B,Carrier-2,North,69.4,39.72,Standard
10855,2025-12-29,2026-01-04,2026-01-09,WH-A,Carrier-3,North,13.2,73.83,Standard
10856,2024-12-15,2024-12-19,2024-12-26,WH-B,Carrier-1,West,46.9,188.35,Critical
10857,2025-01-08,2025-01-16,2025-01-20,WH-B,Carrier-3,South,75.0,219.36,Critical
10858,2024-05-20,2024-05-28,2024-06-04,WH-D,Carrier-2,West,0.8,5.97,Standard
10859,2024-04-27,2024-05-05,2024-05-05,WH-A,Carrier-2,North,49.8,78.32,Express
10860,2025-09-03,2025-09-05,2025-09-12,WH-C,Carrier-2,East,27.0,184.62,Express
10861,2024-07-04,2024-07-09,2024-07-07,WH-D,Carrier-3,West,39.5,27.95,Standard
10862,2025-11-29,2025-12-05,2025-12-06,WH-B,Carrier-1,North,5.9,51.47,Critical
10863,2026-05-11,2026-05-13,2026-05-20,WH-B,Carrier-2,South,5.6,202.38,Express
10864,2024-02-07,2024-02-15,2024-02-23,WH-B,Carrier-3,East,1.6,28.94,Express
10865,2025-10-13,2025-10-17,2025-10-18,WH-C,Carrier-3,South,1.3,150.8,Critical
10866,2024-09-29,2024-10-06,2024-10-13,WH-A,Carrier-3,West,52.5,164.18,Standard
10867,2026-01-22,2026-01-27,2026-01-29,WH-C,Carrier-1,West,37.0,137.7,Express
10868,2025-07-08,2025-07-14,2025-07-19,WH-A,Carrier-3,North,63.5,96.93,Express
10869,2025-01-10,2025-01-15,2025-01-17,WH-A,Carrier-2,North,17.3,126.25,Express
10870,2025-10-13,2025-10-16,2025-10-21,WH-D,Carrier-3,East,70.8,66.73,Critical
10871,2026-02-05,2026-02-11,2026-02-18,WH-B,Carrier-1,East,56.0,158.96,Critical
10872,2025-07-28,2025-08-05,2025-08-11,WH-A,Carrier-1,West,31.6,212.12,Express
10873,2025-10-22,2025-10-24,2025-10-28,WH-C,Carrier-3,East,45.8,93.3,Critical
10874,2025-06-25,2025-06-29,2025-07-01,WH-C,Carrier-1,West,0.7,33.98,Express
10875,2026-07-14,2026-07-22,2026-07-28,WH-A,Carrier-1,East,62.6,213.04,Standard
10876,2026-01-20,2026-01-22,,WH-C,Carrier-1,South,72.2,105.99,Express
10877,2025-11-19,2025-11-22,2025-11-23,WH-C,Carrier-3,South,56.0,5.02,Critical
10878,2025-07-17,2025-07-21,2025-07-19,WH-C,Carrier-3,South,40.6,169.17,Standard
10879,2024-03-11,2024-03-15,2024-03-18,WH-B,Carrier-2,North,32.4,100.59,Standard
10880,2025-10-10,2025-10-13,2025-10-19,WH-D,Carrier-2,North,8.2,208.58,Critical
10881,2026-06-10,2026-06-16,2026-06-18,WH-B,Carrier-2,North,7.8,12.18,Standard
10882,2024-09-03,2024-09-07,2024-09-08,WH-D,Carrier-1,East,8.6,189.76,Critical
10883,2026-06-28,2026-07-04,2026-07-07,WH-B,Carrier-1,North,53.1,27.41,Standard
10884,2024-01-27,2024-02-03,2024-02-10,WH-A,Carrier-2,South,56.5,179.17,Express
10885,2026-01-16,2026-01-22,2026-01-20,WH-C,Carrier-2,South,18.7,51.12,Standard
10886,2025-04-03,2025-04-08,2025-04-07,WH-A,Carrier-2,East,14.7,154.74,Express
10887,2026-06-06,2026-06-09,2026-06-09,WH-C,Carrier-2,North,15.1,161.96,Standard
10888,2024-03-27,2024-04-02,2024-04-08,WH-A,Carrier-3,West,13.4,64.08,Standard
10889,2024-06-14,2024-06-17,2024-06-24,WH-A,Carrier-1,East,27.4,120.44,Standard
10890,2025-06-22,2025-06-25,2025-06-24,WH-C,Carrier-1,East,39.4,52.54,Express
10891,2024-07-21,2024-07-29,,WH-C,Carrier-2,South,73.6,132.25,Express
10892,2026-04-02,2026-04-08,2026-04-10,WH-C,Carrier-1,North,78.8,28.52,Express
10893,2024-07-12,2024-07-17,2024-07-21,WH-C,Carrier-2,East,74.4,71.68,Express
10894,2026-08-20,2026-08-24,2026-08-31,WH-A,Carrier-2,North,46.6,129.2,Express
10895,2024-03-09,2024-03-13,2024-03-20,WH-B,Carrier-3,South,53.5,227.46,Standard
10896,2026-07-12,2026-07-14,2026-07-19,WH-A,Carrier-2,West,74.1,211.43,Express
10897,2026-05-17,2026-05-24,2026-05-27,WH-D,Carrier-3,North,12.2,76.59,Standard
10898,2024-12-09,2024-12-17,2024-12-19,WH-B,Carrier-1,West,77.7,228.43,Express
10899,2025-03-03,2025-03-08,2025-03-16,WH-B,Carrier-1,North,12.9,148.97,Express
10900,2024-03-11,2024-03-19,2024-03-19,WH-B,Carrier-1,West,1.0,30.86,Express
10901,2024-05-11,2024-05-19,2024-05-20,WH-D,Carrier-2,West,30.3,111.24,Standard
10902,2025-06-19,2025-06-22,2025-06-25,WH-B,Carrier-1,West,60.4,93.85,Critical
10903,2025-09-06,2025-09-10,2025-09-18,WH-B,Carrier-3,East,60.6,215.78,Standard
10904,2025-02-12,2025-02-14,2025-02-13,WH-B,Carrier-1,East,70.5,230.25,Standard
10905,2025-05-17,2025-05-20,2025-05-22,WH-C,Carrier-1,North,52.9,218.62,Standard
10906,2026-07-31,2026-08-05,2026-08-13,WH-D,Carrier-2,East,3.8,83.53,Express
10907,2026-05-09,2026-05-13,,WH-B,Carrier-1,North,75.6,167.92,Standard
10908,2024-02-15,2024-02-18,2024-02-19,WH-C,Carrier-1,South,48.5,171.08,Standard
10909,2024-05-21,2024-05-25,2024-05-23,WH-C,Carrier-3,West,47.1,169.63,Express
10910,2025-05-20,2025-05-26,2025-05-24,WH-B,Carrier-1,North,51.9,141.92,Standard
10911,2024-10-21,2024-10-28,,WH-A,Carrier-2,South,79.9,60.18,Standard
10912,2025-10-02,2025-10-08,2025-10-14,WH-D,Carrier-3,South,61.0,201.72,Standard
10913,2026-04-17,2026-04-25,2026-04-26,WH-C,Carrier-3,North,50.0,96.22,Express
10914,2024-12-04,2024-12-11,2024-12-11,WH-C,Carrier-1,East,8.0,139.34,Express
10915,2025-08-03,2025-08-07,2025-08-12,WH-D,Carrier-1,North,4.4,165.76,Standard
10916,2025-10-10,2025-10-18,2025-10-18,WH-A,Carrier-1,East,46.6,56.07,Standard
10917,2026-07-18,2026-07-20,2026-07-19,WH-B,Carrier-2,South,21.3,21.35,Standard
10918,2025-06-24,2025-07-01,2025-07-07,WH-A,Carrier-3,South,53.5,178.8,Express
10919,2025-10-04,2025-10-11,2025-10-16,WH-D,Carrier-3,West,32.2,158.14,Critical
10920,2026-05-17,2026-05-21,2026-05-20,WH-D,Carrier-3,West,55.3,202.51,Critical
10921,2024-03-12,2024-03-18,2024-03-20,WH-C,Carrier-2,North,58.7,166.59,Critical
10922,2025-07-03,2025-07-07,2025-07-10,WH-B,Carrier-2,West,24.3,102.02,Express
10923,2025-04-27,2025-04-30,2025-04-29,WH-B,Carrier-2,North,27.2,55.13,Express
10924,2024-04-17,2024-04-24,2024-04-22,WH-B,Carrier-2,North,35.9,185.89,Express
10925,2025-05-03,2025-05-05,2025-05-08,WH-D,Carrier-1,North,68.6,167.52,Express
10926,2024-03-22,2024-03-30,2024-03-31,WH-C,Carrier-1,East,15.3,58.17,Express
10927,2026-08-04,2026-08-06,2026-08-06,WH-A,Carrier-2,North,12.6,41.0,Critical
10928,2024-07-18,2024-07-20,2024-07-24,WH-D,Carrier-1,East,29.5,36.65,Critical
10929,2025-04-13,2025-04-21,,WH-B,Carrier-3,South,7.4,208.66,Standard
10930,2024-01-24,2024-02-01,2024-02-09,WH-D,Carrier-1,West,49.6,67.81,Standard
10931,2024-11-22,2024-11-29,2024-11-28,WH-D,Carrier-1,South,58.6,228.77,Critical
10932,2025-04-23,2025-04-26,2025-05-01,WH-D,Carrier-1,North,56.5,84.59,Express
10933,2025-08-29,2025-08-31,2025-08-30,WH-B,Carrier-1,East,2.4,47.34,Critical
10934,2024-03-01,2024-03-07,2024-03-05,WH-C,Carrier-1,South,24.4,142.34,Critical
10935,2025-06-18,2025-06-24,2025-06-30,WH-D,Carrier-3,North,62.7,49.38,Critical
10936,2024-10-20,2024-10-25,2024-10-29,WH-A,Carrier-1,East,62.7,219.23,Standard
10937,2025-05-26,2025-06-01,2025-05-31,WH-A,Carrier-3,East,65.2,155.26,Critical
10938,2025-08-31,2025-09-03,2025-09-03,WH-A,Carrier-1,West,3.1,76.45,Critical
10939,2025-03-09,2025-03-15,2025-03-14,WH-D,Carrier-3,South,79.5,110.6,Standard
10940,2026-02-17,2026-02-24,2026-02-24,WH-A,Carrier-2,North,5.7,159.34,Standard
10941,2024-08-06,2024-08-11,2024-08-09,WH-C,Carrier-2,South,73.4,174.4,Critical
10942,2024-06-23,2024-06-29,,WH-A,Carrier-1,South,2.7,167.89,Critical
10943,2026-07-19,2026-07-27,2026-08-03,WH-D,Carrier-3,West,40.8,19.17,Express
10944,2024-08-22,2024-08-29,2024-09-02,WH-C,Carrier-3,South,28.6,10.1,Standard
10945,2024-10-01,2024-10-07,2024-10-07,WH-D,Carrier-1,West,74.2,88.28,Standard
10946,2025-08-27,2025-09-03,2025-09-01,WH-C,Carrier-2,East,55.0,76.78,Standard
10947,2024-05-02,2024-05-08,,WH-A,Carrier-1,East,64.3,65.68,Express
10948,2026-05-07,2026-05-10,2026-05-12,WH-B,Carrier-3,West,1.7,105.61,Express
10949,2024-01-10,2024-01-16,2024-01-22,WH-B,Carrier-3,East,38.3,65.2,Standard
10950,2025-01-10,2025-01-13,2025-01-13,WH-D,Carrier-2,West,41.0,146.15,Standard
10951,2024-09-20,2024-09-26,2024-09-26,WH-C,Carrier-1,North,39.4,148.96,Standard
10952,2026-02-22,2026-02-24,2026-02-23,WH-B,Carrier-3,East,78.6,17.39,Critical
10953,2024-03-02,2024-03-05,2024-03-04,WH-C,Carrier-3,West,1.8,46.22,Express
10954,2025-12-14,2025-12-18,2025-12-21,WH-D,Carrier-1,South,14.0,106.33,Express
10955,2025-03-01,2025-03-08,2025-03-15,WH-C,Carrier-2,North,52.2,231.35,Critical
10956,2025-07-31,2025-08-08,2025-08-10,WH-B,Carrier-3,West,28.0,36.92,Express
10957,2025-04-23,2025-04-26,2025-04-28,WH-D,Carrier-2,West,59.7,92.73,Express
10958,2024-09-08,2024-09-14,2024-09-21,WH-A,Carrier-2,North,77.0,107.18,Express
10959,2024-02-01,2024-02-04,2024-02-05,WH-B,Carrier-3,West,3.0,142.07,Critical
10960,2024-12-17,2024-12-19,2024-12-18,WH-B,Carrier-1,South,0.6,31.76,Express
10961,2024-05-21,2024-05-28,,WH-A,Carrier-2,West,21.4,182.45,Express
10962,2026-03-25,2026-03-29,2026-04-01,WH-C,Carrier-1,East,50.5,142.96,Express
10963,2026-06-27,2026-06-29,2026-07-07,WH-B,Carrier-2,South,14.1,188.17,Express
10964,2026-06-22,2026-06-28,2026-07-04,WH-A,Carrier-1,North,42.1,156.2,Standard
10965,2026-03-14,2026-03-21,2026-03-25,WH-C,Carrier-1,East,44.8,232.16,Critical
10966,2024-09-05,2024-09-13,2024-09-19,WH-D,Carrier-1,East,63.4,212.66,Express
10967,2024-05-10,2024-05-13,2024-05-19,WH-D,Carrier-2,West,29.1,67.61,Standard
10968,2024-12-31,2025-01-03,2025-01-05,WH-B,Carrier-1,West,50.5,12.45,Standard
10969,2024-08-20,2024-08-25,2024-08-28,WH-B,Carrier-3,South,54.7,162.6,Standard
10970,2025-02-20,2025-02-27,2025-03-06,WH-D,Carrier-1,South,71.4,191.54,Standard
10971,2025-05-19,2025-05-25,2025-06-01,WH-C,Carrier-3,West,10.6,88.99,Standard
10972,2025-05-30,2025-06-04,2025-06-08,WH-A,Carrier-3,South,15.7,95.84,Standard
10973,2024-04-17,2024-04-21,2024-04-19,WH-C,Carrier-2,East,77.0,216.59,Critical
10974,2024-09-17,2024-09-20,2024-09-20,WH-B,Carrier-2,East,2.6,60.43,Express
10975,2025-06-14,2025-06-20,2025-06-22,WH-A,Carrier-2,South,39.0,68.63,Standard
10976,2025-04-20,2025-04-26,2025-04-28,WH-A,Carrier-3,West,39.7,174.39,Standard
10977,2025-01-29,2025-02-03,2025-02-02,WH-A,Carrier-2,East,58.2,6.43,Critical
10978,2026-02-18,2026-02-21,2026-02-22,WH-C,Carrier-3,East,34.6,10.81,Standard
10979,2026-01-28,2026-02-05,2026-02-08,WH-C,Carrier-3,North,30.1,50.81,Critical
10980,2025-09-16,2025-09-23,2025-09-28,WH-B,Carrier-1,North,25.5,36.6,Critical
10981,2026-05-10,2026-05-14,2026-05-18,WH-C,Carrier-3,East,34.1,134.43,Standard
10982,2025-11-11,2025-11-19,2025-11-21,WH-B,Carrier-3,South,37.6,102.11,Standard
10983,2025-06-07,2025-06-14,2025-06-16,WH-C,Carrier-3,North,52.1,150.17,Express
10984,2025-10-14,2025-10-19,2025-10-19,WH-D,Carrier-3,East,64.4,66.15,Standard
10985,2025-08-05,2025-08-09,2025-08-15,WH-D,Carrier-2,North,74.1,24.11,Critical
10986,2025-04-29,2025-05-01,2025-05-09,WH-D,Carrier-2,South,69.3,208.28,Critical
10987,2024-02-01,2024-02-07,2024-02-09,WH-A,Carrier-2,East,33.6,49.56,Standard
10988,2025-02-03,2025-02-09,2025-02-16,WH-D,Carrier-1,West,56.0,184.64,Express
10989,2024-04-14,2024-04-19,2024-04-23,WH-B,Carrier-2,East,33.5,77.9,Express
10990,2026-08-25,2026-08-27,2026-08-28,WH-D,Carrier-1,West,35.0,200.88,Critical
10991,2024-11-09,2024-11-15,2024-11-13,WH-B,Carrier-2,North,1.0,105.82,Standard
10992,2024-07-23,2024-07-26,2024-07-24,WH-B,Carrier-2,East,6.9,21.68,Standard
10993,2024-02-02,2024-02-07,,WH-C,Carrier-2,East,51.8,191.68,Critical
10994,2024-03-07,2024-03-14,2024-03-16,WH-B,Carrier-2,South,15.3,44.33,Standard
10995,2025-12-23,2025-12-31,2026-01-08,WH-A,Carrier-1,East,27.9,61.54,Standard
10996,2025-11-17,2025-11-23,2025-11-23,WH-C,Carrier-2,West,78.6,171.75,Standard
10997,2025-08-20,2025-08-27,2025-08-26,WH-D,Carrier-3,East,60.7,162.64,Critical
10998,2026-02-07,2026-02-11,2026-02-18,WH-D,Carrier-2,South,31.4,96.22,Express
10999,2025-10-22,2025-10-24,2025-10-24,WH-C,Carrier-3,North,47.8,123.09,Standard
11000,2025-03-20,2025-03-22,2025-03-21,WH-C,Carrier-2,East,51.6,146.08,Express
11001,2025-10-12,2025-10-14,2025-10-19,WH-A,Carrier-1,North,79.0,94.27,Express
11002,2026-06-05,2026-06-09,2026-06-07,WH-A,Carrier-1,North,71.0,178.78,Standard
11003,2024-08-25,2024-08-31,2024-08-30,WH-B,Carrier-3,North,24.6,173.16,Critical
11004,2024-01-24,2024-01-31,2024-02-02,WH-C,Carrier-1,North,54.7,5.72,Standard
11005,2024-08-28,2024-08-30,2024-09-04,WH-B,Carrier-3,North,30.6,126.27,Standard
11006,2024-01-24,2024-02-01,2024-02-04,WH-C,Carrier-1,West,61.4,82.61,Express
11007,2025-03-06,2025-03-10,2025-03-12,WH-D,Carrier-2,South,60.2,89.17,Critical
11008,2025-06-23,2025-06-27,2025-06-28,WH-C,Carrier-3,West,47.7,25.61,Express
11009,2024-09-26,2024-09-28,2024-09-27,WH-D,Carrier-3,East,65.3,11.56,Standard
11010,2025-09-05,2025-09-09,2025-09-13,WH-B,Carrier-2,East,66.4,154.84,Critical
11011,2024-06-21,2024-06-25,2024-06-25,WH-B,Carrier-3,North,51.0,193.12,Standard
11012,2025-08-06,2025-08-09,2025-08-10,WH-C,Carrier-2,North,74.3,116.16,Express
11013,2025-03-23,2025-03-25,2025-04-02,WH-C,Carrier-2,West,22.4,94.64,Express
11014,2024-11-02,2024-11-09,2024-11-11,WH-D,Carrier-1,East,51.6,195.65,Standard
11015,2024-12-11,2024-12-13,2024-12-15,WH-D,Carrier-3,East,68.7,182.15,Critical
11016,2025-12-27,2025-12-29,,WH-D,Carrier-1,South,3.1,45.84,Critical
11017,2025-05-08,2025-05-15,2025-05-17,WH-B,Carrier-2,West,4.5,212.67,Critical
11018,2025-09-27,2025-10-05,2025-10-09,WH-A,Carrier-3,West,72.3,91.58,Standard
11019,2024-01-24,2024-01-26,2024-01-25,WH-D,Carrier-3,East,39.4,42.18,Standard
11020,2024-10-24,2024-10-28,2024-10-29,WH-B,Carrier-1,South,12.9,179.8,Express
11021,2026-02-16,2026-02-21,2026-02-24,WH-D,Carrier-1,North,73.5,46.82,Critical
11022,2026-01-09,2026-01-11,2026-01-12,WH-D,Carrier-3,North,73.0,106.4,Standard
11023,2025-11-15,2025-11-19,2025-11-23,WH-B,Carrier-3,North,34.4,23.49,Standard
11024,2024-01-24,2024-01-26,2024-02-02,WH-C,Carrier-1,East,23.8,209.16,Standard
11025,2024-06-23,2024-06-25,2024-06-26,WH-B,Carrier-2,East,7.8,71.01,Express
11026,2024-02-10,2024-02-15,2024-02-16,WH-C,Carrier-3,South,2.7,152.54,Express
11027,2025-11-22,2025-11-28,2025-12-02,WH-B,Carrier-3,East,4.1,153.49,Critical
11028,2026-05-14,2026-05-18,2026-05-25,WH-D,Carrier-2,West,47.0,30.0,Standard
11029,2025-01-03,2025-01-05,2025-01-06,WH-A,Carrier-1,East,58.2,67.99,Critical
11030,2025-02-02,2025-02-04,2025-02-04,WH-C,Carrier-2,North,10.8,193.14,Standard
11031,2024-10-14,2024-10-19,2024-10-22,WH-A,Carrier-1,East,2.8,32.78,Standard
11032,2024-04-16,2024-04-24,2024-04-23,WH-D,Carrier-3,South,75.7,114.8,Standard
11033,2024-12-17,2024-12-20,2024-12-19,WH-B,Carrier-3,East,7.9,145.73,Critical
11034,2024-10-17,2024-10-23,2024-10-25,WH-D,Carrier-2,West,17.2,30.74,Express
11035,2025-09-09,2025-09-17,2025-09-20,WH-A,Carrier-1,North,7.1,78.02,Critical
11036,2026-04-18,2026-04-22,2026-04-22,WH-D,Carrier-1,North,32.9,131.33,Express
11037,2025-04-16,2025-04-19,2025-04-21,WH-A,Carrier-3,North,18.9,239.53,Express
11038,2025-11-09,2025-11-15,2025-11-18,WH-D,Carrier-2,South,20.4,228.46,Express
11039,2026-02-13,2026-02-15,2026-02-13,WH-C,Carrier-3,North,49.8,228.02,Critical
11040,2026-04-01,2026-04-03,2026-04-03,WH-A,Carrier-3,North,46.7,203.57,Critical
11041,2024-02-18,2024-02-26,2024-03-03,WH-A,Carrier-2,South,75.7,124.09,Critical
11042,2024-04-09,2024-04-14,2024-04-18,WH-C,Carrier-1,North,65.1,80.76,Critical
11043,2025-02-01,2025-02-09,2025-02-16,WH-C,Carrier-2,East,5.6,152.6,Standard
11044,2024-01-08,2024-01-16,2024-01-24,WH-D,Carrier-3,East,0.4,74.23,Critical
11045,2024-12-02,2024-12-05,2024-12-12,WH-C,Carrier-1,West,18.9,109.41,Standard
11046,2024-04-08,2024-04-14,2024-04-18,WH-D,Carrier-1,East,13.5,126.24,Standard
11047,2025-04-08,2025-04-13,2025-04-12,WH-A,Carrier-1,North,23.9,76.28,Express
11048,2025-04-15,2025-04-19,2025-04-21,WH-C,Carrier-3,West,42.6,5.18,Standard
11049,2026-02-09,2026-02-16,2026-02-18,WH-A,Carrier-2,East,41.5,181.38,Express
11050,2024-12-31,2025-01-05,2025-01-09,WH-D,Carrier-2,South,44.8,175.87,Standard
11051,2026-04-09,2026-04-15,2026-04-18,WH-D,Carrier-3,South,78.1,69.45,Standard
11052,2026-01-02,2026-01-10,2026-01-08,WH-C,Carrier-1,West,70.0,155.66,Express
11053,2025-02-11,2025-02-19,2025-02-25,WH-B,Carrier-2,East,67.2,146.12,Express
11054,2026-01-09,2026-01-13,2026-01-18,WH-D,Carrier-1,East,32.3,38.84,Standard
11055,2024-07-31,2024-08-03,,WH-A,Carrier-2,South,15.4,226.18,Express
11056,2025-05-10,2025-05-16,2025-05-24,WH-C,Carrier-3,South,67.7,37.24,Standard
11057,2026-07-09,2026-07-16,2026-07-24,WH-C,Carrier-1,South,32.2,148.59,Express
11058,2026-08-23,2026-08-25,2026-09-02,WH-D,Carrier-3,West,21.9,32.48,Standard
11059,2025-08-05,2025-08-12,2025-08-12,WH-C,Carrier-2,North,8.4,30.6,Express
11060,2025-01-10,2025-01-12,2025-01-18,WH-D,Carrier-1,North,58.4,142.69,Express
11061,2025-07-06,2025-07-13,2025-07-18,WH-B,Carrier-1,East,76.1,71.38,Express
11062,2025-12-06,2025-12-10,2025-12-09,WH-C,Carrier-1,West,58.6,23.54,Express
11063,2025-10-11,2025-10-16,2025-10-18,WH-D,Carrier-3,North,54.0,195.77,Critical
11064,2026-07-26,2026-08-01,2026-08-04,WH-B,Carrier-3,West,44.3,132.07,Standard
11065,2025-08-07,2025-08-14,2025-08-22,WH-B,Carrier-2,North,15.4,239.28,Critical
11066,2025-07-08,2025-07-16,2025-07-24,WH-B,Carrier-2,North,26.9,145.97,Standard
11067,2026-03-08,2026-03-16,2026-03-20,WH-B,Carrier-3,North,18.8,20.67,Express
11068,2024-10-29,2024-11-01,2024-11-04,WH-C,Carrier-3,South,65.2,223.81,Express
11069,2025-09-29,2025-10-06,2025-10-07,WH-C,Carrier-3,South,34.3,22.95,Standard
11070,2025-10-22,2025-10-28,2025-10-30,WH-B,Carrier-2,South,59.4,36.67,Express
11071,2026-08-10,2026-08-12,2026-08-13,WH-A,Carrier-2,North,63.5,72.05,Critical
11072,2025-04-23,2025-04-29,2025-05-05,WH-D,Carrier-2,West,42.7,24.89,Critical
11073,2025-09-07,2025-09-15,2025-09-23,WH-A,Carrier-1,South,2.0,116.08,Express
11074,2025-09-24,2025-10-01,2025-10-01,WH-A,Carrier-3,South,66.8,16.19,Standard
11075,2025-07-12,2025-07-15,2025-07-13,WH-A,Carrier-2,East,59.6,95.3,Critical
11076,2025-05-02,2025-05-07,2025-05-12,WH-C,Carrier-2,East,39.1,22.15,Express
11077,2024-04-19,2024-04-23,,WH-A,Carrier-1,North,67.3,196.03,Express
11078,2024-11-01,2024-11-07,2024-11-09,WH-A,Carrier-3,South,75.9,171.15,Standard
11079,2025-04-20,2025-04-22,,WH-A,Carrier-3,South,56.6,202.22,Critical
11080,2026-08-27,2026-08-31,2026-09-08,WH-B,Carrier-3,West,6.3,65.8,Express
11081,2025-08-23,2025-08-29,2025-09-03,WH-D,Carrier-1,South,15.0,154.07,Critical
11082,2025-12-10,2025-12-15,2025-12-22,WH-C,Carrier-2,West,40.7,198.56,Express
11083,2026-02-12,2026-02-20,2026-02-22,WH-B,Carrier-1,South,72.9,202.55,Critical
11084,2026-05-11,2026-05-19,2026-05-22,WH-A,Carrier-1,East,61.1,108.62,Standard
11085,2024-05-09,2024-05-17,2024-05-22,WH-C,Carrier-3,South,44.8,178.89,Standard
11086,2024-03-14,2024-03-18,2024-03-26,WH-B,Carrier-2,East,64.9,193.96,Standard
11087,2024-08-21,2024-08-28,2024-08-29,WH-C,Carrier-3,North,37.1,231.13,Critical
11088,2024-09-24,2024-09-28,2024-09-27,WH-A,Carrier-2,West,59.2,238.49,Critical
11089,2024-11-01,2024-11-08,2024-11-11,WH-B,Carrier-2,South,60.4,120.76,Express
11090,2026-06-20,2026-06-25,2026-06-25,WH-C,Carrier-1,East,31.4,97.47,Express
11091,2024-02-14,2024-02-17,2024-02-16,WH-D,Carrier-2,South,77.6,17.49,Standard
11092,2025-06-25,2025-07-02,2025-07-06,WH-C,Carrier-2,East,27.9,56.8,Critical
11093,2025-07-27,2025-07-30,2025-08-01,WH-C,Carrier-1,North,9.0,56.32,Standard
11094,2024-01-02,2024-01-07,2024-01-06,WH-A,Carrier-3,North,7.3,44.36,Critical
11095,2024-12-25,2024-12-27,2025-01-02,WH-C,Carrier-3,West,71.7,198.77,Standard
11096,2024-03-08,2024-03-16,2024-03-19,WH-C,Carrier-1,West,78.3,15.55,Critical
11097,2025-08-19,2025-08-25,2025-09-02,WH-B,Carrier-3,West,34.5,129.25,Critical
11098,2026-01-31,2026-02-02,2026-02-01,WH-C,Carrier-1,South,22.1,179.01,Standard
11099,2025-12-30,2026-01-06,2026-01-08,WH-D,Carrier-2,East,26.2,143.2,Standard
11100,2025-11-14,2025-11-16,2025-11-15,WH-C,Carrier-3,West,67.5,51.75,Standard
11101,2026-03-23,2026-03-25,2026-03-27,WH-A,Carrier-3,South,73.0,201.57,Standard
11102,2024-12-05,2024-12-08,2024-12-09,WH-A,Carrier-2,West,24.9,217.19,Standard
11103,2026-02-23,2026-02-25,2026-02-25,WH-B,Carrier-1,East,26.8,58.64,Standard
11104,2024-05-28,2024-06-05,2024-06-03,WH-B,Carrier-1,North,31.4,178.49,Express
11105,2026-03-19,2026-03-23,2026-03-22,WH-A,Carrier-3,North,66.7,63.34,Standard
11106,2024-05-10,2024-05-14,2024-05-15,WH-B,Carrier-3,North,71.0,157.12,Standard
11107,2024-09-14,2024-09-18,2024-09-19,WH-C,Carrier-1,West,18.1,66.32,Express
11108,2025-06-15,2025-06-19,2025-06-21,WH-C,Carrier-1,West,67.4,137.63,Standard
11109,2024-08-12,2024-08-18,2024-08-26,WH-D,Carrier-3,West,34.6,58.45,Express
11110,2024-01-11,2024-01-14,,WH-D,Carrier-1,East,66.7,209.13,Express
11111,2025-05-02,2025-05-07,2025-05-15,WH-D,Carrier-3,North,58.6,51.61,Critical
11112,2025-01-16,2025-01-19,2025-01-23,WH-C,Carrier-1,North,62.7,192.44,Express
11113,2025-09-11,2025-09-19,2025-09-18,WH-B,Carrier-1,East,56.1,81.38,Express
11114,2024-07-24,2024-07-31,2024-08-08,WH-A,Carrier-1,West,68.1,207.1,Express
11115,2025-04-06,2025-04-09,2025-04-07,WH-A,Carrier-3,East,64.5,150.58,Express
11116,2024-03-21,2024-03-29,2024-04-02,WH-B,Carrier-1,East,64.2,48.82,Critical
11117,2025-09-15,2025-09-21,2025-09-24,WH-A,Carrier-2,East,65.2,171.66,Express
11118,2024-04-24,2024-04-27,,WH-C,Carrier-3,West,29.9,103.21,Express
11119,2024-09-19,2024-09-23,2024-09-24,WH-C,Carrier-1,North,0.8,239.99,Standard
11120,2025-02-06,2025-02-11,2025-02-14,WH-B,Carrier-3,North,68.1,77.33,Standard
11121,2026-07-25,2026-08-01,2026-08-02,WH-B,Carrier-3,South,72.6,9.08,Standard
11122,2025-07-06,2025-07-11,2025-07-09,WH-B,Carrier-3,North,43.3,165.09,Express
11123,2026-05-14,2026-05-20,2026-05-21,WH-C,Carrier-1,West,69.6,112.84,Critical
11124,2026-05-14,2026-05-19,2026-05-17,WH-A,Carrier-1,East,21.9,87.74,Express
11125,2026-07-17,2026-07-25,2026-08-01,WH-A,Carrier-1,West,12.7,212.22,Standard
11126,2024-09-17,2024-09-19,2024-09-18,WH-B,Carrier-2,North,44.3,238.73,Express
11127,2024-02-08,2024-02-15,2024-02-20,WH-D,Carrier-1,South,1.2,111.17,Critical
11128,2024-02-22,2024-02-26,2024-02-27,WH-C,Carrier-2,South,76.7,115.96,Express
11129,2024-03-13,2024-03-21,2024-03-28,WH-D,Carrier-3,West,51.8,37.96,Standard
11130,2024-10-23,2024-10-28,2024-10-30,WH-D,Carrier-3,East,38.1,170.23,Critical
11131,2025-12-14,2025-12-17,2025-12-19,WH-A,Carrier-2,East,24.5,60.3,Critical
11132,2025-08-17,2025-08-24,2025-08-30,WH-B,Carrier-3,North,5.0,50.82,Standard
11133,2024-10-01,2024-10-08,2024-10-07,WH-B,Carrier-1,North,71.3,114.4,Express
11134,2024-10-15,2024-10-22,2024-10-23,WH-C,Carrier-3,North,2.6,84.01,Critical
11135,2026-06-26,2026-06-30,2026-07-07,WH-A,Carrier-3,West,27.3,126.32,Standard
11136,2026-03-08,2026-03-10,,WH-A,Carrier-2,West,16.0,44.13,Express
11137,2024-10-29,2024-11-04,2024-11-02,WH-C,Carrier-1,West,60.5,161.24,Express
11138,2024-12-03,2024-12-08,,WH-C,Carrier-1,South,79.5,45.55,Critical
11139,2024-03-08,2024-03-14,2024-03-19,WH-C,Carrier-1,South,16.7,91.69,Express
11140,2025-06-02,2025-06-09,,WH-D,Carrier-2,West,77.7,190.21,Standard
11141,2024-12-09,2024-12-15,2024-12-17,WH-A,Carrier-3,East,16.6,176.96,Standard
11142,2024-08-01,2024-08-09,2024-08-08,WH-B,Carrier-3,East,57.0,143.79,Critical
11143,2025-05-09,2025-05-16,2025-05-21,WH-C,Carrier-3,West,43.8,149.12,Critical
11144,2024-06-26,2024-06-30,2024-07-05,WH-B,Carrier-2,South,29.8,228.57,Express
11145,2024-01-18,2024-01-25,2024-01-25,WH-D,Carrier-1,North,11.3,175.71,Critical
11146,2026-02-25,2026-03-02,2026-03-05,WH-B,Carrier-1,East,56.7,7.12,Critical
11147,2025-02-08,2025-02-16,2025-02-24,WH-B,Carrier-3,North,23.2,234.39,Critical
11148,2024-04-03,2024-04-05,2024-04-10,WH-D,Carrier-3,West,77.4,114.36,Critical
11149,2024-09-12,2024-09-18,2024-09-26,WH-C,Carrier-2,East,66.4,162.74,Express
11150,2025-04-29,2025-05-02,,WH-C,Carrier-3,South,32.7,77.49,Standard
11151,2025-07-31,2025-08-03,2025-08-10,WH-C,Carrier-1,West,20.8,181.44,Express
11152,2024-11-24,2024-11-29,2024-11-28,WH-B,Carrier-3,South,5.5,26.9,Standard
11153,2024-11-15,2024-11-18,2024-11-18,WH-B,Carrier-3,West,39.1,32.49,Express
11154,2024-06-29,2024-07-01,2024-07-09,WH-A,Carrier-1,North,44.7,30.5,Express
11155,2025-07-30,2025-08-06,2025-08-11,WH-D,Carrier-1,East,50.7,215.71,Express
11156,2025-08-26,2025-09-02,2025-09-05,WH-C,Carrier-2,South,19.3,76.66,Critical
11157,2025-01-30,2025-02-01,2025-02-07,WH-A,Carrier-1,East,59.0,53.08,Standard
11158,2026-02-28,2026-03-04,2026-03-11,WH-C,Carrier-1,East,1.0,81.19,Express
11159,2025-08-12,2025-08-15,2025-08-19,WH-C,Carrier-3,South,15.9,174.3,Express
11160,2025-09-17,2025-09-21,2025-09-23,WH-C,Carrier-2,East,44.3,102.05,Standard
11161,2026-04-10,2026-04-17,2026-04-15,WH-A,Carrier-2,West,49.0,200.43,Standard
11162,2024-03-14,2024-03-16,2024-03-24,WH-D,Carrier-2,South,20.0,154.58,Critical
11163,2024-10-15,2024-10-23,2024-10-21,WH-A,Carrier-1,South,15.4,125.64,Standard
11164,2026-02-15,2026-02-23,2026-03-01,WH-A,Carrier-3,North,67.3,210.98,Express
11165,2024-05-10,2024-05-12,2024-05-20,WH-A,Carrier-2,East,51.3,236.36,Express
11166,2025-07-11,2025-07-15,2025-07-23,WH-C,Carrier-2,West,77.5,170.92,Critical
11167,2025-01-16,2025-01-24,2025-01-28,WH-D,Carrier-3,East,63.5,190.56,Express
11168,2026-05-24,2026-05-27,2026-06-04,WH-C,Carrier-1,East,21.6,231.8,Express
11169,2024-03-24,2024-03-30,2024-04-03,WH-C,Carrier-2,East,37.4,208.58,Critical
11170,2025-06-20,2025-06-28,2025-07-03,WH-B,Carrier-2,South,5.8,57.06,Standard
11171,2024-12-17,2024-12-20,2024-12-18,WH-B,Carrier-3,East,32.4,31.49,Express
11172,2024-08-25,2024-08-28,2024-09-04,WH-C,Carrier-2,West,48.0,15.63,Standard
11173,2024-09-19,2024-09-21,2024-09-28,WH-A,Carrier-2,East,68.7,142.27,Critical
11174,2024-11-14,2024-11-20,2024-11-28,WH-A,Carrier-1,South,21.9,13.64,Critical
11175,2026-04-30,2026-05-06,2026-05-13,WH-C,Carrier-2,West,75.1,141.58,Critical
11176,2024-08-24,2024-08-29,2024-09-05,WH-C,Carrier-2,West,37.9,185.35,Express
11177,2024-06-20,2024-06-25,2024-07-03,WH-C,Carrier-3,South,30.3,200.56,Standard
11178,2024-03-27,2024-03-30,2024-03-30,WH-C,Carrier-3,South,51.2,178.8,Express
11179,2024-11-01,2024-11-08,2024-11-08,WH-B,Carrier-3,South,37.4,140.99,Critical
11180,2026-02-11,2026-02-18,2026-02-16,WH-C,Carrier-1,East,13.5,92.68,Express
11181,2024-10-24,2024-10-30,2024-10-30,WH-A,Carrier-1,North,48.1,50.15,Express
11182,2024-06-20,2024-06-28,2024-07-04,WH-C,Carrier-3,South,78.1,21.6,Standard
11183,2025-09-09,2025-09-17,2025-09-18,WH-C,Carrier-1,South,48.2,135.37,Critical
11184,2026-02-13,2026-02-18,2026-02-21,WH-B,Carrier-3,West,50.1,47.71,Standard
11185,2024-05-10,2024-05-14,2024-05-14,WH-D,Carrier-3,North,30.6,4.71,Standard
11186,2025-04-26,2025-05-01,2025-04-30,WH-A,Carrier-2,North,32.9,213.48,Express
11187,2024-01-04,2024-01-12,2024-01-15,WH-C,Carrier-3,East,9.2,45.7,Express
11188,2024-10-22,2024-10-27,2024-11-04,WH-A,Carrier-2,North,37.8,198.19,Standard
11189,2026-08-10,2026-08-18,2026-08-26,WH-D,Carrier-3,North,74.9,163.62,Standard
11190,2026-02-01,2026-02-04,2026-02-09,WH-B,Carrier-2,East,12.6,221.87,Critical
11191,2025-11-16,2025-11-22,2025-11-28,WH-B,Carrier-1,East,34.9,108.79,Critical
11192,2026-01-01,2026-01-07,2026-01-09,WH-D,Carrier-3,North,48.5,80.47,Standard
11193,2026-07-03,2026-07-06,2026-07-07,WH-C,Carrier-2,West,36.5,101.56,Express
11194,2026-08-10,2026-08-14,,WH-D,Carrier-3,East,65.2,145.47,Standard
11195,2025-12-29,2026-01-04,2026-01-08,WH-C,Carrier-2,East,62.5,62.33,Critical
11196,2024-07-31,2024-08-02,2024-08-03,WH-C,Carrier-2,South,72.3,119.58,Standard
11197,2025-06-17,2025-06-22,2025-06-22,WH-A,Carrier-2,West,15.6,152.44,Express
11198,2026-06-11,2026-06-15,2026-06-16,WH-B,Carrier-2,South,63.5,18.41,Express
11199,2024-01-14,2024-01-22,2024-01-20,WH-A,Carrier-2,East,14.9,147.37,Express
11200,2025-08-27,2025-09-01,2025-09-09,WH-D,Carrier-3,South,25.2,228.77,Express
11201,2026-07-29,2026-07-31,2026-08-02,WH-A,Carrier-3,East,69.9,13.08,Standard
11202,2024-06-09,2024-06-14,2024-06-14,WH-B,Carrier-2,West,45.2,168.57,Critical
11203,2024-10-06,2024-10-12,2024-10-12,WH-C,Carrier-1,West,40.8,203.16,Critical
11204,2024-11-13,2024-11-16,2024-11-22,WH-D,Carrier-2,West,71.2,208.17,Standard
11205,2025-07-04,2025-07-09,2025-07-08,WH-C,Carrier-1,South,29.3,116.57,Express
11206,2024-09-17,2024-09-22,2024-09-30,WH-C,Carrier-3,East,75.2,221.63,Express
11207,2024-06-04,2024-06-06,2024-06-13,WH-D,Carrier-1,West,32.2,142.07,Critical
11208,2025-09-26,2025-10-02,2025-10-07,WH-D,Carrier-3,South,9.8,53.65,Express
11209,2025-10-22,2025-10-24,2025-10-30,WH-D,Carrier-3,East,33.1,62.31,Critical
11210,2026-06-13,2026-06-19,2026-06-21,WH-C,Carrier-1,North,78.8,64.08,Express
11211,2025-11-04,2025-11-10,,WH-D,Carrier-1,West,12.9,59.07,Express
11212,2024-10-20,2024-10-27,2024-10-28,WH-A,Carrier-3,East,21.3,51.97,Standard
11213,2025-07-19,2025-07-25,2025-08-01,WH-A,Carrier-3,West,24.2,234.42,Critical
11214,2025-10-08,2025-10-12,2025-10-13,WH-D,Carrier-1,South,60.0,151.4,Express
11215,2024-11-22,2024-11-27,2024-12-05,WH-B,Carrier-2,East,37.8,138.39,Express
11216,2025-08-01,2025-08-08,2025-08-09,WH-B,Carrier-3,North,13.8,76.09,Standard
11217,2025-10-24,2025-10-28,2025-11-04,WH-C,Carrier-3,North,18.2,150.36,Standard
11218,2026-03-06,2026-03-11,2026-03-11,WH-D,Carrier-2,West,23.4,167.15,Standard
11219,2026-01-13,2026-01-20,2026-01-26,WH-D,Carrier-1,South,40.4,212.41,Standard
11220,2025-05-17,2025-05-19,2025-05-24,WH-B,Carrier-3,East,57.2,31.21,Standard
11221,2026-07-31,2026-08-06,2026-08-13,WH-A,Carrier-3,West,53.0,113.33,Standard
11222,2024-09-07,2024-09-15,2024-09-16,WH-A,Carrier-3,North,18.0,123.02,Critical
11223,2024-08-16,2024-08-20,2024-08-25,WH-B,Carrier-2,East,66.3,130.44,Express
11224,2026-03-28,2026-04-05,2026-04-04,WH-B,Carrier-1,South,50.2,194.21,Standard
11225,2026-03-15,2026-03-22,2026-03-25,WH-A,Carrier-2,North,60.0,160.4,Standard
11226,2025-07-06,2025-07-12,2025-07-14,WH-D,Carrier-2,West,7.0,41.25,Standard
11227,2024-07-05,2024-07-09,2024-07-13,WH-B,Carrier-2,South,13.0,191.55,Critical
11228,2025-09-28,2025-09-30,2025-10-06,WH-C,Carrier-3,East,28.6,223.55,Standard
11229,2026-03-21,2026-03-25,2026-03-29,WH-C,Carrier-3,North,23.6,147.68,Standard
11230,2024-03-17,2024-03-22,2024-03-23,WH-C,Carrier-1,East,78.2,230.03,Express
11231,2026-03-08,2026-03-15,2026-03-16,WH-C,Carrier-1,North,14.8,140.34,Standard
11232,2024-09-30,2024-10-03,2024-10-09,WH-B,Carrier-2,South,53.3,134.16,Express
11233,2025-05-24,2025-06-01,2025-06-09,WH-A,Carrier-2,North,33.7,231.31,Critical
11234,2024-01-15,2024-01-19,2024-01-20,WH-A,Carrier-2,South,78.7,49.73,Critical
11235,2025-05-31,2025-06-06,2025-06-14,WH-B,Carrier-3,North,76.5,79.84,Standard
11236,2026-02-14,2026-02-16,2026-02-15,WH-D,Carrier-3,East,18.9,77.07,Express
11237,2026-06-15,2026-06-21,2026-06-19,WH-B,Carrier-2,East,72.5,106.29,Express
11238,2025-06-15,2025-06-19,2025-06-20,WH-A,Carrier-2,South,36.5,70.64,Express
11239,2025-08-04,2025-08-11,2025-08-19,WH-C,Carrier-2,North,25.2,190.7,Standard
11240,2025-03-09,2025-03-16,2025-03-22,WH-A,Carrier-2,East,76.5,8.01,Express
11241,2026-05-16,2026-05-20,2026-05-22,WH-C,Carrier-1,South,42.7,12.94,Standard
11242,2025-12-15,2025-12-18,2025-12-22,WH-C,Carrier-3,South,43.8,205.29,Standard
11243,2025-09-14,2025-09-20,2025-09-22,WH-C,Carrier-3,West,11.5,156.38,Critical
11244,2025-10-24,2025-10-26,2025-10-29,WH-C,Carrier-3,East,52.4,122.78,Express
11245,2024-02-17,2024-02-20,2024-02-24,WH-B,Carrier-3,South,31.5,97.41,Critical
11246,2025-07-20,2025-07-26,2025-07-29,WH-A,Carrier-1,South,24.3,235.78,Critical
11247,2025-03-27,2025-03-29,2025-03-27,WH-C,Carrier-3,West,12.8,146.2,Express
11248,2024-05-23,2024-05-26,2024-05-31,WH-C,Carrier-2,West,56.8,183.88,Express
11249,2025-08-14,2025-08-19,2025-08-21,WH-A,Carrier-2,East,11.1,97.79,Standard
11250,2025-01-29,2025-02-06,2025-02-07,WH-B,Carrier-3,South,71.2,97.16,Standard
11251,2024-11-14,2024-11-16,,WH-D,Carrier-2,South,11.6,186.09,Critical
11252,2024-02-15,2024-02-19,2024-02-25,WH-D,Carrier-3,North,66.8,227.98,Standard
11253,2025-02-10,2025-02-12,2025-02-17,WH-D,Carrier-2,West,64.2,156.72,Express
11254,2024-05-24,2024-05-28,2024-05-28,WH-C,Carrier-1,North,19.6,29.26,Standard
11255,2025-04-03,2025-04-07,2025-04-09,WH-A,Carrier-2,North,60.9,131.46,Critical
11256,2025-10-07,2025-10-14,2025-10-20,WH-C,Carrier-2,South,66.4,188.45,Standard
11257,2025-04-08,2025-04-13,,WH-D,Carrier-2,South,37.3,48.13,Express
11258,2025-08-26,2025-08-29,2025-09-06,WH-B,Carrier-3,East,64.5,49.95,Express
11259,2025-10-04,2025-10-09,2025-10-13,WH-A,Carrier-2,North,56.8,170.25,Critical
11260,2024-09-11,2024-09-15,2024-09-20,WH-C,Carrier-3,South,50.0,65.58,Express
11261,2025-11-30,2025-12-04,2025-12-11,WH-D,Carrier-1,West,30.7,113.85,Critical
11262,2024-07-13,2024-07-15,2024-07-20,WH-B,Carrier-2,East,2.4,148.92,Standard
11263,2025-01-10,2025-01-15,2025-01-20,WH-C,Carrier-3,South,46.1,184.49,Standard
11264,2026-05-11,2026-05-16,,WH-B,Carrier-3,South,47.5,139.65,Express
11265,2024-02-02,2024-02-09,2024-02-17,WH-D,Carrier-1,West,72.5,75.89,Express
11266,2026-07-14,2026-07-16,2026-07-15,WH-D,Carrier-2,West,59.2,133.83,Critical
11267,2025-04-12,2025-04-20,2025-04-19,WH-D,Carrier-2,North,7.6,143.27,Standard
11268,2025-04-03,2025-04-06,2025-04-13,WH-A,Carrier-2,West,58.2,119.24,Standard
11269,2024-05-12,2024-05-14,2024-05-14,WH-D,Carrier-2,North,1.8,119.71,Standard
11270,2025-05-08,2025-05-14,2025-05-18,WH-D,Carrier-1,East,65.1,165.41,Express
11271,2025-09-22,2025-09-29,2025-10-02,WH-B,Carrier-2,North,71.9,127.56,Express
11272,2024-12-29,2025-01-06,2025-01-04,WH-D,Carrier-1,East,44.0,222.06,Express
11273,2026-07-23,2026-07-29,2026-07-28,WH-C,Carrier-1,West,40.6,146.17,Express
11274,2025-11-27,2025-12-01,2025-12-06,WH-A,Carrier-1,North,10.6,71.89,Express
11275,2025-06-14,2025-06-19,2025-06-27,WH-A,Carrier-2,West,44.3,92.28,Standard
11276,2026-02-10,2026-02-15,2026-02-13,WH-C,Carrier-1,South,63.2,92.81,Express
11277,2025-08-09,2025-08-13,2025-08-19,WH-A,Carrier-2,West,18.0,100.3,Standard
11278,2026-05-06,2026-05-10,2026-05-10,WH-D,Carrier-1,West,50.1,134.24,Express
11279,2025-01-12,2025-01-15,2025-01-21,WH-B,Carrier-2,West,34.9,223.82,Standard
11280,2026-05-02,2026-05-06,2026-05-07,WH-D,Carrier-3,East,12.4,28.94,Critical
11281,2026-04-20,2026-04-24,2026-04-29,WH-C,Carrier-3,North,1.2,145.12,Critical
11282,2024-11-28,2024-12-06,2024-12-04,WH-A,Carrier-3,East,61.7,107.8,Critical
11283,2026-07-09,2026-07-15,2026-07-20,WH-C,Carrier-1,North,36.6,218.53,Standard
11284,2024-01-22,2024-01-27,2024-01-25,WH-C,Carrier-1,South,60.0,81.48,Critical
11285,2025-05-12,2025-05-19,2025-05-23,WH-B,Carrier-3,West,75.2,165.3,Critical
11286,2025-07-31,2025-08-08,2025-08-12,WH-C,Carrier-1,West,13.7,225.5,Critical
11287,2024-10-29,2024-11-04,2024-11-10,WH-B,Carrier-3,East,17.2,15.61,Express
11288,2026-01-14,2026-01-16,2026-01-24,WH-C,Carrier-2,North,74.8,19.26,Standard
11289,2024-05-13,2024-05-17,2024-05-21,WH-C,Carrier-2,South,51.3,127.38,Standard
11290,2026-01-12,2026-01-17,2026-01-18,WH-C,Carrier-3,North,16.5,194.75,Standard
11291,2024-11-30,2024-12-04,2024-12-11,WH-B,Carrier-3,East,52.5,185.98,Critical
11292,2024-07-17,2024-07-22,2024-07-27,WH-B,Carrier-1,West,29.7,24.97,Express
11293,2024-09-26,2024-09-29,2024-09-28,WH-B,Carrier-1,South,17.6,58.05,Express
11294,2026-08-06,2026-08-13,2026-08-12,WH-B,Carrier-3,East,74.3,140.27,Standard
11295,2026-06-08,2026-06-15,,WH-A,Carrier-2,North,41.2,121.55,Standard
11296,2024-10-16,2024-10-20,2024-10-21,WH-D,Carrier-1,East,28.3,63.85,Critical
11297,2026-03-14,2026-03-22,,WH-D,Carrier-3,South,55.7,187.22,Express
11298,2025-03-17,2025-03-25,2025-03-23,WH-C,Carrier-3,West,16.3,89.42,Standard
11299,2025-03-21,2025-03-23,2025-03-22,WH-B,Carrier-1,North,33.3,238.92,Express
11300,2024-12-09,2024-12-12,2024-12-15,WH-C,Carrier-1,South,73.7,117.0,Express
11301,2026-08-27,2026-08-31,2026-09-02,WH-A,Carrier-3,East,13.0,77.28,Standard
11302,2024-08-03,2024-08-05,2024-08-03,WH-D,Carrier-3,East,13.6,205.08,Standard
11303,2024-07-05,2024-07-09,2024-07-08,WH-C,Carrier-3,North,66.0,203.06,Critical
11304,2025-04-29,2025-05-01,2025-05-03,WH-A,Carrier-2,North,29.6,89.49,Standard
11305,2026-04-23,2026-05-01,2026-05-01,WH-D,Carrier-1,East,16.7,7.98,Express
11306,2025-06-25,2025-07-02,2025-07-02,WH-D,Carrier-1,North,11.6,17.63,Standard
11307,2026-04-13,2026-04-18,2026-04-23,WH-C,Carrier-3,East,59.9,60.56,Express
11308,2026-07-11,2026-07-15,2026-07-14,WH-A,Carrier-2,West,26.9,188.01,Express
11309,2025-10-18,2025-10-26,2025-10-29,WH-C,Carrier-2,East,61.5,202.7,Express
11310,2024-01-24,2024-01-29,2024-02-03,WH-D,Carrier-1,West,28.9,196.08,Express
11311,2025-10-10,2025-10-12,2025-10-14,WH-D,Carrier-1,North,13.3,4.3,Express
11312,2024-05-14,2024-05-20,2024-05-21,WH-C,Carrier-1,West,54.2,234.45,Standard
11313,2025-07-22,2025-07-24,2025-07-22,WH-D,Carrier-3,West,59.6,162.06,Standard
11314,2025-09-26,2025-10-02,2025-10-04,WH-D,Carrier-1,North,61.5,148.73,Standard
11315,2024-03-21,2024-03-29,2024-04-05,WH-A,Carrier-2,South,3.6,211.56,Critical
11316,2025-01-11,2025-01-15,2025-01-16,WH-A,Carrier-3,North,18.5,75.11,Critical
11317,2025-02-20,2025-02-28,2025-03-08,WH-A,Carrier-2,West,36.6,219.81,Express
11318,2024-12-18,2024-12-23,,WH-C,Carrier-2,South,48.8,31.22,Critical
11319,2024-04-26,2024-04-30,,WH-B,Carrier-1,East,15.7,145.63,Express
11320,2024-11-01,2024-11-04,2024-11-05,WH-C,Carrier-3,South,43.2,164.93,Standard
11321,2025-01-03,2025-01-11,2025-01-14,WH-A,Carrier-2,North,62.4,68.16,Express
11322,2026-02-13,2026-02-17,2026-02-17,WH-D,Carrier-2,South,25.2,18.29,Critical
11323,2024-07-28,2024-07-30,2024-08-03,WH-A,Carrier-3,East,26.1,89.37,Standard
11324,2025-03-03,2025-03-06,2025-03-07,WH-B,Carrier-2,North,17.0,210.88,Express
11325,2026-04-26,2026-05-03,2026-05-10,WH-B,Carrier-2,East,51.1,23.54,Standard
11326,2026-01-14,2026-01-17,,WH-B,Carrier-2,North,48.0,122.67,Critical
11327,2025-09-05,2025-09-12,2025-09-18,WH-B,Carrier-2,South,53.6,102.14,Critical
11328,2025-09-11,2025-09-17,2025-09-19,WH-D,Carrier-2,North,35.9,64.53,Critical
11329,2024-02-02,2024-02-07,2024-02-07,WH-A,Carrier-2,South,59.9,142.92,Express
11330,2026-01-19,2026-01-26,2026-01-24,WH-D,Carrier-3,West,4.0,133.06,Standard
11331,2025-07-16,2025-07-21,2025-07-27,WH-B,Carrier-2,South,29.5,206.76,Express
11332,2026-02-23,2026-03-03,2026-03-06,WH-B,Carrier-2,South,17.0,65.04,Critical
11333,2024-11-12,2024-11-14,2024-11-22,WH-C,Carrier-2,South,23.4,197.58,Standard
11334,2025-03-30,2025-04-05,2025-04-04,WH-D,Carrier-2,West,70.6,71.53,Standard
11335,2024-05-15,2024-05-19,2024-05-23,WH-A,Carrier-2,East,38.6,137.18,Express
11336,2025-03-09,2025-03-14,2025-03-18,WH-B,Carrier-3,North,69.5,103.74,Express
11337,2025-04-10,2025-04-17,2025-04-15,WH-D,Carrier-1,South,61.3,177.49,Express
11338,2024-04-15,2024-04-23,2024-04-22,WH-C,Carrier-2,West,0.9,239.77,Critical
11339,2026-05-20,2026-05-27,2026-05-29,WH-D,Carrier-2,East,66.5,56.76,Standard
11340,2025-11-05,2025-11-10,2025-11-13,WH-C,Carrier-3,North,54.3,124.7,Standard
11341,2024-01-21,2024-01-26,2024-01-24,WH-C,Carrier-3,North,41.4,68.98,Critical
11342,2025-06-04,2025-06-12,2025-06-11,WH-A,Carrier-2,East,48.5,21.57,Standard
11343,2024-06-20,2024-06-24,,WH-B,Carrier-1,East,1.2,188.37,Critical
11344,2025-07-21,2025-07-24,2025-07-30,WH-C,Carrier-1,West,4.1,128.59,Express
11345,2024-01-10,2024-01-13,2024-01-18,WH-C,Carrier-2,North,51.7,149.67,Critical
11346,2025-05-14,2025-05-19,2025-05-21,WH-C,Carrier-1,East,68.9,193.26,Express
11347,2024-08-10,2024-08-18,2024-08-23,WH-C,Carrier-2,East,55.4,152.55,Critical
11348,2025-08-21,2025-08-25,2025-09-01,WH-C,Carrier-2,East,62.9,126.7,Express
11349,2026-01-05,2026-01-11,2026-01-19,WH-A,Carrier-3,South,12.8,225.77,Critical
11350,2025-08-26,2025-08-29,2025-09-05,WH-B,Carrier-1,East,71.7,63.75,Critical
11351,2025-12-25,2025-12-28,2026-01-01,WH-C,Carrier-3,West,42.0,212.4,Standard
11352,2026-06-20,2026-06-22,2026-06-24,WH-D,Carrier-3,East,78.7,162.84,Express
11353,2025-09-23,2025-09-26,2025-09-30,WH-D,Carrier-2,West,35.9,124.02,Critical
11354,2026-07-18,2026-07-24,2026-07-25,WH-C,Carrier-3,North,75.0,53.69,Standard
11355,2025-10-11,2025-10-15,2025-10-18,WH-D,Carrier-3,West,45.6,49.05,Critical
11356,2026-06-01,2026-06-09,2026-06-14,WH-D,Carrier-3,South,53.6,119.4,Express
11357,2024-04-26,2024-04-29,2024-05-02,WH-B,Carrier-3,South,58.0,149.11,Standard
11358,2025-08-13,2025-08-17,2025-08-22,WH-B,Carrier-3,North,64.2,67.62,Critical
11359,2026-04-24,2026-04-30,2026-05-02,WH-A,Carrier-3,West,77.2,76.91,Express
11360,2025-10-22,2025-10-29,,WH-A,Carrier-1,East,11.5,28.63,Express
11361,2025-02-05,2025-02-10,2025-02-11,WH-C,Carrier-2,North,36.9,147.85,Standard
11362,2026-04-23,2026-04-30,2026-05-05,WH-B,Carrier-2,East,22.7,170.05,Express
11363,2026-03-19,2026-03-25,2026-03-24,WH-A,Carrier-2,East,46.5,205.51,Standard
11364,2025-11-28,2025-12-03,,WH-B,Carrier-2,North,26.8,226.6,Express
11365,2026-03-29,2026-04-06,2026-04-13,WH-A,Carrier-2,South,71.4,103.41,Standard
11366,2024-03-07,2024-03-14,2024-03-22,WH-D,Carrier-1,East,78.1,150.71,Express
11367,2026-07-09,2026-07-13,2026-07-19,WH-A,Carrier-1,South,29.8,77.06,Express
11368,2025-05-28,2025-06-04,2025-06-06,WH-B,Carrier-2,East,0.6,161.02,Standard
11369,2024-08-20,2024-08-28,2024-08-30,WH-B,Carrier-1,West,14.4,25.49,Critical
11370,2026-07-28,2026-08-03,2026-08-05,WH-D,Carrier-1,North,29.7,91.14,Standard
11371,2025-03-30,2025-04-06,,WH-B,Carrier-3,South,28.1,155.19,Standard
11372,2024-02-29,2024-03-07,2024-03-08,WH-B,Carrier-1,North,2.1,231.11,Express
11373,2025-06-27,2025-07-03,,WH-A,Carrier-2,North,29.3,162.36,Express
11374,2024-11-16,2024-11-18,2024-11-20,WH-A,Carrier-1,West,64.9,119.8,Express
11375,2024-05-07,2024-05-12,2024-05-14,WH-B,Carrier-2,West,45.1,83.81,Critical
11376,2024-08-30,2024-09-06,2024-09-09,WH-D,Carrier-3,North,6.5,80.36,Express
11377,2026-02-18,2026-02-23,2026-02-23,WH-A,Carrier-3,West,39.8,147.97,Critical
11378,2024-10-07,2024-10-09,2024-10-14,WH-D,Carrier-3,West,45.2,215.52,Express
11379,2024-11-04,2024-11-07,2024-11-07,WH-C,Carrier-1,North,28.1,153.34,Critical
11380,2024-08-26,2024-08-31,2024-09-01,WH-C,Carrier-3,West,14.7,189.62,Express
11381,2025-10-30,2025-11-04,2025-11-10,WH-A,Carrier-2,West,5.7,77.63,Critical
11382,2025-08-18,2025-08-20,2025-08-22,WH-D,Carrier-1,North,40.7,16.79,Express
11383,2024-11-27,2024-11-29,2024-11-30,WH-D,Carrier-1,West,48.8,219.72,Critical
11384,2026-05-24,2026-06-01,2026-06-03,WH-B,Carrier-1,South,15.2,97.08,Standard
11385,2025-02-08,2025-02-12,2025-02-19,WH-A,Carrier-3,West,52.4,59.57,Standard
11386,2024-06-02,2024-06-06,2024-06-07,WH-D,Carrier-2,South,44.5,220.9,Express
11387,2025-07-13,2025-07-19,2025-07-21,WH-A,Carrier-3,East,51.7,85.34,Standard
11388,2026-08-07,2026-08-10,2026-08-13,WH-D,Carrier-3,West,65.7,219.41,Standard
11389,2025-06-13,2025-06-17,2025-06-16,WH-B,Carrier-2,West,31.0,151.77,Critical
11390,2024-02-01,2024-02-07,2024-02-13,WH-A,Carrier-1,South,46.4,170.93,Critical
11391,2025-01-18,2025-01-22,2025-01-22,WH-C,Carrier-3,East,25.4,80.44,Express
11392,2026-08-07,2026-08-13,2026-08-20,WH-C,Carrier-1,West,71.9,199.74,Critical
11393,2024-03-09,2024-03-15,,WH-C,Carrier-2,North,25.7,207.17,Critical
11394,2024-10-28,2024-11-03,2024-11-10,WH-C,Carrier-2,South,72.5,234.38,Standard
11395,2025-11-05,2025-11-11,2025-11-19,WH-A,Carrier-1,North,43.8,102.08,Express
11396,2024-03-29,2024-04-03,2024-04-07,WH-B,Carrier-2,West,74.9,60.7,Standard
11397,2024-07-14,2024-07-19,2024-07-23,WH-D,Carrier-1,West,51.5,64.4,Critical
11398,2025-06-11,2025-06-16,2025-06-24,WH-B,Carrier-3,South,51.1,74.11,Critical
11399,2026-04-09,2026-04-16,2026-04-24,WH-A,Carrier-1,East,79.0,76.97,Express
11400,2025-03-05,2025-03-08,2025-03-10,WH-B,Carrier-1,North,60.3,88.19,Critical
11401,2026-03-27,2026-03-30,2026-04-05,WH-C,Carrier-2,South,25.5,72.6,Standard
11402,2026-08-13,2026-08-20,2026-08-23,WH-B,Carrier-1,West,40.3,137.71,Standard
11403,2025-09-25,2025-09-27,,WH-D,Carrier-2,South,15.0,119.09,Standard
11404,2025-03-12,2025-03-19,2025-03-19,WH-A,Carrier-1,East,34.3,214.1,Standard
11405,2026-03-28,2026-04-03,2026-04-10,WH-B,Carrier-3,South,46.0,117.27,Standard
11406,2025-06-16,2025-06-22,2025-06-28,WH-A,Carrier-1,West,72.4,60.73,Express
11407,2026-02-02,2026-02-07,2026-02-08,WH-D,Carrier-1,West,6.9,236.83,Standard
11408,2025-07-28,2025-08-04,2025-08-04,WH-B,Carrier-2,West,34.5,98.42,Critical
11409,2024-09-17,2024-09-22,,WH-D,Carrier-3,East,67.1,145.57,Express
11410,2026-05-22,2026-05-29,2026-05-31,WH-B,Carrier-2,North,40.9,47.61,Critical
11411,2025-05-09,2025-05-17,2025-05-24,WH-B,Carrier-1,North,63.3,107.04,Standard
11412,2026-04-02,2026-04-05,2026-04-09,WH-C,Carrier-1,East,50.6,176.28,Standard
11413,2025-10-24,2025-10-30,2025-10-31,WH-D,Carrier-2,East,2.7,162.72,Express
11414,2025-12-15,2025-12-18,2025-12-16,WH-D,Carrier-1,East,74.6,176.25,Critical
11415,2026-07-07,2026-07-13,2026-07-16,WH-B,Carrier-2,South,34.4,147.27,Critical
11416,2026-05-02,2026-05-09,2026-05-13,WH-D,Carrier-2,East,66.2,109.07,Critical
11417,2025-09-15,2025-09-22,2025-09-30,WH-A,Carrier-2,South,29.0,158.76,Critical
11418,2025-11-20,2025-11-28,2025-12-01,WH-A,Carrier-1,West,31.0,127.51,Standard
11419,2024-02-21,2024-02-27,2024-03-05,WH-A,Carrier-1,South,27.1,87.14,Critical
11420,2026-08-27,2026-09-03,2026-09-05,WH-A,Carrier-1,South,20.1,179.28,Express
11421,2026-03-13,2026-03-20,2026-03-22,WH-A,Carrier-2,South,22.8,8.66,Express
11422,2024-04-17,2024-04-25,2024-04-26,WH-C,Carrier-2,North,17.2,111.0,Express
11423,2025-08-03,2025-08-08,2025-08-10,WH-B,Carrier-1,East,68.5,30.91,Express
11424,2026-04-18,2026-04-23,2026-04-29,WH-B,Carrier-1,East,4.1,162.22,Express
11425,2025-05-16,2025-05-24,2025-05-25,WH-D,Carrier-1,North,54.4,81.99,Standard
11426,2026-07-04,2026-07-08,2026-07-14,WH-D,Carrier-2,East,67.9,82.34,Critical
11427,2026-07-15,2026-07-23,2026-07-27,WH-B,Carrier-1,North,7.1,185.87,Express
11428,2026-07-14,2026-07-18,2026-07-18,WH-B,Carrier-2,East,72.5,93.29,Standard
11429,2025-04-22,2025-04-24,2025-04-25,WH-B,Carrier-2,South,2.7,143.39,Critical
11430,2024-09-19,2024-09-21,2024-09-24,WH-C,Carrier-3,North,60.9,6.43,Express
11431,2025-06-26,2025-07-02,2025-06-30,WH-A,Carrier-1,North,34.9,96.27,Critical
11432,2024-08-09,2024-08-12,2024-08-10,WH-C,Carrier-1,North,9.3,47.09,Critical
11433,2024-01-23,2024-01-31,,WH-C,Carrier-2,West,57.6,67.75,Express
11434,2024-05-26,2024-05-29,2024-05-31,WH-B,Carrier-3,East,40.2,35.38,Standard
11435,2025-08-26,2025-08-29,,WH-D,Carrier-1,North,34.1,211.81,Critical
11436,2024-05-19,2024-05-22,2024-05-25,WH-C,Carrier-2,West,16.4,84.08,Critical
11437,2024-11-20,2024-11-27,2024-11-27,WH-A,Carrier-2,East,69.6,52.39,Standard
11438,2025-10-28,2025-11-05,2025-11-07,WH-A,Carrier-3,West,32.2,158.29,Standard
11439,2025-03-09,2025-03-15,2025-03-21,WH-B,Carrier-2,West,70.7,175.02,Express
11440,2025-04-10,2025-04-13,2025-04-16,WH-D,Carrier-1,South,71.4,34.29,Standard
11441,2025-09-08,2025-09-15,,WH-C,Carrier-3,East,34.1,25.4,Standard
11442,2026-05-28,2026-06-02,2026-05-31,WH-C,Carrier-1,East,12.1,142.64,Standard
11443,2025-07-05,2025-07-12,2025-07-15,WH-D,Carrier-3,East,43.1,157.85,Express
11444,2024-04-28,2024-05-02,2024-05-09,WH-C,Carrier-3,East,4.3,42.41,Standard
11445,2024-10-06,2024-10-13,2024-10-14,WH-C,Carrier-3,East,13.0,13.7,Standard
11446,2025-03-03,2025-03-11,2025-03-13,WH-B,Carrier-1,South,52.4,194.29,Express
11447,2026-07-31,2026-08-04,2026-08-12,WH-A,Carrier-2,North,38.4,206.77,Standard
11448,2024-01-09,2024-01-15,2024-01-14,WH-C,Carrier-2,West,42.1,239.17,Standard
11449,2025-09-08,2025-09-13,2025-09-20,WH-D,Carrier-3,South,43.8,84.28,Critical
11450,2026-07-24,2026-07-29,2026-08-05,WH-C,Carrier-2,North,39.9,31.02,Express
11451,2026-04-08,2026-04-11,2026-04-13,WH-A,Carrier-1,West,75.7,116.41,Standard
11452,2024-08-19,2024-08-24,2024-08-22,WH-B,Carrier-3,East,47.2,6.57,Critical
11453,2026-02-26,2026-02-28,2026-03-04,WH-B,Carrier-1,South,70.8,65.15,Express
11454,2024-04-02,2024-04-08,2024-04-07,WH-B,Carrier-1,East,52.6,237.72,Standard
11455,2024-11-30,2024-12-05,2024-12-13,WH-C,Carrier-3,North,65.1,233.2,Express
11456,2025-05-30,2025-06-03,2025-06-01,WH-C,Carrier-3,West,13.6,229.15,Critical
11457,2024-04-05,2024-04-13,2024-04-17,WH-C,Carrier-1,East,29.3,170.53,Critical
11458,2024-11-07,2024-11-15,2024-11-17,WH-B,Carrier-3,North,51.8,120.19,Express
11459,2026-07-28,2026-07-31,2026-08-03,WH-A,Carrier-1,South,67.0,232.38,Critical
11460,2025-08-26,2025-08-28,2025-09-04,WH-C,Carrier-3,North,72.9,79.15,Express
11461,2025-06-16,2025-06-22,2025-06-29,WH-B,Carrier-2,North,10.8,165.06,Standard
11462,2025-07-27,2025-07-29,2025-07-29,WH-A,Carrier-3,South,77.2,186.88,Standard
11463,2026-08-13,2026-08-15,2026-08-15,WH-C,Carrier-3,East,66.2,78.98,Critical
11464,2025-12-16,2025-12-19,2025-12-21,WH-A,Carrier-2,West,67.9,42.06,Express
11465,2025-12-02,2025-12-08,2025-12-09,WH-D,Carrier-1,East,22.1,152.66,Express
11466,2024-04-16,2024-04-21,2024-04-26,WH-A,Carrier-1,East,37.8,42.98,Standard
11467,2025-05-20,2025-05-24,2025-06-01,WH-C,Carrier-3,West,48.5,171.48,Standard
11468,2025-09-08,2025-09-12,2025-09-19,WH-C,Carrier-3,South,13.0,31.54,Express
11469,2024-08-09,2024-08-15,2024-08-18,WH-D,Carrier-1,North,33.4,238.32,Critical
11470,2025-10-29,2025-10-31,2025-11-02,WH-D,Carrier-3,West,73.1,4.38,Express
11471,2025-05-30,2025-06-05,2025-06-10,WH-B,Carrier-3,South,56.6,103.95,Express
11472,2025-09-11,2025-09-15,2025-09-19,WH-B,Carrier-3,North,55.0,77.53,Critical
11473,2024-01-07,2024-01-11,2024-01-16,WH-A,Carrier-2,South,11.1,64.69,Express
11474,2024-02-21,2024-02-27,2024-03-01,WH-A,Carrier-3,North,10.5,217.83,Express
11475,2024-04-21,2024-04-27,2024-04-25,WH-D,Carrier-2,East,37.5,21.71,Express
11476,2025-04-11,2025-04-17,2025-04-20,WH-A,Carrier-2,East,14.2,209.47,Express
11477,2026-05-20,2026-05-27,2026-06-02,WH-A,Carrier-1,North,33.1,194.21,Express
11478,2024-02-03,2024-02-08,2024-02-13,WH-D,Carrier-1,West,11.3,25.18,Critical
11479,2025-05-12,2025-05-16,,WH-A,Carrier-3,South,20.3,6.16,Standard
11480,2024-11-22,2024-11-24,2024-11-26,WH-B,Carrier-2,North,44.9,167.22,Critical
11481,2024-03-10,2024-03-14,2024-03-14,WH-D,Carrier-3,South,41.5,99.37,Express
11482,2024-09-12,2024-09-17,2024-09-23,WH-B,Carrier-2,North,74.2,21.44,Express
11483,2026-04-04,2026-04-11,2026-04-17,WH-B,Carrier-1,East,54.3,148.46,Express
11484,2024-02-22,2024-02-26,2024-03-03,WH-D,Carrier-3,South,46.9,231.58,Critical
11485,2024-04-04,2024-04-11,,WH-C,Carrier-2,South,53.8,110.05,Express
11486,2025-05-08,2025-05-16,2025-05-20,WH-B,Carrier-3,West,63.0,149.98,Standard
11487,2026-05-13,2026-05-17,2026-05-22,WH-C,Carrier-1,West,4.5,155.38,Critical
11488,2024-05-02,2024-05-05,2024-05-09,WH-B,Carrier-1,West,45.6,175.99,Standard
11489,2024-05-17,2024-05-21,2024-05-22,WH-D,Carrier-2,East,55.5,98.2,Express
11490,2026-01-12,2026-01-19,2026-01-20,WH-A,Carrier-2,West,77.0,19.46,Standard
11491,2026-02-19,2026-02-22,2026-02-24,WH-B,Carrier-3,East,47.6,85.05,Express
11492,2024-08-23,2024-08-26,2024-08-30,WH-A,Carrier-1,South,61.4,145.74,Standard
11493,2024-03-31,2024-04-07,2024-04-13,WH-A,Carrier-1,West,53.4,194.89,Standard
11494,2024-11-27,2024-12-03,2024-12-04,WH-B,Carrier-1,North,43.8,107.78,Critical
11495,2025-07-02,2025-07-06,2025-07-07,WH-A,Carrier-1,North,69.6,156.68,Standard
11496,2025-03-31,2025-04-03,2025-04-05,WH-C,Carrier-2,East,50.1,182.99,Critical
11497,2024-05-13,2024-05-17,2024-05-23,WH-C,Carrier-2,South,15.8,208.46,Critical
11498,2024-05-01,2024-05-08,2024-05-08,WH-D,Carrier-3,South,38.1,48.61,Critical
11499,2025-08-28,2025-09-01,2025-09-09,WH-D,Carrier-1,North,26.2,159.17,Express
11500,2026-01-27,2026-01-30,2026-02-07,WH-B,Carrier-2,North,32.5,172.13,Standard
11501,2025-04-06,2025-04-10,2025-04-09,WH-A,Carrier-2,West,36.6,233.63,Standard
11502,2024-11-07,2024-11-14,2024-11-18,WH-B,Carrier-1,North,35.9,98.78,Critical
11503,2024-09-12,2024-09-18,2024-09-23,WH-A,Carrier-3,North,39.0,218.05,Express
11504,2026-05-28,2026-05-30,2026-06-07,WH-C,Carrier-2,East,70.1,228.34,Standard
11505,2024-07-20,2024-07-25,2024-07-27,WH-D,Carrier-2,East,23.8,29.88,Standard
11506,2024-07-09,2024-07-13,2024-07-20,WH-D,Carrier-1,East,16.4,192.04,Express
11507,2026-06-11,2026-06-15,2026-06-21,WH-C,Carrier-1,North,77.2,47.1,Standard
11508,2025-12-31,2026-01-03,2026-01-09,WH-D,Carrier-3,South,71.7,90.39,Critical
11509,2026-01-29,2026-01-31,2026-02-02,WH-C,Carrier-2,West,50.9,228.75,Standard
11510,2024-08-12,2024-08-20,2024-08-23,WH-D,Carrier-2,North,43.2,146.36,Express
11511,2025-07-20,2025-07-22,2025-07-20,WH-D,Carrier-3,North,26.5,197.01,Standard
11512,2025-05-14,2025-05-20,2025-05-23,WH-D,Carrier-2,South,26.8,74.21,Express
11513,2024-05-15,2024-05-22,,WH-D,Carrier-1,North,68.3,96.88,Express
11514,2024-12-25,2024-12-30,2025-01-03,WH-B,Carrier-1,East,38.7,181.49,Express
11515,2025-04-10,2025-04-12,2025-04-20,WH-B,Carrier-1,North,1.3,155.24,Critical
11516,2025-02-14,2025-02-17,2025-02-19,WH-C,Carrier-2,West,8.9,18.79,Standard
11517,2024-09-12,2024-09-18,2024-09-16,WH-B,Carrier-3,South,58.7,144.3,Standard
11518,2025-08-11,2025-08-14,2025-08-22,WH-D,Carrier-1,North,60.6,68.58,Critical
11519,2026-01-03,2026-01-08,2026-01-12,WH-C,Carrier-3,South,14.2,85.27,Standard
11520,2026-02-24,2026-02-26,2026-02-25,WH-C,Carrier-2,East,68.3,141.01,Critical
11521,2026-06-17,2026-06-22,2026-06-23,WH-B,Carrier-1,West,34.1,42.74,Standard
11522,2025-04-06,2025-04-11,2025-04-15,WH-A,Carrier-3,East,0.8,173.55,Critical
11523,2026-02-18,2026-02-23,2026-02-24,WH-C,Carrier-1,North,57.0,156.67,Express
11524,2024-04-16,2024-04-18,2024-04-17,WH-D,Carrier-2,West,9.8,23.0,Critical
11525,2025-08-26,2025-08-30,2025-09-01,WH-B,Carrier-3,North,45.7,9.23,Express
11526,2026-03-15,2026-03-18,2026-03-19,WH-C,Carrier-1,East,76.2,111.59,Express
11527,2024-03-01,2024-03-05,2024-03-09,WH-D,Carrier-2,East,53.1,197.92,Standard
11528,2024-09-25,2024-10-03,2024-10-08,WH-B,Carrier-3,East,1.6,71.42,Express
11529,2025-07-08,2025-07-13,2025-07-13,WH-A,Carrier-3,East,43.8,59.15,Critical
11530,2025-11-06,2025-11-14,2025-11-12,WH-C,Carrier-2,West,50.3,229.43,Express
11531,2024-04-03,2024-04-06,2024-04-11,WH-B,Carrier-1,North,70.4,54.9,Standard
11532,2024-03-31,2024-04-02,2024-04-06,WH-C,Carrier-3,South,15.8,120.64,Express
11533,2024-04-24,2024-04-26,2024-05-01,WH-B,Carrier-1,East,12.9,163.78,Express
11534,2026-08-11,2026-08-14,,WH-B,Carrier-1,South,62.0,112.74,Critical
11535,2025-11-15,2025-11-22,2025-11-28,WH-D,Carrier-1,North,1.5,189.72,Express
11536,2025-01-17,2025-01-20,2025-01-21,WH-D,Carrier-1,North,78.8,159.2,Express
11537,2026-01-09,2026-01-16,2026-01-19,WH-A,Carrier-2,North,35.7,89.98,Standard
11538,2026-01-15,2026-01-21,2026-01-25,WH-B,Carrier-2,North,59.6,27.44,Standard
11539,2025-08-03,2025-08-07,2025-08-13,WH-C,Carrier-3,South,41.4,118.24,Critical
11540,2026-07-05,2026-07-09,2026-07-17,WH-C,Carrier-3,South,39.5,98.06,Critical
11541,2026-04-26,2026-05-01,2026-05-07,WH-A,Carrier-3,East,72.4,19.68,Critical
11542,2026-03-12,2026-03-20,2026-03-24,WH-B,Carrier-3,North,27.6,80.27,Express
11543,2024-04-27,2024-04-29,2024-04-27,WH-B,Carrier-3,South,57.9,230.87,Standard
11544,2026-08-13,2026-08-18,2026-08-18,WH-A,Carrier-1,East,7.9,213.58,Standard
11545,2026-03-22,2026-03-28,2026-04-01,WH-B,Carrier-3,South,78.6,68.52,Critical
11546,2025-12-03,2025-12-10,2025-12-15,WH-D,Carrier-2,West,33.8,5.37,Standard
11547,2026-03-15,2026-03-22,2026-03-24,WH-A,Carrier-3,North,47.1,97.79,Standard
11548,2025-01-08,2025-01-16,2025-01-23,WH-C,Carrier-1,South,43.8,128.91,Critical
11549,2024-11-06,2024-11-12,2024-11-13,WH-A,Carrier-2,West,51.2,173.79,Critical
11550,2025-12-26,2026-01-02,2026-01-05,WH-A,Carrier-3,West,0.6,54.54,Standard
11551,2025-08-02,2025-08-04,2025-08-08,WH-C,Carrier-2,North,14.6,193.16,Express
11552,2026-02-20,2026-02-24,2026-02-24,WH-D,Carrier-2,North,23.5,168.59,Standard
11553,2025-10-30,2025-11-06,2025-11-14,WH-D,Carrier-1,West,38.7,11.59,Critical
11554,2025-06-17,2025-06-22,,WH-C,Carrier-1,East,56.9,181.15,Critical
11555,2024-05-11,2024-05-18,2024-05-24,WH-D,Carrier-2,West,2.9,238.67,Standard
11556,2025-07-01,2025-07-05,2025-07-07,WH-D,Carrier-1,West,13.7,129.11,Express
11557,2024-12-02,2024-12-05,2024-12-13,WH-B,Carrier-1,West,13.7,146.99,Critical
11558,2025-02-22,2025-02-26,2025-03-02,WH-A,Carrier-3,South,58.2,123.95,Standard
11559,2024-12-28,2024-12-31,2025-01-07,WH-A,Carrier-2,West,36.7,31.74,Express
11560,2025-08-29,2025-09-05,2025-09-05,WH-C,Carrier-2,West,35.9,187.66,Standard
11561,2025-06-13,2025-06-16,2025-06-23,WH-A,Carrier-2,South,26.9,9.78,Standard
11562,2024-08-22,2024-08-30,2024-09-04,WH-C,Carrier-3,North,4.3,25.58,Express
11563,2026-07-07,2026-07-11,2026-07-09,WH-A,Carrier-1,East,13.6,137.36,Standard
11564,2024-11-20,2024-11-22,2024-11-24,WH-D,Carrier-1,North,1.2,202.67,Standard
11565,2024-09-14,2024-09-16,2024-09-16,WH-A,Carrier-1,West,73.3,48.71,Standard
11566,2024-11-23,2024-11-28,2024-12-06,WH-C,Carrier-2,East,57.0,236.12,Standard
11567,2025-04-30,2025-05-03,2025-05-06,WH-A,Carrier-2,South,53.2,103.22,Express
11568,2024-04-29,2024-05-01,2024-05-06,WH-D,Carrier-2,North,79.7,107.64,Critical
11569,2024-05-25,2024-06-02,,WH-D,Carrier-1,West,68.6,130.63,Express
11570,2025-11-04,2025-11-09,2025-11-17,WH-D,Carrier-3,East,47.2,120.7,Critical
11571,2026-01-26,2026-01-28,2026-02-05,WH-A,Carrier-1,West,68.9,129.62,Standard
11572,2025-01-17,2025-01-22,2025-01-28,WH-C,Carrier-3,North,44.4,232.94,Express
11573,2025-11-08,2025-11-16,2025-11-23,WH-C,Carrier-2,East,35.3,143.13,Critical
11574,2025-06-11,2025-06-15,2025-06-21,WH-C,Carrier-2,East,10.4,199.79,Standard
11575,2024-03-12,2024-03-14,2024-03-13,WH-B,Carrier-2,South,26.1,161.82,Critical
11576,2024-08-08,2024-08-15,2024-08-17,WH-B,Carrier-1,East,71.7,126.17,Express
11577,2024-10-06,2024-10-08,2024-10-10,WH-D,Carrier-1,East,33.4,216.68,Express
11578,2026-02-03,2026-02-08,2026-02-11,WH-A,Carrier-1,East,22.9,157.18,Express
11579,2025-07-22,2025-07-26,2025-07-28,WH-A,Carrier-1,South,43.1,208.43,Critical
11580,2024-10-10,2024-10-17,2024-10-22,WH-B,Carrier-2,West,73.4,208.16,Express
11581,2026-01-10,2026-01-15,2026-01-16,WH-A,Carrier-3,West,53.1,124.46,Critical
11582,2025-02-16,2025-02-20,2025-02-22,WH-A,Carrier-1,North,42.9,58.56,Express
11583,2026-04-28,2026-05-04,2026-05-03,WH-B,Carrier-1,East,15.1,177.91,Express
11584,2025-02-20,2025-02-26,2025-02-28,WH-A,Carrier-3,West,4.6,188.73,Express
11585,2024-05-25,2024-05-29,2024-05-31,WH-D,Carrier-1,East,28.7,20.75,Critical
11586,2025-06-19,2025-06-27,2025-07-04,WH-A,Carrier-3,East,17.4,123.48,Critical
11587,2024-10-28,2024-11-02,2024-10-31,WH-B,Carrier-2,West,41.7,105.91,Express
11588,2024-03-15,2024-03-18,,WH-C,Carrier-3,South,38.9,113.93,Critical
11589,2025-01-16,2025-01-22,,WH-A,Carrier-3,East,43.1,198.49,Standard
11590,2025-08-25,2025-08-29,2025-08-31,WH-C,Carrier-3,North,34.1,237.68,Critical
11591,2025-03-23,2025-03-25,2025-03-31,WH-A,Carrier-3,East,31.7,131.27,Critical
11592,2024-09-26,2024-09-28,2024-10-03,WH-B,Carrier-3,South,19.4,127.84,Standard
11593,2025-01-12,2025-01-20,2025-01-20,WH-A,Carrier-1,North,18.0,127.14,Critical
11594,2024-04-12,2024-04-17,2024-04-22,WH-B,Carrier-3,West,28.4,170.91,Critical
11595,2024-10-30,2024-11-05,2024-11-12,WH-B,Carrier-2,South,68.2,7.83,Critical
11596,2024-07-28,2024-08-05,2024-08-09,WH-D,Carrier-1,East,72.4,171.42,Standard
11597,2025-11-14,2025-11-16,2025-11-19,WH-C,Carrier-1,East,20.1,158.52,Critical
11598,2026-04-20,2026-04-22,2026-04-24,WH-B,Carrier-3,South,22.2,25.52,Critical
11599,2024-07-11,2024-07-14,2024-07-12,WH-D,Carrier-2,South,13.1,127.75,Critical
11600,2024-05-12,2024-05-17,2024-05-18,WH-B,Carrier-2,West,77.5,239.27,Critical
11601,2026-03-25,2026-04-02,2026-04-05,WH-C,Carrier-3,East,35.9,194.17,Express
11602,2024-10-04,2024-10-11,2024-10-10,WH-D,Carrier-2,East,63.4,68.5,Standard
11603,2025-08-17,2025-08-20,,WH-A,Carrier-2,East,28.5,208.56,Critical
11604,2026-05-17,2026-05-25,2026-05-23,WH-C,Carrier-1,North,33.0,216.37,Standard
11605,2026-05-26,2026-05-29,2026-05-27,WH-B,Carrier-2,North,27.9,209.34,Express
11606,2024-09-30,2024-10-05,2024-10-10,WH-C,Carrier-3,South,77.2,102.61,Critical
11607,2025-02-01,2025-02-07,2025-02-14,WH-D,Carrier-2,North,45.3,122.66,Critical
11608,2024-04-20,2024-04-22,2024-04-26,WH-C,Carrier-3,South,52.7,66.13,Express
11609,2026-07-17,2026-07-19,2026-07-21,WH-C,Carrier-3,South,56.4,182.31,Critical
11610,2024-11-14,2024-11-20,2024-11-20,WH-D,Carrier-2,West,10.1,86.3,Standard
11611,2025-06-22,2025-06-24,2025-07-01,WH-A,Carrier-1,East,22.8,56.27,Critical
11612,2026-08-22,2026-08-29,2026-08-31,WH-A,Carrier-1,North,35.6,202.42,Express
11613,2025-04-13,2025-04-21,2025-04-29,WH-B,Carrier-1,East,73.4,222.05,Critical
11614,2024-09-06,2024-09-13,,WH-D,Carrier-1,East,61.7,172.71,Standard
11615,2026-02-10,2026-02-16,2026-02-15,WH-B,Carrier-1,North,53.4,137.52,Express
11616,2025-12-24,2025-12-31,2026-01-03,WH-C,Carrier-2,North,40.4,12.75,Express
11617,2024-02-17,2024-02-21,2024-02-21,WH-A,Carrier-3,West,33.8,53.99,Express
11618,2025-01-29,2025-02-05,2025-02-11,WH-B,Carrier-1,South,43.0,116.26,Express
11619,2025-06-19,2025-06-21,2025-06-28,WH-D,Carrier-3,East,5.4,47.49,Standard
11620,2024-05-27,2024-06-03,2024-06-01,WH-B,Carrier-2,North,47.7,157.2,Critical
11621,2026-02-12,2026-02-19,2026-02-25,WH-A,Carrier-2,West,72.8,28.15,Standard
11622,2026-02-19,2026-02-25,2026-03-04,WH-D,Carrier-3,East,36.0,210.82,Standard
11623,2025-05-28,2025-05-30,2025-06-06,WH-B,Carrier-3,North,47.2,217.8,Express
11624,2024-02-28,2024-03-05,2024-03-04,WH-B,Carrier-1,West,6.6,219.77,Standard
11625,2025-07-21,2025-07-24,2025-07-27,WH-B,Carrier-3,East,31.0,28.53,Standard
11626,2025-11-25,2025-11-28,2025-12-04,WH-C,Carrier-1,North,58.3,51.92,Express
11627,2025-10-23,2025-10-29,2025-10-29,WH-A,Carrier-2,West,20.6,82.11,Critical
11628,2024-05-13,2024-05-19,2024-05-23,WH-B,Carrier-2,East,11.9,54.16,Standard
11629,2024-11-15,2024-11-23,2024-11-24,WH-B,Carrier-2,North,10.0,63.21,Critical
11630,2026-03-04,2026-03-08,2026-03-10,WH-C,Carrier-2,South,11.3,38.42,Standard
11631,2024-02-06,2024-02-11,2024-02-09,WH-D,Carrier-2,East,8.1,38.34,Express
11632,2024-05-16,2024-05-20,2024-05-20,WH-C,Carrier-3,North,75.2,114.96,Critical
11633,2024-08-24,2024-08-27,2024-08-28,WH-A,Carrier-1,East,10.6,53.63,Standard
11634,2024-06-30,2024-07-08,2024-07-09,WH-D,Carrier-2,North,20.0,224.91,Critical
11635,2026-01-23,2026-01-28,2026-01-29,WH-A,Carrier-1,South,28.1,154.52,Critical
11636,2025-10-09,2025-10-13,2025-10-11,WH-C,Carrier-2,West,46.5,49.56,Standard
11637,2024-10-21,2024-10-26,2024-11-03,WH-B,Carrier-1,South,26.6,167.72,Express
11638,2024-06-16,2024-06-19,2024-06-20,WH-D,Carrier-2,East,19.9,94.23,Critical
11639,2026-01-10,2026-01-13,2026-01-11,WH-A,Carrier-2,North,27.5,103.16,Express
11640,2024-12-10,2024-12-17,2024-12-20,WH-D,Carrier-2,South,73.1,115.48,Express
11641,2024-02-29,2024-03-04,2024-03-04,WH-B,Carrier-3,West,56.9,141.06,Standard
11642,2025-09-16,2025-09-19,2025-09-25,WH-A,Carrier-3,South,50.2,119.4,Express
11643,2025-02-04,2025-02-06,2025-02-05,WH-A,Carrier-1,North,47.3,14.46,Standard
11644,2025-03-26,2025-04-03,2025-04-07,WH-C,Carrier-3,East,74.8,177.6,Express
11645,2025-12-18,2025-12-23,2025-12-31,WH-B,Carrier-1,East,33.9,227.71,Critical
11646,2024-07-13,2024-07-19,2024-07-26,WH-A,Carrier-2,North,36.4,198.92,Critical
11647,2025-02-01,2025-02-06,2025-02-05,WH-B,Carrier-3,South,5.1,28.86,Standard
11648,2026-02-07,2026-02-10,2026-02-15,WH-D,Carrier-1,North,74.7,40.82,Critical
11649,2024-05-12,2024-05-15,2024-05-21,WH-C,Carrier-1,South,25.7,172.47,Critical
11650,2024-06-12,2024-06-19,2024-06-17,WH-C,Carrier-1,West,53.8,206.38,Standard
11651,2024-09-21,2024-09-24,2024-09-23,WH-C,Carrier-1,North,55.6,221.66,Critical
11652,2024-05-25,2024-05-31,2024-06-03,WH-C,Carrier-3,South,0.6,171.72,Critical
11653,2025-07-04,2025-07-10,2025-07-13,WH-B,Carrier-3,West,68.4,135.7,Critical
11654,2024-06-09,2024-06-13,2024-06-20,WH-A,Carrier-1,South,25.2,169.39,Standard
11655,2026-05-02,2026-05-08,2026-05-08,WH-D,Carrier-2,South,45.3,206.78,Critical
11656,2025-12-16,2025-12-20,2025-12-25,WH-A,Carrier-3,West,21.4,134.95,Standard
11657,2025-11-24,2025-11-30,2025-12-03,WH-B,Carrier-3,North,40.7,185.28,Express
11658,2026-06-22,2026-06-29,2026-07-03,WH-A,Carrier-1,West,11.6,84.84,Express
11659,2026-01-14,2026-01-21,2026-01-21,WH-D,Carrier-1,West,15.7,230.44,Critical
11660,2024-12-19,2024-12-26,2024-12-26,WH-B,Carrier-3,East,72.5,135.5,Express
11661,2025-09-19,2025-09-22,2025-09-28,WH-B,Carrier-1,South,47.4,119.86,Critical
11662,2025-04-25,2025-04-29,2025-05-06,WH-D,Carrier-3,North,50.1,69.72,Critical
11663,2025-02-06,2025-02-09,2025-02-16,WH-D,Carrier-2,South,48.2,47.58,Critical
11664,2025-01-23,2025-01-30,2025-01-29,WH-D,Carrier-1,West,76.2,132.69,Express
11665,2024-05-20,2024-05-26,2024-06-01,WH-C,Carrier-3,East,53.8,168.51,Standard
11666,2025-06-16,2025-06-21,2025-06-24,WH-A,Carrier-3,North,67.4,228.01,Express
11667,2024-10-07,2024-10-12,2024-10-12,WH-A,Carrier-1,South,63.5,116.69,Standard
11668,2026-08-02,2026-08-09,2026-08-11,WH-D,Carrier-3,North,75.1,72.88,Express
11669,2024-05-26,2024-05-31,,WH-B,Carrier-2,East,67.7,208.75,Express
11670,2025-12-11,2025-12-17,,WH-B,Carrier-3,East,78.8,50.98,Express
11671,2026-01-29,2026-02-03,2026-02-06,WH-D,Carrier-1,North,79.1,167.61,Express
11672,2024-06-16,2024-06-23,2024-06-28,WH-D,Carrier-1,South,47.6,142.24,Standard
11673,2026-04-30,2026-05-05,2026-05-04,WH-A,Carrier-2,East,72.9,4.81,Standard
11674,2024-04-20,2024-04-28,,WH-D,Carrier-1,East,10.4,175.41,Critical
11675,2025-04-26,2025-04-29,2025-05-06,WH-D,Carrier-2,East,41.6,225.17,Critical
11676,2024-05-21,2024-05-26,2024-06-01,WH-B,Carrier-3,East,18.1,231.77,Critical
11677,2024-11-09,2024-11-16,2024-11-17,WH-D,Carrier-1,East,26.3,214.63,Critical
11678,2024-10-23,2024-10-29,2024-11-05,WH-C,Carrier-3,West,16.8,177.4,Standard
11679,2024-11-05,2024-11-10,2024-11-16,WH-D,Carrier-3,East,5.4,82.37,Critical
11680,2024-10-21,2024-10-25,2024-10-29,WH-B,Carrier-3,South,40.6,206.46,Standard
11681,2026-02-09,2026-02-15,2026-02-20,WH-A,Carrier-3,East,52.9,148.72,Express
11682,2026-04-22,2026-04-27,2026-04-29,WH-D,Carrier-2,East,32.6,202.09,Express
11683,2026-01-08,2026-01-16,2026-01-16,WH-D,Carrier-1,South,68.8,23.82,Standard
11684,2025-02-09,2025-02-16,2025-02-16,WH-C,Carrier-2,East,33.9,231.36,Critical
11685,2026-04-21,2026-04-28,2026-05-06,WH-D,Carrier-2,North,69.7,115.3,Express
11686,2024-08-13,2024-08-19,2024-08-23,WH-B,Carrier-1,West,34.7,136.05,Critical
11687,2024-06-15,2024-06-23,2024-06-29,WH-D,Carrier-2,West,15.4,84.19,Critical
11688,2025-12-07,2025-12-11,2025-12-19,WH-A,Carrier-2,West,17.8,47.57,Express
11689,2025-09-25,2025-09-30,2025-10-07,WH-A,Carrier-1,North,41.3,119.65,Standard
11690,2026-04-04,2026-04-10,2026-04-16,WH-B,Carrier-1,South,5.5,155.11,Express
11691,2024-02-08,2024-02-13,2024-02-19,WH-D,Carrier-3,North,29.0,44.76,Standard
11692,2024-10-11,2024-10-16,,WH-A,Carrier-3,South,31.5,16.27,Critical
11693,2026-06-18,2026-06-20,2026-06-28,WH-D,Carrier-1,East,49.0,208.6,Critical
11694,2026-07-07,2026-07-14,2026-07-16,WH-B,Carrier-1,South,39.3,172.51,Express
11695,2025-05-15,2025-05-19,2025-05-17,WH-D,Carrier-3,South,77.5,84.24,Critical
11696,2024-09-06,2024-09-12,2024-09-11,WH-D,Carrier-1,South,17.7,187.37,Standard
11697,2025-01-28,2025-01-30,2025-01-28,WH-A,Carrier-2,East,66.8,92.73,Critical
11698,2025-09-07,2025-09-11,2025-09-11,WH-B,Carrier-2,North,53.9,14.1,Express
11699,2025-04-03,2025-04-11,2025-04-11,WH-A,Carrier-1,East,5.1,214.91,Critical
11700,2024-10-09,2024-10-17,2024-10-22,WH-D,Carrier-2,South,19.2,63.67,Standard
11701,2024-02-27,2024-03-01,2024-03-04,WH-B,Carrier-3,West,67.8,185.7,Express
11702,2025-12-23,2025-12-30,2026-01-01,WH-A,Carrier-3,East,7.0,113.46,Express
11703,2026-01-20,2026-01-26,2026-01-25,WH-C,Carrier-3,South,67.4,26.6,Critical
11704,2026-06-16,2026-06-22,2026-06-24,WH-C,Carrier-1,East,69.2,63.14,Critical
11705,2024-01-08,2024-01-13,2024-01-20,WH-C,Carrier-3,East,78.9,137.8,Express
11706,2024-03-26,2024-03-31,2024-04-03,WH-D,Carrier-2,North,46.8,195.82,Critical
11707,2025-03-23,2025-03-28,2025-03-28,WH-A,Carrier-3,South,75.6,126.15,Critical
11708,2025-05-13,2025-05-20,2025-05-24,WH-A,Carrier-3,West,31.4,87.76,Express
11709,2025-07-20,2025-07-25,2025-07-30,WH-C,Carrier-2,South,64.8,185.92,Standard
11710,2025-03-21,2025-03-28,2025-03-27,WH-C,Carrier-2,East,69.5,94.2,Standard
11711,2025-08-13,2025-08-18,2025-08-23,WH-B,Carrier-1,West,53.6,108.85,Standard
11712,2025-06-06,2025-06-10,2025-06-08,WH-A,Carrier-1,South,70.2,31.4,Express
11713,2025-10-12,2025-10-19,2025-10-26,WH-C,Carrier-1,West,29.5,189.98,Critical
11714,2024-10-17,2024-10-25,2024-10-25,WH-C,Carrier-1,West,18.8,117.97,Standard
11715,2025-05-04,2025-05-06,2025-05-05,WH-B,Carrier-1,East,44.1,80.81,Standard
11716,2025-03-06,2025-03-09,2025-03-07,WH-D,Carrier-2,West,46.9,192.7,Standard
11717,2026-04-29,2026-05-01,2026-04-30,WH-B,Carrier-3,South,4.1,129.44,Standard
11718,2025-02-18,2025-02-24,2025-02-22,WH-B,Carrier-3,South,63.3,96.21,Standard
11719,2025-08-23,2025-08-25,2025-08-28,WH-C,Carrier-1,West,34.8,139.76,Standard
11720,2024-09-05,2024-09-12,2024-09-12,WH-A,Carrier-3,South,26.9,91.98,Standard
11721,2026-03-19,2026-03-27,2026-03-30,WH-C,Carrier-3,West,32.1,223.95,Critical
11722,2025-10-20,2025-10-23,2025-10-23,WH-D,Carrier-3,South,57.2,121.41,Standard
11723,2026-01-03,2026-01-06,2026-01-04,WH-C,Carrier-2,West,56.9,32.31,Standard
11724,2025-12-26,2025-12-28,2026-01-05,WH-A,Carrier-2,South,43.4,200.28,Critical
11725,2024-07-16,2024-07-21,2024-07-25,WH-C,Carrier-3,West,72.5,126.84,Express
11726,2025-12-07,2025-12-13,2025-12-19,WH-A,Carrier-1,West,25.1,22.96,Critical
11727,2024-06-27,2024-07-04,2024-07-06,WH-C,Carrier-1,West,18.0,113.96,Standard
11728,2026-06-06,2026-06-08,2026-06-08,WH-A,Carrier-3,South,28.9,147.42,Standard
11729,2026-04-16,2026-04-20,2026-04-20,WH-D,Carrier-3,South,61.2,111.8,Critical
11730,2025-10-30,2025-11-01,2025-11-05,WH-B,Carrier-2,West,51.5,188.91,Critical
11731,2024-01-29,2024-02-04,2024-02-10,WH-B,Carrier-3,South,8.0,202.78,Express
11732,2025-04-11,2025-04-14,2025-04-16,WH-D,Carrier-1,North,1.6,69.91,Standard
11733,2024-05-05,2024-05-10,2024-05-09,WH-B,Carrier-1,East,49.9,72.83,Standard
11734,2025-07-23,2025-07-25,2025-07-24,WH-C,Carrier-1,West,75.8,191.35,Standard
11735,2025-06-09,2025-06-11,2025-06-09,WH-C,Carrier-1,South,63.1,112.66,Express
11736,2024-11-06,2024-11-14,2024-11-15,WH-D,Carrier-3,East,6.5,178.42,Express
11737,2026-02-23,2026-03-03,2026-03-09,WH-C,Carrier-3,East,60.8,183.56,Critical
11738,2025-08-31,2025-09-04,2025-09-08,WH-B,Carrier-2,South,50.0,62.84,Express
11739,2025-04-28,2025-05-05,2025-05-08,WH-A,Carrier-1,North,24.7,143.01,Express
11740,2025-06-09,2025-06-11,2025-06-14,WH-D,Carrier-3,North,11.4,159.55,Express
11741,2025-06-15,2025-06-20,,WH-A,Carrier-2,East,29.7,161.79,Critical
11742,2025-10-04,2025-10-09,2025-10-13,WH-C,Carrier-1,North,23.3,95.03,Critical
11743,2024-04-19,2024-04-23,2024-04-23,WH-C,Carrier-1,West,7.5,63.56,Standard
11744,2024-07-04,2024-07-06,2024-07-08,WH-B,Carrier-3,East,39.0,137.63,Express
11745,2025-05-06,2025-05-11,2025-05-19,WH-B,Carrier-2,South,24.4,194.77,Critical
11746,2026-03-22,2026-03-25,2026-03-27,WH-C,Carrier-1,South,48.9,64.22,Critical
11747,2024-01-20,2024-01-23,2024-01-30,WH-A,Carrier-3,South,67.3,238.94,Express
11748,2025-04-23,2025-04-26,2025-05-04,WH-B,Carrier-3,East,46.8,220.95,Express
11749,2025-11-14,2025-11-17,,WH-C,Carrier-2,East,38.4,76.91,Express
11750,2024-01-02,2024-01-06,2024-01-08,WH-A,Carrier-2,West,38.2,99.52,Express
11751,2026-05-31,2026-06-08,2026-06-06,WH-B,Carrier-1,South,1.5,205.82,Standard
11752,2025-06-17,2025-06-20,2025-06-28,WH-D,Carrier-2,West,8.3,181.1,Critical
11753,2025-10-03,2025-10-09,2025-10-13,WH-D,Carrier-2,South,43.8,210.61,Express
11754,2024-03-31,2024-04-02,,WH-C,Carrier-2,East,62.6,41.83,Critical
11755,2025-03-22,2025-03-29,2025-03-30,WH-D,Carrier-2,East,29.2,188.72,Express
11756,2026-01-06,2026-01-14,2026-01-18,WH-B,Carrier-3,South,75.4,11.52,Express
11757,2024-04-26,2024-05-04,2024-05-06,WH-A,Carrier-3,West,32.4,193.63,Standard
11758,2024-11-06,2024-11-13,2024-11-21,WH-A,Carrier-2,West,34.1,9.41,Express
11759,2026-03-13,2026-03-19,2026-03-22,WH-D,Carrier-3,West,29.8,118.36,Critical
11760,2024-01-31,2024-02-02,2024-02-07,WH-D,Carrier-3,East,33.2,232.0,Standard
11761,2025-10-15,2025-10-18,2025-10-25,WH-B,Carrier-2,South,75.8,118.8,Critical
11762,2026-01-18,2026-01-20,2026-01-20,WH-B,Carrier-3,South,74.2,121.3,Express
11763,2025-04-11,2025-04-15,2025-04-16,WH-C,Carrier-2,East,28.6,112.46,Standard
11764,2025-03-29,2025-04-06,2025-04-09,WH-B,Carrier-1,North,3.1,26.21,Critical
11765,2026-08-07,2026-08-13,2026-08-19,WH-A,Carrier-3,East,47.9,234.67,Standard
11766,2025-11-08,2025-11-12,2025-11-18,WH-A,Carrier-2,West,57.6,198.83,Standard
11767,2024-03-11,2024-03-18,2024-03-20,WH-C,Carrier-2,West,4.4,35.07,Express
11768,2024-04-10,2024-04-12,2024-04-10,WH-A,Carrier-1,West,32.2,159.19,Express
11769,2024-05-23,2024-05-30,2024-05-29,WH-A,Carrier-3,East,41.8,29.07,Express
11770,2025-08-03,2025-08-10,2025-08-16,WH-B,Carrier-3,East,16.9,146.08,Express
11771,2026-08-28,2026-08-30,2026-09-02,WH-D,Carrier-1,East,39.9,20.79,Standard
11772,2024-10-21,2024-10-27,2024-10-31,WH-B,Carrier-3,West,52.5,155.24,Critical
11773,2025-11-25,2025-11-27,2025-11-30,WH-C,Carrier-2,North,45.2,170.99,Standard
11774,2025-01-17,2025-01-24,2025-01-29,WH-C,Carrier-1,West,59.7,61.64,Critical
11775,2025-09-20,2025-09-25,2025-09-30,WH-D,Carrier-3,East,45.6,42.82,Critical
11776,2024-04-20,2024-04-26,2024-05-03,WH-A,Carrier-2,West,1.8,182.74,Critical
11777,2025-02-17,2025-02-20,2025-02-23,WH-A,Carrier-3,East,16.0,202.42,Standard
11778,2024-03-12,2024-03-20,2024-03-25,WH-B,Carrier-3,West,75.8,35.32,Express
11779,2026-06-23,2026-06-27,2026-06-29,WH-D,Carrier-2,West,68.5,45.17,Critical
11780,2024-05-18,2024-05-21,2024-05-25,WH-D,Carrier-1,West,40.1,141.36,Standard
11781,2025-11-15,2025-11-23,2025-11-29,WH-C,Carrier-2,North,43.1,228.92,Critical
11782,2024-05-21,2024-05-28,2024-06-02,WH-C,Carrier-3,North,22.5,213.98,Express
11783,2024-02-11,2024-02-18,,WH-D,Carrier-1,East,56.5,86.63,Critical
11784,2026-02-01,2026-02-09,2026-02-17,WH-A,Carrier-1,South,7.7,159.73,Express
11785,2024-10-25,2024-10-30,2024-10-28,WH-C,Carrier-3,South,6.2,79.54,Express
11786,2025-09-02,2025-09-09,2025-09-10,WH-B,Carrier-1,East,14.4,138.79,Critical
11787,2024-08-23,2024-08-31,2024-09-01,WH-C,Carrier-2,East,15.6,96.39,Critical
11788,2025-09-27,2025-09-30,2025-10-07,WH-A,Carrier-2,West,4.3,23.26,Standard
11789,2024-04-20,2024-04-24,2024-04-22,WH-D,Carrier-2,North,78.1,58.24,Standard
11790,2026-07-17,2026-07-23,2026-07-28,WH-A,Carrier-1,North,32.6,152.82,Standard
11791,2025-06-18,2025-06-25,2025-07-03,WH-A,Carrier-1,North,57.6,226.78,Express
11792,2026-06-19,2026-06-24,2026-06-30,WH-A,Carrier-3,West,72.2,113.36,Standard
11793,2024-01-07,2024-01-11,2024-01-14,WH-B,Carrier-1,East,17.7,154.07,Standard
11794,2025-04-11,2025-04-15,2025-04-13,WH-C,Carrier-1,West,4.1,168.6,Express
11795,2024-03-16,2024-03-20,2024-03-20,WH-D,Carrier-1,South,79.4,142.89,Critical
11796,2024-06-13,2024-06-19,2024-06-20,WH-B,Carrier-2,West,11.2,5.74,Express
11797,2024-10-25,2024-10-28,2024-10-27,WH-D,Carrier-3,North,33.1,175.28,Critical
11798,2024-11-16,2024-11-23,2024-11-24,WH-A,Carrier-2,West,63.2,21.78,Critical
11799,2024-12-13,2024-12-15,2024-12-20,WH-C,Carrier-2,East,44.2,182.66,Express
11800,2025-12-19,2025-12-21,2025-12-19,WH-A,Carrier-1,East,61.7,19.77,Critical
11801,2026-08-19,2026-08-27,2026-08-27,WH-C,Carrier-2,West,1.3,124.33,Critical
11802,2024-12-02,2024-12-07,2024-12-12,WH-B,Carrier-2,South,65.3,143.92,Express
11803,2024-08-07,2024-08-12,2024-08-13,WH-D,Carrier-2,South,17.6,187.02,Express
11804,2024-09-12,2024-09-18,2024-09-21,WH-C,Carrier-3,South,31.7,235.28,Critical
11805,2026-07-28,2026-07-30,2026-08-03,WH-C,Carrier-2,East,69.2,98.38,Critical
11806,2026-04-02,2026-04-05,2026-04-07,WH-A,Carrier-2,North,70.4,105.56,Express
11807,2024-01-17,2024-01-19,2024-01-22,WH-C,Carrier-1,North,33.1,66.37,Express
11808,2025-05-29,2025-06-01,2025-05-31,WH-D,Carrier-3,South,17.4,150.11,Critical
11809,2024-01-25,2024-01-31,2024-01-29,WH-B,Carrier-2,South,61.6,224.52,Critical
11810,2026-01-23,2026-01-30,2026-02-05,WH-C,Carrier-3,North,70.5,42.75,Express
11811,2025-12-15,2025-12-17,2025-12-22,WH-B,Carrier-3,North,33.1,198.27,Critical
11812,2025-10-10,2025-10-12,2025-10-18,WH-D,Carrier-2,South,62.2,35.96,Critical
11813,2024-11-01,2024-11-06,2024-11-12,WH-C,Carrier-2,South,66.3,167.18,Standard
11814,2026-01-07,2026-01-15,2026-01-21,WH-D,Carrier-1,North,11.6,23.92,Critical
11815,2025-03-23,2025-03-26,2025-03-25,WH-A,Carrier-2,South,78.8,13.62,Standard
11816,2025-03-27,2025-03-29,2025-03-27,WH-B,Carrier-3,East,39.9,123.75,Critical
11817,2025-07-02,2025-07-07,,WH-D,Carrier-2,West,28.6,184.16,Express
11818,2026-01-22,2026-01-29,2026-02-03,WH-C,Carrier-1,East,3.3,138.6,Critical
11819,2024-02-08,2024-02-13,2024-02-21,WH-C,Carrier-3,South,70.9,91.52,Critical
11820,2025-08-27,2025-09-01,2025-09-02,WH-C,Carrier-2,North,52.8,8.65,Express
11821,2026-04-16,2026-04-22,2026-04-25,WH-B,Carrier-3,South,44.5,107.65,Critical
11822,2026-05-04,2026-05-10,2026-05-09,WH-B,Carrier-2,South,39.5,168.84,Critical
11823,2025-05-23,2025-05-28,2025-05-31,WH-C,Carrier-3,South,72.8,133.24,Express
11824,2025-01-31,2025-02-08,2025-02-13,WH-A,Carrier-3,North,15.1,76.18,Critical
11825,2025-10-10,2025-10-12,2025-10-18,WH-A,Carrier-3,North,50.9,194.52,Express
11826,2026-07-31,2026-08-04,2026-08-11,WH-C,Carrier-3,South,18.6,23.31,Standard
11827,2024-05-28,2024-05-31,2024-05-31,WH-C,Carrier-1,North,74.3,226.62,Express
11828,2024-07-11,2024-07-16,2024-07-16,WH-D,Carrier-2,North,28.2,56.04,Critical
11829,2024-09-20,2024-09-23,2024-09-28,WH-D,Carrier-2,North,57.0,64.11,Critical
11830,2024-11-20,2024-11-27,2024-11-27,WH-C,Carrier-3,West,58.6,87.98,Critical
11831,2024-06-03,2024-06-06,2024-06-14,WH-D,Carrier-3,South,74.9,59.86,Express
11832,2025-02-24,2025-03-02,2025-03-05,WH-B,Carrier-1,North,70.3,70.6,Express
11833,2026-01-06,2026-01-09,2026-01-16,WH-B,Carrier-3,North,70.0,146.08,Critical
11834,2024-07-17,2024-07-25,2024-08-02,WH-C,Carrier-3,North,24.5,115.95,Critical
11835,2024-01-22,2024-01-24,2024-01-29,WH-C,Carrier-1,West,8.5,154.27,Standard
11836,2025-02-15,2025-02-22,2025-02-24,WH-A,Carrier-1,West,2.7,9.15,Express
11837,2025-04-06,2025-04-11,2025-04-14,WH-B,Carrier-3,North,31.3,149.31,Express
11838,2025-01-14,2025-01-22,2025-01-27,WH-B,Carrier-3,North,6.1,94.19,Standard
11839,2024-08-02,2024-08-05,2024-08-08,WH-D,Carrier-2,East,75.1,235.69,Critical
11840,2026-08-16,2026-08-22,2026-08-26,WH-D,Carrier-2,East,42.0,78.82,Express
11841,2026-01-27,2026-02-02,2026-02-01,WH-B,Carrier-1,South,42.2,235.13,Standard
11842,2024-12-17,2024-12-19,2024-12-23,WH-A,Carrier-3,South,60.5,165.15,Express
11843,2026-08-14,2026-08-22,2026-08-20,WH-A,Carrier-1,East,27.9,237.89,Critical
11844,2024-07-06,2024-07-10,2024-07-13,WH-C,Carrier-3,South,55.4,169.58,Express
11845,2025-04-23,2025-04-25,2025-04-27,WH-D,Carrier-2,South,49.6,224.84,Standard
11846,2024-05-19,2024-05-27,,WH-D,Carrier-1,East,14.0,146.07,Standard
11847,2025-06-13,2025-06-21,2025-06-20,WH-A,Carrier-1,East,21.3,61.3,Critical
11848,2025-05-07,2025-05-14,2025-05-19,WH-D,Carrier-2,East,74.0,14.59,Standard
11849,2025-09-29,2025-10-05,2025-10-03,WH-D,Carrier-3,West,3.6,37.49,Standard
11850,2026-03-10,2026-03-16,2026-03-20,WH-B,Carrier-2,East,53.9,112.5,Express
11851,2024-03-07,2024-03-12,2024-03-19,WH-C,Carrier-2,West,62.2,141.55,Express
11852,2026-05-17,2026-05-25,2026-05-23,WH-B,Carrier-2,West,27.8,12.22,Standard
11853,2024-09-06,2024-09-12,2024-09-14,WH-A,Carrier-2,West,19.9,128.99,Critical
11854,2026-08-02,2026-08-09,2026-08-08,WH-C,Carrier-3,West,25.1,145.44,Express
11855,2024-05-14,2024-05-17,,WH-A,Carrier-2,East,50.8,136.94,Express
11856,2025-04-18,2025-04-25,2025-05-01,WH-D,Carrier-1,North,67.6,31.92,Critical
11857,2025-07-13,2025-07-20,2025-07-24,WH-D,Carrier-3,West,12.3,145.29,Standard
11858,2025-01-28,2025-02-02,2025-02-03,WH-D,Carrier-1,East,77.2,223.78,Critical
11859,2025-01-08,2025-01-12,2025-01-18,WH-C,Carrier-2,South,42.9,61.52,Critical
11860,2026-01-08,2026-01-15,2026-01-17,WH-A,Carrier-3,North,62.2,103.14,Standard
11861,2024-12-09,2024-12-14,,WH-C,Carrier-3,East,18.0,19.11,Standard
11862,2025-09-27,2025-10-05,2025-10-03,WH-B,Carrier-3,West,65.8,111.12,Standard
11863,2025-01-31,2025-02-02,2025-02-05,WH-B,Carrier-1,East,11.4,58.44,Express
11864,2025-04-17,2025-04-25,2025-05-01,WH-B,Carrier-1,West,48.7,26.15,Express
11865,2024-10-02,2024-10-10,2024-10-11,WH-C,Carrier-2,West,74.5,215.7,Standard
11866,2024-07-10,2024-07-15,2024-07-17,WH-A,Carrier-2,East,32.0,74.98,Standard
11867,2026-08-16,2026-08-19,2026-08-27,WH-C,Carrier-1,South,75.2,16.03,Critical
11868,2024-08-13,2024-08-15,2024-08-15,WH-D,Carrier-2,West,58.0,94.45,Critical
11869,2026-04-22,2026-04-27,2026-05-02,WH-D,Carrier-2,South,18.5,84.54,Critical
11870,2025-11-13,2025-11-18,2025-11-17,WH-B,Carrier-3,North,14.3,115.08,Express
11871,2026-01-22,2026-01-25,2026-01-30,WH-C,Carrier-2,East,1.4,179.39,Standard
11872,2025-01-09,2025-01-11,2025-01-19,WH-D,Carrier-1,South,7.4,169.59,Standard
11873,2025-06-20,2025-06-24,2025-06-23,WH-B,Carrier-3,East,69.3,147.8,Standard
11874,2024-04-22,2024-04-27,2024-05-02,WH-A,Carrier-3,North,73.5,48.62,Standard
11875,2025-08-19,2025-08-26,2025-08-31,WH-D,Carrier-3,East,43.6,50.32,Express
11876,2025-09-09,2025-09-14,2025-09-16,WH-A,Carrier-2,West,3.5,89.62,Standard
11877,2025-10-23,2025-10-28,2025-10-26,WH-B,Carrier-1,North,11.5,108.64,Express
11878,2025-07-24,2025-07-28,2025-08-04,WH-A,Carrier-1,West,11.0,25.48,Standard
11879,2024-01-17,2024-01-23,2024-01-23,WH-A,Carrier-3,North,16.9,214.98,Critical
11880,2025-02-06,2025-02-12,2025-02-20,WH-B,Carrier-3,East,10.8,171.28,Express
11881,2025-02-26,2025-03-06,2025-03-07,WH-D,Carrier-2,South,71.0,25.36,Standard
11882,2026-03-04,2026-03-06,2026-03-09,WH-B,Carrier-2,West,15.2,39.26,Express
11883,2025-07-04,2025-07-09,2025-07-09,WH-C,Carrier-3,West,41.6,215.06,Critical
11884,2025-02-19,2025-02-26,2025-02-28,WH-D,Carrier-1,North,50.7,202.41,Express
11885,2025-07-11,2025-07-14,2025-07-12,WH-C,Carrier-2,East,1.8,172.23,Express
11886,2024-04-19,2024-04-24,2024-04-22,WH-C,Carrier-1,South,66.7,123.15,Standard
11887,2024-09-12,2024-09-20,,WH-D,Carrier-2,North,71.1,178.31,Critical
11888,2025-03-22,2025-03-30,2025-03-28,WH-D,Carrier-2,West,64.6,143.68,Express
11889,2024-05-18,2024-05-23,2024-05-26,WH-B,Carrier-2,North,2.5,96.29,Express
11890,2025-02-06,2025-02-13,,WH-C,Carrier-1,South,68.5,183.74,Critical
11891,2026-08-05,2026-08-13,2026-08-13,WH-A,Carrier-3,East,31.5,237.27,Critical
11892,2025-04-05,2025-04-08,2025-04-12,WH-B,Carrier-2,East,46.8,19.48,Critical
11893,2024-10-12,2024-10-16,2024-10-23,WH-D,Carrier-3,North,62.7,227.77,Express
11894,2024-08-07,2024-08-11,2024-08-18,WH-D,Carrier-2,West,43.8,184.69,Critical
11895,2026-08-02,2026-08-07,2026-08-11,WH-A,Carrier-1,West,20.2,130.22,Express
11896,2024-10-05,2024-10-10,2024-10-10,WH-D,Carrier-3,North,4.3,66.05,Standard
11897,2024-10-17,2024-10-23,2024-10-27,WH-B,Carrier-2,East,36.1,191.43,Express
11898,2026-08-03,2026-08-06,2026-08-07,WH-B,Carrier-3,East,13.6,233.28,Critical
11899,2024-08-29,2024-09-03,2024-09-08,WH-D,Carrier-3,South,19.7,60.4,Express
11900,2025-10-22,2025-10-27,2025-11-03,WH-A,Carrier-3,West,6.7,70.91,Standard
11901,2025-05-14,2025-05-17,2025-05-22,WH-B,Carrier-2,North,69.1,137.87,Critical
11902,2024-10-13,2024-10-15,2024-10-18,WH-D,Carrier-1,West,43.0,48.98,Express
11903,2025-03-25,2025-03-27,2025-03-31,WH-B,Carrier-1,East,71.6,8.64,Critical
11904,2025-11-06,2025-11-12,2025-11-18,WH-D,Carrier-2,West,21.5,119.07,Critical
11905,2025-05-05,2025-05-09,2025-05-14,WH-D,Carrier-1,South,57.9,176.5,Critical
11906,2025-05-03,2025-05-11,2025-05-09,WH-D,Carrier-3,West,42.0,138.33,Express
11907,2025-09-15,2025-09-23,2025-09-29,WH-C,Carrier-3,North,40.0,49.3,Express
11908,2025-07-02,2025-07-08,2025-07-15,WH-C,Carrier-2,West,60.7,234.5,Standard
11909,2026-02-09,2026-02-11,2026-02-18,WH-B,Carrier-1,South,67.3,20.24,Standard
11910,2025-02-21,2025-02-27,2025-03-02,WH-C,Carrier-3,West,71.4,31.68,Standard
11911,2024-01-14,2024-01-17,2024-01-22,WH-B,Carrier-2,North,31.5,63.02,Express
11912,2024-09-16,2024-09-22,,WH-A,Carrier-3,East,74.8,26.8,Standard
11913,2025-05-29,2025-06-06,2025-06-11,WH-C,Carrier-3,East,67.6,15.94,Standard
11914,2026-05-14,2026-05-20,2026-05-19,WH-A,Carrier-2,South,41.2,64.58,Standard
11915,2024-07-09,2024-07-13,2024-07-12,WH-A,Carrier-3,West,25.2,137.79,Standard
11916,2024-12-05,2024-12-12,2024-12-15,WH-C,Carrier-2,South,54.2,165.54,Express
11917,2024-11-02,2024-11-09,2024-11-14,WH-D,Carrier-1,South,24.7,127.43,Standard
11918,2026-02-15,2026-02-22,2026-02-27,WH-D,Carrier-2,South,41.4,118.02,Express
11919,2025-11-28,2025-12-01,2025-12-09,WH-A,Carrier-1,South,51.6,86.97,Express
11920,2026-01-20,2026-01-28,2026-02-01,WH-A,Carrier-1,South,9.1,44.24,Express
11921,2025-12-10,2025-12-15,2025-12-21,WH-B,Carrier-3,South,51.6,127.85,Standard
11922,2026-03-24,2026-03-31,,WH-C,Carrier-3,South,17.1,34.34,Standard
11923,2025-03-19,2025-03-24,2025-03-22,WH-D,Carrier-1,South,17.0,101.68,Express
11924,2025-06-25,2025-07-03,2025-07-06,WH-C,Carrier-2,East,60.9,44.95,Express
11925,2024-05-21,2024-05-25,2024-05-30,WH-C,Carrier-1,West,53.0,138.45,Standard
11926,2024-06-15,2024-06-20,2024-06-27,WH-A,Carrier-1,West,67.4,217.24,Standard
11927,2026-02-07,2026-02-15,2026-02-14,WH-C,Carrier-1,West,36.5,159.57,Standard
11928,2025-06-16,2025-06-18,2025-06-23,WH-C,Carrier-1,East,24.2,93.91,Critical
11929,2024-10-03,2024-10-11,2024-10-17,WH-D,Carrier-3,East,16.0,156.88,Standard
11930,2025-12-26,2025-12-30,2026-01-03,WH-C,Carrier-1,West,16.2,30.95,Express
11931,2024-10-21,2024-10-25,2024-10-28,WH-D,Carrier-3,West,56.1,234.09,Standard
11932,2026-01-24,2026-01-26,2026-01-30,WH-C,Carrier-2,South,8.6,145.74,Express
11933,2025-01-26,2025-01-30,2025-02-03,WH-B,Carrier-3,North,10.9,48.65,Critical
11934,2026-05-26,2026-05-30,2026-06-04,WH-B,Carrier-3,West,52.0,7.37,Standard
11935,2024-11-29,2024-12-03,2024-12-11,WH-A,Carrier-1,West,55.0,180.05,Standard
11936,2025-01-05,2025-01-07,2025-01-12,WH-D,Carrier-2,South,61.2,214.42,Express
11937,2024-02-04,2024-02-07,2024-02-06,WH-A,Carrier-2,East,51.4,155.4,Critical
11938,2025-01-18,2025-01-24,2025-01-30,WH-D,Carrier-3,South,49.2,91.02,Critical
11939,2026-01-11,2026-01-14,2026-01-18,WH-A,Carrier-1,South,20.5,214.46,Critical
11940,2026-06-27,2026-06-30,2026-07-01,WH-A,Carrier-2,East,17.6,207.09,Critical
11941,2024-06-23,2024-06-28,2024-06-27,WH-A,Carrier-2,West,11.3,47.95,Critical
11942,2026-08-20,2026-08-22,2026-08-24,WH-D,Carrier-2,West,44.8,167.57,Standard
11943,2025-11-07,2025-11-15,2025-11-16,WH-B,Carrier-2,South,41.7,102.01,Express
11944,2024-01-09,2024-01-14,2024-01-15,WH-A,Carrier-3,East,16.1,87.03,Critical
11945,2025-02-10,2025-02-15,2025-02-23,WH-A,Carrier-1,East,26.2,145.77,Express
11946,2025-09-03,2025-09-07,2025-09-15,WH-B,Carrier-3,South,34.9,221.85,Critical
11947,2026-06-07,2026-06-12,2026-06-13,WH-D,Carrier-1,South,59.0,119.81,Express
11948,2025-08-27,2025-09-03,2025-09-07,WH-A,Carrier-1,North,5.0,39.83,Standard
11949,2024-10-24,2024-10-31,2024-11-02,WH-A,Carrier-1,South,35.9,164.88,Critical
11950,2025-09-05,2025-09-12,2025-09-17,WH-D,Carrier-3,East,3.6,237.3,Critical
11951,2025-01-08,2025-01-15,2025-01-17,WH-C,Carrier-2,North,63.4,150.69,Standard
11952,2025-04-11,2025-04-19,2025-04-24,WH-C,Carrier-2,South,15.4,230.3,Standard
11953,2026-08-19,2026-08-25,2026-08-28,WH-C,Carrier-3,South,16.2,24.42,Standard
11954,2026-05-03,2026-05-10,2026-05-12,WH-A,Carrier-3,West,25.3,168.28,Standard
11955,2025-01-30,2025-02-07,2025-02-05,WH-B,Carrier-2,East,4.6,57.07,Standard
11956,2026-06-08,2026-06-11,2026-06-10,WH-C,Carrier-1,East,18.6,84.8,Critical
11957,2025-07-02,2025-07-10,2025-07-16,WH-C,Carrier-1,South,28.3,222.03,Standard
11958,2026-05-22,2026-05-30,2026-06-01,WH-D,Carrier-1,East,20.8,130.84,Standard
11959,2025-08-03,2025-08-08,2025-08-14,WH-B,Carrier-1,South,43.6,186.53,Standard
11960,2025-02-26,2025-03-03,2025-03-09,WH-D,Carrier-2,West,40.1,29.98,Critical
11961,2026-06-13,2026-06-17,2026-06-24,WH-C,Carrier-2,West,14.7,5.87,Standard
11962,2024-02-17,2024-02-24,2024-03-02,WH-C,Carrier-2,East,2.3,156.61,Standard
11963,2025-09-03,2025-09-08,2025-09-07,WH-A,Carrier-2,East,74.2,173.83,Standard
11964,2026-05-27,2026-05-30,2026-06-07,WH-C,Carrier-3,West,54.0,31.85,Express
11965,2026-07-23,2026-07-31,2026-07-29,WH-D,Carrier-1,North,15.6,101.19,Express
11966,2024-02-19,2024-02-27,2024-02-25,WH-A,Carrier-1,East,22.3,169.94,Critical
11967,2024-09-21,2024-09-26,,WH-B,Carrier-3,South,62.1,10.96,Critical
11968,2025-02-22,2025-02-27,2025-03-06,WH-A,Carrier-2,East,59.7,88.21,Critical
11969,2025-02-09,2025-02-15,2025-02-18,WH-C,Carrier-3,South,30.3,231.33,Critical
11970,2025-06-20,2025-06-23,2025-06-23,WH-C,Carrier-3,South,76.0,206.68,Standard
11971,2025-04-21,2025-04-24,2025-04-22,WH-C,Carrier-1,North,54.0,86.59,Standard
11972,2026-08-27,2026-09-04,2026-09-03,WH-C,Carrier-3,West,23.6,110.46,Express
11973,2026-06-04,2026-06-07,2026-06-13,WH-B,Carrier-3,West,76.3,88.31,Critical
11974,2026-01-27,2026-02-04,2026-02-12,WH-B,Carrier-3,North,42.3,82.74,Critical
11975,2025-03-20,2025-03-23,2025-03-26,WH-B,Carrier-1,East,41.0,197.33,Standard
11976,2026-08-20,2026-08-27,2026-09-03,WH-B,Carrier-3,East,55.8,155.08,Express
11977,2024-10-24,2024-11-01,2024-11-03,WH-B,Carrier-1,North,3.5,105.23,Standard
11978,2024-04-17,2024-04-24,2024-04-23,WH-C,Carrier-1,East,46.5,137.7,Critical
11979,2024-04-02,2024-04-07,2024-04-10,WH-D,Carrier-3,West,79.1,221.46,Express
11980,2026-02-15,2026-02-18,2026-02-17,WH-D,Carrier-1,North,77.8,92.89,Standard
11981,2025-06-10,2025-06-14,2025-06-20,WH-C,Carrier-3,East,57.5,33.63,Standard
11982,2026-08-13,2026-08-17,2026-08-18,WH-B,Carrier-2,West,3.4,74.26,Critical
11983,2024-01-22,2024-01-24,2024-01-25,WH-B,Carrier-1,North,63.9,129.95,Critical
11984,2025-05-27,2025-06-03,2025-06-11,WH-A,Carrier-3,East,7.9,201.39,Standard
11985,2024-02-10,2024-02-17,2024-02-17,WH-A,Carrier-3,West,11.3,144.75,Standard
11986,2024-06-25,2024-07-03,,WH-D,Carrier-2,West,29.7,86.47,Critical
11987,2024-05-23,2024-05-30,2024-06-05,WH-C,Carrier-1,East,24.0,72.45,Express
11988,2025-12-07,2025-12-13,2025-12-19,WH-A,Carrier-3,South,74.8,116.07,Critical
11989,2024-01-31,2024-02-03,2024-02-02,WH-B,Carrier-1,North,38.6,214.91,Standard
11990,2024-06-11,2024-06-13,2024-06-20,WH-C,Carrier-2,West,51.1,83.42,Express
11991,2026-07-19,2026-07-22,2026-07-24,WH-D,Carrier-1,West,33.7,47.04,Critical
11992,2024-09-20,2024-09-24,2024-09-23,WH-D,Carrier-3,East,14.5,103.27,Standard
11993,2025-05-02,2025-05-10,2025-05-16,WH-D,Carrier-3,North,5.1,231.16,Critical
11994,2026-07-20,2026-07-25,,WH-A,Carrier-1,West,41.9,103.05,Standard
11995,2025-09-28,2025-10-01,2025-09-29,WH-A,Carrier-2,South,73.8,195.67,Express
11996,2026-03-13,2026-03-20,2026-03-21,WH-C,Carrier-2,East,54.9,40.89,Critical
11997,2026-01-20,2026-01-23,2026-01-25,WH-B,Carrier-3,West,7.3,222.43,Standard
11998,2024-06-27,2024-07-02,2024-07-07,WH-C,Carrier-3,North,5.6,60.73,Critical
11999,2024-04-11,2024-04-19,2024-04-24,WH-B,Carrier-2,East,52.5,196.51,Standard
12000,2025-11-16,2025-11-23,2025-11-27,WH-B,Carrier-3,East,10.8,151.54,Critical
